id,ground_truth,prediction,correct,mask_count,all_predictions,raw_prediction,all_raw_predictions,error
0,decodedCapacity,len,False,2,len|len, len <EOT></s>, len <EOT></s>|len <EOT></s>,
1,canExclude,EOT,False,4,EOT|EOT|boolean|EOT,  <EOT></s>,  <EOT></s>|EOT <EOT></s>|boolean [MASK] <EOT></s>| <EOT></s>,
2,expectedIndexName,MASK,False,4,MASK|MASK|MASK|MASK,"MASK = randomBoolean() ? ""*"" : ""datemath-*"";
        final","MASK = randomBoolean() ? ""*"" : ""datemath-*"";
        final|MASK <EOT></s>|[MASK] <EOT></s>|MASK <EOT></s>",
3,style,MASK,False,61,MASK|MASK|MASK|MASK|actor|MASK|MASK|MASK|MASK|MASK|MASK|MASK|MASK|style|style|MASK|scrollX|MASK|null|Height|scrollbarHeight|scrollbarHeight|scrollbarHeight|}|ector|y||X|the|scrollY|MASK|MinHeight|float|ob|getMinWidth||() {|FadeScrollBars||;||public|}|velocityY|velocity|MASK|MASK|MASK|MASK|MASK|MASK|MASK|MASK|background|other|other|other|other|other|other|other,[MASK]  <EOT></s>,"[MASK]  <EOT></s>|[MASK] ) {
		this(actor, [MASK] .get(|MASK <EOT></s>|MASK ) {
		this(actor,  [MASK ] );
	}|actor == null) throw new IllegalArgumentException(""actor cannot be null."");
		this|[MASK]  cannot be null."");
		this(actor,  [MASK|MASK  =  [MASK] ;
		setActor(actor);
|MASK <EOT></s>|MASK ) {
		if ( [MASK]  == null) throw new Il|[MASK] <EOT></s>|MASK <EOT></s>|MASK <EOT></s>|MASK ;
		invalidateHierarchy();
	}

	public void|style. Modifying the returned  [MASK]  may not have an effect until
	|style <EOT></s>|MASK ;
	}

	/** Sets the actor to scroll.
	 *|scrollX) {
			Drawable hScroll =  [MASK] .hScroll|[MASK] .vScrollKnob.getMinWidth();
			if|!= null) scrollbarWidth =  [MASK] .vScrollKnob.get|Height = 0;
			if ( [MASK] .hScrollKn|) scrollbarHeight =  [MASK] .hScrollKnob.getMinHeight|(scrollbarHeight,  [MASK] .hScroll.getMinHeight());
	|+= scrollbarHeight;
		}
		return height;
	}

|}

	public boolean getFlickScroll () {
		return flickScroll;|ector().setTapSquareSize(halfTapSquareSize);
	}
|y, y + height - actorArea.height);
		scrollY(MathUtils.|
		scrollY(MathUtils.clamp(amountY, 0, maxY|X;
	}

	/** Returns the maximum scroll value in the y direction. */|the y direction. */
	public float getMaxY () {
		return maxY|&& !scrollY) return 0;
		if (scrollX && scrollY)|( [MASK] .hScrollKnob != null) height =  [MASK|MinHeight());
		return height;
	}

	public float getScrollBar|float getScrollBarWidth () {
		if (!scrollY) return 0;
|ob != null) width =  [MASK] .vScrollKnob.getMin|getMinWidth();
		if ( [MASK] .vScroll != null) width|
		this.disableX = x;
		this.disableY = y;|() {
		return disableY;
	}

	/** Sets the scroll|FadeScrollBars () {
		return fadeScrollBars;
	}
|

	public boolean isRightEdge () {
		return !scrollX || amountX|;
	}

	public boolean isTopEdge () {
		return !scroll|
	}

	public boolean isFlickScroll () {
		return flick|public float getVelocityX () {
		return velocityX;
	}
|	}

	public void setVelocityY (float velocityY) {
	|.velocityY = velocityY;
	}

	/** Gets the flick|velocity. */
	public float getVelocityY () {
		return velocityY|[MASK] <EOT></s>|MASK <EOT></s>|MASK <EOT></s>|MASK <EOT></s>|MASK <EOT></s>|MASK <EOT></s>|MASK <EOT></s>|MASK <EOT></s>|.background drawable is drawn first, then the   .corner drawable, then the actor|other) {
			background = other.background;
			corner =|other .background;
			corner =  other .corner;

	|other .corner;
			hScroll =  other .hScroll;
	|other .hScroll;
			hScrollKnob =  other .hScroll|other .hScrollKnob;

			vScroll =  other .v|other .vScroll;
			vScrollKnob =  other .vScroll|other <EOT></s>",
4,methodHandlesLookup,EOT,False,5,EOT|MASK|EOT|MASK|EOT, <EOT></s>," <EOT></s>|[MASK] <EOT></s>|EOT .lookupClass(),
                ""dynamicCast"",
                MethodType.methodType(|MASK <EOT></s>|EOT <EOT></s>",
5,nPredicates,MASK,False,12,MASK|MASK|MASK|MASK|MASK|MASK|MASK|MASK|MASK|MASK|MASK|MASK,[MASK] <EOT></s>,"[MASK] <EOT></s>|[MASK] <EOT></s>|[MASK] <EOT></s>|[MASK] <EOT></s>|[MASK] <EOT></s>|MASK <EOT></s>|MASK <EOT></s>|MASK <EOT></s>|MASK <EOT></s>|MASK
                                                                   <EOT></s>|MASK <EOT></s>|MASK <EOT></s>",
6,status,MASK,False,8,MASK|MASK|MASK|MASK|MASK|MASK|MASK|MASK,[MASK] <EOT></s>,[MASK] <EOT></s>| [MASK] <EOT></s>|[MASK] <EOT></s>|[MASK] <EOT></s>|[MASK] <EOT></s>|[MASK] <EOT></s>|MASK <EOT></s>|MASK <EOT></s>,
7,mockXPackLicenseStatus,mockLicenseState,False,2,mockLicenseState|mockLicenseState,"mockLicenseState = new XPackLicenseState(currentTime::get, ","mockLicenseState = new XPackLicenseState(currentTime::get, |mockLicenseState);

        assertThat(
            TransportPutTrainedModelAction",
8,typeClsFullName,fullName,False,2,fullName|fullName, fullName <EOT></s>, fullName <EOT></s>|fullName <EOT></s>,
9,bytes,MASK,False,8,MASK|MASK|MASK|MASK|MASK|MASK|MASK|MASK,[MASK] <EOT></s>,"[MASK] <EOT></s>|MASK <EOT></s>|MASK \"":[1,2]}"");
	}

	@Test
	|[MASK] <EOT></s>|MASK <EOT></s>|MASK <EOT></s>|MASK <EOT></s>|MASK <EOT></s>",
10,restoreId,restoreUUID,False,3,restoreUUID|MASK|restoreUUID,restoreUUID <EOT></s>,"restoreUUID <EOT></s>|[MASK] <EOT></s>|  restoreUUID,
                                indexId,
                                snapshot <EOT></s>",
11,context,context,True,3,context|MASK|context,context <EOT></s>,context <EOT></s>|[MASK] <EOT></s>|context <EOT></s>,
12,cache,MASK,False,20,MASK|MASK|MASK|MASK|MASK|MASK|MASK|a|MASK|MASK|MASK|MASK|MASK|MASK|MASK|MASK|MASK|MASK|MASK|MASK,[MASK] <EOT></s>,"[MASK] <EOT></s>|[MASK] <EOT></s>|[MASK] <EOT></s>|MASK <EOT></s>|MASK <EOT></s>|[MASK] .CacheBuilder;
import com.google.common.  [MASK|MASK .CacheBuilder;
import com.google.common. MASK .CacheLoader|a cache that never stores anything.
 *
 * <p>This test is not a part|[MASK] <EOT></s>|[MASK] <EOT></s>|MASK );
  }

  public void testGet_expireAfterWrite_null|[MASK] <EOT></s>|MASK <EOT></s>|MASK <EOT></s>|MASK <EOT></s>|[MASK] <EOT></s>|MASK );
  }

  public void testGet_refresh() {
    Object|MASK <EOT></s>|MASK .getUnchecked(new Object()));

    assertThat(listener.isEmpty()).|MASK <EOT></s>",
13,relativePath,MASK,False,3,MASK|MASK|MASK,  [MASK] <EOT></s>,"  [MASK] <EOT></s>|MASK
        .hashCode();
    int rootResult = rootPath
        .hash|MASK <EOT></s>",
14,queryBuilder,queryBuilder,True,2,queryBuilder|queryBuilder,"    queryBuilder
               <EOT></s>","    queryBuilder
               <EOT></s>|queryBuilder <EOT></s>",
15,printer,printer,True,2,printer|printer,"printer) {
    printer.append(""<output file target "" + getLabel() + ""","printer) {
    printer.append(""<output file target "" + getLabel() + ""|printer
          <EOT></s>",
16,sourceBitmapConfig,config,False,3,config|config|config,  config  <EOT></s>,  config  <EOT></s>|  config <EOT></s>|config <EOT></s>,
17,millis,MASK,False,6,MASK|MASK|MASK|MASK|MASK|MASK,[MASK] <EOT></s>,[MASK] <EOT></s>|MASK <EOT></s>|MASK <EOT></s>|[MASK] <EOT></s>|MASK <EOT></s>|MASK <EOT></s>,
18,numShards,numShards,True,2,numShards|numShards,numShards <EOT></s>,"numShards <EOT></s>|numShards);
        assertTrue(
            ""valuesPerShard: "" + values",
19,fullSchedule,MASK,False,6,MASK|MASK|MASK|MASK|MASK|MASK,[MASK] <EOT></s>,"[MASK] <EOT></s>|[MASK] <EOT></s>|MASK .addAll(backPointers.getUpdates());
            }
        }|[MASK] <EOT></s>|MASK .addAll(pointerUpdates.get(missingId).getUpdates());
|MASK <EOT></s>",
20,match,EOT,False,5,EOT|MASK|EOT|EOT|judgmentScore, <EOT></s>," <EOT></s>|[MASK]  <EOT></s>|EOT <EOT></s>|EOT <EOT></s>|judgmentScore = 100;
                    newRecon.judgment <EOT></s>",
21,sectionLength,MASK,False,17,MASK|MASK|MASK|MASK|MASK|MASK|MASK|MASK|MASK|MASK|MASK|MASK|MASK|MASK|MASK|MASK|MASK,[MASK] <EOT></s>,[MASK] <EOT></s>|[MASK]  <EOT></s>|[MASK] <EOT></s>|MASK <EOT></s>|MASK <EOT></s>|[MASK] <EOT></s>|MASK <EOT></s>|MASK <EOT></s>|[MASK] <EOT></s>|[MASK] <EOT></s>|[MASK] <EOT></s>|[MASK] <EOT></s>|MASK <EOT></s>|MASK <EOT></s>|MASK  <EOT></s>|MASK <EOT></s>|MASK <EOT></s>,
22,status,status,True,3,status|status|Status,status <EOT></s>,status <EOT></s>|status <EOT></s>|Status.IS_LAST <EOT></s>,
23,fooAbs,rootAbs,False,3,rootAbs|rootAbs|rootAbs,"rootAbs = create(""/"");
    assertThat(fooBarWizAbs.get","rootAbs = create(""/"");
    assertThat(fooBarWizAbs.get|rootAbs);
    assertThat(rootAbs.getParentDirectory()).isNull();|rootAbs <EOT></s>",
24,request,request,True,2,request|request,request <EOT></s>,request <EOT></s>|request <EOT></s>,
25,requestUrl,EOT,False,4,EOT|EOT|EOT|EOT, <EOT></s>, <EOT></s>|EOT <EOT></s>|EOT <EOT></s>|EOT <EOT></s>,
26,cmcdConfigurationFactory,MASK,False,6,MASK|MASK|MASK|MASK|EOT|MASK,[MASK]  <EOT></s>,"[MASK]  <EOT></s>|MASK <EOT></s>|MASK <EOT></s>|MASK ,
              ""HlsMediaSource.Factory#setCmcdConfigurationFactory no| <EOT></s>|MASK  <EOT></s>",
27,formatBuilder,MASK,False,34,MASK|MASK|MASK|MASK|MASK|MASK|MASK|MASK|MASK|MASK|MASK|MASK|MASK|MASK|MASK|MASK|The|MASK|MASK|MASK|MASK|MASK|MASK|MASK|MASK|MASK|MASK|MASK|MASK|MASK|MASK|MASK|MASK|MASK,[MASK] <EOT></s>,"[MASK] <EOT></s>|[MASK] .setAverageBitrate(mediaDescription.bitrate);
    }|[MASK] .setSampleMimeType(mimeType);

    int clock| [MASK] <EOT></s>| [MASK] <EOT></s>|[MASK] <EOT></s>|[MASK] <EOT></s>|[MASK] <EOT></s>|[MASK] <EOT></s>|MASK <EOT></s>|[MASK] <EOT></s>|[MASK] <EOT></s>|[MASK] <EOT></s>|MASK <EOT></s>|[MASK] <EOT></s>|[MASK] <EOT></s>|// The RTP timestamp is incremented with a 90000 Hz clock rate|[MASK] <EOT></s>|[MASK] <EOT></s>|[MASK] <EOT></s>|MASK <EOT></s>|MASK <EOT></s>|[MASK] <EOT></s>|[MASK] <EOT></s>|[MASK] <EOT></s>|[MASK] <EOT></s>|[MASK] <EOT></s>|[MASK] <EOT></s>|MASK <EOT></s>|MASK <EOT></s>|[MASK] <EOT></s>|[MASK] <EOT></s>|MASK <EOT></s>|MASK <EOT></s>",
28,desktopServicesStore,MASK,False,6,MASK|MASK|MASK|MASK|MASK|MASK,MASK <EOT></s>,MASK <EOT></s>|MASK <EOT></s>|[MASK] <EOT></s>|MASK <EOT></s>|MASK <EOT></s>|MASK <EOT></s>,
29,roles,EOT,False,3,EOT|EOT|EOT,    <EOT></s>,"    <EOT></s>|EOT.stream()
            <EOT></s>|EOT <EOT></s>",
30,wasPanning,handled,False,2,handled|panning,"handled = listener.touchUp(x, y, pointer, button);

		","handled = listener.touchUp(x, y, pointer, button);

		|panning <EOT></s>",
31,delimiter,MASK,False,4,MASK|MASK|MASK|MASK,[MASK] <EOT></s>,[MASK] <EOT></s>|MASK <EOT></s>|MASK <EOT></s>|MASK <EOT></s>,
32,events,EOT,False,4,EOT|final|EOT|EOT,                 <EOT></s>,"                 <EOT></s>|  final List<String> MASK = CapturingLogger.mask(EOT, Level|EOT, hasSize(1));
        assertThat(EOT.get(0),|EOT.get(0), containsString(""does not exist""));
        assertThat( E",
33,clientId,clientId,True,2,clientId|clientId,clientId    <EOT></s>,clientId    <EOT></s>|clientId <EOT></s>,
34,integer,MASK,False,10,MASK|MASK|MASK|MASK|MASK|MASK|MASK|MASK|MASK|MASK,[MASK] <EOT></s>,"[MASK] <EOT></s>|[MASK] <EOT></s>|MASK <EOT></s>|[MASK] <EOT></s>|[MASK] <EOT></s>|MASK <EOT></s>|MASK <EOT></s>|MASK .get()] = result.getDocCount();
            },
                new A|MASK <EOT></s>|MASK <EOT></s>",
35,drmEventDispatcher,drmEventDispatcher,True,2,drmEventDispatcher|drmEventDispatcher,drmEventDispatcher  <EOT></s>,"drmEventDispatcher  <EOT></s>|drmEventDispatcher,
        mediaItem,
        localConfiguration,
        liveConfiguration,",
36,toExcluded,MASK,False,10,MASK|MASK|MASK|MASK|MASK|MASK|MASK|MASK|MASK|MASK,[MASK] <EOT></s>,"[MASK] <EOT></s>|[MASK] <EOT></s>|[MASK] <EOT></s>|MASK );
        }

        // Each encoded byte takes 3 characters (e.|MASK <EOT></s>|MASK , isPath, buf, charBuf, charBufIdx);
   |[MASK ] <EOT></s>|MASK <EOT></s>|MASK <EOT></s>|MASK  <EOT></s>",
37,configurations,MASK,False,6,MASK|MASK|MASK|MASK|MASK|MASK,[MASK] <EOT></s>,[MASK] <EOT></s>|[MASK]  <EOT></s>|[MASK] <EOT></s>|MASK <EOT></s>|MASK <EOT></s>|MASK <EOT></s>,
38,unicharsRead,MASK,False,6,MASK|MASK|MASK|MASK|MASK|MASK,[MASK] <EOT></s>,[MASK] <EOT></s>|[MASK] <EOT></s>|MASK <EOT></s>|MASK <EOT></s>|MASK <EOT></s>|MASK <EOT></s>,
39,mediaEncoding,MASK,False,9,MASK|MASK|mediaDescription|MASK|MASK|MASK|MASK|MASK|MASK,[MASK]  <EOT></s>,"[MASK]  <EOT></s>|MASK <EOT></s>|mediaDescription.rtpMapAttribute.encodingName <EOT></s>|[MASK] <EOT></s>| [MASK] <EOT></s>| MASK <EOT></s>|MASK );
  }

  /**
   * Returns the number of channels for the|MASK <EOT></s>|MASK <EOT></s>",
40,status,EOT,False,4,EOT|status|EOT|EOT,     <EOT></s>,     <EOT></s>|status <EOT></s>|EOT <EOT></s>|EOT <EOT></s>,
41,semanticVersion,EOT,False,4,EOT|EOT|MASK|MASK, <EOT></s>," <EOT></s>|EOT.equals(""-SNAPSHOT"") <EOT></s>|[MASK] <EOT></s>|MASK <EOT></s>",
42,newReceiverNodes,newReceiverNodes,True,3,newReceiverNodes|newReceiverNodes|newReceiverNodes,newReceiverNodes <EOT></s>,newReceiverNodes <EOT></s>|newReceiverNodes <EOT></s>|newReceiverNodes <EOT></s>,
43,serviceTimeEWMA,MASK,False,4,MASK|nodeServiceTime|responseDuration|MASK,[MASK] <EOT></s>,"[MASK] <EOT></s>|nodeServiceTime <EOT></s>|responseDuration <EOT></s>|MASK);
            }
        }
        delegate.onResponse(response);
   ",
44,lexer,lexer,True,29,lexer|lexer|MASK|lexer|lexer|MASK|MASK|MASK|MASK|MASK|MASK|lexer|lexer|parser|MASK|lexer|lexer|MASK|MASK|lexer|lexer|MASK|lexer|lexer|lexer|MASK|lexer|lexer|lexer,lexer <EOT></s>,"lexer <EOT></s>|lexer.isEnabled(Feature.SupportNonStandardTypicalPropertyAccess)) {
            return|[MASK] <EOT></s>|lexer <EOT></s>|lexer <EOT></s>|[MASK] <EOT></s>|[MASK] <EOT></s>|MASK <EOT></s>|MASK <EOT></s>|[MASK] <EOT></s>|[MASK] <EOT></s>|lexer .matchStat == JSONLexerBase.NOT_MATCH) {
               |lexer .matchStat != JSONLexerBase.END) {
                restFlag =|parser, childContext, data.media.Image.Size.class, ""size"" , size|MASK .matchStat > 0) {
                _asm_flag_0 |=|lexer .matchStat == JSONLexerBase.NOT_MATCH) {
               |lexer .matchStat != JSONLexerBase.END) {
                restFlag =|[MASK] <EOT></s>|MASK .matchStat > 0) {
                _asm_flag_0 |=|lexer .matchStat == JSONLexerBase.NOT_MATCH) {
               |lexer .matchStat != JSONLexerBase.END) {
                restFlag =|MASK <EOT></s>|lexer .matchStat > 0) {
                _asm_flag_0 |=|lexer .matchStat == JSONLexerBase.NOT_MATCH) {
               |lexer .matchStat == JSONLexerBase.END) {
                endFlag =|MASK <EOT></s>|lexer <EOT></s>|lexer <EOT></s>|lexer <EOT></s>",
45,context,watch,False,4,watch|watch|MASK|MASK,"watch, Payload payload, HttpRequestAttachment attachment) throws IOException {
        return toAtt","watch, Payload payload, HttpRequestAttachment attachment) throws IOException {
        return toAtt|watch <EOT></s>|  [MASK] <EOT></s>|MASK <EOT></s>",
46,paths,MASK,False,10,MASK|MASK|MASK|MASK|MASK|MASK|MASK|MASK|MASK|MASK,[MASK] <EOT></s>,"[MASK] <EOT></s>|[MASK] _get_error;
    private static      Class<?>  [MA|[MASK] _get == null && !method_ [MASK] _get_error|MASK <EOT></s>|         [MASK] <EOT></s>|MASK <EOT></s>|MASK  <EOT></s>|MASK <EOT></s>|MASK <EOT></s>|MASK _get_error = true;
                } catch (IllegalAccessException ex)",
47,builder,MASK,False,3,MASK|builder|MASK,[MASK] <EOT></s>,[MASK] <EOT></s>|builder <EOT></s>|MASK <EOT></s>,
48,consumer,validator,False,2,validator|validator,"validator = (map) -> {};

        // WHEN creating an affix updater
","validator = (map) -> {};

        // WHEN creating an affix updater
|validator);

        // THEN affix updater is always expected to have changed (even",
49,response,response,True,2,response|response,response <EOT></s>,response <EOT></s>|response <EOT></s>,
50,parsed,builder,False,2,builder|builder,builder <EOT></s>,builder <EOT></s>|builder <EOT></s>,
51,useKeyAsProperty,MASK,False,14,MASK|MASK|MASK|MASK|MASK|Class|public|MASK|MASK|MASK|MASK|MASK|MASK|MASK,[MASK] <EOT></s>,"[MASK] <EOT></s>|[MASK] <EOT></s>|MASK <EOT></s>|[MASK] <EOT></s>|MASK <EOT></s>|Class) {
            this.interfaceClass = interfaceClass;
        }

        @|public void setFilter(String filter) {
            this.filter = filter;
        }|[MASK]  = ""default"" <EOT></s>|MASK <EOT></s>|MASK  = true)
        public String getKey2() {
            return key;|MASK <EOT></s>|MASK <EOT></s>|MASK <EOT></s>|MASK <EOT></s>",
52,forwardButton,MASK,False,3,MASK|MASK|MASK,[MASK]  = null <EOT></s>,[MASK]  = null <EOT></s>|MASK <EOT></s>|MASK <EOT></s>,
53,random,MASK,False,6,MASK|MASK|EOT|MASK|MASK|MASK,[MASK] <EOT></s>,"[MASK] <EOT></s>|MASK = 0xFF;

  public static int <EOT></s>| <EOT></s>|[MASK] <EOT></s>|MASK <EOT></s>|MASK <EOT></s>",
54,observer,downstream,False,2,downstream|downstream, downstream <EOT></s>, downstream <EOT></s>|downstream <EOT></s>,
55,valueBlock,MASK,False,23,MASK|page|MASK|MASK|MASK|valueVector|MASK|MASK|MASK|MASK|MASK|MASK|MASK|MASK|MASK|MASK|MASK|MASK|MASK|MASK|MASK|MASK|MASK,[MASK] <EOT></s>,"[MASK] <EOT></s>|page.getBlock(channels.get(1))
        <EOT></s>|[MASK] <EOT></s>|[MASK] <EOT></s>|MASK <EOT></s>|valueVector);
        }

        @Override
        public void close() {
       |[MASK] <EOT></s>|MASK <EOT></s>|MASK .getFirstValueIndex(valuesPosition);
        int valueEnd = valueStart +|MASK <EOT></s>|MASK <EOT></s>|MASK <EOT></s>|MASK <EOT></s>|MASK .getFirstValueIndex(valuesPosition);
        int valueEnd = valueStart +|MASK .getValueCount(valuesPosition);
        for (int valueOffset = valueStart;|MASK <EOT></s>|MASK <EOT></s>|MASK <EOT></s>|MASK <EOT></s>|MASK <EOT></s>|MASK <EOT></s>|MASK <EOT></s>|MASK .mayHaveNulls()) {
      state.enableGroupIdTracking(seen",
56,calendars,"010 04 01"",",False,26,"010 04 01"",|dddddd|fp|122334456000000"", ""201|:34.456"",|ISOEra|T07|T07|T07|T07|Z|y|i|i|null|fmt1||msg||in|data|e5EEEE|SimpleDateFormat|cal|COND|0);","010 04 01"",
            ""0000000","010 04 01"",
            ""0000000|dddddd"", ""fp"", ""2010 04 01"",
|"", ""fp"", ""2010-04-16 12:2|122334456000000"", ""201|:34.456"",

                ""yyyyyyyMMddHHHHHH|ISOEra() {
        String DATA[] = {
                ""Gy"",
|00"", ""4004-10-23T07:00|-10-23T07:00:00Z"",
        ""|4-10-23T07:00:00Z"", ""-4|4004-10-23T07:00:00Z|0:00Z""   , ""AD 4004-10-2|y-MM-dd'T'HH:mm:ss'Z'"", new Locale|0; i < numData; i++) {
            String input = data[i];|[i];

            // parse input string
            ParsePosition pos = new ParsePosition(|= null;
            try
            {
                dt1 = fmt1.parse(in|= fmt1.format(dt1);

            // compare output
            if (!out|

            // compare output to input
            if (!out.equals(data[i+|msg = ""FAIL: "" + in + "" -> "" + out;
            if (!|
            {
                errln(""FAIL: expected "" + expected + "", got ""|: "" + in + "" -> "" + out + "" (expected "" + expected + "")"");|[][] data = {
            {""2010-01-01"", ""|e5EEEE"";
        String data[] = {
            ""2010\|SimpleDateFormat fmt1 = new SimpleDateFormat(pattern, override, ULocale.CHINESE|cal = Calendar.getInstance(TimeZone.getTimeZone(""GMT""), ULocale.|COND);
        cal.set(2010, Calendar.JANUARY|0);
        Date date = cal.getTime();

        String out = sdf",
57,serviceKey,MASK,False,4,MASK|MASK|MASK|MASK,[MASK] <EOT></s>,[MASK] <EOT></s>|MASK <EOT></s>|MASK <EOT></s>|MASK <EOT></s>,
58,FAIL_STR,length,False,3,length||DateFormat,"length; i++) {
            SimpleDateFormat sdf = new SimpleDateFormat(patterns[i","length; i++) {
            SimpleDateFormat sdf = new SimpleDateFormat(patterns[i|
                        acit.next();
                    }
                } else {
                   |(DateFormat.Field)keyIterator.next();
                        if (attr != DateFormat.",
59,currentOffset,bootstrapMethodsOffset,False,8,bootstrapMethodsOffset|bootstrapMethodsOffset|bootstrapMethodsOffset|int|bootstrapMethodsOffset|EOT|bootstrapMethodsOffset|bootstrapMethodsOffset,bootstrapMethodsOffset <EOT></s>,"bootstrapMethodsOffset <EOT></s>|bootstrapMethodsOffset;
        int bootstrapMethodLength = classReader.readInt(bootstrapMethodsOffset|bootstrapMethodsOffset  );
         [MASK]  += 2;
        int num|int numBootstrapArguments = classReader.readUnsignedShort( bootstrapMethodsOffset + 2|bootstrapMethodsOffset <EOT></s>| <EOT></s>|bootstrapMethodsOffset );
           bootstrapMethodsOffset  += 2;
          hashCode ^=| bootstrapMethodsOffset  += 2;
          hashCode ^= classReader.readConst",
60,updateDoc,updateDoc,True,3,updateDoc|updateDoc|updateDoc,updateDoc <EOT></s>,"updateDoc <EOT></s>|updateDoc.setJsonEntity(""{\""doc\"":{\""name\"":\""test\""}}"");|updateDoc <EOT></s>",
61,dataStream,MASK,False,21,MASK|MASK|MASK|MASK|MASK|MASK|MASK|MASK|MASK|MASK|MASK|MASK|MASK|MASK|MASK|MASK|settings|MASK|MASK|MASK|MASK,[MASK] <EOT></s>,"[MASK] <EOT></s>|[MASK] <EOT></s>|[MASK] <EOT></s>|MASK <EOT></s>|MASK <EOT></s>|[MASK] <EOT></s>|MASK <EOT></s>|MASK <EOT></s>|MASK <EOT></s>|MASK <EOT></s>|MASK <EOT></s>|MASK <EOT></s>|[MASK] <EOT></s>|MASK <EOT></s>|MASK <EOT></s>|MASK <EOT></s>|settings(Settings.builder().put(IndexMetadata.SETTING_NUMBER_OF_SH|MASK, int numDocs) {
        BulkRequest bulkRequest = new Bulk|MASK <EOT></s>|MASK + ""-"" <EOT></s>|MASK )).actionGet();
    }

    void indexDocs(Client client",
62,delegateHandler,MASK,False,3,MASK|MASK|MASK,[MASK] <EOT></s>,"[MASK] <EOT></s>|MASK
                    <EOT></s>|MASK <EOT></s>",
63,responseDuration,EOT,False,2,EOT|EOT, <EOT></s>, <EOT></s>|EOT <EOT></s>,
64,tokenStream,tokenStream,True,2,tokenStream|tokenStream,tokenStream <EOT></s>,tokenStream <EOT></s>|tokenStream <EOT></s>,
65,transformState,prevState,False,2,prevState|prevState,prevState <EOT></s>,"prevState <EOT></s>|prevState);
    }

    @Override
    protected ClusterState add(Res",
66,runMode,runMode,True,2,runMode|tuple,"runMode) {
        if (fileName == null) {
            showError(""No test","runMode) {
        if (fileName == null) {
            showError(""No test|tuple.format != null && tuple.output != null
                           <EOT></s>",
67,screenX,screenX,True,2,screenX|screenX, screenX <EOT></s>, screenX <EOT></s>|screenX <EOT></s>,
68,yValUncast,yValUncast,True,9,yValUncast|yValUncast|yValUncast|yValUncast|yValUncast|yValUncast|yValUncast|yValUncast|yValUncast,"yValUncast = page.getBlock(channels.get(2));
    if","yValUncast = page.getBlock(channels.get(2));
    if|yValUncast.areAllValuesNull()) {
      return;
    }
   |yValUncast  ).asVector();
    Block yDelUncast = page.get|yValUncast  = page.getBlock(channels.get(2));
   |yValUncast .areAllValuesNull()) {
      return;
    }
   |yValUncast <EOT></s>|yValUncast  = page.getBlock(channels.get(2));
   |yValUncast <EOT></s>|yValUncast <EOT></s>",
69,stBuilder,significantTerms,False,3,significantTerms|significantTerms|significantTerms,significantTerms <EOT></s>,significantTerms <EOT></s>|  significantTerms <EOT></s>|significantTerms <EOT></s>,
70,userAgent,MASK,False,11,MASK|MASK|MASK|MASK|MASK|MASK|MASK|MASK|MASK|headers|scribejava,[MASK] <EOT></s>,"[MASK] <EOT></s>|[MASK] <EOT></s>|[MASK] <EOT></s>|MASK <EOT></s>|[MASK] <EOT></s>|MASK <EOT></s>|MASK <EOT></s>|MASK <EOT></s>|MASK <EOT></s>|headers.get(OAuthConstants.USER_AGENT_HEADER_NAME) <EOT></s>|""scribejava"");
        }

        if (headersBuilder.contentType() == null",
71,policy,MASK,False,63,MASK|MASK|MASK|MASK|MASK|MASK|MASK|MASK|MASK|MASK|MASK|MASK|MASK|MASK|MASK|MASK|MASK|MASK|MASK|MASK|MASK|MASK|MASK|MASK|MASK|MASK|{|Snapshots||the|private|nable|empted|e||MASK|MASK|MASK|MASK|;|MASK|MASK|MASK|MASK|MASK|MASK|MASK|MASK|MASK|MASK|MASK|MASK|MASK|MASK|EOT|MASK|MASK|MASK|MASK|MASK|MASK|MASK|TEST_REQUEST_TIMEOUT,"[MASK] Name = ""test- [MASK] "";

        internalCluster","[MASK] Name = ""test- [MASK] "";

        internalCluster|[MASK] <EOT></s>|[MASK] Name, ""snap"", NEVER_EXECUTE_CRON_|[MASK] <EOT></s>|[MASK] <EOT></s>|MASK <EOT></s>|MASK <EOT></s>|MASK Name, 2, 0, 0);
            assertRegistered( M|MASK Name, List.of(snapshotA, snapshotB));
        }, 1|MASK Name = ""test- [MASK] "";

        internalCluster().start|MASK "";

        internalCluster().startMasterOnlyNodes(1);
        final|MASK Name, ""snap"", NEVER_EXECUTE_CRON_SCH|MASK Name);
        logger.info(""Created snapshot: "" + snapshotName);

|MASK Name, 1, 0, 0);
            assertRegistered( M|MASK Name, List.of());
        }, 1, TimeUnit.MINUTES|MASK Name = ""test- MASK "";

        internalCluster().startMaster|MASK "";

        internalCluster().startMasterOnlyNodes(1);
        final|MASK Name, ""snap"", NEVER_EXECUTE_CRON_SCH|MASK Name);
        logger.info(""Created snapshot: "" + snapshotName);

|MASK Name, 0, 0, 0);
            assertRegistered( M|MASK Name, List.of(snapshotName));
        }, 1, TimeUnit|MASK <EOT></s>|MASK Name, 1, 1, 1);
            assertRegistered( M|MASK Name, List.of());
        }, 1, TimeUnit.MINUTES|MASK Name = ""test- MASK "";

        internalCluster().startMaster|MASK "";

        internalCluster().startMasterOnlyNodes(1);
        final|{
        assertBusy(() -> {
            SnapshotsStatusResponse snapshots|Snapshots().get(0);
                assertThat(status.getState(), equal|

    private void createRepository(String repoName, String repoType) {
        Put|the snapshot finalize,
     * but before the SLM callback is called.
     */|       private final CountDownLatch finalizeLatch = new CountDownLatch(1);|nable will then call latch2.countDown() which will allow the test thread to continue|empted.
                    // This is enough time for the runnable to be called.|(e);
                }
            };
        }

        void awaitAndRun(|
        }

        void awaitAndRun(Runnable runnable) throws Interrupted|[MASK] Name, ""snap"", NEVER_EXECUTE_CRON_|MASK <EOT></s>|MASK Name, 0, 0, 0);
            assertRegistered( M|MASK Name = ""test- MASK "";

        internalCluster().startMaster|"";

        internalCluster().startMasterOnlyNodes(1);
        final String master|MASK Name, ""snap"", NEVER_EXECUTE_CRON_SCH|MASK Name);

        // restart snapshot after snapshot finalize, but before SLM callback|MASK Name, 0, 0, 0);
        }, 1, Time|[MASK] <EOT></s>|MASK <EOT></s>|MASK <EOT></s>|[MASK] <EOT></s>|MASK <EOT></s>|MASK <EOT></s>|[MASK] <EOT></s>|MASK <EOT></s>|MASK <EOT></s>|[MASK] <EOT></s>|MASK <EOT></s>|  <EOT></s>|MASK <EOT></s>|MASK 
        );
        try {
            client().execute(PutSnapshotLifecycle|[MASK]  <EOT></s>|"" +  [MASK]  + "" got: "" + e);
        }
|MASK  + "" got: "" + e);
        }
    }

   |MASK  <EOT></s>|MASK <EOT></s>|TEST_REQUEST_TIMEOUT,
             MASK <EOT></s>",
72,width,width,True,12,width|MASK|MASK|MASK|MASK|MASK|MASK|MASK|MASK|MASK|MASK|MASK,width <EOT></s>,width <EOT></s>|[MASK] <EOT></s>|[MASK] <EOT></s>|[MASK] <EOT></s>|MASK <EOT></s>|MASK <EOT></s>|[MASK] <EOT></s>|MASK <EOT></s>|[MASK] <EOT></s>|MASK  <EOT></s>|MASK <EOT></s>|MASK <EOT></s>,
73,colors,colors,True,9,colors|MASK|MASK|MASK|MASK|MASK|MASK|for|MASK,"colors
        <EOT></s>","colors
        <EOT></s>|[MASK] <EOT></s>|[MASK] <EOT></s>|[MASK] .add(c);

        for (int c : ColorTemplate.|MASK .add(c);

        for (int c : ColorTemplate.LIBER|MASK .add(c);

        for (int c : ColorTemplate.PAST|MASK .add(c);

        for (int c : ColorTemplate.LIBER|for (int c : ColorTemplate.LIBERTY_COLORS)
             MASK|MASK );

        // add a lot of colors
        ArrayList<Integer> colors =",
74,extension,MASK,False,13,MASK|MASK|MASK|MASK|MASK|MASK|MASK|MASK|MASK|MASK|temp|MASK|extension,[MASK] <EOT></s>,"[MASK] <EOT></s>|[MASK] <EOT></s>|MASK <EOT></s>|MASK <EOT></s>|MASK  <EOT></s>|[MASK] <EOT></s>|MASK <EOT></s>|MASK <EOT></s>|MASK <EOT></s>|MASK <EOT></s>|"".temp"" : """");
    // (isTemp ?  [MASK] <EOT></s>|MASK <EOT></s>|extension() <EOT></s>",
75,credentials,credentials,True,4,credentials|credentials|credentials|credentials,"credentials =
        RemoteModule.createCredentials(
            CredentialHelperEnvironment.new","credentials =
        RemoteModule.createCredentials(
            CredentialHelperEnvironment.new|credentials.getUsername()).isEqualTo(""baruser"");
    assertThat(credentials|credentials.getUsername()).isEqualTo(""baruser"");
    assertThat(credentials|credentials .getRequestMetadata(URI.create(""https://bar.example.org""))).",
76,missingKeys,missingKeys,True,2,missingKeys|missingKeys,missingKeys <EOT></s>,"missingKeys <EOT></s>|missingKeys, 10), enqueueingKeyForExistenceCheck));
      }
",
77,field,and,False,48,"and|DateFormats|Test|H|PDT|PDT|T|PST|04 03 03:30"", ""2005/4/|y|PST|PDT|January|pm|);|);|try|1970 10 01 0:00:00"",|0:00"",|1970 03 01 0:00:00"",|()|());|Style|rln||if|FAIL|}|s1|Tokyo|cal|ARY|}|u8FB0|dangi|/2012"",                 ""4/2/2012"",|,                       ""5/1/2012"" ),|en|x29|uC77C|uC77C|uC9C4|uC784|D4|String|noon|in|noon","and minutes.
         *
         * Note: the TimeZone.getDefault() is used","and minutes.
         *
         * Note: the TimeZone.getDefault() is used|DateFormats are serializable.
     */
    @Test
    public void TestSerial|   @Test
    public void TestGeneral() {
        DateFormat df = DateFormat.|H:mm:ss.SSS zzz"",
            ""1997 0|5 04 03 03:30 PDT"", ""200|""2005 04 03 03:30 PDT"",|T"",
            ""y/M/d H:mm v"", ""pf"", ""2|005 04 03 01:30 PST"", ""2|04 03 03:30"", ""2005/4/|y/M/d H:mm zzz"", ""pf"", ""2005/|30 1:30 PST"",
            ""y/M/d H:|1:30 PDT"",
            //""y/M/d H:mm|1970"", ""January 1, 1970"", null,|00 pm January 1, 1997"",
                ""3:00|);

        f.setTimeZone(TimeZone.getTimeZone(""GMT""));|"");
        }

        DateFormatSymbols dfs = f.getDateFormatSymbols|           try {
                fmt.toLocalizedPattern();
                errln(""whoops|""1970 10 01 0:00:00"",|0:00"",

            ""LLL"", ""fp"", ""1970|""1970 03 01 0:00:00"",|()
                            + ""\n Expected result="" + calendars[i].getTime|());
                }
            }
        }
    }

    /*
     *|Style "" + dateStyle);
                }

                // check that timeStr is in date|rln(""relative date string: "" + dateStr);
                    errln(""relative|
                // check that timeStr is in dateTimeStr
                if ( dateTimeStr.|if ( dateTimeStr.toString().indexOf( timeStr.toString() ) < 0 )|(""FAIL: begin index of minutes string is "" + fp.getBeginIndex() +|}

    @Test
    public void TestFormatToCharacterIterator() {
        //|s1, s2, s3, s4, s5, s6, s7|Tokyo"");
        Calendar cal = Calendar.getInstance(tz, ULocale.US|cal.set(2010, Calendar.JANUARY, 1, |ARY, 1, 0, 0, 0);
        d1 = g|}
        }

        ChineseDateFormatSymbolItem[] items = {
            new ChineseDateFormat|\u8FB0\u5E74\u4E94\u6|=dangi"",        DateFormat.SHORT, ""3/2/201|/2012"",                 ""4/2/2012"",                       ""|"",                       ""5/1/2012"" ),
            new MonthPatternItem|en@calendar=dangi"",        -3,               ""3bis/2/2|x29-4bis-2"",                 ""78x29-5-2|4\uC77C\uC6B0\uC77C\|\uC77C 2"", ""\uC784\uC9C|84\uC9C4\uB144 \uC724|                                               ""\uC784\uC9C4\uB14|D4 1\uC77C"" ),
            new MonthPatternItem( ""|String fmt) {
                localeID = loc;
                style = styl;
               |13 00:00 noon"", k120000, s|0:37 in the afternoon"", k003700, sdf.parse|-11-13 12:00 noon"", k1200",
78,streamedBucket,readBucket,False,4,readBucket|readBucket|MASK|MASK,readBucket <EOT></s>,"readBucket <EOT></s>|readBucket.getKeyAsString()));
        assertThat(originalBucket.|[MASK] <EOT></s>|MASK <EOT></s>",
79,parsed,Argentina,False,25,"Argentina|Argentina|dateLook|df|1, 12, 34, 56);|locNoKeywords|ters|for|null|800""),||FB0|EC|E74|2"",|result||noon|MASK|MASK|midnight|parsed|parsed|MASK|used","Argentina/Buenos_Aires"", ""2004-07-","Argentina/Buenos_Aires"", ""2004-07-|Argentina/Buenos_Aires"", ""2004-07-|(dateLook, timeLook, Locale.US);
                    try {
                       |+ "" "" + df.toPattern();
                    try {
                        Date d =|1, 12, 34, 56);
        Date date = cal|locNoKeywords);
            if (df instanceof SimpleDateFormat) {
                formatters[|ters[1] = null;
            }

            // DateFormat constructor with locale and|for (int j = 0; j < formatters.length; j++) {
               |== null) {
                        expected = tmp;
                    } else if (!expected.|800""),
            new ParseTestData(""yyyy-MM-dd HH:mm|
            new ParseTestData(""yyyy-MM-dd HH:mm:ss ZZ|8FB0-4bis-2"",
                                                                                ""\u58EC|EC\u8FB0-\u4E945-2"" ),
            new|5E74\u56DB\u6708\u521|2"",
                                                                                ""\u58EC\u8FB0 \u|"" + result);
            } else {
                logln(""formatted results match! -|
        }
    }

    @Test
    public void TestParseMultiPatternMatch|-13 00:00 noon"", k120000,|[MASK] <EOT></s>|[MASK] <EOT></s>|""midnight"" or ""noon"" is  [MASK]  with a 1|parsed
        // as if the day period were ""in the morning"".
        sdf|parsed <EOT></s>|MASK <EOT></s>|used with a 24-hour time, it's parsed as 12:0",
80,hasPostings,MASK,False,4,MASK|MASK|MASK|hasFreqs,[MASK] <EOT></s>,"[MASK] <EOT></s>|MASK |= fi.getIndexOptions() != IndexOptions.NONE;
                   |MASK <EOT></s>|hasFreqs() {
            return filteredHasFreq;
        }

       ",
81,array,MASK,False,14,MASK|MASK|MASK|MASK|MASK|MASK|MASK|MASK|MASK|MASK|MASK|MASK|MASK|MASK,[MASK] <EOT></s>,[MASK] <EOT></s>|[MASK] <EOT></s>|MASK <EOT></s>|MASK <EOT></s>|[MASK] <EOT></s>|MASK <EOT></s>|MASK <EOT></s>|MASK <EOT></s>|[MASK] <EOT></s>|MASK <EOT></s>|MASK <EOT></s>|MASK <EOT></s>|MASK <EOT></s>|MASK <EOT></s>,
82,shape,MASK,False,4,MASK|MASK|MASK|MASK,[MASK] <EOT></s>,[MASK] <EOT></s>|MASK <EOT></s>|MASK <EOT></s>|MASK <EOT></s>,
83,timeStamp,currTime,False,2,currTime|currTime,currTime <EOT></s>,currTime <EOT></s>|currTime <EOT></s>,
84,resources,MASK,False,8,MASK|MASK|MASK|MASK|MASK|MASK|MASK|MASK,[MASK] <EOT></s>,[MASK] <EOT></s>|[MASK] <EOT></s>|[MASK] <EOT></s>|MASK <EOT></s>|MASK <EOT></s>|MASK <EOT></s>|MASK <EOT></s>|MASK <EOT></s>,
85,project,MASK,False,17,MASK|MASK|MASK|MASK|MASK|MASK|MASK|MASK|MASK|application|MASK|MASK|createStartScripts|MASK|MASK|MASK|MASK,"[MASK] , PluginApplication pluginApplication) {
		if (pluginApplication.","[MASK] , PluginApplication pluginApplication) {
		if (pluginApplication.|[MASK] <EOT></s>|[MASK] <EOT></s>|) ->  [MASK] <EOT></s>|[MASK] <EOT></s>|[MASK] <EOT></s>|[MASK] <EOT></s>|[MASK] <EOT></s>|MASK <EOT></s>|application."");
		createStartScripts.setDescription(""Generates OS-specific start scripts|[MASK] <EOT></s>|[MASK] <EOT></s>|createStartScripts.setMainClassName(javaApplication.getMainClassName());
		create|[MASK] <EOT></s>|[MASK] <EOT></s>|MASK <EOT></s>|MASK <EOT></s>",
86,depthOfRdepOfRdep,rdepDepth,False,2,rdepDepth|rdepDepth,rdepDepth <EOT></s>,"rdepDepth <EOT></s>|rdepDepth));
                        validRdepMinDepthUniquifier.updateAt",
87,override,fmt,False,16,"fmt||ss|012"",              ""5/2/2012"",                 ""6/2|DateFormat|u95F0|u58EC|/5/29"" ),|),|bis|x29|-5-1"" ),|uC218|uC77C|C4|uC77C","fmt = new SimpleDateFormat(""MM/dd/yy z"");
            // force fallback to","fmt = new SimpleDateFormat(""MM/dd/yy z"");
            // force fallback to|
            new ParseTestData(""ZZZZ HH:mm:ss"", ""G|ss z"", ""2011/7/1 12:34:0|012"",              ""5/2/2012"",                 ""6/2|"",      DateFormat.LONG,  ""2012(ren-chen) |\u95F0\u56DB\u6708 2"",|                               ""2012\u58EC\u8FB0\u5|/5/29"" ),
            new MonthPatternItem( ""fr@calendar=ch|),
            new MonthPatternItem( ""en@calendar=dangi"",        -3|4bis-2"",             ""78x29-5-2"",                     ""|-2"",                     ""78x29-5-1"" ),
            new|-5-1"" ),
            new MonthPatternItem( ""en@calendar=dang|8\uC218\uC77C\uC694\|\uC77C\uC624\uC77C\u|9C4\uB144 \uC7243\uC6|1\uC77C"" ),
            new MonthPatternItem( ""ko@",
88,boxedArray,EOT,False,3,EOT|EOT|EOT,  <EOT></s>,"  <EOT></s>|EOT.length;
    double[] array = new double[len];
    for (|EOT <EOT></s>",
89,bytes,MASK,False,5,MASK|MASK|byte|MASK|mask,[MASK]  = null <EOT></s>,[MASK]  = null <EOT></s>|[MASK] <EOT></s>|byte[] <EOT></s>|MASK <EOT></s>|mask <EOT></s>,
90,jsonFile,MASK,False,3,MASK|MASK|MASK,[MASK] <EOT></s>,[MASK] <EOT></s>|MASK <EOT></s>|MASK <EOT></s>,
91,merged,MASK,False,4,MASK|MASK|MASK|MASK,[MASK] <EOT></s>,[MASK] <EOT></s>|[MASK] <EOT></s>|MASK <EOT></s>|MASK  <EOT></s>,
92,floatSetting,floatSetting,True,7,floatSetting|Setting|compoundUpdater|set|Null|a|settingUpdater,floatSetting <EOT></s>,"floatSetting <EOT></s>|Setting<Composite> composite = Setting.compoundSetting(""foo.int.bar."",|compoundUpdater(a, b, c::set, c::validate);
       |set, c::validate, a, b);
        assertFalse(settingUpdater.|Null(c.a);
        assertNull(c.b);

        assertTrue|.a.intValue());
        assertNull(c.b);

        build =|(settingUpdater.apply(build, previous));
        assertEquals(2, c",
93,cafti_ja_japanese_custGy,LLLL,False,2,LLLL|test,"LLLL y"", DisplayContext.CAPITALIZATION_FOR_MIDDLE","LLLL y"", DisplayContext.CAPITALIZATION_FOR_MIDDLE|test capitalization context
            sdfmt.setContext(item.capitalizationContext);",
94,model,MASK,False,3,MASK|MASK|MASK,[MASK] <EOT></s>,[MASK] <EOT></s>|MASK <EOT></s>|MASK <EOT></s>,
95,inputFrameInfo,frameInfo,False,1,frameInfo,"frameInfo);

  /**
   * Sets information about the output frames.
  ","frameInfo);

  /**
   * Sets information about the output frames.
  ",
96,handler,MASK,False,20,MASK|MASK|MASK|MASK|MASK|MASK|MASK|MASK|MASK|OPT|MASK|MASK|MASK|MASK|MASK|MASK|MASK|MASK|MASK|MASK,[MASK] <EOT></s>,"[MASK] <EOT></s>|[MASK] , int attr)
        throws TransformerException
    {

       |[MASK] <EOT></s>|[MASK] <EOT></s>|[MASK] <EOT></s>|[MASK] <EOT></s>|MASK <EOT></s>|MASK <EOT></s>|[MASK] <EOT></s>|// %OPT% ...can I just store the node handle?
                  [MASK]|MASK <EOT></s>|MASK <EOT></s>|[MASK] <EOT></s>|[MASK] <EOT></s>|MASK <EOT></s>|MASK <EOT></s>|MASK <EOT></s>|MASK <EOT></s>|MASK <EOT></s>|MASK <EOT></s>",
97,includeIncubator,,False,2,|EOT,                                                                                                                                                                                                                                                                                                                               ,                                                                                                                                                                                                                                                                                                                               | <EOT></s>,
98,threads,threads,True,12,threads|threads|tests|threads|NanoTime|ly|join|is|InterruptedException||ed|terminate,"threads
 * cause the associated test that generated them to itself fail (which
 * JUnit does","threads
 * cause the associated test that generated them to itself fail (which
 * JUnit does|threads <EOT></s>|tests should allow themselves to be run multiple times
 * (with different delays and timeouts)|threads, data structures, or other
 * parameters <EOT></s>|NanoTime);
    }

    /**
     * Returns the number of nanose|ly(Runnable r) {
//         assertTerminatesPromptly(r,|join(long)}).
     *
     * @return true if the thread terminated, else|is) {
        try {
            t.join(timeoutMillis);
        }|(InterruptedException fail) {
            threadFail(""Unexpected InterruptedException"");
|
        if (t.isAlive()) {
            t.interrupt();
           |ed out waiting for thread to terminate"");
            }
        }
    }

   |    * terminate (using {@link Thread#join(long)}), else interrupts
     *",
99,refresh,for,False,9,for|refresh_interval|listener|index|MASK|MASK|MASK|for|wait_for,"for the index to be refreshed before the request is
 * executed. The test waits for","for the index to be refreshed before the request is
 * executed. The test waits for|refresh_interval\"":-1, \""index.refresh_interval\"":-1, \""index.|listener to start waiting
        assertBusy(() -> {
            Map<String, Object>|index <EOT></s>|[MASK] <EOT></s>|MASK <EOT></s>|MASK
                <EOT></s>|for a refresh <EOT></s>|wait_for <EOT></s>",
100,additionalParams,MASK,False,5,MASK|MASK|MASK|additionalParams|MASK,  [MASK] <EOT></s>,"  [MASK] <EOT></s>|[MASK] <EOT></s>|MASK .put(""access_type"", ""offline"");
        MASK <EOT></s>|additionalParams(MASK)
                .build();
        System.out.println(""|MASK <EOT></s>",
101,arrayPool,byteArrayPool,False,2,byteArrayPool|byteArrayPool,"byteArrayPool)
      throws IOException {
    if (buffer == null) {
     ","byteArrayPool)
      throws IOException {
    if (buffer == null) {
     |byteArrayPool);
            } finally {
              ByteBufferUtil.rewind(buffer);",
102,prevState,MASK,False,5,MASK|MASK|MASK|MASK|MASK,[MASK] <EOT></s>,[MASK] <EOT></s>|[MASK] <EOT></s>|  MASK <EOT></s>|MASK <EOT></s>|MASK <EOT></s>,
103,method,MASK,False,94,"MASK|MASK|invocationMarker|MASK|MASK|MASK|MASK|MASK|MASK|MASK|MASK|MASK|MASK|MASK|MASK|MASK|MASK|targetMethod|MASK|MASK|MASK|MASK|MASK|MASK|MASK|if|MASK|MASK|MASK|MASK|MASK|MASK|MASK|MASK|MASK|MASK|MASK|MASK|MASK|MASK|MASK|MASK|MASK|MASK|MASK|MASK|MASK|MASK|MASK|MASK|MASK|MASK|MASK|MASK|MASK|clazz|MASK|MASK|MASK|MASK|MASK|MASK|MASK|MASK|MASK|MASK|MASK|MASK|MASK|MASK|MASK|MASK|MASK|MASK|MASK|MASK|MASK|MASK|MASK|MASK|MASK|MASK|MASK|MASK|MASK|MASK|this|MASK|[""+|MASK|MASK|MASK|MASK|MASK","[MASK] s and short  [MASK] s.
 *
 * This class","[MASK] s and short  [MASK] s.
 *
 * This class|[MASK] s that are only
 * invoked once, in the code attributes that it vis|invocationMarker      = new AllInstructionVisitor(
                                                                 new MethodInvocation|[MASK] <EOT></s>|[MASK] <EOT></s>|MASK s.
     * @param inlineSingleInvocations indicates whether the single invoc|MASK s.
     * @param extraInlinedInvocationVisitor an optional extra visitor for|[MASK] <EOT></s>|MASK s are inlined.
        // TODO: Remove this when the   [MASK|[MASK] <EOT></s>|[MASK] <EOT></s>|MASK <EOT></s>|[MASK]  = [""+ [MASK] .getName(clazz)+ [MA|MASK  = [""+ [MASK] .getName(clazz)+ [MASK]|[MASK] <EOT></s>|[MASK] <EOT></s>|MASK ."");

            // Print the  MASK  and the target  M|targetMethod.accept(targetClass, new ClassPrinter());
            }

            throw|MASK <EOT></s>| [MASK] <EOT></s>|MASK ;
            constantAdder                = new ConstantAdder(targetClass);
           |[MASK] <EOT></s>|MASK , codeAttribute);

            // Check if the  [MASK]  is|[MASK] , codeAttribute);

            // Update the code attribute if any code has|MASK , codeAttribute);
            }
        }
    }


    //|if (allowAccessModification)
                {
                    // Update the access flags of the|[MASK]  invocations if the code is not too long.
        if (|MASK <EOT></s>|MASK .getName(clazz)+MASK .getDescriptor(clazz)+""] in [""|[MASK] .getDescriptor(clazz)+""] in [""+
                                   target|MASK .
            codeAttribute.u2accessFlags = 0;

            //|[MASK] );

            // Append instructions to load the parameters.
            loadParameters|MASK <EOT></s>|MASK , CodeAttribute codeAttribute, LineNumberTableAttribute lineNumberTableAttribute)
    {|[MASK] .
        // The source will be used to insert line numbers for the in|[MASK] <EOT></s>|[MASK] <EOT></s>|MASK <EOT></s>|MASK .
     */
    private void storeParameters(Clazz clazz, Method |MASK )
    {
        // Is the  MASK  static?
       |MASK .getName(clazz) +
                 MASK <EOT></s>|(  MASK <EOT></s>|MASK <EOT></s>|[MASK] <EOT></s>|MASK , offset, exceptionInfoAdder);

        // Copy the attributes.
       |MASK , this);

        // Copy the exceptions.
        codeAttribute.exceptions|MASK <EOT></s>|[MASK] <EOT></s>|MASK <EOT></s>|[MASK] <EOT></s>|MASK <EOT></s>|MASK <EOT></s>|MASK <EOT></s>|[MASK] <EOT></s>|MASK <EOT></s>|clazz, Method  [MASK] , CodeAttribute codeAttribute, ExceptionInfo exceptionInfo)|MASK <EOT></s>|[MASK] <EOT></s>|[MASK]  is a  MASK  invocation.
                clazz.|MASK <EOT></s>|MASK <EOT></s>|MASK <EOT></s>|MASK  invocations.
            !inlineSingleInvocations &&

            //|[MASK]  if it is not native, abstract, or interface.
            (access|MASK <EOT></s>|[MASK]  if it is not native, abstract, or static,
           <EOT></s>|[MASK]  into itself.
            !programMethod.getName(programClass).equals|MASK .
            (programMethod.getName(programClass).equals(ClassConstants.ME|[MASK]  into itself.
            (!programMethod.equals(targetMethod) |||[MASK]  if it isn't recursing.
            !inliningMethods|[MASK]  if it is not obfuscated.
            !Obfusc|[MASK]  if it doesn't override a superclass  [MASK] .|[MASK] , <EOT></s>|[MASK] <EOT></s>|[MASK]  if it doesn't branch backward.
           <EOT></s>|[MASK]  is allowed.
            // This is necessary to avoid inlining a|[MASK]  if it doesn't access private code from a
            // superclass|[MASK] <EOT></s>|[MASK]  if it is invoked with an empty stack.
            (!Synchronized|MASK <EOT></s>|[MASK]  if it doesn't catch exceptions, or if it
            // is|[MASK]  if it doesn't have a non-empty stack at the
           |[MASK]  if it doesn't have any side effects.
            !SideEffect|[MASK] .
            programMethod.accept(programClass, this);

           |MASK <EOT></s>|MASK <EOT></s>|this);

            // Increment the invocation count of referenced  MASK s again|MASK <EOT></s>|[""+
                                   clazz.getName()+"".""+
                                   MAS|MASK  = [""+targetMethod.getName(targetClass)+targetMethod.getDescriptor(|MASK  = [""+[MASK] .getName(clazz)+[MASK]|MASK .getName(clazz)+ [MASK] .getDescriptor(clazz)+""]|MASK <EOT></s>|MASK <EOT></s>",
104,invocation,InvocationInfo,False,8,InvocationInfo|invocation|EOT|invocation|Info|MASK|Info|EOT,"InvocationInfo;
import org.mockito.internal.util.reflection.Reflection <EOT>","InvocationInfo;
import org.mockito.internal.util.reflection.Reflection <EOT>|invocation <EOT></s>| <EOT></s>|invocation <EOT></s>|Info.isValidReturnType(returnedValue.getClass())) {
            throw wrongType|[MASK] Info.getMockType(),
                     [MASK] Info <EOT></s>|Info.getMethodName(),
                    <EOT></s>| <EOT></s>",
105,visibility,link,False,7,link|package_group|MASK|MASK|MASK|MASK|packageGroups,"{@link VisibilityProvider}.
 *
 * <p>This is used to implement {@","{@link VisibilityProvider}.
 *
 * <p>This is used to implement {@|  package_group} declaration or a {@code package_group}'s {@code includes} attribute|[MASK] ,
      ImmutableClassToInstanceMap<TransitiveInfoProvider> over|[MASK] <EOT></s>|MASK <EOT></s>|MASK <EOT></s>|  /*packageGroups=*/  MASK ,
                        /*requiredVisibility=*/ ",
106,docCount,EOT,False,2,EOT|EOT, <EOT></s>, <EOT></s>|EOT <EOT></s>,
107,entryCount,EOT,False,2,EOT|EOT,  <EOT></s>,  <EOT></s>|EOT <EOT></s>,
108,scale,MASK,False,10,MASK|MASK|value|MASK|MASK|MASK|MASK|MASK|value|MASK,[MASK] <EOT></s>,"[MASK] <EOT></s>|MASK <EOT></s>|value of the decay function. This value is computed from
     * the  [MASK]|[MASK] <EOT></s>|[MASK]  are <EOT></s>|MASK <EOT></s>|[MASK] <EOT></s>|MASK <EOT></s>|value
     * @return the value that the decay function should take if the distance
     *|MASK <EOT></s>",
109,skippedShards,MASK,False,14,MASK|MASK|MASK|MASK|MASK|MASK|totalShards|MASK|MASK|MASK|MASK|MASK|MASK|MASK,[MASK] <EOT></s>,"[MASK] <EOT></s>|[MASK] <EOT></s>|[MASK] <EOT></s>|MASK ;
        this.failedShards = failedShards;
        this.comple|MASK <EOT></s>|[MASK] <EOT></s>|totalShards,
            successfulShards,
             [MASK] <EOT></s>|[MASK] <EOT></s>|[MASK] ,
        <EOT></s>|[MASK] <EOT></s>|[MASK] <EOT></s>|MASK 
            && failedShards == other.failedShards
            && Object|MASK  ,
            failedShards,
            completionStatus,
            clusters
|MASK <EOT></s>",
110,fromUser,fromUser,True,1,fromUser,fromUser <EOT></s>,fromUser <EOT></s>,
111,additionalSettings,EOT,False,2,EOT|EOT,       <EOT></s>,"       <EOT></s>|  EOT
            <EOT></s>",
112,bgBottomHeight,getPrefHeight,False,6,getPrefHeight|Drawable|getMinHeight|= 0;|true|mouseWheelX,"getPrefHeight () {
		float height = 0;
		if (","getPrefHeight () {
		float height = 0;
		if (|	Drawable background = style.background;
		if (background != null)
		|.getMinHeight());

		if (scrollX) {
			float|= 0;
			if (style.hScrollKnob != null)|true;
	}

	/** Sets the scroll amount in pixels. */
	|mouseWheelX;
	}

	/** Sets the amount to scroll horizont",
113,bootstrapMethodIndex,value,False,10,value|labelIndex||value|hashCode|*|typeTableIndex1|tag|entry|;,"value.
   */
  int addForwardUninitializedType(final String value,","value.
   */
  int addForwardUninitializedType(final String value,|labelIndex);
    Entry entry = get(hashCode);
    while (entry != null|
      if (entry.tag == Symbol.FORWARD_UNINITIALIZED_|value)) {
        return entry.index;
      }
      entry = entry.next|hashCode));
  }

  /**
   * Adds a type in the type|*
   * @param value an internal class name.
   * @param typeIndex1|typeTableIndex1) << 32);
    int hashCode = hash(Symbol.|.tag == Symbol.MERGED_TYPE_TAG && entry.hashCode == hash|entry.data == data) {
        return entry.index;
      }
      entry|;
    }
    return addTypeInternal(new Entry(typeCount, Symbol.M",
114,checksumUrlString,ofClassPath,False,5,ofClassPath|String|void||classpath,".ofClassPath().stream(), ClassReaders.ofClassPath().stream())
            .",".ofClassPath().stream(), ClassReaders.ofClassPath().stream())
            .|<String, Set<String>>> classMap = ClassReaders.toClassMap(class|void jarHellCheck(PluginDescriptor info, Path pluginRoot, Path pluginsDir, Path modules|

    static {
        String libToolsPluginCliClasspathJar = System.|-classpath-%1$s.jar"", File.separator);
    }

",
115,tuple,MASK,False,34,MASK|MASK|MASK|MASK|MASK|MASK|MASK|MASK|MASK|MASK|MASK|MASK|MASK|MASK|MASK|MASK|MASK|MASK|MASK|MASK|MASK|MASK|MASK|MASK|MASK|MASK|MASK|MASK|MASK|MASK|MASK|MASK|MASK|fileTestName,[MASK] <EOT></s>,"[MASK] <EOT></s>|[MASK] <EOT></s>|[MASK] <EOT></s>|MASK <EOT></s>|[MASK] <EOT></s>|MASK ) {
            return null;
        }
        
        /**
         *|MASK <EOT></s>|MASK <EOT></s>|MASK <EOT></s>|MASK <EOT></s>|[MASK] <EOT></s>|  MASK <EOT></s>|[MASK] <EOT></s>|[MASK] <EOT></s>|MASK <EOT></s>|[MASK] <EOT></s>|MASK <EOT></s>|MASK <EOT></s>|[MASK] .format != null &&  [MASK] .output != null && |[MASK] .parse != null &&  [MASK] <EOT></s>|[MASK] <EOT></s>|[MASK] <EOT></s>|MASK <EOT></s>|MASK );
            if (errorMessage != null) {
                result.append(error|MASK .parseCurrency != null &&  MASK .outputCurrency != null)|MASK .output != null) {
            String errorMessage = codeUnderTest.parse(|MASK .output != null) {
            String errorMessage = codeUnderTest.parse(|MASK );
            if (errorMessage != null) {
                result.append(error|MASK <EOT></s>|MASK <EOT></s>|MASK );
            if (errorMessage != null) {
                result.append(error|MASK <EOT></s>|MASK <EOT></s>|fileTestName <EOT></s>",
116,ascUrl,DirName,False,4,DirName|on|MacOS|,"DirName) || ""config"".equals(parentDirName)) {
                    // we don","DirName) || ""config"".equals(parentDirName)) {
                    // we don|"" on MacOS
                    || ""MacOS"".equals(parentDirName)
                |""MacOS"".equals(parentDirName)
                    // ""lib"" is an alternative|
                } else if (""config"".equals(parentDirName)) {
                    setFile",
117,bufferSize,MASK,False,14,MASK|MASK|MASK|MASK|MASK|MASK|MASK|MASK|MASK|MASK|MASK|MASK|MASK|MASK,[MASK] <EOT></s>,[MASK] <EOT></s>|[MASK] <EOT></s>|[MASK] <EOT></s>|MASK <EOT></s>|MASK <EOT></s>|MASK <EOT></s>|MASK  <EOT></s>|[MASK] <EOT></s>|MASK <EOT></s>|MASK <EOT></s>|MASK <EOT></s>|MASK <EOT></s>|MASK <EOT></s>|MASK <EOT></s>,
118,flushedDocs,,False,4,"|numDocs|numDocs|0,",                                                                                                                                                                                                                                                                                                                               ,"                                                                                                                                                                                                                                                                                                                               | numDocs
                <EOT></s>|numDocs <EOT></s>|0,
                    translogGeneration.translogUUID()
                );
",
119,request,the,False,12,the|this|code|request|request|MASK|MASK|MASK|MASK|MASK|MASK|MASK,"the requested
 * <EOT></s>","the requested
 * <EOT></s>|this controller.
 * If set to true, a session will be required for this controller
 *|{@code HttpServletRequest <EOT></s>|request <EOT></s>|request. A value of <EOT></s>|[MASK] <EOT></s>|[MASK] <EOT></s>|MASK <EOT></s>|MASK <EOT></s>|MASK <EOT></s>|MASK <EOT></s>|MASK <EOT></s>",
120,disconnect,disconnect,True,6,disconnect|disconnect|disconnect|disconnect|disconnect|disconnect,"disconnect timeout.
		 */
		private Duration  [MASK] ","disconnect timeout.
		 */
		private Duration  [MASK] |disconnect = Duration.ofSeconds(10);

		/**
		|disconnect  <EOT></s>|disconnect ) {
			this. disconnect  =  disconnect ;
	|disconnect  =  disconnect ;
		}

		public Duration get|disconnect <EOT></s>",
121,fmtRelDateTime,int,False,2,int|,"int i = 0; i < 2; i++) {
            NumberFormat nf","int i = 0; i < 2; i++) {
            NumberFormat nf|
        // test override get/set NumberFormat
        for (int i = 0;",
122,tableCat,,False,5,|MASK|MASK|MASK|MASK,                                                                                                                                                                                                                                                                                                                               ,                                                                                                                                                                                                                                                                                                                               |  [MASK] <EOT></s>|MASK <EOT></s>|[MASK] <EOT></s>|MASK <EOT></s>,
123,factory,blockFactory,False,1,blockFactory,blockFactory <EOT></s>,blockFactory <EOT></s>,
124,modulePredicate,MODULE_PREDICATE,False,3,MODULE_PREDICATE|modulePredicate|modulePredicate,MODULE_PREDICATE = m -> DEFAULT_MODULE_PREDIC,"MODULE_PREDICATE = m -> DEFAULT_MODULE_PREDIC|modulePredicate, JdkModuleConsumer c) throws IOException {
        walkJdkMod|modulePredicate <EOT></s>",
125,conditionLatch,latch2,False,3,latch2|latch2|latch2,"latch2 = new CountDownLatch(1);
        final Transport transport = new Net","latch2 = new CountDownLatch(1);
        final Transport transport = new Net|  latch2 <EOT></s>|latch2 <EOT></s>",
126,percentDelta,delta,False,3,delta|delta|delta,"delta, Actor target <EOT></s>","delta, Actor target <EOT></s>|delta, amountY *  delta);
	}

	protected void updateRelativeX (|delta <EOT></s>",
127,target,clazz,False,2,clazz|clazz,clazz <EOT></s>,"clazz <EOT></s>|clazz, memberCategories <EOT></s>",
128,childContext,context_0,False,1,context_0,"context_0 = parser.getContext();
        context.setObject(instance);
       ","context_0 = parser.getContext();
        context.setObject(instance);
       ",
129,hasFallback,Setting,False,4,Setting|foo|DeprecatedListSetting|Warnings,"Setting.listSetting(
            ""foo.non-deprecated"",
            Collections","Setting.listSetting(
            ""foo.non-deprecated"",
            Collections|foo.deprecated"", ""foo.deprecated1,foo.deprecated2|DeprecatedListSetting.get(settings);
        assertWarnings(""setting [foo|Warnings(new Setting[]{deprecatedListSetting});
    }

    public",
130,blocks,MASK,False,4,MASK|MASK|MASK|MASK,[MASK] <EOT></s>,"[MASK] <EOT></s>|MASK <EOT></s>|MASK <EOT></s>|MASK[offset] = MaxBytesRefAggregator.evaluateFinal(state,",
131,clusterName,clusterName,True,6,clusterName|MASK|splitQualifiedIndex|MASK|catalog|MASK,clusterName <EOT></s>,"clusterName <EOT></s>|[MASK] <EOT></s>|splitQualifiedIndex(indexName).v1() <EOT></s>|MASK <EOT></s>|  // catalog
                                MASK,
                                // schema
                                null,|MASK <EOT></s>",
132,incXmlOutput,MASK,False,4,MASK|MASK|MASK|MASK, [MASK] <EOT></s>," [MASK] <EOT></s>|MASK .exists()) {
                    [MASK] .getParentFile().mkdir|MASK <EOT></s>|MASK <EOT></s>",
133,snapshotLifecyclePolicyMetadata,snapshotConfig,False,6,snapshotConfig|MASK|MASK|MASK|MASK|snapshotConfig, snapshotConfig <EOT></s>, snapshotConfig <EOT></s>|[MASK] <EOT></s>|[MASK] <EOT></s>|[MASK] <EOT></s>|MASK <EOT></s>|snapshotConfig <EOT></s>,
134,reader,MASK,False,6,MASK|MASK|MASK|MASK|MASK|MASK,[MASK] <EOT></s>,"[MASK] <EOT></s>|[MASK] <EOT></s>|MASK <EOT></s>|MASK
          <EOT></s>|MASK <EOT></s>|MASK <EOT></s>",
135,start,MASK,False,8,MASK|EOT|MASK|EOT|elementStack|start|start|replace,[MASK] <EOT></s>,"[MASK] <EOT></s>| <EOT></s>|MASK <EOT></s>| <EOT></s>|{""+elementStack[depth * 3]+""}""+elementStack[depth * 3|start, int len)
        throws IOException {
        text(new String(text, start|start <EOT></s>|replace it with ]]>]]><![CDATA[>
        // This is a bit of",
136,nodeIds,dataNodeIds,False,2,dataNodeIds|dataNodeIds,"dataNodeIds, Function<String, DiskUsage> diskUsageCreator) {
        return","dataNodeIds, Function<String, DiskUsage> diskUsageCreator) {
        return|dataNodeIds
            <EOT></s>",
137,digest,MASK,False,16,MASK|MASK|hexDigest|hexDigest|MASK|MASK|MASK|MASK|MASK|MASK|MASK|MASK|MASK|MASK|MASK|MASK,[MASK] <EOT></s>,"[MASK] <EOT></s>|MASK <EOT></s>|hexDigest) {
    cas.put(input.getExecPath(), hexDigest|hexDigest <EOT></s>|[MASK] <EOT></s>|[MASK] <EOT></s>|[MASK] <EOT></s>|MASK <EOT></s>|[MASK] <EOT></s>|MASK <EOT></s>|MASK <EOT></s>|MASK <EOT></s>|MASK <EOT></s>|MASK <EOT></s>|MASK <EOT></s>|MASK <EOT></s>",
138,unused,downloader,False,1,downloader,"downloader = downloader.getChannel().withChannelBlocking(ch -> new Object());
","downloader = downloader.getChannel().withChannelBlocking(ch -> new Object());
",
139,skipLen,totalSkip,False,2,totalSkip|totalSkip,totalSkip <EOT></s>,"totalSkip <EOT></s>|totalSkip != offset) { // reach the end
                return null;
            }
",
140,fmtOffset,MASK,False,10,MASK|EOT|MASK|tzS|MASK|MASK|MASK|MASK|MASK|MASK,[MASK] <EOT></s>,"[MASK] <EOT></s>| <EOT></s>|MASK, pos);
                EOT  = sdf.format(today,   M|tzS = sdf.format(today,  MASK , pos);
            String|[MASK] <EOT></s>|[MASK] .substring(3);
                fmtDstOffset =  [MASK|[MASK] <EOT></s>|MASK <EOT></s>|MASK  + "" "" +  [MASK] <EOT></s>|MASK  + "" *** FAIL ***"");
            }
        }
    }
",
141,constantValueAttribute,constantValueAttribute,True,2,constantValueAttribute|constantValueAttribute,"constantValueAttribute)
    {
        // Retrieve the initial static field value.
","constantValueAttribute)
    {
        // Retrieve the initial static field value.
|constantValueAttribute <EOT></s>",
142,isChanged,MASK,False,7,MASK|MASK|MASK|MASK|isDone|MASK|MASK,[MASK] <EOT></s>,[MASK] <EOT></s>|[MASK] <EOT></s>|!  MASK <EOT></s>|MASK <EOT></s>|isDone <EOT></s>|MASK <EOT></s>|MASK <EOT></s>,
143,dateString,"00:00:00"");",False,15,"00:00:00"");|Test||Zone|getID|time|97|DateFormat|(   0, 5775,  1,  1, 12,|u05DC|DC|u05E7|F4|/1/2016|{","00:00:00"");
        formatter = DateFormat.getDateTimeInstance","00:00:00"");
        formatter = DateFormat.getDateTimeInstance|    * Test the handling of the 'Z' pattern character.
     */
    @Test|
     */
    @Test
    public void TestDateFormatZone061a() {|Zone = TimeZone.getTimeZone(""GMT"");
        TimeZone.setDefault(|.getID();
        if (!testtimezone.equals(""GMT""))
            er|time zones.
     */
    @Test
    public void TestDateFormatZone146|97
        String DATA[] = {
                ""en_US"", ""MM/|= DateFormat.getDateInstance(DateFormat.FULL, Locale.FRENCH);|(   0, 5775,  1,  1, 12,|u05DC\u05D5\u05DC \u05D|5DC \u05D3\u05F3\u05EA|\u05E7\u05E6\u05F4\u|05F4\u05D8"" ),
            new CalAndFmtTest|/1/2016
        Calendar cal = Calendar.getInstance(zone);
       |{
            public String locale;
            public int style;
            public String pattern;
",
144,unusedIterator,MASK,False,4,MASK|MASK|MASK|MASK,[MASK] <EOT></s>,[MASK] <EOT></s>|[MASK] <EOT></s>|[MASK] <EOT></s>|MASK <EOT></s>,
145,fieldName,MASK,False,3,MASK|MASK|MASK,"[MASK] , Reader reader) {
                    final Tokenizer source = new Standard","[MASK] , Reader reader) {
                    final Tokenizer source = new Standard|MASK <EOT></s>|MASK <EOT></s>",
146,periodDurationUs,windowDefaultStartPositionUs,False,3,windowDefaultStartPositionUs|MASK|periodDurationUs,"windowDefaultStartPositionUs =
        playlist.startOffsetUs != C.TIME_UN","windowDefaultStartPositionUs =
        playlist.startOffsetUs != C.TIME_UN|/*  [MASK] = */ playlist.durationUs,
        /* windowDurationUs|periodDurationUs= */ playlist.durationUs,
        /* windowDurationUs= */ play",
147,usedBuiltInTokenizers,MASK,False,15,MASK|usedTokenizerTypes|usedBuiltInTokenFilters|usedBuiltInTokenFilters|MASK|MASK|MASK|MASK|usedBuiltInTokenFilters|usedBuiltInTokenFilters|MASK|MASK|MASK|MASK|MASK,[MASK] <EOT></s>,"[MASK] <EOT></s>|usedTokenizerTypes
                            <EOT></s>|usedBuiltInTokenFilters.keySet() <EOT></s>|usedBuiltInTokenFilters.values(),
            usedBuiltInAnalyzers.|[MASK] <EOT></s>|MASK <EOT></s>|MASK <EOT></s>|MASK  <EOT></s>|usedBuiltInTokenFilters = Collections.unmodifiableSet(new LinkedHashSet|usedBuiltInTokenFilters <EOT></s>|MASK <EOT></s>|[MASK] <EOT></s>|MASK  <EOT></s>|MASK <EOT></s>|MASK );
        toXContentCollection(builder, params, ""built_in_filters",
148,pOwner,MASK,False,2,MASK|MASK,[MASK] <EOT></s>,[MASK] <EOT></s>|MASK <EOT></s>,
149,button,MASK,False,2,MASK|MASK,[MASK] <EOT></s>,[MASK] <EOT></s>|MASK <EOT></s>,
150,parent,parent,True,11,parent|parent|MASK|MASK|MASK|MASK|parent|MASK|MASK|MASK|MASK,parent <EOT></s>,"parent <EOT></s>| parent of this node in the tree. The constructor also takes the
     *    valid policy|[MASK] <EOT></s>|[MASK] <EOT></s>|MASK <EOT></s>|MASK <EOT></s>|parent <EOT></s>|MASK <EOT></s>|MASK <EOT></s>|MASK <EOT></s>|MASK <EOT></s>",
151,vBlock,MASK,False,23,MASK|MASK|MASK|MASK|MASK|vVector|MASK|MASK|MASK|MASK|MASK|MASK|MASK|MASK|MASK|MASK|MASK|MASK|MASK|MASK|MASK|MASK|MASK,[MASK] <EOT></s>,"[MASK] <EOT></s>|MASK
        .asVector();
    if (vVector == null) {
     |[MASK] );
      return new GroupingAggregatorFunction.AddInput() {|[MASK] );
        }

        @Override
        public void add(int|[MASK] <EOT></s>|vVector);
        }

        @Override
        public void close() {
       |[MASK] <EOT></s>|MASK <EOT></s>|[MASK] <EOT></s>|MASK <EOT></s>|MASK <EOT></s>|MASK <EOT></s>|MASK <EOT></s>|MASK .getFirstValueIndex(valuesPosition);
        int vEnd = vStart +|MASK .getValueCount(valuesPosition);
        for (int vOffset = vStart;|MASK <EOT></s>|MASK ) {
    for (int groupPosition = 0; groupPosition < groups.|MASK .isNull(valuesPosition)) {
        continue;
      }
      int|MASK .getFirstValueIndex(valuesPosition);
      int vEnd = vStart +|MASK <EOT></s>|MASK <EOT></s>|MASK <EOT></s>|MASK .mayHaveNulls()) {
      state.enableGroupIdTracking(seen",
152,fieldNamesToHighlight,,False,2,|field,                                                                                                                                                                                                                                                                                                                               ,"                                                                                                                                                                                                                                                                                                                               |field.fieldNames()
            <EOT></s>",
153,unicodeFilePath,filePath,False,3,filePath|filePath|filePath,filePath <EOT></s>,"filePath <EOT></s>|filePath, attr );
        assertTrue(Files.exists(filePath));

       |filePath );
    }

    @Test
    public void test_createFile_",
154,failuresAllowed,MASK,False,23,MASK|MASK|MASK|MASK|MASK|MASK|MASK|MASK|MASK|MASK|MASK|MASK|MASK|MASK|MASK|MASK|MASK|MASK|minScore|minScore|MASK|MASK|MASK,[MASK] <EOT></s>,"[MASK] <EOT></s>|[MASK] <EOT></s>|[MASK] ;
    private final Float minScore;
    private final String retrie|MASK ,
        ChunkScorerConfig chunkScorerConfig
    ) {|MASK  =  MASK ;
        this.chunkScorerConfig = chunk|MASK ;
        this.chunkScorerConfig = chunkScorerConfig;
|MASK ,
        String retrieverName,
        List<QueryBuilder> preFilter|[MASK] <EOT></s>|MASK <EOT></s>|MASK <EOT></s>|MASK  =  MASK ;
        this.retrieverName = retr|[MASK] <EOT></s>|MASK <EOT></s>|[MASK] <EOT></s>|[MASK] <EOT></s>|MASK <EOT></s>|[MASK] <EOT></s>|MASK <EOT></s>|minScore != null ) {
            builder.field(RANK_MIN_SCO|minScore);
        }
        if (retrieverName != null) {
|MASK <EOT></s>|MASK <EOT></s>|MASK , chunkScorerConfig);
    }

    @Override
    public",
155,lowerCaseArch,lowerCaseArch,True,4,lowerCaseArch|MASK|MASK|lowerCaseArch,lowerCaseArch <EOT></s>,lowerCaseArch <EOT></s>|[MASK] <EOT></s>|MASK <EOT></s>|lowerCaseArch <EOT></s>,
156,programClassCounter,programClassCounter,True,3,programClassCounter|null|programClassCounter,"  programClassCounter = new ClassCounter();
                    ClassCounter         libraryClassCounter = new","  programClassCounter = new ClassCounter();
                    ClassCounter         libraryClassCounter = new|null,
                                                       programClassCounter,
                                                       null,
                |programClassCounter <EOT></s>",
157,updates,MASK,False,15,MASK|MASK|MASK|MASK|MASK|MASK|MASK|MASK|MASK|MASK|list|MASK|MASK|MASK|MASK,[MASK] <EOT></s>,"[MASK] <EOT></s>|[MASK] <EOT></s>|[MASK] <EOT></s>|[MASK] <EOT></s>|[MASK] <EOT></s>|MASK <EOT></s>|[MASK] .StatementEdit;
import org.openrefine.wikibase.|MASK .StatementEditBuilder;
import org.openrefine.wikibase. M|[MASK]  that refer to this id (and should hence be
     * scheduled right|[MASK] <EOT></s>|list of
     *  [MASK]  is stored in {@link #pointerFreeUp|[MASK] <EOT></s>|MASK <EOT></s>|[MASK] <EOT></s>|MASK <EOT></s>",
158,groups,MASK,False,3,MASK|MASK|MASK," [MASK]
           <EOT></s>"," [MASK]
           <EOT></s>|[MASK] <EOT></s>|MASK <EOT></s>",
159,expectedPolicy,MASK,False,8,MASK|MASK|MASK|MASK|expected|MASK|MASK|MASK,[MASK]  a <EOT></s>,"[MASK]  a <EOT></s>|[MASK] <EOT></s>|MASK <EOT></s>|MASK <EOT></s>|expected policy to the expected policy set.
     * If this is the original expected policy set initialized|[MASK] <EOT></s>|MASK <EOT></s>| MASK );
    }

    /**
     * Removes the specified",
160,colorIndex,MASK,False,3,MASK|MASK|MASK,[MASK] <EOT></s>,[MASK] <EOT></s>|MASK <EOT></s>|MASK <EOT></s>,
161,tokenInfos,MASK,False,5,MASK|MASK|MASK|MASK|MASK,"[MASK] = store.findTokensFor(accountId);
        assertThat","[MASK] = store.findTokensFor(accountId);
        assertThat|MASK, notNullValue());
        assertThat(MASK <EOT></s>|[MASK] <EOT></s>|MASK .stream().map(TokenInfo::getHash).collect(Collectors.toUn|MASK <EOT></s>",
162,bindingResultWithError,EOT,False,3,EOT|EOT|EOT, <EOT></s>," <EOT></s>|EOT.rejectValue(""time"", ""error"");
		mav.addObject|EOT <EOT></s>",
163,missingId,idValue,False,3,idValue|idValue|idValue,     idValue <EOT></s>,     idValue <EOT></s>|idValue <EOT></s>|idValue <EOT></s>,
164,answer,answer,True,2,answer|answer, answer <EOT></s>, answer <EOT></s>|answer <EOT></s>,
165,keygen,MASK,False,7,MASK|MASK|MASK|MASK|MASK|MASK|MASK,[MASK] <EOT></s>,"[MASK] <EOT></s>|[MASK]  = KeyGenerator.getInstance(""AES"");
                <EOT></s>|MASK <EOT></s>|[MASK] <EOT></s>|MASK <EOT></s>|  MASK .init(spec);
        return  [MASK] .generateKey|MASK <EOT></s>",
166,startPositionUs,EOT,False,6,EOT|targetLiveOffsetUs|targetLiveOffsetUs|MASK|targetLiveOffsetUs|MASK, <EOT></s>," <EOT></s>|targetLiveOffsetUs <EOT></s>|targetLiveOffsetUs;
    }
    return Util.constrainValue(
        target|[MASK] <EOT></s>|targetLiveOffsetUs);
    if (segment.parts.isEmpty()) {
      return segment|MASK <EOT></s>",
167,internalTypeEnumeration,EOT,False,2,EOT|EOT, <EOT></s>," <EOT></s>| EOT.nextType();
            parameterTypes[parameterIndex] = parameterType;
",
168,primaryTerm,gcp,False,6,gcp|MASK|MASK|MASK|MASK|MASK,"gcp = orgReplica.getLastSyncedGlobalCheckpoint();
            final long  ","gcp = orgReplica.getLastSyncedGlobalCheckpoint();
            final long  |[MASK] , 1, ""id"");
            orgReplica.flush(new|[MASK] ,
                1,
                IndexRequest.UNSET_AUTO_|MASK <EOT></s>|MASK <EOT></s>|MASK <EOT></s>",
169,method,method,True,12,method|MASK|MASK|MASK|MASK|MASK|MASK|MASK|MASK|MASK|MASK|MASK,method <EOT></s>,method <EOT></s>|[MASK] <EOT></s>|[MASK] <EOT></s>|[MASK] <EOT></s>|[MASK] <EOT></s>|[MASK] <EOT></s>|MASK <EOT></s>|MASK <EOT></s>|MASK <EOT></s>|MASK  <EOT></s>|MASK <EOT></s>|MASK <EOT></s>,
170,moduleName,,False,14,|MASK|ByClass|MASK|MASK|MASK|ByClass|MASK|MASK|MASK|MASK|MASK|MASK|MASK,                                                                                                                                                                                                                                                                                                                               ,"                                                                                                                                                                                                                                                                                                                               |[MASK] <EOT></s>|ByClass.put(internalClassName(classFile,  [MASK] ),  [MA|[MASK] <EOT></s>|[MASK] <EOT></s>|MASK <EOT></s>|ByClass);
    }

    public static Map<String, String> loadClassTo|MASK <EOT></s>|MASK <EOT></s>|[MASK] <EOT></s>|MASK <EOT></s>|MASK <EOT></s>|MASK <EOT></s>|MASK <EOT></s>",
171,routingNodes,clusterState,False,21,clusterState|MASK|clusterState|MASK|clusterState|MASK|MASK|clusterState|MASK|MASK|MASK|MASK|MASK|MASK|MASK|clusterState|MASK|clusterState|MASK|MASK|MASK,"clusterState = clusterState.getRoutingNodes();
        newState = startInitializingSh","clusterState = clusterState.getRoutingNodes();
        newState = startInitializingSh|[MASK] <EOT></s>|clusterState <EOT></s>|MASK <EOT></s>|clusterState  = clusterState.getRoutingNodes();

        assertThat(clusterState|[MASK] .node(""node1"").numberOfShardsWithState(STARTED),|MASK <EOT></s>|clusterState  = clusterState.getRoutingNodes();

        assertThat(clusterState|[MASK] .node(""node1"").numberOfShardsWithState(STARTED),|  MASK .node(""node1"").numberOfShardsWithState(STARTED)|MASK .node(""node1"").numberOfShardsWithState(RELOCATING),|MASK .node(""node2"").numberOfShardsWithState(STARTED), lessTh|MASK .node(""node2"").numberOfShardsWithState(STARTED) + |MASK .node(""node2"").numberOfShardsWithState(RELOCATING),|MASK .node(""node3"").numberOfShardsWithState(INITIALIZING),|clusterState <EOT></s>|MASK <EOT></s>|clusterState <EOT></s>|MASK .node(""node1"").numberOfShardsWithState(STARTED), equalTo|MASK .node(""node1"").numberOfShardsWithState(STARTED) + |MASK .node(""node3"").numberOfShardsWithState(STARTED), equalTo",
172,refer,MASK,False,29,MASK|MASK|MASK|MASK|MASK|MASK|MASK|MASK|MASK|MASK|MASK|MASK|MASK|MASK|MASK|MASK|MASK|MASK|MASK|MASK|MASK|Invoker|MASK|);|MASK|MASK|MASK|MASK|MASK,[MASK] <EOT></s>,"[MASK] <EOT></s>|[MASK] <EOT></s>|MASK
                <EOT></s>|[MASK] <EOT></s>|MASK (IDemoService.class, registryUrl);
        IDemoService demoService =|MASK );

        String value = demoService.get(""key"");
        assertThat|[MASK] <EOT></s>|MASK  = PROTOCOL. MASK (IDemoService.class, registryUrl|MASK <EOT></s>|MASK <EOT></s>|MASK  = PROTOCOL. MASK (IDemoService.class, registryUrl|MASK <EOT></s>|MASK );

            demoService.set(""key"", ""value"", ""wrongValue|MASK <EOT></s>|MASK <EOT></s>|MASK <EOT></s>|MASK <EOT></s>|[MASK] <EOT></s>|MASK (IDemoService.class,
                registryUrl
                        .addParameter(""|MASK <EOT></s>|[MASK] <EOT></s>|Invoker<IDemoService>  [MASK] <EOT></s>|MASK (IDemoService.class,
                registryUrl
                        .addParameter(""|);

        value = demoService.get(""key"");
        assertThat(value,|MASK .destroy();
    }

    @Test
    public void testAuthRed|MASK <EOT></s>|MASK <EOT></s>|MASK <EOT></s>|MASK <EOT></s>",
173,object,json,False,3,json|json|json,json <EOT></s>,json <EOT></s>|json <EOT></s>|json <EOT></s>,
174,heuristicIsSuperset,heuristic,False,7,heuristic|heuristic|heuristicNotSuperset|heuristicNotSuperset|heuristicNotSuperset|heuristicNotSuperset|heuristicNotSuperset,heuristic <EOT></s>,"heuristic <EOT></s>|heuristic.getScore(2, 1, 3, 4);
           |heuristicNotSuperset.getScore(2, 3, 1, |heuristicNotSuperset <EOT></s>|heuristicNotSuperset <EOT></s>|heuristicNotSuperset <EOT></s>|heuristicNotSuperset <EOT></s>",
175,document,document,True,9,document|MASK|MASK|getMapper|MASK|_id|MASK|MASK|MASK,document <EOT></s>,"document <EOT></s>|  [MASK] <EOT></s>|MASK <EOT></s>|getMapper(new <EOT></s>|[MASK] <EOT></s>|_id: "" + id + "" (provided by the document, stored in the index,|MASK <EOT></s>|MASK <EOT></s>|MASK <EOT></s>",
176,deletedProjects,MASK,False,8,MASK|MASK|MASK|MASK|MASK|MASK|MASK|MASK,[MASK] <EOT></s>,"[MASK] <EOT></s>|[MASK] <EOT></s>|[MASK] <EOT></s>|MASK <EOT></s>|MASK <EOT></s>|MASK .stream().map(this::createTask)).toList();
        ClusterState|MASK <EOT></s>|MASK <EOT></s>",
177,status,status,True,6,status|MASK|status|MASK|status|status,"status code to be set [{0}]"")
	@ValueSource(ints = {20","status code to be set [{0}]"")
	@ValueSource(ints = {20| [MASK]  = <EOT></s>|  status <EOT></s>|MASK <EOT></s>|status);

		assertThat(createResponse(creator).getStatusCode()).is|status);
	}

	@Test
	void expectStatusWithReason() throws",
178,images,MASK,False,3,MASK|mThumbnailProducers|MASK,[MASK] <EOT></s>,"[MASK] <EOT></s>|mThumbnailProducers
        <EOT></s>|MASK <EOT></s>",
179,fmtCal,noon,False,2,noon|ss,"//       ""noon"" is unambiguous.
        //       ""am"" and ""","//       ""noon"" is unambiguous.
        //       ""am"" and ""|:ss bbbb | 00:00:30"", ""12:",
180,projects,flux,False,2,flux|flux,     flux <EOT></s>,     flux <EOT></s>|flux <EOT></s>,
181,context,MASK,False,5,MASK|MASK|MASK|MASK|MASK,[MASK] <EOT></s>,[MASK] <EOT></s>|[MASK] <EOT></s>|MASK <EOT></s>|MASK <EOT></s>|MASK <EOT></s>,
182,sourceJar,MASK,False,9,MASK|EOT|MASK|MASK|MASK|MASK|MASK|MASK|MASK,[MASK] <EOT></s>,[MASK] <EOT></s>| <EOT></s>|[MASK] <EOT></s>|MASK <EOT></s>|MASK <EOT></s>|MASK <EOT></s>|MASK <EOT></s>|MASK <EOT></s>|MASK <EOT></s>,
183,player,MASK,False,17,MASK|MASK|MASK|MASK|MASK|MASK|MASK|MASK|MASK|MASK|player|player|MASK|MASK|MASK|player|MASK,[MASK] <EOT></s>,"[MASK] <EOT></s>|[MASK] <EOT></s>|[MASK] <EOT></s>|MASK <EOT></s>|[MASK] <EOT></s>|[MASK] <EOT></s>|MASK <EOT></s>|[MASK] <EOT></s>|MASK <EOT></s>|MASK <EOT></s>|player <EOT></s>|player <EOT></s>|[MASK] .setMediaItem(MediaItem.fromUri(""asset:///media/|[MASK] <EOT></s>|[MASK] <EOT></s>|player <EOT></s>|MASK <EOT></s>",
184,hasPointValues,hasPointValues,True,4,hasPointValues|hasPointValues|hasPointValues|hasPointValues,hasPointValues <EOT></s>,hasPointValues <EOT></s>|hasPointValues <EOT></s>|hasPointValues <EOT></s>|hasPointValues <EOT></s>,
185,bucketCount,MASK,False,2,MASK|MASK," MASK
        <EOT></s>"," MASK
        <EOT></s>|MASK <EOT></s>",
186,names,EOT,False,3,EOT|EOT|EOT,                  <EOT></s>,"                  <EOT></s>|  EOT
                        <EOT></s>|EOT <EOT></s>",
187,dataSet,EOT,False,8,EOT|MASK|MASK|MASK|MASK|MASK|add|MASK,        <EOT></s>,"        <EOT></s>|[MASK] .setXValuePosition(PieDataSet.ValuePosition.OUTSIDE|[MASK] .setXValuePosition(PieDataSet.ValuePosition.OUTSIDE|[MASK] .setXValuePosition(PieDataSet.ValuePosition.OUTSIDE|MASK .setSelectionShift(5f);

        // add a lot of colors
|MASK .setColors(colors);
        // [MASK] <EOT></s>|add a lot of colors

        MASK .setColors(ColorTemplate.V|MASK <EOT></s>",
188,requestClass,MASK,False,6,MASK|MASK|MASK|MASK|MASK|MASK,[MASK] <EOT></s>,"[MASK] <EOT></s>|MASK <EOT></s>|MASK <EOT></s>|MASK <EOT></s>|MASK <EOT></s>|MASK ));
    }

    private void respondToGetUserRequest(String username",
189,startPositionUs,MASK,False,4,MASK|MASK|MASK|MASK,[MASK] <EOT></s>,"[MASK] <EOT></s>|[MASK] <EOT></s>|MASK <EOT></s>|MASK , long offsetUs)
      throws ExoPlaybackException;

  /**",
190,fieldDescriptor,descriptor,False,3,descriptor|descriptor|descriptor,"descriptor      descriptor of the new field.
     *
     * @return this Simple","descriptor      descriptor of the new field.
     *
     * @return this Simple|descriptor)
    {
        return addField(u2accessFlags, fieldName,|descriptor),
                                       null);
        classEditor.addField(field);
",
191,historyEntryID,MASK,False,7,MASK|MASK|MASK|MASK|MASK||MASK,[MASK] <EOT></s>,"[MASK] <EOT></s>|[MASK] <EOT></s>|[MASK] <EOT></s>|MASK <EOT></s>|MASK <EOT></s>|
                            id,
                            id,
                            new String[0],
                |MASK <EOT></s>",
192,buildDistTask,MASK,False,8,MASK|MASK|MASK|MASK|MASK|MASK|MASK|MASK,[MASK] <EOT></s>,"[MASK] <EOT></s>|MASK <EOT></s>|MASK <EOT></s>|MASK <EOT></s>|[MASK] <EOT></s>|MASK <EOT></s>|MASK <EOT></s>|MASK
                    <EOT></s>",
193,fromUser,fromUser,True,1,fromUser,fromUser <EOT></s>,fromUser <EOT></s>,
194,processEnvironmentClass,EOT,False,3,EOT|EOT|EOT, <EOT></s>, <EOT></s>|EOT <EOT></s>|EOT <EOT></s>,
195,writeLock,MASK,False,8,MASK|MASK|MASK|MASK|MASK|MASK|MASK|MASK,[MASK] <EOT></s>,[MASK] <EOT></s>|[MASK] <EOT></s>|[MASK] <EOT></s>|MASK <EOT></s>|[MASK] <EOT></s>|MASK <EOT></s>|MASK <EOT></s>|MASK <EOT></s>,
196,numObj,numObj,True,7,numObj|MASK|numObj|MASK|numObj|MASK|numObj,"numObj = new Integer(1234567);
        Double   dbl","numObj = new Integer(1234567);
        Double   dbl|[MASK] <EOT></s>|numObj);
                strBuffer = fmt.format(numObj <EOT></s>|MASK );
            strBuffer = fmt.format( numObj , strBuffer, fpos|numObj , strBuffer, fpos);
            // DateFormat API
            strBuffer =|MASK <EOT></s>|numObj , strBuffer, fpos);
            // NumberFormat API
            str = fmt",
197,initialRoutingTable,routingTable,False,2,routingTable|routingTable,routingTable <EOT></s>,routingTable <EOT></s>|routingTable <EOT></s>,
198,methodName,name,False,3,name|name|name,"name, Class<?> clazz) {
        for (Method method : clazz.get","name, Class<?> clazz) {
        for (Method method : clazz.get|name <EOT></s>|name
                        + ""' do not exist in '""
                        + clazz.getSimple",
199,failFast,MASK,False,4,MASK|MASK|MASK|MASK,[MASK] <EOT></s>,[MASK] <EOT></s>|[MASK] <EOT></s>|MASK <EOT></s>|MASK <EOT></s>,
200,flushThreshold,translogSizeOnReplica,False,2,translogSizeOnReplica|translogSizeOnReplica,translogSizeOnReplica <EOT></s>,"translogSizeOnReplica <EOT></s>|translogSizeOnReplica + ""b"")
            );
            replica.indexSettings",
201,onDisabledOs,onDisabledOs,True,2,onDisabledOs|onDisabledOs,onDisabledOs          <EOT></s>,onDisabledOs          <EOT></s>|onDisabledOs <EOT></s>,
202,existingIngestPipelines,MASK,False,4,MASK|MASK|MASK|MASK,[MASK] <EOT></s>,"[MASK] <EOT></s>|MASK <EOT></s>|MASK <EOT></s>|MASK.entrySet()) {
            // we cannot mock PipelineConfiguration as it is a",
203,fields,MASK,False,6,MASK|MASK|MASK|MASK|MASK|MASK,[MASK] <EOT></s>,"[MASK] <EOT></s>|MASK <EOT></s>|MASK <EOT></s>|MASK <EOT></s>|MASK <EOT></s>|MASK ) {
      VariableElement varElement = fragment.getVariableElement();
      String",
204,expectedShardSize,expectedShardSize,True,2,expectedShardSize|expectedShardSize,expectedShardSize <EOT></s>,expectedShardSize <EOT></s>|expectedShardSize <EOT></s>,
205,extensions,MASK,False,14,MASK|MASK|MASK|MASK|MASK|MASK|commandStartTime|MASK|MASK|MASK|MASK|MASK|MASK|MASK,"[MASK] = */ ImmutableList.of(), ignoreUserOptions);
  }
","[MASK] = */ ImmutableList.of(), ignoreUserOptions);
  }
|MASK = */ ImmutableList.of());
  }

  /**
   *|[MASK]  as if they were passed to
   * the Blaze server.
|[MASK]  additional proto  [MASK]  to pass to the command.
|MASK  to pass to the command.
   * @return the new command environment.
|[MASK] ) throws Exception {
    return newCustomCommandWithExtensions(command, |  /* commandStartTime= */ runtime.getClock().currentTimeMillis(),
               |MASK  as if they were passed to
   * the Blaze server. This method creates|MASK  additional proto  MASK  to pass to the command.
   * @|MASK  to pass to the command.
   * @return the new command environment.
|[MASK] , boolean ignoreUserOptions)
      throws Exception {
    return newCustom|[MASK] <EOT></s>|MASK <EOT></s>|MASK <EOT></s>",
206,currentState,clusterState,False,6,clusterState|clusterState|clusterState|clusterState|clusterState|clusterState,"clusterState, Metadata.Builder metadataBuilder) throws Exception {
        return ReservedCluster","clusterState, Metadata.Builder metadataBuilder) throws Exception {
        return ReservedCluster|clusterState <EOT></s>|clusterState;
        }

        if (clusterState.nodes().isLocalNodeE|clusterState <EOT></s>|clusterState <EOT></s>|clusterState <EOT></s>",
207,target,target,True,2,target|target,target <EOT></s>,target <EOT></s>|target <EOT></s>,
208,rightIndex,MASK,False,3,MASK|MASK|MASK,[MASK] <EOT></s>,[MASK] <EOT></s>|MASK <EOT></s>|MASK <EOT></s>,
209,prefix,MASK,False,3,MASK|MASK|MASK,[MASK] <EOT></s>,"[MASK] <EOT></s>|MASK.length() + url
        <EOT></s>|MASK <EOT></s>",
210,configInput,MASK,False,3,MASK|MASK|MASK, [MASK] <EOT></s>," [MASK] <EOT></s>|MASK <EOT></s>|MASK);
      checkArgument(
          configBuffer.length == 2,
         ",
211,headers,EOT,False,6,EOT|MASK|MASK|MASK|headers|headers,  <EOT></s>,  <EOT></s>|[MASK] <EOT></s>|MASK <EOT></s>|MASK <EOT></s>|headers <EOT></s>|headers <EOT></s>,
212,outputUncast,MASK,False,9,MASK|MASK|MASK|MASK|MASK|MASK|MASK|MASK|MASK,[MASK] <EOT></s>,"[MASK] <EOT></s>|MASK  .areAllValuesNull()) {
      return;
    }
    Long|MASK <EOT></s>|[MASK] <EOT></s>|MASK .areAllValuesNull()) {
      return;
    }
    LongBlock|MASK <EOT></s>|MASK <EOT></s>|MASK <EOT></s>|MASK <EOT></s>",
213,exportsByModule,moduleExports,False,2,moduleExports|moduleExports,"moduleExports, JdkModuleConsumer c)
        throws IOException {
        walkJ","moduleExports, JdkModuleConsumer c)
        throws IOException {
        walkJ|moduleExports
                        <EOT></s>",
214,parentLeafFactory,parent,False,2,parent|parent,parent <EOT></s>,"parent <EOT></s>|parent
                    <EOT></s>",
215,nodeId,MASK,False,27,MASK|MASK|MASK|MASK|MASK|NodeStatistics|MASK|MASK|MASK|clientNum|MASK|MASK|MASK|MASK|MASK|MASK|MASK|MASK|MASK|MASK|MASK|MASK|MASK|MASK|MASK|MASK|MASK,[MASK] <EOT></s>,"[MASK] <EOT></s>|MASK <EOT></s>|[MASK] <EOT></s>|[MASK] <EOT></s>|MASK <EOT></s>|NodeStatistics ns =  [MASK] <EOT></s>|[MASK] <EOT></s>|[MASK] <EOT></s>|[MASK] <EOT></s>|clientNum);
        // We need to copy the map to avoid concurrent modification exceptions
        //|MASK <EOT></s>|MASK <EOT></s>|MASK <EOT></s>| MASK <EOT></s>|MASK <EOT></s>|[MASK] <EOT></s>|MASK <EOT></s>|MASK <EOT></s>|MASK <EOT></s>|MASK  <EOT></s>|MASK <EOT></s>|MASK <EOT></s>|MASK <EOT></s>|MASK <EOT></s>|MASK ,
            ExponentiallyWeightedMovingAverage queueSizeEWMA,|MASK <EOT></s>|MASK <EOT></s>",
216,increase,derivative,False,3,derivative|derivative|derivative,derivative <EOT></s>,"derivative <EOT></s>|derivative),
                    Matchers.greaterThanOrEqualTo(
                |derivative
                        <EOT></s>",
217,field,field,True,6,field|MASK|MASK|MASK|MASK|MASK,field <EOT></s>,"field <EOT></s>|[MASK] Name <EOT></s>|MASK <EOT></s>|MASK , Map<String, Object> params, SearchLookup searchLookup, OnScript|MASK <EOT></s>|MASK <EOT></s>",
218,noOffsetText,text,False,2,text|Z,"text, int pos, Class<?> expected) {
        try {
            getFormatter(","text, int pos, Class<?> expected) {
        try {
            getFormatter(|""Z"" <EOT></s>",
219,bufIndex,EOT,False,6,EOT|MASK|MASK|MASK|MASK|MASK, <EOT></s>," <EOT></s>|[MASK]  <EOT></s>|[MASK] <EOT></s>|MASK <EOT></s>|MASK  + 32);
            builder.append(buffer, 0, |MASK <EOT></s>",
220,resCls,MASK,False,20,MASK|MASK|MASK|MASK|Candidate|Candidate|Candidate|MASK|MASK|MASK|MASK|MASK|MASK|MASK|MASK|Info|Info|Info|MASK|MASK,[MASK] <EOT></s>,"[MASK] <EOT></s>|MASK <EOT></s>|[MASK] <EOT></s>|[MASK] <EOT></s>|Candidate = candidates.get(0);
			addResourceFields( [MA|Candidate, resStorage, true);
			return  Candidate;
|Candidate Candidate;
		}
		if (candidates.|[MASK] <EOT></s>|[MASK] <EOT></s>|MASK <EOT></s>|[MASK] <EOT></s>|[MASK] <EOT></s>|MASK <EOT></s>|[MASK] <EOT></s>|[MASK] <EOT></s>|Info = new ResClsInfo(existCls);
			existCls.|Info.getFieldsMap().put(field.getName(), field));
			return |Info <EOT></s>|MASK <EOT></s>|MASK <EOT></s>",
221,listGet,method,False,3,method|method|method,"                                                                                 method =
                        GenericsNest.class.getMethod","                                                                                 method =
                        GenericsNest.class.getMethod|method )
                                .rawType())
                .isEqualTo(Number.class);|method )
                                .rawType())
                .isEqualTo(Number.class);",
222,cipher,MASK,False,7,MASK|MASK|MASK|MASK|MASK|MASK|MASK,  [MASK] <EOT></s>,  [MASK] <EOT></s>|[MASK] <EOT></s>|[MASK] <EOT></s>|MASK <EOT></s>|[MASK] <EOT></s>|MASK <EOT></s>|MASK <EOT></s>,
223,month,parameter,False,11,parameter|parameter|MASK|MASK|MASK|MASK|MASK|MASK|MASK|MASK|MASK,"parameter, JdbcType jdbcType) throws SQLException {
    ps.setInt(","parameter, JdbcType jdbcType) throws SQLException {
    ps.setInt(|parameter.getValue());
  }

  @Override
  public void setNonNullParameter|[MASK] <EOT></s>|MASK <EOT></s>|MASK <EOT></s>|[MASK] <EOT></s>|MASK <EOT></s>|MASK <EOT></s>|MASK <EOT></s>|MASK <EOT></s>|MASK <EOT></s>",
224,warningSettingName,settingName,False,4,settingName|settingName|settingName|settingName,"settingName = ""foo.bar"";
        final String settingValue = ""blat"";
","settingName = ""foo.bar"";
        final String settingValue = ""blat"";
|settingName <EOT></s>|settingName <EOT></s>|settingName <EOT></s>",
225,synonymsIdsUsedInIndices,synonymsIdsUsedInIndices,True,2,synonymsIdsUsedInIndices|synonymsIdsUsedInIndices,                 synonymsIdsUsedInIndices <EOT></s>,                 synonymsIdsUsedInIndices <EOT></s>|  synonymsIdsUsedInIndices <EOT></s>,
226,groupEnd,MASK,False,12,MASK|MASK|MASK|MASK|MASK|MASK|MASK|MASK|MASK|MASK|MASK|MASK,[MASK] <EOT></s>,"[MASK] <EOT></s>|[MASK] <EOT></s>|MASK <EOT></s>|MASK <EOT></s>|MASK  = groupStart + groups.getValueCount(groupPosition);
      for (int|MASK ; g++) {
        int groupId = groups.getInt(g);
|MASK  = groupStart + groups.getValueCount(groupPosition);
      for (int|MASK <EOT></s>|MASK  = groupStart + groups.getValueCount(groupPosition);
      for (int|MASK ; g++) {
        int groupId = groups.getInt(g);
|MASK <EOT></s>|MASK <EOT></s>",
227,isManifestChanged,MASK,False,3,MASK|MASK|config,[MASK] <EOT></s>,"[MASK] <EOT></s>|MASK <EOT></s>|!config.mSupportHotplugComponent
                   <EOT></s>",
228,dataStreamRemote1Alias,dataStreamRemote1Alias,True,4,dataStreamRemote1Alias|dataStreamRemote1Alias|dataStreamRemote1Alias|dataStreamRemote1Alias,dataStreamRemote1Alias <EOT></s>,"dataStreamRemote1Alias <EOT></s>|dataStreamRemote1Alias <EOT></s>|dataStreamRemote1Alias <EOT></s>|dataStreamRemote1Alias);

        clusterInfo.put(
            ""remote2",
229,elementValueMethodName,MASK,False,5,MASK|MASK|MASK|MASK|MASK,   [MASK] <EOT></s>,   [MASK] <EOT></s>|MASK <EOT></s>|MASK <EOT></s>|MASK <EOT></s>|MASK <EOT></s>,
230,parser,MASK,False,38,MASK|MASK|MASK|DefaultExtJSONParserTest|MASK|MASK|MASK|MASK|MASK|MASK|MASK|MASK|MASK|MASK|MASK|MASK|MASK|MASK|MASK|MASK|MASK|MASK|MASK|MASK|MASK|MASK|MASK|MASK|MASK|MASK|MASK|MASK|MASK|MASK|MASK|MASK|MASK|MASK,[MASK] <EOT></s>,"[MASK] <EOT></s>|[MASK] <EOT></s>|MASK <EOT></s>|DefaultExtJSONParserTest.A;
import com.alibaba.json.bvt|[MASK] <EOT></s>|[MASK] <EOT></s>|[MASK] <EOT></s>|[MASK] <EOT></s>|[MASK] <EOT></s>|[MASK] <EOT></s>|[MASK] <EOT></s>|[MASK] <EOT></s>|[MASK] <EOT></s>|[MASK] <EOT></s>|[MASK] <EOT></s>|[MASK] <EOT></s>|MASK <EOT></s>|MASK <EOT></s>|MASK <EOT></s>|[MASK] <EOT></s>|[MASK] .config(Feature.AllowSingleQuotes, true);
             [MA|[MASK] <EOT></s>|[MASK] <EOT></s>|[MASK] <EOT></s>|MASK <EOT></s>|[MASK] <EOT></s>|[MASK] <EOT></s>|MASK <EOT></s>|[MASK] <EOT></s>|[MASK] <EOT></s>|MASK <EOT></s>|[MASK] .config(Feature.AllowSingleQuotes, true);
             [MA|MASK <EOT></s>|[MASK] <EOT></s>|[MASK] <EOT></s>|MASK <EOT></s>|MASK <EOT></s>|MASK <EOT></s>",
231,directories,EOT,False,3,EOT|EOT|EOT, <EOT></s>," <EOT></s>|EOT, new EventBus());
    return new CommandEnvironment(
        workspace,
|) <EOT></s>",
232,backingIndex,MASK,False,14,MASK|MASK|MASK|MASK|MASK|MASK|MASK|MASK|MASK|MASK|MASK|MASK|MASK|MASK,[MASK] <EOT></s>,"[MASK] <EOT></s>|MASK <EOT></s>|MASK <EOT></s>|MASK <EOT></s>|MASK <EOT></s>|MASK <EOT></s>|MASK <EOT></s>|MASK );
            GetIndexResponse getIndexResponse = client.admin()
                .ind|MASK <EOT></s>|MASK <EOT></s>|MASK ).getAsBoolean(""index.hidden"", null), is(true));
            Map|MASK ).getSourceAsMap();
            assertThat(ObjectPath.eval(""properties.@|MASK  = DataStream.BACKING_INDEX_PREFIX + dataStream;
|MASK <EOT></s>",
233,numberFormat,MASK,False,6,MASK|MASK|MASK|MASK|MASK|MASK,[MASK] <EOT></s>,[MASK] <EOT></s>|MASK <EOT></s>|MASK <EOT></s>|MASK <EOT></s>|MASK <EOT></s>|MASK <EOT></s>,
234,fullName,appResClsName,False,3,appResClsName|appResClsName|resCls,"appResClsName = appPackage != null ? appPackage + "".R"" : ""R","appResClsName = appPackage != null ? appPackage + "".R"" : ""R|appResClsName);
		LOG.debug(""Searching app 'R' class|resCls.getClassInfo().getAlias());
		return resCls;",
235,replicaShard,replica,False,6,replica|replica|replica|totalTranslogOps|replica|replica,"replica = shards.getReplicas().get(0);
        closeShard","replica = shards.getReplicas().get(0);
        closeShard|replica.indexSettings().getIndexMetadata());
        recoverReplica(replica, (|replica <EOT></s>|totalTranslogOps, equalTo(numDocs));
            }

            @|replica <EOT></s>|replica);
        closeShards(primaryShard);
    }

    public",
236,project,MASK,False,8,MASK|MASK|MASK|MASK|MASK|MASK|MASK|MASK,[MASK] <EOT></s>,[MASK] <EOT></s>|[MASK] <EOT></s>|MASK <EOT></s>|MASK <EOT></s>|MASK <EOT></s>|[MASK] <EOT></s>|MASK <EOT></s>|MASK <EOT></s>,
237,rootAbs,emptyAbs,False,3,emptyAbs|emptyAbs|emptyAbs,"emptyAbs = create(""/"");
    assertThat(fooBarWizAbs.get","emptyAbs = create(""/"");
    assertThat(fooBarWizAbs.get|emptyAbs);
  }

  @Test
  public void testGetParentDirectory|emptyAbs.getParentDirectory()).isNull();
  }

  @Test
",
238,contentType,MASK,False,7,MASK|MASK|MASK|MASK|MASK|MASK|contentType,[MASK] <EOT></s>,"[MASK] <EOT></s>|[MASK] <EOT></s>|MASK <EOT></s>|MASK <EOT></s>|MASK <EOT></s>|MASK
                                                                         <EOT></s>|contentType <EOT></s>",
239,clearRealmCacheRequest,MASK,False,5,MASK|MASK|MASK|MASK|MASK,"[MASK]
               <EOT></s>","[MASK]
               <EOT></s>|[MASK] .v1().allRealms(), is(true));
            assertThat|MASK .v1().usernames().length, is(1));
            assertThat|MASK <EOT></s>|MASK <EOT></s>",
240,rLogger,MASK,False,4,MASK|MASK|MASK|MASK,[MASK] <EOT></s>,[MASK] <EOT></s>|[MASK] <EOT></s>|[MASK] <EOT></s>|MASK <EOT></s>,
241,updater,final,False,15,final|Warning|settingValue|Setting|Setting|for|must|MASK|MASK|MASK|updater|MASK|updater|MASK|MASK,"final Setting<String> deprecatedSetting1 = Setting.simpleString(criticalSettingName, setting","final Setting<String> deprecatedSetting1 = Setting.simpleString(criticalSettingName, setting|Warning
        );
        deprecatedSettingWarningOnly.checkDeprecation(settings);
       |settingValue);
        final Settings settings = Settings.builder().put(settingName, settingValue|Setting });
    }

    public void testCheckForDeprecationWithSkipSetting|Setting(""a.bool.setting"", true, Property.DeprecatedWarning, Property.Dep|483648] for setting [int.setting] must be >= [-2|] must be >= -922337203685477|[MASK] <EOT></s>|MASK <EOT></s>|MASK <EOT></s>|updater
        final SettingUpdater<Map<String, String>>  [MA|[MASK] <EOT></s>|updater  is always expected to have changed (even when defaults are omitted)
        assert|MASK .hasChanged(current, previous));

        // THEN changes are expected when defaults|MASK .getValue(current, previous);
        assertNotNull(updatedSettings);
       ",
242,acceptHeaderValue,MASK,False,4,MASK|MASK|MASK|MASK,[MASK] <EOT></s>,[MASK] <EOT></s>|[MASK] <EOT></s>|MASK <EOT></s>|MASK <EOT></s>,
243,aggProfileShardResult,aggregationProfileResults,False,2,aggregationProfileResults|aggregationProfileResults,aggregationProfileResults <EOT></s>,"aggregationProfileResults <EOT></s>|  aggregationProfileResults,
                randomBoolean() ? null : randomAlphaOfLength(1",
244,annotatedBeanClass,beanClass,False,2,beanClass|beanClass,"beanClass) {
		AnnotationConfigApplicationContext ac = new AnnotationConfigApplicationContext();","beanClass) {
		AnnotationConfigApplicationContext ac = new AnnotationConfigApplicationContext();|beanClass <EOT></s>",
245,vScrollKnob,barWidth,False,21,barWidth|return|;|{|pixelsY|}|public|{|return|the|() {||return|hScrollKnob|return|vScrollKnob|vScrollKnob|vScrollKnob|vScrollKnob|vScrollKnob|vScrollKnob,"barWidth;
		}
		return width;
	}

	public","barWidth;
		}
		return width;
	}

	public|		return width;
	}

	public float getPrefHeight () {
|;
	}

	public float getMinHeight () {
		return 0|{
		return 0;
	}

	public void setActor (|= pixelsY;
	}

	/** Returns the current x scroll amount. */
|}

	/** Returns the percentage of the horizontal scrollbar that is currently visible. */
|	public void setScrollY (float pixels) {
		scrollY(MathUtils.|{
		scrollY(MathUtils.clamp(pixels, 0,|return amountY;
	}

	/** Returns the x scroll position in pixels, where|the horizontal scrollbar. */
	public float getHScrollBarWidth () {
		|() {
		return actorArea.width;
	}

	/** Returns the|
	}

	public boolean isTopEdge () {
		return !scrollY|	return !scrollY || amountY <= 0;
	}

	public boolean|hScrollKnob != null) width = style.hScrollKnob.getMin|return <EOT></s>|vScrollKnob;
		public @Null Drawable  [MASK] <EOT>|vScrollKnob <EOT></s>|vScrollKnob <EOT></s>|vScrollKnob <EOT></s>|vScrollKnob <EOT></s>|vScrollKnob <EOT></s>",
246,entity,request,False,2,request|request,"request) {
		}

		@PostMapping
		void postRaw","request) {
		}

		@PostMapping
		void postRaw|request <EOT></s>",
247,fullURLStr,decodedURLStr,False,5,decodedURLStr|after|decodedURLStr|MASK|MASK,decodedURLStr <EOT></s>,"decodedURLStr <EOT></s>|after {@link URL#encode(String)} string
     *                      encodedURLStr after decode|decodedURLStr <EOT></s>|[MASK] <EOT></s>|MASK <EOT></s>",
248,source,MASK,False,4,MASK|MASK|bytes|bytes,[MASK] <EOT></s>,[MASK] <EOT></s>|MASK <EOT></s>|bytes <EOT></s>|  bytes <EOT></s>,
249,textureId,inputTextureId,False,2,inputTextureId|inputTextureId,"inputTextureId The ID of the texture queued to the {@code VideoFrameProcessor}.
  ","inputTextureId The ID of the texture queued to the {@code VideoFrameProcessor}.
  |inputTextureId <EOT></s>",
250,cMemoryOwn,MASK,False,18,MASK|MASK|MASK|MASK|MASK|MASK|MASK|MASK|MASK|MASK|MASK|MASK|MASK|MASK|MASK|MASK|MASK|MASK,[MASK] <EOT></s>,"[MASK] <EOT></s>|[MASK] <EOT></s>|[MASK] <EOT></s>|MASK <EOT></s>|[MASK] <EOT></s>|MASK <EOT></s>|[MASK] <EOT></s>|[MASK] <EOT></s>|[MASK] <EOT></s>|MASK <EOT></s>|MASK <EOT></s>|MASK );
		}

		public static long getCPtr (Edge obj|[MASK] <EOT></s>|MASK <EOT></s>|[MASK] <EOT></s>|MASK <EOT></s>|MASK <EOT></s>|MASK <EOT></s>",
251,writer,EOT,False,3,EOT|EOT|EOT, <EOT></s>, <EOT></s>| EOT <EOT></s>|EOT <EOT></s>,
252,shift,shift,True,2,shift|shift,"shift) {
        return ((props>>shift)&1)!=0;
    }
","shift) {
        return ((props>>shift)&1)!=0;
    }
|shift <EOT></s>",
253,linkOff,linkOff,True,1,linkOff,"linkOff = buf.readInt();
		int mapOff <EOT></s>","linkOff = buf.readInt();
		int mapOff <EOT></s>",
254,testInfo,MASK,False,4,MASK|MASK|MASK|MASK,[MASK] <EOT></s>,[MASK] <EOT></s>|MASK <EOT></s>|MASK <EOT></s>|MASK <EOT></s>,
255,staticVariableName,MASK,False,10,MASK|MASK|MASK|MASK|MASK|MASK|MASK|MASK|MASK|MASK,[MASK] <EOT></s>,"[MASK] <EOT></s>|[MASK] <EOT></s>|[MASK] <EOT></s>|[MASK] <EOT></s>|MASK <EOT></s>|MASK <EOT></s>|MASK <EOT></s>|MASK <EOT></s>|MASK <EOT></s>|MASK );
    } else {
      // Generates code that looks like:
     ",
256,nodes,MASK,False,25,MASK|MASK|MASK|MASK|MASK|MASK|MASK|MASK|MASK|MASK|MASK|MASK|MASK|MASK|MASK|MASK|MASK|MASK|MASK|MASK|MASK|MASK|MASK|nodes|MASK,"[MASK]  = DiscoveryNodes.builder().localNodeId(""node"").masterNode","[MASK]  = DiscoveryNodes.builder().localNodeId(""node"").masterNode|[MASK] );

        AtomicInteger calledTimes = new AtomicInteger(0|MASK );
            registry.clusterChanged(newEvent);
            assertThat(calledTimes|[MASK]  = DiscoveryNodes.builder().localNodeId(""node"").masterNode|MASK 
        );

        AtomicInteger calledTimes = new AtomicInteger(|MASK );
            registry.clusterChanged(newEvent);
            assertThat(calledTimes|[MASK] <EOT></s>|MASK 
        );
        AtomicInteger calledTimes = new AtomicInteger(0|MASK  = DiscoveryNodes.builder().localNodeId(""node"").masterNodeId(""|MASK <EOT></s>|MASK <EOT></s>|[MASK] <EOT></s>|MASK <EOT></s>|[MASK] <EOT></s>|MASK 
        );
        registry.clusterChanged(event);
    }

|MASK <EOT></s>|MASK );
        registry.clusterChanged(event);
        assertBusy(() -> assert|[MASK] <EOT></s>|MASK 
        );
    }

    private ClusterChangedEvent createCluster|MASK <EOT></s>|MASK <EOT></s>|MASK.getLocalNode().isMasterNode() && MASK.getLocalNode().|MASK <EOT></s>|nodes(MASK )
            .routingTable(RoutingTable.EMPTY_|MASK  <EOT></s>",
257,failure,MASK,False,8,MASK|state|MASK|onServiceFailed|throwable|shutdown|throwable|failureCause,"[MASK] (Service service) {
 *           // Something failed, at this point we","[MASK] (Service service) {
 *           // Something failed, at this point we|state changes, <EOT></s>|MASK (Service service) {}
  }

  /**
   * A listener for|onServiceFailed(service);
            }

            @Override
            public String toString|throwable <EOT></s>|shutdown
        // we can see the cause of the failure.
        if (!(|throwable);
        }
        if (from == State.STARTING) {
         |failureCause() != null ? service.failureCause() : new <EOT></s>",
258,clazz,MASK,False,6,MASK|MASK|MASK|MASK|MASK|MASK,[MASK] <EOT></s>,[MASK] <EOT></s>|MASK <EOT></s>|[MASK] <EOT></s>|MASK <EOT></s>|MASK <EOT></s>|MASK <EOT></s>,
259,targetField,MASK,False,14,MASK|MASK|MASK|MASK|MASK|MASK|targetField|targetField|beanName|bean|MASK|targetClass|either|MASK,[MASK] <EOT></s>,"[MASK] <EOT></s>|[MASK] <EOT></s>|[MASK] <EOT></s>|[MASK] <EOT></s>|MASK  <EOT></s>|MASK <EOT></s>|targetField.
	 * @see #setTargetClass
	 * @see #setTarget|targetField"" have been specified.
	 * This allows for concise bean definitions with just an|beanName == null && this.staticField <EOT></s>|bean name '"" + this.beanName + ""'"");
			}
			|[MASK] <EOT></s>|targetClass != null && this.targetObject == null) {
			// targetClass|either targetClass or targetObject is required"");
		}

		if (|MASK  <EOT></s>",
260,values,values,True,41,values|values|values|values|MASK|values|values|m1|assertTrue|collection|MASK|MASK|MASK|MASK|MASK|MASK|MASK|MASK|MASK|MASK|calling|MASK|MASK|new|Array|Tears|MASK|MASK|MASK|keySet|keySet|MASK|MASK|values|valueSet|values|values|values|values|values|values,"values()
     */
    public void test_values() {
        // Test for method","values()
     */
    public void test_values() {
        // Test for method|values() {
        // Test for method java.util.Collection java.util.Linked|values ()
        Collection c = hm.values();
        assertTrue(""Returned collection|values <EOT></s>|[MASK]  = myLinkedHashMap. [MASK] ();
        new Support|values <EOT></s>|values ()"",  [MASK] )
                .runTest();
         [MASK| m1
                .values()
                .remove(new Integer(1)));
       |  assertTrue("" [MASK] () is not modifiable"",
                    !((Collection|collection should remove from the original map"",
                !myLinkedHashMap.containsValue(new|[MASK] <EOT></s>|[MASK] <EOT></s>|MASK <EOT></s>|[MASK] <EOT></s>|MASK <EOT></s>|MASK 2 = map2. [MASK] ();
        assertTrue("" [MA|MASK <EOT></s>|[MASK] <EOT></s>|MASK 2 !=  [MASK] );

        //  [MASK]|MASK <EOT></s>|calling  MASK <EOT></s>|MASK () was not cloned"",
                ""value"",  [MASK] 2|MASK 2.iterator().next());
        assertEquals(""keySet() was not cl|= new Integer(i);
            objArray2[i] = new Integer(i);|Array[i].toString();
        }
        hm = new LinkedHashMap();
       |* Tears down the fixture, for example, close a network connection. This
     *|[MASK] <EOT></s>|MASK <EOT></s>|MASK ();
        Iterator it1 = s1.iterator();
        assertTrue(""|keySet <EOT></s>|keySet <EOT></s>|[MASK] <EOT></s>|MASK  <EOT></s>|values = hashMap.values();
        ArrayList<String> expectedValues = new ArrayList<>(|valueSet();
        ArrayList<String> expectedValues = new ArrayList<>(values);

|values);

        SpliteratorTester.runBasicIterationTests_unordered(|values.spliterator(), expectedValues,
                String::compareTo);
        Spliterator|values , expectedValues);
        SpliteratorTester.testSpliteratorNPE(|values .spliterator());

        assertTrue( values .spliterator().hasCharacteristics(|values .spliterator().hasCharacteristics(Spliterator.ORDERED));
        Spl|values <EOT></s>",
261,number,MASK,False,12,MASK|MASK|MASK|MASK|MASK|MASK|MASK|MASK|MASK|MASK|MASK|MASK,[MASK] <EOT></s>,"[MASK] <EOT></s>|MASK <EOT></s>|MASK <EOT></s>|[MASK] <EOT></s>|MASK <EOT></s>|MASK <EOT></s>|MASK <EOT></s>|MASK Format = NumberFormat.getInstance(Locale.ENGLISH);
		|MASK <EOT></s>|MASK <EOT></s>|MASK <EOT></s>|MASK  <EOT></s>",
262,details,MASK,False,4,MASK|MASK|userDetails|userDetails,[MASK] <EOT></s>,[MASK] <EOT></s>|MASK <EOT></s>|userDetails <EOT></s>|userDetails <EOT></s>,
263,builder,MASK,False,18,MASK|MASK|MASK|MASK|MASK|MASK|MASK|MASK|MASK|MASK|MASK|MASK|MASK|MASK|MASK|MASK|MASK|MASK,[MASK] <EOT></s>,"[MASK] <EOT></s>|[MASK] <EOT></s>|MASK  <EOT></s>|[MASK] <EOT></s>|MASK <EOT></s>|MASK <EOT></s>|MASK <EOT></s>|MASK <EOT></s>|MASK .build();
        assertEquals(parameters, options.getParameters());

       |MASK <EOT></s>|[MASK] <EOT></s>|MASK <EOT></s>|MASK <EOT></s>|MASK .addHeader(randomAsciiAlphanumOfLength(3), randomAscii|MASK .setHttpAsyncResponseConsumerFactory(new HeapBufferedResponseConsumerFactory|MASK <EOT></s>|MASK <EOT></s>|MASK  <EOT></s>",
264,request,request,True,4,request|request|request|request,request <EOT></s>,request <EOT></s>|request <EOT></s>|request <EOT></s>|request <EOT></s>,
265,putLifecycle,request,False,2,request|request,request <EOT></s>,"request <EOT></s>|request).get();
        } catch (Exception e) {
            logger.error(""failed",
266,create,MASK,False,4,MASK|false|MASK|includeDefault,[MASK] <EOT></s>,"[MASK] <EOT></s>|false);
        }
        catch (IOException e) {
            throw new RuntimeException(|MASK <EOT></s>|includeDefault <EOT></s>",
267,routingTable,MASK,False,8,MASK|MASK|MASK|MASK|MASK|MASK|routingTable|MASK,[MASK] <EOT></s>,"[MASK] <EOT></s>|[MASK] <EOT></s>|[MASK] <EOT></s>|MASK <EOT></s>|[MASK]  = RoutingTable.builder();
        var globalRoutingTable <EOT>|MASK <EOT></s>|routingTable <EOT></s>|MASK <EOT></s>",
268,aliases,MASK,False,11,MASK|MASK|MASK|MASK|MASK|MASK|MASK|MASK|MASK|settings|Settings,[MASK] <EOT></s>,"[MASK] <EOT></s>|[MASK] <EOT></s>|[MASK] <EOT></s>|[MASK] <EOT></s>|MASK <EOT></s>|MASK <EOT></s>|MASK <EOT></s>|MASK <EOT></s>|MASK <EOT></s>|settings(Settings.builder().put(""index.hidden"", true))
                    .mapping(|Settings.builder().put(IndexMetadata.SETTING_NUMBER_OF_SHARDS",
269,actualList,EOT,False,3,EOT|EOT|actualValues,      <EOT></s>,"      <EOT></s>|EOT
                <EOT></s>|  actualValues
                    + "" which does not contain any object with keys: ""
                ",
270,listener,listener,True,3,listener|MASK|MASK,listener <EOT></s>,listener <EOT></s>|  [MASK] <EOT></s>|MASK <EOT></s>,
271,service,service,True,6,service|service|MASK|MASK|service|service,service <EOT></s>,"service <EOT></s>|service
                <EOT></s>|[MASK] <EOT></s>|MASK <EOT></s>|  service <EOT></s>|service <EOT></s>",
272,uniformNames,uniformNames,True,1,uniformNames,"uniformNames, IntBuffer uniformIndices);

	public native void glGetActiveUniform","uniformNames, IntBuffer uniformIndices);

	public native void glGetActiveUniform",
273,totalCharsWritten,MASK,False,5,MASK|totalBytesDecompressed|totalCharsCompressed|totalCharsCompressed|totalCharsCompressed,[MASK] <EOT></s>,"[MASK] <EOT></s>| totalBytesDecompressed <EOT></s>|totalCharsCompressed <EOT></s>|totalCharsCompressed
                   <EOT></s>|totalCharsCompressed <EOT></s>",
274,expected,MASK,False,10,MASK|MASK|step|MASK|MASK|expected|MASK|MASK|MASK|MASK,[MASK] <EOT></s>,[MASK] <EOT></s>|[MASK] <EOT></s>|step we <EOT></s>|[MASK] <EOT></s>|[MASK] <EOT></s>|expected IdleStateEvents <EOT></s>|MASK <EOT></s>|MASK <EOT></s>|                                 MASK <EOT></s>|MASK <EOT></s>,
275,reader,MASK,False,5,MASK|MASK|MASK|MASK|MASK,[MASK] <EOT></s>,[MASK] <EOT></s>|MASK <EOT></s>|MASK  <EOT></s>|MASK <EOT></s>|MASK <EOT></s>,
276,columnIndex,columnIndex,True,4,columnIndex|columnIndex|columnIndex|columnIndex,"columnIndex) throws SQLException {
    return toPrimitiveBytes(rs.getBlob","columnIndex) throws SQLException {
    return toPrimitiveBytes(rs.getBlob|columnIndex ));
  }

  @Override
  public byte[] getNullable|columnIndex <EOT></s>|columnIndex <EOT></s>",
277,project,metadata,False,6,metadata|metadata|node|putCustom|ProjectMetadata|metadata,"metadata.MetadataCreateIndexService;
import org.elasticsearch.cluster.metadata.MetadataCreate","metadata.MetadataCreateIndexService;
import org.elasticsearch.cluster.metadata.MetadataCreate|metadata <EOT></s>|node is present in the cluster state to simplify the assertions in these tests.
            .metadata|putCustom(metadata).build())
            .routingTable(RoutingTable.EMP|ProjectMetadata.TYPE, metadata <EOT></s>|metadata <EOT></s>",
278,centerY,centerY,True,2,centerY|centerY,centerY <EOT></s>,centerY <EOT></s>|centerY <EOT></s>,
279,sparseIndexMap,MASK,False,4,MASK|MASK|MASK|MASK,[MASK] <EOT></s>,[MASK] <EOT></s>|[MASK] <EOT></s>|MASK <EOT></s>|MASK <EOT></s>,
280,vStart,MASK,False,6,MASK|MASK|MASK|MASK|MASK|MASK,[MASK] <EOT></s>,"[MASK] <EOT></s>|[MASK] <EOT></s>|MASK <EOT></s>|MASK <EOT></s>|MASK <EOT></s>|MASK ; vOffset < vEnd; vOffset++) {
        float vValue = v",
281,simpleInstruction,simpleInstruction,True,3,simpleInstruction|simpleInstruction|simpleInstruction,"simpleInstruction)
    {
        codeAttributeComposer.appendInstruction(offset","simpleInstruction)
    {
        codeAttributeComposer.appendInstruction(offset|simpleInstruction <EOT></s>|simpleInstruction);
    }


    public void visitBranchInstruction(Cla",
282,terms,MASK,False,11,MASK|MultiBucketsAggregation|doc|if|Long|);|MASK|MASK|EOT|MASK|MASK,[MASK] <EOT></s>,"[MASK] <EOT></s>|MultiBucketsAggregation;
import org.elasticsearch.search.aggregations.|(doc);
                document.add(new SortedNumericDocValuesField(NUMER|       if (doc instanceof Double) {
            return Double.doubleToLongBits((Double|Long) {
            return doc.longValue();
        } else {
            throw new|"");
    }

    private InternalVariableWidthHistogram searchAndReduce|[MASK] .getBuckets().size(), deltaError);
                assertEquals(|MASK .getBuckets().get(0).getKey());

                Long =| <EOT></s>|[MASK] <EOT></s>|MASK <EOT></s>",
283,asMap,bar,False,22,bar|ref|ref|});|build|Settings|Integer|builder|assertEquals|settingWithFallback|size|value|builder|ms|To|bar|expectThrows||a|Property|Setting|Property,".bar"", ""test3"").build(), builder.build());
        assertEquals(1,",".bar"", ""test3"").build(), builder.build());
        assertEquals(1,|, ref.get().size());
        assertEquals(""123"", ref.get().|(ref.get().toArray(new String[0]), new String[] { ""12|"" });

        settingUpdater.apply(Settings.EMPTY, builder.|"", ""123"").build(), builder.build());
        assertEquals(1, ref|Settings.EMPTY);
        assertEquals(0, defaultValue.size());

|Integer> value2 = otherSettings.get(Settings.builder().put(""foo.bar"",|.builder().put(""foo.bar"", ""1,2,3"").build());
       |assertEquals(4, intValues.size());
        assertEquals(0, intValues.|= settingWithFallback.get(Settings.EMPTY);
        assertEquals(|.size());
        assertEquals(""foo,bar"", value.get(0));

|value.get(0));

        value = settingWithFallback.get(Settings|.builder().put(""foo.baz"", ""123"").build());
        assertEquals|99ms"").build())
        );
        assertThat(illegalArgumentException.getMessage|To(""failed to parse value [4999ms] for setting [bar], must be|[bar], must be >= [5s]""));
        illegalArgumentException = expectThrows|= expectThrows(
            IllegalArgumentException.class,
            () -> settingWith|
    }

    public void testByteSizeValue() {
        final ByteSizeValue|> a = Setting.intSetting(""foo.int.bar.a"", 1, Property|Property.Dynamic, Property.NodeScope);
        Setting<Boolean> boolSetting = Setting.|2 = Setting.intSetting(""prefix.bar"", 2, Property.NodeScope, Property|Property.Dynamic);
        Setting<Integer> intSetting3 = Setting.intSetting(""prefix",
284,methodName,methodName,True,7,methodName|MASK|MASK|MASK|MASK|MASK|MASK,methodName <EOT></s>,"methodName <EOT></s>|[MASK] <EOT></s>|[MASK] <EOT></s>|MASK <EOT></s>|MASK <EOT></s>|MASK )) {
            return handleStartActivity(target, method, args);
       |MASK <EOT></s>",
285,activityClazzName,MASK,False,8,MASK|MASK|MASK|MASK|MASK|MASK|MASK|MASK,[MASK] <EOT></s>,[MASK] <EOT></s>|MASK  != null &&  MASK  <EOT></s>|MASK <EOT></s>|MASK <EOT></s>|MASK <EOT></s>|[MASK] <EOT></s>|MASK <EOT></s>|MASK <EOT></s>,
286,searchFor,EOT,False,7,EOT|EOT|EOT|EOT|MASK|EOT|MASK, <EOT></s>, <EOT></s>|EOT <EOT></s>|EOT <EOT></s>|EOT <EOT></s>|[MASK] <EOT></s>|EOT <EOT></s>|MASK <EOT></s>,
287,chunkingSettings,chunkingSettings,True,2,chunkingSettings|chunkingSettings,"chunkingSettings,
        @Nullable Integer tokenLimit,
        @Nullable Integer dimensions","chunkingSettings,
        @Nullable Integer tokenLimit,
        @Nullable Integer dimensions|chunkingSettings <EOT></s>",
288,groupEnd,MASK,False,12,MASK|MASK|MASK|MASK|MASK|MASK|MASK|MASK|MASK|MASK|MASK|MASK,[MASK] <EOT></s>,"[MASK] <EOT></s>|[MASK] <EOT></s>|MASK <EOT></s>|MASK <EOT></s>|MASK  = groupStart + groups.getValueCount(groupPosition);
      for (int|MASK ; g++) {
        int groupId = groups.getInt(g);
|MASK  = groupStart + groups.getValueCount(groupPosition);
      for (int|MASK <EOT></s>|MASK  = groupStart + groups.getValueCount(groupPosition);
      for (int|MASK ; g++) {
        int groupId = groups.getInt(g);
|MASK <EOT></s>|MASK <EOT></s>",
289,nonExistingTask,tasks,False,2,tasks|tasks,"tasks = deletedProjects.stream().map(this::createTask).toList();
        Cl","tasks = deletedProjects.stream().map(this::createTask).toList();
        Cl|tasks <EOT></s>",
290,requiredSize,EOT,False,2,EOT|EOT,                 <EOT></s>,"                 <EOT></s>|EOT) {
            grow(bucket);
        }
        int next = getNext",
291,backPointers,,False,3,|null|UpdateSequence,                                                                                                                                                                                                                                                                                                                               ,"                                                                                                                                                                                                                                                                                                                               |!= null) {
                fullSchedule.addAll( [MASK] .getUp|UpdateSequence
                        <EOT></s>",
292,whitelistUserControlledList,MASK,False,10,MASK|MASK|MASK|MASK|MASK|MASK|MASK|MASK|MASK|MASK, MASK <EOT></s>," MASK <EOT></s>|[MASK] <EOT></s>|[MASK] <EOT></s>|MASK ));
        assertThat(Files.readString( MASK , StandardChar|MASK <EOT></s>|MASK ));
        assertThat(Files.readString( MASK , StandardChar|MASK <EOT></s>|MASK <EOT></s>|MASK <EOT></s>|MASK <EOT></s>",
293,contentType,mediaType,False,2,mediaType|mediaType,mediaType <EOT></s>,mediaType <EOT></s>|mediaType <EOT></s>,
294,className,MASK,False,7,MASK|MASK|MASK|MASK|MASK|MASK|MASK,[MASK] <EOT></s>,"[MASK] <EOT></s>|MASK ;
  }

  /**
   * Returns the internal name of the class|MASK <EOT></s>|MASK <EOT></s>|MASK  =  [MASK] ;
    return addConstantClass( [MA|MASK ;
    return addConstantClass( [MASK] ).index;
 |MASK );
  }

  /**
   * Returns the number of entries in this",
295,otherLat,otherLat,True,11,otherLat|otherLat|otherLat|otherLat|otherLat|otherLat|otherLat|otherLat|otherLat|otherLat|otherLat,otherLat <EOT></s>,"otherLat <EOT></s>|otherLat, otherLon) / 1000d, script.arcDistance(|otherLat , otherLon) / 1000d, 0.01|otherLat , otherLon) / 1000d,
            script.arc|otherLat , otherLon, 42) / 1000d,
|otherLat <EOT></s>|otherLat , otherLon) / 1000d, script.planeDistance(|otherLat , otherLon) / 1000d, 0.01|otherLat , otherLon) / 1000d,
            script.plane|otherLat <EOT></s>|otherLat <EOT></s>",
296,destBitmap,Ref,False,14,Ref|MASK|Ref|Ref|MASK|MASK|MASK|MASK|MASK|MASK|MASK|sourceBitmap|MASK|MASK,"Ref =
        bitmapFactory.createBitmapInternal(
            sourceBitmap.getWidth(),
","Ref =
        bitmapFactory.createBitmapInternal(
            sourceBitmap.getWidth(),
|[MASK] , <EOT></s>|Ref.clone();
    } finally {
      CloseableReference.closeSafely(|Ref);
    }
  }

  /**
   * Clients should override|[MASK] <EOT></s>|[MASK] <EOT></s>|[MASK] <EOT></s>|MASK <EOT></s>|[MASK] <EOT></s>|MASK <EOT></s>|MASK <EOT></s>|sourceBitmap
            <EOT></s>|MASK <EOT></s>|MASK <EOT></s>",
297,fieldName,fieldName,True,4,fieldName|fieldName|fieldName|fieldName,"fieldName) {
            if (filteredNames.contains(fieldName) == false)","fieldName) {
            if (filteredNames.contains(fieldName) == false)|fieldName ) == false) {
                // Throw IAE to be consistent with fieldInfo|fieldName
                       <EOT></s>|fieldName <EOT></s>",
298,executionServer,MASK,False,43,MASK|MASK|MASK|MASK|MASK|MASK|MASK|MASK|MASK|MASK|MASK|MASK|MASK|MASK|MASK|MASK|MASK|MASK|MASK|MASK|MASK|MASK|MASK|MASK|MASK|MASK|MASK|MASK|MASK|MASK|MASK|MASK|MASK|MASK|MASK|MASK|MASK|MASK|MASK|MASK|MASK|MASK|MASK,[MASK] <EOT></s>,"[MASK] <EOT></s>| [MASK] <EOT></s>|MASK <EOT></s>|[MASK] CapabilitiesImpl = new CapabilitiesImpl(EXEC_AND_CAC|[MASK]  =
        createFakeServer(EXECUTION_SERVER_|[MASK] CapabilitiesImpl);
     [MASK] .start();

   |[MASK] .start();

    try {
      beforeCommand();

     |[MASK] .shutdownNow();
      cacheServer.shutdownNow();|MASK .awaitTermination();
      cacheServer.awaitTermination();
    }|[MASK] <EOT></s>|MASK  =
        createFakeServer(EXECUTION_SERVER_NAME,|MASK CapabilitiesImpl);
     MASK .start();

    try {
|[MASK] <EOT></s>|[MASK] <EOT></s>|[MASK] .shutdownNow();
       [MASK] .awaitTermination|MASK .awaitTermination();
    }
  }

  @Test
|[MASK] <EOT></s>|[MASK] <EOT></s>|MASK <EOT></s>|[MASK] <EOT></s>|MASK <EOT></s>|[MASK] <EOT></s>|[MASK] <EOT></s>|[MASK] <EOT></s>|MASK  =
        createFakeServer(EXECUTION_SERVER_NAME,|MASK CapabilitiesImpl);
     MASK .start();

    CapabilitiesImpl|[MASK] <EOT></s>|MASK <EOT></s>|[MASK] <EOT></s>|MASK .awaitTermination();
      cacheServer.awaitTermination();
    }
|[MASK] <EOT></s>|MASK  =
        createFakeServer(EXECUTION_SERVER_NAME,|MASK <EOT></s>|[MASK] <EOT></s>|[MASK] .shutdownNow();
       [MASK] .awaitTermination|MASK .awaitTermination();
    }
  }

  @Test
 |MASK <EOT></s>|MASK =
        createFakeServer(EXECUTION_SERVER_NAME, |MASK CapabilitiesImpl);
     MASK .start();

    try {
|[MASK ] .start();

    try {
      remoteOptions.remoteExecutor =|MASK CapabilitiesImpl.getRequestCount()).isEqualTo(1);
      assertCirc|MASK .shutdownNow();
       MASK .awaitTermination();
   |MASK .awaitTermination();
    }
  }

  @Test
 ",
299,support,handler,False,4,handler|xctxt|xctxt|get,"handler SerializationHandler to which the attributes are added.
     * @param xctxt <EOT>","handler SerializationHandler to which the attributes are added.
     * @param xctxt <EOT>| xctxt <EOT></s>|xctxt <EOT></s>|get around the problem of
     * ClonerToResultTree, this can also be used",
300,fillIn,MASK,False,3,MASK|MASK|MASK," [MASK] , int offset){
        int length = replaceable.length();
"," [MASK] , int offset){
        int length = replaceable.length();
|MASK <EOT></s>|MASK <EOT></s>",
301,chain,MASK,False,12,MASK|MASK|MASK|MASK|MASK|MASK|MASK|MASK|MASK|MASK|MASK|MASK,[MASK] <EOT></s>,[MASK] <EOT></s>|[MASK] <EOT></s>|MASK <EOT></s>|[MASK] <EOT></s>|MASK <EOT></s>|MASK <EOT></s>|MASK <EOT></s>|[MASK] <EOT></s>|[MASK] <EOT></s>|MASK <EOT></s>|MASK <EOT></s>|MASK <EOT></s>,
302,composableTemplates,composableTemplates,True,3,composableTemplates|composableTemplates|composableTemplates,composableTemplates <EOT></s>,"composableTemplates <EOT></s>|composableTemplates.put(template.getKey(), mockTemplate);
        }

|composableTemplates <EOT></s>",
303,indexName,indexName,True,2,indexName|synonymId,indexName <EOT></s>,indexName <EOT></s>|synonymId <EOT></s>,
304,reader,reader,True,4,reader|getAtomicReader|reader|reader,       reader <EOT></s>,       reader <EOT></s>|getAtomicReader <EOT></s>|reader <EOT></s>|reader <EOT></s>,
305,found,MASK,False,4,MASK|MASK|MASK|MASK,"  [MASK]  = DnsRecordType.find(t.intValue());
","  [MASK]  = DnsRecordType.find(t.intValue());
|MASK , t.intValue());
            assertSame(t,  MASK|MASK <EOT></s>|MASK );
             MASK  = DnsRecordType.valueOf(t.name",
306,libraryClassPool,libraryClassPool,True,4,libraryClassPool|libraryClassPool|libraryClassPool|libraryClassPool,"libraryClassPool the library class pool
     */
    public void finishEditing(ClassPool","libraryClassPool the library class pool
     */
    public void finishEditing(ClassPool|libraryClassPool <EOT></s>|libraryClassPool <EOT></s>|libraryClassPool <EOT></s>",
307,numHeaders,numHeaders,True,2,numHeaders|numHeaders,numHeaders <EOT></s>,numHeaders <EOT></s>|numHeaders <EOT></s>,
308,criticalSettingName,settingName,False,4,settingName|MASK|settingName|settingName,"settingName = ""foo.bar"";
        final String settingValue = ""blat"";
","settingName = ""foo.bar"";
        final String settingValue = ""blat"";
|[MASK] <EOT></s>|settingName <EOT></s>|  settingName <EOT></s>",
309,error,e,False,2,e|e,"e) {
    UncheckedThrowingFuture<V> future = new UncheckedThrowing","e) {
    UncheckedThrowingFuture<V> future = new UncheckedThrowing|e <EOT></s>",
310,weeks,periods,False,31,periods|MASK|week|days|days|the|days|Fields|created|S|return|date|al|temporal|getFirstDayOfWeek|the|of|WeekOffset|MASK|MASK|MASK|MASK|MASK|MASK|MASK|MASK|MASK|MASK|MASK|MASK|week,"periods, where each period
 * starts on the first day-of-week and has at","periods, where each period
 * starts on the first day-of-week and has at|[MASK] <EOT></s>|week-of-year is based on the {@link
 * ChronoField#YEAR_|days of a week-based-year may be in the previous or next calendar year.
 *|days to adjust)
    // allow week-of-month outer range [0 to 6|the ISO-8601 standard <EOT></s>|days.
     * <p>
     * The week-based-year is used to|Fields instance.
     */
    private static final class ComputedDayOfField extends Tempor|created for each WeekFields.
     */
    private static final class ComputedDayOfField|S, YEARS, WEEK_BASED_YEAR_RANGE);
|@return the new date
         */
        private static LocalDate newDate(Chronology|date
         */
        static ChronoLocalDate newDate(Chronology chrono,|al);
            } else if (rangeUnit == IsoFields.WEEK_BASE|temporal) {
            int dow = temporal.get(DAY_OF_WEEK);|getFirstDayOfWeek().getValue();
            int dow = temporal.get(DAY_OF|the week of week-based-year for the date
         */
        private int localized|of previous year; return the previous year
                return weekOfWeekBasedYear(tempor|WeekOffset(int, int)}
         * @param day the day of the month or day|[MASK] <EOT></s>|MASK <EOT></s>|[MASK] <EOT></s>|[MASK] <EOT></s>|MASK <EOT></s>|MASK <EOT></s>|MASK <EOT></s>|MASK <EOT></s>|MASK <EOT></s>|MASK * 7, DAYS);
            } else {
                int wowby|[MASK] <EOT></s>|MASK .
         */
        private ValueRange rangeWeekOfWeekBasedYear(Chr|week of following year; recompute from a week in following year
                ChronoLocalDate date",
311,attachments,MASK,False,2,MASK|MASK,"[MASK] , int x, int y, int width,
		int height);","[MASK] , int x, int y, int width,
		int height);|MASK , int x, int y, int width,
		int height);

",
312,authnState,,False,2,|null,                                                                                                                                                                                                                                                                                                                               ,"                                                                                                                                                                                                                                                                                                                               |, null <EOT></s>",
313,params,MASK,False,12,MASK|MASK|MASK|MASK|MASK|MASK|MASK|MASK|MASK|MASK|MASK|MASK,[MASK] <EOT></s>,[MASK] <EOT></s>|[MASK] <EOT></s>|[MASK] <EOT></s>|MASK <EOT></s>|MASK <EOT></s>|[MASK] <EOT></s>|[MASK] <EOT></s>|MASK <EOT></s>|MASK <EOT></s>|MASK <EOT></s>|MASK <EOT></s>|MASK <EOT></s>,
314,instance,instance,True,3,instance|instance|instance,instance <EOT></s>,instance <EOT></s>|  instance <EOT></s>|instance <EOT></s>,
315,field,field,True,3,field|field|field,"field = cl.getDeclaredField(""m"");
                    ReflectUtils.make","field = cl.getDeclaredField(""m"");
                    ReflectUtils.make|field <EOT></s>|field
                            <EOT></s>",
316,groupEnd,MASK,False,12,MASK|MASK|MASK|MASK|MASK|MASK|MASK|MASK|MASK|MASK|MASK|MASK,[MASK] <EOT></s>,"[MASK] <EOT></s>|[MASK] <EOT></s>|MASK <EOT></s>|MASK <EOT></s>|MASK  = groupStart + groups.getValueCount(groupPosition);
      for (int|MASK ; g++) {
        int groupId = groups.getInt(g);
|MASK <EOT></s>|MASK <EOT></s>|MASK  = groupStart + groups.getValueCount(groupPosition);
      for (int|MASK ; g++) {
        int groupId = groups.getInt(g);
|MASK <EOT></s>|MASK <EOT></s>",
317,foobarRelative,create,False,21,create|assertThat|To|create|isEqualTo|create|assertThat|actly|assertThat|isEqualTo|That|isEqualTo|a|b|Fragment|getPathString|create|That|create|That|That,"create(""foo"").getSafePathString()).isEqualTo(""foo"");
    assertThat","create(""foo"").getSafePathString()).isEqualTo(""foo"");
    assertThat|   assertThat(create(""a/./b"")).isEqualTo(create(""a/|To(create(""../b""));
    assertThat(create(""a/../b"")).|(create(""a/../../."")).isEqualTo(create(""..""));
   |).isEqualTo(create(""a/../b""));
    assertThat(create(""a|create(""a/b/c"")).isEqualTo(create(""a/b/c|   assertThat(create(""a/b/c/../../b"")).isEqualTo(|actly(""a"");
    assertThat(create(""a/b"").splitToListOfSegments|assertThat(create(""a/b/c"").getSegment(0)).isEqualTo|)).isEqualTo(""b"");
    assertThat(create(""a/b/c"").|That(create(""/a"").getSegment(0)).isEqualTo(""a"");
   |)).isEqualTo(""a"");
    assertThat(create(""/a/b"").getSeg|a/b"").getSegment(0)).isEqualTo(""a"");
    assertThat|/b"").getSegment(1)).isEqualTo(""b"");
    assertThat(|Fragment = create(""../foo"");
    assertThat(pathFragment.containsUplevelRe|getPathString()).isEqualTo(""/dir1/file"");
  }

  @|create(""/foo"").endsWith(foobar)).isFalse();
    assertThat(create(""/|That .endsWith( isEqualTo )).isTrue();
    assertThat( a .|create(""foo""))).isTrue();
    assertThat( a .endsWith(create(""|That .endsWith( create )).isTrue();
    assertThat( create .endsWith|That .endsWith(create(""""))).isTrue();

    // (path, sib",
318,atlasFilename,MASK,False,5,MASK|MASK|MASK|MASK|MASK,[MASK] <EOT></s>,[MASK] <EOT></s>|MASK <EOT></s>|MASK <EOT></s>|MASK <EOT></s>|MASK <EOT></s>,
319,context,MASK,False,6,MASK|MASK|MASK|MASK|MASK|MASK,[MASK] <EOT></s>,[MASK] <EOT></s>|[MASK] <EOT></s>|[MASK] <EOT></s>|MASK <EOT></s>|MASK <EOT></s>|MASK <EOT></s>,
320,decimalsBlock,decimalsBlock,True,8,decimalsBlock|decimalsBlock|decimalsBlock|decimalsBlock|decimalsVector|decimalsVector|decimalsVector|decimalsVector,decimalsBlock <EOT></s>,"decimalsBlock <EOT></s>|decimalsBlock <EOT></s>|decimalsBlock
            <EOT></s>|decimalsBlock <EOT></s>|decimalsVector <EOT></s>|decimalsVector.getValueCount(p)) {
          case 0:
              result|decimalsVector <EOT></s>|decimalsVector <EOT></s>",
321,oldDescs,MASK,False,4,MASK|MASK|MASK|MASK,[MASK] <EOT></s>,[MASK] <EOT></s>|MASK.add(describer != null ? describer.describe(oldObj)|MASK <EOT></s>|MASK <EOT></s>,
322,lineNumberInfo,lineNumberInfo,True,7,lineNumberInfo|MASK|MASK|MASK|MASK|MASK|MASK,"lineNumberInfo)
    {
        // Are we inlining this instruction?
       ","lineNumberInfo)
    {
        // Are we inlining this instruction?
       |[MASK] <EOT></s>|  [MASK] <EOT></s>|[MASK] <EOT></s>|[MASK] <EOT></s>|MASK <EOT></s>|MASK <EOT></s>",
323,headersBuilder,MASK,False,8,MASK|MASK|MASK|contents|MASK|MASK|MASK|MASK, [MASK] <EOT></s>, [MASK] <EOT></s>|[MASK] <EOT></s>|[MASK] <EOT></s>|contents != null && contents <EOT></s>|MASK <EOT></s>|[MASK] <EOT></s>|MASK <EOT></s>|MASK <EOT></s>,
324,client,MASK,False,3,MASK|MASK|client,   [MASK] <EOT></s>,   [MASK] <EOT></s>|MASK  <EOT></s>| client <EOT></s>,
325,configuration,containerProperties,False,17,containerProperties|containerProperties|containerProperties|MASK|MASK|MASK|MASK|MASK|MASK|MASK|MASK|MASK|MASK|MASK|MASK|MASK|containerProperties,"containerProperties,
			RabbitProperties.Listener listenerProperties <EOT></s>","containerProperties,
			RabbitProperties.Listener listenerProperties <EOT></s>|containerProperties <EOT></s>|containerProperties <EOT></s>|[MASK] <EOT></s>|[MASK] .getBackOff() != null) {
			factory.set|[MASK] <EOT></s>|[MASK] .getChannelTransacted() != null) {
			factory|[MASK] <EOT></s>|MASK .getConcurrentConsumers() != null) {
			factory.|[MASK] <EOT></s>|MASK .getMissingQueuesFatal() != null) {
			factory|MASK <EOT></s>|[MASK] <EOT></s>|[MASK] <EOT></s>|MASK <EOT></s>|MASK <EOT></s>|containerProperties <EOT></s>",
326,operator,MASK,False,10,MASK|subscriptions|MASK|ts|MASK|MASK|MASK|MASK|MASK|MASK,[MASK] <EOT></s>,"[MASK] <EOT></s>|subscriptions.BooleanSubscription;
import io.reactivex.rxjava3.|  [MASK] <EOT></s>|  ts.onSubscribe(MASK);

        assertFalse(MASK.is|[MASK] <EOT></s>|MASK .addAndGet(1);

        MASK .getAndIncrement|[MASK] <EOT></s>|[MASK] .getAndIncrement();

         [MASK] <EOT></s>|MASK <EOT></s>|MASK <EOT></s>",
327,checkLicense,MASK,False,5,MASK|MASK|MASK|MASK|MASK,[MASK] <EOT></s>,[MASK] <EOT></s>|MASK <EOT></s>|MASK <EOT></s>|MASK <EOT></s>|MASK <EOT></s>,
328,seekPoint,seekPoint,True,3,seekPoint|MASK|MASK,seekPoint <EOT></s>,"seekPoint <EOT></s>|[MASK] , seekPoint <EOT></s>|MASK , seekPoint <EOT></s>",
329,array,MASK,False,175,"MASK|MASK|MASK|MASK|MASK|MASK|MASK|MASK|MASK|MASK|MASK|MASK|MASK|MASK|MASK|MASK|MASK|MASK|MASK|target|target|MASK|target|target|MASK|MASK|MASK|MASK|MASK|MASK|MASK|MASK|MASK|MASK|MASK|MASK|MASK|MASK|MASK|MASK|MASK|MASK|MASK|MASK|MASK|MASK|MASK|MASK|MASK|MASK|MASK|MASK|MASK|MASK|MASK|MASK|MASK|MASK|MASK|MASK|MASK|MASK|MASK|code|MASK|MASK|MASK|MASK|MASK|MASK|MASK|arraycopy|MASK|MASK|MASK|code|MASK|MASK|MASK|MASK|MASK|MASK|MASK|MASK|MASK|MASK|MASK|MASK|MASK|MASK|MASK|MASK|MASK|MASK|MASK|MASK|MASK|MASK|MASK|values|MASK|MASK|both|.|This|the|out|the|which|fA|]+#)"";|pP|fFdD|completeDec|Pattern|util|ASCII|u002D|D|the|code||return|since|since|regular|()) {|consider|a||since|MASK|Pattern|MASK|MASK|MASK|MASK|subList|return|MASK|MASK|MASK|fromIndex|MASK|MASK|MASK|code|code|MASK|EOT|MASK|code|code|code|MASK|MASK|MASK|MASK|MASK|MASK|MASK|MASK|MASK|MASK|MASK|MASK|MASK|EOT|MASK|MASK|that|MASK|MASK|MASK|MASK",[MASK] <EOT></s>,"[MASK] <EOT></s>|[MASK]  an  [MASK]  of {@code double} values, possibly|[MASK]  of {@code double} values, possibly empty
   * @param target|MASK <EOT></s>|[MASK] <EOT></s>|MASK ,
        value <EOT></s>|[MASK] <EOT></s>|[MASK] <EOT></s>|[MASK] <EOT></s>|MASK [i] == target}, or {@code -1} if no
   *    |MASK , double target) {
    return indexOf( [MASK] , target,|MASK , target, 0,  [MASK] .length);
  }
|[MASK] .length);
  }

  // TODO(kevinb):|[MASK] <EOT></s>|MASK [i] == target) {
        return i;
      }
    }|[MASK] }. The return value is the smallest index {@code i} for which {@| MASK ,
   * i, i + target.length)} contains exactly the same|[MASK]  an  [MASK]  of {@code double} values, possibly|[MASK]  of {@code double} values, possibly empty
   * @param target|target {@code double} value to search for
   * @return the start position of the first|target}
   * @return the start position of the first occurrence of the sequence {@code target|[MASK] , double[] target) {
    checkNotNull( [MASK]|target, ""target"");
    checkNotNull(  MASK , "" [MASK|target"");
    checkNotNull(  MASK , ""  MASK"");
|MASK .length - target.length + 1; i++) {
      for (int|[MASK] [i + j] != target[j]) {
          continue;
|MASK <EOT></s>|MASK  an  MASK  of {@code double} values, possibly empty
  |MASK  of {@code double} values, possibly empty
   * @param target a primitive|MASK [i] == target}, or {@code -1} if no
   *    |MASK , double target) {
    return lastIndexOf( [MASK] , target|MASK , target, 0,  MASK .length);
  }

|MASK .length);
  }

  // TODO(kevinb): consider making|MASK , double target, int start, int end) {
    for (int i =|MASK [i] == target) {
        return i;
      }
    }|[MASK] <EOT></s>|[MASK] <EOT></s>|[MASK] <EOT></s>|MASK } that is less than or equal to every other value in
   *     the |MASK <EOT></s>|MASK } is empty
   */
  @GwtIncompatible(
      ""Available|MASK ) {
    checkArgument( [MASK] .length > 0);
|[MASK] <EOT></s>|MASK <EOT></s>|MASK .length; i++) {
      min = Math.min(min,  M|MASK <EOT></s>|MASK <EOT></s>|MASK <EOT></s>|MASK <EOT></s>|MASK <EOT></s>|MASK 
   * @throws IllegalArgumentException if {@code  MASK|MASK <EOT></s>|MASK ) {
    checkArgument( [MASK] .length > 0);
|MASK <EOT></s>|MASK <EOT></s>|MASK .length; i++) {
      max = Math.max(max,  M|MASK <EOT></s>|[MASK]  in the order they appear in the  [MASK] , skipping|[MASK] . In other words, this
   * method returns a  [MASK|[MASK] <EOT></s>|[MASK]  the  [MASK]  of {@code double}  [MA|[MASK] s, possibly empty
   * @return a single  [MASK]|[MASK] <EOT></s>|{@code double}  MASK 
   * @throws NullPointerException if|MASK } is zero
   * @throws IllegalArgumentException if the total number of|MASK ) {
    switch (MASK .length) {
      case 0:|[MASK]  :  [MASK] s) {
      length +=  [|[MASK] <EOT></s>|[MASK] <EOT></s>|MASK  :  MASK s) {
      System. [MASK] copy|MASK s) {
      System. [MASK] copy( [MASK] ,|arraycopy( [MASK] , 0, result, pos,  [MASK]|MASK , 0, result, pos,  [MASK] .length);
     |[MASK] <EOT></s>|MASK .length;
    }
    return result;
  }

  /**|code <EOT></s>|[MASK] <EOT></s>|[MASK] } in the opposite order, from
   * {@code [MASK]|[MASK <EOT></s>|MASK <EOT></s>|MASK <EOT></s>|[MASK] <EOT></s>|[MASK]  to ""grow"", if necessary
   * @param minLength the|[MASK] <EOT></s>|[MASK]  <EOT></s>|MASK <EOT></s>|MASK }
   * @throws IllegalArgumentException if {@code minLength} or|MASK <EOT></s>|[MASK] <EOT></s>|MASK , 0, minLength) :  [MASK] ;
  }
|MASK ;
  }

  /**
   * Returns a string containing the supplied {@|[MASK] <EOT></s>|MASK  of {@code double} values, possibly empty
   * @return a string containing|MASK ) {
    checkNotNull(separator);
    if ( [MASK|MASK .length == 0) {
      return """";
    }

    //|[MASK] <EOT></s>|MASK [0]);
    for (int i = 1; i <  MAS|MASK .length; i++) {
      builder.append(separator).append( M|MASK [i]);
    }
    return builder.toString();
  }

|values. The sort order is the same as
   * {@linkplain Comparable natural order}.|[MASK] <EOT></s>|MASK  as the
   * lesser. For example, {@code [] < [1|both <EOT></s>|.
   */
  private static final Pattern VALID_DOUBLE_PATTER|   // This pattern matches floating-point numbers as defined by
    // the Double class.
|the exponent because JDK 1.4 doesn't support
     * unlimited-rep|out in the
     * non-GWT case, which is a significant size reduction.
|the JDK, since it doesn't support them.
     */
    return java.|(which does).
     */
    String fpRegex =
        ""[-+]|fA-F]*#)?|\\.[0-9a-fA-F]+|]+#)"";
    String completeHex = hex + ""[pP][+-]|""[pP][+-]?\\d+#[fFdD]?"";|fFdD]?"";
    String decimalOrHex = ""(?:"" + decimal|-]?(("" + completeDec + "")|("" + completeHex + ""))"";
|Pattern = fpPattern.replaceAll(""#"", ""\\\\E(?!\\\"")\\|.util.regex.Pattern.compile(
        fpPattern
        );
  }|ASCII character
   * {@code '-'} (<code>'&#92;u00|>'&#92;u002D'</code>) is recognized as the minus sign|D'</code>) is recognized as the minus sign.
   *
   * <p|the minus sign.
   *
   * <p>Unlike {@link Double#parse|{@code null} instead of
   * throwing an exception if parsing fails. Additionally, this method|
   *
   * <p>This method exists mainly for compatibility with GWT. Most|@return the primitive {@code double} value represented by {@code string}, or {@code null}|  * @since 14.0
   */
  @Beta
  @|* @since 14.0
   */
  @Beta
  @Null|regular expressions
  @NullableDecl
  public static Double tryParse(String string)|()) {
      try {
        return Double.valueOf(string);
      } catch (|): consider caching the result of this matcher
      return Double.valueOf(string);
   |a JDK8+ regex
      return Double.valueOf(string);
    }
   |
        return Double.valueOf(string);
      } catch (NumberFormatException e) {|since this code was written.
        // It now throws NumberFormatException for all non-finite|[MASK] <EOT></s>|Pattern
   * ).subList(fromIndex, toIndex), distance)}, but is considerably|[MASK] <EOT></s>|[MASK] <EOT></s>|[MASK] .length);
  }

  /**
   * Performs a|MASK <EOT></s>|).subList(fromIndex, toIndex), distance)}, but is
   * considerably faster|return <EOT></s>|MASK <EOT></s>|MASK <EOT></s>|MASK <EOT></s>|fromIndex == toIndex) {
      return;
    }
    if (distance ==|[MASK] <EOT></s>|[MASK] <EOT></s>|MASK <EOT></s>|{@code int} value within the range of {@code 0} to {@code 2|code  <EOT></s>|[MASK] <EOT></s>| <EOT></s>|MASK  <EOT></s>|{@code double} array.
   *
   * <p>The {@link List|code  [MASK]  to back this list
   * @return a list view of|code <EOT></s>|[MASK] <EOT></s>|[MASK] <EOT></s>|MASK <EOT></s>|MASK <EOT></s>|MASK <EOT></s>|MASK <EOT></s>|MASK <EOT></s>|[MASK] <EOT></s>|MASK <EOT></s>|[MASK] <EOT></s>|MASK <EOT></s>|MASK <EOT></s>|[MASK] <EOT></s>| <EOT></s>|MASK <EOT></s>|[MASK] <EOT></s>|[that.start + i]) {
            return false;
          }
        }
|[MASK] <EOT></s>|[MASK] <EOT></s>|MASK <EOT></s>|MASK <EOT></s>",
330,content,MASK,False,6,MASK|MASK|MASK|MASK|MASK|MASK,[MASK] <EOT></s>,[MASK] <EOT></s>|[MASK] <EOT></s>|MASK <EOT></s>|MASK <EOT></s>|MASK <EOT></s>|MASK  <EOT></s>,
331,options,EOT,False,12,EOT|EOT|MASK|MASK|MASK|MASK|MASK|MASK|MASK|MASK|MASK|options, <EOT></s>," <EOT></s>|EOT <EOT></s>|[MASK] <EOT></s>|MASK <EOT></s>|MASK <EOT></s>|MASK ))
            .fetcher);
  }

  @Test
 |MASK <EOT></s>|MASK <EOT></s>|MASK <EOT></s>|MASK <EOT></s>|MASK <EOT></s>|options <EOT></s>",
332,width,width,True,68,"width|width|width|width|width|width|width|width|width|vScroll|if|barHeight|param|actor|setScrollX|Actor|{|Pane|public||{|public|ctorAt|if|public|y|return|Y|x|void|X|ScrollX|return|return|maxY|0, 1));|float|;|||public|style|return|MASK|}||*/|this|disableY|return|isTopEdge|TouchFocus|cancelTouchFocus|MASK|MASK|MASK|actorArea|MASK|actorArea|MASK|MASK|MASK|MASK|EOT|MASK|width|width|width",width <EOT></s>,"width <EOT></s>|width * (x < hKnobBounds.x ? -1 : 1));
|width - hKnobBounds.width, scrollH);
					float|width <EOT></s>|width - hKnobBounds.width;
					if (total !=|width;
					if (total != 0) setScrollPercentX((|width <EOT></s>|width <EOT></s>|width <EOT></s>|.vScroll != null) scrollbarWidth = Math.max(scrollbarWidth, style.|		if (scrollbarsOnTop)
				 [MASK]  +=|barHeight = style.hScrollKnob.getMinHeight();
			if|* @param actor May be null. */
	public void setActor (Actor actor|actor != null) super.addActor(actor);
	}

	/** Returns|#setScrollX(float)} instead. */
	@Deprecated
	public void|Actor (Actor actor) {
		setActor(actor);
	}|{
		throw new UnsupportedOperationException(""Use ScrollPane#setActor."");
|Pane#setActor."");
	}

	/** @deprecated ScrollPane may|	public void addActorBefore (Actor actor, Actor before) {
		|
		setActor(null);
		return true;
	}

|{
		if (actor == null) throw new IllegalArgumentException(""actor cannot be|public void clearChildren () {
		setActor(null);
	}

|ctorAt(index, unfocus);
		if (actor == null) return null;|		if (actor == null) return null;
		if (actor == this.|	public Actor removeActor (Actor actor, int index, boolean unfocus) {||| y < 0 || x > getWidth() || y > getHeight()) return null;|()) return null;
		if (actor == null) return null;
		return|Y && touchScrollV && vScrollBounds.contains(x, y)) return this;
|x, y)) return this;
		}
		return super.hit(x|void visualScrollX (float pixelsX) {
		this.visualAmountX = pixels|X * 0.05f));
	}

	/** Returns the amount to|ScrollX () {
		return amountX;
	}

	/** Returns the|== 0) return 0;
		return MathUtils.clamp(amountX|		return MathUtils.clamp(amountX / maxX, 0, 1|maxY * MathUtils.clamp(percentY, 0, 1));
	|0, 1));
	}

	public void setScrollPercent (float percent|(float x, float y, float width, float height) {
		if (scroll|;
		if (centerVertical)
			amountY = y + (height|
		scrollY(MathUtils.clamp(amountY, 0, maxY|
	}

	/** Sets the scroll offset so the specified actor is fully in view|public float getMaxY () {
		return maxY;
	}

	|style.hScrollKnob.getMinHeight();
		if (style.h|return 0;
		float width = 0;
		if (style.|[MASK]  = Math.max( [MASK]  , style.vScroll|	}

	/** Returns true if the actor is larger than the scroll pane vertically|
	public boolean isScrollY () {
		return scrollY;
	}
|*/
	public void setScrollingDisabled (boolean disableX, boolean disableY) {|		this.disableX = x;
		this.disableY = y;
|== disableY) return;
		disableX = x;
		disableY =|return !scrollX || amountX >= maxX;
	}

	public boolean is|isTopEdge () {
		return !scrollY || amountY <= 0;
|TouchFocus) {
		this.cancelTouchFocus = cancelTouchFocus;
	}|= cancelTouchFocus;
	}

	/** When true (default) and flick|[MASK] <EOT></s>|[MASK]  <EOT></s>|MASK <EOT></s>|actorArea.width +  [MASK] <EOT></s>|[MASK]  - actorArea. [MASK] <EOT></s>|actorArea. [MASK] );
		scrollX(MathUtils.clamp(|[MASK ] <EOT></s>|[MASK] <EOT></s>|[MASK] <EOT></s>|MASK  = style.vScroll.getMinWidth();
		return  MAS| <EOT></s>|MASK  ;
	}

	/** Returns the width of the scrolled viewport|width <EOT></s>|width <EOT></s>|width <EOT></s>",
333,orientation,result,False,4,result|orientation|orientation|orientation,"result from the first of {@code parsers} that returns something other than {@link
   *","result from the first of {@code parsers} that returns something other than {@link
   *|orientation <EOT></s>|orientation <EOT></s>|orientation <EOT></s>",
334,totalBytes,freeBytes,False,5,freeBytes|freeBytes|MASK|MASK|MASK,                 freeBytes <EOT></s>,"                 freeBytes <EOT></s>|freeBytes());
        ByteSizeValue  totalBytes = ByteSizeValue.ofBytes(usage|[MASK] <EOT></s>|MASK <EOT></s>|MASK <EOT></s>",
335,mockClient,MASK,False,8,MASK|MASK|MASK|MASK|mockClient|mockClient|mockClient|mockClient,[MASK] <EOT></s>,"[MASK] <EOT></s>|[MASK] <EOT></s>|MASK <EOT></s>|MASK <EOT></s>|mockClient <EOT></s>|mockClient ).settings();
        doReturn(threadPool).when( mockClient <EOT></s>|mockClient <EOT></s>|  mockClient,
            mockClient,
            mockClient,
            mockClient,
",
336,suppressPositionProjection,isDynamic,False,3,isDynamic|isDynamic|isDynamic, isDynamic  <EOT></s>," isDynamic  <EOT></s>|isDynamic,
        /* isLive= */ true <EOT></s>|isDynamic= */ false,
        manifest,
        mediaItem,
        /* liveConfiguration",
337,nameStart,MASK,False,19,MASK|MASK|MASK|MASK|MASK|MASK|MASK|MASK|MASK|MASK|MASK|MASK|MASK|MASK|MASK|valueStart|MASK|MASK|MASK,[MASK] <EOT></s>,[MASK] <EOT></s>|[MASK] <EOT></s>|[MASK] <EOT></s>|MASK <EOT></s>|MASK <EOT></s>| [MASK] <EOT></s>|MASK <EOT></s>|MASK <EOT></s>|MASK <EOT></s>|MASK <EOT></s>|MASK <EOT></s>|MASK <EOT></s>|MASK <EOT></s>|MASK <EOT></s>|MASK <EOT></s>|valueStart <EOT></s>|MASK <EOT></s>|MASK <EOT></s>|MASK <EOT></s>,
338,expectedChecksum,slib,False,5,slib|JarHellCheck|PluginInfo|Failure|,"slib-tools-plugin-cli-.+\\.jar"", File.separator);
","slib-tools-plugin-cli-.+\\.jar"", File.separator);
|JarHellCheck(candidateInfo, candidateDir, pluginsDir, modulesDir,|PluginInfo(tmpRoot);
        final Path pluginRoot = env.pluginsFile(info.|Failure.add(destination);
        if (Files.exists(destination)) {
            throw|
            destination,
            deleteOnFailure
        );

        // move the plugin to",
339,PF_LENGTH,constructor,False,3,constructor|US|DateFormat,") constructor.
     */
    @Test
    public void TestDateFormatCalendar() {
",") constructor.
     */
    @Test
    public void TestDateFormatCalendar() {
|US);
        if (time == null) {
            errln(""FAIL:|= DateFormat.getDateTimeInstance(DateFormat.SHORT, DateFormat.SHORT, Loc",
340,userPassedSupplier,MASK,False,4,MASK|MASK|MASK|result,[MASK] <EOT></s>,"[MASK] <EOT></s>|MASK = */ true);
  }

  @CanIgnoreReturnValue
  static|[MASK] <EOT></s>|result != null <EOT></s>",
341,transFactory,factory,False,2,factory|factory, factory <EOT></s>," factory <EOT></s>| factory
                    <EOT></s>",
342,hudson,edu,False,14,edu|edu|edu|edu|edu|edu|edu|edu|MASK|MASK|MASK|MASK|MASK|MASK,"edu.umd.cs.findbugs.annotations;

import edu.","edu.umd.cs.findbugs.annotations;

import edu.|edu.umd.cs.findbugs.annotations.SuppressWarnings;|edu.umd.cs.findbugs.annotations.SuppressWarnings;|edu <EOT></s>|edu.umd.cs.findbugs.annotations.SuppressWarnings;|edu .model.ExtensionComponent;
import  edu .model.ExtensionList;
import|edu .model <EOT></s>|edu .model.ViewDescriptor.ViewJobFilter;
import  edu .model.View|[MASK] <EOT></s>|[MASK] <EOT></s>|MASK <EOT></s>|MASK <EOT></s>|[MASK] <EOT></s>|MASK <EOT></s>",
343,constructedUserInfo,MASK,False,2,MASK|MASK,MASK <EOT></s>,"MASK <EOT></s>|MASK.hasEmptyPassword(), equalTo(true));

        assertThat(disabledUser",
344,event,trigger,False,7,trigger|MASK|EOT|MASK|MASK|IncidentEventRequestFactory|MASK,trigger. <EOT></s>,"trigger. <EOT></s>|[MASK] <EOT></s>| <EOT></s>|MASK <EOT></s>|MASK <EOT></s>|IncidentEventRequestFactory
            <EOT></s>|MASK <EOT></s>",
345,targetSize,targetSize,True,2,targetSize|targetSize, targetSize  <EOT></s>, targetSize  <EOT></s>|targetSize <EOT></s>,
346,searchProfileQueryPhaseResult,MASK,False,3,MASK|MASK|MASK,[MASK] <EOT></s>,"[MASK] <EOT></s>|MASK = MASK
                .setSearchProfileFacetsPhaseResult(Search|MASK <EOT></s>",
347,minSettings,NodeScope,False,2,NodeScope|thing,"NodeScope);
        assertTrue(setting.isGroupSetting());
        ClusterSettings.","NodeScope);
        assertTrue(setting.isGroupSetting());
        ClusterSettings.|thing"") : new IllegalArgumentException(""illegal"");
        });
        try {
",
348,observer,MASK,False,3,MASK|MASK|MASK, [MASK] <EOT></s>," [MASK] <EOT></s>|  [MASK]
                                    <EOT></s>|MASK <EOT></s>",
349,messageConverter,MASK,False,7,MASK|MASK|MASK|MASK|MASK|MASK|MASK,[MASK] <EOT></s>,[MASK] <EOT></s>|[MASK] <EOT></s>|[MASK] <EOT></s>|MASK <EOT></s>|MASK <EOT></s>|MASK <EOT></s>|MASK <EOT></s>,
350,fileNAK,url,False,3,url|url|URL,"     url = ""file:///C:/path/to/dir/"";
        assertTrue","     url = ""file:///C:/path/to/dir/"";
        assertTrue|url ));
    }

    @Test
    void testValidator464_|""URL should be valid"");
    }

    @Test
    void testValidator4",
351,codeUnderTestIdObj,EOT,False,3,EOT|EOT|codeUnderTest, <EOT></s>," <EOT></s>|  EOT <EOT></s>|codeUnderTest.Id()
                                                                                 <EOT></s>",
352,passwordHash,hashedPassword,False,3,hashedPassword|password|new,"hashedPassword, userInfo.salt)).isTrue();
    }

    public","hashedPassword, userInfo.salt)).isTrue();
    }

    public|password = randomAlphaOfLength(4).toCharArray();
        nativeUsersStore.create|new SecureString(password) <EOT></s>",
353,taken,MASK,False,6,MASK|MASK|invocationsSinceLastSuccess|MASK|MASK|MASK,[MASK] <EOT></s>,[MASK] <EOT></s>|[MASK]  <EOT></s>|invocationsSinceLastSuccess <EOT></s>|MASK <EOT></s>|MASK <EOT></s>|MASK <EOT></s>,
354,tableName,tableName,True,2,tableName|tableName,tableName <EOT></s>,tableName <EOT></s>|tableName <EOT></s>,
355,strict,MASK,False,10,MASK|MASK|MASK|MASK|MASK|MASK|MASK|MASK|MASK|MASK,[MASK] <EOT></s>,"[MASK] <EOT></s>|MASK <EOT></s>|MASK <EOT></s>|MASK  parsing, the negative sign will be accepted and the positive sign rejected.
     *|MASK  parsing, the sign will be rejected unless the pad width is exceeded.
    |[MASK] <EOT></s>|MASK   , false if lenient
     * @param fixedWidth  true if fixed width|MASK <EOT></s>|MASK <EOT></s>|MASK <EOT></s>",
356,driverContext,MASK,False,8,MASK|MASK|MASK|MASK|MASK|state|MASK|MASK,[MASK] <EOT></s>,"[MASK] <EOT></s>|[MASK] <EOT></s>|MASK <EOT></s>|MASK <EOT></s>|MASK <EOT></s>|state,  MASK <EOT></s>|MASK );
  }

  @Override
  public void prepare(GroupingA|MASK <EOT></s>",
357,amountX,amountX,True,2,amountX|amountX,amountX <EOT></s>,amountX <EOT></s>|amountX <EOT></s>,
358,response,EOT,False,2,EOT|EOT, <EOT></s>, <EOT></s>|EOT <EOT></s>,
359,missed,MASK,False,12,MASK|MASK|MASK|MASK|MASK|MASK|MASK|MASK|MASK|MASK|MASK|MASK,[MASK] <EOT></s>,[MASK] <EOT></s>|[MASK] <EOT></s>|MASK <EOT></s>|[MASK] <EOT></s>|[MASK] <EOT></s>|MASK <EOT></s>|MASK <EOT></s>|MASK <EOT></s>|MASK <EOT></s>|MASK <EOT></s>|MASK <EOT></s>|MASK <EOT></s>,
360,unused,MASK,False,7,MASK|injector|MASK|MASK|MASK|MASK|MASK,"[MASK]  = InternalMethodHandles.makeProvider(factory, injector,","[MASK]  = InternalMethodHandles.makeProvider(factory, injector,| injector <EOT></s>|[MASK] <EOT></s>|[MASK] <EOT></s>|MASK <EOT></s>|MASK <EOT></s>|MASK <EOT></s>",
361,existing,existing,True,4,existing|MASK|MASK|MASK,existing <EOT></s>,existing <EOT></s>|[MASK] <EOT></s>|MASK <EOT></s>|MASK <EOT></s>,
362,valueString,field,False,1,field,"field, double origin, double scale, double offset, double decay <EOT></s>","field, double origin, double scale, double offset, double decay <EOT></s>",
363,source,mask,False,3,mask|mask|mask, mask <EOT></s>," mask <EOT></s>|mask <EOT></s>|mask ).onLine(4);
  }

  @Test public void typeMust",
364,buffer,int,False,16,int|int|Buffer|MASK|buffer|bufferMode|MASK|MASK|MASK|MASK|MASK|MASK|buffer|int|MASK|MASK,"(int srcX0, int srcY0, int srcX1, int srcY1","(int srcX0, int srcY0, int srcX1, int srcY1|(int mode);

	public native void glRender  (int mode, int count);|Buffer (int target, int  [MASK] , int draw [MASK] );
|[MASK] <EOT></s>|buffer);

	public native void glTransformFeedbackVaryings (int program, String|bufferMode);

	public native void glGetTransformFeedbackVarying (int program|[MASK] <EOT></s>|[MASK] <EOT></s>|[MASK] <EOT></s>|MASK <EOT></s>|[MASK] <EOT></s>|MASK <EOT></s>|buffer , int draw [MASK] , int depth, int stencil);

	|, int depth , float value);

	public native void glGetInteger64v (|[MASK] <EOT></s>|MASK <EOT></s>",
365,interval,EOT,False,2,EOT|EOT,                 <EOT></s>,                 <EOT></s>|EOT <EOT></s>,
366,onthrowMethod,onthrowMethod,True,5,onthrowMethod|onthrowMethod|onthrowMethod|onthrowMethod|onthrowMethod,onthrowMethod <EOT></s>,onthrowMethod <EOT></s>|onthrowMethod <EOT></s>|onthrowMethod <EOT></s>|onthrowMethod <EOT></s>|onthrowMethod <EOT></s>,
367,projectIndex,indexState,False,8,indexState|securityIndex|indexState|securityIndex|securityIndex|securityIndex|securityIndex|securityIndex,indexState <EOT></s>,"indexState <EOT></s>|securityIndex);
        when(securityIndex.indexExists()).thenReturn(true);
       |indexState.isAvailable()).thenReturn(true);
        when(securityIndex.getState|securityIndex <EOT></s>|securityIndex .getState()).thenReturn(indexState);
        when( [MASK]|securityIndex .getState()).thenReturn(indexState);
        when( securityIndex <EOT></s>|securityIndex <EOT></s>|securityIndex <EOT></s>",
368,bgRightWidth,return,False,5,return|();|scrollX|horizontally|float,"	return width;
	}

	public float getPrefHeight () {
	","	return width;
	}

	public float getPrefHeight () {
	|();
		else if (actor != null) //
			height = actor.|scrollX) {
			float scrollbarHeight = 0;
			|horizontally. */
	public float getScrollX () {
		return amountX|float getScrollY () {
		return amountY;
	}

	/**",
369,moduleName,getCommonSuperClass,False,3,getCommonSuperClass|TypeIndex|param,"getCommonSuperClass(type1, type2));
    return addTypeInternal(
       ","getCommonSuperClass(type1, type2));
    return addTypeInternal(
       |TypeIndex;
  }

  /**
   * Adds a new type in the|  * @param entry the type Symbol to add.
   * @return the index of the",
370,stagingHash,MASK,False,7,MASK|MASK|MASK|MASK|MASK|MASK|toLowerCase,[MASK] <EOT></s>,"[MASK] <EOT></s>|[MASK] <EOT></s>|MASK <EOT></s>|[MASK] <EOT></s>|MASK , pluginId);
        } else {
            baseUrl = String.format(|MASK <EOT></s>|toLowerCase(Locale.ROOT).contains(""windows"")) ? ""Please make sure that """,
371,supersetSize,MASK,False,12,MASK|MASK|MASK|MASK|MASK|MASK|MASK|supersetSize|MASK|supersetSize|MASK|MASK,[MASK] <EOT></s>,"[MASK] <EOT></s>|[MASK] <EOT></s>|MASK <EOT></s>|[MASK] <EOT></s>|MASK <EOT></s>|MASK <EOT></s>|MASK <EOT></s>|supersetSize""));
        }
        try {
            heuristicIsSuperset|[MASK] <EOT></s>|supersetSize""));
        }
        try {
            heuristicIsSuperset|MASK <EOT></s>|MASK <EOT></s>",
372,equal,equals,False,8,equals|EOT|EOT|EOT|MASK|MASK|MASK|MASK,"equals(line)) {
            int  [MASK]  = line.indexOf('=","equals(line)) {
            int  [MASK]  = line.indexOf('=|     <EOT></s>|EOT);
            String value = line.substring(EOT + 1);

|EOT <EOT></s>|[MASK] <EOT></s>|MASK <EOT></s>|MASK <EOT></s>|MASK <EOT></s>",
373,clazz,MASK,False,28,MASK|MASK|EOT|lexer|MASK|MASK|MASK|MASK|MASK|MASK|MASK|MASK|MASK|MASK|MASK|MASK|MASK|MASK|MASK|MASK|Class|MASK|MASK|MASK|MASK|MASK|MASK|MASK,[MASK] <EOT></s>,"[MASK] <EOT></s>|MASK <EOT></s>| <EOT></s>|lexer.token() == JSONToken.NULL) {
            lexer.nextToken();|[MASK]  == JSONObject.class) {
                    return (T) json|[MASK] <EOT></s>|[MASK] <EOT></s>|[MASK]  == JSONObject.class) {
            return (T) new JSON|[MASK] <EOT></s>|[MASK] <EOT></s>|[MASK] <EOT></s>|[MASK] <EOT></s>|[MASK] <EOT></s>|[MASK] <EOT></s>|[MASK] <EOT></s>|MASK <EOT></s>|[MASK] <EOT></s>|MASK <EOT></s>|MASK  == JSONPath.class) {
            return (T) new JSONPath(|[MASK] <EOT></s>|Class<?> rawType <EOT></s>|[MASK] <EOT></s>|[MASK] <EOT></s>|MASK <EOT></s>|MASK <EOT></s>|MASK <EOT></s>|MASK <EOT></s>|MASK <EOT></s>",
374,indexMetadata,MASK,False,18,MASK|MASK|MASK|MASK|MASK|MASK|MASK|MASK|new|MASK|MASK|MASK|MASK|MASK|MASK|MASK|MASK|MASK,[MASK] <EOT></s>,"[MASK] <EOT></s>|[MASK] <EOT></s>|[MASK] <EOT></s>|[MASK] <EOT></s>|MASK <EOT></s>|MASK <EOT></s>|MASK <EOT></s>|  MASK,
                            0,
                            ""node-1"",
                |new IndexId( [MASK] <EOT></s>|MASK <EOT></s>|MASK <EOT></s>|MASK <EOT></s>|[MASK] <EOT></s>|MASK , false))
            .routingTable(RoutingTable.builder(TestSh|MASK <EOT></s>|MASK <EOT></s>|MASK <EOT></s>|MASK <EOT></s>",
375,certificates,certificates,True,6,certificates|MASK|MASK|MASK|MASK|MASK,certificates <EOT></s>,certificates <EOT></s>|[MASK] <EOT></s>|MASK <EOT></s>|MASK <EOT></s>|MASK <EOT></s>|MASK <EOT></s>,
376,bufferSize,MASK,False,17,MASK|MASK|MASK|MASK|MASK|MASK|MASK|MASK|MASK|MASK|MASK|MASK|MASK|MASK|MASK|MASK|MASK,[MASK] <EOT></s>,"[MASK] <EOT></s>|[MASK] <EOT></s>|MASK <EOT></s>|MASK <EOT></s>|MASK <EOT></s>|MASK , boolean eagerTruncate) {
        return create(source, new Timed|MASK <EOT></s>|[MASK] <EOT></s>|[MASK] <EOT></s>|MASK <EOT></s>|[MASK] <EOT></s>|MASK <EOT></s>|[MASK] <EOT></s>|MASK <EOT></s>|MASK <EOT></s>|MASK <EOT></s>|MASK <EOT></s>",
377,listener,MASK,False,5,MASK|MASK|MASK|MASK|ML,[MASK] <EOT></s>,"[MASK] <EOT></s>|[MASK] <EOT></s>|[MASK] <EOT></s>|MASK <EOT></s>|  // ML is disabled - so no datafeeds can be created
            MASK
",
378,strategy,allocationService,False,8,allocationService|MASK|MASK|MASK|MASK|MASK|MASK|MASK,allocationService <EOT></s>,allocationService <EOT></s>|[MASK] <EOT></s>|[MASK] <EOT></s>|[MASK] <EOT></s>|MASK <EOT></s>|MASK <EOT></s>|MASK <EOT></s>|MASK <EOT></s>,
379,vPath,MASK,False,3,MASK|name|name,"[MASK] , int mode, ZipExtraField[] extra)
      throws IOException {","[MASK] , int mode, ZipExtraField[] extra)
      throws IOException {|name,
      long lastModified,
      File fromArchive,
      int mode|name <EOT></s>",
380,webSocketClient,MASK,False,6,MASK|MASK|MASK|MASK|MASK|MASK,[MASK] <EOT></s>,[MASK] <EOT></s>|[MASK] <EOT></s>|[MASK] <EOT></s>|MASK <EOT></s>|MASK <EOT></s>|MASK <EOT></s>,
381,toBeReturned,toBeReturned,True,4,toBeReturned|toBeReturned|toBeReturned|toBeReturned,"toBeReturned) {
        return stubber().doReturn(toBeReturned);","toBeReturned) {
        return stubber().doReturn(toBeReturned);|toBeReturned );
    }

    @Override
    public Stubber do|toBeReturned <EOT></s>|toBeReturned <EOT></s>",
382,array,array,True,2,array|array,"array) {
      return standardToArray(array);
    }

    @Override","array) {
      return standardToArray(array);
    }

    @Override|array );
    }

    @Override
    public boolean isEmpty() {
     ",
383,batch,{,False,17,{|public|TapSquareSize|view|public|Sets|view|scrollTo|MathUtils|Utils|Math|;||0;|Height|if|return,"{
		if (maxY == 0) return 0;
		return","{
		if (maxY == 0) return 0;
		return|public void setScrollPercentY (float percentY) {
		scrollY(maxY|TapSquareSize(halfTapSquareSize);
	}

	public|view. If the rectangle is larger than the scroll pane,
	 * nothing happens. */|public void scrollTo (float x, float y, float width, float height) {
	|/** Sets the scroll offset so the specified rectangle is fully in view, if possible. Coordinates|view, if possible. Coordinates are in the scroll pane actor's
	 * coordinate|scrollTo (float x, float y, float width, float height, boolean centerHorizontally|MathUtils.clamp(amountX, x + width / 2 - actorArea.width|Utils.clamp(amountX, x, x + width - actorArea.width);
|Math.max(0, y);
		if (centerVertical)
			|;
		else
			amountY = MathUtils.clamp(amountY|
	}

	/** Returns the maximum scroll value in the y direction. */
	|0;
		if (style.hScrollKnob != null) height =|Height());
		return height;
	}

	public float getScrollBarWidth|if (style.vScroll != null) width = Math.max(width, style.v|		return actorArea.width;
	}

	/** Returns the height of the",
384,expectedLatn,errln,False,3,errln|sym|GregorianCalendar,"errln(""FAIL: hashCode not equal for equal objects"");
        }
       ","errln(""FAIL: hashCode not equal for equal objects"");
        }
       |       sym.equals(sym);
        sym.equals(sym2);
        sym.|GregorianCalendar(), Locale.CHINA);
        sym = new ChineseDateFormatSymbol",
385,sampleEntry,entry,False,5,entry|entry|MASK|entry|entry,entry <EOT></s>,"entry <EOT></s>|entry  <EOT></s>|[MASK] <EOT></s>|entry.id != null &&
                                MASK .name != null &&  entry.|entry <EOT></s>",
386,expected,MASK,False,6,MASK|MASK|MASK|MASK|MASK|MASK,[MASK] <EOT></s>,[MASK] <EOT></s>|MASK <EOT></s>|[MASK] <EOT></s>|MASK <EOT></s>|MASK <EOT></s>|MASK <EOT></s>,
387,unstubbedIterator,MASK,False,4,MASK|MASK|MASK|MASK,[MASK] <EOT></s>,[MASK] <EOT></s>|[MASK] <EOT></s>|[MASK] <EOT></s>|MASK <EOT></s>,
388,builder,StringBuilder,False,9,StringBuilder|EOT|MASK|MASK|MASK|EOT|MASK|MASK|MASK,"StringBuilder, use the length of the array.
    StringBuilder builder = new StringBuilder(array.","StringBuilder, use the length of the array.
    StringBuilder builder = new StringBuilder(array.| <EOT></s>|[MASK] <EOT></s>|MASK .append(array[i]);
    }
    return  [MASK]|MASK <EOT></s>|   <EOT></s>|MASK .append('[').append(array[start]);
      for (int i|MASK <EOT></s>|MASK <EOT></s>",
389,request,request,True,13,request|request|request|request|MASK|MASK|MASK|MASK|MASK|MASK|MASK|MASK|MASK,"request parameters
 * for a watcher search  [MASK]  request. It contains the","request parameters
 * for a watcher search  [MASK]  request. It contains the|request is deprecated."";
    static final String TYPES_DEPRECATION_|request body into an inline search template,
        // this way if any Watcher related context variables|request from the specified parser.
     *
     * @param parser The parser to read the|[MASK] <EOT></s>|[MASK] <EOT></s>|[MASK] <EOT></s>|[MASK] <EOT></s>|MASK <EOT></s>|MASK <EOT></s>|[MASK] <EOT></s>|  MASK
            .setRestTotalHitsAsInt(totalHitsAsInt|MASK <EOT></s>",
390,queueSize,MASK,False,17,MASK|MASK|MASK|MASK|MASK|MASK|MASK|MASK|MASK|MASK|MASK|MASK|MASK|MASK|MASK|MASK|MASK,[MASK] <EOT></s>,"[MASK] <EOT></s>|[MASK] <EOT></s>|[MASK] <EOT></s>|MASK );
                ns.responseTime.addValue((double) responseTimeNanos);|[MASK] <EOT></s>|MASK <EOT></s>|MASK <EOT></s>|MASK <EOT></s>|MASK .getAverage(),
                nodeStats.responseTime.getAverage(),
|MASK <EOT></s>|MASK  <EOT></s>|[MASK] / FACTOR <EOT></s>|MASK );
            sb.append("", response time: "").append(String.format(|[MASK] <EOT></s>|MASK ,
            ExponentiallyWeightedMovingAverage responseTime,
            double|MASK <EOT></s>|MASK <EOT></s>",
391,idleStateHandler,MASK,False,23,MASK|MASK|MASK|MASK|MASK|MASK|MASK|MASK|MASK|MASK|MASK|MASK|MASK|MASK|MASK|MASK|MASK|MASK|MASK|Advance|MASK|Advance|Advance,[MASK] <EOT></s>,"[MASK] <EOT></s>|[MASK] <EOT></s>|[MASK] <EOT></s>|MASK <EOT></s>|[MASK] <EOT></s>|MASK <EOT></s>|[MASK] <EOT></s>|[MASK] <EOT></s>|[MASK] .tickRun();
                assertEquals(i + 1, events.|[MASK] <EOT></s>|[MASK] <EOT></s>|MASK <EOT></s>|MASK <EOT></s>|MASK  = new TestableIdleStateHandler(0L, 0L, |[MASK] <EOT></s>|MASK <EOT></s>|MASK <EOT></s>|MASK <EOT></s>|MASK <EOT></s>|// Advance the ticker by one second and run() the task.
             [MASK|[MASK] <EOT></s>|// Advance the ticker by half the amount and run() the task.
             [MA|Advance <EOT></s>",
392,aabbMax,MASK,False,8,MASK|MASK|MASK|MASK|MASK|MASK|MASK|MASK,[MASK] <EOT></s>,"[MASK] <EOT></s>|[MASK] <EOT></s>|[MASK] <EOT></s>|MASK <EOT></s>|[MASK] <EOT></s>|MASK <EOT></s>|MASK ) {
		CollisionJNI.btAxisSweep3InternalShort|MASK );
	}

	public void unQuantize (btBroadphaseProxy",
393,listSize,EOT,False,5,EOT|EOT|MASK|MASK|MASK,                 <EOT></s>,"                 <EOT></s>|EOT);
      logger.atInfo().log(
          ""Enqueuing %d|[MASK] <EOT></s>|[MASK] <EOT></s>|MASK <EOT></s>",
394,ownerType,ownerType,True,3,ownerType|ownerType|ownerType,ownerType <EOT></s>,ownerType <EOT></s>|ownerType <EOT></s>|ownerType <EOT></s>,
395,modulesExports,,False,3,|stream|);,                                                                                                                                                                                                                                                                                                                               ,"                                                                                                                                                                                                                                                                                                                               |  .stream()
                        .filter(e -> e.isQualified() == false|);
    }

    public static Map<String, Set<String>> loadExports",
396,secretSettings,accessKey,False,3,accessKey|accessKey|accessKey,"accessKey       = model.getAccessKeySettings();
        var secretKey      <EOT></s>","accessKey       = model.getAccessKeySettings();
        var secretKey      <EOT></s>|accessKey.accessKey(), accessKey.secretKey(), serviceSettings.region(), timeout);
|accessKey <EOT></s>",
397,positionCount,EOT,False,6,EOT|MASK|MASK|MASK|EOT|EOT,     <EOT></s>,     <EOT></s>|[MASK] <EOT></s>|MASK <EOT></s>|MASK <EOT></s>|EOT <EOT></s>|EOT <EOT></s>,
398,elements,elements,True,2,elements|elements,"elements) {
        return
            Flowable.combineLatestArray(
                new","elements) {
        return
            Flowable.combineLatestArray(
                new|elements <EOT></s>",
399,classVisitor,classVisitor,True,2,classVisitor|classVisitor," classVisitor)
    {
        if (referencedClass != null)
       "," classVisitor)
    {
        if (referencedClass != null)
       |classVisitor <EOT></s>",
400,ruleClass,MASK,False,13,MASK|MASK|MASK|MASK|MASK|MASK|MASK|MASK|MASK|MASK|MASK|MASK|MASK,[MASK] <EOT></s>,[MASK] <EOT></s>|MASK <EOT></s>|[MASK] <EOT></s>|[MASK] <EOT></s>|[MASK] <EOT></s>|[MASK] <EOT></s>|[MASK] <EOT></s>|[MASK] <EOT></s>|MASK <EOT></s>|[MASK] <EOT></s>|[MASK] <EOT></s>| [MASK] <EOT></s>|MASK <EOT></s>,
401,expectedIndexCount,MASK,False,2,MASK|MASK,MASK <EOT></s>,"MASK <EOT></s>|MASK);
        checkIndexCount(""index_denied"",   MASK);
",
402,management,management,True,6,management|MASK|MASK|MASK|MASK|MASK,"management service.
		 */
		private Duration  [MASK]  =","management service.
		 */
		private Duration  [MASK]  =|[MASK] <EOT></s>|MASK <EOT></s>|MASK <EOT></s>|MASK <EOT></s>|MASK <EOT></s>",
403,renderTimeNs,MASK,False,5,MASK|MASK|MASK|MASK|MASK,[MASK] <EOT></s>,[MASK] <EOT></s>|[MASK] <EOT></s>|[MASK] <EOT></s>|MASK <EOT></s>|MASK <EOT></s>,
404,pname,MASK,False,16,MASK|MASK|pname|MASK|MASK|MASK|MASK|MASK|MASK|MASK|MASK|MASK|MASK|MASK|MASK|MASK,"[MASK] , IntBuffer params);

	public native void glGetQueryObjectiv","[MASK] , IntBuffer params);

	public native void glGetQueryObjectiv|[MASK] , IntBuffer params);

	public native void glGetQueryObjectui|pname);

	public native void glDrawBuffers (int n, int[]|[MASK] <EOT></s>|MASK <EOT></s>|MASK , IntBuffer params);

	public native void glGetActiveUniformName (|MASK , IntBuffer params);

	public native String glGetActiveUniformBlockName|MASK , LongBuffer params);

	public native void glGetInteger64i_|MASK , LongBuffer params);

	public native void glGetInteger64i_|[MASK] <EOT></s>|[MASK] <EOT></s>|MASK <EOT></s>|MASK , FloatBuffer param);

	public native void glSamplerParameterIiv (|[MASK] <EOT></s>|MASK , FloatBuffer params);

	public native void glVertexAttribDivisor|MASK , int value);

	public native void glProgramParameteri (int program,",
405,platformUrl,MASK,False,6,MASK|MASK|MASK|the|);|An,[MASK] <EOT></s>,"[MASK] <EOT></s>|MASK <EOT></s>|MASK <EOT></s>|the plugin ZIP
     * @throws IOException if an I/O exception occurs reading from|);
    }

    /**
     * Returns the public key ID of the Elastic|An input stream to the raw bytes of the public key.
     *
     * @return",
406,context,MASK,False,3,MASK|MASK|MASK,[MASK] <EOT></s>,[MASK] <EOT></s>|  MASK <EOT></s>|MASK <EOT></s>,
407,topUncast,MASK,False,9,MASK|MASK|MASK|MASK|MASK|MASK|MASK|MASK|MASK,[MASK] <EOT></s>,"[MASK] <EOT></s>|MASK  .areAllValuesNull()) {
      return;
    }
    Float|MASK  ;
    Block outputUncast = page.getBlock(channels.get|MASK <EOT></s>|MASK <EOT></s>|MASK <EOT></s>|MASK <EOT></s>|MASK <EOT></s>|MASK <EOT></s>",
408,expectedCount,expectedCount,True,2,expectedCount|expectedCount,"expectedCount) throws IOException {
        final Request request = new Request(""GET"", ""/"" +","expectedCount) throws IOException {
        final Request request = new Request(""GET"", ""/"" +|expectedCount <EOT></s>",
409,dfLatn,ICUResourceBundle,False,3,ICUResourceBundle|GERMANY|},(ICUResourceBundle)UResourceBundle.getBundleInstance(ICUResourceBundle.IC,"(ICUResourceBundle)UResourceBundle.getBundleInstance(ICUResourceBundle.IC|.GERMANY);
        f = DateFormat.getTimeInstance(sym);
       |}
        sym2.setLocalPatternChars(""'"");
        if (sym.",
410,usedBuiltInCharFilters,MASK,False,15,MASK|usedBuiltInCharFilters|usedBuiltInCharFilters|usedBuiltInCharFilters|MASK|MASK|MASK|MASK|MASK|MASK|MASK|MASK|MASK|MASK|MASK,[MASK] <EOT></s>,"[MASK] <EOT></s>|usedBuiltInCharFilters
                            <EOT></s>|usedBuiltInCharFilters <EOT></s>|usedBuiltInCharFilters.values(),
            usedBuiltInTokenFilters.|[MASK] <EOT></s>|MASK <EOT></s>|MASK <EOT></s>|MASK <EOT></s>|MASK  = Collections.unmodifiableSet(new LinkedHashSet<>(input.|MASK  <EOT></s>|MASK <EOT></s>|[MASK] <EOT></s>|MASK <EOT></s>|MASK <EOT></s>|MASK <EOT></s>",
411,upstream,MASK,False,6,MASK|MASK|MASK|MASK|MASK|MASK,[MASK] <EOT></s>,[MASK] <EOT></s>|[MASK] <EOT></s>|MASK <EOT></s>|MASK <EOT></s>|MASK <EOT></s>|MASK <EOT></s>,
412,newEntries,final,False,4,final|putByte|add|Adds,"final long value) {
    int hashCode = hash(tag, value);
    Entry","final long value) {
    int hashCode = hash(tag, value);
    Entry|.putByte(tag).putLong(value);
    return put(new Entry(index|   add(new Entry(index, tag, value, hashCode));
    constantPoolCount|  * Adds a new CONSTANT_Long_info or CONSTANT_Double_",
413,request,MASK,False,16,MASK|RequestConfig|Config|ConfigBuilder|Config|Config|MASK|MASK|MASK|MASK|MASK|MASK|copy|MASK|MASK|MASK,[MASK] <EOT></s>,"[MASK] <EOT></s>|RequestConfig.Builder  [MASK] ConfigBuilder = RequestConfig.custom();
        <EOT>|Config =  [MASK] ConfigBuilder.build();

        builder.setRequestConfig|ConfigBuilder.build();
        builder.setRequestConfig(Config);
        RequestOptions options|Config);
        RequestOptions options = builder.build();
        assertSame(options.|Config <EOT></s>|MASK = randomBuilder().build();
        assertEquals( [MASK] ,  [|MASK ,  [MASK] );
        assertEquals( [MASK] .hash|MASK );
        assertEquals(MASK.hashCode(),  MASK .hash|MASK );
        assertEquals( MASK , copy);
        assertEquals(copy|MASK , copy);
        assertEquals(copy,  MASK );
        assert|MASK );

        assertEquals( [MASK] .hashCode(), [MASK|copy.hashCode(),  MASK .hashCode());

        RequestOptions mutant|MASK );
        assertNotEquals( MASK , mutant);
        assertNot|MASK , mutant);
        assertNotEquals(mutant,  MASK );|MASK );
        assertNotEquals(mutant.hashCode(), MASK.hash",
414,database,database,True,7,database|database|MASK|database|MASK|MASK|database,database <EOT></s>,"database <EOT></s>|database index.
		 * @param host the host
		 * @param port the|[MASK] <EOT></s>|database  index used by the connection factory
		 * @return the new instance
		|MASK <EOT></s>|MASK <EOT></s>|database  index used by the connection factory
		 */
		int getDatabase();
",
415,observer,MASK,False,15,MASK|MASK|MASK|MASK|MASK|MASK|MASK|MASK|MASK|MASK|MASK|MASK|MASK|MASK|MASK,[MASK] <EOT></s>,[MASK] <EOT></s>|MASK <EOT></s>|[MASK] <EOT></s>|[MASK] <EOT></s>|[MASK] <EOT></s>|[MASK] <EOT></s>|[MASK] <EOT></s>|MASK <EOT></s>|[MASK] <EOT></s>|[MASK] <EOT></s>|MASK <EOT></s>|[MASK] <EOT></s>|[MASK] <EOT></s>|MASK <EOT></s>|MASK <EOT></s>,
416,cMemoryOwn,MASK,False,6,MASK|MASK|MASK|MASK|MASK|MASK,[MASK] <EOT></s>,"[MASK] <EOT></s>|[MASK] <EOT></s>|[MASK] <EOT></s>|MASK <EOT></s>|MASK <EOT></s>|MASK );
	}

	public btMultiBodyLinkFloatData () {
",
417,desturi,MASK,False,6,MASK|MASK|MASK|the|MASK|MASK,[MASK] <EOT></s>,"[MASK] <EOT></s>|[MASK] <EOT></s>|[MASK] <EOT></s>|the prefix
                // from the namespace node. <EOT></s>|MASK <EOT></s>|MASK <EOT></s>",
418,bucket,code,False,78,code|MASK|MASK|MASK|MASK|MASK|MASK|MASK|MASK|MASK|MASK|MASK|MASK|MASK|MASK|MASK|MASK|MASK|MASK|MASK|MASK|MASK|MASK|MASK|MASK|MASK|MASK|MASK|MASK|MASK|code|MASK|MASK|MASK|MASK|MASK|MASK|MASK|MASK|MASK|MASK|groupId|MASK|MASK|groupId|MASK|MASK|MASK|MASK|MASK|MASK|MASK|MASK|MASK|MASK|MASK|MASK|MASK|MASK|MASK|MASK|MASK|MASK|MASK|MASK|MASK|MASK|MASK|MASK|MASK|MASK|MASK|MASK|MASK|MASK|MASK|MASK|MASK,{@code  [MASK] } <EOT></s>,"{@code  [MASK] } <EOT></s>|[MASK] <EOT></s>|[MASK]  is in heap mode, {@code false} if
     * it is|[MASK] <EOT></s>|[MASK] <EOT></s>|[MASK] <EOT></s>|[MASK] <EOT></s>|[MASK]  <EOT></s>|[MASK]  <EOT></s>|[MASK] Size elements.
     *         In gather mode, the elements are stored in|[MASK]  is full, the  [MASK]  transitions to heap mode|[MASK]  <EOT></s>|MASK  is in heap mode when it has more than  MASK Size elements.
|MASK  <EOT></s>|[MASK] <EOT></s>|MASK <EOT></s>|MASK <EOT></s>|MASK <EOT></s>|[MASK] <EOT></s>|[MASK]  *  [MASK] Size;
        if (values.size|[MASK] <EOT></s>|[MASK] <EOT></s>|[MASK] <EOT></s>|[MASK] <EOT></s>|[MASK] );
        }
        int next = getNextGatherOffset(root|[MASK] <EOT></s>|MASK  slots"";
        values.set(index, value);
        setNext|MASK Size + ""]"";
        long index = next + rootIndex;
        values|[MASK] , true);
            heapify(rootIndex,  MASK Size|MASK Size);
        }
        setNextGatherOffset(rootIndex, next +|{@code  MASK} <EOT></s>|MASK <EOT></s>|[MASK] <EOT></s>|MASK  has never been collected.
     */
    public Tuple<Long, Long|[MASK] <EOT></s>|MASK  * <EOT></s>|MASK <EOT></s>|MASK <EOT></s>|[MASK] <EOT></s>|MASK <EOT></s>|MASK <EOT></s>|groupId <EOT></s>|[MASK] <EOT></s>|[MASK] <EOT></s>|groupId -> {
            var bounds = this.getBucketValuesIndexes( [MA|MASK );
            var size = bounds.v2() - bounds.v1();
|[MASK]  in heap mode, i.e. is it
     * <EOT></s>|MASK <EOT></s>|MASK );
    }

    /**
     * Set the  MASK |[MASK] <EOT></s>|MASK  <EOT></s>|[MASK] <EOT></s>|[MASK] <EOT></s>|[MASK] <EOT></s>|MASK s.
     * <p>
     * This is done to avoid allocating|MASK <EOT></s>|[MASK] <EOT></s>|MASK  + 1) *  MASK Size, PageCacheRecycler.DO|[MASK] <EOT></s>|[MASK] <EOT></s>|MASK <EOT></s>|MASK <EOT></s>|MASK <EOT></s>|MASK <EOT></s>|MASK <EOT></s>|MASK  = startingAt /  MASK Size;  [MASK] <EOT></s>|MASK <EOT></s>|MASK <EOT></s>|MASK <EOT></s>|[MASK] <EOT></s>|[MASK] <EOT></s>|[MASK] <EOT></s>|[MASK] <EOT></s>|MASK <EOT></s>|MASK 
     * @param heapSize Number of values that belong to the heap.
|MASK  to check.
     *               For example, 0 is the ""root"".|MASK Size.
     *                 In such a case, the remaining values in range
    |MASK <EOT></s>",
419,object,value,False,2,value|value,"value) {
            script.emitFromObject(value);
        }

        public","value) {
            script.emitFromObject(value);
        }

        public|value <EOT></s>",
420,superType,baseType,False,2,baseType|baseType,baseType <EOT></s>,baseType <EOT></s>|baseType <EOT></s>,
421,pathSet,MASK,False,6,MASK|MASK|MASK|MASK|MASK|MASK,[MASK] <EOT></s>,"[MASK] <EOT></s>|[MASK] <EOT></s>|MASK <EOT></s>|MASK <EOT></s>|MASK .add(k));
            assertEquals(expectedPathSet,  [MASK|MASK );
        }

        MASK.clear();
        expectedPathSet",
422,resolverChain,MASK,False,13,MASK|MASK|MASK|MASK|MASK|MASK|MASK|MASK|MASK|MASK|MASK|MASK|MASK,[MASK] <EOT></s>,[MASK] <EOT></s>|[MASK] <EOT></s>|[MASK] <EOT></s>|[MASK] <EOT></s>|MASK <EOT></s>|[MASK] <EOT></s>|MASK <EOT></s>|[MASK] <EOT></s>|MASK <EOT></s>|MASK <EOT></s>|MASK <EOT></s>|MASK <EOT></s>|MASK <EOT></s>,
423,section,buffer,False,2,buffer|buffer,"buffer, int sectionOffset, int itemSize, int itemCount,
                                                  int","buffer, int sectionOffset, int itemSize, int itemCount,
                                                  int|buffer
                <EOT></s>",
424,originalBucket,MASK,False,4,MASK|MASK|MASK|MASK,"MASK = sigTerms.getBuckets().get(0);
        Signific","MASK = sigTerms.getBuckets().get(0);
        Signific|MASK  .getKeyAsString(), equalTo(streamedBucket.getKey|MASK .getDocCount(), equalTo(streamedBucket.getDocCount()));|MASK <EOT></s>",
425,expected,MASK,False,2,MASK|MASK,MASK <EOT></s>,"MASK <EOT></s>|MASK.apply(randomValue)
            <EOT></s>",
426,executor,executor,True,1,executor,"executor) {
            executor.getQueue().add(r);
        }
","executor) {
            executor.getQueue().add(r);
        }
",
427,idpMetadataCertificates,idpMetadataSigningCertificates,False,2,idpMetadataSigningCertificates|idpMetadataSigningCertificates,"idpMetadataSigningCertificates = randomSubsetOf(certificates);

","idpMetadataSigningCertificates = randomSubsetOf(certificates);

|idpMetadataSigningCertificates);
        doc1.certificates.setIdentity",
428,height,height,True,63,height|height|width|width|width|width|width|width|width|return|actor|actor|deprecated|ctor|single|Actor|UnsupportedOperationException|null||is||when|Math|MASK||maxX|current|}|pixels|X|}|this|if|float|SK||style|public|null|}|0;|}|{|GestureDetector|{|Gets|width|)) {|MASK|MASK|MASK|MASK|actorArea|actorArea|MASK|MASK|MASK|MASK|MASK|MASK|height|MASK|width,"height is
 * larger than the size of this scroll pane, scrollbars appear. The scroll","height is
 * larger than the size of this scroll pane, scrollbars appear. The scroll|height * (y < vKnobBounds.y ? 1 : -1));
|width - vKnobBounds.height, scrollV);
					float|width , scrollV);
					float total = vScrollBounds. [MA|width  - vKnobBounds. width ;
					if (total|width ;
					if (total != 0) setScrollPercentY(|width - vKnobBounds. width ) > actorArea. [MASK]  *|width <EOT></s>|width * <EOT></s>|	return width;
	}

	public float getPrefHeight () {
	|(actor instanceof Layout)
			 [MASK]  = ((Layout)actor).|actor) return;
		if (this.actor != null) removeActor(this|@deprecated Use {@link #getActor()}. */
	@Deprecated|ctor(Actor) */
	@Deprecated
	public void addActor (|single child.
	 * @see #setActor(Actor) */
	@|Actor) */
	@Deprecated
	public void addActorBefore (A|UnsupportedOperationException(""Use ScrollPane#setActor."");
	}

	/**|null."");
		if (actor == this.actor) {
			setA|
		if (actor == null) return null;
		return actor.hit(|is changed. */
	protected void visualScrollY (float pixelsY) {
		|

	/** Returns the current x scroll amount. */
	public float getScrollX ()|when the mouse wheel is scrolled. */
	protected float getMouseWheelY () {|]  , Math.max(actorArea. [MASK]  * 0.9|MASK]  * 0.9f, maxY * 0.1f)|

	/** Returns the percentage of the horizontal scrollbar that is scrolled. */
	|0, maxX));
	}

	public void setScrollY (float pixels|current scroll amount in pixels. */
	public float getScrollX () {
		return|}

	/** Returns the y scroll position in pixels, where 0 is the bottom of|pixels, where 0 is the bottom of the scroll pane. */
	public float get|X, 0, 1);
	}

	public float getScrollPercentY|	}

	public float getScrollPercentY () {
		if (maxY|	this.flickScroll = flickScroll;
		if (flickScroll)|		if (flickScroll) addListener(flickScrollListener);
		else|float height) {
		if (scrollX) {
			float minX|SK]  - actorArea. [MASK] ) / 2;
		else|
		return maxY;
	}

	/** Sets the scroll amount to|= style.hScrollKnob.getMinHeight();
		if (style.|public float getScrollBarWidth () {
		if (!scrollY) return 0;|null) width = Math.max(width, style.vScroll.getMinWidth());
|}

	public boolean isTopEdge () {
		return !scrollY || amount|0;
	}

	public boolean isBottomEdge () {
		return|}

	public void setOverscroll (boolean x, boolean y) {
|{
		return flickScrollListener.getGestureDetector().isPanning();
|GestureDetector().isPanning();
	}

	public boolean isFlickScroll|{
		this.velocityY = velocityY;
	}

	/**|	/** Gets the flick scroll y velocity. */
	public float getVelocity|.width, actorArea.float )) {
			if (actor instanceof Group)|)) {
			if (actor instanceof Group) ((Group)actor).drawDebug(|[MASK] , boolean centerHorizontal, boolean centerVertical) {
		scrollTo(|[MASK]  <EOT></s>|MASK  <EOT></s>|[MASK]  - actorArea. [MASK] ) / 2;
	|actorArea. [MASK]  <EOT></s>|actorArea. [MASK]  - actorArea.width, y +  actorArea.|MASK  - actorArea.width);
		scrollY(MathUtils.clamp|[MASK] <EOT></s>|[MASK] <EOT></s>|MASK <EOT></s>|MASK  <EOT></s>|MASK <EOT></s>|height <EOT></s>|MASK  <EOT></s>|width, actorArea. )) {
			shapes.setColor(Color.",
429,rhsElem,rhsElem,True,6,rhsElem|rhsElem|rhsDesc|rhsElem|rhsElem|rhsDesc,"rhsElem = rhs.get(i);
                if (rhsElem ==","rhsElem = rhs.get(i);
                if (rhsElem ==|rhsElem <EOT></s>|rhsDesc = describer != null ? describer.describe(rhsElem)|rhsElem <EOT></s>|rhsElem.toString();
                if (!lhsDescs.remove(rhs|rhsDesc <EOT></s>",
430,actualLatn,date,False,3,date|sym|sym,"date format symbols not equal"");
        }
        if (!sym.equals(sym)) {","date format symbols not equal"");
        }
        if (!sym.equals(sym)) {|(sym);
        sym.equals(sym2);
        sym.equals(sym);|sym = new ChineseDateFormatSymbols(new Locale(""en_US"", ""US""));
",
431,addArr,addLastArr,False,2,addLastArr|addLastArr,addLastArr <EOT></s>,"addLastArr <EOT></s>|addLastArr);
        Assert.assertArrayEquals(new int[]{-2, -1",
432,oninvokeInstance,oninvokeInstance,True,5,oninvokeInstance|oninvokeInstance|oninvokeInstance|oninvokeInstance|oninvokeInstance,oninvokeInstance <EOT></s>,"oninvokeInstance <EOT></s>|oninvokeInstance <EOT></s>|oninvokeInstance ) {
        this.oninvokeInstance = oninvokeInstance ;
    }|oninvokeInstance  =  oninvokeInstance ;
    }

    public void setOn|oninvokeInstance <EOT></s>",
433,target,EOT,False,2,EOT|EOT,   <EOT></s>,   <EOT></s>|EOT <EOT></s>,
434,buffer,EOT,False,3,EOT|EOT|EOT,   <EOT></s>,   <EOT></s>|EOT <EOT></s>|EOT <EOT></s>,
435,parentDirName,fileName,False,3,fileName|fileName|fileName," fileName = file.getFileName().toString();
                if (fileName.startsWith(""."")"," fileName = file.getFileName().toString();
                if (fileName.startsWith(""."")|fileName )
                    // ""MacOS"" is an alternative to ""bin"" on macOS|fileName ))) {
                    setFileAttributes(file, BIN_FILES_PERMS",
436,processor,processor,True,3,processor|processor|processor,    processor  <EOT></s>,"    processor  <EOT></s>|  processor
                        <EOT></s>|processor <EOT></s>",
437,referencingUpdates,MASK,False,8,MASK|MASK|MASK|MASK|MASK|MASK|MASK|MASK,[MASK] <EOT></s>,[MASK] <EOT></s>|[MASK] <EOT></s>|[MASK] <EOT></s>|MASK <EOT></s>|MASK <EOT></s>|MASK <EOT></s>|MASK <EOT></s>|MASK <EOT></s>,
438,snapshotShardSizeInfo,snapshotShardSizeInfo,True,2,snapshotShardSizeInfo|snapshotShardSizeInfo,snapshotShardSizeInfo <EOT></s>,snapshotShardSizeInfo <EOT></s>|snapshotShardSizeInfo <EOT></s>,
439,inferenceEntityId,MASK,False,7,MASK|MASK|key|EOT|EOT|id|EOT,[MASK] <EOT></s>,"[MASK] <EOT></s>|[MASK] <EOT></s>|key. [MASK] ()
            <EOT></s>| <EOT></s>| <EOT></s>|id <EOT></s>|EOT <EOT></s>",
440,entry,EOT,False,5,EOT|EOT|EOT|EOT|EOT,                   <EOT></s>,"                   <EOT></s>|EOT.endsWith("".jar"") || EOT <EOT></s>|EOT <EOT></s>|EOT <EOT></s>|EOT <EOT></s>",
441,parsedate,i,False,7,"i|null|int|null|-2"",|2"" ),|,","[i]);
            if (df instanceof SimpleDateFormat) {
                formatters[1]","[i]);
            if (df instanceof SimpleDateFormat) {
                formatters[1]|= null;
            }

            // DateFormatSymbols constructor with locale
            Date|int j = 0; j < formatters.length; j++) {
                if (|null) {
                        expected = tmp;
                    } else if (!expected.equals|-2"",
                                                                                ""\u58EC\u8FB0-\|2"" ),
            new MonthPatternItem( ""zh@calendar=chinese"",      -|"",
                                                                                ""\u58EC\u8FB0 \u9",
442,aggregationToJsonProcessor,aggregationToJsonProcessor,True,3,aggregationToJsonProcessor|aggregationToJsonProcessor|aggregationToJsonProcessor,"aggregationToJsonProcessor
           <EOT></s>","aggregationToJsonProcessor
           <EOT></s>|aggregationToJsonProcessor
            <EOT></s>|aggregationToJsonProcessor
            <EOT></s>",
443,newIndex,newIndex,True,2,newIndex|newIndex,newIndex <EOT></s>,newIndex <EOT></s>|newIndex <EOT></s>,
444,printer,printer,True,2,printer|printer,"printer) {
    printer.append(""<alias target "" + actionLookupKey.get","printer) {
    printer.append(""<alias target "" + actionLookupKey.get|printer
        .append(getLabel())
        <EOT></s>",
445,message,type,False,3,type|message|message,"type"", ""index"");
            map.put(""elasticsearch.slowlog.index"", index","type"", ""index"");
            map.put(""elasticsearch.slowlog.index"", index| message <EOT></s>|message <EOT></s>",
446,sampleToCompute,instance,False,2,instance|instance,          instance <EOT></s>,          instance <EOT></s>|instance <EOT></s>,
447,eventType,MASK,False,31,MASK|MASK|MASK|MASK|MASK|MASK|MASK|proxy|MASK|MASK|MASK|description|description|clientUrl|clientUrl|incidentKey|account|account|account|account|MASK|clientUrl|clientUrl|MASK|MASK|MASK|MASK|MASK|MASK|MASK|MASK,[MASK] <EOT></s>,"[MASK] <EOT></s>|[MASK]  <EOT></s>|[MASK] <EOT></s>|MASK <EOT></s>|MASK : ""trigger"";
    }

    public IncidentEvent(
        String|[MASK] <EOT></s>|MASK  <EOT></s>|proxy);
        result = 31 * result + Arrays.hashCode(contexts|MASK <EOT></s>|[MASK] ;
        final String account;
        final Boolean attachPayload;
|[MASK]  <EOT></s>|description = description;
            this.  [MASK ] <EOT></s>|description;
            this.incidentKey = incidentKey;
            this.client = client|clientUrl, template.clientUrl)
                && Objects.equals(  [MASK|clientUrl )
                && Objects.equals(account, template.account)
                &&|incidentKey, client, clientUrl, account, attachPayload, proxy);
            result|account = this.account != null ? this.account : defaults.account;
            String <EOT>|account != null ? engine.render(this.account, model) : defaults.account;
|account , model) : defaults.account;
            String  [MASK]  = this|account;
            HttpProxy proxy = this.proxy != null ? this.proxy : defaults.|[MASK] <EOT></s>|clientUrl != null) {
                builder.field(Fields.CLIENT_URL.get|clientUrl <EOT></s>|[MASK] <EOT></s>|MASK <EOT></s>|[MASK] <EOT></s>|[MASK] <EOT></s>|MASK <EOT></s>|MASK <EOT></s>|MASK <EOT></s>|MASK <EOT></s>",
448,settingKey,name,False,2,name|name,"name) {
        return randomBoolean() ? Settings.builder().put(name, randomBoolean","name) {
        return randomBoolean() ? Settings.builder().put(name, randomBoolean|name <EOT></s>",
449,idleTask,commandName,False,5,commandName|MASK|MASK|MASK|MASK,"commandName= */ ""build"",
        /* commandStartTime= */ 0,
       ","commandName= */ ""build"",
        /* commandStartTime= */ 0,
       |[MASK] <EOT></s>|[MASK] .getGarbageCollector().getDelay())
        .isEqual|MASK .maxSize()).isEqualTo(1234567890|MASK <EOT></s>",
450,deltaX,deltaX,True,4,deltaX|deltaX|deltaX|deltaX,deltaX <EOT></s>,"deltaX <EOT></s>|deltaX = 0;
				if (!scrollY) deltaY = |deltaX ;
				amountY -= deltaY <EOT></s>|deltaX != 0 || deltaY != 0)) cancelTouchFocus();
			",
451,pathFragmentString,path,False,2,path|path,"path) throws Exception {
    PathFragment a = create(path);
    PathFragment a","path) throws Exception {
    PathFragment a = create(path);
    PathFragment a|path <EOT></s>",
452,context,MASK,False,5,MASK|MASK|MASK|context|context,[MASK] <EOT></s>,"[MASK] <EOT></s>|[MASK] .bean.override.mockito.MockitoBean;
import org.|MASK .context.ContextConfiguration;
import org.springframework.test. MASK .|context <EOT></s>|context <EOT></s>",
453,description,description,True,20,description|MASK|MASK|description|MASK|MASK|MASK|MASK|MASK|MASK|MASK|MASK|MASK|MASK|MASK|MASK|MASK|MASK|MASK|MASK,"description"");

    public static final String NAME_FIELD = ""name"";
    public","description"");

    public static final String NAME_FIELD = ""name"";
    public|[MASK] <EOT></s>|[MASK] <EOT></s>|description of the calendar
     * @throws NullPointerException if {@code id} is {@|[MASK] <EOT></s>|[MASK] <EOT></s>|[MASK] <EOT></s>|[MASK] <EOT></s>|[MASK] <EOT></s>|[MASK] <EOT></s>|[MASK] <EOT></s>|[MASK] <EOT></s>|[MASK] <EOT></s>|MASK <EOT></s>|MASK <EOT></s>|[MASK] <EOT></s>|MASK ) {
            this. MASK  =  MASK ;
           |MASK <EOT></s>|MASK <EOT></s>|MASK <EOT></s>",
454,newThr,,False,6,|throw|for|key|();|count,"
        }
        public final void forEach(Consumer<? super K> action) {","
        }
        public final void forEach(Consumer<? super K> action) {|               throw new NullPointerException();
            if (size > 0 && (tab = table|                   for (Node<K,V> e = tab[i]; e != null;|.key);
                }
                if (modCount != mc)
                    throw|();
            }
        }
    }

    /**
     * Returns a {@|                                           count:(NSUInteger)len {
          if (state->state == ",
455,leftIndex,leftIndex,True,3,leftIndex|leftIndex|leftIndex,leftIndex <EOT></s>,leftIndex <EOT></s>|leftIndex <EOT></s>|leftIndex <EOT></s>,
456,image,MASK,False,11,MASK|MASK|MASK|common|MASK|images|s|MASK|s|MASK|MASK,[MASK] <EOT></s>,"[MASK] <EOT></s>|[MASK] pipeline.common.ProducerContext;
import com.facebook. [MA|MASK pipeline.common.ProducerContext;
import com.facebook. MASK pipeline|common.ProducerContext;
import com.facebook. MASK pipeline.image.Enc|MASK pipeline.common.ProducerContext;
import com.facebook. MASK pipeline|images) {
    mockProducersToProduce(images, images);
  }
|s.length; i++) {
      final EncodedImage  [MASK]  =|[MASK]  =  s[i];
      whenProduceResultsCalledTrigger|s[i];
      whenProduceResultsCalledTrigger(
          mThumbnailProdu|MASK  == null) {
                consumer.onNewResult(null, Consumer.|MASK <EOT></s>",
457,parentIndex,EOT,False,3,EOT|rootIndex|EOT,  <EOT></s>,"  <EOT></s>|rootIndex + parent;
            if (worstIndex >= heapSize) {
                break|EOT <EOT></s>",
458,proxyThreads,threads,False,4,threads|MASK|MASK|threads,threads <EOT></s>,threads <EOT></s>|[MASK] <EOT></s>|MASK <EOT></s>|threads <EOT></s>,
459,title,mask,False,3,mask|MASK|MASK,  mask <EOT></s>,  mask <EOT></s>|[MASK] <EOT></s>|MASK <EOT></s>,
460,spawn,MASK,False,18,MASK|MASK|MASK|MASK|MASK|MASK|MASK|MASK|MASK|MASK|MASK|MASK|MASK|MASK|MASK|MASK|MASK|MASK,[MASK] <EOT></s>,"[MASK] <EOT></s>|[MASK] <EOT></s>|[MASK] <EOT></s>|MASK <EOT></s>|[MASK] <EOT></s>| [MASK] <EOT></s>|MASK <EOT></s>|MASK <EOT></s>|[MASK]  =
        new SimpleSpawn(
            new ActionsTest|MASK  = createSpawn(CMD_EXE, ""/c"", ""cd|MASK <EOT></s>|MASK <EOT></s>|MASK ;
   <EOT></s>|MASK <EOT></s>|MASK  =
        new SimpleSpawn(
            new ActionsTestUtil.| MASK <EOT></s>|MASK <EOT></s>|MASK <EOT></s>",
461,incReceiverNodes,incReceiverNodes,True,2,incReceiverNodes|incReceiverNodes,"incReceiverNodes
                           <EOT></s>","incReceiverNodes
                           <EOT></s>|incReceiverNodes) {
                        incAppNode.add(node.detach());
",
462,transportVersions,,False,3,|);|compatibilityVersions,                                                                                                                                                                                                                                                                                                                               ,"                                                                                                                                                                                                                                                                                                                               |);
        List<CompatibilityVersions> compatibilityVersions = IntStream.range|compatibilityVersions
            <EOT></s>",
463,returnedRecord,EOT,False,13,EOT|EOT|MASK|MASK|MASK|MASK|MASK|MASK|MASK|MASK|MASK|MASK|MASK, <EOT></s>, <EOT></s>|EOT <EOT></s>|[MASK] <EOT></s>|[MASK] <EOT></s>|[MASK] <EOT></s>|MASK <EOT></s>|[MASK] <EOT></s>|MASK <EOT></s>|MASK <EOT></s>|MASK <EOT></s>|MASK <EOT></s>|MASK <EOT></s>|MASK <EOT></s>,
464,parsedInferenceConfig,,False,2,|TrainedModelConfig,                                                                                                                                                                                                                                                                                                                               ,"                                                                                                                                                                                                                                                                                                                               |TrainedModelConfig.inferInferenceConfig(inferenceConfigMap, xContentRegistry()));",
465,regex,concurrent,False,5,concurrent|concurrent|MASK|MASK|MASK,"concurrent.locks.AbstractQueuedSynchronizer;
import java.util.concurrent.","concurrent.locks.AbstractQueuedSynchronizer;
import java.util.concurrent.|concurrent .TimeUnit;
import java.util.concurrent .atomic .AtomicInteger;
| [MASK] <EOT></s>|MASK <EOT></s>|MASK );
    }

    /**
     * The number of milliseconds in a",
466,expectedCollection,MASK,False,12,MASK|MASK|MASK|MASK|MASK|MASK|MASK|MASK|MASK|MASK|MASK|MASK,[MASK] <EOT></s>,[MASK] <EOT></s>|[MASK] <EOT></s>|MASK <EOT></s>|MASK <EOT></s>|MASK <EOT></s>|MASK <EOT></s>|MASK <EOT></s>|MASK <EOT></s>|MASK <EOT></s>|MASK <EOT></s>|MASK <EOT></s>|MASK <EOT></s>,
467,invocationOnMock,) {,False,4,) {|MASK|) {|MASK,") {
                GlideUrl glideUrl = (GlideUrl)  [MASK",") {
                GlideUrl glideUrl = (GlideUrl)  [MASK|[MASK] <EOT></s>|) {
                GlideUrl glideUrl = (GlideUrl)  [MASK|MASK <EOT></s>",
468,selected,evaluateIntermediate,False,5,evaluateIntermediate|MASK|MASK|MASK|MASK,"evaluateIntermediate(Block[] blocks, int offset, IntArrayBlock  [MASK]","evaluateIntermediate(Block[] blocks, int offset, IntArrayBlock  [MASK]|[MASK] ,
      GroupingAggregatorEvaluationContext ctx) {
|MASK <EOT></s>|MASK <EOT></s>|MASK <EOT></s>",
469,flushablePool,MASK,False,42,MASK|MASK|MASK|MASK|MASK|MASK|MASK|MASK|MASK|MASK|MASK|MASK|MASK|MASK|MASK|MASK|MASK|MASK|MASK|MASK|MASK|MASK|MASK|MASK|MASK|MASK|MASK|MASK|MASK|MASK|MASK|MASK|MASK|MASK|MASK|MASK|MASK|MASK|MASK|MASK|MASK|MASK,[MASK] <EOT></s>,"[MASK] <EOT></s>|[MASK] <EOT></s>|MASK <EOT></s>|[MASK] <EOT></s>|MASK <EOT></s>|MASK <EOT></s>|MASK <EOT></s>|MASK <EOT></s>|MASK <EOT></s>|MASK  = new FlushablePoolClass(10, 10);
	|MASK .newObject();
		assertEquals(1,  MASK .ob|MASK .getFree());
		assertEquals(1,  MASK .ob|MASK .obtain();
		assertEquals(1,  MASK .ob|MASK .obtained.size);
	}

	@Test
	public|MASK .obtain();
		assertEquals(2,  MASK .ob|MASK <EOT></s>|MASK <EOT></s>|MASK <EOT></s>|MASK <EOT></s>|MASK <EOT></s>|[MASK] <EOT></s>|MASK <EOT></s>|MASK  = new FlushablePoolClass(10, 10);
	|MASK .newObject();
		 MASK .newObject();

		|MASK .newObject();
		 MASK .newObject();
		|MASK <EOT></s>|MASK <EOT></s>|[MASK] .obtained.contains(element1, true));
		assert|MASK <EOT></s>|MASK <EOT></s>|MASK .obtained.contains(element1, true));
		assertFalse(|MASK <EOT></s>|MASK <EOT></s>|MASK .newObject();
		 MASK .newObject();

		|MASK .newObject();
		 MASK .newObject();
		 M|MASK <EOT></s>|MASK .obtain();
		final String element3 =  MASK .ob|[MASK] <EOT></s>|MASK <EOT></s>|MASK <EOT></s>|MASK <EOT></s>|MASK <EOT></s>",
470,isDesignatedInitializer,needsTypeLiteral,False,5,needsTypeLiteral|EOT|m|EOT|EOT,"needsTypeLiteral() {
    return !isInterfaceType() && !typeNode.","needsTypeLiteral() {
    return !isInterfaceType() && !typeNode.|     <EOT></s>|m.getBody() == null;
    if (EOT) {
      printf(""|EOT <EOT></s>|EOT <EOT></s>",
471,codePoint,EOT,False,2,EOT|EOT, <EOT></s>, <EOT></s>|EOT <EOT></s>,
472,artifactsResults,artifactResults,False,2,artifactResults|artifactResults,artifactResults <EOT></s>,artifactResults <EOT></s>|artifactResults <EOT></s>,
473,connection,Utils,False,3,Utils|destConfigDir|getName,"Utils.rm(tmpBinDir);
    }

    /**
     * Cop","Utils.rm(tmpBinDir);
    }

    /**
     * Cop|destConfigDir) throws Exception {
        if (Files.isDirectory(tmpConfigDir)|getName() + "" is not a directory"");
        }
        Files.createDirectories(",
474,rayCallback,MASK,False,9,MASK|MASK|MASK|MASK|MASK|MASK|MASK|MASK|MASK,[MASK] <EOT></s>,"[MASK] <EOT></s>|MASK <EOT></s>|MASK <EOT></s>|[MASK] <EOT></s>|MASK <EOT></s>|MASK <EOT></s>|MASK <EOT></s>|MASK <EOT></s>|MASK);
	}

	public void rayTest (Vector3 rayFrom, Vector",
475,argumentCount,MASK,False,2,MASK|MASK, [MASK] <EOT></s>," [MASK] <EOT></s>| MASK
              + "".""
      <EOT></s>",
476,health,actuator,False,15,actuator|MASK|MASK|MASK|MASK|MASK|MASK|MASK|MASK|MASK|MASK|MASK|MASK|MASK|MASK,"actuator.health.reactive;

import org.springframework.boot.act","actuator.health.reactive;

import org.springframework.boot.act|  [MASK] <EOT></s>|[MASK] <EOT></s>|[MASK] ).isNotNull();
		assertThat( [MASK] .|MASK .getStatus()).isEqualTo(Status.UP);
		assertThat(|[MASK] <EOT></s>|[MASK] <EOT></s>|MASK ).isNotNull();
		assertThat( MASK .getStatus()).|MASK <EOT></s>|MASK <EOT></s>|MASK <EOT></s>|MASK <EOT></s>|MASK <EOT></s>|MASK <EOT></s>|MASK <EOT></s>",
477,names,names,True,2,names|names,names <EOT></s>,names <EOT></s>|names <EOT></s>,
478,bScale,MASK,False,34,"MASK|MASK|MASK|MASK|MASK|MASK|MASK|MASK|aScale|MASK|MASK|MASK|MASK|MASK|MASK|MASK|MASK|MASK|MASK|MASK|MASK|MASK|MASK|MASK|= ""-929487820944884782|45763478138475679498|CEILING||94878209448847823121|/**|MASK|MASK|MASK|MASK",[MASK] <EOT></s>,"[MASK] <EOT></s>|MASK <EOT></s>|MASK <EOT></s>|MASK );
        int result = -1;
        assertEquals(""incorrect result"",|MASK <EOT></s>|MASK <EOT></s>|MASK  = 18;
        BigDecimal aNumber = new BigDecimal(new|MASK );
        int result = -1;
        assertEquals(""incorrect result"",|aScale = 28;
        String b = ""4573563|MASK <EOT></s>|MASK  = 2;
        BigDecimal aNumber = new BigDecimal(new Big|MASK );
        int result = -1;
        assertEquals(""incorrect result"",|MASK <EOT></s>|MASK <EOT></s>|MASK <EOT></s>|MASK <EOT></s>|MASK  = -24;
       BigDecimal aNumber = new BigDecimal(new|MASK );
       assertEquals(aNumber, bNumber);
    }

   |MASK  = -24;
       BigDecimal aNumber = new BigDecimal(new|MASK );
       assertEquals(""incorrect value"", aNumber.hashCode(), bNumber|MASK  = 41;
       BigDecimal aNumber = new BigDecimal(new|MASK );
       assertTrue(""incorrect value"", aNumber.hashCode() != b|MASK  = 41;
       BigDecimal aNumber = new BigDecimal(new|MASK );
       BigDecimal cNumber = new BigDecimal(new BigInteger(c),|= ""-929487820944884782|45763478138475679498|.CEILING;
       MathContext mc = new MathContext(precision, rm|
       assertEquals(""incorrect scale"", cScale, res.scale());
    }
|94878209448847823121|/**
     * signum() for a zero BigDecimal
     */
    public void test|MASK <EOT></s>|MASK <EOT></s>|MASK <EOT></s>|MASK <EOT></s>",
479,bgLeftWidth,scrollbarWidth,False,7,scrollbarWidth|Layout|getBottomHeight||actor|. */|,"scrollbarWidth;
		}
		return width;
	}

	","scrollbarWidth;
		}
		return width;
	}

	|Layout)
			height = ((Layout)actor).getPrefHeight();
	|.getBottomHeight(), background.getMinHeight());

		if (scrollX)|
		if (scrollX) {
			float scrollbarHeight = 0|(actor != this.actor) return false;
		setActor(null);
|. */
	public float getMouseWheelX () {
		return mouseWheel|

	public void setScrollPercentX (float percent) {
		scrollX(",
480,classLevelEnabled,EOT,False,2,EOT|ifProfileValue,        <EOT></s>,"        <EOT></s>|ifProfileValue == null && AnnotatedElementUtils.findMergedAnnotation(testMethod,",
481,testAnn,testAnnot,False,4,testAnnot|org|org|org,testAnnot <EOT></s>,testAnnot <EOT></s>|org.springframework.aop.aspectj.autoproxy.TestAnnotation <EOT></s>|org <EOT></s>|org <EOT></s>,
482,finalBitmap,MASK,False,3,MASK|MASK|MASK,[MASK] <EOT></s>,[MASK] <EOT></s>|MASK <EOT></s>|MASK  <EOT></s>,
483,target,target,True,4,target|target|MASK|MASK,             target <EOT></s>,             target <EOT></s>|target <EOT></s>|[MASK] <EOT></s>|MASK <EOT></s>,
484,categoryClass,categoryClass,True,2,categoryClass|categoryClass,categoryClass <EOT></s>,categoryClass <EOT></s>|categoryClass <EOT></s>,
485,lengthIfKnown,MASK,False,4,MASK|lengthIfKnown|MASK|MASK,                 [MASK] <EOT></s>,                 [MASK] <EOT></s>|lengthIfKnown <EOT></s>|MASK  <EOT></s>|MASK <EOT></s>,
486,expectedPattern,actualPattern,False,3,actualPattern|EXPECTED|actualPattern,actualPattern <EOT></s>,"actualPattern <EOT></s>|EXPECTED[i][1] <EOT></s>|actualPattern
                       <EOT></s>",
487,exponent,MASK,False,33,MASK|MASK|MASK|MASK|MASK|MASK|MASK|MASK|MASK|MASK|MASK|MASK|MASK|MASK|baseBlock|MASK|MASK|MASK|MASK|MASK|MASK|MASK|MASK|MASK|MASK|MASK|MASK|MASK|MASK|MASK|MASK|MASK|MASK,[MASK] <EOT></s>,"[MASK] <EOT></s>|[MASK] <EOT></s>|MASK <EOT></s>|MASK <EOT></s>|[MASK] <EOT></s>|MASK <EOT></s>|[MASK] <EOT></s>|[MASK]  <EOT></s>|[MASK] <EOT></s>|MASK <EOT></s>|[MASK] <EOT></s>|MASK <EOT></s>|[MASK] <EOT></s>|[MASK] <EOT></s>|baseBlock.getValueCount(p)) {
          case 0:
              result.append|[MASK] <EOT></s>|[MASK] <EOT></s>|MASK <EOT></s>|MASK <EOT></s>|MASK <EOT></s>|MASK  =   MASK Vector.getDouble(p);
        try {
|MASK <EOT></s>|MASK <EOT></s>|[MASK] <EOT></s>|MASK <EOT></s>|MASK <EOT></s>|[MASK] <EOT></s>|MASK <EOT></s>|MASK <EOT></s>|MASK <EOT></s>|MASK <EOT></s>|MASK <EOT></s>|MASK <EOT></s>",
488,decodingOptions,MASK,False,5,MASK|MASK|MASK|MASK|MASK,[MASK] <EOT></s>,"[MASK] <EOT></s>|MASK <EOT></s>|MASK  = new Options();
		 [MASK] .inJustDecodeBounds|MASK <EOT></s>|MASK <EOT></s>",
489,componentTemplates,componentTemplates,True,4,componentTemplates|componentTemplates|componentTemplates|componentTemplates,componentTemplates  <EOT></s>,"componentTemplates  <EOT></s>|componentTemplates.put(template.getKey(), mockTemplate);
        }

       |componentTemplates(componentTemplates)
            .ingestPipelines(ingestP|componentTemplates )
            .ingestPipelines(ingestPipelines)
",
490,protocols,ciphers,False,2,ciphers|ciphers,"ciphers, HostnameVerifier verifier) {
        return build(sslContext,","ciphers, HostnameVerifier verifier) {
        return build(sslContext,|ciphers <EOT></s>",
491,useAlias,,False,3,|MASK|MASK,                                                                                                                                                                                                                                                                                                                               ,                                                                                                                                                                                                                                                                                                                               |[MASK] <EOT></s>|MASK <EOT></s>,
492,dateTimeStr,y,False,11,"y||u5143|u5341|4"" },|MM|y|getInstance|length|String|fmt","(""y"");
            if (check_nf != get_nf) {
               ","(""y"");
            if (check_nf != get_nf) {
               |
        NumberFormat get_nf = fmt.getNumberFormat('y');
        if|\u5143\u516C\u514B\u|u5341\u4E94"" },
                { ""MM"", ""\|4"" },
                { ""MM"", ""\u521D\u516|{ ""MM"", ""\u521D\u516D 15""|               { ""y"", ""\u521D\u516D \u5|.getInstance(new ULocale(""en_US""));
        override.setMinimumInteger|.length; i++) {
            fmt.setNumberFormat(""y"", override);
           |           String expected = DATA[i][1];
            fmt.setNumberFormat(field|fmt.setNumberFormat(override);
            } else {
                fmt.setNumberFormat",
493,meanX,MASK,False,6,MASK|MASK|MASK|MASK|MASK|MASK,[MASK] <EOT></s>,[MASK] <EOT></s>|MASK <EOT></s>|MASK <EOT></s>|[MASK] <EOT></s>|MASK <EOT></s>|MASK <EOT></s>,
494,columnValues,MASK,False,7,MASK|MASK|MASK|MASK|MASK|MASK|MASK,[MASK]  = null <EOT></s>,[MASK]  = null <EOT></s>|[MASK]  <EOT></s>|[MASK] <EOT></s>|[MASK] <EOT></s>|MASK <EOT></s>|MASK <EOT></s>|MASK <EOT></s>,
495,dependency,dependencyResult,False,4,dependencyResult|dependencyResult|dependencyResult|dependencyResult,dependencyResult <EOT></s>,dependencyResult <EOT></s>|dependencyResult <EOT></s>|dependencyResult <EOT></s>|dependencyResult <EOT></s>,
496,params,params,True,1,params,params <EOT></s>,params <EOT></s>,
497,which,which,True,1,which,which <EOT></s>,which <EOT></s>,
498,codeUnderTestId,EOT,False,5,EOT|EOT|EOT|EOT|EOT,  <EOT></s>,  <EOT></s>|   EOT = Obj == null ? 0 : Character.toUpperCase(Obj.|  <EOT></s>|EOT <EOT></s>|EOT <EOT></s>,
499,clone,MASK,False,3,MASK|MASK|MASK,[MASK]  <EOT></s>,"[MASK]  <EOT></s>|MASK <EOT></s>|MASK ;
        } catch (Throwable fail) {
            threadUnexpectedException",
500,configCenter,listener,False,4,listener|return|classes|cl,"listener;
        }

        public Map<String, String> getParameters() {
","listener;
        }

        public Map<String, String> getParameters() {
|           return parameters;
        }

        public void setParameters(Map<String, String|classes) {
                if (""java.util.Collections$UnmodifiableMap"".equals(|(cl.getName())) {
                    Field field = cl.getDeclaredField(""",
501,isVolatile,isPrimitive,False,5,isPrimitive|isFinal|isFinal|isFinal|isPrimitive,isPrimitive <EOT></s>,isPrimitive <EOT></s>|isFinal   <EOT></s>|isFinal <EOT></s>|isFinal && options.useVolatileFields() <EOT></s>|isPrimitive <EOT></s>,
502,pager,pager,True,5,pager|EOT|viewpager|EOT|EOT,pager <EOT></s>,"pager <EOT></s>|  <EOT></s>|viewpager);
         [MASK] = new ViewPager.OnPageChangeListener()|  EOT  <EOT></s>|EOT <EOT></s>",
503,offset,MASK,False,4,MASK|MASK|MASK|MASK,[MASK] <EOT></s>,[MASK] <EOT></s>|MASK <EOT></s>|MASK <EOT></s>|MASK <EOT></s>,
504,matches,MASK,False,5,MASK|passage|MASK|MASK|MASK,[MASK] <EOT></s>,"[MASK] <EOT></s>|passage.getNumMatches()
                                    <EOT></s>|MASK <EOT></s>|MASK <EOT></s>|MASK <EOT></s>",
505,byteArrayPool,MASK,False,18,MASK|MASK|MASK|MASK|MASK|MASK|MASK|MASK|MASK|MASK|MASK|MASK|MASK|MASK|MASK|MASK|MASK|MASK,[MASK] <EOT></s>,"[MASK] <EOT></s>|MASK <EOT></s>|[MASK] <EOT></s>| MASK <EOT></s>|MASK <EOT></s>|MASK );
    }

    is.mark(MARK_READ_LI|MASK <EOT></s>|MASK <EOT></s>|[MASK] <EOT></s>|MASK <EOT></s>|MASK <EOT></s>|MASK <EOT></s>|MASK <EOT></s>|MASK <EOT></s>|MASK <EOT></s>|MASK <EOT></s>|MASK <EOT></s>|MASK <EOT></s>",
506,otherParamType,MASK,False,5,MASK|MASK|MASK|MASK|MASK,[MASK] <EOT></s>,"[MASK] <EOT></s>|MASK <EOT></s>|MASK .getOwnerType())
                                && equals(rawType,  [MASK|MASK <EOT></s>|  MASK <EOT></s>",
507,request,MASK,False,12,MASK|request|EOT|request|MASK|MASK|MASK|s|MASK|MASK|request|MASK,[MASK] <EOT></s>,"[MASK] <EOT></s>|request,
                ActionListener<Response> listener
            ) {
                [MASK]|  <EOT></s>|request <EOT></s>|[MASK] <EOT></s>|MASK <EOT></s>|MASK <EOT></s>|s.stream()
            .filter(t ->  [MASK] Class.isInstance|MASK <EOT></s>|MASK <EOT></s>|request <EOT></s>|MASK <EOT></s>",
508,outstandingRequests,MASK,False,4,MASK|clientNum|MASK|MASK,[MASK] <EOT></s>,[MASK] <EOT></s>|2 * clientNum * <EOT></s>|MASK <EOT></s>|MASK <EOT></s>,
509,message,messages,False,17,messages|message|message|MASK|MASK|MASK|MASK|MASK|MASK|MASK|MASK|to|EOT|other|MASK|MASK|MASK,messages <EOT></s>,"messages <EOT></s>|message <EOT></s>|message <EOT></s>|[MASK] <EOT></s>|[MASK] <EOT></s>|[MASK] <EOT></s>|[MASK] <EOT></s>|[MASK] <EOT></s>|[MASK] <EOT></s>|MASK <EOT></s>|MASK <EOT></s>|to {@link #equals(Object)} but ignoring the message.
     *
     *|  <EOT></s>|other and <EOT></s>|MASK  <EOT></s>|MASK <EOT></s>|MASK <EOT></s>",
510,consumer,consumer,True,2,consumer|consumer,"consumer) {
        runForDoc(docId);
        for (int i =","consumer) {
        runForDoc(docId);
        for (int i =|  consumer
                    <EOT></s>",
511,dialog,dialog,True,2,dialog|dialog, dialog <EOT></s>," dialog <EOT></s>|dialog
                        <EOT></s>",
512,vStart,vStart,True,9,vStart|vBlock|vStart|vStart|vBlock|vStart|vStart|vBlock|vStart,"vStart = vBlock.getFirstValueIndex(valuesPosition);
        int vEnd =","vStart = vBlock.getFirstValueIndex(valuesPosition);
        int vEnd =|vBlock.getFirstValueIndex(valuesPosition)
           <EOT></s>|vStart <EOT></s>|vStart  = vBlock.getFirstValueIndex(valuesPosition);
        int vEnd|vBlock  + vBlock.getValueCount(valuesPosition);
        for (int vOffset|vStart <EOT></s>|vStart <EOT></s>|vBlock  + vBlock.getValueCount(valuesPosition);
      for (int vOffset|vStart <EOT></s>",
513,parentBd,rootBd,False,2,rootBd|rootBd,     rootBd <EOT></s>,     rootBd <EOT></s>|rootBd <EOT></s>,
514,testClassNames,testClassNames,True,2,testClassNames|testClassNames,"testClassNames) {
        for (String testClassName : testClassNames) {
           ","testClassNames) {
        for (String testClassName : testClassNames) {
           |testClassNames <EOT></s>",
515,height,MASK,False,14,MASK|MASK|MASK|MASK|MASK|MASK|MASK|MASK|MASK|MASK|MASK|MASK|MASK|MASK,[MASK] <EOT></s>,[MASK] <EOT></s>|[MASK] <EOT></s>|[MASK] <EOT></s>|[MASK] <EOT></s>|MASK <EOT></s>|MASK <EOT></s>|MASK <EOT></s>|[MASK] <EOT></s>|MASK <EOT></s>|MASK <EOT></s>|MASK <EOT></s>|MASK <EOT></s>|MASK <EOT></s>|MASK <EOT></s>,
516,alpha,MASK,False,14,MASK|MASK|MASK|MASK|MASK|MASK|MASK|MASK|MASK|MASK|MASK|MASK|MASK|MASK,[MASK] <EOT></s>,"[MASK] <EOT></s>|[MASK] );
		}

		public Transform lerp (|MASK <EOT></s>|[MASK] <EOT></s>|[MASK] <EOT></s>|MASK <EOT></s>|[MASK] <EOT></s>|[MASK] <EOT></s>|MASK <EOT></s>|MASK <EOT></s>|MASK <EOT></s>|MASK <EOT></s>|MASK <EOT></s>|MASK <EOT></s>",
517,incReceivers,incReceivers,True,6,incReceivers|incReceivers|incReceivers|incReceivers|incReceivers|incReceivers,incReceivers <EOT></s>,incReceivers <EOT></s>|incReceivers <EOT></s>|incReceivers <EOT></s>|incReceivers <EOT></s>|incReceivers <EOT></s>|incReceivers <EOT></s>,
518,indexInTrackGroup,track,False,2,track|track,"track) {
    for (int i = 0; i < length; i++) {","track) {
    for (int i = 0; i < length; i++) {|track <EOT></s>",
519,readOffset,readOffset,True,1,readOffset,"readOffset, int writeOffset, int size);

	public native void glGetUniform","readOffset, int writeOffset, int size);

	public native void glGetUniform",
520,ignoreUserOptions,MASK,False,12,MASK|MASK|MASK|MASK|MASK|MASK|MASK|MASK|MASK|MASK|MASK|addStarlarkOptionPrefixes,[MASK] <EOT></s>,"[MASK] <EOT></s>|[MASK] );
  }

  /**
   * Creates a new command|[MASK] ) throws Exception {
    return newCommandWithExtensions(command, Immutable|[MASK] );

    checkNotNull(
        optionsParser,
        ""|MASK <EOT></s>|[MASK] <EOT></s>|MASK );
  }

  /**
   * Creates a new command environment with|[MASK] <EOT></s>|MASK <EOT></s>|MASK <EOT></s>|MASK <EOT></s>|addStarlarkOptionPrefixes <EOT></s>",
521,commonSuperTypeIndex,EOT,False,3,EOT|EOT|EOT, <EOT></s>," <EOT></s>|EOT;
    return put(new Entry(typeCount, Symbol.MERGED|EOT <EOT></s>",
522,newField,newInput,False,5,newInput|newInput|newInput|newInput|newInput,newInput <EOT></s>,newInput <EOT></s>|newInput <EOT></s>|newInput <EOT></s>|newInput <EOT></s>|newInput <EOT></s>,
523,color,adeScrollBars,False,11,adeScrollBars|||in|view|float|centerVertical||amountX|clamp|x,"adeScrollBars (boolean fadeScrollBars) {
		if (this.fade","adeScrollBars (boolean fadeScrollBars) {
		if (this.fade|
		flickScrollListener.setTapSquareSize(halfTapSquare|
	public void setFlickScrollMaxTimeSeconds (float maxTimeSeconds) {
	|in pixels. */
	public void setScrollOffset (float x, float y) {
|view. */
	public void scrollTo (float x, float y, float width, float|float height, boolean centerHorizontally, boolean centerVertically) {
		if (|centerVertical) {
		if (actor == null) return;

		float|
		if (scrollX) {
			if (centerHorizontal) {
|			amountX = x;
		float amountY = this.amountY;|clamp(amountX, x, x + width - actorArea.width);

	|x + width - actorArea.width);

		float amountY = this.amount",
524,testClasses,MASK,False,8,MASK|MASK|MASK|MASK|MASK|MASK|MASK|MASK,[MASK] <EOT></s>,[MASK] <EOT></s>|[MASK] <EOT></s>|[MASK] <EOT></s>|[MASK] <EOT></s>|MASK <EOT></s>|MASK <EOT></s>|MASK <EOT></s>|MASK <EOT></s>,
525,testClass,MASK,False,13,MASK|MASK|MASK|MASK|MASK|MASK|pool|ExecutorService||Returns|try|doesn|joinPool,[MASK] <EOT></s>,"[MASK] <EOT></s>|[MASK] <EOT></s>|MASK <EOT></s>|MASK Name = Class.forName( [MASK] Name);
                Method m =|MASK <EOT></s>|[MASK] <EOT></s>|pool);
    }

    PoolCleaner cleaner(ExecutorService pool, Runnable|(ExecutorService pool, Runnable releaser) {
        return new PoolCleaner|

    Runnable releaser(final AtomicBoolean flag) {
        return new|Returns a Runnable that, when run, sets the given flag to true.
     */
|try {
            pool.shutdown();
            if (!pool.awaitTermination(|doesn't have privs
        }
    }

    /**
     * Wa|joinPool(ExecutorService), but for ForkJoinPool. */
    void joinPool(",
526,pluginPolicy,policyFile,False,2,policyFile|policyFile,policyFile <EOT></s>,policyFile <EOT></s>|policyFile <EOT></s>,
527,symbolsOut,oundingMode,False,2,oundingMode|try,"oundingMode.UNNECESSARY);
        try {
            decimalFormat.formatToCharacter","oundingMode.UNNECESSARY);
        try {
            decimalFormat.formatToCharacter|try {
            decimalFormat.formatToCharacterIterator(new BigDecimal(""1.1""));",
528,response,DefaultResponseCreatorTests,False,11,DefaultResponseCreatorTests|MASK|MASK|MASK|MASK|MASK|MASK|MASK|MASK|MASK|MASK,DefaultResponseCreatorTests <EOT></s>,DefaultResponseCreatorTests <EOT></s>|[MASK] <EOT></s>|MASK <EOT></s>|[MASK] <EOT></s>|[MASK] <EOT></s>|MASK <EOT></s>|MASK <EOT></s>|[MASK] <EOT></s>|MASK <EOT></s>|MASK <EOT></s>|MASK <EOT></s>,
529,endFlag,MASK,False,10,MASK|MASK|MASK|MASK|MASK|MASK|MASK|MASK|MASK|MASK,[MASK] <EOT></s>,"[MASK] <EOT></s>|[MASK] <EOT></s>|[MASK] <EOT></s>|MASK <EOT></s>|MASK  = true;
            }
            
        }
        if ((! M|MASK <EOT></s>|MASK  = true;
            }
            
        }
        if ((! M|MASK <EOT></s>|MASK <EOT></s>|MASK <EOT></s>",
530,selectedConverterType,MASK,False,4,MASK|MASK|MASK|MASK,[MASK] <EOT></s>,[MASK] <EOT></s>|[MASK] <EOT></s>|MASK <EOT></s>|MASK <EOT></s>,
531,offset,offset,True,5,offset|offset|offset|offset|offset,"offset} and up to
     * {@code offset + len} <EOT></s>","offset} and up to
     * {@code offset + len} <EOT></s>|offset the offset in {@code sharedSecret} where the
     * shared secret will be stored
|offset in {@code sharedSecret} where the
     * shared secret will be stored
     *|offset <EOT></s>|offset <EOT></s>",
532,trace,MASK,False,6,MASK|MASK|MASK|trace|MASK|MASK,[MASK] <EOT></s>,[MASK] <EOT></s>|[MASK] <EOT></s>|MASK <EOT></s>|trace <EOT></s>|MASK <EOT></s>|MASK <EOT></s>,
533,infoThreshold,indexInfoThreshold,False,2,indexInfoThreshold|indexInfoThreshold,indexInfoThreshold <EOT></s>,indexInfoThreshold <EOT></s>|indexInfoThreshold <EOT></s>,
534,queue,MASK,False,6,MASK|MASK|MASK|MASK|MASK|MASK,[MASK] <EOT></s>,"[MASK] <EOT></s>|[MASK] ;
            Subscriber<? super R> downstream = this.down|[MASK] <EOT></s>|MASK <EOT></s>|[MASK] <EOT></s>|MASK .clear();
                            errors.tryAddThrowableOrReport(ex);
",
535,cause,EOT,False,5,EOT|MASK|EOT|MASK|EOT,  <EOT></s>,  <EOT></s>|[MASK] <EOT></s>|EOT <EOT></s>|MASK <EOT></s>|EOT <EOT></s>,
536,runLength,MASK,False,3,MASK|MASK|MASK,[MASK]  <EOT></s>,[MASK]  <EOT></s>|[MASK] <EOT></s>|MASK <EOT></s>,
537,fieldsCopy,MASK,False,7,MASK|MASK|MASK|this|MASK|MASK|MASK,[MASK] <EOT></s>,[MASK] <EOT></s>|MASK <EOT></s>|MASK] <EOT></s>|this.fields <EOT></s>|MASK <EOT></s>|MASK <EOT></s>|MASK <EOT></s>,
538,outputColorInfo,effects,False,3,effects|outputColorInfo|outputColorInfo,  effects[i] <EOT></s>,"  effects[i] <EOT></s>|outputColorInfo
     *    <EOT></s>|outputColorInfo <EOT></s>",
539,bulkShardRequest,bulkShardRequest,True,2,bulkShardRequest|bulkShardRequest,"bulkShardRequest = new BulkShardRequest(
                    oldPrimary.sh","bulkShardRequest = new BulkShardRequest(
                    oldPrimary.sh|bulkShardRequest, replica);
                }
            }
            shards.",
540,newReceivers,newReceivers,True,2,newReceivers|newReceivers,newReceivers <EOT></s>,newReceivers <EOT></s>|newReceivers <EOT></s>,
541,future,error,False,7,error|MASK|MASK|MASK|MASK|MASK|MASK,"error conditions, such as
 * {@code InterruptedException} or {@code CancellationException}.","error conditions, such as
 * {@code InterruptedException} or {@code CancellationException}.|[MASK] <EOT></s>|[MASK] <EOT></s>|MASK <EOT></s>|MASK <EOT></s>|MASK <EOT></s>|MASK <EOT></s>",
542,histo,histogram,False,3,histogram|histogram|histogram,"histogram.internal.histogram;

import org.elasticsearch.expon","histogram.internal.histogram;

import org.elasticsearch.expon|histogram = createAutoReleasedHistogram(
            b -> b.scale(|histogram
            .copy()
            .positiveBuckets().iterator();
",
543,checkMlCppNoticeTask,MASK,False,4,MASK|MASK|MASK|MASK,[MASK] <EOT></s>,[MASK] <EOT></s>|MASK <EOT></s>|MASK <EOT></s>|MASK <EOT></s>,
544,actualValue,MASK,False,10,MASK|MASK|MASK|MASK|MASK|EOT|MASK|EOT|MASK|MASK,[MASK] <EOT></s>,"[MASK] <EOT></s>|[MASK] <EOT></s>|MASK <EOT></s>|MASK <EOT></s>|MASK = actualList;
            List<Map<String, Object>> <EOT></s>|  <EOT></s>|MASK ,
                 [MASK] <EOT></s>| <EOT></s>|MASK <EOT></s>|MASK <EOT></s>",
545,service,indicesService,False,2,indicesService|indicesService,indicesService <EOT></s>,indicesService <EOT></s>|indicesService <EOT></s>,
546,testInfo,MASK,False,6,MASK|MASK|MASK|MASK|MASK|MASK,[MASK] <EOT></s>,"[MASK] <EOT></s>|[MASK] <EOT></s>|MASK <EOT></s>|MASK <EOT></s>|MASK <EOT></s>|MASK.getTestMethod().get().getName();
		given(puzzle",
547,integerSetting,value,False,11,value||builder|size|Setting|size|||List|});|Exception,", value);

        builder = Settings.builder().putList(""foo.bar"", """,", value);

        builder = Settings.builder().putList(""foo.bar"", ""|

        builder = Settings.builder().putList(""foo.bar"", ""test"");
|.builder().putList(""foo.bar"", ""test, test1, test2, test|.size(); i++) {
            builder.put(""foo.bar."" + i, input|Setting.get(builder.build());
        assertEquals(input.size(), value.size|size());
        assertArrayEquals(value.toArray(new String[0]), input.|
                if (s.getAsInt(""abc"", 1) == 1) {|
                }
            }
        };

        AbstractScopedSettings.SettingUpd|List(affixSetting, fixSetting),
            validator
        );

        Settings|       });
        assertThat(illegal.getMessage(), equalTo(""foo and 2 can|Exception.class, () -> {
            updater.getValue(Settings.builder().put(""",
548,urlWithPort,EOT,False,2,EOT|EOT,         <EOT></s>,         <EOT></s>|EOT <EOT></s>,
549,warnThreshold,indexWarnThreshold,False,2,indexWarnThreshold|indexWarnThreshold,indexWarnThreshold <EOT></s>,"indexWarnThreshold <EOT></s>|indexWarnThreshold
            <EOT></s>",
550,array,models,False,3,models|models|models,models <EOT></s>,models <EOT></s>|models <EOT></s>|models <EOT></s>,
551,mockTrainedModelDefinition,MASK,False,3,MASK|MASK|MASK,[MASK] <EOT></s>,[MASK] <EOT></s>|MASK.getLangIdentNeuralNetwork() <EOT></s>|MASK <EOT></s>,
552,builder,builder,True,4,builder|RequestedContentTypeResolver|RequestedContentTypeResolver|builder,"builder = new RequestedContentTypeResolverBuilder();
		 [MASK] .headerResolver","builder = new RequestedContentTypeResolverBuilder();
		 [MASK] .headerResolver|RequestedContentTypeResolver resolver = builder.headerResolver().build();

		Produ|RequestedContentTypeResolver .headerResolver();
		RequestedContentTypeResolver .fixedResolver|builder <EOT></s>",
553,downstream,MASK,False,12,MASK|MASK|MASK|MASK|MASK|MASK|MASK|MASK|MASK|MASK|MASK|MASK,[MASK]  = this. [MASK] <EOT></s>,"[MASK]  = this. [MASK] <EOT></s>|[MASK]  <EOT></s>|MASK <EOT></s>|MASK <EOT></s>| [MASK] <EOT></s>|[MASK] <EOT></s>|MASK  ;
            Subscription upstream = this.upstream;
            Function<?|[MASK] <EOT></s>|[MASK] <EOT></s>|[MASK] );
                            return;
                        }

                        if (|MASK );
                            return;
                        }

                        if (inner.|MASK <EOT></s>",
554,pwdEndIdx,MASK,False,5,MASK|MASK|MASK|MASK|MASK,[MASK] <EOT></s>,[MASK] <EOT></s>|MASK <EOT></s>|[MASK] <EOT></s>|MASK <EOT></s>|MASK <EOT></s>,
555,pathFragment,path,False,14,path|path|MASK|MASK|MASK|MASK|MASK|MASK|MASK|MASK|MASK|MASK|MASK|MASK,"path) throws Exception {
    PathFragment a = create(path);
    PathFragment a","path) throws Exception {
    PathFragment a = create(path);
    PathFragment a|path <EOT></s>|[MASK]  = create("".."");
    assertThat( [MASK] .|MASK .containsUplevelReferences()).isTrue();
  }

  @|[MASK] <EOT></s>|MASK .containsUplevelReferences()).isFalse();
  }

  @|MASK <EOT></s>|MASK .containsUplevelReferences()).isTrue();
  }

  @|MASK <EOT></s>|MASK <EOT></s>|MASK .getPathString()).isEqualTo(""b"");
  }

  @|MASK  = create(""/a/../b"");

    assertThat( MASK|MASK .containsUplevelReferences()).isFalse();
    assertThat( MAS|MASK .getPathString()).isEqualTo(""/dir1/file"");
  }
",
556,timestampAdjusterInitializationTimeoutMs,MASK,False,11,MASK|timeoutMs|timeoutMs|elapsedRealTimeOffsetMs|timeoutMs|MASK|after|MASK|after|MASK|after,[MASK]  =  [MASK] <EOT></s>,"[MASK]  =  [MASK] <EOT></s>|timeoutMs The timeout in milliseconds. A timeout of zero is interpreted as an
     *|timeoutMs <EOT></s>|elapsedRealTimeOffsetMs = timeoutMs ;
      return this;
    }|timeoutMs <EOT></s>| [MASK] <EOT></s>|  * after the end of the playlist.
   *
   * @param segments The|MASK <EOT></s>|after <EOT></s>|MASK ;
  }

  @Override
  public void maybeThrowSourceInfoRefresh| after <EOT></s>",
557,initialSeedRef,MASK,False,6,MASK|MASK|MASK|MASK|MASK|MASK,[MASK] <EOT></s>,[MASK] <EOT></s>|[MASK] <EOT></s>|MASK <EOT></s>|MASK <EOT></s>|MASK <EOT></s>|MASK <EOT></s>,
558,context,MASK,False,18,MASK|MASK|MASK|MASK|MASK|MASK|MASK|MASK|MASK|MASK|MASK|MASK|MASK|MASK|MASK|MASK|MASK|subtree,[MASK] <EOT></s>,"[MASK] <EOT></s>|[MASK] <EOT></s>|[MASK] <EOT></s>|[MASK] <EOT></s>|MASK <EOT></s>|MASK <EOT></s>|MASK  position.
   *
   * @param xctxt The XPath runtime|MASK <EOT></s>|[MASK] <EOT></s>|MASK  node.
   * @param xctxt The XPath runtime  [MA|MASK .
   *
   * @return the result of executing the predicate expressions.
|[MASK] <EOT></s>|MASK <EOT></s>|[MASK] <EOT></s>|MASK <EOT></s>|MASK <EOT></s>|MASK <EOT></s>|subtree can occur.
   */
  public boolean canTraverseOutsideSubtree()",
559,unfilteredRdepsOfRdeps,MASK,False,2,MASK|,  [MASK] <EOT></s>,"  [MASK] <EOT></s>|
    MASK <EOT></s>",
560,trieIterator,MASK,False,3,MASK|MASK|MASK,[MASK] <EOT></s>,[MASK] <EOT></s>|[MASK] <EOT></s>|MASK <EOT></s>,
561,sourceCodec,httpServerCodec,False,3,httpServerCodec|httpServerCodec|httpServerCodec,httpServerCodec <EOT></s>,httpServerCodec <EOT></s>|httpServerCodec <EOT></s>|httpServerCodec <EOT></s>,
562,header,MASK,False,24,MASK|MASK|MASK|MASK|MASK|MASK|MASK|MASK|MASK|MASK|MASK|MASK|MASK|MASK|MASK|EOT|MASK|MASK|MASK|MASK|MASK|MASK|MASK|MASK,[MASK] <EOT></s>,[MASK] <EOT></s>|[MASK] <EOT></s>|[MASK] <EOT></s>|[MASK] <EOT></s>|[MASK] <EOT></s>|[MASK] <EOT></s>|[MASK] <EOT></s>|[MASK] <EOT></s>|MASK <EOT></s>|MASK <EOT></s>|MASK <EOT></s>|MASK <EOT></s>|[MASK] <EOT></s>|[MASK] <EOT></s>|MASK <EOT></s>| <EOT></s>|MASK <EOT></s>|MASK <EOT></s>|[MASK] <EOT></s>|MASK <EOT></s>|MASK <EOT></s>|MASK <EOT></s>|MASK <EOT></s>|MASK <EOT></s>,
563,execRoot,MASK,False,5,MASK|new|MASK|MASK|MASK,[MASK] <EOT></s>,"[MASK] <EOT></s>|  new ActionInputPrefetcher(),
                    new SyscallCache(directories|MASK <EOT></s>|  [MASK] <EOT></s>|MASK .getPathString(),
            MASK .getPathString(),
            M",
564,candidate,modCount,False,3,modCount|Count|i,"= modCount;
            // Android-changed: Detect changes to modCount early.
","= modCount;
            // Android-changed: Detect changes to modCount early.
|Count early.
            for (int i = 0; (i < tab.length &&|= 0; (i < tab.length && modCount == mc); ++i)",
565,parts,trailingParts,False,4,trailingParts|parts|parts|parts,"trailingParts, startPositionUs);
    if (part != null) {
     ","trailingParts, startPositionUs);
    if (part != null) {
     |parts, long positionUs) {
    @Nullable HlsMediaPlaylist.Part closest|parts <EOT></s>|parts
          <EOT></s>",
566,evict,the,False,7,the|key|hash|size|) {|/**|else,"the map
     *         previously associated {@code null} with {@code key}.)
    ","the map
     *         previously associated {@code null} with {@code key}.)
    |key, null, false, true)) == null ?
            null : e.value;
|.hash == hash &&
                ((k = p.key) == key || (key !=|size;
        if (a.length < size)
            return (T[]) new Object|) {
            a[size] = null;
        }
        return a;
|/**
     * Fills an array with this map entries and returns it. This method assumes
|               else
                    pp.right = s;
                if (sr != null)
",
567,newest,MASK,False,4,MASK|MASK|MASK|MASK, [MASK] <EOT></s>," [MASK] <EOT></s>|  MASK <EOT></s>|MASK <EOT></s>|MASK .getValue());
    }

    public void test_putAllPresent()",
568,fromArchive,file,False,2,file|file, file <EOT></s>, file <EOT></s>|file <EOT></s>,
569,repeatedValuesString,EOT,False,2,EOT|EOT,                 <EOT></s>,                 <EOT></s>|EOT <EOT></s>,
570,indexId,indexId,True,3,indexId|indexId|indexId,indexId <EOT></s>,"indexId <EOT></s>|indexId, 0, 0, 0, 0, 0, 0|indexId <EOT></s>",
571,start,MASK,False,4,MASK|MASK|MASK|MASK,[MASK] <EOT></s>,[MASK] <EOT></s>|MASK <EOT></s>|MASK <EOT></s>|MASK <EOT></s>,
572,restRequest,request,False,3,request|request|request, request <EOT></s>, request <EOT></s>|request <EOT></s>|  request <EOT></s>,
573,expected,MASK,False,3,MASK|MASK|MASK,"                 [MASK] = createArrayWithNullKey();
     [MASK] [","                 [MASK] = createArrayWithNullKey();
     [MASK] [|MASK <EOT></s>|MASK <EOT></s>",
574,other,other,True,3,other|other|other,other <EOT></s>,other <EOT></s>|other <EOT></s>|other <EOT></s>,
575,qualifiedName,context,False,3,context|context|context,"context a context object that contains information about the current build
   * @param [MASK]","context a context object that contains information about the current build
   * @param [MASK]|context <EOT></s>|context <EOT></s>",
576,avgCount,MASK,False,4,MASK|MASK|MASK|MASK,[MASK] <EOT></s>,[MASK] <EOT></s>|[MASK] <EOT></s>|MASK <EOT></s>|MASK <EOT></s>,
577,innerAgg,agg,False,2,agg|agg,agg <EOT></s>,"agg <EOT></s>|agg.getAggregations()
                    .get(""filter_inner"")
                   ",
578,buffer,EOT,False,3,EOT|EOT|EOT,   <EOT></s>,"   <EOT></s>|EOT  , value);
    return RequestBody.create(MEDIA_TYPE,|EOT
        <EOT></s>",
579,targetR,targetR,True,2,targetR|targetR,targetR <EOT></s>,targetR <EOT></s>|targetR <EOT></s>,
580,statusPerLine,MASK,False,3,MASK|System|MASK, [MASK] <EOT></s>," [MASK] <EOT></s>|System.out.print(testPartsIndextoString());
      }
      if|MASK <EOT></s>",
581,builder,builder,True,2,builder|builder,"builder) {
        builder.setDiskHealthInfo(true);
    }
","builder) {
        builder.setDiskHealthInfo(true);
    }
|  builder
                <EOT></s>",
582,configLocations,MASK,False,2,MASK|MASK,MASK <EOT></s>,MASK <EOT></s>|MASK <EOT></s>,
583,entries,MASK,False,34,MASK|MASK|MASK|MASK|MASK|MASK|MASK|MASK|MASK|MASK|MASK|MASK|MASK|MASK|MASK|MASK|MASK|MASK|MASK|MASK|MASK|MASK|MASK|MASK|MASK|MASK|MASK|MASK|MASK|MASK|MASK|MASK|MASK|MASK,[MASK] <EOT></s>,"[MASK] <EOT></s>|[MASK] <EOT></s>|MASK ) {
                SortedMap<String, String> map = populate(new Tree|MASK );
                return Collections.checkedSortedMap(map, String.class,|MASK <EOT></s>|[MASK] <EOT></s>|[MASK] <EOT></s>|MASK <EOT></s>|[MASK] <EOT></s>|[MASK] <EOT></s>|MASK <EOT></s>|MASK <EOT></s>|[MASK] <EOT></s>|MASK <EOT></s>|MASK <EOT></s>|MASK <EOT></s>|MASK <EOT></s>|MASK <EOT></s>|[MASK] <EOT></s>|MASK <EOT></s>|MASK <EOT></s>|MASK <EOT></s>|[MASK] <EOT></s>|MASK <EOT></s>|MASK <EOT></s>|MASK <EOT></s>|MASK <EOT></s>|MASK <EOT></s>|MASK <EOT></s>|MASK <EOT></s>|MASK <EOT></s>|MASK <EOT></s>|MASK <EOT></s>|MASK <EOT></s>",
584,suite,suite,True,19,suite|suite|MASK|MASK|MASK|MASK|MASK|MASK|MASK|MASK|MASK|MASK|MASK|MASK|MASK|MASK|MASK|MASK|MASK,suite of tests <EOT></s>,"suite of tests <EOT></s>|suite <EOT></s>|[MASK] <EOT></s>|[MASK] <EOT></s>|[MASK] <EOT></s>|[MASK] <EOT></s>|[MASK] <EOT></s>|[MASK] <EOT></s>|[MASK] <EOT></s>|[MASK] <EOT></s>|[MASK] <EOT></s>|[MASK] <EOT></s>|[MASK] <EOT></s>|[MASK] <EOT></s>|[MASK] <EOT></s>|[MASK] <EOT></s>|MASK <EOT></s>|MASK <EOT></s>|MASK ;
  }

  private static <K, V> Map<K,",
585,encodedURLStr,decodedURLStr,False,8,decodedURLStr|decodedURLStr|decodedURLStr|decodedURLStr|decodedURLStr|decodedURLStr|decodedURLStr|decodedURLStr,decodedURLStr <EOT></s>,"decodedURLStr <EOT></s>|decodedURLStr format: protocol://username:password@host:port/path?k1|decodedURLStr) {
        Map<String, String> parameters = null;
       |decodedURLStr
                <EOT></s>|decodedURLStr <EOT></s>|decodedURLStr <EOT></s>|decodedURLStr <EOT></s>|decodedURLStr <EOT></s>",
586,admin,MASK,False,20,MASK|user|EOT|MASK|EOT|MASK|MASK|MASK|MASK|MASK|MASK|MASK|MASK|MASK|userSecurity|MASK|MASK|MASK|assertEquals|userSql,"[MASK] SecurityConfig() {
        return  [MASK] SecurityConfig();
","[MASK] SecurityConfig() {
        return  [MASK] SecurityConfig();
|user"", ""x-pack-test-password"", keystoreLocation, keystorePassword|  <EOT></s>|MASK <EOT></s>|EOT <EOT></s>|[MASK] .keystoreLocation(),
                 [MASK] .keystore|MASK <EOT></s>|MASK <EOT></s>|[MASK] <EOT></s>|MASK <EOT></s>|MASK Sql, String user, String userSql) throws Exception {
            expectMatchesAdmin|MASK Sql, user, userSql, cli -> {
                assertEquals(""[?1|MASK <EOT></s>|[MASK] <EOT></s>|userSecurity(user))) {
                customizer.accept(cli);
                 [MASK|[MASK] <EOT></s>|MASK <EOT></s>|MASK <EOT></s>|assertEquals("""", cli.readLine());
            }

            try (Embedded|userSql.split(""\n"");
            Iterator<String> actual = <EOT></s>",
587,aggBuilder,MASK,False,10,MASK|MASK|MASK|MASK|MASK|ets|(15));|MASK|MASK|MASK,[MASK] <EOT></s>,"[MASK] <EOT></s>|[MASK] <EOT></s>|MASK <EOT></s>|MASK <EOT></s>|[MASK] <EOT></s>|ets().get(0).getDocCount(), equalTo(1L));
            assertThat|(15));
            assertThat(categorizationAggregation.getBuckets|MASK <EOT></s>|MASK <EOT></s>|MASK <EOT></s>",
588,constantPoolOffset,headerOffset,False,3,headerOffset|headerOffset|headerOffset, headerOffset <EOT></s>, headerOffset <EOT></s>|headerOffset <EOT></s>|headerOffset <EOT></s>,
589,length,MASK,False,8,MASK|int|MASK|MASK|MASK|MASK|MASK|MASK,[MASK] <EOT></s>,"[MASK] <EOT></s>|int i,  [MASK] ;
        int c;

         [MASK|[MASK] <EOT></s>| [MASK] <EOT></s>|MASK <EOT></s>|MASK <EOT></s>|  MASK <EOT></s>|MASK <EOT></s>",
590,methodSpecBuilder,MASK,False,16,MASK|MASK|MASK|MASK|MASK|MASK|MASK|MASK|MASK|MASK|MASK|MASK|MASK|MASK|MASK|MASK,[MASK] <EOT></s>,"[MASK] <EOT></s>|[MASK] <EOT></s>|[MASK] <EOT></s>|[MASK] <EOT></s>|[MASK] <EOT></s>|[MASK] <EOT></s>|[MASK] <EOT></s>|MASK <EOT></s>|MASK 
          <EOT></s>|MASK <EOT></s>|MASK <EOT></s>| [MASK] <EOT></s>|MASK 
          <EOT></s>|MASK 
          <EOT></s>|MASK 
         .addAnnotation(processorUtil.nonNull())
         <EOT></s>|MASK <EOT></s>",
591,commits,commits,True,2,commits|commits,"commits = DirectoryReader.listCommits(replicaShard.store().directory());
","commits = DirectoryReader.listCommits(replicaShard.store().directory());
|commits.get(commits.size() - 1)
            .getUserData",
592,myCompressor,MASK,False,4,MASK|MASK|MASK|MASK,[MASK] <EOT></s>,[MASK] <EOT></s>|MASK <EOT></s>|MASK <EOT></s>|MASK <EOT></s>,
593,coreOptions,coreOptions,True,2,coreOptions|coreOptions,"coreOptions = Options.getDefaults(CoreOptions.class);
    CommonCommandOptions commonCommand","coreOptions = Options.getDefaults(CoreOptions.class);
    CommonCommandOptions commonCommand|coreOptions);
    when(options.getOptions(RemoteOptions.class)).thenReturn(",
594,putDataStreamRequest,EOT,False,2,EOT|EOT,     <EOT></s>,     <EOT></s>| EOT <EOT></s>,
595,prefix,the,False,19,the|MASK|MASK|MASK|MASK|MASK|MASK|MASK|MASK|MASK|MASK|MASK|MASK|namespace|namespace|MASK|MASK|MASK|MASK,"the handler.  I'm not sure if that's
                // necessary, but it","the handler.  I'm not sure if that's
                // necessary, but it|[MASK] <EOT></s>|[MASK] <EOT></s>|[MASK] <EOT></s>|[MASK] <EOT></s>|MASK <EOT></s>|[MASK] <EOT></s>|MASK <EOT></s>|[MASK] <EOT></s>|[MASK] <EOT></s>|MASK <EOT></s>|[MASK] <EOT></s>|MASK <EOT></s>|namespace <EOT></s>|namespace <EOT></s>|[MASK] <EOT></s>|MASK <EOT></s>| MASK  <EOT></s>|MASK <EOT></s>",
596,test_date,chen,False,2,chen|ko,"chen)"" ),
            new MonthPatternItem( ""en@calendar=dangi"",       ","chen)"" ),
            new MonthPatternItem( ""en@calendar=dangi"",       |( ""ko@calendar=dangi"",        DateFormat.SHORT, ""\uC",
597,parser,parser,True,10,parser|MASK|MASK|parser|name|MASK|MASK|parser|MASK|MASK,parser <EOT></s>,"parser <EOT></s>|[MASK] <EOT></s>|[MASK] <EOT></s>|parser <EOT></s>|name, equalTo(TopMetricsAggregationBuilder.NAME));
        assertThat(|[MASK] .nextToken(), equalTo(XContentParser.Token.FIELD_|MASK <EOT></s>|parser <EOT></s>|MASK <EOT></s>|MASK <EOT></s>",
598,weekData,icuWeekData,False,3,icuWeekData|icuWeekData|icuWeekData,"icuWeekData = calendar.getWeekData();
    DayOfWeek dow = DayOf","icuWeekData = calendar.getWeekData();
    DayOfWeek dow = DayOf|icuWeekData);
    int minDays =  [MASK] .minimalDays|icuWeekData <EOT></s>",
599,trainedModelConfigBuilder,MASK,False,6,MASK|MASK|MASK|MASK|MASK|MASK,[MASK] <EOT></s>,"[MASK] <EOT></s>|[MASK] <EOT></s>|MASK
            .setModelType(TrainedModelType.fromString(packageConfig.|MASK <EOT></s>|MASK <EOT></s>|MASK .build();

        License.OperationMode operationMode = randomFrom(Lic",
600,marker,MASK,False,3,MASK|MASK|MASK,[MASK] <EOT></s>,[MASK] <EOT></s>|[MASK] <EOT></s>|MASK <EOT></s>,
601,secret,key,False,9,key|MASK|MASK|MASK|MASK|MASK|MASK|MASK|MASK,key.2 <EOT></s>,key.2 <EOT></s>|[MASK] <EOT></s>|[MASK] <EOT></s>|[MASK] <EOT></s>|[MASK] <EOT></s>|MASK <EOT></s>|MASK <EOT></s>|MASK <EOT></s>|MASK <EOT></s>,
602,options,MASK,False,6,MASK|MASK|MASK|MASK|MASK|MASK,[MASK]  <EOT></s>,[MASK]  <EOT></s>|MASK <EOT></s>|MASK <EOT></s>|[MASK] <EOT></s>|MASK <EOT></s>|MASK <EOT></s>,
603,targetClass,MASK,False,16,MASK|MASK|MASK|MASK|MASK|targetClass|MASK|staticField|staticField|staticField|targetObject|MASK|staticField|MASK|MASK|MASK,[MASK] <EOT></s>,"[MASK] <EOT></s>|[MASK] <EOT></s>|[MASK] <EOT></s>|MASK <EOT></s>|MASK <EOT></s>|""targetClass""
	 * and ""targetField"".
	 * @see #setTarget|[MASK] <EOT></s>|staticField != null) {
			// Static field specified.
			|staticField <EOT></s>|staticField  != null && this.targetObject == null) {
			// Try|targetObject <EOT></s>|[MASK] <EOT></s>|staticField  or targetObject  specified.
			throw new IllegalArgumentException(""|[MASK] <EOT></s>|MASK <EOT></s>|MASK  <EOT></s>",
604,exception,MASK,False,8,MASK|JedisDataException|EOT|break|EOT|EOT|EOT|exception,[MASK] <EOT></s>,"[MASK] <EOT></s>|JedisDataException;
import redis.clients.jedis.  <EOT></s>|  <EOT></s>|  break;
            } catch (IOException e) {
                e.printStackTrace();
               |EOT <EOT></s>|EOT <EOT></s>|EOT, ""Redis server start failed!"" <EOT></s>|exception <EOT></s>",
605,tables,tables,True,7,tables|Output|MASK|MASK|MASK|MASK|tables,tables <EOT></s>,"tables <EOT></s>|Output = cli.command(""SHOW TABLES"");
                assertThat( [MASK]|[MASK] <EOT></s>|[MASK] <EOT></s>|MASK <EOT></s>|MASK <EOT></s>|tables <EOT></s>",
606,oldIndex,MASK,False,4,MASK|MASK|MASK|MASK,[MASK] <EOT></s>,"[MASK] <EOT></s>|MASK  ));
                oldRows.set( [MASK] , null);
|MASK <EOT></s>|MASK <EOT></s>",
607,builder,MASK,False,18,MASK|MASK|MASK|MASK|MASK|MASK|MASK|MASK|MASK|MASK|MASK|MASK|MASK|MASK|MASK|MASK|MASK|MASK,[MASK] <EOT></s>,"[MASK] <EOT></s>|[MASK] <EOT></s>|[MASK] , params);
        }
         [MASK] .endArray();|MASK <EOT></s>|MASK <EOT></s>|[MASK] <EOT></s>|[MASK] <EOT></s>|[MASK] <EOT></s>|MASK <EOT></s>|MASK <EOT></s>|MASK , params, ""built_in_char_filters"", usedBuiltInCharFil|MASK <EOT></s>|MASK , params, ""built_in_filters"", usedBuiltInTokenFilters);|MASK <EOT></s>|[MASK] <EOT></s>|MASK .startObject();
         MASK .field(""total"");
         MAS|MASK <EOT></s>|MASK <EOT></s>",
608,response,MASK,False,8,MASK|MASK|MASK|MASK|MASK|MASK|MASK|MASK,[MASK] <EOT></s>,"[MASK] <EOT></s>|MASK <EOT></s>| [MASK] <EOT></s>|MASK <EOT></s>|[MASK] .getId(), is(MASK .getId()));
        assertThat|[MASK] <EOT></s>|MASK <EOT></s>|MASK <EOT></s>",
609,deprecationHandler,MASK,False,10,MASK|MASK|MASK|MASK|MASK|MASK|MASK|MASK|MASK|MASK,[MASK] <EOT></s>,[MASK] <EOT></s>|MASK <EOT></s>|MASK <EOT></s>|[MASK] <EOT></s>|[MASK] <EOT></s>|MASK <EOT></s>|MASK <EOT></s>|[MASK] <EOT></s>|MASK <EOT></s>|MASK <EOT></s>,
610,allocation,MASK,False,8,MASK|MASK|EOT|strategy|strategy|strategy|strategy|strategy,[MASK] <EOT></s>,"[MASK] <EOT></s>|[MASK] <EOT></s>|<EOT></s>|strategy <EOT></s>|strategy.reroute(clusterState, ""reroute"", ActionListener.noop());
|strategy <EOT></s>|strategy
            <EOT></s>|strategy <EOT></s>",
611,newFinalizeContext,finalizeSnapshotContext,False,2,finalizeSnapshotContext|finalizeSnapshotContext,"finalizeSnapshotContext
               <EOT></s>","finalizeSnapshotContext
               <EOT></s>|finalizeSnapshotContext );
        }
    }

    /**
     * Runnable",
612,upstream,MASK,False,4,MASK|MASK|MASK|MASK,   [MASK] <EOT></s>,   [MASK] <EOT></s>|MASK <EOT></s>|MASK <EOT></s>|MASK <EOT></s>,
613,storedFields,fields,False,2,fields|fields,"fields, BlockLoader.Builder builder) throws IOException {
        delegate.read(docId,","fields, BlockLoader.Builder builder) throws IOException {
        delegate.read(docId,|fields <EOT></s>",
614,description,description,True,2,description|description,description <EOT></s>,description <EOT></s>|description <EOT></s>,
615,invocation,stubbing,False,4,stubbing|internal|invocation|invocation,"stubbing.answers.InvocationInfo;
import org.mockito.internal.st","stubbing.answers.InvocationInfo;
import org.mockito.internal.st|internal.stubbing.answers.InvocationInfo <EOT></s>|invocation <EOT></s>|invocation);

        // then
        assertThat(info.isValidException(new",
616,factory,MASK,False,13,MASK|MASK|MASK|MASK|MASK|MASK|MASK|MASK|injectorRef|MASK|MASK|MASK|MASK,[MASK] <EOT></s>,"[MASK] <EOT></s>|  [MASK] <EOT></s>|[MASK] <EOT></s>|MASK <EOT></s>|[MASK] <EOT></s>|[MASK]  = makeFactoryCapturingInjector(injector);
    var  |MASK );
    assertThat(injector).isNotNull();
    assertThat(|[MASK] <EOT></s>|injectorRef <EOT></s>|MASK <EOT></s>|MASK <EOT></s>|MASK <EOT></s>|MASK <EOT></s>",
617,observer,downstream,False,2,downstream|downstream, downstream <EOT></s>, downstream <EOT></s>|downstream <EOT></s>,
618,securityEnabled,,False,6,|clusterSettings|true|MASK|MASK|MASK,                                                                                                                                                                                                                                                                                                                               ,"                                                                                                                                                                                                                                                                                                                               |clusterSettings.get(""xpack.security.enabled"") <EOT></s>|true <EOT></s>|[MASK] <EOT></s>|[MASK] <EOT></s>|MASK <EOT></s>",
619,usedTokenizerTypes,usedTokenizerTypes,True,3,usedTokenizerTypes|usedTokenizerTypes|usedTokenizerTypes,usedTokenizerTypes <EOT></s>,"usedTokenizerTypes <EOT></s>|usedTokenizerTypes, indexTokenizerTypes);

                Map<String, Settings> token|usedTokenizerTypes
                  <EOT></s>",
620,uniquePluginIds,MASK,False,2,MASK|MODULES,  [MASK] <EOT></s>,"  [MASK] <EOT></s>|MODULES.contains(plugin.getId()) ) {
                throw new UserException(",
621,sourceFilePath,MASK,False,7,MASK|MASK|MASK|MASK|MASK|MASK|MASK,[MASK] <EOT></s>,[MASK] <EOT></s>|[MASK] <EOT></s>|MASK String <EOT></s>|MASK <EOT></s>|MASK <EOT></s>|MASK <EOT></s>|MASK <EOT></s>,
622,suite,Android,False,7,Android|suite|suite|MASK|MASK|suite|suite,"Android fails to load the class
  public static Test  [MASK] suite() {
","Android fails to load the class
  public static Test  [MASK] suite() {
|suite <EOT></s>|suite <EOT></s>|[MASK] suite
     [MASK] <EOT></s>|[MASK] .addTest(
        CollectionTestSuiteBuilder.using(
               |suite <EOT></s>|suite <EOT></s>",
623,newPreFilterQueryBuilders,preFilterQueryBuilders,False,2,preFilterQueryBuilders|preFilterQueryBuilders,"preFilterQueryBuilders,
        int rankWindowSize,
        Float minScore,
","preFilterQueryBuilders,
        int rankWindowSize,
        Float minScore,
|preFilterQueryBuilders,
            chunkScorerConfig,
            windowSizeSupplier",
624,localDataStream,MASK,False,6,MASK|MASK|MASK|MASK|MASK|MASK,"[MASK] localDataStream = (String) testClusterInfo.get(""local.","[MASK] localDataStream = (String) testClusterInfo.get(""local.|[MASK] <EOT></s>|MASK ,
                REMOTE_CLUSTER_1 + "":"" + remote|MASK ,
                REMOTE_CLUSTER_1 + "":"" + remote|MASK = (String) testClusterInfo.get(""local.datastream"");
|MASK Alias,
                REMOTE_CLUSTER_1 + "":""",
625,contextBuilders,MASK,False,5,MASK|MASK|MASK|MASK|MASK,[MASK] <EOT></s>,[MASK] <EOT></s>|[MASK] <EOT></s>|MASK <EOT></s>|MASK <EOT></s>|MASK <EOT></s>,
626,length,MASK,False,48,MASK|MASK|MASK|MASK|MASK|MASK|MASK|MASK|MASK|MASK|MASK|MASK|MASK|MASK|MASK|MASK|MASK|MASK|MASK|MASK|MASK|MASK|MASK|MASK|MASK|MASK|MASK|MASK|MASK|MASK|link|string|consider||MASK|string|consider|string|MASK|length|MASK|MASK|MASK|MASK|MASK|MASK|MASK|MASK,"[MASK] );
  }

  // TODO(kevinb): consider making","[MASK] );
  }

  // TODO(kevinb): consider making|MASK  <EOT></s>|[MASK]  == 0) {
      return -1;
    }
|[MASK] ; i++) {
      int j = indexOf(array, target,|MASK ) {
      for (int j = 0; j < target. [MA|MASK  ; j++) {
        if (array[i + j] != target[|MASK <EOT></s>|[MASK] <EOT></s>|[MASK] <EOT></s>|MASK <EOT></s>|MASK <EOT></s>|[MASK] <EOT></s>|MASK  += array. [MASK] ;
    }
    double[] result|MASK  ;
    }
    double[] result = new double[checkNoOverflow(|MASK <EOT></s>|MASK ;
    }
    return result;
  }

  /**
  |MASK ;
    }
    return result;
  }

  /**
  |[MASK]  <EOT></s>|[MASK ] <EOT></s>|[MASK ] <EOT></s>|MASK .
   * @throws IllegalArgumentException if {@code minLength} or|[MASK] <EOT></s>|[MASK]  == 0) {
      return """";
    }

   |MASK  * 12);
    for (double value : array) {
     |MASK  <EOT></s>|MASK  <EOT></s>|MASK <EOT></s>|MASK  < right. MASK  ? -1 : 1;
    }|MASK  <EOT></s>|[MASK] <EOT></s>|link Double#parseDouble(String)}, this method returns {@code null} instead of
   *|  *     string} has a length of zero or cannot be parsed as a {@code double}|consider caching the result of this matcher
      try {
        return Double.valueOf(string|
  /**
   * Returns a string representation of {@code value} for debugging purposes, such|MASK <EOT></s>|string <EOT></s>|consider <EOT></s>|string <EOT></s>|[MASK]  == 0) {
      return;
    }
    if|length  = toIndex - fromIndex;
    // Obtain m = (-distance mod |[MASK] <EOT></s>|MASK <EOT></s>|[MASK] <EOT></s>|MASK  : m;
    // The current index of what will become the last element of|MASK  <EOT></s>|MASK <EOT></s>|MASK <EOT></s>|MASK  of zero or cannot be parsed as a {@code double} value
   * @",
627,location,MASK,False,10,MASK|MASK|MASK|MASK|MASK|MASK|MASK|MASK|MASK|MASK,"[MASK] , int count, boolean transpose, FloatBuffer value);

	public","[MASK] , int count, boolean transpose, FloatBuffer value);

	public|MASK , int count, boolean transpose, FloatBuffer value);

	public native void|[MASK] <EOT></s>|[MASK] <EOT></s>|MASK , int count, boolean transpose, FloatBuffer value);

	public native void|MASK , int count, boolean transpose, FloatBuffer value);

	public native void|[MASK] , IntBuffer params);

	public native void glGetUniformu|[MASK] , int count, IntBuffer value);

	public native void glUn|MASK , int count, IntBuffer value);

	public native void glUniform4|MASK , int count, IntBuffer value);

	public native void glGetUniform",
628,warningMessage,,False,3,|));|);,                                                                                                                                                                                                                                                                                                                               ,"                                                                                                                                                                                                                                                                                                                               |));
        assertWarnings( [TEST_HEADER_WARNING] );
   |);
    }

    public void testVerifyMlNodesAndModelArchitectures",
629,oauthVerifier,verifier,False,2,verifier|verifier, verifier <EOT></s>, verifier <EOT></s>|verifier <EOT></s>,
630,fieldNumber,MASK,False,3,MASK|MASK|MASK, [MASK] <EOT></s>," [MASK] <EOT></s>|MASK <EOT></s>|MASK
                        + ""' is not accessible in the current ""
                        + ""merge",
631,serializer,MASK,False,10,MASK|MASK|MASK|MASK|MASK|MASK|MASK|MASK|MASK|MASK,[MASK] <EOT></s>,[MASK] <EOT></s>|[MASK] <EOT></s>|MASK <EOT></s>|MASK <EOT></s>|[MASK] <EOT></s>|[MASK] <EOT></s>|MASK <EOT></s>|MASK <EOT></s>|MASK <EOT></s>|MASK <EOT></s>,
632,endIndex,endIndex,True,2,endIndex|endIndex,"                                                                                 endIndex
         <EOT></s>","                                                                                 endIndex
         <EOT></s>|endIndex <EOT></s>",
633,version,major,False,3,major|major|ICU,"major, byte minor) {
            return (major==1 && minor==0) || (","major, byte minor) {
            return (major==1 && minor==0) || (|major <EOT></s>|2.2, ICU 54 */
    private static final int IX_JG",
634,response,MASK,False,8,MASK|MASK|MASK|MASK|MASK|MASK|MASK|MASK,[MASK] <EOT></s>,[MASK] <EOT></s>|[MASK] <EOT></s>|MASK <EOT></s>|MASK <EOT></s>|MASK <EOT></s>|MASK <EOT></s>|MASK <EOT></s>|MASK <EOT></s>,
635,rootDir,licensePath,False,2,licensePath|licensePath,licensePath <EOT></s>,licensePath <EOT></s>|licensePath <EOT></s>,
636,proxy,MASK,False,10,MASK|MASK|MASK|MASK|within|target||cannot|throws|in, [MASK] <EOT></s>," [MASK] <EOT></s>|MASK <EOT></s>|MASK <EOT></s>|MASK;
    }

    /**
     * Downloads the plugin zip from the|within the plugin dir.
                Path normalizedTargetFile = target.resolve(targetFile.|(target) == false) {
                    throw new UserException(
                        PLUG|
                Locale.ROOT,
                ""Plugin %s is already installed in %s"",|, cannot install plugin [%s]"",
                destination,
                pluginName
            );|) throws Exception {
        if (Files.isDirectory(tmpConfigDir) == false)|in plugin "" + info.getName() + "" is not a directory"");
        }
       ",
637,webServer,webServer,True,3,webServer|webServer|webServer,    webServer  <EOT></s>,"    webServer  <EOT></s>|webServer <EOT></s>|webServer
			.getPort() == 0 ? webServer.getPort()",
638,idleHttpConnectionTimeout,idleHttpConnectionTimeout,True,5,idleHttpConnectionTimeout|idleHttpConnectionTimeout|idleHttpConnectionTimeout|idleHttpConnectionTimeout|idleHttpConnectionTimeout,idleHttpConnectionTimeout <EOT></s>,"idleHttpConnectionTimeout <EOT></s>|idleHttpConnectionTimeout <EOT></s>|idleHttpConnectionTimeout ) {
			this. idleHttpConnectionTimeout  = |idleHttpConnectionTimeout  =  idleHttpConnectionTimeout ;
		}

	|idleHttpConnectionTimeout <EOT></s>",
639,attrs,attrs,True,1,attrs,"attrs) throws IOException {
                return FileVisitResult.CONTINUE;
           ","attrs) throws IOException {
                return FileVisitResult.CONTINUE;
           ",
640,elapsedRealtimeUs,elapsedRealtimeUs,True,2,elapsedRealtimeUs|elapsedRealtimeUs,elapsedRealtimeUs The current {@link SystemClock#elapsedRealtime()},elapsedRealtimeUs The current {@link SystemClock#elapsedRealtime()}|elapsedRealtimeUs <EOT></s>,
641,targetOffsetUs,MASK,False,6,MASK|MASK|MASK|MASK|MASK|MASK,[MASK]  = 0 <EOT></s>,[MASK]  = 0 <EOT></s>|[MASK] <EOT></s>| [MASK] <EOT></s>| MASK <EOT></s>|MASK <EOT></s>|MASK  & <EOT></s>,
642,metaAnnotations,metaAnnotations,True,2,metaAnnotations|metaAnnotations,metaAnnotations <EOT></s>,metaAnnotations <EOT></s>|metaAnnotations <EOT></s>,
643,header,MASK,False,11,MASK|MASK|EOT|MASK|EOT|MASK|MASK|MASK|s|MASK|MASK,[MASK] <EOT></s>,"[MASK] <EOT></s>|MASK  value cannot be null"", e.getMessage());
        }

        RequestOptions| <EOT></s>|  [MASK]  <EOT></s>|  <EOT></s>|MASK  .getName(),  MASK  .getValue() <EOT></s>|[MASK] <EOT></s>|MASK <EOT></s>|s, options.getHeaders());

        try {
            options.getHeaders()
|MASK  Count = between(1, 5);
            for (int i = |MASK <EOT></s>",
644,timeout,MASK,False,4,MASK|MASK|MASK|MASK,[MASK] <EOT></s>,[MASK] <EOT></s>|MASK <EOT></s>|MASK <EOT></s>|MASK <EOT></s>,
645,formatter,formatter,True,3,formatter|formatter|formatter,formatter <EOT></s>,"formatter <EOT></s>|formatter
          .format(""%s"", source)
          <EOT></s>|formatter <EOT></s>",
646,instanceMethod,MASK,False,17,MASK|sForExtensions|MASK|MASK|MASK|MASK|MASK|MASK|MASK|MASK|MASK|MASK|MASK|MASK|MASK|MASK|MASK,"[MASK] =
        requestOptionsExtensionGenerator.generateStaticMethodsForExtensions(
           ","[MASK] =
        requestOptionsExtensionGenerator.generateStaticMethodsForExtensions(
           |sForExtensions);
    methodsForExtensions.addAll(staticMethodsForExtensions);

|[MASK] <EOT></s>|MASK <EOT></s>|MASK <EOT></s>|[MASK] <EOT></s>|[MASK] .getSimpleName().toString().startsWith(""dont"")) {
       |[MASK] <EOT></s>|[MASK] <EOT></s>|[MASK] );

    String staticMethodName = getStaticMethodName( [MA| [MASK] <EOT></s>|[MASK] <EOT></s>|[MASK] <EOT></s>|MASK );
    }
    if (parameters.get(0).getSimpleName().| [MASK] <EOT></s>|MASK <EOT></s>|MASK <EOT></s>",
647,emails,emailAddresses,False,2,emailAddresses|emailAddresses,emailAddresses <EOT></s>,emailAddresses <EOT></s>|emailAddresses <EOT></s>,
648,screenY,MASK,False,8,MASK|MASK|MASK|MASK|MASK|MASK|MASK|MASK,[MASK] <EOT></s>,"[MASK] <EOT></s>|[MASK] <EOT></s>|MASK <EOT></s>|MASK );
		queue.add(pointer);
		queue.add(button|MASK <EOT></s>|MASK );
		queue.add(pointer);
		return false;
	|MASK <EOT></s>|MASK );
		return false;
	}

	public synchronized boolean mouse",
649,subsetSize,MASK,False,12,MASK|MASK|MASK|MASK|MASK|MASK|MASK|supersetFreq|MASK|subsetSize|MASK|MASK,[MASK] <EOT></s>,"[MASK] <EOT></s>|MASK <EOT></s>|[MASK] <EOT></s>|[MASK] <EOT></s>|MASK <EOT></s>|MASK <EOT></s>|MASK <EOT></s>|supersetFreq <EOT></s>|[MASK] <EOT></s>|subsetSize""));
        }
        try {
            heuristicIsSuperset.|[MASK] <EOT></s>|MASK <EOT></s>",
650,params,MASK,False,7,MASK|MASK|MASK|MASK|MASK|MASK|MASK,[MASK] <EOT></s>,"[MASK] <EOT></s>|[MASK] <EOT></s>|MASK <EOT></s>|MASK <EOT></s>|MASK , SearchLookup searchLookup, OnScriptError onScriptError);
    }|MASK <EOT></s>|MASK <EOT></s>",
651,inner,MASK,False,13,MASK|MASK|MASK|MASK|MASK|MASK|MASK|MASK|MASK|MASK|MASK|MASK|MASK,[MASK] <EOT></s>,[MASK] <EOT></s>|[MASK] <EOT></s>|[MASK] <EOT></s>|[MASK] <EOT></s>|MASK <EOT></s>|[MASK] <EOT></s>|MASK <EOT></s>|MASK <EOT></s>|MASK <EOT></s>|[MASK] <EOT></s>|MASK <EOT></s>|MASK <EOT></s>|MASK <EOT></s>,
652,content,fieldName,False,6,fieldName|MASK|MASK|MASK|mask|mask,fieldName <EOT></s>,"fieldName <EOT></s>|[MASK] <EOT></s>|MASK <EOT></s>|MASK <EOT></s>|mask <EOT></s>|mask, fieldName,
            fieldName + "":"" + start + ""-"" + end +",
653,parsers,MASK,False,32,MASK|MASK|MASK|MASK|MASK|MASK|MASK|MASK|MASK|MASK|MASK|MASK|MASK|MASK|MASK|MASK|MASK|MASK|MASK|MASK|MASK|parsers|MASK|MASK|MASK|MASK|MASK|MASK|MASK|MASK|MASK|MASK,[MASK] <EOT></s>,"[MASK] <EOT></s>|[MASK] <EOT></s>|[MASK] <EOT></s>|[MASK] <EOT></s>|[MASK] <EOT></s>|[MASK] <EOT></s>|MASK , TypeReader reader) throws IOException {
    //noinspection ForLoopReplaceable|MASK <EOT></s>|MASK <EOT></s>|MASK} that returns true when MPF is detected, if
   * any..
  |MASK  returns a valid
   * value, {@link ImageType#UNKNOWN|MASK ,
      @Nullable final ByteBuffer buffer,
      @NonNull final Array|MASK ,
        new OrientationReader() {
          @Override
          public int get|MASK <EOT></s>|[MASK] <EOT></s>|MASK <EOT></s>|MASK <EOT></s>|MASK <EOT></s>|MASK <EOT></s>|MASK <EOT></s>|MASK <EOT></s>|parsers list is empty, or none of the  MASK  returns a
   *|MASK <EOT></s>|MASK <EOT></s>|MASK <EOT></s>|MASK <EOT></s>|MASK <EOT></s>|MASK <EOT></s>|MASK <EOT></s>|MASK <EOT></s>|MASK <EOT></s>|MASK <EOT></s>",
654,beans,registrationBeans,False,2,registrationBeans|registrationBeans,registrationBeans <EOT></s>,"registrationBeans <EOT></s>|registrationBeans
				.values()
				.stream()",
655,parameterObject,parameterObject,True,1,parameterObject,  parameterObject <EOT></s>,  parameterObject <EOT></s>,
656,environmentValue,EOT,False,2,EOT|EOT,  <EOT></s>,  <EOT></s>|EOT <EOT></s>,
657,flingTime,MASK,False,18,MASK|MASK|velocityX|//|MASK|fadeAlphaSeconds|fadeAlphaSeconds|velocityX|velocityX|//|Returns|ically|;|Returns|;|flingTime|flingTime|flingTime,[MASK] <EOT></s>,"[MASK] <EOT></s>|[MASK] = 1f;
	float velocityX, velocityY;
	|velocityX, velocityY, 0, 0);
			}

|//
					cancel();
					return true;
	|[MASK] <EOT></s>|fadeAlphaSeconds * <EOT></s>|fadeAlphaSeconds ;
			velocityX *= 1 - alpha;
	|velocityX = 0;
			velocityY = 0;
	|velocityX r <= 0) velocityX = 0;
			if (|//
			fadeAlphaSeconds <EOT></s>|/** Returns the x coordinate of the scrolled viewport. */
	public float getScrollX|ically. */
	public boolean isScrollY () {
		return scrollY;
|;
	}

	/** Returns true if the scroll pane is currently scrolling horizont|Returns true if the scroll pane is scrolling horizontally. */
	public boolean isScroll|;
	}

	public boolean isFlickScroll () {
		return f|flingTime) {
		this.flingTime = flingTime;
	|flingTime =  flingTime ;
	}

	/** For flick scroll|flingTime ;
	}

	/** For flick scroll, sets the amount of",
658,client,client,True,3,client|nodeClient|nodeClient,client <EOT></s>,"client <EOT></s>|nodeClient <EOT></s>|nodeClient
            <EOT></s>",
659,string,message,False,2,message|message,"  message)
    {
        if (DEBUG_DETAILS)
        {","  message)
    {
        if (DEBUG_DETAILS)
        {|message);
        }

        return true;
    }


    /**
",
660,searchResponse,MASK,False,8,MASK|MASK|MASK|MASK|MASK|MASK|MASK|MASK,[MASK] <EOT></s>,[MASK] <EOT></s>|[MASK] <EOT></s>|MASK <EOT></s>|MASK <EOT></s>|MASK <EOT></s>|MASK <EOT></s>|MASK .getAggregations() <EOT></s>|MASK <EOT></s>,
661,future,MASK,False,19,MASK|MASK|verifyComplete_succeeds_ifSet|MASK|assertThat|MASK|FutureValue|MASK|MASK|MASK|MASK|MASK|MASK|MASK|MASK|MASK|MASK|MASK|MASK,[MASK] <EOT></s>,"[MASK] <EOT></s>|[MASK] <EOT></s>|verifyComplete_succeeds_ifSet() throws Exception {
    var  [MA|MASK  = new FutureValue(""key"", (unusedA, unusedB) ->|assertThat( [MASK] .completeWith(immediateFuture(new Value(""value""|MASK <EOT></s>|FutureValue <EOT></s>|[MASK] <EOT></s>|[MASK] <EOT></s>|MASK <EOT></s>|MASK <EOT></s>|[MASK] <EOT></s>|[MASK] <EOT></s>|MASK <EOT></s>|[MASK] <EOT></s>|MASK <EOT></s>|MASK <EOT></s>|MASK .verifyComplete();
    assertThat( MASK .get()).isNull();|MASK <EOT></s>",
662,range,group,False,5,group|range|range|range|array,"group in the trie */
        /* (this is the same as the start code point of","group in the trie */
        /* (this is the same as the start code point of|range;
        do <EOT></s>|(range =trieIterator.next()).leadSurrogate) ) {
            set|range <EOT></s>|array if there is one <EOT></s>",
663,columnValuesSize,columnValuesSize,True,3,columnValuesSize|columnValuesSize|columnValuesSize,columnValuesSize <EOT></s>,columnValuesSize <EOT></s>|columnValuesSize <EOT></s>|columnValuesSize <EOT></s>,
664,animating,touchScrollH,False,11,touchScrollH|MASK|MASK|MASK|MASK|MASK|MASK|velocityX|width|{|ScrollPaneStyle,"touchScrollH = false, touchScrollV = false;
		if (fadeScrollB","touchScrollH = false, touchScrollV = false;
		if (fadeScrollB|[MASK]  = true;
		}

		if (fadeAlpha|MASK  = true;
		}

		if (smoothScrolling|[MASK] <EOT></s>|MASK  = true;
			}
		}

		if|[MASK] <EOT></s>|[MASK] <EOT></s>|velocityX = velocityX;
		this.velocityY = velocityY;
|width, background.getMinWidth());

		if (scrollX) {
	|{
			Drawable vScroll = style.vScroll;
			if (|ScrollPaneStyle (@Null Drawable background, @Null Drawable corner, @Null Drawable h",
665,plugin,index,False,3,index|plugin|plugin,index <EOT></s>,"index <EOT></s>|plugin <EOT></s>|plugin.getAnalysisRegistry()
            <EOT></s>",
666,client,client,True,3,client|nodeClient|nodeClient,client <EOT></s>,"client <EOT></s>|nodeClient <EOT></s>|nodeClient
            <EOT></s>",
667,buffer,MASK,False,41,MASK|MASK|MASK|MASK|MASK|MASK|MASK|MASK|MASK|MASK|MASK|MASK|MASK|MASK|MASK|MASK|MASK|MASK|MASK|MASK|MASK|MASK|MASK|MASK|MASK|MASK|MASK|MASK|MASK|MASK|MASK|MASK|MASK|MASK|MASK|MASK|MASK|MASK|MASK|MASK|MASK,[MASK] <EOT></s>,"[MASK] <EOT></s>|MASK <EOT></s>| [MASK] <EOT></s>|MASK <EOT></s>|[MASK] <EOT></s>|MASK <EOT></s>|MASK <EOT></s>|[MASK] <EOT></s>|[MASK] <EOT></s>|[MASK] <EOT></s>|[MASK] <EOT></s>|MASK <EOT></s>|[MASK] <EOT></s>|[MASK] <EOT></s>|MASK .readUnsignedShort();
    if (sectionType == SECTION_TYPE_|[MASK] <EOT></s>|[MASK] <EOT></s>|[MASK] <EOT></s>|MASK <EOT></s>|MASK <EOT></s>| [MASK ] <EOT></s>|[MASK] <EOT></s>|[MASK] <EOT></s>|[MASK] <EOT></s>|[MASK] <EOT></s>|[MASK] <EOT></s>|MASK <EOT></s>|MASK <EOT></s>|MASK <EOT></s>|MASK <EOT></s>|[MASK] <EOT></s>|[MASK] <EOT></s>|MASK .readUnsignedShort();
        bitmapHeight =  MASK .readUns|MASK <EOT></s>|MASK <EOT></s>|MASK <EOT></s>|[MASK] <EOT></s>|MASK .readUnsignedShort();
      bitmapWidth =  MASK .readUns|MASK <EOT></s>|MASK <EOT></s>|MASK .readUnsignedShort();
      bitmapWidth =  MASK .readUns",
668,inputsSize,inputSize,False,3,inputSize|inputSize|inputSize,inputSize <EOT></s>,inputSize <EOT></s>|inputSize <EOT></s>|inputSize <EOT></s>,
669,oinput,Incorrect,False,5,Incorrect||NullPointerException||{,"(""Incorrect RoundingMode"",
                decimalFormat.getRoundingMode(), RoundingMode","(""Incorrect RoundingMode"",
                decimalFormat.getRoundingMode(), RoundingMode|
    }

    public void test_setRoundingMode() {
        // set|NullPointerException
            decimalFormat.setRoundingMode(null);
            fail(""Null|
        } catch (NullPointerException e) {
            // expected
        }
   |{
            // expected
        }
    }

    public void test_setR",
670,rtpPayloadType,payloadType,False,2,payloadType|payloadType,  payloadType <EOT></s>,"  payloadType <EOT></s>|payloadType, clockRate, channelCount);
  }

  /**
   * Returns",
671,quartScratch,quartBytesRef,False,2,quartBytesRef|quartBytesRef, quartBytesRef <EOT></s>, quartBytesRef <EOT></s>|quartBytesRef <EOT></s>,
672,offset,bucketSize,False,6,bucketSize|next|next|MASK|MASK|MASK,"bucketSize-th element.
     *         <p>
     *             This allows us","bucketSize-th element.
     *         <p>
     *             This allows us|next) {
        values.set(rootIndex, next);
    }

   |next);
    }

    /**
     * {@code true} if {@code l|[MASK] <EOT></s>|MASK  <EOT></s>|MASK "" for all buckets starting at
     * {@code startingAt}.
     *",
673,itemIndex,MASK,False,13,MASK|constantPoolCount|constantPoolCount|MASK|MASK|MASK|MASK|MASK|itemOffset|MASK|classReader|MASK|MASK,[MASK] <EOT></s>,"[MASK] <EOT></s>|constantPoolCount > 0 && MASK < 1 << 16) {
|constantPoolCount <EOT></s>|[MASK] <EOT></s>|[MASK] <EOT></s>|[MASK] <EOT></s>|[MASK] <EOT></s>|[MASK] <EOT></s>|itemOffset, charBuffer));
          break;
        case Symbol.CONSTANT_ME| MASK <EOT></s>|classReader.readUnsignedShort(itemOffset),
              classReader.readUTF8(|MASK ,
               itemTag,
              classReader.readUTF8(itemOffset,| MASK <<= 1;
    }

    // Copy the BootstrapMethods",
674,classLoader,classLoader,True,1,classLoader,classLoader <EOT></s>,classLoader <EOT></s>,
675,classLoader,classLoader,True,2,classLoader|classLoader,    classLoader  <EOT></s>,    classLoader  <EOT></s>|classLoader <EOT></s>,
676,scoreDoc,EOT,False,12,EOT|s|EOT|s|MASK|MASK|MASK|MASK|MASK|MASK|MASK|MASK,  <EOT></s>,"  <EOT></s>|s.length; i++) {
            ScoreDoc  [MASK]  = |EOT  [MASK]  =  s[i];
            assert  [MA|s[i];
            assert  [MASK] .score >= 0;
           |[MASK] <EOT></s>|[MASK] <EOT></s>|[MASK] <EOT></s>|[MASK] <EOT></s>|[MASK] <EOT></s>|[MASK] <EOT></s>|MASK <EOT></s>|MASK <EOT></s>",
677,staplerResponse,staplerResponse,True,4,staplerResponse|MASK|staplerResponse|staplerResponse,staplerResponse <EOT></s>,staplerResponse <EOT></s>|[MASK] <EOT></s>|staplerResponse <EOT></s>|staplerResponse <EOT></s>,
678,columnIndex,columnIndex,True,4,columnIndex|columnIndex|columnIndex|columnIndex,"columnIndex) throws SQLException {
    int month = rs.getInt(columnIndex);","columnIndex) throws SQLException {
    int month = rs.getInt(columnIndex);|columnIndex );
    return month == 0 && rs.wasNull() ? null : Month|columnIndex <EOT></s>|columnIndex <EOT></s>",
679,binTools,binTools,True,3,binTools|fallbackTmpDir|binTools,binTools <EOT></s>,"binTools <EOT></s>|fallbackTmpDir) -> ImmutableMap.copyOf(env),
                /* strategy|binTools,
                /* subprocessFactory= */ null,
                /* subprocessPolicy=",
680,service,MASK,False,10,MASK|MASK|MASK|MASK|MASK|MASK|MASK|MASK|MASK|MASK,[MASK] <EOT></s>,[MASK] <EOT></s>|[MASK] <EOT></s>|MASK <EOT></s>|MASK <EOT></s>|MASK <EOT></s>|MASK <EOT></s>|MASK <EOT></s>|MASK <EOT></s>|MASK <EOT></s>|MASK <EOT></s>,
681,aByte,MASK,False,12,MASK|MASK|MASK|MASK|MASK|MASK|MASK|MASK|MASK|MASK|MASK|MASK,[MASK] <EOT></s>,"[MASK] <EOT></s>|  [MASK] <EOT></s>|MASK <EOT></s>|[MASK] ) & 0xFF) + "" "");
                        if(cur|MASK <EOT></s>|MASK <EOT></s>|MASK <EOT></s>|MASK <EOT></s>|MASK <EOT></s>|MASK <EOT></s>|MASK <EOT></s>|MASK <EOT></s>",
682,schemaName,schemaName,True,3,schemaName|schemaName|schemaName,schemaName <EOT></s>,schemaName <EOT></s>|schemaName <EOT></s>|schemaName <EOT></s>,
683,secondImage,firstImage,False,6,firstImage|firstImage|firstImage|firstImage|firstImage|firstImage,"firstImage = mockEncodedImage(THUMBNAIL_WIDTHS[0], TH","firstImage = mockEncodedImage(THUMBNAIL_WIDTHS[0], TH|firstImage);

    mProducer.produceResults(mImageConsumer, m|firstImage <EOT></s>|firstImage = mockEncodedImage(THUMBNAIL_WIDTHS[1], TH|firstImage);

    mProducer.produceResults(mImageConsumer, m|firstImage <EOT></s>",
684,describableType,MASK,False,12,MASK|MASK|MASK|MASK|MASK|MASK|MASK|MASK|MASK|MASK|MASK|MASK,[MASK] <EOT></s>,"[MASK] <EOT></s>|MASK == null) {
            throw new IllegalArgumentException(""MASK is null"");|[MASK] <EOT></s>|MASK <EOT></s>|MASK <EOT></s>|[MASK] <EOT></s>|[MASK] <EOT></s>|MASK <EOT></s>|MASK <EOT></s>|MASK <EOT></s>|MASK <EOT></s>|MASK <EOT></s>",
685,warnings,MASK,False,7,MASK|MASK|MASK|MASK|MASK|MASK|MASK,[MASK] <EOT></s>,[MASK] <EOT></s>|[MASK] <EOT></s>|MASK <EOT></s>|MASK <EOT></s>|MASK <EOT></s>|MASK <EOT></s>|MASK  <EOT></s>,
686,charsetObj,EOT,False,3,EOT|EOT|EOT,  <EOT></s>,"  <EOT></s>|EOT);

		byte[] expect = content.getBytes(EOT);
|EOT.encode(content);
		byte[] expect = new byte[expectBuff",
687,listeners,MASK,False,3,MASK|MASK|MASK,[MASK] <EOT></s>,"[MASK] <EOT></s>|MASK <EOT></s>|MASK);
        });

        // Wait for the refresh listener to start waiting
       ",
688,x500Principal,subject,False,2,subject|subject,subject <EOT></s>,subject <EOT></s>|subject <EOT></s>,
689,samplers,MASK,False,4,MASK|MASK|MASK|MASK,[MASK] <EOT></s>,"[MASK] <EOT></s>|MASK <EOT></s>|MASK <EOT></s>|MASK );

	public native void glIsSampler (int sampler, IntBuffer",
690,attributes,of,False,11,of|MASK|MASK|MASK|MASK|MASK|MASK|MASK|MASK|MASK|MASK,"of {@link Map}s,
 * <EOT></s>","of {@link Map}s,
 * <EOT></s>|[MASK] <EOT></s>|[MASK] <EOT></s>|[MASK] <EOT></s>|MASK <EOT></s>|MASK <EOT></s>|MASK <EOT></s>|MASK <EOT></s>|MASK <EOT></s>|MASK <EOT></s>|MASK <EOT></s>",
691,element,MASK,False,28,MASK|MASK|MASK|MASK|MASK|MASK|MASK|MASK|MASK|MASK|MASK|MASK|MASK|MASK|MASK|MASK|MASK|MASK|MASK|MASK|MASK|MASK|MASK|MASK|annotatedElement|isAnnotationPresent|annotationType|annotatedElement,[MASK] <EOT></s>,"[MASK] <EOT></s>|[MASK] <EOT></s>|[MASK] <EOT></s>|[MASK] <EOT></s>|[MASK] <EOT></s>|[MASK] <EOT></s>|[MASK] <EOT></s>|MASK <EOT></s>|MASK <EOT></s>|MASK <EOT></s>|MASK <EOT></s>|MASK <EOT></s>|[MASK] <EOT></s>|MASK , AnnotationB.class);
        assertDeclared(expectedTypes.contains|MASK , AnnotationC.class);

        try {
             [MASK]|MASK .getDeclaredAnnotation(null);
            fail();
        } catch (|[MASK] <EOT></s>|MASK .getAnnotation(annotation));
            assertTrue(MASK .isAnnotationPresent|[MASK] <EOT></s>|MASK .getAnnotation(annotation));
            assertFalse( MASK .isAnnotationPres|MASK <EOT></s>|MASK <EOT></s>|MASK .getDeclaredAnnotation(annotation));
        } else {
            assertNull|MASK <EOT></s>|annotatedElement, Class<? extends Annotation> annotationType,
            boolean expected) {
|isAnnotationPresent() for "" +  [MASK]  + "" and "" + annotation|annotationType,
                expected,  [MASK] .isAnnotationPresent(annotationType|annotatedElement <EOT></s>",
692,fileInfo,fileInfo,True,2,fileInfo|fileInfo,"fileInfo)
            throws IOException {
            delayFn.run();
            super.s","fileInfo)
            throws IOException {
            delayFn.run();
            super.s|fileInfo);
        }

        @Override
        protected void finalizeSnapshot(Final",
693,builder,builder,True,19,builder|EOT|EOT|EOT|builder|builder|builder|builder|builder|MASK|builder|MASK|MASK|MASK|MASK|MASK|MASK|MASK|builder,builder <EOT></s>,"builder <EOT></s>|        <EOT></s>|EOT <EOT></s>|EOT <EOT></s>|builder()
            .metadata(Metadata. [MASK] ())
            .routing|builder <EOT></s>|builder <EOT></s>|builder <EOT></s>|builder <EOT></s>|[MASK] <EOT></s>|builder <EOT></s>|[MASK] <EOT></s>|[MASK] <EOT></s>|[MASK] <EOT></s>|[MASK] <EOT></s>|MASK <EOT></s>|MASK <EOT></s>|MASK .build() <EOT></s>|builder <EOT></s>",
694,model,MASK,False,8,MASK|MASK|MASK|MASK|MASK|MASK|MASK|MASK,[MASK] <EOT></s>,"[MASK] <EOT></s>|[MASK] <EOT></s>|[MASK] );
        Objects.requireNonNull(  [MASK] .|MASK <EOT></s>|MASK <EOT></s>|MASK <EOT></s>|MASK <EOT></s>|MASK <EOT></s>",
695,resource,mvc,False,4,mvc|resource|resource|resource,"mvc.method.annotation;

import org.springframework.web.servlet.resource.Resource","mvc.method.annotation;

import org.springframework.web.servlet.resource.Resource|resource <EOT></s>|resource <EOT></s>|resource <EOT></s>",
696,playlistParserFactory,MASK,False,11,MASK|MASK|MASK|MASK|MASK|MASK|MASK|MASK|MASK|MASK|MASK,[MASK] <EOT></s>,"[MASK] <EOT></s>| [MASK]  = new DefaultHlsPlaylistParserFactory();
      playlist|[MASK] <EOT></s>|MASK <EOT></s>|MASK <EOT></s>| MASK  <EOT></s>|MASK <EOT></s>|MASK  <EOT></s>| MASK  =
            new FilteringHlsPlaylistParserFactory( [MA|MASK <EOT></s>|MASK  <EOT></s>",
697,isBaseSection,EOT,False,2,EOT|EOT,    <EOT></s>,    <EOT></s>|EOT <EOT></s>,
698,setToCheck,EOT,False,2,EOT|EOT,  <EOT></s>,"  <EOT></s>|EOT
              .add(key)
              <EOT></s>",
699,logger,MASK,False,17,MASK|MASK|MASK|MASK|MASK|MASK|MASK|MASK|MASK|MASK|MASK|MASK|MASK|MASK|MASK|MASK|MASK,[MASK] <EOT></s>,[MASK] <EOT></s>|[MASK]  <EOT></s>|[MASK] <EOT></s>|[MASK] <EOT></s>|[MASK] <EOT></s>|MASK <EOT></s>|[MASK] <EOT></s>|MASK <EOT></s>|MASK <EOT></s>|MASK <EOT></s>|MASK  <EOT></s>|[MASK] <EOT></s>|MASK <EOT></s>|[MASK] <EOT></s>|MASK <EOT></s>|MASK <EOT></s>| MASK <EOT></s>,
700,moduleClasses,moduleExports,False,3,moduleExports|moduleExports|moduleExports,"moduleExports) -> {
            for (var classFile :  [MASK] )","moduleExports) -> {
            for (var classFile :  [MASK] )|moduleExports <EOT></s>|moduleExports <EOT></s>",
701,formattedString,,False,16,|);|Pattern|ATTERNS|leniency|item|getErrorIndex|w|parseString|ErrorIndex|setTime|item|result|}|Format|fmt,"
        for (TestMultiPatternMatchItem item : items) {
            sdfmt.","
        for (TestMultiPatternMatchItem item : items) {
            sdfmt.|);
            sdfmt.setLenient(item.leniency);
            sdf|Pattern(item.pattern);
            sdfmt.setBooleanAttribute(BooleanAttribute.PAR|ATTERNS, true);
            d = sdfmt.parse(item.parseString|.leniency);
            d = sdfmt.parse(item.parseString, p|item.parseString, p);
            if (item.expectedResult == null) {
|getErrorIndex() != -1)
                    continue;
                else
                    er|"" w/ lenient="" + item.leniency
                            + "" should have failed"");|parseString + "" -- idx["" + p.getIndex() + ""] errIdx[""|ErrorIndex()+""]"");
                continue;
            }

            result.append(|setTime(d);
            result.append(sdfmt.format(d));
|(item.expectedResult)) {
                errln(""error: unexpected format result. expected|result);
            } else {
                logln(""formatted results match! - "" +|   }

    @Test
    public void TestParseMultiPatternMatch2() {
|Format.getInstance();
        SimpleDateFormat sdfmt = (SimpleDateFormat) fmt;
       |fmt.setLenient(false);
        assertFalse(""setLenient false"", fmt.",
702,retrieverBuilder,retriever,False,4,retriever|retriever|retriever|retriever,retriever <EOT></s>,"retriever <EOT></s>|  retriever,
                inferenceId,
                inferenceText,
                field,
|retriever,
        String inferenceId,
        String inferenceText,
        String|retriever <EOT></s>",
703,update,update,True,4,update|updateRequest|MASK|MASK,update <EOT></s>,"update <EOT></s>|updateRequest = actionRespond(UpdateRequest.class, null);

        final Map<|[MASK] .doc().sourceAsMap();
        assertThat(docMap.get|MASK <EOT></s>",
704,upsertMap,MASK,False,3,MASK|MASK|MASK,"[MASK] = update.upsertRequest().sourceAsMap();
        assertThat(","[MASK] = update.upsertRequest().sourceAsMap();
        assertThat(|MASK <EOT></s>|MASK .get(User.Fields.PASSWORD.getPreferredName()), nullValue());",
705,beansMap,applicationConfigs,False,3,applicationConfigs|applicationConfigs|applicationConfigs,applicationConfigs <EOT></s>,"applicationConfigs <EOT></s>|applicationConfigs
                <EOT></s>|applicationConfigs <EOT></s>",
706,compositeFieldScript,parentScript,False,3,parentScript|parentScript|parentScript,parentScript <EOT></s>,"parentScript <EOT></s>|  parentScript
                                <EOT></s>|parentScript <EOT></s>",
707,charset,MASK,False,10,MASK|Charset|charsetName|charsetName|Charset|charsetName|MASK|charsetName|MASK|MASK,[MASK] <EOT></s>,"[MASK] <EOT></s>|Charset;
import java.nio.charset <EOT></s>|charsetName) throws IOException {
		Charset charset = Charset.forName(|charsetName <EOT></s>|Charset <EOT></s>|charsetName)
				.isTrue();

		Charset |[MASK] Obj = Charset.forName( [MASK] );
	|charsetName <EOT></s>|MASK <EOT></s>|MASK <EOT></s>",
708,indicesStr,,False,2,|parser,                                                                                                                                                                                                                                                                                                                               ,                                                                                                                                                                                                                                                                                                                               |parser.text() <EOT></s>,
709,expressions,MASK,False,5,MASK|MASK|MASK|MASK|MASK,      [MASK] <EOT></s>,"      [MASK] <EOT></s>|  MASK.add(field());
             [MASK] .addAll(parameters|MASK .add(filter());
              MASK .add(window());
              M|MASK <EOT></s>|MASK <EOT></s>",
710,applicationContext,MASK,False,7,MASK|MASK|MASK|MASK|MASK|MASK|MASK,[MASK] <EOT></s>,[MASK] <EOT></s>|[MASK] <EOT></s>|MASK <EOT></s>|MASK <EOT></s>|MASK <EOT></s>|MASK <EOT></s>|MASK <EOT></s>,
711,context,MASK,False,53,MASK|MASK|proxy|MASK|MASK|EOT|MASK|account|account|MASK|contexts|MASK|The|MASK|account|MASK|account|MASK|MASK|MASK|MASK|MASK|MASK|MASK|MASK|MASK|MASK|MASK|MASK|MASK|EOT|MASK|MASK|account|MASK|account|MASK|MASK|IncidentEventContext|MASK|MASK|MASK|MASK|MASK|MASK|MASK|MASK|MASK|MASK|MASK|MASK|MASK|MASK,"[MASK] s;

    public static final ParseField EVENT_TYPE =","[MASK] s;

    public static final ParseField EVENT_TYPE =|[MASK] <EOT></s>|proxy = proxy;
        this. <EOT></s>|[MASK] <EOT></s>|[MASK] <EOT></s>| <EOT></s>|MASK s);
    }

    public static class Builder {

        private|account != null) {
            builder.field(Fields.ACCOUNT.getPreferredName|account != null) {
            builder.field(Fields.ACCOUNT.getPreferredName|[MASK] <EOT></s>|contexts into the V2 API contexts.
     *
     * The V1 API|MASK <EOT></s>|The contexts <EOT></s>|MASK <EOT></s>|account != null) {
            builder.field(Fields.ACCOUNT.getPreferredName|MASK  :  [MASK] s) {
             [MASK] .to|account s) {
                 [MASK] .toXContent(builder, params);
|MASK  <EOT></s>|[MASK] <EOT></s>|MASK <EOT></s>|[MASK] <EOT></s>|MASK <EOT></s>|[MASK] s, template. [MASK] s);
        }

       | MASK s);
        }

        @Override
        public int hashCode|MASK <EOT></s>|[MASK] <EOT></s>|[MASK] <EOT></s>|[MASK] <EOT></s>|MASK <EOT></s>|MASK <EOT></s>|<EOT></s>|MASK <EOT></s>|[MASK] <EOT></s>|account != null) {
                builder.field(Fields.ACCOUNT.getPreferredName|[MASK]  :  account s) {
                     [MASK] .to|account <EOT></s>|MASK <EOT></s>|[MASK] <EOT></s>|  IncidentEventContext.Template[]  [MASK] <EOT></s>|MASK <EOT></s>|[MASK] <EOT></s>|MASK  <EOT></s>|MASK <EOT></s>|MASK );
                return this;
            }

            public Builder addContext(|[MASK] <EOT></s>|[MASK] <EOT></s>|MASK <EOT></s>|MASK <EOT></s>|MASK <EOT></s>|[MASK] <EOT></s>|[MASK] s
        // <EOT></s>|MASK <EOT></s>|MASK <EOT></s>",
712,scrollH,handlePosition,False,7,handlePosition|handlePosition|MASK|MASK|MASK|MASK|handlePosition,"handlePosition = handlePosition;
					 [MASK] <EOT></s>","handlePosition = handlePosition;
					 [MASK] <EOT></s>|handlePosition <EOT></s>|[MASK] <EOT></s>|[MASK] <EOT></s>|MASK <EOT></s>|MASK <EOT></s>|handlePosition <EOT></s>",
713,context,context,True,2,context|context," context,
        LeafReader reader,
        FieldInfo fieldInfo,
        To"," context,
        LeafReader reader,
        FieldInfo fieldInfo,
        To|context.reader();
        FieldInfo info = reader.getFieldInfos().fieldInfo(",
714,registered,MASK,False,7,MASK|MASK|then|then|then|snapshots|snapshots,[MASK] <EOT></s>,"[MASK] <EOT></s>|MASK  before allowing snapshotA to continue
        assertBusy(() -> assertRegistered(|then invocationsSinceLastSuccess
     * <EOT></s>| then  is empty
     */
    public void testSuccessSnapshotThenSuccess() throws Exception|then  is empty
     */
    public void testFailSnapshotFailStatsThenSuccess() throws|snapshots <EOT></s>|snapshots
            <EOT></s>",
715,start,startTime,False,2,startTime|startTime,startTime <EOT></s>,"startTime <EOT></s>|startTime);
		}
		if (LOG.isInfoEnabled()) {
",
716,className,className,True,2,className|className,className <EOT></s>,className <EOT></s>|className <EOT></s>,
717,httpClient,MASK,False,4,MASK|EOT|httpClientConfig|EOT,[MASK] <EOT></s>,"[MASK] <EOT></s>| <EOT></s>|httpClientConfig(HttpClientConfig  EOT Config);

    @Override
    Service|EOT Config);

    @Override
    ServiceBuilderOAuth10a  http",
718,delta,MASK,False,31,MASK|MASK|MASK|MASK|MASK|MASK|MASK|MASK|MASK|MASK|MASK|MASK|MASK|MASK|MASK|MASK|MASK|MASK|MASK|MASK|MASK|MASK|MASK|MASK|MASK|MASK|MASK|MASK|MASK|velocityX|bg,[MASK] <EOT></s>,"[MASK] <EOT></s>|[MASK] <EOT></s>|MASK <EOT></s>|MASK <EOT></s>|[MASK] X, float  [MASK] Y) {
				|MASK Y) {
				setScrollbarsVisible(true);
		|MASK <EOT></s>|MASK <EOT></s>|[MASK] <EOT></s>|MASK <EOT></s>|[MASK] <EOT></s>|MASK <EOT></s>|MASK <EOT></s>|[MASK] <EOT></s>|[MASK] <EOT></s>|[MASK] );
			else
				fadeAlpha = Math.|[MASK] <EOT></s>|[MASK ] <EOT></s>|MASK <EOT></s>|[MASK] <EOT></s>|MASK <EOT></s>|MASK , (visualAmountX - amountX) * 7 *  MASK |MASK <EOT></s>|MASK , (amountY - visualAmountY) * 7 *  MASK |MASK <EOT></s>|MASK , (visualAmountY - amountY) * 7 *  MASK |MASK <EOT></s>|[MASK] <EOT></s>|MASK <EOT></s>|velocityX, float velocityY) {
		this.flingTime = flingTime|bg = style.background;
		if (bg != null) {
			",
719,executionCount,MASK,False,3,MASK|MASK|MASK,[MASK] <EOT></s>,[MASK] <EOT></s>|MASK <EOT></s>|MASK <EOT></s>,
720,clientSecret,clientSecret,True,2,clientSecret|clientSecret,clientSecret <EOT></s>,clientSecret <EOT></s>|clientSecret <EOT></s>,
721,snapshotA,snapshotName,False,9,snapshotName|snapshotName|snapshot|snapshotName|MASK|snapshotName|TestDelayedRepoPlugin|snapshotName|snapshotName,"snapshotName = executePolicy(masterNode, policyName);
        logger.info(""Created","snapshotName = executePolicy(masterNode, policyName);
        logger.info(""Created|snapshotName);

        waitForSnapshot(repoName, snapshotName);

       |snapshot is registered before starting snapshotB
        assertBusy(() -> assertRegistered(policy|snapshotName <EOT></s>|[MASK] <EOT></s>|snapshotName <EOT></s>|TestDelayedRepoPlugin so snapshotB can complete,
       <EOT></s>|snapshotName);
        waitForSnapshot(repoName, snapshotB);

        assert|snapshotName);
            assertSnapshotSuccess(repoName, snapshotB);
            assertMetadata",
722,depth,depth,True,12,depth|MASK|MASK|MASK|MASK|MASK|MASK|MASK|MASK|MASK|MASK|MASK,depth <EOT></s>,depth <EOT></s>|[MASK] <EOT></s>|[MASK] <EOT></s>|[MASK] <EOT></s>|MASK <EOT></s>|MASK <EOT></s>|[MASK] <EOT></s>|MASK  <EOT></s>|[MASK] <EOT></s>|MASK  <EOT></s>|MASK <EOT></s>|MASK  <EOT></s>,
723,child,plan,False,10,plan|plan|MASK|MASK|MASK|MASK|MASK|MASK|MASK|MASK, plan <EOT></s>," plan <EOT></s>|plan <EOT></s>|[MASK] <EOT></s>|[MASK] <EOT></s>|[MASK] <EOT></s>|MASK <EOT></s>|MASK <EOT></s>|[MASK] <EOT></s>|MASK <EOT></s>|MASK ());
            assertEquals(optimizedPlan.limit(), Math.min(upper",
724,delta,MASK,False,8,MASK|MASK|i|MASK|MASK|MASK|MASK|MASK,[MASK] <EOT></s>,"[MASK] <EOT></s>|[MASK] <EOT></s>|i <EOT></s>|[MASK] <EOT></s>|MASK  is negative,
     * this decrements the count of active iterators over the|MASK <EOT></s>|MASK <EOT></s>|MASK <EOT></s>",
725,humanReadable,EOT,False,3,EOT|EOT|EOT,     <EOT></s>,     <EOT></s>|[EOT] <EOT></s>|EOT <EOT></s>,
726,pluginsDirectory,pluginsDir,False,2,pluginsDir|pluginsDir,"pluginsDir = env.pluginsFile().toRealPath();
            if (pluginRealPath.","pluginsDir = env.pluginsFile().toRealPath();
            if (pluginRealPath.|pluginsDir)
                && pluginRealPath.startsWith(pluginsDir.resolve(pluginId",
727,testdefault,null,False,2,null|,"0-00"", null,
            null,     ""000000"",","0-00"", null,
            null,     ""000000"",|
            null,     ""123-45"", null,
            null,    ",
728,pointer,MASK,False,8,MASK|MASK|MASK|MASK|MASK|.|MASK|MASK,[MASK] <EOT></s>,"[MASK] <EOT></s>|[MASK] <EOT></s>|MASK <EOT></s>|MASK <EOT></s>|MASK <EOT></s>|.
		for (int i = next(TOUCH_DRAGGED|MASK && queue.get(i + 4) == button && queue.get(i|MASK <EOT></s>",
729,toExclude,MASK,False,20,MASK|MASK|MASK|MASK|MASK|MASK|MASK|MASK|MASK|MASK|MASK|MASK|from|MASK|MASK|MASK|MASK|from|MASK|MASK,"[MASK] d, boolean isPath, TempBuf tempBuf) {
       ","[MASK] d, boolean isPath, TempBuf tempBuf) {
       |[MASK] <EOT></s>|[MASK] <EOT></s>|[MASK] d);
        }

        // Each encoded byte takes 3 characters|[MASK] <EOT></s>|MASK d, isPath, buf, charBuf, charBufIdx);
|[MASK] <EOT></s>|[MASK] <EOT></s>|[MASK] <EOT></s>|MASK d && str.charAt(i) == '%');
            i--;
|[MASK] <EOT></s>|[MASK] <EOT></s>|from <EOT></s>|[MASK] <EOT></s>|MASK <EOT></s>|MASK <EOT></s>|MASK <EOT></s>|from <EOT></s>|MASK <EOT></s>|MASK <EOT></s>",
730,bulkRequest,EOT,False,3,EOT|EOT|EOT,         <EOT></s>,"         <EOT></s>|EOT
            <EOT></s>|EOT <EOT></s>",
731,bindingResult,MASK,False,5,MASK|MASK|date|date|date,[MASK] <EOT></s>,"[MASK] <EOT></s>|MASK);
		mav.addObject(""date"", new Date() <EOT></s>|date = new Date();
		BindingResult  <EOT></s>|date <EOT></s>|date <EOT></s>",
732,producerContext,MASK,False,2,MASK|MASK,[MASK] <EOT></s>,[MASK] <EOT></s>|MASK <EOT></s>,
733,features,features,True,1,features,                                  features <EOT></s>,                                  features <EOT></s>,
734,resName,resName,True,6,resName|resName|resName|resName|resName|resName,resName <EOT></s>,resName <EOT></s>|resName <EOT></s>|resName <EOT></s>|resName <EOT></s>|resName <EOT></s>|resName <EOT></s>,
735,testtimezone,"0005"",   ""1970 01 01 00",False,4,"0005"",   ""1970 01 01 00|null|,  ""1970 01 01 19:30:|};","0005"",   ""1970 01 01 00","0005"",   ""1970 01 01 00|0:05"",  null,
            null,     ""12:34"",|"",  ""1970 01 01 19:30:|};

        expectParse(DATA, new Locale(""en"", """", """"));
   ",
736,field,field,True,5,field|field|field|field|field,"field)
    {
        ProgramFieldOptimizationInfo.getProgramFieldOptimization","field)
    {
        ProgramFieldOptimizationInfo.getProgramFieldOptimization|field <EOT></s>|field can be made private.
     */
    public static boolean canBeMadePrivate(|field)
    {
        return FieldOptimizationInfo.getFieldOptimizationInfo|field <EOT></s>",
737,columnName,columnName,True,1,columnName,"columnName) throws SQLException {
    return null;
  }

  @Override","columnName) throws SQLException {
    return null;
  }

  @Override",
738,currentFieldName,EOT,False,13,EOT|EOT|MASK|MASK|MASK|MASK|MASK|MASK|MASK|MASK|MASK|MASK|parser,                 <EOT></s>,"                 <EOT></s>|EOT <EOT></s>|[MASK] <EOT></s>|[MASK] <EOT></s>|[MASK] <EOT></s>|MASK <EOT></s>|MASK <EOT></s>|MASK <EOT></s>|MASK <EOT></s>|MASK <EOT></s>|MASK <EOT></s>|MASK <EOT></s>|  parser.currentName()
                        );
                    }
                } else {
",
739,formatter,DateFormats,False,47,"DateFormats|May|null|May|null|/**|Date|util|getDefault|format|handling|PM|:56"",|not|70 01 01 12:34:56"",|PM|||new|*/|_ULocale|yyyy|an||CalendarField|AP_MONTH|i|Field|CalendarField|void||Locale|errln|public|4.000000001"", ""2010 04|dddd|2010.10.0000000011"",|23:34.456"",|23003400456000"", ""2010|56000"", ""2010-04-16 12|T07|GG|dd||chen|u5143|AM","DateFormats
        // 1. DateFormat.getDateTimeInstance(DateFormat.FULL","DateFormats
        // 1. DateFormat.getDateTimeInstance(DateFormat.FULL|""May 5, 1997"", ""5/1/97"", ""|null,
                ""1997"", ""1997"", null, null,|""16 May 1997"", null, null, null, null, null,|, null, null, ""1998"", null,
                ""12:0|/**
     * Test the handling of the 'Z' pattern character.
     */
   |Date date;
        DateFormat  [MASK] ;
        date = new Date(|.util.Locale(""en"", ""US""));
        DateFormat  [MASK]|.getDefault().getDisplayName(false, TimeZone.SHORT);
        //}|.format(greenwichdate);
            logln(DATA[i] + DATA[|handling of the 'v' pattern.
     */
    @Test
    public void Test|PM"", ""12:34:56 PM"",
            ""hh:mm:|:56"",
            ""hh:mm:ss a"", ""12:34|not been implemented yet
            // ""hh:mm:ss a"", ""12:3|70 01 01 12:34:56"",
           |PM"",  ""1970 01 01 12:34|
        f.setTimeZone(TimeZone.getTimeZone(""GMT""));

|
        }

        DateFormatSymbols dfs = f.getDateFormatSymbols();|new Date(dexp2.getTime() - 8 * 60 * 6|*/
    @Test
    public void TestConstructorWithOverride() {
        String pattern =|_ULocale() {
        String pattern = ""yyyy-MM-dd"";
       |yyyy-MM-dd"", ""yyyy-MM-dd"", ULocale.US);
|an exception"");
        }
    }

    /*
     * Tests the constructor|
    }

    /*
     * Tests the constructor public SimpleDateFormat(String pattern|CalendarField(int calendarField)
     */
    @Test
    public void TestDateFormat|AP_MONTH, Calendar.ERA, Calendar.YEAR, Calendar.MONTH,|0; i < cases.length; i++) {
            DateFormat.Field field = Date|Field(cases[i]);
                errln(""SimpleDateFormat.Field.ofCalendarField|CalendarField(int calendarField) ""
                        + ""was not suppose to return an exception|void TestGetPatternInstance() {
        // Tests when if (calendarField == ChineseCalendar|
            df = DateFormat.getPatternInstance("""", new Locale(""en_US""),|Locale(""en_US""));
            df = DateFormat.getPatternInstance("""", null|errln(""DateFormat.getPatternInstance(String pattern) ""
                    + ""was|   public void TestLongNumericFieldPatterns() {
        // Create a pattern with a|4.000000001"", ""2010 04|dddd"", ""fp"", ""2010 04 01"",
           |""2010.10.0000000011"",|23:34.456"",

                ""yyyyMMddHHmmss|23003400456000"", ""2010|56000"", ""2010-04-16 12|10-23T07:00:00Z"",
        ""AD|GG yyyy-MM-dd'T'HH:mm:ss'Z'"",|dd'T'HH:mm:ss'Z'"", new Locale(""en"", """",|
            try
            {
                out = fmt1.format(dt1);
           |chen 29-4-2"",      ""ren-chen 29-4bis|u5143\u516B\u5143\u5|00:30:00"", ""12:30:00 AM",
740,response,body,False,6,body|MASK|response|response|response|MASK,"body that is written to the response.
 *
 * <p>Implementations may be","body that is written to the response.
 *
 * <p>Implementations may be|[MASK] <EOT></s>|response <EOT></s>|response
	 * @param [MASK]  the [MASK] <EOT></s>|response <EOT></s>|MASK <EOT></s>",
741,parent,MASK,False,8,MASK|MASK|MASK|MASK|MASK|MASK|MASK|MASK,[MASK] <EOT></s>,[MASK] <EOT></s>|MASK <EOT></s>|[MASK] <EOT></s>|! [MASK] <EOT></s>|MASK <EOT></s>|MASK <EOT></s>|MASK <EOT></s>|MASK <EOT></s>,
742,lookup,DocumentParsingException,False,7,DocumentParsingException|DocumentParsingException|DocumentParsingException|EOT|getForField|EOT|EOT,"DocumentParsingException;
import org.elasticsearch.search. [MASK] <EOT>","DocumentParsingException;
import org.elasticsearch.search. [MASK] <EOT>|DocumentParsingException;
import org.elasticsearch.search. [MASK] .|DocumentParsingException;
import org.elasticsearch.search.lookup.SearchLookup|                        <EOT></s>|getForField(ProvidedIdFieldMapper.NAME).get <EOT></s>|EOT <EOT></s>|EOT.getSourceLookup()
                .setSegmentAndDocument(context, ",
743,impls,plugins,False,3,plugins|plugins|plugins,plugins <EOT></s>,"plugins <EOT></s>|plugins
                        <EOT></s>|plugins <EOT></s>",
744,beanName,MASK,False,5,MASK|MASK|MASK|MASK|MASK,[MASK] <EOT></s>,[MASK] <EOT></s>|MASK <EOT></s>|MASK <EOT></s>|MASK <EOT></s>|MASK <EOT></s>,
745,other,MASK,False,10,MASK|groupId|MASK|MASK|Bounds|getBucketValuesIndexes|groupId|Bounds|Bounds|MASK,[MASK] <EOT></s>,"[MASK] <EOT></s>|groupId} into {@code groupId}.
     */
    public void merge(int groupId| [MASK] <EOT></s>|MASK <EOT></s>|Bounds =  getBucketValuesIndexes(groupId);
        var   MASK|getBucketValuesIndexes(groupId);
        var  MASK Bounds =|groupId);
        var  MASK Bounds =  MASK .getBuck|Bounds.v1(); i <  [MASK] Bounds.v2(); i++)|Bounds Bounds.v2(); i++) {
            collect( [MASK] .values|MASK <EOT></s>",
746,contextClass,context,False,15,context|MASK|MASK|context|MASK|MASK|MASK|MASK|MASK|MASK|MASK|MASK|MASK|MASK|MASK,context <EOT></s>,"context <EOT></s>|[MASK] <EOT></s>|[MASK] <EOT></s>|context + ""' in thread '"" + Thread.currentThread().getName() + ""'"");
        }|[MASK] <EOT></s>|MASK <EOT></s>|MASK <EOT></s>|MASK <EOT></s>|MASK );
            }
            for (DescriptorVisibilityFilter f : filters) {
               |MASK );
                }
                try {
                    if ( MASK  !=|MASK <EOT></s>|MASK <EOT></s>|MASK );
                        }
                        continue OUTER; // veto-ed.|MASK , e);
                    throw e;
                } catch (Throwable e)|MASK , e);
                    continue OUTER; // veto-ed. not shown",
747,dataTypeName,dataType,False,2,dataType|dataType,"dataType) {
        return new EsqlIllegalArgumentException(""illegal data type [""","dataType) {
        return new EsqlIllegalArgumentException(""illegal data type [""|dataType <EOT></s>",
748,visitor,visitor,True,7,visitor|visitor|MASK|visitor|MASK|MASK|MASK,"visitor for each member.
	 * If the called visitor method returns 
	 * false","visitor for each member.
	 * If the called visitor method returns 
	 * false|visitor  returns  false, the traversal is terminated.
	 * 
	 *|[MASK] <EOT></s>|visitor  <EOT></s>|[MASK] <EOT></s>|MASK <EOT></s>|MASK <EOT></s>",
749,actual,EOT,False,2,EOT|EOT,         <EOT></s>,"         <EOT></s>|EOT);
        assertEquals(expected.toString(), ScriptFeatureExtractor.getScriptFeature",
750,serverInputStream,MASK,False,12,MASK|MASK|MASK|MASK|MASK|MASK|MASK|MASK|MASK|MASK|MASK|MASK,[MASK] <EOT></s>,[MASK] <EOT></s>|MASK <EOT></s>|MASK <EOT></s>|[MASK] <EOT></s>|MASK <EOT></s>|MASK <EOT></s>|MASK <EOT></s>|MASK <EOT></s>|MASK <EOT></s>|MASK <EOT></s>|MASK <EOT></s>|MASK <EOT></s>,
751,layer,layer,True,1,layer,"layer);

	public native void glFramebufferTexture (int target, int attachment, int","layer);

	public native void glFramebufferTexture (int target, int attachment, int",
752,destConfigDir,destConfigDir,True,17,destConfigDir|destConfigDir|destConfigDir|destConfigDir|destConfigDir|destConfigDir|MASK|tmpConfigDir|MASK|MASK|MASK|MASK|destConfigDir|MASK|destConfigDir|MASK|MASK,destConfigDir <EOT></s>,"destConfigDir <EOT></s>|destConfigDir);
        }
    }

    /**
     * Downloads a|destConfigDir}, along with permissions from dest dirs parent.
     *
     * The|destConfigDir <EOT></s>|destConfigDir <EOT></s>|destConfigDir <EOT></s>|[MASK] <EOT></s>|  tmpConfigDir <EOT></s>|[MASK] <EOT></s>|[MASK] <EOT></s>|MASK <EOT></s>|[MASK] <EOT></s>|destConfigDir <EOT></s>|MASK <EOT></s>|destConfigDir <EOT></s>|MASK <EOT></s>|MASK <EOT></s>",
753,accepted,isAccepted,False,16,isAccepted|MASK|isAccepted|result|MASK|MASK|MASK|MASK|MASK|MASK|MASK|MASK|MASK|MASK|MASK|MASK,isAccepted <EOT></s>,isAccepted <EOT></s>|[MASK] <EOT></s>|isAccepted <EOT></s>|result <EOT></s>|[MASK] <EOT></s>|[MASK] <EOT></s>|MASK <EOT></s>|MASK <EOT></s>|[MASK] <EOT></s>|[MASK] <EOT></s>|MASK <EOT></s>|MASK <EOT></s>|MASK <EOT></s>|MASK <EOT></s>|MASK <EOT></s>|MASK <EOT></s>,
754,invalidValue,MASK,False,3,MASK|randomValue|randomValue,MASK <EOT></s>,"MASK <EOT></s>|randomValue));
        assertThat(e.getMessage(), endsWith(""must be between "" +|randomValue + MASK <EOT></s>",
755,outerFilterDocCount,filterDocCount,False,4,filterDocCount|filterDocCount|filterDocCount|innerFilterDocCount,filterDocCount <EOT></s>,"filterDocCount <EOT></s>|filterDocCount <EOT></s>|filterDocCount , equalTo(sampledDocCount));
                assertThat( innerFilterDoc|innerFilterDocCount <EOT></s>",
756,newChildren,children,False,2,children|children,children <EOT></s>,children <EOT></s>|children <EOT></s>,
757,lastIndex,EOT,False,4,EOT|EOT|EOT|EOT,                 <EOT></s>,                 <EOT></s>|EOT <EOT></s>|EOT <EOT></s>|EOT  <EOT></s>,
758,valueStart,MASK,False,9,MASK|MASK|MASK|MASK|MASK|MASK|MASK|MASK|MASK,[MASK] <EOT></s>,[MASK] <EOT></s>|[MASK] <EOT></s>|MASK  <EOT></s>|[MASK] <EOT></s>|MASK <EOT></s>|MASK <EOT></s>|MASK <EOT></s>|MASK <EOT></s>|MASK <EOT></s>,
759,applicationContext,context,False,3,context|context|capturingRenderersFactory,                                         context <EOT></s>,"                                         context <EOT></s>|context, /* extensionRendererMode= */ ExtensionRendererMode.OFF <EOT></s>|capturingRenderersFactory <EOT></s>",
760,maxes,MASK,False,3,MASK|MASK|MASK,[MASK] <EOT></s>,[MASK] <EOT></s>|MASK <EOT></s>|MASK <EOT></s>,
761,resolver,MASK,False,12,MASK|channel|MASK|MASK|MASK|MASK|MASK|MASK|MASK|MASK|MASK|MASK,[MASK] <EOT></s>,"[MASK] <EOT></s>|channel.ChannelHandler. [MASK] ;
import io.netty5.channel.|[MASK] <EOT></s>|[MASK] <EOT></s>|MASK <EOT></s>|MASK <EOT></s>|MASK <EOT></s>|MASK <EOT></s>|MASK <EOT></s>|[MASK] <EOT></s>| MASK <EOT></s>|MASK <EOT></s>",
762,urlAuthSection,urlPrefix,False,2,urlPrefix|urlPrefix,"urlPrefix = usesAuthentication ? REDIS_URL_AUTH_SECTION : """";
","urlPrefix = usesAuthentication ? REDIS_URL_AUTH_SECTION : """";
|urlPrefix <EOT></s>",
763,constantDynamic,CONSTANT_UTF8_TAG,False,5,CONSTANT_UTF8_TAG||ANT_Utf8_info|of|index,"CONSTANT_UTF8_TAG, value, hashCode)).index;
  }
","CONSTANT_UTF8_TAG, value, hashCode)).index;
  }
|
   * Adds a new CONSTANT_Utf8_info to the constant pool|ANT_Utf8_info to the constant pool of this symbol table.
   *
|of this symbol table.
   *
   * @param index the constant pool index of the|index the constant pool index of the new Symbol.
   * @param value a string.
",
764,minDays,calMinDays,False,5,calMinDays|calMinDays|calMinDays|OfWeekField|wowby,calMinDays = CalendarDataUtility.retrieveMinimalDaysInFirstWeek(locale,"calMinDays = CalendarDataUtility.retrieveMinimalDaysInFirstWeek(locale|calMinDays  = weekData.minimalDaysInFirstWeek;
    return WeekFields|calMinDays);
  }

  /**
   * Obtains an instance of|OfWeekField(WeekFields weekDef) {
            return new ComputedDayOfField(|(wowby, offset, yearLen);
            int newYear = yowby +",
765,staticMethods,MASK,False,7,MASK|MASK|MASK|MASK|MASK|MASK|MASK,[MASK] <EOT></s>,"[MASK] <EOT></s>|MASK <EOT></s>|[MASK]  = processorUtil.findStaticMethodsReturning(requestOptionsType, request|[MASK]  <EOT></s>|MASK <EOT></s>|MASK .add(generateStaticMethodEquivalentForRequestOptionsStaticMethod(element));
|MASK ;
  }

  private MethodAndStaticVar generateStaticMethodEquivalentFor",
766,refeshOnOperation,MASK,False,5,MASK|MASK|MASK|MASK|MASK,[MASK] <EOT></s>,[MASK] <EOT></s>|[MASK] <EOT></s>|[MASK] <EOT></s>|MASK <EOT></s>|MASK <EOT></s>,
767,currency,MASK,False,7,MASK|MASK|MASK|MASK|MASK|MASK|symbol,[MASK] <EOT></s>,"[MASK] <EOT></s>|MASK <EOT></s>| [MASK] <EOT></s>|MASK] <EOT></s>|MASK <EOT></s>|MASK  <EOT></s>|symbol "");
                    if (symbol != null) {
                        return (T) C",
768,method,methods,False,5,methods|MASK|MASK|MASK|MASK,"methods.
 *
 * <p>The {@link TransactionalApplicationListenerMethodAdapter}","methods.
 *
 * <p>The {@link TransactionalApplicationListenerMethodAdapter}|[MASK] <EOT></s>|[MASK] <EOT></s>|[MASK] <EOT></s>|MASK <EOT></s>",
769,mediaDescription,MASK,False,14,MASK|MASK|MASK|MASK|MASK|MASK|MASK|MASK|MASK|MASK|MASK|MASK|MASK|MASK,[MASK] <EOT></s>,[MASK] <EOT></s>|[MASK] <EOT></s>|  [MASK] <EOT></s>|[MASK] <EOT></s>|MASK <EOT></s>|MASK <EOT></s>|[MASK] .mediaType.equals(MEDIA_TYPE_AUDIO))|MASK <EOT></s>|[MASK] <EOT></s>|[MASK] <EOT></s>|MASK <EOT></s>|MASK <EOT></s>|MASK <EOT></s>|MASK <EOT></s>,
770,zeroTermsQuery,MASK,False,27,MASK|MASK|MASK|MASK|MASK|MASK|zero_terms_query|MASK|MASK|MASK|MASK|MASK|MASK|MASK|MASK|MASK|MASK|slop|MASK|MASK|MASK|MASK|MASK|MASK|MASK|MASK|MASK,[MASK] <EOT></s>,"[MASK] <EOT></s>|[MASK] <EOT></s>|[MASK] <EOT></s>|[MASK] <EOT></s>|MASK <EOT></s>|[MASK] <EOT></s>|zero_terms_query <EOT></s>|MASK <EOT></s>|MASK <EOT></s>|[MASK] <EOT></s>|MASK ) {
        if ( [MASK ] == null) {
            throw new|MASK  = ZeroTermsQueryOption.readFromString( [MASK] String);|MASK <EOT></s>|MASK <EOT></s>|MASK );
    }

    public static ZeroTermsQueryOption  [MASK|MASK <EOT></s>|MASK <EOT></s>|slop != MatchQueryParser.DEFAULT_PHRASE_SLOP) {
           |[MASK] <EOT></s>|MASK <EOT></s>| MASK <EOT></s>|MASK <EOT></s>|MASK <EOT></s>|[MASK] <EOT></s>|MASK <EOT></s>|MASK <EOT></s>|MASK <EOT></s>",
771,legal,retained,False,8,retained|legal|MASK|name|_|legal|legal|legal,"retained in the encoded
 *  form. For example, {@link UriCodec.Simple","retained in the encoded
 *  form. For example, {@link UriCodec.Simple|legal <EOT></s>|[MASK] <EOT></s>|name <EOT></s>|""%_-./:=&?@!$'()*+,;"".indexOf(|legal <EOT></s>|legal  <EOT></s>|legal <EOT></s>",
772,searchLookup,lookup,False,6,lookup|lookup|lookup|lookup|lookup|lookup,"lookup, onScriptError) -> {
            CompositeFieldScript.LeafFactory parentLe","lookup, onScriptError) -> {
            CompositeFieldScript.LeafFactory parentLe|lookup <EOT></s>|lookup <EOT></s>|lookup <EOT></s>|lookup <EOT></s>|lookup <EOT></s>",
773,routingTable,routingTable,True,5,routingTable|routingTable|routingTable|routingTable|routingTable,routingTable <EOT></s>,"routingTable <EOT></s>|routingTable(routingTable)
            .build();

        clusterState = Cl|routingTable <EOT></s>|routingTable <EOT></s>|routingTable <EOT></s>",
774,vVector,MASK,False,12,MASK|MASK|MASK|MASK|MASK|MASK|MASK|MASK|MASK|MASK|MASK|MASK,[MASK] <EOT></s>,"[MASK] <EOT></s>|[MASK] <EOT></s>|[MASK] <EOT></s>|[MASK] <EOT></s>|MASK <EOT></s>|MASK <EOT></s>|[MASK] <EOT></s>|[MASK] <EOT></s>|MASK <EOT></s>|MASK <EOT></s>|MASK .getPositionCount(); valuesPosition++) {
      if (mask.getBoolean(|MASK <EOT></s>",
775,consumer,MASK,False,6,MASK|MASK|MASK|MASK|MASK|MASK,[MASK] <EOT></s>,[MASK] <EOT></s>|[MASK] <EOT></s>|[MASK ] <EOT></s>|[MASK ] <EOT></s>|MASK <EOT></s>|MASK  <EOT></s>,
776,prefix,prefix,True,2,prefix|prefix,"prefix) {
        return  [MASK]  + ""$synthetic$"" +","prefix) {
        return  [MASK]  + ""$synthetic$"" +|prefix
            + ""$synthetic$""
            + scriptName
            + ""$syn",
777,blockFactory,blockFactory,True,3,blockFactory|blockFactory|blockFactory,blockFactory <EOT></s>,"blockFactory <EOT></s>|blockFactory
                <EOT></s>|blockFactory <EOT></s>",
778,apiSecret,apiSecret,True,3,apiSecret|apiSecret|apiSecret,apiSecret <EOT></s>,"apiSecret <EOT></s>|apiSecret(apiSecret)
                .callback(""http://localhost:9000/|apiSecret <EOT></s>",
779,tests,,False,8,|T00|th||leniency|p|iency|String,"
                            }
                        } catch (ParseException e) {
                            errl","
                            }
                        } catch (ParseException e) {
                            errl|04-07-15T00:00:00Z"", ""|th quarter"",    ""yyyy MMM dd qqqq"",      ""2013 Oct|
            sdfmt.setBooleanAttribute(BooleanAttribute.PARSE_ALLOW_WH|leniency);
            d = sdfmt.parse(item.parseString, p);|p.getErrorIndex() != -1) {
                errln(""FAIL:|iency
                            + "" should have failed"");
            }
            if(p.get|String + "" -- idx["" + p.getIndex() + ""] errIdx[""
",
780,itemOffset,MASK,False,13,MASK|MASK|MASK|MASK|MASK|itemIndex|nameAndTypeItemOffset|MASK|MASK|memberRefItemOffset|MASK|MASK|itemIndex,"MASK = itemIndex * 3;
      int item   <EOT></s>","MASK = itemIndex * 3;
      int item   <EOT></s>|MASK <EOT></s>|MASK  + 1));
          addConstantMemberReference(
              itemIndex,|MASK  + 1, charBuffer),
              classReader.readUTF8(name|MASK <EOT></s>|itemIndex + 1, charBuffer),
              classReader.readUTF8(itemIndex|nameAndTypeItemOffset + 2, charBuffer),
              classReader.readUTF8|MASK  + 2));
          break;
        case Symbol.CONSTANT_|MASK <EOT></s>|memberRefItemOffset + 1, charBuffer <EOT></s>|MASK <EOT></s>|MASK  + 4));
          break;
        case Symbol.CONSTANT_|itemIndex, charBuffer));
          break;
        default:
          throw new Illegal",
781,listener,MASK,False,10,MASK|MASK|MASK|MASK|MASK|MASK|MASK|MASK|MASK|MASK,[MASK] <EOT></s>,[MASK] <EOT></s>|[MASK] <EOT></s>|[MASK] <EOT></s>|  [MASK] <EOT></s>|[MASK] <EOT></s>|MASK <EOT></s>|MASK <EOT></s>|MASK <EOT></s>|MASK <EOT></s>|MASK <EOT></s>,
782,fmtpAttributes,MASK,False,18,MASK|MASK|MASK|MASK|MASK|MASK|MASK|MASK|MASK|MASK|MASK|MASK|MASK|MASK|MASK|MASK|MASK|MASK,[MASK] <EOT></s>,[MASK] <EOT></s>|[MASK] <EOT></s>|MASK <EOT></s>|MASK <EOT></s>|MASK <EOT></s>|[MASK] <EOT></s>|[MASK] .containsKey(PARAMETER_PROFILE_LEVEL_ID|[MASK] <EOT></s>|MASK <EOT></s>|MASK <EOT></s>|[MASK] <EOT></s>|[MASK] <EOT></s>|[MASK] <EOT></s>|[MASK] <EOT></s>|[MASK] <EOT></s>|MASK <EOT></s>|MASK <EOT></s>|MASK <EOT></s>,
783,request,request,True,4,request|request|request|request,request <EOT></s>,"request <EOT></s>|request
					.mutate()
					.contextPath|request <EOT></s>|request <EOT></s>",
784,password,keystore,False,6,keystore|keystorePassword|keystorePassword|keystorePassword|keystorePassword|keystorePassword,keystore password <EOT></s>,keystore password <EOT></s>|keystorePassword <EOT></s>|keystorePassword <EOT></s>|keystorePassword <EOT></s>|keystorePassword <EOT></s>|keystorePassword <EOT></s>,
785,srcSize,imageSize,False,4,imageSize|imageSize|imageSize|decodingInfo,  imageSize  <EOT></s>,"  imageSize  <EOT></s>|imageSize <EOT></s>|imageSize, decodingInfo.getTargetSize() <EOT></s>|decodingInfo.getTargetSize() <EOT></s>",
786,empty,MASK,False,9,MASK|MASK|MASK|MASK|MASK|MASK|MASK|MASK|},[MASK] <EOT></s>,"[MASK] <EOT></s>|[MASK] <EOT></s>|[MASK] <EOT></s>|MASK <EOT></s>|MASK <EOT></s>|MASK .get(""nothing""));
         MASK .put(""something"", ""here"");|MASK <EOT></s>|MASK <EOT></s>|}
                });
            fail();
        } catch(ConcurrentModificationException expected)",
787,setterFunc,MASK,False,3,MASK|MASK|MASK,[MASK] <EOT></s>,[MASK] <EOT></s>|MASK <EOT></s>|MASK <EOT></s>,
788,outputBlock,MASK,False,13,MASK|MASK|MASK|MASK|MASK|MASK|MASK|MASK|MASK|MASK|MASK|MASK|MASK,[MASK] <EOT></s>,[MASK] <EOT></s>|[MASK] <EOT></s>|MASK <EOT></s>|MASK <EOT></s>|MASK <EOT></s>|[MASK] <EOT></s>|[MASK] <EOT></s>|MASK <EOT></s>|MASK <EOT></s>|[MASK] <EOT></s>|MASK <EOT></s>|MASK <EOT></s>|MASK <EOT></s>,
789,additionalMatcherName,mask,False,3,mask|mask|mask,  mask <EOT></s>,  mask <EOT></s>|mask <EOT></s>|  mask <EOT></s>,
790,names,names,True,2,names|names,"names) {
        for (String name : names) {
            if (name.equals","names) {
        for (String name : names) {
            if (name.equals|names <EOT></s>",
791,order,MASK,False,5,MASK|MASK|MASK|MASK|MASK,[MASK] <EOT></s>,[MASK] <EOT></s>|[MASK] <EOT></s>|MASK <EOT></s>|MASK <EOT></s>|MASK <EOT></s>,
792,delegate,MASK,False,6,MASK|MASK|MASK|MASK|MASK|MASK,[MASK] <EOT></s>,"[MASK] <EOT></s>|[MASK] <EOT></s>|[MASK] <EOT></s>|MASK <EOT></s>|MASK () {
        return  [MASK] ;
      }
    };
|MASK <EOT></s>",
793,julyStr,Pattern,False,3,Pattern||str,"Pattern() + ""\"""");
                        }
                } catch (Exception e) {
","Pattern() + ""\"""");
                        }
                } catch (Exception e) {
|
        logln(""pattern="" + fmt.toPattern() + ""   string="" + str|str);
            String s = fmt.format(d);
            logln(""parse(""",
794,healthMetadata,MASK,False,2,MASK|MASK,[MASK] <EOT></s>,"[MASK] <EOT></s>|MASK
            <EOT></s>",
795,builders,MASK,False,4,MASK|MASK|MASK|MASK,[MASK] <EOT></s>,"[MASK] <EOT></s>|MASK
            <EOT></s>|MASK <EOT></s>|MASK);
        assertBusy(() -> {
            for (int i = 0",
796,bootstrapMethodArguments,int,False,11,int|entry|entry|izedType|tag|Code|];|Label|x7FFFFFFF|hashCode|tag,"int addType(final String value) {
    int hashCode = hash(Symbol.TYPE","int addType(final String value) {
    int hashCode = hash(Symbol.TYPE|&& entry.value.equals(value)) {
        return entry.index;
      }|     entry = entry.next;
    }
    return put(new Entry(typeTable|izedType(final String value, final int bytecodeOffset) {
    int hashCode =|tag == Symbol.UNINITIALIZED_TYPE_TAG
          && entry.hashCode|Code
          && entry.value.equals(value)
          && entry.data == byte|];
    labelEntries[index] = labelEntry;
    labelTable[labelCount|// Label entries management.
  // -----------------------------------------------------------------------------------------------

  /**|0x7FFFFFFF & (tag + value.hashCode());
  }
|hashCode() + value2);
  }

  private static int hash(final int|& (tag + value1.hashCode() * value2.hashCode() * value3",
797,parentClass,MASK,False,7,MASK|MASK|MASK|MASK|MASK|MASK|MASK,[MASK] <EOT></s>,[MASK] <EOT></s>|[MASK] <EOT></s>|[MASK] <EOT></s>|MASK  <EOT></s>|MASK <EOT></s>|MASK <EOT></s>|MASK <EOT></s>,
798,other,MASK,False,2,MASK|MASK, [MASK] <EOT></s>, [MASK] <EOT></s>|MASK <EOT></s>,
799,drmSessionManagerProvider,MASK,False,6,MASK|MASK|MASK|MASK|MASK|MASK,[MASK] <EOT></s>,"[MASK] <EOT></s>| [MASK]  = new DefaultDrmSessionManagerProvider();
      playlistParser|MASK <EOT></s>|MASK <EOT></s>| MASK  <EOT></s>|MASK ,
          loadErrorHandlingPolicy,
          playlistTrackerFactory.create",
800,usedBuiltInAnalyzers,MASK,False,15,MASK|usedBuiltInCharFilters|usedAnalyzers|usedAnalyzers|MASK|MASK|MASK|MASK|usedBuiltInAnalyzers|MASK|MASK|MASK|usedBuiltInAnalyzers|MASK|MASK,"[MASK]  = new HashMap<>();
        final Map<String, IndexFeatureStats>","[MASK]  = new HashMap<>();
        final Map<String, IndexFeatureStats>|usedBuiltInCharFilters.keySet().removeAll(charFilterSettings.keySet|usedAnalyzers
                            <EOT></s>|usedAnalyzers,
            usedBuiltInCharFilters,
            usedBuilt|[MASK] <EOT></s>|MASK <EOT></s>|[MASK] <EOT></s>|MASK <EOT></s>|usedBuiltInAnalyzers <EOT></s>|[MASK] <EOT></s>|MASK <EOT></s>|[MASK] <EOT></s>|usedBuiltInAnalyzers <EOT></s>|MASK <EOT></s>|MASK );
        builder.startObject(
            ""synonyms"",
            params",
801,builder,EOT,False,4,EOT|MASK|MASK|MASK,  <EOT></s>,  <EOT></s>|[MASK] <EOT></s>|MASK <EOT></s>|MASK <EOT></s>,
802,matcher,MASK,False,4,MASK|MASK|MASK|MASK,[MASK]  = Matchers.nullValue() <EOT></s>,"[MASK]  = Matchers.nullValue() <EOT></s>|[MASK] <EOT></s>|MASK <EOT></s>|MASK,
                DocsV3Support.TypedParam.from(
                   ",
803,counter,MASK,False,4,MASK|MASK|MASK|MASK,[MASK] <EOT></s>,[MASK] <EOT></s>|MASK <EOT></s>|MASK <EOT></s>|MASK <EOT></s>,
804,mediaPeriod,null,False,3,null|mediaPeriod|mediaPeriod,"*/ null);
    playlistTracker.addEventListener(eventDispatcher);
    playlistTra","*/ null);
    playlistTracker.addEventListener(eventDispatcher);
    playlistTra|mediaPeriod) {
    ((HlsMediaPeriod) mediaPeriod).release();
  }|mediaPeriod <EOT></s>",
805,responseHeaders,MASK,False,8,MASK|MASK|MASK|MASK|MASK|MASK|MASK|MASK,[MASK] <EOT></s>,[MASK] <EOT></s>|[MASK] <EOT></s>|MASK <EOT></s>|MASK <EOT></s>|MASK <EOT></s>|MASK <EOT></s>|MASK <EOT></s>|MASK <EOT></s>,
806,oldtz,ledna,False,2,ledna|kv,""", ""ledna"",   ""1970 01 01 0:",""", ""ledna"",   ""1970 01 01 0:|"", ""kv\u011Bten"",         ""1970 05",
807,buyPrice,MASK,False,12,MASK|MASK|MASK|MASK|MASK|MASK|MASK|MASK|MASK|MASK|MASK|MASK,[MASK] <EOT></s>,"[MASK] <EOT></s>|[MASK] <EOT></s>|MASK <EOT></s>|MASK <EOT></s>|MASK , double msrp, Set<OrderDetail> orderDetails) {
       this.|MASK <EOT></s>|MASK <EOT></s>|MASK "", nullable=false, precision=22, scale=0)
    public|MASK <EOT></s>|MASK ) {
        this. [MASK]  =  [MASK] ;|MASK <EOT></s>|MASK <EOT></s>",
808,activityInfo,MASK,False,4,MASK|MASK|MASK|MASK,[MASK] <EOT></s>,[MASK] <EOT></s>|MASK  <EOT></s>| [MASK] <EOT></s>|MASK <EOT></s>,
809,duration,EOT,False,3,EOT|is|EOT, <EOT></s>, <EOT></s>|is a very rough measure of the time it takes to drain the queue and submit the requests.|EOT <EOT></s>,
810,limit,j,False,4,j|0);|++) {|continue,"0; j < calendars.length; j++) {
                buf.setLength(","0; j < calendars.length; j++) {
                buf.setLength(|0);
                fpos.setEndIndex(0);
                calendars[j|++) {
                if (j == i) {
                    continue;
                }
|continue;
                }
                calendars[j].setTimeZone(gmt);",
811,settingValue,MASK,False,12,MASK|MASK|MASK|MASK|MASK|MASK|MASK|MASK|MASK|MASK|MASK|MASK,[MASK] <EOT></s>,"[MASK] <EOT></s>|[MASK] <EOT></s>|MASK );
        final Settings settings = Settings.builder().put(criticalSettingName,|[MASK] <EOT></s>|MASK <EOT></s>|MASK ,
            Property.Deprecated
        );
        criticalDeprecatedSetting|MASK <EOT></s>|MASK <EOT></s>|MASK <EOT></s>|MASK <EOT></s>|MASK <EOT></s>|MASK <EOT></s>",
812,dirtyType,dirtyType,True,3,dirtyType|dirtyType|markedDirtyResult, dirtyType <EOT></s>," dirtyType <EOT></s>|dirtyType,  [MASK] <EOT></s>|markedDirtyResult.getDirtyType() <EOT></s>",
813,position,group,False,2,group|0));,"group) {
        ExpectedWork work = new ExpectedWork(false);
        for","group) {
        ExpectedWork work = new ExpectedWork(false);
        for|0));
    }

    @Override
    protected void assertSimpleGroup(List<",
814,className,MASK,False,12,MASK|MASK|MASK|MASK|MASK|MASK|MASK|MASK|MASK|MASK|MASK|MASK,[MASK] <EOT></s>,"[MASK] <EOT></s>|[MASK] <EOT></s>|[MASK] <EOT></s>|[MASK] <EOT></s>|[MASK] <EOT></s>|MASK <EOT></s>|MASK    <EOT></s>|[MASK] <EOT></s>|MASK ), conn, flags);
        } catch (Exception e) {
            e.|MASK <EOT></s>|MASK <EOT></s>|MASK
                        <EOT></s>",
815,namedXContentRegistry,MASK,False,8,MASK|MASK|MASK|MASK|MASK|MASK|MASK|MASK,[MASK] <EOT></s>,[MASK] <EOT></s>|[MASK] <EOT></s>|MASK <EOT></s>|MASK <EOT></s>|MASK <EOT></s>|MASK <EOT></s>|MASK <EOT></s>|MASK <EOT></s>,
816,fieldType,EOT,False,2,EOT|SimpleDateFormat, <EOT></s>," <EOT></s>|                  SimpleDateFormat.class) {
                    out.write('{');
                   ",
817,ruleContext,MASK,False,9,MASK|MASK|MASK|MASK|EOT|MASK|actual|MASK|actual,[MASK] <EOT></s>,"[MASK] <EOT></s>|[MASK] <EOT></s>|MASK <EOT></s>|[MASK] <EOT></s>| <EOT></s>|[MASK] <EOT></s>|actual
            <EOT></s>|[MASK] .getActionLookupKey(), actual, allOverrides.build(), |actual <EOT></s>",
818,inputFile,MASK,False,10,MASK|MASK|MASK|MASK|MASK|MASK|MASK|MASK|MASK|MASK,[MASK] <EOT></s>,[MASK] <EOT></s>|[MASK] <EOT></s>|MASK <EOT></s>|MASK <EOT></s>|MASK <EOT></s>|MASK .getParentDirectory() <EOT></s>|MASK <EOT></s>|MASK <EOT></s>|MASK <EOT></s>|MASK <EOT></s>,
819,predOwner,predOwner,True,3,predOwner|predOwner|predOwner, predOwner <EOT></s>, predOwner <EOT></s>|predOwner <EOT></s>|predOwner <EOT></s>,
820,annotation,annotation,True,9,annotation|MASK|MASK|MASK|MASK|MASK|MASK|MASK|MASK,annotation <EOT></s>,annotation <EOT></s>|[MASK] <EOT></s>|MASK <EOT></s>|[MASK] <EOT></s>|MASK <EOT></s>|[MASK] <EOT></s>|MASK <EOT></s>|MASK <EOT></s>|MASK <EOT></s>,
821,serializeTestFail,TestMultiPatternMatchItem,False,10,"TestMultiPatternMatchItem|September|null|Item|21""),|Sat|MatchItem|yyyy|MultiPatternMatchItem|Sun","TestMultiPatternMatchItem(true, ""2008-07-02"",","TestMultiPatternMatchItem(true, ""2008-07-02"",|September 15"",          ""yyyy-MMM dd"",          null),
                new|null),
                new TestMultiPatternMatchItem(true,       ""2013-|Item(false,      ""2013-September 20"",          ""yyyy|21""),
                new TestMultiPatternMatchItem(true,       ""2013|3 Sat September 22"",      ""yyyy EEE MMM dd"",      ""20|MatchItem(false,      ""2013 Tuesday Sep 24"",       |24"",        ""yyyy EEE MMM dd"",      null),
                new TestMulti|MultiPatternMatchItem(true,       ""2013 Thu Sep 26"",|13 Sun Sep 29""),
                new TestMultiPatternMatchItem(true,      ",
822,services,services,True,3,services|MASK|MASK,services <EOT></s>,"services <EOT></s>| [MASK] <EOT></s>|MASK
                .stream()
                .filter(s -> JceSecurity.canUse",
823,onlyIfAbsent,ForToArray,False,3,ForToArray|a|,"ForToArray(T[] a) {
        if (a.length < size)
","ForToArray(T[] a) {
        if (a.length < size)
|a.length > size) {
            a[size] = null;
        }
|
            for (Node<K,V> e : tab) {
                for (;",
824,annotation,MASK,False,11,MASK|MASK|MASK|MASK|MASK|MASK|MASK|MASK|MASK|MASK|MASK,[MASK] <EOT></s>,[MASK] <EOT></s>|MASK <EOT></s>|MASK <EOT></s>|[MASK] <EOT></s>|[MASK] <EOT></s>|[MASK] <EOT></s>|MASK <EOT></s>|[MASK] <EOT></s>|MASK <EOT></s>|MASK <EOT></s>|MASK <EOT></s>,
825,snapshotMetrics,MASK,False,2,MASK|MASK,[MASK] <EOT></s>,[MASK] <EOT></s>|MASK <EOT></s>,
826,backingIndices,MASK,False,4,MASK|MASK|MASK|MASK,[MASK] <EOT></s>,[MASK] <EOT></s>|[MASK] <EOT></s>|MASK <EOT></s>|MASK <EOT></s>,
827,bound,bound,True,2,bound|bounds,"bound of the stdDeviation
     * @param bound the bound to return
     * @","bound of the stdDeviation
     * @param bound the bound to return
     * @|bounds <EOT></s>",
828,token,token,True,3,token|token|token,token <EOT></s>,token <EOT></s>|token <EOT></s>|token <EOT></s>,
829,amountX,MASK,False,38,MASK|MASK|MASK|MASK|MASK|MASK|velocityX|velocityX|amountY|MASK|MASK|MASK|visualAmountX|MASK|MASK|MASK|MASK|MASK|MASK|MASK|MASK|MASK|MASK|MASK|MASK|null|and|;|}|amountX|x|;|MASK|MASK|MASK|MASK|;|EOT,[MASK]  <EOT></s>,"[MASK]  <EOT></s>|[MASK] <EOT></s>|[MASK] <EOT></s>|[MASK] <EOT></s>|[MASK] <EOT></s>|[MASK]  <EOT></s>|velocityX *= alpha;
			velocityY *= alpha;
	|velocityX == 0 && velocityY == 0) flingTimer = 0;|amountY == -overscrollDistance) velocityY = 0;
			|[MASK] <EOT></s>|[MASK] <EOT></s>|[MASK] <EOT></s>|visualAmountX <EOT></s>|[MASK] <EOT></s>|[MASK] <EOT></s>|MASK <EOT></s>|MASK <EOT></s>|[MASK] <EOT></s>|[MASK] <EOT></s>|[MASK] <EOT></s>|[MASK] <EOT></s>|[MASK] <EOT></s>|[MASK] <EOT></s>|MASK <EOT></s>|MASK <EOT></s>|null."");
		if (actor == this.actor) {
			setA|()} and {@link #getMaxY()}. If false, the knobs are sized to|;

		public ScrollPaneStyle () {
		}

		public|		}

		public ScrollPaneStyle (@Null Drawable background, @Null Draw|amountX <EOT></s>|x =  ;
		float y =  ;
		float width =  ;|;
		float y = this. ;
		if (centerHorizontal)
	|[MASK] <EOT></s>|MASK <EOT></s>|[MASK] <EOT></s>|MASK , 0, maxX));

		float  y  = this.|;
	}

	public boolean isRightEdge () {
		return !scroll|; <EOT></s>",
830,context,MASK,False,16,MASK|MASK|MASK|MASK|MASK|MASK|MASK|MASK|MASK|MASK|MASK|MASK|MASK|MASK|MASK|MASK,[MASK] <EOT></s>,[MASK] <EOT></s>|[MASK] <EOT></s>|[MASK] <EOT></s>|[MASK] <EOT></s>|[MASK] <EOT></s>|[MASK] <EOT></s>|[MASK] <EOT></s>|MASK <EOT></s>|[MASK] <EOT></s>|MASK <EOT></s>|MASK <EOT></s>|[MASK] <EOT></s>|MASK <EOT></s>|[MASK] <EOT></s>|MASK <EOT></s>|MASK <EOT></s>,
831,bucket,MASK,False,11,MASK|MASK|MASK|MASK|MASK|MASK|MASK|[0]|MASK|MASK|threshold,[MASK] <EOT></s>,"[MASK] <EOT></s>|[MASK] <EOT></s>|MASK .count(), equalTo(10L));
        assertThat( MASK|[MASK] <EOT></s>|MASK <EOT></s>|MASK <EOT></s>|MASK <EOT></s>|[0]
                .scale(1).setPositiveBucket(1, |MASK <EOT></s>|MASK <EOT></s>|threshold is the same for both
        // the index and scale are different, but the <EOT>",
832,workerOutputStream,MASK,False,15,MASK|MASK|MASK|MASK|MASK|MASK|MASK|MASK|MASK|MASK|MASK|MASK|MASK|MASK|MASK,[MASK] <EOT></s>,"[MASK] <EOT></s>|MASK <EOT></s>|[MASK] <EOT></s>|MASK <EOT></s>|MASK <EOT></s>|MASK <EOT></s>|MASK <EOT></s>|MASK <EOT></s>|MASK );
    fakedResponse1.writeDelimitedTo( MASK );|MASK <EOT></s>|MASK <EOT></s>|MASK <EOT></s>|MASK );
    fakedResponse1.writeDelimitedTo( MASK );|MASK );
     MASK .flush();

    Executor executor = Exec|MASK <EOT></s>",
833,attribute,ProgramClass,False,3,ProgramClass|ProgramField|attribute,".ProgramClass;
import proguard.classfile. .ProgramField;
import proguard",".ProgramClass;
import proguard.classfile. .ProgramField;
import proguard|ProgramField .*;
import proguard.classfile.attribute.*;
import proguard.|attribute) {}


    public void visitCodeAttribute(Clazz clazz, Method method",
834,docIds,MASK,False,4,MASK|MASK|MASK|MASK,[MASK] <EOT></s>,"[MASK] <EOT></s>|MASK.add(docVector.docs().getInt(i));
                docsBuilder
|MASK <EOT></s>|MASK <EOT></s>",
835,allocator,allocator,True,2,allocator|localConfiguration,allocator <EOT></s>,"allocator <EOT></s>|localConfiguration.drmConfiguration,
        mediaItem.playbackProperties,
        elapsed",
836,response,response,True,3,response|response|response,response <EOT></s>,response <EOT></s>|response <EOT></s>|response <EOT></s>,
837,valuePerShardCounter,MASK,False,4,MASK|MASK|MASK|MASK,[MASK] <EOT></s>,[MASK] <EOT></s>|MASK <EOT></s>|MASK <EOT></s>|MASK <EOT></s>,
838,expectedKeys,expectedKeys,True,3,expectedKeys|expectedKeys|expectedKeys,expectedKeys <EOT></s>,expectedKeys <EOT></s>|expectedKeys <EOT></s>|expectedKeys <EOT></s>,
839,stats,,False,4,|Map|stats|;,                                                                                                                                                                                                                                                                                                                               ,"                                                                                                                                                                                                                                                                                                                               |  Map<?, ?> <EOT></s>|stats <EOT></s>|;
            Map<?, ?> theIndex = (Map<?, ?>) indices.get(""",
840,myMap,m,False,3,m|m|m," m = new HashMap();
        m.put(""KEY"", ""VALUE"");
        Linked"," m = new HashMap();
        m.put(""KEY"", ""VALUE"");
        Linked|  m.put(new Integer(counter).toString(), new Integer(counter));
        h|m );
        assertEquals(""Created incorrect LinkedHashMap from map"",
                m.size(),",
841,descriptor,MASK,False,12,MASK|MASK|MASK|MASK|MASK|MASK|MASK|MASK|MASK|MASK|MASK|MASK,[MASK] <EOT></s>,"[MASK] <EOT></s>|[MASK] <EOT></s>|[MASK]
     *     <EOT></s>|MASK <EOT></s>|MASK <EOT></s>|[MASK] <EOT></s>|[MASK] <EOT></s>|MASK <EOT></s>|MASK <EOT></s>|MASK <EOT></s>|MASK <EOT></s>|MASK <EOT></s>",
842,runnable,MASK,False,4,MASK|MASK|MASK|new,[MASK] <EOT></s>,"[MASK] <EOT></s>|MASK <EOT></s>|MASK <EOT></s>|new Thread(MASK)
          <EOT></s>",
843,get_nf,D,False,2,D|u58EC,"21D\u4E8C"",
                                                                                ""201","21D\u4E8C"",
                                                                                ""201|012\u58EC\u8FB0\u5E74\",
844,fields,MASK,False,17,MASK|in|original|MASK|MASK|MASK|MASK|MASK|MASK|MASK|MASK|MASK|MASK|MASK|in|filteredNames|filteredNames,[MASK] <EOT></s>,"[MASK] <EOT></s>|in The original MergeState
     * @param <EOT></s>|original MergeState instance to copy.
     * @param  [MASK]  The|MASK <EOT></s>|MASK <EOT></s>|MASK <EOT></s>|[MASK] <EOT></s>|[MASK] <EOT></s>|MASK <EOT></s>|[MASK] <EOT></s>|[MASK] <EOT></s>|MASK <EOT></s>|MASK <EOT></s>|MASK <EOT></s>|in.fieldInfos,
            in. MASK <EOT></s>|filteredNames  and   filtered  from FieldInfos
        // Renamed so as to|filteredNames <EOT></s>",
845,timeout,e,False,19,e|MASK|MASK|MASK|MASK|MASK|MASK|MASK|MASK|MASK|MASK|MASK|MASK|MASK|MASK|MASK|MASK|MASK|MASK,"e) {
 *           // stopping timed out
 *         }
 *       }
","e) {
 *           // stopping timed out
 *         }
 *       }
|[MASK] <EOT></s>|[MASK] <EOT></s>|[MASK] <EOT></s>|[MASK] <EOT></s>|[MASK] <EOT></s>|[MASK] <EOT></s>|[MASK] <EOT></s>|MASK <EOT></s>|MASK <EOT></s>|MASK <EOT></s>|MASK <EOT></s>|MASK <EOT></s>|[MASK] <EOT></s>|MASK <EOT></s>|[MASK] <EOT></s>|[MASK] <EOT></s>|MASK <EOT></s>|MASK <EOT></s>",
846,loader,MASK,False,10,MASK|MASK|MASK|MASK|MASK|MASK|MASK|MASK|MASK|MASK,[MASK] <EOT></s>,[MASK] <EOT></s>|[MASK] <EOT></s>|[MASK] <EOT></s>|MASK <EOT></s>|MASK <EOT></s>|MASK <EOT></s>|MASK <EOT></s>|MASK <EOT></s>|MASK <EOT></s>|MASK <EOT></s>,
847,newReplica,MASK,False,15,MASK|MASK|getTranslog|MASK|MASK|MASK|MASK|MASK|MASK|MASK|MASK|MASK|MASK|MASK|MASK,[MASK]  = shards.addReplicaWithExistingPath(orgReplica,"[MASK]  = shards.addReplicaWithExistingPath(orgReplica|MASK );
            shards.assertAllEqual(3);
            try (
               |getTranslog(orgReplica)
                .newChangesSnapshot(
                    indexName|[MASK] <EOT></s>|MASK );
            assertThat( [MASK] .recoveryState().getIndex().|MASK .recoveryState().getTranslog().recoveredOperations(), equalTo(|MASK ).totalOperations(), equalTo(softDeletesEnabled ? 0 : num|[MASK] .getHistoryUUID(), equalTo(historyUUID));
            assert|MASK .getTranslog().getGeneration().translogUUID(), equalTo(trans|MASK <EOT></s>|MASK );
            assertThat( [MASK] .recoveryState().getTranslog|MASK <EOT></s>|MASK <EOT></s>|MASK <EOT></s>|MASK .recoveryState().getTranslog().totalOperations(), equalTo(uncomm",
848,request,MASK,False,7,MASK|MASK|MASK|MASK|MASK|MASK|MASK,[MASK] <EOT></s>,"[MASK] <EOT></s>|[MASK] <EOT></s>|MASK <EOT></s>|[MASK] <EOT></s>|  MASK  .addQuerystringParameter(""format"", ""json"")
                <EOT></s>|MASK <EOT></s>|MASK <EOT></s>",
849,e1size,e1size,True,2,e1size|e1size,e1size <EOT></s>,e1size <EOT></s>|e1size <EOT></s>,
850,field,key,False,5,key|MASK|MASK|MASK|MASK,key <EOT></s>,key <EOT></s>|[MASK] <EOT></s>|MASK <EOT></s>|MASK <EOT></s>|MASK <EOT></s>,
851,allMethodsAndStaticVars,MASK,False,5,MASK|MASK|MASK|MASK|MASK,"[MASK] = new ArrayList<>();
   <EOT></s>","[MASK] = new ArrayList<>();
   <EOT></s>|[MASK] <EOT></s>| MASK <EOT></s>|MASK .addAll(staticOverrides);
    MASK .addAll(|MASK <EOT></s>",
852,pictureData,MASK,False,16,MASK|MASK|MASK|MASK|MASK|MASK|MASK|MASK|MASK|MASK|MASK|MASK|MASK|MASK|MASK|MASK,[MASK] <EOT></s>,"[MASK] <EOT></s>|[MASK] <EOT></s>|[MASK] <EOT></s>|MASK <EOT></s>|MASK <EOT></s>|[MASK] <EOT></s>|[MASK] <EOT></s>|MASK <EOT></s>|MASK <EOT></s>|MASK , 0,  [MASK] .length <EOT></s>|[MASK] <EOT></s>|MASK <EOT></s>|[MASK] <EOT></s>|MASK <EOT></s>|MASK <EOT></s>|MASK <EOT></s>",
853,className,className,True,2,className|className,                 className <EOT></s>,                 className <EOT></s>|className <EOT></s>,
854,staticMethodsForExtensions,staticMethodsForExtensions,True,2,staticMethodsForExtensions|staticMethodsForExtensions,"staticMethodsForExtensions =
       <EOT></s>","staticMethodsForExtensions =
       <EOT></s>|staticMethodsForExtensions);

    // We need to make sure that the static methods we generate",
855,includeQueuedWatches,includeQueuedWatches,True,3,includeQueuedWatches|includeQueuedWatches|includeQueuedWatches,"includeQueuedWatches) {
        request().includeQueuedWatches(includeQueued","includeQueuedWatches) {
        request().includeQueuedWatches(includeQueued|includeQueuedWatches(includeQueuedWatches);
        return this;
    }|includeQueuedWatches <EOT></s>",
856,canvas,canvas,True,2,canvas|canvas,canvas  <EOT></s>,"canvas  <EOT></s>|  canvas
            <EOT></s>",
857,branchInstruction,branchInstruction,True,2,branchInstruction|branchInstruction," branchInstruction =
                            new BranchInstruction(InstructionConstants.OP_G"," branchInstruction =
                            new BranchInstruction(InstructionConstants.OP_G|branchInstruction);

                        // Replace the return instruction by a label,
                       ",
858,minSdkVersion,minSdkVersion,True,6,minSdkVersion|the|oldSdkVersion|oldSdkVersion|sdk|oldSdkVersion,"minSdkVersion"";
    private static final String XML_NODEATTR_MAX_SDK","minSdkVersion"";
    private static final String XML_NODEATTR_MAX_SDK|the minSdkVersion
            <EOT></s>|oldSdkVersion = Integer.parseInt(oldAndroidManifest.apkMeta.getMinSdkVersion|oldSdkVersion < config.mMinSdkVersion) {
                announceWarningOrException(""|sdk version  "")
                      .append( [MASK] )
                      .append|oldSdkVersion )
                      .append("" is below 14, you should set the",
859,interval,interval,True,5,interval|interval|interval|interval|interval,interval         <EOT></s>,"interval         <EOT></s>|interval;
			}

			public void setInterval(Duration  [|interval ) {
				this. interval  =  interval ;
			|interval  =  interval ;
			}

			public Duration get|interval <EOT></s>",
860,oldValues,MASK,False,6,MASK|MASK|MASK|MASK|MASK|MASK,[MASK] <EOT></s>,[MASK] <EOT></s>|[MASK] <EOT></s>|MASK <EOT></s>|MASK <EOT></s>|MASK <EOT></s>|MASK <EOT></s>,
861,texture,MASK,False,6,MASK|MASK|MASK|MASK|MASK|MASK,[MASK] <EOT></s>,"[MASK] <EOT></s>|MASK <EOT></s>|[MASK] , file.getFile().getName() <EOT></s>|[MASK] <EOT></s>|MASK  <EOT></s>|MASK <EOT></s>",
862,vertexNumbers,MASK,False,4,MASK|MASK|MASK|MASK,"  [MASK] = new HashMap<>(vertices.size());
        Map<Connection","  [MASK] = new HashMap<>(vertices.size());
        Map<Connection|  MASK.put(vertex,  [MASK] .size());
           |MASK .size());
            vertex.toXContent(builder, extendedParams);
           |MASK <EOT></s>",
863,relation,randomIdentifier,False,11,randomIdentifier|MASK|MASK|MASK|MASK|MASK|MASK|MASK|MASK|MASK|MASK,"randomIdentifier;
import static org.elasticsearch.xpack.esql.plan.log","randomIdentifier;
import static org.elasticsearch.xpack.esql.plan.log|[MASK] <EOT></s>|[MASK] <EOT></s>|[MASK] <EOT></s>|MASK <EOT></s>|MASK <EOT></s>|MASK <EOT></s>|MASK <EOT></s>|MASK <EOT></s>|MASK <EOT></s>|MASK <EOT></s>",
864,newChild,newChild,True,2,newChild|newChild,newChild <EOT></s>,newChild <EOT></s>|newChild <EOT></s>,
865,validationException,MASK,False,8,MASK|MASK|MASK|MASK|MASK|MASK|MASK|MASK,[MASK] <EOT></s>,[MASK] <EOT></s>|[MASK] <EOT></s>|MASK <EOT></s>|[MASK] <EOT></s>|MASK <EOT></s>|MASK <EOT></s>|MASK <EOT></s>|MASK <EOT></s>,
866,dateText,timeStyle,False,2,timeStyle|,"timeStyle <= DateFormat.SHORT; ++timeStyle) {
                    DateFormat date","timeStyle <= DateFormat.SHORT; ++timeStyle) {
                    DateFormat date|
                }
            }

            for (Object[] test : tests) {
               ",
867,requestOptionsExtensionGenerator,requestOptionsExtensionGenerator,True,3,requestOptionsExtensionGenerator|MASK|MASK,requestOptionsExtensionGenerator <EOT></s>,requestOptionsExtensionGenerator <EOT></s>|[MASK] <EOT></s>|MASK <EOT></s>,
868,nonPushableLimitValue,pushableLimitValue,False,3,pushableLimitValue|pushableLimitValue|pushableLimitValue,"pushableLimitValue = randomIntBetween(1, 10_000","pushableLimitValue = randomIntBetween(1, 10_000|pushableLimitValue <EOT></s>|pushableLimitValue <EOT></s>",
869,allowChunklessPreparation,MASK,False,12,MASK|MASK|MASK|MASK|MASK|MASK|MASK|MASK|MASK|MASK|MASK|MASK,[MASK] <EOT></s>,"[MASK] <EOT></s>| [MASK] <EOT></s>|[MASK] <EOT></s>|MASK <EOT></s>|MASK <EOT></s>|MASK <EOT></s>| [MASK] <EOT></s>|[MASK] <EOT></s>|MASK <EOT></s>|MASK <EOT></s>|MASK ;
    this.metadataType = metadataType;
    this.useSessionKeys| MASK <EOT></s>",
870,atomicBoolean,MASK,False,8,MASK|MASK|MASK|MASK|MASK|MASK|);|a,"[MASK]  = new AtomicReference<>(null);
        ClusterSettings.","[MASK]  = new AtomicReference<>(null);
        ClusterSettings.|MASK <EOT></s>|MASK .get());
        build = Settings.builder().put(""foo.bar"", true|MASK .get());

        // try update bogus value
        build = Settings.|MASK <EOT></s>|MASK <EOT></s>|);
        assertNull(c.b);

        Settings build = Settings.builder().|a"", 2).build();
        assertTrue(settingUpdater.apply(build",
871,receiverClass,classA,False,3,classA|classA|classA,classA <EOT></s>,classA <EOT></s>|classA <EOT></s>|classA <EOT></s>,
872,defaultValue,aves,False,2,aves|java,"aves the state of the {@code HashMap} instance to a stream (i.e.,
    ","aves the state of the {@code HashMap} instance to a stream (i.e.,
    |java.io.IOException if an I/O error occurs
     * @serialData The <",
873,inline,inline,True,5,inline|MASK|MASK|MASK|isMasked,inline <EOT></s>,inline <EOT></s>|         [MASK] <EOT></s>|MASK <EOT></s>|MASK <EOT></s>|isMasked() ? Attachment.Bytes.MASKED : Attachment.Bytes.UN,
874,level,level,True,14,level|MASK|MASK|MASK|MASK|MASK|MASK|MASK|MASK|MASK|MASK|MASK|MASK|MASK,level <EOT></s>,"level <EOT></s>|[MASK] <EOT></s>|MASK  = in.readString();
        [MASK] <EOT></s>|MASK  <EOT></s>|[MASK] <EOT></s>|[MASK] <EOT></s>|[MASK] <EOT></s>|MASK <EOT></s>|MASK <EOT></s>|MASK <EOT></s>|MASK <EOT></s>|MASK  <EOT></s>|MASK <EOT></s>|MASK <EOT></s>",
875,onreturnMethod,onreturnMethod,True,5,onreturnMethod|onreturnMethod|onreturnMethod|onreturnMethod|onreturnMethod,onreturnMethod <EOT></s>,onreturnMethod <EOT></s>|onreturnMethod <EOT></s>|onreturnMethod <EOT></s>|onreturnMethod <EOT></s>|onreturnMethod <EOT></s>,
876,intValues,"30, 0);",False,4,"30, 0);|Object||e","30, 0);
        Setting<Integer> fix2 = Setting.intSetting","30, 0);
        Setting<Integer> fix2 = Setting.intSetting|>, Object> settings) {
                return ""abc.qrx="" + settings.get(|
                    .map(e -> e.getKey().getKey() + ""="" +|""="" + e.getValue())
                    .collect(Collectors.joining("","",",
877,whitelists,MASK,False,3,MASK|MASK|MASK,[MASK] <EOT></s>,"[MASK] <EOT></s>|MASK.add(WhitelistLoader.loadFromResourceFiles(PainlessPlugin.|MASK);
        contexts.put(TestFieldScript.AGGREGATE_CON",
878,observer,observer,True,2,observer|observer,observer <EOT></s>,observer <EOT></s>|observer <EOT></s>,
879,moRef,MASK,False,3,MASK|MASK|MASK,[MASK] <EOT></s>,"[MASK] <EOT></s>|  MASK
                                <EOT></s>|  MASK <EOT></s>",
880,annotatedElement,MASK,False,6,MASK|MASK|MASK|MASK|MASK|MASK,[MASK] <EOT></s>,[MASK] <EOT></s>|[MASK] <EOT></s>|MASK <EOT></s>|MASK <EOT></s>|MASK <EOT></s>|MASK <EOT></s>,
881,slash,EOT,False,3,EOT|EOT|EOT, <EOT></s>," <EOT></s>|EOT <EOT></s>|EOT);
      if (dir.length() == 0) {
        return;",
882,doConnect,MASK,False,4,MASK|MASK|MASK|MASK,[MASK] = false <EOT></s>,[MASK] = false <EOT></s>|MASK <EOT></s>|MASK <EOT></s>|MASK <EOT></s>,
883,dataSource,dataSource,True,2,dataSource|dataSource,"dataSource) {
		this.dataSource = dataSource;
	}

","dataSource) {
		this.dataSource = dataSource;
	}

|dataSource <EOT></s>",
884,rowIndices,MASK,False,12,MASK|MASK|MASK|MASK|MASK|MASK|MASK|MASK|MASK|MASK|MASK|MASK,[MASK] <EOT></s>,[MASK] <EOT></s>|[MASK] <EOT></s>|MASK <EOT></s>|MASK <EOT></s>|MASK <EOT></s>|[MASK] <EOT></s>|[MASK] <EOT></s>|MASK <EOT></s>|[MASK] <EOT></s>|MASK <EOT></s>|MASK  = MASK <EOT></s>|MASK <EOT></s>,
885,meanTime,MASK,False,11,MASK|MASK|MASK|MASK|MASK|MASK|MASK|MASK|MASK|MASK|MASK,[MASK] <EOT></s>,[MASK] <EOT></s>|[MASK] <EOT></s>|MASK <EOT></s>|[MASK] <EOT></s>|MASK <EOT></s>|MASK <EOT></s>|MASK <EOT></s>|MASK <EOT></s>|MASK <EOT></s>|MASK <EOT></s>|MASK <EOT></s>,
886,toBytes,MASK,False,12,MASK|MASK|MASK|MASK|MASK|MASK|MASK|MASK|MASK|MASK|MASK|MASK,[MASK] <EOT></s>,"[MASK] <EOT></s>|[MASK] <EOT></s>|MASK <EOT></s>|MASK <EOT></s>|MASK <EOT></s>|MASK <EOT></s>|MASK  = new SerializingConverter();
		assertThatExceptionOfType(Serialization|MASK .convert(new UnSerializable()))
				.withCauseInstance|MASK <EOT></s>|MASK <EOT></s>|MASK <EOT></s>|MASK <EOT></s>",
887,yearLen,int,False,9,int||TimePatternGenerator|uName|) {|;|EOT|EOT|EOT,               int days = localDow - localizedDayOfWeek(date);  // safe from,"               int days = localDow - localizedDayOfWeek(date);  // safe from|
                int days = localDow - localizedDayOfWeek(date);  // safe|TimePatternGenerator.getFieldName(""week"");
                if (icuName != null)|uName != null ? icuName : name;
            }
            return name;
|) {
            if (temporal.isSupported(DAY_OF_WEE|;
            } else if (rangeUnit == MONTHS) {  // week-|) <EOT></s>|; <EOT></s>|EOT <EOT></s>",
888,rowIndex,rowIndex,True,2,rowIndex|_columnName,rowIndex <EOT></s>,"rowIndex <EOT></s>|_columnName, rowIndex <EOT></s>",
889,ports,ports,True,3,ports|ports|ports,  ports <EOT></s>,"  ports <EOT></s>|ports.add(address.getPort());
        }
        assertThat(ports, equal|ports <EOT></s>",
890,context,MASK,False,15,MASK|context|AnnotationConfigServletWebServerApplicationContext|MASK|boot|MASK|MASK|MASK|MASK|MASK|MASK|MASK|MASK|MASK|MASK,[MASK] <EOT></s>,"[MASK] <EOT></s>|context. <EOT></s>|AnnotationConfigServletWebServerApplicationContext;
import org.springframework.boot.web.server.|[MASK] <EOT></s>|boot.test.context <EOT></s>|[MASK] <EOT></s>|[MASK] <EOT></s>|[MASK] <EOT></s>|MASK <EOT></s>|MASK <EOT></s>|MASK <EOT></s>|MASK <EOT></s>|MASK <EOT></s>|MASK <EOT></s>|MASK <EOT></s>",
891,strings,k,False,11,k|ENCH|dfUS|E9t|E9|String|dfFrench|DateFormat|for|accepted|leniency,"k) {
                    int timeLook = looks[k];
                    DateFormat fmt","k) {
                    int timeLook = looks[k];
                    DateFormat fmt|ENCH);
        DateFormat dfEnglish = DateFormat.getDateTimeInstance(DateFormat.F|       dfUS.setTimeZone(tz);
        String french = dfFrench.|0E9t\u00E9 PDT"";
        String expectedUS_J|E9 PDT"";
        String expectedUS_JDK12 = ""Monday|       String resultFRENCH = dfFrench.format(testDate);
        String result|dfFrench.format(testDate);
        logln(""French format: "" +|       DateFormat df = DateFormat.getDateTimeInstance(DateFormat.FULL, DateFormat.|0730 for pattern MM/dd/yy z failed"");
            }

           |accepted by formatToCharacterIterator"");
        }

        String s = ""200|leniency
                            + "" should have failed"");
            }
            if(p.",
892,innerFilterDocCount,innerFilterDocCount,True,3,innerFilterDocCount|innerFilterDocCount|sampledDocCount,innerFilterDocCount <EOT></s>,"innerFilterDocCount <EOT></s>|innerFilterDocCount <EOT></s>|sampledDocCount));
                assertThat(innerFilterDocCount, equalTo(outerFilter",
893,params,params,True,1,params,params <EOT></s>,params <EOT></s>,
894,traceThreshold,indexTraceThreshold,False,2,indexTraceThreshold|indexTraceThreshold,indexTraceThreshold <EOT></s>,indexTraceThreshold <EOT></s>|indexTraceThreshold <EOT></s>,
895,snapshot,MASK,False,138,MASK|MASK|MASK|IndexService|MASK|MASK|MASK|MASK|MASK|MASK|xpack|the|MASK|File|File|MASK|finalizeSnapshot|snapshotInfo|SnapshotInfo|MASK|MASK|MASK|MASK|MASK|MASK|MASK|MASK|MASK|MASK|MASK|MASK|MASK|MASK|MASK|TestDelayedRepoPlugin|MASK|MASK|MASK|MASK|MASK|MASK|MASK|MASK|MASK|MASK|runs|MASK|MASK|MASK|MASK|MASK|MASK|MASK|MASK|MASK|MASK|MASK|MASK|MASK|MASK|MASK|MASK|Action|ifecycle|ifecycleAction|q|resp|void|String|getSnapshots|MASK|occur|is|stats|Plugin|run|.|DownLatch|the|};|MASK|after|MASK|MASK|MASK|finalize|MASK|MASK|MASK|MASK|MASK|MASK|MASK|MASK|MASK|MASK|MASK|MASK|MASK|SnapshotInfoResponse|MASK|SnapshotInfo|MASK|MASK|MASK|MASK|MASK|MASK|MASK|MASK|MASK|MASK|MASK|MASK|MASK|MASK|MASK|MASK|MASK|MASK|MASK|MASK|MASK|MASK|MASK|EOT|MASK|MASK|MASK|MASK|MASK|MASK|MASK|MASK|MASK|MASK|the|MASK,"[MASK] s.create.CreateSnapshotResponse;
import org.elasticsearch.action","[MASK] s.create.CreateSnapshotResponse;
import org.elasticsearch.action|[MASK] s.get.GetSnapshotsStatusResponse;
import org.|MASK s.status.SnapshotsStatusRequest;
import org.elasticsearch.|IndexService;
import org.elasticsearch.index.shard.IndexShard;
|[MASK] s.action.snapshot.create.CreateSnapshotRequest;
import org|[MASK] s.AbstractSnapshotIntegTestCase.ClusterScope;
import|[MASK] s.SnapshotLifecycle;
import org.elasticsearch. [MASK|[MASK] <EOT></s>|[MASK] s.SnapshotLifecycle;
import org.elasticsearch. [MASK|MASK s.SnapshotLifecycle;
import org.elasticsearch. MASK s|xpack.core.slm.SnapshotLifecyclePolicyMetadata;
import org.elasticsearch|the cluster is restarted.
 *
 * This test is a bit of a hack, but|[MASK] <EOT></s>|File(SnapshotShardContext context, BlobStoreIndexShardSnapshot.FileInfo fileInfo|File(context, fileInfo);
        }

        @Override
        protected void write|MASK Metrics
        ) {
            return Map.of(
                TestRestart|finalizeSnapshot is called,
     * but before the SLM callback which saves the  [|snapshotInfo(),
                fsc.indexMetaData(),
                fsc.indexSh|SnapshotInfo
                    beforeResponseRunnable.run();
                    fsc.onDone|[MASK]  running,
     * that it is not inferred to be a failure|[MASK] Name = executePolicy(masterNode, policyName);
        logger.info|[MASK] : "" +  [MASK] A);

        waitForSnapshot|MASK A);

        // wait until  [MASK] A is registered before starting|[MASK] A is registered before starting  [MASK] B
        assertBusy|[MASK] A
        assertBusy(() -> assertRegistered(policyName, List|MASK <EOT></s>|[MASK] <EOT></s>|[MASK] B = executePolicy(masterNode, policyName);
        logger.info|MASK  B: "" +  MASK B);

        // wait until both|MASK B);

        // wait until both  [MASK] s are registered before|[MASK] A and B are registered before allowing  [MASK] A to continue
|[MASK] <EOT></s>|MASK A,  [MASK] B)), 1, TimeUnit.MINUTES|MASK B)), 1, TimeUnit.MINUTES);

        // remove delay|TestDelayedRepoPlugin so  MASK A can finish
        TestDelayedRep|MASK A);
        waitForSnapshot(repoName,  MASK B);
|MASK B);

        assertBusy(() -> {
            assertSnapshotSuccess(repo|MASK A);
            assertSnapshotSuccess(repoName,  MASK B);
|MASK B);
            assertMetadata(policyName, 2, 0, 0|[MASK]  then a success,
     * registered  [MASK] <EOT></s>|[MASK] Name = executePolicy(masterNode, policyName);
        logger.info|MASK : "" +  MASK Name);

        waitForSnapshot(repoName|MASK Name);

        waitForSnapshot(repoName,  MASK Name);|MASK Name);

        assertBusy(() -> {
            assertSnapshotSuccess(repo|MASK Name);
            assertMetadata(policyName, 1, 0, 0|runs from failure is added to invocationsSinceLastSuccess.
     */
    public|[MASK]  fails with PARTIAL status
        NetworkDisruption networkDisruption =|[MASK]  finalize, but before SLM is called back
        var runD|MASK Name = executePolicy(masterNode, policyName);
        logger.info(""Created|MASK : "" +  MASK Name);

        // restart  MASK|MASK Name);

        // restart  [MASK]  after  [MASK|[MASK] <EOT></s>|[MASK]  finalize, but before SLM callback called
        runDuringFinal|MASK Name);
            assertMetadata(policyName, 0, 0, 0|MASK Name));
        }, 1, TimeUnit.MINUTES);

       |MASK Name2 = executePolicy(masterNode, policyName);
        assertNotEquals(|MASK Name,  MASK Name2);
        logger.info(""Created  M|MASK Name2);
        logger.info(""Created  MASK : "" + |MASK : "" +  MASK Name2);

        waitForSnapshot(repo|MASK Name2);

        waitForSnapshot(repoName,  MASK Name|MASK Name2);

        assertBusy(() -> {
            assertSnapshotSuccess(|MASK <EOT></s>|Action.Request req = new PutSnapshotLifecycleAction.Request(policy);
        assertA|ifecycle).actionGet();
        } catch (Exception e) {
            logger.error(""|ifecycleAction.Response executeResp = client(node).execute(ExecuteSnapshotLifecycleAction.|q).get();
        return resp.getSnapshotName();
    }

    private|resp.getSnapshotName();
    }

    private void createRepository(String repoName|void waitForSnapshot(String repo, String  [MASK] ) {
        assertBus|, String  [MASK] ) {
        assertBusy(() -> {
            S|getSnapshots().get(0);
                assertThat(status.getState(),|MASK] Name, status.getState());
                assertThat(status.getState(),|occur during a  MASK  finalize,
     * but before the SLM callback|* is called. This allows the cluster to be restarted before the SLM callback is called,|]  stats is called.
     */
    private static class RunDuringFinalize {|Plugin.setOnResponse() is used to wire the test thread
     * into the repo so|run after  [MASK]  finalize,
     * but before the SLM callback|.
     */
    private static class RunDuringFinalize {
        private final Count|DownLatch latch2 = new CountDownLatch(1);

        public void|the restart could occur before the runnable is called.
                    assertTrue(latch|           };
        }

        void awaitAndRun(Runnable runnable) throws|[MASK] Name = executePolicy(masterNode, policyName);
        logger.info|after  [MASK]  finalize, but before SLM callback called
        runD|MASK  finalize, but before SLM callback called
        runDuringFinalize.|MASK Name);
            assertMetadata(policyName, 0, 0, 0|[MASK] <EOT></s>|};  finalize, but before SLM is called back
        var runDuringFinalize|MASK Name = executePolicy(masterNode, policyName);

        // restart  after|MASK  to complete and network disruption to stop
        runDuringFinalize.await|MASK Name);
            assertMetadata(policyName, 0, 0, 0|[MASK] <EOT></s>|[MASK] <EOT></s>|MASK <EOT></s>|[MASK] <EOT></s>|[MASK] <EOT></s>|[MASK] <EOT></s>|[MASK] <EOT></s>|MASK <EOT></s>|MASK <EOT></s>|[MASK] <EOT></s>|SnapshotInfoResponse = client().admin()
            .cluster()
            .prepareGetSnap|[MASK] <EOT></s>|SnapshotInfo.fromXContent(XContentType.JSON.xContent(),
            new By|[MASK] <EOT></s>|MASK <EOT></s>|[MASK] <EOT></s>|[MASK] <EOT></s>|MASK );
            assertEquals(SnapshotState.SUCCESS,  [MASK] Info|MASK <EOT></s>|MASK Info.successfulShards());
            assertEquals(0,  MASK|MASK <EOT></s>|[MASK] <EOT></s>|MASK <EOT></s>|MASK <EOT></s>|MASK <EOT></s>|[MASK] <EOT></s>|MASK );
            assertEquals(SnapshotState.PARTIAL,  [MASK] Info|MASK <EOT></s>|MASK <EOT></s>|MASK <EOT></s>|MASK <EOT></s>|MASK <EOT></s>|MASK <EOT></s>|[MASK] <EOT></s>|MASK <EOT></s>|MASK <EOT></s>|  <EOT></s>|MASK <EOT></s>|MASK <EOT></s>|[MASK] <EOT></s>|[MASK]  with name "" +  [MASK] Name + "" <EOT></s>|[MASK] <EOT></s>|MASK <EOT></s>|[MASK]  with name "" +  [MASK] Name + "" <EOT></s>|MASK  with name "" +  MASK Name + "" but it does not exist"");|MASK <EOT></s>|[MASK]  has been finalized, but before the SLM callback
     * which|the  [MASK]  <EOT></s>|MASK  and calling the SLM callback.
     *
     * The test thread calls",
896,supportedVersion,MASK,False,4,MASK|createdVersion|MASK|MASK, [MASK] <EOT></s>," [MASK] <EOT></s>|createdVersion.supports(MASK) : ""support for a type cannot be enabled before its|MASK <EOT></s>|MASK + ""]"";
            }
        };
    }

    /**
",
897,originatingUser,user,False,3,user|user|user,"user, String originatingUser) {
    if (!Strings.isNullOrEmpty(user","user, String originatingUser) {
    if (!Strings.isNullOrEmpty(user|user <EOT></s>|user <EOT></s>",
898,string,boolean,False,6,boolean|MASK|MASK|MASK|MASK|MASK,"boolean"", Boolean.class);
    registerAlias(""byte"", Byte.class);
   ","boolean"", Boolean.class);
    registerAlias(""byte"", Byte.class);
   |[MASK] <EOT></s>|[MASK] <EOT></s>|MASK.trim()
          .replaceAll(""\\s+"", "" "").replaceAll|MASK );
      }
      if (value == null) {
        throw new Type|MASK <EOT></s>",
899,resFieldsMap,MASK,False,5,MASK|MASK|MASK|MASK|MASK,[MASK] <EOT></s>,"[MASK] <EOT></s>|[MASK] <EOT></s>|[MASK] <EOT></s>|MASK
							 <EOT></s>|MASK <EOT></s>",
900,screenY,MASK,False,2,MASK|MASK,[MASK] <EOT></s>,[MASK] <EOT></s>|MASK <EOT></s>,
901,charset,MASK,False,12,MASK|MASK|MASK|MASK|MASK|MASK|MASK|MASK|MASK|MASK|MASK|MASK,[MASK] <EOT></s>,[MASK] <EOT></s>|MASK <EOT></s>|[MASK] <EOT></s>|[MASK] <EOT></s>|MASK <EOT></s>|MASK <EOT></s>|MASK <EOT></s>|MASK <EOT></s>|MASK <EOT></s>|MASK <EOT></s>|MASK <EOT></s>|MASK <EOT></s>,
902,destinationIndex,,False,8,|maxAge||this|Truncate|public|Source|omicReference,"
            this.bufferSize = bufferSize;
            this.maxAge = maxAge;","
            this.bufferSize = bufferSize;
            this.maxAge = maxAge;|maxAge = maxAge;
            this.unit = unit;
            this.scheduler|
            this.unit = unit;
            this.scheduler = scheduler;
           |this.scheduler = scheduler;
            this.eagerTruncate = eagerTr|Truncate = eagerTruncate;
        }

        @Override
        public|       public ReplayBuffer<T> call() {
            return new SizeAndTimeBoundRe|Source<T> extends Observable<T> {

        final AtomicReference<Replay|omicReference<ReplayObserver<T>> current;
        private final BufferSupplier<T",
903,keyColumnName,columnName,False,1,columnName,columnName <EOT></s>,columnName <EOT></s>,
904,params,MASK,False,4,MASK|MASK|MASK|MASK,[MASK] <EOT></s>,"[MASK] <EOT></s>|MASK <EOT></s>|MASK <EOT></s>|MASK;
    }

    public void initialize(DSAParams  MASK",
905,valueA,valueA,True,3,valueA|valueA|valueA,valueA <EOT></s>,"valueA <EOT></s>|valueA );
            bValues.add(randomDouble());

            runningStats.add|valueA <EOT></s>",
906,bigDecimal,parseBigDecimal,False,16,"parseBigDecimal|MASK|MASK|));|format|());|try|}|##0.00"");|u4c|(#,##0.00)"",|, ""#0.##"", ""000000.00"",|00000"", ""#000000.######"", ""#0.|$||defaultMultiplier",parseBigDecimal <EOT></s>,"parseBigDecimal <EOT></s>|[MASK] <EOT></s>|MASK <EOT></s>|));

        // case 2: Try to construct object using correct pattern and format
       |       format.setMaximumIntegerDigits(0);
        format.applyPattern(""0|());
        assertEquals(""Minimum fraction digits not set"", 1, format.getMin|       try {
            format.applyPattern("""");
            fail();
        } catch (|}

        try {
            format.applyPattern(""#.##0.00"");|##0.00"");
            fail();
        } catch (IllegalArgumentException expected|u4c does not support this.
    public void test_applyLocalizedPattern() {|(#,##0.00)"",
                ""###,##,###,####"", ""|"", ""#0.##"", ""000000.00"",
                ""|00000"", ""#000000.######"", ""#0.|######"", ""$#,##0.00;($#,##0.00)"", ""|
    }

    public void test_getMultiplier() {
        Decimal|(defaultMultiplier, df.getMultiplier());

        df = new Dec",
907,queryParser,EOT,False,5,EOT|EOT|EOT|EOT|EOT,  <EOT></s>,"  <EOT></s>|EOT.setAnalyzer(analyzer);
        }
        EOT.set|EOT .setAnalyzer(analyzer);
         [MASK] .setS|EOT <EOT></s>|EOT <EOT></s>",
908,channel,EOT,False,4,EOT|channel|Consumer|channel, <EOT></s>," <EOT></s>|channel <EOT></s>|Consumer.accept(channel);
        assertEquals(1, stage.get());
       |channel <EOT></s>",
909,segments,MASK,False,13,MASK|MASK|MASK|MASK|the|MASK|MASK|MASK|MASK|end|MASK|MASK|MASK,[MASK]  <EOT></s>,"[MASK]  <EOT></s>|MASK  and keys.
     */
    public Factory(HlsDataSourceFactory hls|[MASK] <EOT></s>| MASK  stream.
     * @return This factory, for convenience.
    |the presentation started at the same time as the
    // window. For playlist types LIVE|[MASK] <EOT></s>|[MASK] <EOT></s>| [MASK] <EOT></s>|MASK <EOT></s>|end of the playlist.
   *
   * @param  [MASK] The|[MASK] , long positionUs) {
    int segmentIndex =
        Util.|MASK , (segment) -> segment.relativeStartTimeUs <EOT></s>|MASK .isEmpty() ? null :  MASK <EOT></s>",
910,bootstrapMethodsData,data,False,3,data||null,"data);
      this.hashCode = hashCode;
    }

    Entry(","data);
      this.hashCode = hashCode;
    }

    Entry(|
      super(index, tag, /* owner= */ null, /* name= */ null,|*/ null, /* name= */ null, value, data);
      this.hashCode =",
911,weekDef,Value,False,36,Value|MASK|else|fieldValues|o|Key|chrono|YEARS|week|chrono|Math|new|MONTH_OF_YEAR|ChronoLocalDate|Y|MASK|MASK|Generator|alAccessor|to|ology|doy|MASK|MASK|MASK|MASK|MASK|MASK|MASK|MASK|MASK|MASK|MASK|MASK|alAccessor|rangeUnit,"Value(newValue, this);
                final int isoDow =  [MASK","Value(newValue, this);
                final int isoDow =  [MASK|=  [MASK] .getFirstDayOfWeek().getValue();
                final int dow|} else if (rangeUnit == MONTHS) {  // week-of-month|(fieldValues.containsKey(DAY_OF_WEEK)) {
                final int|o = Chronology.from(partialTemporal);
            if (rangeUnit == M|Key(YEAR)) {
                int year = YEAR.checkValidIntValue(field|chrono, year, (int)month, dow, newValue);
                } else if|== YEARS && fieldValues.containsKey(WEEK_OF_YEAR))|week-based-year
                long year = fieldValues.get( [MASK] .|chrono, newValue, dow, resolverStyle);
            }
            return null;|Math.floorDiv(womInt - 1, 7);
                int days =|new DateTimeException(""Strict mode rejected date parsed into a different month"");
                }
           |(MONTH_OF_YEAR);
            fieldValues.put(DAY_OF_|ChronoLocalDate resolveWoY(
                Map<TemporalField, Long>|Y(
                Map<TemporalField, Long> fieldValues, Chronology chrono|[MASK] .weekBasedYear),  [MASK] .weekBasedYear|( [MASK] .weekOfWeekBasedYear);
                long weeks = Math.|Generator.getFieldName(
                    DateTimeFieldType.WEEK_OF_Y|alAccessor temporal) {
            if (temporal.isSupported(DAY_OF|to map
         * @param field the field to map
         * @return the range of|ology.from(temporal).date(temporal);
                date = date.|(doy, DAYS);   // Back down into previous year
                return rangeWeekOf|MASK <EOT></s>|[MASK] <EOT></s>|[MASK] <EOT></s>|[MASK] <EOT></s>|MASK <EOT></s>|[MASK] <EOT></s>|MASK .weekOfWeekBasedYear);
                long weeks = Math.subtract|[MASK] <EOT></s>|[MASK] <EOT></s>|MASK <EOT></s>|[MASK] <EOT></s>|MASK <EOT></s>|alAccessor <EOT></s>|rangeUnit <EOT></s>",
912,bytes,MASK,False,3,MASK|Resource|MASK,MASK <EOT></s>,"MASK <EOT></s>|  Resource.newByteArrayResource(MASK)
                                        .asByteBuffer()|MASK, 0, address1.getAddress(), address1.getPort()));
                ",
913,newCookies,cookies,False,4,cookies|cookies|cookies|cookies,cookies <EOT></s>,"cookies <EOT></s>|cookies.add(""name"", ResponseCookie.from(""name"", ""value"").build());
|cookies <EOT></s>|cookies <EOT></s>",
914,expectedMinsOnlySearch,expectedMinsOnlySearch,True,3,expectedMinsOnlySearch|expectedMinsOnlySearch|expectedMinsOnlySearch,expectedMinsOnlySearch <EOT></s>,expectedMinsOnlySearch <EOT></s>|expectedMinsOnlySearch <EOT></s>|expectedMinsOnlySearch <EOT></s>,
915,prefixKeySetting,build,False,9,build|Dynamic|scoped|ArgumentException|bar|Warnings||boolSetting|(,"-1).build());
            fail(""should fail on negative value"");
        } catch (","-1).build());
            fail(""should fail on negative value"");
        } catch (|Dynamic and NodeScope are mutually exclusive
        IllegalArgumentException e = expectThrows(|-scoped setting [foo.bar] cannot be not copyable on resize"")));
   |ArgumentException = expectThrows(
            IllegalArgumentException.class,
            () ->|(""bar"", ""20001ms"").build())
        );
        assertThat|Warnings();
    }

    public void testCheckForDeprecationWithSk|
    public void testCheckForDeprecationWithSkipSettingAndDeprecationLogger()|boolSetting(""a.bool.setting"", true, Property.Deprecated, Property.Index|(
            ""prefix"" + ""."",
            key -> Setting.simpleString(key,",
916,binary,binaryName,False,2,binaryName|binaryName,binaryName <EOT></s>,binaryName <EOT></s>|binaryName <EOT></s>,
917,addressCount,numAddresses,False,2,numAddresses|numAddresses, numAddresses <EOT></s>, numAddresses <EOT></s>|numAddresses <EOT></s>,
918,headers,header,False,2,header|header,"header = new String[]{""foo=bar"", ""accept=application/xml,application/pdf","header = new String[]{""foo=bar"", ""accept=application/xml,application/pdf|header);

		assertConditions(condition, ""text/plain"", ""application/",
919,engine,MASK,False,25,MASK|MASK|MASK|MASK|MASK|MASK|MASK|SSLEngine|MASK|MASK|MASK|MASK|MASK|MASK|MASK|MASK|MASK|MASK|MASK|MASK|MASK|MASK|MASK|MASK|MASK,[MASK] <EOT></s>,"[MASK] <EOT></s>|[MASK] <EOT></s>|[MASK] <EOT></s>|[MASK] <EOT></s>|[MASK] <EOT></s>|[MASK] <EOT></s>|[MASK] <EOT></s>|SSLEngine <EOT></s>|[MASK] <EOT></s>|[MASK] <EOT></s>|[MASK] <EOT></s>|[MASK] <EOT></s>|MASK <EOT></s>|[MASK] <EOT></s>|MASK <EOT></s>|MASK <EOT></s>|MASK <EOT></s>|MASK <EOT></s>|MASK <EOT></s>|[MASK] )
                throws CertificateException {
            trustManager.checkClientTr|[MASK] <EOT></s>|MASK );
        }

        @Override
        public void checkServerTrusted(|MASK <EOT></s>|MASK <EOT></s>|MASK <EOT></s>",
920,seenGroupIds,MASK,False,6,MASK|MASK|MASK|MASK|MASK|MASK,[MASK] <EOT></s>,"[MASK] <EOT></s>|MASK , vBlock);
      return new GroupingAggregatorFunction.AddInput()|MASK <EOT></s>|MASK );
    }
  }

  private void maybeEnableGroupIdTracking|MASK <EOT></s>|MASK <EOT></s>",
921,ZDATA,PT,False,2,PT|,""", ""2004/1/1 PT 1:00"", ""2",""", ""2004/1/1 PT 1:00"", ""2|
        { ""en"", ""America/Phoenix"", ""2004-0",
922,beanName,beanName,True,2,beanName|beanName,beanName <EOT></s>,beanName <EOT></s>|beanName <EOT></s>,
923,currentSeed,seedRef,False,2,seedRef|seedRef,seedRef <EOT></s>,seedRef <EOT></s>|seedRef <EOT></s>,
924,jsonFields,MASK,False,3,MASK|MASK|MASK,[MASK] <EOT></s>,"[MASK] <EOT></s>|  MASK.putAll(additionalFields);
            return new ESLogMessage().|MASK <EOT></s>",
925,clusterStateString,clusterStateString,True,5,clusterStateString|clusterStateString|clusterStateString|clusterStateString|clusterStateString,clusterStateString <EOT></s>,"clusterStateString <EOT></s>|clusterStateString );
        assertThat( clusterStateString , containsString(""test_idx""));|clusterStateString , containsString(""test_idx""));
        assertThat( clusterStateString ,|clusterStateString <EOT></s>|clusterStateString <EOT></s>",
926,split,lineParts,False,5,lineParts|split|lineParts|lineParts|lineParts,"                 lineParts = line.split("" -> "");
					String ob","                 lineParts = line.split("" -> "");
					String ob|split("" "");
					String[]  [MASK]  = lineP|lineParts [0];
					String obfuscated = lineP|lineParts [1]);
					obfuscatedToOriginal.put|lineParts <EOT></s>",
927,start,MASK,False,2,MASK|MASK,[MASK] <EOT></s>,"[MASK] <EOT></s>|MASK , int end, int count, int type, int offset);

	public native",
928,vStart,vValue,False,9,vValue|MASK|vValue|vValue|MASK|vValue|vValue|MASK|vValue,"vValue = vBlock.getInt(valuesPosition);
        state.set(groupId,","vValue = vBlock.getInt(valuesPosition);
        state.set(groupId,|[MASK] <EOT></s>|vValue <EOT></s>|vValue <EOT></s>|[MASK] <EOT></s>|vValue <EOT></s>|vValue <EOT></s>|MASK  + vBlock.getValueCount(valuesPosition);
      for (int vOffset|vValue <EOT></s>",
929,metaData,external,False,7,external|external|external|external|external|external|external,"external = new HashMap<>();
        external.put(""dubbo.override.address"", ""","external = new HashMap<>();
        external.put(""dubbo.override.address"", ""|external.get(""address""));
        Assertions.assertEquals(""override-config"",  external|external .get(""protocol""));
        Assertions.assertEquals(""override-config"",  external|external .get(""escape""));
        Assertions.assertEquals(""override-config"",  external|external .get(""exclude""));
        Assertions.assertEquals(""override-id"", |external .get(""id""));
    }

    @Test
    public void testMask|external .get(""useKeyAsProperty""));
        Assertions.assertNull( external .get",
930,dataBuffer,MASK,False,4,MASK|exchange|MASK|MASK,[MASK] <EOT></s>,"[MASK] <EOT></s>|exchange.getResponse()
				.bufferFactory()
				.|MASK <EOT></s>|MASK <EOT></s>",
931,actor,MASK,False,7,MASK|currentAction|action|);|actor|actor|actor,[MASK] <EOT></s>,"[MASK] <EOT></s>|currentAction.isComplete() &&  MASK <EOT></s>|action  != null) action.setActor( [MASK] );
	}
|);
	}

	public void removeAction (Action action) {
		actions|actor <EOT></s>|actor <EOT></s>|actor <EOT></s>",
932,remoteModule,MASK,False,21,MASK|new|MASK|MASK|MASK||MASK|MASK|MASK|MASK|MASK|MASK|MASK|MASK|MASK|MASK|MASK|MASK|remoteOptions|MASK|MASK,"[MASK] , RemoteOptions remoteOptions) throws Exception {
    return createTestCommand","[MASK] , RemoteOptions remoteOptions) throws Exception {
    return createTestCommand|new RemoteModule  [MASK ] )
            .addBlazeModule(
|[MASK] <EOT></s>|[MASK] <EOT></s>|[MASK]  = new RemoteModule();
    [MASK] .setFile|
                [MASK] 
                  .getActionContextProvider()
                  .|[MASK] 
                  .getActionContextProvider()
                  .getRemote|[MASK] <EOT></s>|[MASK] <EOT></s>|[MASK] <EOT></s>|[MASK] <EOT></s>|[MASK] <EOT></s>|MASK <EOT></s>|MASK <EOT></s>|[MASK] <EOT></s>|MASK <EOT></s>|[MASK] 
                  .getActionContextProvider()
                  .getCom|MASK 
                  .getActionContextProvider()
                  .getCombined|remoteOptions);
    [MASK] .beforeCommand(env);
    env.throw|  MASK 
            .getActionContextProvider()
            .getRemoteOutputs|MASK <EOT></s>",
933,cmcdConfiguration,MASK,False,13,MASK|MASK|MASK|MASK|MASK|EOT|MASK|MASK|MASK||MASK|MASK|MASK,"[MASK]  =
           [MASK] Factory;
    private DrmSession","[MASK]  =
           [MASK] Factory;
    private DrmSession|MASK <EOT></s>|[MASK] <EOT></s>|[MASK] <EOT></s>|[MASK]  =
           [MASK] Factory == null
              ? null
| <EOT></s>|MASK Factory == null
              ? null
              :   MASK Factory.createC| [MASK] ,
          drmSessionManagerProvider.get(mediaItem),
|[MASK] <EOT></s>|
            segments,
            /* value= */ positionUs,
            /* inclusive= */|MASK <EOT></s>|MASK ;
    this.drmSessionManager = drmSessionManager;
    this| MASK  <EOT></s>",
934,sameVersionEvent,event,False,2,event|event,"event = createClusterChangedEvent(Collections.emptyMap(), versions, nodes);
        client","event = createClusterChangedEvent(Collections.emptyMap(), versions, nodes);
        client|event);
    }

    @TestLogging(value = ""org.elasticsearch",
935,parentAlpha,ScrollPercentY,False,3,ScrollPercentY|the|in,"ScrollPercentY (float percentY) {
		scrollY(maxY * MathUtils","ScrollPercentY (float percentY) {
		scrollY(maxY * MathUtils|the scroll pane's scrollbars to fade in and out. */
	public void set|in the scroll pane actor's coordinate system. */
	public void scrollTo (float",
936,member,MASK,False,4,MASK|MASK|use|member,[MASK] <EOT></s>,"[MASK] <EOT></s>|MASK <EOT></s>|use the line number table of the code attribute,
        // but with the source of the in|member) {}


    public void visitProgramField(ProgramClass programClass, ProgramField",
937,patterns,indexPatterns,False,2,indexPatterns|indexPatterns,indexPatterns <EOT></s>,indexPatterns <EOT></s>|indexPatterns <EOT></s>,
938,tempBuf,MASK,False,12,MASK|MASK|MASK|MASK|MASK|MASK|MASK|MASK|MASK|MASK|MASK|MASK,[MASK] <EOT></s>,[MASK] <EOT></s>|MASK <EOT></s>|MASK <EOT></s>|MASK <EOT></s>|[MASK] <EOT></s>|MASK <EOT></s>|[MASK] <EOT></s>|[MASK] <EOT></s>|MASK <EOT></s>|MASK <EOT></s>|[MASK] <EOT></s>|MASK <EOT></s>,
939,reverse,reverse,True,4,reverse|MASK|MASK|MASK,"reverse order of opening, so that we can close in the same
    // <EOT></s>","reverse order of opening, so that we can close in the same
    // <EOT></s>|  [MASK] <EOT></s>|MASK.add(closeables.pop());
            }
            IOUtils.close(|MASK );
        } catch (Exception e) {
            throw new AssertionError(",
940,resolverStyle,following,False,13,following|MASK|MASK|MASK|MASK|MASK|MASK|MASK|MASK|MASK|MASK|MASK|MASK,"following year
                week = week - newYearWeek + 1;
            }
           ","following year
                week = week - newYearWeek + 1;
            }
           |[MASK] );
                }
                if (rangeUnit == YEARS && field|MASK );
                }
                if (rangeUnit == WEEK_BASED_|MASK <EOT></s>|[MASK] <EOT></s>|[MASK] <EOT></s>|[MASK] <EOT></s>|MASK <EOT></s>|[MASK] <EOT></s>|MASK <EOT></s>|MASK <EOT></s>|MASK <EOT></s>|MASK <EOT></s>",
941,fieldSupplier,valuesSupplier,False,6,valuesSupplier|valuesSupplier|valuesSupplier|valuesSupplier|valuesSupplier|valuesSupplier,"valuesSupplier : valuesSuppliers) {
                TestCaseSupplier testCaseSupplier =","valuesSupplier : valuesSuppliers) {
                TestCaseSupplier testCaseSupplier =|valuesSupplier <EOT></s>|valuesSupplier <EOT></s>|valuesSupplier
            .type()
            .isNumeric()
            ? DataType|valuesSupplier <EOT></s>|valuesSupplier <EOT></s>",
942,hitContext,MASK,False,3,MASK|MASK|MASK,[MASK] <EOT></s>,"[MASK] <EOT></s>|MASK <EOT></s>|  MASK
                    <EOT></s>",
943,quantityInStock,MASK,False,12,MASK|MASK|MASK|MASK|MASK|MASK|MASK|MASK|MASK|MASK|MASK|MASK,[MASK] <EOT></s>,"[MASK] <EOT></s>|[MASK] <EOT></s>|MASK <EOT></s>|MASK <EOT></s>|MASK <EOT></s>|MASK <EOT></s>|MASK <EOT></s>|MASK "", nullable=false)
    public short getMASK () {
        return|MASK <EOT></s>|MASK ) {
        this. MASK  =  MASK ;
   |MASK <EOT></s>|MASK <EOT></s>",
944,rtspHeaders,MASK,False,9,MASK|MASK|MASK|MASK|MASK|MASK|MASK|MASK|MASK,[MASK] <EOT></s>,[MASK] <EOT></s>|MASK <EOT></s>|  MASK <EOT></s>|MASK <EOT></s>|MASK <EOT></s>|[MASK] <EOT></s>|[MASK] <EOT></s>|[MASK] <EOT></s>|MASK <EOT></s>,
945,decimalFormat,result,False,145,"result|5);|F_EVEN|RoundingMode|(-11.5653);|oundingMode|result|set|5655);|result|MASK|UNNECESSARY|function|and|MASK|MASK||and|SK|SK|CEILING|Mode||behavior|FLOOR|format|behavior|MASK|ALF_EVEN|result||result|result|oundingMode|format|UP|result|result|correct|SK|(0.2);|);|its|UNNECESSARY|format|ression|DecimalFormat|applyPattern|||WN|("".##"");|Pattern|result|Incorrect|UP||result|assertEquals|RoundingMode|format|Pattern|MASK|EVEN|(0.125);|result|SK|assertEquals|df|value|String|failures|ionFailedError|failures|format|format|MASK|MASK|MASK|MASK|MASK|MASK|EOT|MASK|MASK|MASK|MASK|MASK|MASK|MASK|MASK|MASK|MASK|MASK|MASK|MASK|MASK|MASK|MASK|MASK|MASK|MASK|MASK|MASK|MASK|MASK|MASK|MASK|MASK|MASK|MASK|MASK|MASK|MASK|MASK|MASK|MASK|MASK|MASK|MASK|MASK|MASK|MASK|MASK|MASK|MASK|MASK|MASK|MASK|MASK|MASK|MASK|MASK|MASK|MASK|MASK|MASK|MASK|MASK|MASK|MASK|MASK|MASK|MASK|MASK","6"", result);

        result =  [MASK] .format(0.2","6"", result);

        result =  [MASK] .format(0.2|5);
        assertEquals(""Incorrect RoundingMode behavior: RoundingMode.HAL|F_EVEN"", ""11.566"", result);

        result =|RoundingMode.HALF_UP);
        result =  [MASK] .|(-11.5653);
        assertEquals(""Incorrect RoundingMode behavior|oundingMode.HALF_UP"", ""-11.566"", result);
|result);

        result =  [MASK] .format(11.56|set RoundingMode.UP of this DecimalFormat and test its
        // behavior
        |5655);
        assertEquals(""Incorrect RoundingMode behavior: RoundingMode|1.566"", result);

        result =  [MASK] .format|=  [MASK] .format(11.5653);
        assert|UNNECESSARY"",
                ""11.565"", result);

       |function with differnt RoundingMode
         [MASK] .setMaximumFractionDig|and test its
        // behavior
         [MASK] .setRoundingMode(R| [MASK] .format(11.5653);
        assertEquals|=  [MASK] .format(11.5);
        assertEquals(""In|
        result =  [MASK] .format(11.6);
        assert|and test its
        // behavior
         [MASK] .setRoundingMode(R|SK] .format(11.3);
        assertEquals(""Incorrect RoundingMode|SK] .format(-11.5);
        assertEquals(""Incorrect RoundingMode|CEILING"", ""-11"", result);

        // set RoundingMode.DO|Mode.DOWN);
        result =  [MASK] .format(11.|
        result =  [MASK] .format(-11.5);
        assert|behavior: RoundingMode.DOWN"", ""0"", result);

        // set R|FLOOR of this DecimalFormat and test its
        // behavior
         [MASK|] .format(11.3);
        assertEquals(""Incorrect RoundingMode behavior|behavior: RoundingMode.FLOOR"", ""-12"", result);

        result|[MASK] .format(0);
        assertEquals(""Incorrect RoundingMode behavior|ALF_EVEN of this DecimalFormat and test its
        // behavior
         [|result =  [MASK] .format(5.5);
        assertEquals(""In|
        assertEquals(""Incorrect RoundingMode behavior: RoundingMode.HALF_|6"", result);

        result =  [MASK] .format(0.2|""0"", result);

        // set RoundingMode.HALF_UP of|oundingMode.HALF_UP);
        result =  [MASK] .format|format(-5.5);
        assertEquals(""Incorrect RoundingMode behavior: Rounding|UP"", ""-6"", result);

        result =  [MASK] .format(|"", ""0"", result);

        result =  [MASK] .format(-0|""-0"", result);

        // set RoundingMode.UP of this DecimalFormat|correct RoundingMode behavior: RoundingMode.UP"", ""6"", result);

       |SK] .format(-5.5);
        assertEquals(""Incorrect RoundingMode behavior|(0.2);
        assertEquals(""Incorrect RoundingMode behavior: RoundingMode|);
        assertEquals(""Incorrect RoundingMode behavior: RoundingMode.UP"", ""-|its
        // behavior
         [MASK] .setRoundingMode(RoundingMode|.UNNECESSARY"", ""1"", result);

        result =  [MASK|.format(-1.0);
        assertEquals(
                ""Incorrect RoundingMode|ression for HARMONY-1070
        DecimalFormat df = new Dec|DecimalFormat and test its
        // behavior
         [MASK] .setRounding|applyPattern(""0.00"");
        result =  [MASK] .format(|
        assertEquals(""Incorrect RoundingMode behavior after applyPattern"", "".26"", result|
        result =  [MASK] .format(0.733);
       |WN of this DecimalFormat and test its
        // behavior
         [MASK] .|("".##"");
        result =  [MASK] .format(0.125|Pattern"", "".26"", result);
        result =  [MASK] .format(|"", result);
        result =  [MASK] .format(0.467|(""Incorrect RoundingMode behavior after applyPattern"", "".47"", result);

       |UP);
         [MASK] .applyPattern("".##"");
        result =  [|
        result =  [MASK] .format(0.255);
       |"", result);
        result =  [MASK] .format(0.467|       assertEquals(""Incorrect RoundingMode behavior after applyPattern"", "".47"", result);|RoundingMode(RoundingMode.DOWN);
         [MASK] .applyPattern|] .format(0.255);
        assertEquals(""Incorrect RoundingMode|Pattern"", "".25"", result);
        result =  [MASK] .format(|=  [MASK] .format(0.467);
        assertEquals(""|EVEN of this DecimalFormat and test its
        // behavior
         [MASK]|(0.125);
        assertEquals(""Incorrect RoundingMode behavior after apply|12"", result);
        result =  [MASK] .format(0.2|SK] .format(0.732);
        assertEquals(""Incorrect Rounding|       assertEquals(""Incorrect RoundingMode behavior after applyPattern"", "".47"", result);|df, String expected, double value) {
            String result = df.format(value);|"" "" + value, expected, format.format(value));
            } catch (Assertion|, String expected, long value) {
            try {
                Assert.assertEquals(format|               failures.add(e);
            }
        }

        public void format|ionFailedError e = new AssertionFailedError(""Multiple failures"");
            for (|: failures) {
                combined.addSuppressed(failure);
            }|.format(-11.5655);
        assertEquals(""Incorrect Rounding|.format(11.5656);
        assertEquals(""Incorrect Rounding|[MASK] <EOT></s>|[MASK] <EOT></s>|MASK <EOT></s>|[MASK] <EOT></s>|[MASK] <EOT></s>|MASK <EOT></s>| <EOT></s>|[MASK] <EOT></s>|MASK .format(11.5653);
        assertEquals(""Incorrect|[MASK] <EOT></s>|MASK .format(11.6);
        assertEquals(""Incorrect RoundingMode|[MASK] <EOT></s>|MASK .format(11.5653);
        assertEquals(""Incorrect|MASK .format(-11.5);
        assertEquals(""Incorrect RoundingMode|MASK .setRoundingMode(RoundingMode.DOWN);
        result = |MASK .format(11.5653);
        assertEquals(""Incorrect|MASK .format(-11.5);
        assertEquals(""Incorrect RoundingMode|MASK .format(0);
        assertEquals(""Incorrect RoundingMode behavior: R|MASK .setRoundingMode(RoundingMode.FLOOR);
        result =|MASK .format(11.3);
        assertEquals(""Incorrect RoundingMode|MASK .format(-11.5);
        assertEquals(""Incorrect RoundingMode|MASK .format(0);
        assertEquals(""Incorrect RoundingMode behavior: R|MASK .setRoundingMode(RoundingMode.HALF_EVEN);
|MASK .format(11.5653);
        assertEquals(""Incorrect|MASK .format(-5.5);
        assertEquals(""Incorrect RoundingMode behavior|MASK .format(0.2);
        assertEquals(""Incorrect RoundingMode behavior|MASK .setRoundingMode(RoundingMode.HALF_UP);
       |MASK .format(5.5);
        assertEquals(""Incorrect RoundingMode behavior|MASK .format(-5.5);
        assertEquals(""Incorrect RoundingMode behavior|MASK .format(0.2);
        assertEquals(""Incorrect RoundingMode behavior|MASK .format(-0.2);
        assertEquals(""Incorrect RoundingMode behavior|MASK .setRoundingMode(RoundingMode.UP);
        result =  M|MASK .format(11.5653);
        assertEquals(""Incorrect|MASK .format(-5.5);
        assertEquals(""Incorrect RoundingMode behavior|MASK .format(0.2);
        assertEquals(""Incorrect RoundingMode behavior|MASK <EOT></s>|MASK <EOT></s>|MASK .format(11.5653);
        assertEquals(""Incorrect|MASK .format(-1.0);
        assertEquals(
                ""Incorrect R|[MASK] <EOT></s>|[MASK] <EOT></s>|MASK .format(0.2);
        assertEquals(""Incorrect RoundingMode behavior|MASK .format(0.255);
        assertEquals(""Incorrect Rounding|MASK .format(0.732);
        assertEquals(""Incorrect Rounding|MASK <EOT></s>|[MASK] <EOT></s>|MASK <EOT></s>|MASK .format(0.125);
        assertEquals(""Incorrect Rounding|MASK .format(0.255);
        assertEquals(""Incorrect Rounding|MASK .format(0.732);
        assertEquals(""Incorrect Rounding|MASK .format(0.467);
        assertEquals(""Incorrect Rounding|MASK <EOT></s>|MASK <EOT></s>|MASK .format(0.125);
        assertEquals(""Incorrect Rounding|MASK <EOT></s>|MASK .format(0.732);
        assertEquals(""Incorrect Rounding|MASK .format(0.467);
        assertEquals(""Incorrect Rounding|MASK <EOT></s>|MASK .applyPattern("".##"");
        result =  MASK .format(0|MASK .format(0.125);
        assertEquals(""Incorrect Rounding|MASK <EOT></s>|MASK <EOT></s>|MASK <EOT></s>|MASK .setRoundingMode(RoundingMode.HALF_EVEN);
|MASK .applyPattern("".##"");
        result =  MASK .format(0|MASK .format(0.125);
        assertEquals(""Incorrect Rounding|MASK .format(0.255);
        assertEquals(""Incorrect Rounding|MASK <EOT></s>|MASK <EOT></s>",
946,originalNode,MASK,False,4,MASK|MASK|MASK|MASK,[MASK] <EOT></s>,[MASK] <EOT></s>|MASK <EOT></s>|MASK <EOT></s>|MASK <EOT></s>,
947,message,message,True,5,message|Security|String|MASK|MASK,"message
               <EOT></s>","message
               <EOT></s>|Security Policies. Please update this plugin to use Entitlements instead.""
            );|String> pluginClasspath = new HashSet<>();
        for (Path path : Files.walk| MASK <EOT></s>|MASK);
        }
    }

    /**
     * Downloads a plugin",
948,strategy,EOT,False,4,EOT|MASK|EOT|MASK,    <EOT></s>,    <EOT></s>|[MASK] <EOT></s>|EOT <EOT></s>|MASK <EOT></s>,
949,versions,MASK,False,8,MASK|MASK|MASK|MASK|system|MASK|MASK|version,[MASK] <EOT></s>,"[MASK] <EOT></s>|MASK ), equalTo(compatibilityVersions1));
        assertThat(Compatibility|MASK <EOT></s>|MASK <EOT></s>|system indices are created in the same release as the minimum transport version.
     * The minimum transport|MASK <EOT></s>|MASK <EOT></s>|version""));
    }

    public void testPreventJoinClusterWithUnsupport",
950,field,args,False,2,args|args,... args <EOT></s>,... args <EOT></s>|args <EOT></s>,
951,pictureType,MASK,False,12,MASK|MASK|MASK|MASK|MASK|MASK|MASK|MASK|MASK|MASK|MASK|MASK,[MASK] <EOT></s>,[MASK] <EOT></s>|[MASK]  <EOT></s>|[MASK] <EOT></s>|MASK <EOT></s>|MASK <EOT></s>|MASK <EOT></s>|[MASK] <EOT></s>|MASK  <EOT></s>|MASK <EOT></s>|MASK <EOT></s>|MASK <EOT></s>|MASK <EOT></s>,
952,validPerPosition,MASK,False,5,MASK|MASK|MASK|MASK|MASK,[MASK] <EOT></s>,[MASK] <EOT></s>|  [MASK] <EOT></s>|MASK <EOT></s>|MASK.get(i) <EOT></s>|MASK <EOT></s>,
953,contexts,scriptContexts,False,3,scriptContexts|scriptContexts|scriptContexts,scriptContexts <EOT></s>,"scriptContexts <EOT></s>|scriptContexts.put(TestFieldScript.CONTEXT, whitelists);
        script|scriptContexts <EOT></s>",
954,latch,block,False,3,block|block|block,"block = new CountDownLatch(1);
            for (int i = 0;","block = new CountDownLatch(1);
            for (int i = 0;|  block <EOT></s>|block.await();

            // these tasks will fill the thread pool queue
            for (",
955,vVector,v,False,11,v|vBlock|vBlock|vBlock|vBlock|MASK|MASK|MASK|MASK|MASK|MASK,"v = vBlock.asVector();
    if (v == null) {
      return","v = vBlock.asVector();
    if (v == null) {
      return|vBlock.mayHaveNulls() && seenGroupIds <EOT></s>|vBlock);
      }

      @Override
      public void add(int positionOffset|vBlock );
      }

      @Override
      public void add(int positionOffset|vBlock );
      }

      @Override
      public void close() {
     |[MASK] <EOT></s>|MASK <EOT></s>|MASK <EOT></s>|MASK <EOT></s>|MASK ) {
    for (int groupPosition = 0; groupPosition < groups.|MASK <EOT></s>",
956,listener,EOT,False,2,EOT|EOT, <EOT></s>, <EOT></s>|  <EOT></s>,
957,velocityY,MASK,False,16,MASK|velocityY|velocityY|velocityY|MASK|MASK|MASK|MASK|return|isScrollY|it|*/|velocityY|velocityY|velocityY|velocityY,"[MASK]  = 0;
	boolean scrollX, scrollY;
	","[MASK]  = 0;
	boolean scrollX, scrollY;
	|velocityY = Math.abs(y) > 150 && scrollY ? y|velocityY <EOT></s>|velocityY, button);
			}
		};
	}

|[MASK]  * <EOT></s>|[MASK] <EOT></s>|[MASK] <EOT></s>|MASK <EOT></s>|return scrollX;
	}

	/** Returns true if the actor is larger than the|isScrollY () {
		return scrollY;
	}

	/** Returns|it policy if the scroll pane is larger than the actor in
	 * that direction. */|*/
	public void setScrollingDisabled (boolean disableX, boolean disableY) {|velocityY <EOT></s>|velocityY <EOT></s>|velocityY <EOT></s>|velocityY ;
	}

	/** Sets the scroll factor for the horizontal scroll",
958,outputSurfaceInfo,surfaceInfo,False,1,surfaceInfo,"surfaceInfo);

  /**
   * Returns the {@link SurfaceInfo} of","surfaceInfo);

  /**
   * Returns the {@link SurfaceInfo} of",
959,invocation,invocation,True,5,invocation|throws|MASK|throws|MASK,"invocation.InvocationOnMock;
import org.mockito.stubbing.Answer;","invocation.InvocationOnMock;
import org.mockito.stubbing.Answer;|) throws Throwable {
                ResizeOptions resizeOptions = (ResizeOptions) |[MASK] <EOT></s>|throws <EOT></s>|MASK <EOT></s>",
960,builder,builder,True,7,builder|MASK|MASK|MASK|MASK|MASK|builder,builder <EOT></s>,builder <EOT></s>|[MASK] <EOT></s>|[MASK] <EOT></s>|[MASK] <EOT></s>|MASK <EOT></s>|MASK <EOT></s>|builder <EOT></s>,
961,resolverUtil,MASK,False,3,MASK|MASK|MASK,[MASK] <EOT></s>,[MASK] <EOT></s>|MASK <EOT></s>|MASK <EOT></s>,
962,element,MASK,False,5,MASK|MASK|MASK|MASK|element,[MASK] <EOT></s>,"[MASK] <EOT></s>|[MASK] <EOT></s>|[MASK] <EOT></s>|MASK <EOT></s>|element) {
    return """";
  }

  @Override
  protected String null",
963,carry,EOT,False,9,EOT|EOT|EOT|EOT|Msg|www|org|Test|to,  <EOT></s>,"  <EOT></s>|EOT <EOT></s>|EOT <EOT></s>|EOT <EOT></s>|Msg = new StringBuilder(""{"");
      for (int testPartsIndexIndex = 0|://www.apache.org/test/index.html#fragment""));
   assertTrue(|org/a/b/c#frag""));
  }

    @Test
|@Test
  void testValidator481() {
    UrlValidator validator =|to the validator.
    */
   private static final ResultPair[] testUrlParts",
964,pIgnoreExceptions,pIgnoreExceptions,True,3,pIgnoreExceptions|pIgnoreExceptions|pIgnoreExceptions,pIgnoreExceptions <EOT></s>,"pIgnoreExceptions <EOT></s>|pIgnoreExceptions) {
            this.ignoreExceptions = ImmutableList.copyOf|pIgnoreExceptions <EOT></s>",
965,errorMessage,MASK,False,18,MASK|MASK|MASK|MASK|MASK|MASK|MASK|MASK|MASK|MASK|MASK|MASK|MASK|MASK|MASK|MASK|MASK|MASK,[MASK] <EOT></s>,"[MASK] <EOT></s>|MASK <EOT></s>|MASK <EOT></s>|[MASK] <EOT></s>|[MASK] <EOT></s>|MASK <EOT></s>|MASK <EOT></s>|MASK  != null) {
                result.append( MASK );
            }|MASK );
            }
        } else if (tuple.parse != null && tuple.|MASK <EOT></s>|MASK  != null) {
                result.append( MASK );
            }|MASK );
            }
        } else if (tuple.parse != null && tuple.|MASK <EOT></s>|MASK <EOT></s>|MASK );
            }
        } else if (tuple.select != null) {
|MASK <EOT></s>|MASK <EOT></s>|MASK <EOT></s>",
966,nameAndTypeItemOffset,MASK,False,10,MASK|MASK|itemOffset|itemOffset|MASK|memberRefItemOffset|memberRefItemOffset|int|itemOffset|itemOffset,"[MASK]  =
          <EOT></s>","[MASK]  =
          <EOT></s>| [MASK] <EOT></s>|itemOffset + 2, charBuffer),
              classReader.readUTF8(itemOffset|itemOffset + 2, charBuffer),
              classReader.readUTF8( [MA| [MASK] <EOT></s>|memberRefItemOffset + 1, charBuffer),
              classReader.readUTF8(|memberRefItemOffset  + 2, charBuffer),
              classReader.readByte(|int MASK <EOT></s>|itemOffset + 1, charBuffer),
              classReader.readUTF8( itemOffset|itemOffset  + 2, charBuffer),
              classReader.readUnsignedShort(",
967,columnMatcher,MASK,False,9,MASK|MASK|MASK|MASK|MASK|MASK|MASK|MASK|MASK,[MASK] <EOT></s>,[MASK] <EOT></s>|[MASK] <EOT></s>|MASK <EOT></s>|[MASK] <EOT></s>|MASK <EOT></s>|MASK <EOT></s>|MASK <EOT></s>|MASK <EOT></s>|MASK <EOT></s>,
968,androidMorEarlier,MASK,False,7,MASK|MASK|MASK|MASK|MASK|MASK|MASK,[MASK] <EOT></s>,"[MASK] <EOT></s>|[MASK] <EOT></s>|MASK <EOT></s>|MASK <EOT></s>|MASK <EOT></s>|MASK <EOT></s>|MASK );
    }
  }

  @Test public void getPassesAdd",
969,concurrencyCompensation,concurrencyCompensation,True,2,concurrencyCompensation|concurrencyCompensation, concurrencyCompensation <EOT></s>, concurrencyCompensation <EOT></s>|concurrencyCompensation <EOT></s>,
970,clusterer,EOT,False,8,EOT|MASK|MASK|MASK|EOT|MASK|MASK|MASK, <EOT></s>," <EOT></s>|[MASK] <EOT></s>|[MASK] .computeClusters(new Engine(project));
        TestUtils.|MASK ,  [MASK] Json);
    }

    @Test
   |EOT <EOT></s>|MASK <EOT></s>|MASK <EOT></s>|MASK <EOT></s>",
971,targetClass,MASK,False,3,MASK|MASK|MASK,[MASK] <EOT></s>,[MASK] <EOT></s>|MASK <EOT></s>|MASK <EOT></s>,
972,maxLength,maxLength,True,2,maxLength|maxLength,maxLength <EOT></s>,"maxLength <EOT></s>|maxLength);
    }
    if (input.length() > maxLength) {
",
973,apiKey,MASK,False,12,MASK|MASK|MASK|MASK|MASK|MASK|MASK|MASK|MASK|MASK|MASK|MASK,[MASK] <EOT></s>,"[MASK] <EOT></s>|MASK <EOT></s>|MASK <EOT></s>|MASK <EOT></s>|MASK <EOT></s>|MASK <EOT></s>|MASK ,
        String modelName,
        @Nullable String user,
        @|MASK <EOT></s>|MASK ,
        String modelName,
        @Nullable String user,
        @|MASK <EOT></s>|MASK ,
        String modelName,
        @Nullable String user,
        @|MASK <EOT></s>",
974,thisModuleExports,moduleExports,False,2,moduleExports|moduleExports,moduleExports <EOT></s>,moduleExports <EOT></s>|moduleExports <EOT></s>,
975,withNulls,MASK,False,4,MASK|MASK|MASK|MASK,[MASK] <EOT></s>,[MASK] <EOT></s>|[MASK] <EOT></s>|MASK <EOT></s>|MASK <EOT></s>,
976,globalCheckpoint,MASK,False,9,"MASK|MASK|0, 10000000000000000|MASK|MASK|MASK|replicaShard|MASK|MASK",[MASK] <EOT></s>,"[MASK] <EOT></s>|MASK <EOT></s>|0, 10000000000000000|[MASK] <EOT></s>|MASK );
                primaryShard.flush(new FlushRequest());
            }
|[MASK] <EOT></s>|replicaShard.getLastKnownGlobalCheckpoint() <EOT></s>|MASK <EOT></s>|MASK <EOT></s>",
977,separator,MASK,False,5,MASK|MASK|MASK|MASK|MASK,[MASK] <EOT></s>,"[MASK] <EOT></s>|[MASK]
   * @param array an array of {@code double} values, possibly|MASK <EOT></s>|MASK <EOT></s>|MASK <EOT></s>",
978,parsedHeuristic,MASK,False,5,MASK|MASK|MASK|MASK|MASK,"[MASK] ;
                [MASK] <EOT></s>","[MASK] ;
                [MASK] <EOT></s>|MASK <EOT></s>|MASK  = null <EOT></s>|  MASK <EOT></s>|MASK <EOT></s>",
979,otherSettings,nodeSettings,False,2,nodeSettings|nodeSettings,nodeSettings <EOT></s>,nodeSettings <EOT></s>|nodeSettings <EOT></s>,
980,expectedMap,MASK,False,5,MASK|MASK|MASK|MASK|MASK,[MASK] <EOT></s>,"[MASK] <EOT></s>|[MASK] <EOT></s>|MASK <EOT></s>|MASK
                   <EOT></s>|MASK <EOT></s>",
981,classes,,False,2,|EOT,                                                                                                                                                                                                                                                                                                                               ,                                                                                                                                                                                                                                                                                                                               | <EOT></s>,
982,nullability,MASK,False,4,MASK|MASK|MASK|MASK,[MASK] <EOT></s>,[MASK] <EOT></s>|[MASK] <EOT></s>|MASK <EOT></s>|MASK <EOT></s>,
983,metaAnnotation,s,False,12,s|MASK|s|MASK|MASK|MASK|MASK|MASK|source|MASK|MASK|MASK,s = AnnotationsScanner.getDeclaredAnnotations(source.getAnnotation,"s = AnnotationsScanner.getDeclaredAnnotations(source.getAnnotation|[MASK] <EOT></s>|s <EOT></s>|[MASK] <EOT></s>|[MASK] <EOT></s>|MASK <EOT></s>|[MASK] <EOT></s>|MASK <EOT></s>|source.getAnnotationType(),  [MASK] <EOT></s>|MASK <EOT></s>|MASK <EOT></s>|MASK <EOT></s>",
984,fieldsProducers,MASK,False,7,MASK|MASK|MASK|MASK|MASK|MASK|MASK,[MASK] <EOT></s>,"[MASK] <EOT></s>|MASK <EOT></s>|MASK <EOT></s>|MASK <EOT></s>|[MASK] <EOT></s>|MASK <EOT></s>|MASK,
            in.fieldInfos,
            in.mergeDocIdMaps",
985,returnType,MASK,False,6,MASK|MASK|MASK|MASK|MASK|MASK,[MASK] <EOT></s>,[MASK] <EOT></s>|[MASK] <EOT></s>|[MASK] <EOT></s>|[MASK] <EOT></s>|MASK <EOT></s>|MASK <EOT></s>,
986,object,link,False,7,link|objects||MASK|MASK|;|EOT,"{@link Converter} from {@link String} to {@code double} that
   *","{@link Converter} from {@link String} to {@code double} that
   *|objects
   * in the list. For example, if the backing list is modified after the list|                                                                                                                                                                                                                                                                                                                               |[MASK] <EOT></s>|[MASK] <EOT></s>|;
        if (that.start == this.start && that.end == this.end| <EOT></s>",
987,initial,MASK,False,3,MASK|MASK|MASK, [MASK] <EOT></s>, [MASK] <EOT></s>|MASK <EOT></s>|MASK <EOT></s>,
988,source,link,False,22,link|MASK|MASK|MASK|MASK|MASK|MASK|MASK|MASK|MASK|MASK|MASK|MASK|MASK|MASK|MASK|MASK|MASK|MASK|MASK|MASK|MASK,{@link <EOT></s>,"{@link <EOT></s>|[MASK] <EOT></s>|[MASK] <EOT></s>|[MASK] <EOT></s>|MASK <EOT></s>|[MASK] <EOT></s>|MASK <EOT></s>|[MASK] <EOT></s>|[MASK] <EOT></s>|MASK <EOT></s>|MASK , MASK <EOT></s>|MASK <EOT></s>|MASK  <EOT></s>|MASK <EOT></s>|MASK <EOT></s>|[MASK] <EOT></s>|MASK <EOT></s>|MASK <EOT></s>|[MASK] <EOT></s>|[MASK] <EOT></s>|MASK <EOT></s>|MASK <EOT></s>",
989,onScriptError,MASK,False,6,MASK|MASK|MASK|MASK|MASK|MASK,[MASK] <EOT></s>,"[MASK] <EOT></s>|MASK <EOT></s>|MASK <EOT></s>|MASK );
    }

    public static void emit(GeometryFieldScript script,|MASK <EOT></s>|MASK <EOT></s>",
990,inferenceEntityId,tokenLimit,False,2,tokenLimit|id,"tokenLimit,
        @Nullable Integer dimensions,
        boolean dimensionsSetByUser
   ","tokenLimit,
        @Nullable Integer dimensions,
        boolean dimensionsSetByUser
   |  ""id"" <EOT></s>",
991,allULocales,Der,False,3,"Der|00"",|01 0:00:00"",","0Der"",             ""1970 06 01 0:00","0Der"",             ""1970 06 01 0:00|00"",
            ""LLL"", ""fp"", ""1970 07|01 0:00:00"",
            ""LLL"", ""fp"",",
992,params,params,True,1,params,params <EOT></s>,params <EOT></s>,
993,minutesStr,sdf,False,6,sdf|new||set|setNumberFormat|d,"= sdf.parse(res1,pp);
        String res2 = sdf.","= sdf.parse(res1,pp);
        String res2 = sdf.|new ULocale(""en_US""));
            fmt.setNumberFormat(""y"", override|
            fmt.setNumberFormat(""y"", override);
            fmt.applyPattern(DATA|// set override
            fmt.setNumberFormat(field, override);

            // format|setNumberFormat(override);
            } else {
                fmt.setNumberFormat(field|d) should be overridden
                fmt.setNumberFormat(""M"", override);
               ",
994,decompressedSize,decompressedSize,True,2,decompressedSize|decompressedSize,decompressedSize <EOT></s>,decompressedSize <EOT></s>|decompressedSize <EOT></s>,
995,chunkingSettingsMap,,False,2,|chunkingSettingsMap,                                                                                                                                                                                                                                                                                                                               ,                                                                                                                                                                                                                                                                                                                               |chunkingSettingsMap <EOT></s>,
996,distance,MASK,False,12,MASK|MASK|i|MASK|MASK|MASK|MASK|MASK|MASK|MASK|MASK|MASK,"[MASK] "" places to the left. For example, if {@code
   * array","[MASK] "" places to the left. For example, if {@code
   * array|[MASK] "" places to the right. For example, {@code rotate(array, |i +
   * MASK <EOT></s>|[MASK] <EOT></s>|[MASK] "" may be negative, which will rotate left.
   *
   *|[MASK] <EOT></s>|[MASK] <EOT></s>|MASK <EOT></s>|MASK <EOT></s>|MASK <EOT></s>|MASK) % length.
    // This is the number of places left to rotate.
|MASK  <EOT></s>",
997,contentSupplier,bodyContents,False,2,bodyContents|bodyContents,bodyContents <EOT></s>,"bodyContents <EOT></s>|bodyContents
                    <EOT></s>",
998,options,disk,False,16,disk|MASK|MASK|MASK|MASK|MASK|MASK|MASK|MASK|MASK|MASK|MASK|MASK|addOptions|MASK|interceptors,disk.DiskCacheGarbageCollectorIdleTask.DiskCacheGarbage,"disk.DiskCacheGarbageCollectorIdleTask.DiskCacheGarbage|[MASK] <EOT></s>|[MASK] <EOT></s>|MASK <EOT></s>| [MASK] <EOT></s>|[MASK] .getOptions(CoreOptions.class)).thenReturn(coreOptions);
|[MASK] <EOT></s>|[MASK] <EOT></s>|[MASK] <EOT></s>|[MASK] .getOptions(ExecutionOptions.class)).thenReturn(executionOptions);
|[MASK] <EOT></s>|[MASK] .getOptions(TestOptions.class)).thenReturn(testOptions);
|MASK .getOptions(TestOptions.class)).thenReturn(testOptions);

   |addOptions(
                    <EOT></s>|  MASK,
            new CommandEnvironment(
                runtime,
                workspace,|interceptors) ->
            InProcessChannelBuilder.forName(target).directExecutor().",
999,newXml,newXml,True,4,newXml|newXml|EOT|Doc,newXml <EOT></s>,"newXml <EOT></s>|newXml <EOT></s>| <EOT></s>|Doc.getRootElement();
                final Element incRootNode = incXmlDoc.addElement",
