id,ground_truth,prediction,correct,mask_count,all_predictions,raw_prediction,all_raw_predictions,error
0,decodedCapacity,len,False,2,len|len,len <EOT></s>,len <EOT></s>|len <EOT></s>,
1,canExclude,MASK,False,4,MASK|MASK|MASK|MASK,[MASK] <EOT></s>,[MASK] <EOT></s>|[MASK] <EOT></s>|MASK <EOT></s>|MASK <EOT></s>,
2,expectedIndexName,MASK,False,4,MASK|MASK|MASK|MASK,[MASK]          <EOT></s>,[MASK]          <EOT></s>|MASK <EOT></s>|[MASK] <EOT></s>|MASK <EOT></s>,
3,style,MASK,False,61,MASK|MASK|MASK|MASK|actor|actor|MASK|MASK|MASK|MASK|MASK|MASK|MASK|MASK|MASK|MASK|scrollX|MASK|null|barHeight|scrollbarHeight|scrollbarHeight|scrollbarHeight|}|setTapSquareSize|y||;|y|return|MASK|MinHeight|float|nob|getMinWidth||Y|isFlickScroll|}|;||public|}|velocityY|velocity|MASK|MASK|MASK|hScroll|MASK|vScrollKnob|vScrollKnob|vScrollKnob|hScroll|style|MASK|MASK|MASK|MASK|MASK|MASK,[MASK] <EOT></s>,"[MASK] <EOT></s>|[MASK] <EOT></s>|MASK <EOT></s>|[MASK] <EOT></s>|actor  <EOT></s>|actor <EOT></s>|MASK <EOT></s>|MASK ;
		setStyle(  MASK );
		setActor|[MASK] <EOT></s>|[MASK]  == null) throw new IllegalArgumentException("" [MASK] |MASK  cannot be null."");
		this.  MASK  = |MASK <EOT></s>|[MASK] ;
		invalidateHierarchy();
	}

	|[MASK]  <EOT></s>|MASK <EOT></s>|[MASK ] ;
	}

	public void setFadeScrollBars (|(scrollX) {
			Drawable hScroll =  [MASK] .h|[MASK] .vScrollKnob.getMinWidth();
			if|!= null) scrollbarWidth =  [MASK] .vScrollKnob.get|barHeight = 0;
			if ( [MASK] .hScrollK|) scrollbarHeight =  [MASK] .hScrollKnob.getMinHeight|(scrollbarHeight,  [MASK] .hScroll.getMinHeight());
	|+= scrollbarHeight;
		}
		return height;
	}

|}

	public boolean isFlickScroll () {
		return flickScroll;|().setTapSquareSize(halfTapSquareSize);
	}

|y, y + height - actorArea.height);
		scrollY(MathUtils.|
		scrollY(MathUtils.clamp(amountY, 0, maxY|;
	}

	/** Returns the maximum scroll value in the y direction. */
|y direction. */
	public float getMaxY () {
		return maxY;|) return 0;
		if (  y .hScrollKnob != null|( [MASK] .hScrollKnob != null) height =  [MASK|MinHeight());
		return height;
	}

	public float getScrollBar|float getScrollBarWidth () {
		if (!scrollY) return 0;
|nob != null) width =  [MASK] .vScrollKnob.get|.getMinWidth();
		if ( [MASK] .vScroll != null)|
		if (disableX == x && disableY == y) return;
		|Y () {
		return disableY;
	}

	/** Sets the|isFlickScroll () {
		return flickScroll;
	}

	|}

	public boolean isRightEdge () {
		return !scrollX || amount|;
	}

	public boolean isTopEdge () {
		return !scroll|
	}

	public boolean isTouchScrollH () {
		return touchScroll|public float getVelocityX () {
		return velocityX;
	}
|}

	public void setVelocityY (float velocityY) {
		|.velocityY = velocityY;
	}

	/** Gets the flick|velocity. */
	public float getVelocityY () {
		return velocityY|[MASK] <EOT></s>|[MASK] <EOT></s>|[MASK] <EOT></s>|.hScroll.getMinHeight());
		return height;
	}

	|[MASK] <EOT></s>|.vScrollKnob.getMinWidth();
		if ( MASK .|vScrollKnob <EOT></s>|vScrollKnob <EOT></s>|.hScroll and   .vScroll drawables are optional. */
	static public class Scroll|style) {
			this(style.background, style.hScroll, style.|[MASK] <EOT></s>|[MASK] <EOT></s>|[MASK] <EOT></s>|[MASK] <EOT></s>|MASK <EOT></s>|MASK <EOT></s>",
4,methodHandlesLookup,MASK,False,5,MASK|MASK|MASK|MASK|MASK,[MASK] <EOT></s>,[MASK] <EOT></s>|[MASK] <EOT></s>|[MASK] <EOT></s>|MASK <EOT></s>|MASK <EOT></s>,
5,nPredicates,MASK,False,12,MASK|MASK|MASK|MASK|MASK|executePredicates|MASK|MASK|MASK|MASK|MASK|MASK,[MASK] <EOT></s>,[MASK] <EOT></s>|[MASK] <EOT></s>|MASK <EOT></s>|MASK <EOT></s>|[MASK] <EOT></s>|executePredicates - MASK <EOT></s>|MASK <EOT></s>|MASK <EOT></s>|[MASK] <EOT></s>|MASK <EOT></s>|MASK <EOT></s>|MASK  <EOT></s>,
6,status,status,True,8,status|expectedStatus|MASK|MASK|MASK|MASK|MASK|MASK,status <EOT></s>,"status <EOT></s>|expectedStatus, int maxShardsPerNode, int indexNumShards) {
        var|[MASK] <EOT></s>|MASK );
            assertEquals(
                ""Cluster is close to reaching the configured maximum|[MASK] <EOT></s>|MASK );
            assertEquals(
                ""Cluster is close to reaching the configured maximum|MASK <EOT></s>|MASK <EOT></s>",
7,mockXPackLicenseStatus,MASK,False,2,MASK|MASK,"MASK = new XPackLicenseState(currentTime::get,  [Lic","MASK = new XPackLicenseState(currentTime::get,  [Lic|MASK, null, null, null, null, null, null, null, null, null",
8,typeClsFullName,fullName,False,2,fullName|fullName, fullName <EOT></s>, fullName <EOT></s>|fullName <EOT></s>,
9,bytes,MASK,False,8,MASK|MASK|MASK|MASK|MASK|MASK|MASK|MASK,[MASK] <EOT></s>,"[MASK] <EOT></s>|MASK <EOT></s>|MASK \"":[1,2]}"");
	}

	@Test
	|[MASK] <EOT></s>|[MASK] <EOT></s>|[MASK] <EOT></s>|MASK <EOT></s>|MASK <EOT></s>",
10,restoreId,restoreUUID,False,3,restoreUUID|restoreUUID|restoreUUID,restoreUUID <EOT></s>,restoreUUID <EOT></s>|restoreUUID <EOT></s>|  restoreUUID <EOT></s>,
11,context,context,True,3,context|MASK|context,"context) {
		[MASK] .getElement().set(context.getElement());
","context) {
		[MASK] .getElement().set(context.getElement());
|[MASK] <EOT></s>|context.getElement() .orElse(null), SearchStrategy.TYPE_HIERARCHY",
12,cache,MASK,False,20,MASK|MASK|MASK|MASK|MASK|MASK|MASK|link|MASK|MASK|MASK|MASK|MASK|MASK|MASK|MASK|MASK|MASK|MASK|MASK,[MASK] <EOT></s>,"[MASK] <EOT></s>|[MASK] <EOT></s>|[MASK] <EOT></s>|[MASK] <EOT></s>|[MASK] <EOT></s>|[MASK] .CacheBuilder;
import com.google.common. [MASK]|MASK .RemovalNotification;
import com.google.common. MASK .|{@link CacheBuilder#maximumSize(long)}.
 *
 * <p>This|[MASK] <EOT></s>|[MASK] <EOT></s>|MASK );
  }

  public void testGet_maximumWeight() {
|[MASK] <EOT></s>|[MASK] <EOT></s>|[MASK] <EOT></s>|[MASK] <EOT></s>|MASK .getUnchecked(key)).isSameInstanceAs(computed);
   |MASK );
  }

  public void testGet_expireAfterWriteAndAccess|MASK <EOT></s>|MASK <EOT></s>|MASK <EOT></s>",
13,relativePath,MASK,False,3,MASK|MASK|MASK, [MASK] <EOT></s>, [MASK] <EOT></s>|[MASK] <EOT></s>|MASK <EOT></s>,
14,queryBuilder,queryBuilder,True,2,queryBuilder|queryBuilder,queryBuilder <EOT></s>,queryBuilder <EOT></s>|queryBuilder <EOT></s>,
15,printer,printer,True,2,printer|printer,printer <EOT></s>,"printer <EOT></s>|printer.append(""<output file target "" + getLabel() + "">"");
  }
",
16,sourceBitmapConfig,config,False,3,config|config|config,config <EOT></s>,config <EOT></s>|  config <EOT></s>|config <EOT></s>,
17,millis,MASK,False,6,MASK|MASK|MASK|MASK|MASK|MASK,[MASK] <EOT></s>,[MASK] <EOT></s>|MASK <EOT></s>|MASK <EOT></s>|[MASK] <EOT></s>|MASK <EOT></s>|MASK <EOT></s>,
18,numShards,numShards,True,2,numShards|numShards,numShards <EOT></s>,"numShards <EOT></s>|numShards);
        assertTrue(
            ""numValues must be divisible by num",
19,fullSchedule,MASK,False,6,MASK|MASK|MASK|MASK|MASK|MASK,[MASK] <EOT></s>,[MASK] <EOT></s>|[MASK] <EOT></s>|[MASK] <EOT></s>|MASK <EOT></s>|MASK <EOT></s>|MASK <EOT></s>,
20,match,MASK,False,5,MASK|match|MASK|MASK|matchRank,[MASK] <EOT></s>,"[MASK] <EOT></s>|match <EOT></s>|MASK <EOT></s>|MASK <EOT></s>|matchRank = 100;
                    newRecon.matchCenter = ",
21,sectionLength,EOT,False,17,EOT|EOT|MASK|MASK|MASK|MASK|MASK|buffer|MASK|MASK|MASK|MASK|MASK|MASK|MASK|MASK|MASK, <EOT></s>," <EOT></s>|EOT <EOT></s>|[MASK] <EOT></s>|[MASK] <EOT></s>|[MASK] <EOT></s>|[MASK] <EOT></s>|[MASK] <EOT></s>|(buffer.limit() - buffer.getPosition())
          / (buffer.readUnsigned|[MASK] <EOT></s>|[MASK] <EOT></s>| [MASK] <EOT></s>|[MASK] <EOT></s>|MASK <EOT></s>|MASK <EOT></s>|MASK , limit - position);
        buffer.readBytes(bitmapData.getData|MASK <EOT></s>|MASK <EOT></s>",
22,status,status,True,3,status|status|status,status <EOT></s>,status <EOT></s>|status <EOT></s>|status <EOT></s>,
23,fooAbs,rootAbs,False,3,rootAbs|rootAbs|rootAbs,"rootAbs = create(""/"");
    assertThat(fooBarWizAbs.get","rootAbs = create(""/"");
    assertThat(fooBarWizAbs.get|rootAbs);
    assertThat(rootAbs.getParentDirectory()).isNull();|rootAbs.getParentDirectory()).isNull();

    PathFragment fooBarWiz",
24,request,request,True,2,request|request,request <EOT></s>,request <EOT></s>|request <EOT></s>,
25,requestUrl,MASK,False,4,MASK|MASK|MASK|MASK,[MASK]  <EOT></s>,[MASK]  <EOT></s>|MASK <EOT></s>|MASK <EOT></s>|MASK <EOT></s>,
26,cmcdConfigurationFactory,MASK,False,6,MASK|MASK|EOT|MASK|MASK|MASK,[MASK] <EOT></s>,"[MASK] <EOT></s>|[MASK] <EOT></s>| <EOT></s>| MASK ,
              ""MediaSource.Factory#setCmcdConfigurationFactory no| [MASK]
             <EOT></s>|MASK  <EOT></s>",
27,formatBuilder,MASK,False,34,MASK|MASK|MASK|MASK|MASK|MASK|MASK|MASK|MASK|MASK|MASK|MASK|MASK|MASK|MASK|MASK|TODO|MASK|TODO|MASK|MASK|MASK|MASK|MASK|MASK|MASK|MASK|RFC6184|MASK|MASK|MASK|TODO|MASK|MASK,[MASK] <EOT></s>,"[MASK] <EOT></s>|[MASK] 
            <EOT></s>|[MASK] 
        .setId(rtpPayloadType)
        <EOT>| [MASK] <EOT></s>|MASK <EOT></s>|[MASK] <EOT></s>|[MASK] <EOT></s>|[MASK] <EOT></s>|[MASK] <EOT></s>|MASK <EOT></s>|[MASK] <EOT></s>|MASK <EOT></s>| [MASK] <EOT></s>|[MASK] <EOT></s>|[MASK] <EOT></s>| [MASK] <EOT></s>|// TODO: Add support for other audio codecs.
     [MASK] <EOT></s>|[MASK] <EOT></s>|TODO .setInitializationData(ImmutableList.of(configBuffer));
    }
|MASK <EOT></s>|MASK <EOT></s>|MASK <EOT></s>|[MASK] <EOT></s>|[MASK] <EOT></s>|[MASK] <EOT></s>|[MASK] <EOT></s>|MASK <EOT></s>|// RFC6184 Section 8.2.1: The profile-level-|MASK <EOT></s>|MASK <EOT></s>|[MASK] <EOT></s>|TODO <EOT></s>|MASK <EOT></s>|MASK <EOT></s>",
28,desktopServicesStore,MASK,False,6,MASK|MASK|MASK|MASK|MASK|MASK,[MASK] <EOT></s>,"[MASK] <EOT></s>|[MASK] );
        assertTrue(FileSystemUtils.isDesktopServicesStore( [|[MASK] ));

        assertThat(FileSystemUtils.isDesktopServicesStore|MASK );
        Files.createDirectory( MASK );
        assertThat(File|MASK );
        assertFalse(FileSystemUtils.isDesktopServicesStore( MASK|MASK ));

        Files.delete( MASK );
        Files.create",
29,roles,MASK,False,3,MASK|MASK|MASK,[MASK] <EOT></s>,[MASK] <EOT></s>|[MASK] <EOT></s>|MASK <EOT></s>,
30,wasPanning,wasPanning,True,2,wasPanning|wasPanning,wasPanning <EOT></s>,wasPanning <EOT></s>|!wasPanning <EOT></s>,
31,delimiter,MASK,False,4,MASK|MASK|MASK|MASK,[MASK] <EOT></s>,[MASK] <EOT></s>|MASK <EOT></s>|MASK <EOT></s>|MASK <EOT></s>,
32,events,MASK,False,4,MASK|MASK|MASK|MASK,[MASK] <EOT></s>,"[MASK] <EOT></s>|  MASK <EOT></s>|[MASK] <EOT></s>|MASK .get(0), containsString(""does not exist""));
        assertThat( M",
33,clientId,clientId,True,2,clientId|clientId,clientId    <EOT></s>,clientId    <EOT></s>|clientId <EOT></s>,
34,integer,MASK,False,10,MASK|MASK|MASK|MASK|MASK|MASK|MASK|MASK|MASK|MASK,[MASK] <EOT></s>,"[MASK] <EOT></s>|[MASK] <EOT></s>|MASK <EOT></s>|[MASK] <EOT></s>|[MASK] <EOT></s>|MASK <EOT></s>|MASK  = new AtomicInteger();
        do {
            testCase(RandomSam|MASK .get()] = result.getDocCount();
                if (result.get|MASK .incrementAndGet() < 5);
        long avgCount = LongStream|MASK .get();
        assertThat(avgCount, allOf(greaterTh",
35,drmEventDispatcher,drmEventDispatcher,True,2,drmEventDispatcher|drmEventDispatcher,drmEventDispatcher <EOT></s>,drmEventDispatcher <EOT></s>|drmEventDispatcher <EOT></s>,
36,toExcluded,MASK,False,10,MASK|MASK|MASK|MASK|MASK|MASK|MASK|MASK|MASK|MASK,[MASK] <EOT></s>,"[MASK] <EOT></s>|[MASK] <EOT></s>|[MASK] <EOT></s>|[MASK] <EOT></s>|[MASK] <EOT></s>|[MASK] <EOT></s>|MASK <EOT></s>|[MASK] <EOT></s>|[MASK]  || !isHexChar(str.charAt(i + |MASK  && str.charAt(i) == '%');
            i--;
",
37,configurations,MASK,False,6,MASK|MASK|MASK|MASK|MASK|MASK,[MASK] <EOT></s>,[MASK] <EOT></s>|[MASK] <EOT></s>|[MASK] <EOT></s>|MASK <EOT></s>|MASK <EOT></s>|MASK <EOT></s>,
38,unicharsRead,MASK,False,6,MASK|MASK|MASK|byteBuffer|MASK|MASK,[MASK] <EOT></s>,"[MASK] <EOT></s>|[MASK] <EOT></s>|MASK <EOT></s>|byteBuffer, 0, byteBufferSize, MASK);

            // copy the|MASK <EOT></s>|MASK <EOT></s>",
39,mediaEncoding,MASK,False,9,MASK|MASK|MASK|MASK|MASK|MASK|MASK|MASK|MASK,[MASK] <EOT></s>,[MASK] <EOT></s>|MASK <EOT></s>|[MASK] <EOT></s>|[MASK] <EOT></s>|[MASK] <EOT></s>| [MASK] <EOT></s>|MASK <EOT></s>|MASK <EOT></s>|MASK <EOT></s>,
40,status,status,True,4,status|status|status|status, status    <EOT></s>, status    <EOT></s>|status <EOT></s>|status <EOT></s>|status <EOT></s>,
41,semanticVersion,MASK,False,4,MASK|MASK|MASK|MASK,[MASK] <EOT></s>,"[MASK] <EOT></s>|MASK <EOT></s>|[MASK] <EOT></s>|MASK , stagingHash, pluginId);
            }
        } else {
",
42,newReceiverNodes,newReceiverNodes,True,3,newReceiverNodes|newReceiverNodes|newReceiverNodes,newReceiverNodes <EOT></s>,"newReceiverNodes <EOT></s>|newReceiverNodes <EOT></s>|newReceiverNodes, Collection<String> incReceivers) {
        announceWarningOrException",
43,serviceTimeEWMA,MASK,False,4,MASK|getResponseTimeEWMAMask|MASK|MASK,[MASK] <EOT></s>,[MASK] <EOT></s>|getResponseTimeEWMAMask <EOT></s>|MASK <EOT></s>|MASK <EOT></s>,
44,lexer,lexer,True,29,lexer|MASK|MASK|MASK|MASK|MASK|MASK|MASK|MASK|MASK|MASK|MASK|MASK|size_gen_prefix__|MASK|MASK|MASK|MASK|MASK|MASK|MASK|MASK|MASK|MASK|MASK|MASK|MASK|MASK|MASK,lexer <EOT></s>,"lexer <EOT></s>|[MASK] <EOT></s>|[MASK] <EOT></s>|[MASK] .scanType(""Employee"") == JSONLexerBase.NOT_M|[MASK] .matchStat == JSONLexerBase.END) {
            return|[MASK] .isEnabled(Feature.InitStringFieldAsEmpty)) {
            title|[MASK] .stringDefaultValue();
            _asm_flag_0 |= |MASK <EOT></s>|MASK <EOT></s>|[MASK] <EOT></s>|[MASK] <EOT></s>|MASK <EOT></s>|MASK .matchStat == JSONLexerBase.END) {
                endFlag =|size_gen_prefix__, size_gen_deser__);
            if( M|MASK .matchStat > 0) {
                _asm_flag_0 |=|MASK .matchStat == JSONLexerBase.NOT_MATCH) {
               |MASK .matchStat == JSONLexerBase.END) {
                endFlag =|[MASK] <EOT></s>|MASK .matchStat > 0) {
                _asm_flag_0 |=|MASK .matchStat == JSONLexerBase.NOT_MATCH) {
               |MASK .matchStat == JSONLexerBase.END) {
                endFlag =|[MASK] <EOT></s>|MASK .matchStat > 0) {
                _asm_flag_0 |=|MASK .matchStat == JSONLexerBase.NOT_MATCH) {
               |MASK .matchStat == JSONLexerBase.END) {
                endFlag =|MASK <EOT></s>|MASK .matchStat > 0) {
                _asm_flag_0 |=|MASK .matchStat == JSONLexerBase.NOT_MATCH) {
               |MASK .matchStat == JSONLexerBase.END) {
                endFlag =",
45,context,watchExecutionContext,False,4,watchExecutionContext|watchExecutionContext|MASK|MASK,watchExecutionContext <EOT></s>,watchExecutionContext <EOT></s>|watchExecutionContext <EOT></s>|  [MASK] <EOT></s>|MASK <EOT></s>,
46,paths,MASK,False,10,MASK|MASK|MASK|MASK|MASK|MASK|MASK|MASK|MASK|MASK,[MASK] <EOT></s>,"[MASK] <EOT></s>|MASK <EOT></s>|MASK <EOT></s>|MASK <EOT></s>|[MASK]  <EOT></s>|MASK _get = MASK.getMethod(""get"", String.class, String[|MASK
                                <EOT></s>|MASK <EOT></s>|MASK <EOT></s>|MASK _get_error = true;
                } catch (IllegalAccessException ex)",
47,builder,builder,True,3,builder|builder|builder,builder <EOT></s>,builder <EOT></s>|builder <EOT></s>|builder <EOT></s>,
48,consumer,logger,False,2,logger|prefix,logger <EOT></s>,"logger <EOT></s>|""prefix"", logger, validator);

        // THEN affix updater is always expected",
49,response,response,True,2,response|response,response <EOT></s>,"response <EOT></s>|response);
		}

		@Override
		public void init(jak",
50,parsed,builder,False,2,builder|builder,builder <EOT></s>,builder <EOT></s>|builder <EOT></s>,
51,useKeyAsProperty,MASK,False,14,MASK|MASK|MASK|MASK|MASK|Class|public|MASK|MASK|public|MASK|MASK|MASK|MASK,[MASK] <EOT></s>,"[MASK] <EOT></s>|[MASK] <EOT></s>|[MASK] <EOT></s>|[MASK] =false)
            external.put(""dubbo.override.key|[MASK] <EOT></s>|Class) {
            this.interfaceClass = interfaceClass;
        }

        public|public void setFilter(String filter) {
            this.filter = filter;
        }|[MASK]  <EOT></s>|[MASK] <EOT></s>|public <EOT></s>|[MASK] <EOT></s>|[MASK] <EOT></s>|MASK <EOT></s>|MASK ;
        }

        @Parameter(key = ""key2"",  public",
52,forwardButton,MASK,False,3,MASK|MASK|MASK,[MASK] <EOT></s>,[MASK] <EOT></s>|[MASK] <EOT></s>|MASK <EOT></s>,
53,random,MASK,False,6,MASK|EOT|MASK|MASK|MASK|MASK,[MASK] <EOT></s>,[MASK] <EOT></s>| <EOT></s>|[MASK] <EOT></s>|[MASK] <EOT></s>|[MASK] <EOT></s>|MASK <EOT></s>,
54,observer,downstream,False,2,downstream|downstream,"downstream) {
        source.subscribe(new DetachObserver<>(downstream));
","downstream) {
        source.subscribe(new DetachObserver<>(downstream));
|downstream <EOT></s>",
55,valueBlock,MASK,False,23,MASK|MASK|MASK|MASK|MASK|MASK|MASK|MASK|MASK|MASK|MASK|MASK|MASK|MASK|MASK|MASK|MASK|groups|MASK|MASK|MASK|MASK|MASK,[MASK] <EOT></s>,"[MASK] <EOT></s>|[MASK] <EOT></s>|[MASK] <EOT></s>|[MASK] <EOT></s>|[MASK] <EOT></s>|MASK <EOT></s>|[MASK] <EOT></s>|[MASK] <EOT></s>|[MASK] <EOT></s>|MASK <EOT></s>|MASK <EOT></s>|[MASK] <EOT></s>|MASK <EOT></s>|[MASK] <EOT></s>|MASK .getValueCount(valuesPosition);
        for (int valueOffset = valueStart;|MASK <EOT></s>|[MASK] <EOT></s>|groups.isNull(groupPosition) ||  [MASK] <EOT></s>|[MASK] <EOT></s>|MASK <EOT></s>|MASK <EOT></s>|MASK <EOT></s>|MASK <EOT></s>",
56,calendars,"010 04 01"",",False,26,"010 04 01"",|dddddd|fp|122334456000000"", ""201|:34.456"",|ISOEra|Z|T07|T07|T07|Z|y|i|i|fmt1|fmt1||data||in|data|e5|SimpleDateFormat|Calendar|COND|,0);","010 04 01"",
            ""0000000","010 04 01"",
            ""0000000|dddddd"", ""fp"", ""2010 04 01"",
|"", ""fp"", ""2010-04-16 12:2|122334456000000"", ""201|:34.456"",

                ""yyyyyyMMddHHHHmmmm|ISOEra() {
        String DATA[] = {
                ""G yyyy|00.000Z"", ""fp"", ""4004-10-|-10-23T07:00:00Z"",
        ""|4-10-23T07:00:00Z"", ""BC|4004-10-23T07:00:00Z|:00Z""   , ""AD 4004-10-23|y-MM-dd'T'HH:mm:ss'Z'"", Locale.|0; i < numData; i += 2) {
            // parse
           |[i];

            // parse input string
            ParsePosition pos = new ParsePosition(|= fmt1.parse(in);

            // format date to string
            String out|= fmt1.format(dt1);

            // check if the output string is the|
            // check if the output string is the same as the input string
            if (!in|= data[i+1];
            if (!out.equals(expected))
            {|
            {
                errln(""Roundtrip failed: "" + in + ""|: "" + in + "" => "" + out + "" != "" + expected);
            }|data[] = {
                // input, output
                ""2010-04|e5"";
        String expected = ""2010\u5e744|       SimpleDateFormat fmt1 = new SimpleDateFormat(pattern, override, new ULocale(""zh|= Calendar.getInstance(TimeZone.getTimeZone(""Asia/Shanghai""), U|COND);
        cal.clear(Calendar.SECOND);
        cal.clear|,0);
        Date date = cal.getTime();

        String out = s",
57,serviceKey,MASK,False,4,MASK|MASK|MASK|MASK,[MASK] <EOT></s>,[MASK] <EOT></s>|[MASK] <EOT></s>|MASK <EOT></s>|MASK <EOT></s>,
58,FAIL_STR,length,False,3,length||DateFormat,"length; i++) {
            SimpleDateFormat sdf = new SimpleDateFormat(patterns[i","length; i++) {
            SimpleDateFormat sdf = new SimpleDateFormat(patterns[i|
                        acit.next();
                    }
                } else {
                   |(DateFormat.Field)keyIterator.next();
                        if (attr != PATTER",
59,currentOffset,bootstrapMethodsOffset,False,8,bootstrapMethodsOffset|bootstrapMethodsOffset|bootstrapMethodsOffset|MASK|bootstrapMethodsOffset|MASK|bootstrapMethodsOffset|MASK,"bootstrapMethodsOffset = bootstrapMethods.length - 2;
      while (bootstrapMethodsOffset >","bootstrapMethodsOffset = bootstrapMethods.length - 2;
      while (bootstrapMethodsOffset >|bootstrapMethodsOffset;
        int  [MASK]  =  bootstrapMethodsOffset;
|bootstrapMethodsOffset, charBuffer);
         [MASK]  += 2;
       | [MASK] <EOT></s>|bootstrapMethodsOffset <EOT></s>|[MASK]  += 2;
        int hashCode = classReader.readConst|bootstrapMethodsOffset );
           [MASK]  += 2;
          hashCode ^|MASK  += 2;
          hashCode ^= classReader.readConst(bootstrap",
60,updateDoc,MASK,False,3,MASK|MASK|MASK,[MASK] <EOT></s>,"[MASK] <EOT></s>|MASK.setJsonEntity(""{\""doc\"":{\""name\"":\""test\""}}"");|MASK  <EOT></s>",
61,dataStream,MASK,False,21,MASK|MASK|MASK|MASK|MASK|MASK|MASK|MASK|MASK|MASK|MASK|MASK|MASK|MASK|MASK|MASK|dataStream|MASK|MASK|MASK|MASK,[MASK] <EOT></s>,"[MASK] <EOT></s>|[MASK] <EOT></s>|[MASK] <EOT></s>|[MASK] <EOT></s>|[MASK] <EOT></s>|MASK <EOT></s>|[MASK] <EOT></s>|MASK <EOT></s>|[MASK] Remote1Alias, AliasMetadata.builder( [MASK]|MASK <EOT></s>|MASK <EOT></s>|MASK Remote1, numDocsBar);
        }

        // set up|[MASK] <EOT></s>|MASK <EOT></s>|[MASK] Remote1);
        clusterInfo.put(""remote1.datast|MASK <EOT></s>|dataStream(new ComposableIndexTemplate.DataStreamTemplate())
                .order(10|MASK <EOT></s>|MASK <EOT></s>|MASK <EOT></s>|MASK )).actionGet();
    }

    void indexDocs(Client client",
62,delegateHandler,MASK,False,3,MASK|S3HttpHandler|MASK,[MASK] <EOT></s>,"[MASK] <EOT></s>|S3HttpHandler.S3Request.from(exchange)
                    <EOT></s>|  MASK <EOT></s>",
63,responseDuration,durationNanos,False,2,durationNanos|durationNanos,durationNanos <EOT></s>,durationNanos <EOT></s>|durationNanos <EOT></s>,
64,tokenStream,tokenStream,True,2,tokenStream|tokenStream,tokenStream <EOT></s>,tokenStream <EOT></s>|tokenStream <EOT></s>,
65,transformState,prevState,False,2,prevState|prevState,prevState <EOT></s>,"prevState <EOT></s>|prevState);
    }

    @Override
    protected ClusterState add(Res",
66,runMode,runMode,True,2,runMode|runMode,runMode <EOT></s>,"runMode <EOT></s>|runMode
                           <EOT></s>",
67,screenX,MASK,False,2,MASK|MASK,[MASK] <EOT></s>,[MASK] <EOT></s>|MASK <EOT></s>,
68,yValUncast,MASK,False,9,MASK|MASK|MASK|MASK|MASK|MASK|MASK|MASK|MASK,[MASK] <EOT></s>,"[MASK] <EOT></s>|[MASK] <EOT></s>|[MASK] <EOT></s>|[MASK] <EOT></s>|MASK .areAllValuesNull()) {
      return;
    }
    DoubleVector|[MASK] ).asVector();
    Block yDelUncast = page.getBlock|MASK <EOT></s>|MASK <EOT></s>|MASK <EOT></s>",
69,stBuilder,significantTermsAggregationBuilder,False,3,significantTermsAggregationBuilder|significantTermsAggregationBuilder|significantTermsAggregationBuilder,"significantTermsAggregationBuilder
           <EOT></s>","significantTermsAggregationBuilder
           <EOT></s>|  significantTermsAggregationBuilder
                <EOT></s>|significantTermsAggregationBuilder <EOT></s>",
70,userAgent,MASK,False,11,MASK|MASK|MASK|MASK|MASK|MASK|MASK|MASK|MASK|MASK|MASK,[MASK] <EOT></s>,"[MASK] <EOT></s>|[MASK] <EOT></s>|[MASK] <EOT></s>|[MASK] <EOT></s>|[MASK] <EOT></s>|[MASK] <EOT></s>|MASK <EOT></s>|MASK <EOT></s>|MASK <EOT></s>|[MASK] <EOT></s>|MASK );
        }
        if (headersBuilder.contentType() == null) {",
71,policy,MASK,False,63,MASK|MASK|MASK|MASK|MASK|MASK|MASK|MASK|MASK|MASK|MASK|MASK|MASK|MASK|MASK|MASK|MASK|MASK|MASK|MASK|MASK|MASK|MASK|MASK|MASK|MASK|throws|Snapshots||the|private|nable|empted|e||e|e|e|MASK|;|MASK|MASK|MASK|MASK|MASK|MASK|MASK|MASK|MASK|MASK|MASK|MASK|MASK|MASK|EOT|MASK|Collections|MASK|slm|MASK|MASK|MASK|MASK,"[MASK] Name = ""test- [MASK] "";

        internalCluster","[MASK] Name = ""test- [MASK] "";

        internalCluster|[MASK] "";

        internalCluster().startMasterOnlyNodes(1);
|[MASK] Name, ""snap"", NEVER_EXECUTE_CRON_|[MASK] Name);
        logger.info(""Created snapshot A: "" + snapshotA|[MASK] <EOT></s>|MASK <EOT></s>|[MASK] Name, List.of(snapshotA, snapshotB)), 1,|MASK Name, 1, 0, 0);
            assertRegistered(|MASK Name, List.of());
        }, 1, TimeUnit.MINUT|[MASK] Name = ""test- [MASK] "";

        internalCluster|MASK "";

        internalCluster().startMasterOnlyNodes(1);
        final|MASK Name, ""snap"", NEVER_EXECUTE_CRON_S|MASK Name);
        logger.info(""Created snapshot: "" + snapshotName);

|MASK Name, 1, 0, 0);
            assertRegistered(|MASK Name, List.of());
        }, 1, TimeUnit.MINUT|[MASK] <EOT></s>|MASK "";

        internalCluster().startMasterOnlyNodes(1);
        final|[MASK] <EOT></s>|[MASK] <EOT></s>|MASK Name, 0, 0, 0);
            assertRegistered( M|MASK Name, List.of(snapshotName));
        }, 1, TimeUnit|[MASK] <EOT></s>|MASK Name, 1, 1, 1);
            assertRegistered( M|[MASK] <EOT></s>|[MASK] Name = ""test- [MASK] "";

        internalCluster|MASK "";

        internalCluster().startMasterOnlyNodes(1);
        final|throws Exception {
        assertBusy(() -> {
            try {
                Snapsh|Snapshots().get(0);
                assertThat(status.getState().comple|

    /**
     * Class to run a runnable on the finalize thread,|the snapshot finalize, but before the SLM
     * callback is called.
     */|       private final CountDownLatch finalizeLatch = new CountDownLatch(1);|nable will then restart the master node.
                    latch2.await();
               |empted
                    // and the restart is allowed to continue.
                    latch2|(e);
                }
            };
        }

        void awaitAndRun(|
        }

        void awaitAndRun(Runnable runnable) {
           |e Name, ""snap"", NEVER_EXECUTE_CRON_SCHED|e Name);

        // restart snapshot after snapshot finalize, but before SLM callback called|e Name, 0, 0, 0);
            assertRegistered( e Name|[MASK] <EOT></s>|"";

        internalCluster().startMasterOnlyNodes(1);
        final String master|MASK <EOT></s>|[MASK] <EOT></s>|MASK Name, 0, 0, 0);
        }, 1,|[MASK] <EOT></s>|[MASK] <EOT></s>|[MASK] <EOT></s>|[MASK] <EOT></s>|MASK <EOT></s>|MASK <EOT></s>|[MASK] <EOT></s>|MASK <EOT></s>|MASK <EOT></s>|MASK <EOT></s>|[MASK] <EOT></s>|  <EOT></s>|MASK <EOT></s>|Collections.singletonList(snapConfig),
            SnapshotRetentionConfiguration.EMP|"" +  [MASK]  + "" got: <EOT></s>|slm <EOT></s>|MASK  + "" got: "" + e);
        }
    }

   |MASK  on the given node,
     * <EOT></s>|MASK <EOT></s>|MASK <EOT></s>",
72,width,width,True,12,width|MASK|MASK|MASK|MASK|MASK|MASK|MASK|MASK|MASK|MASK|MASK,width <EOT></s>,width <EOT></s>|[MASK] <EOT></s>|[MASK]  <EOT></s>|[MASK] <EOT></s>|MASK <EOT></s>|[MASK] <EOT></s>|[MASK] <EOT></s>|MASK <EOT></s>|MASK <EOT></s>|[MASK] <EOT></s>|MASK <EOT></s>|MASK <EOT></s>,
73,colors,colors,True,9,colors|MASK|MASK|MASK|MASK|MASK|MASK|for|MASK,"colors

        dataSet.setColors(ColorTemplate.MATERIAL_COL","colors

        dataSet.setColors(ColorTemplate.MATERIAL_COL|[MASK] <EOT></s>|[MASK] .add(c);

        for (int c : ColorTemplate.|MASK .add(c);

        for (int c : ColorTemplate.MAT|MASK .add(c);

        for (int c : ColorTemplate.LIBER|MASK .add(c);

        for (int c : ColorTemplate.PAST|MASK .add(c);

        for (int c : ColorTemplate.MAT|for (int c : ColorTemplate.MATERIAL_COLORS)
             MAS|MASK );

        dataSet.setValueLinePart1OffsetPercentage(80",
74,extension,MASK,False,13,MASK|MASK|MASK|MASK|MASK|MASK|MASK|MASK|MASK|MASK|MASK|MASK|extension,[MASK] <EOT></s>,[MASK] <EOT></s>|[MASK] <EOT></s>|MASK <EOT></s>|MASK <EOT></s>|[MASK] <EOT></s>|[MASK] <EOT></s>|[MASK] <EOT></s>|[MASK] <EOT></s>|MASK <EOT></s>|MASK <EOT></s>|MASK <EOT></s>|MASK <EOT></s>|extension() <EOT></s>,
75,credentials,credentials,True,4,credentials|credentials|credentials|credentials,"credentials =
        RemoteModule.createCredentials(
            CredentialHelperEnvironment.new","credentials =
        RemoteModule.createCredentials(
            CredentialHelperEnvironment.new|credentials.getRequestMetadata(URI.create(""https://foo.example.org""))).|credentials.getRequestMetadata(URI.create(""https://foo.example.org""))).|credentials .getRequestMetadata(URI.create(""https://bar.example.org""))).",
76,missingKeys,MASK,False,2,MASK|MASK,[MASK] <EOT></s>,[MASK] <EOT></s>|MASK.stream().limit(10) <EOT></s>,
77,field,offset,False,48,"offset|FieldPosition|Test|mm|PDT|PDT|ST|PST|04 03 03:30"", ""2005/4/|y|PST|PDT|null|pm|);|);|try|1970 10 01 0:00:00"",|0:00"",|1970 03 01 0:00:00"",|()|());|Style|rln||if|minutes|}|s1|Tokyo|cal|ARY|}|u8FB0|dangi|/2012"",                 ""4/2/2012"",|,                        ""5/1/2012"" ),|en|x29|uC774|uB2C8|uC9C4|uC784|D4|String|noon|in|noon","offset of TimeZone.getDefault()
         * to get the correct hour of day.
","offset of TimeZone.getDefault()
         * to get the correct hour of day.
|FieldPosition.getBeginIndex() and
     * FieldPosition.getEndIndex() are correct|   @Test
    public void TestGeneral() {
        DateFormat df;
        String|mm ss SSS zzzz"",
            ""yyyy-MM-dd HH:mm|5 04 03 03:30 PDT"", ""200|2005 04 03 03:30 PDT"", ""|ST"",
            ""y/M/d H:mm v"", ""pf"", ""2|005 04 03 01:30 PST"", ""2|04 03 03:30"", ""2005/4/|y/M/d H:mm zzz"", ""pf"", ""2005/|0 1:30 PST"",
            ""y/M/d H:mm|0 21:30 PDT"",
        };
        expect(ZDATA,|1970"", ""1/1/1970"", null, null, null|00 pm Jan 1"",
                ""3:00 pm Jan 1"", null|);

        TimeZone tz = f.getTimeZone();
        f.set|"");
        }

        if (f.equals(sdfmt)) {
           |           try {
                fmt.parse(""07/10/53 GMT+|""1970 10 01 0:00:00"",|0:00"",

            ""LLL"",  ""fp"", ""197|""1970 03 01 0:00:00"",|()
                            + ""\n Expected result="" + calendars[i].getTime|());
                }
            }
        }
    }

    /*
     *|Style "" + dateStyle);
                }

                // check that timeStr is in date|rln(""dateTimeStr: "" + dateTimeStr);
                    errln(""|
                // check that timeStr is in dateTimeStr
                if ( dateTimeStr.|if ( dateTimeStr.toString().indexOf( timeStr.toString() ) < 0 )|(""minutes field position is "" + fp.getBeginIndex() + "", expected "" +|   }

    @Test
    public void TestRelativeDateFormat2() {
        U|s1, s2, sp1, sp2, sexp1, sexp2;|Tokyo"");
        Calendar cal = new GregorianCalendar(tz);
        cal|cal.set(2011, Calendar.JANUARY, 1, |ARY, 1, 0, 0, 0);
        d1 = g|}
        }

        ChineseDateFormatSymbolItem[] items = {
                new ChineseDateFormat|\u8FB0\u5E74\u4E03\u6|=dangi"",        DateFormat.SHORT, ""4bis/2/20|/2012"",                 ""4/2/2012"",                        ""|"",                        ""5/1/2012"" ),
            new MonthPatternItem|en@calendar=dangi"",        -3,               ""2012-3|x29-3bis-2"",                 ""78x29-4-2|4\uC774\uC2DC\uC774\u|\uB2C8\uB2E4 2, 2012|84\uC9C4\uB144 \uC724|                                               ""\uC784\uC9C4\uB14|D4 1\uC77C"" ),
            new MonthPatternItem( ""|String fmt) {
                localeID = loc;
                style = styl;
               |13 00:00 noon"", k120000, s|0:37 in the afternoon"", k003700, sdf.parse|-11-13 12:00 noon"", k1200",
78,streamedBucket,readBucket,False,4,readBucket|readBucket|readBucket|readBucket,readBucket <EOT></s>,"readBucket <EOT></s>|readBucket.getKeyAsString()));
        assertThat(originalBucket.|readBucket  <EOT></s>|readBucket <EOT></s>",
79,parsed,Argentina,False,25,"Argentina|Argentina|dateLook|df|1, 12, 34, 56);|locNoKeywords|ters|for|null|800"", 0, 20),||u8FB0|EC|E74|u521D|result||noon|MASK|MASK|MASK|MASK|MASK|MASK|MASK","Argentina/Buenos_Aires"", ""2004-07-","Argentina/Buenos_Aires"", ""2004-07-|Argentina/Buenos_Aires"", ""2004-07-|(dateLook, timeLook, Locale.US);
                    String result = ((DateFormat|+ "" -> "" + df.toPattern() + "" "";
                    try {
                |1, 12, 34, 56);
        cal.set(|locNoKeywords);
            if (df instanceof SimpleDateFormat) {
                formatters[|ters[1] = null;
            }

            // DateFormat constructor with locale and|for (int j = 0; j < formatters.length; j++) {
               |== null) {
                        expected = tmp;
                    } else {
                       |800"", 0, 20),
            new ParseTestData(""yyyy-|
            new ParseTestData(""yyyy-MM-dd HH:mm:ss ZZ|u8FB0-4bis-2"",
                                                                                ""\u58|EC\u8FB0-\u4E945-2"" ),
            new|E74\u56DB\u6708\u521D|4 \u521D\u4E8C"",
                                                                               |"" + result);
            } else {
                logln(""formatted results match! -|
        }
    }

    @Test
    public void TestParseMultiPatternMatch|-13 00:00 noon"", k120000,|[MASK] <EOT></s>|[MASK] <EOT></s>|MASK <EOT></s>|[MASK] <EOT></s>|[MASK] <EOT></s>|MASK <EOT></s>|MASK <EOT></s>",
80,hasPostings,hasPostings,True,4,hasPostings|hasPostings|hasPostings|hasFreq,hasPostings <EOT></s>,hasPostings <EOT></s>|hasPostings <EOT></s>|hasPostings <EOT></s>|hasFreq <EOT></s>,
81,array,MASK,False,14,MASK|MASK|MASK|MASK|MASK|MASK|MASK|MASK|MASK|MASK|MASK|MASK|MASK|MASK,[MASK] <EOT></s>,[MASK] <EOT></s>|[MASK] <EOT></s>|[MASK] <EOT></s>|MASK <EOT></s>|[MASK] <EOT></s>|MASK <EOT></s>|MASK <EOT></s>|MASK <EOT></s>|[MASK] <EOT></s>|MASK <EOT></s>|MASK <EOT></s>|MASK <EOT></s>|MASK <EOT></s>|MASK <EOT></s>,
82,shape,MASK,False,4,MASK|MASK|MASK|MASK,[MASK] <EOT></s>,[MASK] <EOT></s>|MASK <EOT></s>|MASK <EOT></s>|MASK <EOT></s>,
83,timeStamp,currTime,False,2,currTime|currTime,currTime <EOT></s>,currTime <EOT></s>|currTime <EOT></s>,
84,resources,MASK,False,8,MASK|MASK|MASK|MASK|MASK|MASK|MASK|MASK,[MASK] <EOT></s>,[MASK] <EOT></s>|MASK <EOT></s>|[MASK] <EOT></s>|MASK <EOT></s>|[MASK] <EOT></s>|MASK <EOT></s>|MASK <EOT></s>|MASK <EOT></s>,
85,project,MASK,False,17,MASK|MASK|MASK|MASK|MASK|MASK|MASK|MASK|MASK|application|MASK|MASK|MASK|MASK|MASK|MASK|MASK,[MASK] <EOT></s>,"[MASK] <EOT></s>|[MASK] <EOT></s>|[MASK] <EOT></s>|) ->  [MASK] .getObjects().property(String.class)
		|[MASK]
			 <EOT></s>|[MASK] <EOT></s>|[MASK] <EOT></s>|[MASK] <EOT></s>|[MASK] <EOT></s>|application from a   distribution."");
		createStartScripts.setMainClassName(javaApplication|[MASK] <EOT></s>|MASK <EOT></s>|MASK <EOT></s>|[MASK] <EOT></s>|MASK <EOT></s>|MASK <EOT></s>|MASK <EOT></s>",
86,depthOfRdepOfRdep,rdepDepth,False,2,rdepDepth|rdepDepth,  rdepDepth <EOT></s>,  rdepDepth <EOT></s>|rdepDepth <EOT></s>,
87,override,fmt,False,16,"fmt||ss|012"",             ""5/2/2012"",                ""6/2|DateFormat|u95F0|u58EC|/5/29"" ),|),|bis|x29|-5-1"" ),|uC2EC|uC774|C4|uC77C","fmt = new SimpleDateFormat(""MM/dd/yy z"");
            // force fallback to","fmt = new SimpleDateFormat(""MM/dd/yy z"");
            // force fallback to|
            new ParseTestData(""Z HH:mm:ss"", ""GMT-0|ss z"", ""2011/7/1 12:34:0|012"",             ""5/2/2012"",                ""6/2|"",      DateFormat.LONG,  ""\u4e04\u670|\u95F0\u6708 2"",
                                                                |                               ""2012\u58EC\u8FB0\u5|/5/29"" ),
            new MonthPatternItem( ""fr@calendar=ch|),
            new MonthPatternItem( ""en@calendar=dangi"",        -3|3bis-2"",                 ""78x29-4-2"",                      ""|-2"",                      ""78x29-5-1"" ),
            new|-5-1"" ),
            new MonthPatternItem( ""en@calendar=dang|5\uC2EC\uC644\uB85C\u|\uC774\uC2DC\uC774\uC|C4\uB144 \uC7244\uC6D|1\uC77C"" ),
            new MonthPatternItem( ""ko@",
88,boxedArray,MASK,False,3,MASK|MASK|MASK,[MASK] <EOT></s>,[MASK] <EOT></s>|[MASK] <EOT></s>|MASK <EOT></s>,
89,bytes,MASK,False,5,MASK|MASK|MASK|MASK|mask,[MASK]  <EOT></s>,[MASK]  <EOT></s>|[MASK] <EOT></s>|[MASK] <EOT></s>|MASK  <EOT></s>|mask <EOT></s>,
90,jsonFile,jsonFile,True,3,jsonFile|jsonFile|jsonFile,jsonFile <EOT></s>,jsonFile <EOT></s>|jsonFile <EOT></s>|jsonFile <EOT></s>,
91,merged,MASK,False,4,MASK|MASK|MASK|MASK,[MASK] <EOT></s>,[MASK] <EOT></s>|[MASK] <EOT></s>|MASK <EOT></s>|MASK <EOT></s>,
92,floatSetting,floatSetting,True,7,floatSetting|Setting|compositeUpdater|set|Null|a|settingUpdater,"floatSetting(""foo"", 42.0f, 43.0f, Property","floatSetting(""foo"", 42.0f, 43.0f, Property|Setting<Settings> composite = Setting.compositeSetting(""foo.int.bar."", Property.|compositeUpdater(
            a,
            b,
            (aValue,|::set, c::validate, a, b);
        assertFalse(settingUpdater|Null(c.a);
        assertNull(c.b);
        assertTrue(|.a.intValue());
        assertEquals(1, c.b.intValue());|(settingUpdater.apply(build, previous));
        assertEquals(2, c",
93,cafti_ja_japanese_custGy,LLLL,False,2,LLLL|set,"LLLL y"", DisplayContext.CAPITALIZATION_FOR_MIDDLE","LLLL y"", DisplayContext.CAPITALIZATION_FOR_MIDDLE|set the context
            sdfmt.setContext(item.capitalizationContext);
",
94,model,MASK,False,3,MASK|MASK|MASK,[MASK] <EOT></s>,[MASK] <EOT></s>|MASK <EOT></s>|MASK <EOT></s>,
95,inputFrameInfo,frameInfo,False,1,frameInfo,"frameInfo);

  /**
   * Returns the {@link FrameInfo} of the input","frameInfo);

  /**
   * Returns the {@link FrameInfo} of the input",
96,handler,MASK,False,20,MASK|MASK|MASK|MASK|MASK|MASK|MASK|MASK|MASK|MASK|MASK|MASK|MASK|MASK|MASK|MASK|MASK|MASK|MASK|MASK,[MASK] <EOT></s>,"[MASK] <EOT></s>|[MASK] <EOT></s>|[MASK] <EOT></s>|[MASK] <EOT></s>|[MASK] <EOT></s>|[MASK] <EOT></s>|MASK <EOT></s>|MASK , node);
        }
    }

    /**
     * Copy DOM|[MASK] <EOT></s>|[MASK] <EOT></s>|MASK <EOT></s>|MASK <EOT></s>|[MASK] <EOT></s>|[MASK] <EOT></s>|MASK <EOT></s>|MASK <EOT></s>|MASK <EOT></s>|MASK <EOT></s>|MASK <EOT></s>|MASK <EOT></s>",
97,includeIncubator,MASK,False,2,MASK|MASK, MASK <EOT></s>, MASK <EOT></s>|MASK <EOT></s>,
98,threads,MASK,False,12,MASK|MASK|MASK|thread|NanoTime|ly|join|is|InterruptedException|finally|out|terminate,"[MASK]
 * threads or other threads executing in parallel with tests also
 * fail their","[MASK]
 * threads or other threads executing in parallel with tests also
 * fail their|[MASK]  must use
 * one of the assertion methods {@link #threadFail},|MASK  classes used in tests must be public, non-abstract,
 * and non|thread counts, queue capacities <EOT></s>|NanoTime);
    }

    /**
     * Returns a new Date instance representing|ly(Callable<?> callable) {
//         assertTerminatesPromptly|join(long)}), else interrupts
     * the thread (in the hope that it may|is) {
        try {
            t.join(timeoutMillis);
        }|(InterruptedException fail) {
            threadUnexpectedException(fail);
        }|finally {
            if (t.isAlive()) {
                t.interrupt();|out waiting for thread to terminate"");
            }
        }
    }

    /**|    * terminate (using {@link Thread#join(long)}), else interrupts
     *",
99,refresh,MASK,False,9,MASK|number_of_shards|request|MASK|MASK|MASK|MASK|MASK|MASK,[MASK] <EOT></s>,"[MASK] <EOT></s>|number_of_shards\"":1, \""number_of_replicas\"":0,|request to get to the point where it's waiting for
        //  [MASK]|[MASK] <EOT></s>|[MASK] <EOT></s>|MASK <EOT></s>|MASK
                <EOT></s>|MASK <EOT></s>|MASK <EOT></s>",
100,additionalParams,MASK,False,5,MASK|MASK|MASK|additionalParams|MASK,[MASK] <EOT></s>,[MASK] <EOT></s>|MASK <EOT></s>|MASK <EOT></s>|additionalParams(MASK) //additional params <EOT></s>|MASK <EOT></s>,
101,arrayPool,byteArrayPool,False,2,byteArrayPool|byteArrayPool,"byteArrayPool)
      throws IOException {
    if (buffer == null) {
     ","byteArrayPool)
      throws IOException {
    if (buffer == null) {
     |byteArrayPool <EOT></s>",
102,prevState,MASK,False,5,MASK|MASK|MASK|MASK|MASK,[MASK] <EOT></s>,"[MASK] <EOT></s>|[MASK] <EOT></s>| [MASK <EOT></s>|MASK ) {
        return   MASK .state();
    }

   |MASK );
    }

    @Override
    public ClusterState apply(Map",
103,method,MASK,False,94,MASK|MASK|exceptionInfoAdder|MASK|MASK|short|short|MASK|MethodInliner|MethodInliner|MASK|MASK|MASK|MASK|MASK|MASK|MASK|EOT|MASK|clazz|MASK|MASK|MASK|MASK|MASK|if|MASK|MASK|MASK|MASK|MASK|MASK|MASK|MASK|MASK|MASK|MASK|MASK|MASK|MASK|MASK|MASK|MASK|MASK|MASK|MASK|MASK|MASK|MASK|MASK|MASK|MASK|MASK|MASK|MASK|clazz|MASK|MASK|MASK|MASK|MASK|MASK|MASK|MASK|MASK|MASK|MASK|MASK|MASK|MASK|MASK|MASK|MASK|method|MASK|MASK|MASK|MASK|MASK|MASK|MASK|MASK|MASK|MASK|MASK|MASK|this|MASK|clazz|MASK|MASK|MASK|MASK|MASK,"[MASK] s that are only invoked
 * once, in the code attributes that it vis","[MASK] s that are only invoked
 * once, in the code attributes that it vis|[MASK] s in the code attributes
 * that it visits.
 *
 *|exceptionInfoAdder      = new ExceptionInfoAdder(targetClass, codeAttributeComposer|[MASK] <EOT></s>|[MASK] s.
     */
    public MethodInliner(boolean microEd|short  MASK <EOT></s>|short s.
     * @param extraInlinedInvocationVisitor an optional extra visitor for all|[MASK] , CodeAttribute codeAttribute)
    {
        // Is the  [|MethodInliner has stabilized.
        // Catch any unexpected exceptions from the actual visit|MethodInliner <EOT></s>|[MASK] , codeAttribute);
        }
        catch (RuntimeException ex)
|[MASK] <EOT></s>|[MASK] <EOT></s>|[MASK] <EOT></s>|[MASK] .getName(clazz)+ [MASK] .getDescriptor(clazz|[MASK] .getDescriptor(clazz)+""]"");
            }
            System.|[MASK]  <EOT></s>| <EOT></s>|[MASK] , CodeAttribute codeAttribute)
    {
        // Is the  [|clazz.getName().equals(""abc/Def"") &&
//                  [MASK]|[MASK ] <EOT></s>|[MASK] <EOT></s>|[MASK] , codeAttribute);

            // Append the body of the code.
|[MASK] , codeAttribute);

            // Update the code attribute if any code has|[MASK ] , codeAttribute);
            }
        }
    }


|if (inlinedMethods != null)
                {
                    for (int index = |MASK  invocations if the target  MASK  is not
        // abstract|MASK ) == 1 :
                      codeAttribute.u4codeLength <=
                |[MASK] .getName(clazz)+ [MASK] .getDescriptor(clazz|MASK .getDescriptor(clazz)+""] in [""+
                                   targetClass|[MASK]  if it is short.
            if (!inlineSingleInvocations)|[MASK] );

            // Remember the inlining.
            inlining|[MASK ] , codeAttribute);

            // Append instructions to load the parameters.
|[MASK] , CodeAttribute codeAttribute, LineNumberTableAttribute lineNumberTableAttribute)
|[MASK] .
        source = inlining ?
            clazz.getName()|[MASK] .getName(clazz)                           +
             [MASK] .|[MASK] .getDescriptor(clazz)                     +
            lineNumberTableAttribute|[MASK] , this);

        // Remember the lowest line number.
        if|[MASK]  <EOT></s>|[MASK] <EOT></s>|[MASK ] <EOT></s>|(  MASK <EOT></s>|[MASK] <EOT></s>|[MASK] <EOT></s>|[MASK] , this);

        // Append a label just after the exceptions.
|[MASK ] , this);

        // Append a label just after the code.
|[MASK] <EOT></s>|[MASK] <EOT></s>|[MASK] <EOT></s>|[MASK] <EOT></s>|[MASK ] <EOT></s>|[MASK] <EOT></s>|MASK <EOT></s>|[MASK] , CodeAttribute codeAttribute, int offset, Instruction instruction)
    {|[MASK] <EOT></s>|clazz, Method  [MASK] , CodeAttribute codeAttribute, ExceptionInfo exceptionInfo)|[MASK] <EOT></s>|[MASK] <EOT></s>|[MASK] <EOT></s>|[MASK] <EOT></s>|MASK <EOT></s>|MASK <EOT></s>|[MASK] s that are marked as being inlined.
            !InlineMarker.|[MASK] <EOT></s>|[MASK] <EOT></s>|[MASK]  if it is not native,
            //                                  <EOT></s>|[MASK]  into an <init>  [MASK]  in the
           |[MASK] <EOT></s>|[MASK]  into itself.
            (!programMethod.equals(targetMethod) |||[MASK]  if it is not recursing.
            !inliningMethods.|[MASK]  if it is supported by the target version.
            // We don'|[MASK] <EOT></s>|[MASK] ,
           <EOT></s>|method.
            // This is only necessary for Android <EOT></s>|[MASK]  if it doesn't branch forward, or if it
            // doesn|[MASK] <EOT></s>|[MASK]  from a superclass if it doesn't access
            // private code|[MASK] <EOT></s>|[MASK]  if it is invoked with an empty stack.
            // This is to|[MASK] <EOT></s>|[MASK] <EOT></s>|[MASK]  if it doesn't use the stack, or if it
            //|[MASK]  if it doesn't have any side effects.
            // This is|[MASK] .
            programMethod.attributesAccept(programClass, this);

|[MASK] .
            // We don't update the optimization information of the inlined|MASK <EOT></s>|this);

            // Update the optimization information of the inlined  MASK .
|MASK <EOT></s>|[""+clazz.getName()+"".""+ [MASK] .getName(clazz)+|[MASK] <EOT></s>| MASK  <EOT></s>|MASK .getName(clazz)+  MASK .getDescriptor(clazz)+""]|MASK <EOT></s>|MASK <EOT></s>",
104,invocation,MASK,False,8,MASK|MASK|MASK|MASK|EOT|MASK|Info|EOT,[MASK] <EOT></s>,"[MASK] <EOT></s>|[MASK] <EOT></s>|MASK <EOT></s>|MASK <EOT></s>| <EOT></s>|[MASK] Info.getMethodName(),
                     [MASK] Info.get|Info.getMethod(),
                     <EOT></s>| <EOT></s>",
105,visibility,link,False,7,link|visibility|MASK|MASK|ruleContext|MASK|ruleContext,"{@link VisibilityProvider}.
 *
 * <p>The {@link ConfiguredTarget","{@link VisibilityProvider}.
 *
 * <p>The {@link ConfiguredTarget|  visibility} declaration or a {@code package_group}'s {@code includes} attribute.
|[MASK] ,
      <EOT></s>|[MASK] <EOT></s>|ruleContext} parameter), not the information describing the {@code
   *       actual} underlying target|MASK <EOT></s>|  ruleContext.getLabel(),
                        MASK <EOT></s>",
106,docCount,docCount,True,2,docCount|docCount,docCount <EOT></s>,"docCount <EOT></s>|docCount, runningStats, matrixStatsResults, metadata);
    }

    @Override",
107,entryCount,numEntries,False,2,numEntries|numEntries,numEntries <EOT></s>,numEntries <EOT></s>|numEntries <EOT></s>,
108,scale,MASK,False,10,MASK|MASK|scale|MASK|MASK|scale|MASK|MASK|value|MASK,[MASK] <EOT></s>,"[MASK] <EOT></s>|MASK <EOT></s>|scale <EOT></s>|[MASK] <EOT></s>|[MASK] <EOT></s>|scale <EOT></s>|[MASK] <EOT></s>|MASK <EOT></s>|value
     * @return the  scale  parameter for the function
     * <EOT></s>|MASK <EOT></s>",
109,skippedShards,MASK,False,14,MASK|MASK|MASK|MASK|MASK|MASK|MASK|MASK|MASK|MASK|MASK|MASK|MASK|MASK,[MASK]  <EOT></s>,"[MASK]  <EOT></s>|[MASK]  <EOT></s>|[MASK] <EOT></s>|MASK ;
        this.failedShards = failedShards;
        this.comple|MASK <EOT></s>|MASK <EOT></s>|MASK <EOT></s>|MASK <EOT></s>|[MASK]  <EOT></s>|MASK <EOT></s>|MASK <EOT></s>|MASK <EOT></s>|MASK <EOT></s>|MASK <EOT></s>",
110,fromUser,fromUser,True,1,fromUser,"fromUser) {

        if (seekBar == seekBarX) {
           ","fromUser) {

        if (seekBar == seekBarX) {
           ",
111,additionalSettings,EOT,False,2,EOT|EOT,   <EOT></s>,   <EOT></s>|EOT <EOT></s>,
112,bgBottomHeight,getPrefHeight,False,6,getPrefHeight|Drawable|getMinHeight|= 0;|true|mouseWheelX,"getPrefHeight () {
		float height = 0;
		if (","getPrefHeight () {
		float height = 0;
		if (|	Drawable background = style.background;
		if (background != null)
		|.getMinHeight());

		if (scrollX) {
			float|= 0;
			if (style.hScrollKnob != null)|true;
	}

	public void setScrollX (float x) {
	|mouseWheelX;
	}

	/** Returns the amount to scroll vertically when",
113,bootstrapMethodIndex,value,False,10,value|labelIndex||value|hashCode|*|typeTableIndex1|tag|entry|;,"value.
   */
  int addForwardUninitializedType(final String value,","value.
   */
  int addForwardUninitializedType(final String value,|labelIndex);
    Entry entry = get(hashCode);
    while (entry != null|
      if (entry.tag == Symbol.FORWARD_UNINITIALIZED_|value)) {
        return entry.index;
      }
      entry = entry.next|hashCode));
  }

  /**
   * Adds a type in the type|*
   * @param value an internal class name.
   * @param typeTableIndex|typeTableIndex1) << 32);
    int hashCode = hash(Symbol.|.tag == Symbol.MERGED_TYPE_TAG && entry.hashCode == hash|entry.data == data) {
        return entry.index;
      }
      entry|;
    }
    return addTypeInternal(new Entry(typeCount, Symbol.M",
114,checksumUrlString,ofDirectory,False,5,ofDirectory|String|static||$s,".ofDirectory(pluginRoot).stream(), classPath).collect(Collectors.toList());",".ofDirectory(pluginRoot).stream(), classPath).collect(Collectors.toList());|<String, ClassReader>> classMap = ClassReaders.toClassMap(classReaders|static void jarHellCheck(PluginDescriptor info, Path pluginRoot, Path pluginsDir, Path|

    static {
        String libToolsPluginCliClasspathJar = System.|%1$s.+"", File.separator);
    }

    /**
",
115,tuple,MASK,False,34,MASK|MASK|MASK|MASK|MASK|MASK|MASK|MASK|MASK|MASK|MASK||MASK|MASK|MASK|MASK|MASK|MASK|MASK|MASK|MASK|MASK|MASK|MASK|MASK|MASK|MASK|MASK|MASK|MASK|MASK|MASK|MASK|MASK,[MASK] <EOT></s>,"[MASK] <EOT></s>|[MASK] <EOT></s>|[MASK] <EOT></s>|[MASK] <EOT></s>|[MASK] <EOT></s>|[MASK] <EOT></s>|[MASK] <EOT></s>|MASK ) {
            return null;
        }
        
        /**
         *|MASK <EOT></s>|MASK <EOT></s>|[MASK] <EOT></s>| 
                    } else if (fileLine.startsWith(""reset"")) {
                       |[MASK] <EOT></s>|[MASK] <EOT></s>|[MASK] <EOT></s>|[MASK] <EOT></s>|MASK <EOT></s>|MASK <EOT></s>|[MASK] <EOT></s>|[MASK] <EOT></s>|[MASK] <EOT></s>|[MASK] .toPattern != null &&  [MASK] .toLocalizedPattern|MASK .toLocalizedPattern != null) {
            String errorMessage = codeUnderTest|MASK );
            if (errorMessage != null) {
                result.append(error|[MASK] <EOT></s>|MASK .output != null) {
            String errorMessage = codeUnderTest.parse(|MASK .outputCurrency != null) {
            String errorMessage = codeUnderTest.|MASK );
            if (errorMessage != null) {
                result.append(error|MASK .parse != null &&  MASK .output != null) {
           |MASK <EOT></s>|MASK );
            if (errorMessage != null) {
                result.append(error|MASK .select != null &&  MASK <EOT></s>|MASK <EOT></s>|MASK .toString() <EOT></s>",
116,ascUrl,DirName,False,4,DirName|for|MacOS|,"DirName) || ""config"".equals(parentDirName)) {
                    Files.set","DirName) || ""config"".equals(parentDirName)) {
                    Files.set|"" for OSX bundles
                    || ""MacOS"".equals(parentDirName)|""MacOS"".equals(parentDirName)
                    || ""config"".equals(parent|
                } else if (""config"".equals(parentDirName)) {
                    setFile",
117,bufferSize,MASK,False,14,MASK|MASK|MASK|MASK|MASK|MASK|MASK|MASK|MASK|MASK|MASK|MASK|MASK|MASK,[MASK] <EOT></s>,"[MASK] <EOT></s>| [MASK] <EOT></s>|[MASK] <EOT></s>|MASK  <EOT></s>|MASK <EOT></s>|[MASK] <EOT></s>|[MASK] );
    }
  }

  /**
   * A {@|[MASK] <EOT></s>|MASK <EOT></s>|MASK <EOT></s>|MASK <EOT></s>|MASK <EOT></s>|MASK <EOT></s>|MASK <EOT></s>",
118,flushedDocs,MASK,False,4,MASK|nonFlushedDocs|numDocs|replica, [MASK]  <EOT></s>," [MASK]  <EOT></s>|nonFlushedDocs + randomIntBetween(1, MASK);
           |numDocs );
            shards.flush();
            shards.indexDocs(|  replica.shardId().getIndexName(),
                        replica.shard",
119,request,the,False,12,the|this|MASK|request|request|MASK|MASK|MASK|MASK|MASK|MASK|MASK,the HTTP <EOT></s>,"the HTTP <EOT></s>|this  [MASK] .
 * If true, a session will be created if none exists|[MASK] <EOT></s>|request <EOT></s>|request. A value of 0 (zero)
 * will include headers for no caching at all|[MASK] <EOT></s>|[MASK] <EOT></s>|MASK <EOT></s>|MASK <EOT></s>|[MASK] <EOT></s>|MASK <EOT></s>|MASK <EOT></s>",
120,disconnect,disconnect,True,6,disconnect|MASK|MASK|MASK|MASK|MASK,disconnect <EOT></s>,disconnect <EOT></s>|[MASK] <EOT></s>|[MASK] <EOT></s>|[MASK] <EOT></s>|MASK  <EOT></s>|MASK <EOT></s>,
121,fmtRelDateTime,int,False,2,int|,"int i = 0; i < 2; i++) {
            if (i ==","int i = 0; i < 2; i++) {
            if (i ==|
        // test override get/set NumberFormat with null
        fmt.setNumberFormat(""",
122,tableCat,MASK,False,5,MASK|MASK|MASK|MASK|MASK,[MASK] <EOT></s>,[MASK] <EOT></s>|[MASK] <EOT></s>|MASK <EOT></s>|[MASK] <EOT></s>|MASK <EOT></s>,
123,factory,blockFactory,False,1,blockFactory,blockFactory <EOT></s>,blockFactory <EOT></s>,
124,modulePredicate,DEFAULT_MODULE_PREDICATE_WITH_INCUBATOR,False,3,DEFAULT_MODULE_PREDICATE_WITH_INCUBATOR|modulePredicate|modulePredicate,DEFAULT_MODULE_PREDICATE_WITH_INCUBATOR =,"DEFAULT_MODULE_PREDICATE_WITH_INCUBATOR =|modulePredicate, JdkModuleConsumer c) throws IOException {
        walkJdkMod|modulePredicate
                    <EOT></s>",
125,conditionLatch,latch2,False,3,latch2|latch2|latch2,"latch2 = new CountDownLatch(1);
        final Transport transport = new Net","latch2 = new CountDownLatch(1);
        final Transport transport = new Net|latch2
                            .countDown();
                        latch.await();
                |  latch2.await();
        seedHostsResolver.stop();
        latch",
126,percentDelta,MASK,False,3,MASK|MASK|MASK, [MASK] <EOT></s>, [MASK] <EOT></s>|[MASK] <EOT></s>|MASK <EOT></s>,
127,target,type,False,2,type|type,type <EOT></s>,"type <EOT></s>|type, memberCategories <EOT></s>",
128,childContext,context_,False,1,context_,"context_ = parser.setContext(context, instance, fieldName);
        
        if","context_ = parser.setContext(context, instance, fieldName);
        
        if",
129,hasFallback,Setting,False,4,Setting|foo|DeprecatedListSetting|Warnings,"Setting.listSetting(
            ""foo.not.deprecated"",
            Collections","Setting.listSetting(
            ""foo.not.deprecated"",
            Collections|foo.deprecated"", ""bar1,bar2"")
            .put(""foo.|DeprecatedListSetting.get(settings);
        assertSettingDeprecationsAndWarn|Warnings(new Setting<?>[] { deprecatedListSetting });
    }

   ",
130,blocks,MASK,False,4,MASK|MASK|MASK|MASK,[MASK] <EOT></s>,[MASK] <EOT></s>|[MASK] <EOT></s>|MASK <EOT></s>| MASK <EOT></s>,
131,clusterName,clusterName,True,6,clusterName|MASK|MASK|MASK|catalog|MASK,"clusterName();
        listener.onResponse(ListCursor.of(Rows.schema(output","clusterName();
        listener.onResponse(ListCursor.of(Rows.schema(output|[MASK] <EOT></s>|[MASK] <EOT></s>|MASK <EOT></s>|  // catalog is not supported
                                null,
                                // schema is not supported
|MASK <EOT></s>",
132,incXmlOutput,MASK,False,4,MASK|MASK|MASK|MASK,[MASK] <EOT></s>,[MASK] <EOT></s>|[MASK] <EOT></s>|[MASK] <EOT></s>|MASK <EOT></s>,
133,snapshotLifecyclePolicyMetadata,MASK,False,6,MASK|MASK|MASK|MASK|MASK|MASK,[MASK] <EOT></s>,[MASK] <EOT></s>|[MASK] <EOT></s>|[MASK] <EOT></s>|[MASK] <EOT></s>|MASK <EOT></s>|MASK <EOT></s>,
134,reader,MASK,False,6,MASK|MASK|MASK|MASK|MASK|MASK,[MASK] <EOT></s>,[MASK] <EOT></s>|[MASK] <EOT></s>|[MASK] <EOT></s>|MASK <EOT></s>|MASK <EOT></s>|MASK <EOT></s>,
135,start,MASK,False,8,MASK|EOT|MASK|EOT|elementStack|start|start|write,[MASK] <EOT></s>,"[MASK] <EOT></s>| <EOT></s>|MASK <EOT></s>| <EOT></s>|<{""+elementStack[depth * 3]+""}""+elementStack[depth * |start, int len)
        throws IOException {
        check(false);
        indent[|start <EOT></s>|write out a new CDATA section for each ]]>
        // encountered. This is a bit",
136,nodeIds,nodeIds,True,2,nodeIds|nodeIds,"nodeIds, Function<String, DiskUsage> diskUsageCreator) {
        return node","nodeIds, Function<String, DiskUsage> diskUsageCreator) {
        return node|nodeIds.stream().collect(toMap(Function.identity(), diskUsageCreator));
",
137,digest,MASK,False,16,MASK|MASK|hexDigest|hexDigest|MASK|MASK|MASK|MASK|MASK|MASK|MASK|MASK|MASK|MASK|MASK|MASK,[MASK] <EOT></s>,"[MASK] <EOT></s>|MASK <EOT></s>|hexDigest <EOT></s>|hexDigest);
  }

  public void addInputAndDigest(ActionInput|[MASK] <EOT></s>|[MASK] <EOT></s>|MASK .getHash());
    return  [MASK] ;
  }

|MASK <EOT></s>|[MASK] <EOT></s>|MASK <EOT></s>|MASK .getHash());
    return  MASK ;
  }

 |MASK <EOT></s>|MASK <EOT></s>|MASK <EOT></s>|MASK .getHash());
    return  MASK ;
  }

 |MASK ;
  }

  public Digest createInputFile(ActionInput input,",
138,unused,_,False,1,_,_ <EOT></s>,_ <EOT></s>,
139,skipLen,MASK,False,2,MASK|MASK,[MASK] <EOT></s>,[MASK] <EOT></s>|MASK <EOT></s>,
140,fmtOffset,MASK,False,10,MASK|MASK|MASK|tzS|MASK|tzS|MASK|MASK|MASK|MASK,[MASK] <EOT></s>,"[MASK] <EOT></s>|[MASK] <EOT></s>|MASK, pos);
            } catch (Exception e) {
                logln(""Exception|tzS  = sdf.format(today,  tzS , pos);
           |[MASK] <EOT></s>|tzS .substring(3);
                fmtDstOffset =  [MASK] .|[MASK]  <EOT></s>|MASK <EOT></s>|MASK <EOT></s>|MASK + "" *** FAIL ***"");
            }
        }
    }

",
141,constantValueAttribute,constantValueAttribute,True,2,constantValueAttribute|field,"constantValueAttribute)
    {
        // Retrieve the static field value.
       ","constantValueAttribute)
    {
        // Retrieve the static field value.
       |field,
                                                     constantValueAttribute <EOT></s>",
142,isChanged,MASK,False,7,MASK|MASK|MASK|MASK|isChanged|MASK|MASK,[MASK] <EOT></s>,"[MASK] <EOT></s>|[MASK] <EOT></s>|MASK
             <EOT></s>|MASK <EOT></s>|isChanged() || (! [MASK]  && entry.isDirty())) {
       |MASK <EOT></s>|MASK <EOT></s>",
143,dateString,GMT,False,15,"GMT|Test|.|setDefault|getDisplayName|.|997|rench|(   0, 5774,  5,  1, 12,|u05DC|DC|u05E7|F4|/1/2016|{","00:00:00 GMT: "" + date);
        formatter =","00:00:00 GMT: "" + date);
        formatter =|* Test the handling of the 'Z' pattern character.
     */
    @Test
|.
     */
    @Test
    public void TestDateFormatZone061a()|.setDefault(TimeZone.getTimeZone(""America/Los_Angeles""));
       |.getDisplayName();
        if (!testtimezone.equals(""GMT""))
           |.
     */
    @Test
    public void TestDateFormatDate061() {|997
        String[] DATA = {
                ""en_US"", ""9|rench = DateFormat.getDateInstance(DateFormat.FULL, Locale.FRENCH|(   0, 5774,  5,  1, 12,|u05DC\u05D5\u05DC \u05D|5DC \u05D3\u05F3\u05EA|\u05E7\u05E6\u05F4\u|05F4\u05D8"" ),
            new CalAndFmtTest|/1/2016
        String[][] DATA = {
            { ""|{
            public String locale;
            public String pattern;
            public String expected;
",
144,unusedIterator,MASK,False,4,MASK|MASK|MASK|MASK,[MASK] <EOT></s>,[MASK] <EOT></s>|MASK <EOT></s>|MASK <EOT></s>|  MASK <EOT></s>,
145,fieldName,MASK,False,3,MASK|MASK|MASK,"[MASK] , Reader  [MASK] <EOT></s>","[MASK] , Reader  [MASK] <EOT></s>|[MASK] <EOT></s>|MASK <EOT></s>",
146,periodDurationUs,windowDurationUs,False,3,windowDurationUs|windowDurationUs|windowDurationUs,windowDurationUs <EOT></s>,"windowDurationUs <EOT></s>|/* windowDurationUs= */ windowDurationUs,
        /* windowPositionInPeriodUs= */|windowDurationUs <EOT></s>",
147,usedBuiltInTokenizers,MASK,False,15,MASK|usedBuiltInTokenizers|usedBuiltInTokenizers|usedBuiltInTokenizers|usedBuiltInTokenizers|usedBuiltInTokenizers|usedBuiltInTokenizers|usedBuiltInTokenizers|usedBuiltInTokenizers|MASK|MASK|MASK|MASK|MASK|MASK,[MASK] <EOT></s>,"[MASK] <EOT></s>|usedBuiltInTokenizers.computeIfAbsent(tokenizer, IndexFeatureStats::new|usedBuiltInTokenizers <EOT></s>|usedBuiltInTokenizers <EOT></s>|usedBuiltInTokenizers <EOT></s>|usedBuiltInTokenizers <EOT></s>|usedBuiltInTokenizers <EOT></s>|usedBuiltInTokenizers  <EOT></s>|usedBuiltInTokenizers <EOT></s>|[MASK] <EOT></s>|[MASK] <EOT></s>|[MASK] <EOT></s>|MASK )
            && Objects.equals(usedBuiltInTokenFilters, that|MASK <EOT></s>|MASK );
        toXContentCollection(builder, params, ""built_in_",
148,pOwner,collisionFilterGroup,False,2,collisionFilterGroup|collisionFilterGroup,"collisionFilterGroup, int collisionFilterMask,
		btDispatcher dispatcher) {
","collisionFilterGroup, int collisionFilterMask,
		btDispatcher dispatcher) {
|collisionFilterGroup <EOT></s>",
149,button,MASK,False,2,MASK|MASK,[MASK] <EOT></s>,[MASK] <EOT></s>|MASK <EOT></s>,
150,parent,MASK,False,11,MASK|PolicyNode|MASK|MASK|MASK|MASK|parent|MASK|MASK|MASK|MASK,[MASK]  <EOT></s>,"[MASK]  <EOT></s>|PolicyNode above this node in the tree. This is the
     *  [MASK]|[MASK] <EOT></s>|[MASK] <EOT></s>|MASK <EOT></s>|[MASK] <EOT></s>|parent
    <EOT></s>|[MASK] <EOT></s>|MASK <EOT></s>|MASK <EOT></s>|MASK <EOT></s>",
151,vBlock,MASK,False,23,MASK|MASK|MASK|MASK|MASK|vVector|MASK|MASK|MASK|MASK|MASK|MASK|MASK|MASK|MASK|MASK|MASK|MASK|MASK|MASK|MASK|MASK|MASK,[MASK] <EOT></s>,"[MASK] <EOT></s>|[MASK] <EOT></s>|[MASK] <EOT></s>|[MASK] <EOT></s>|[MASK] <EOT></s>|vVector);
        }

        @Override
        public void close() {
       |[MASK] <EOT></s>|[MASK] <EOT></s>|[MASK] <EOT></s>|MASK <EOT></s>|MASK <EOT></s>|[MASK] <EOT></s>|[MASK] <EOT></s>|[MASK] <EOT></s>|MASK .getValueCount(valuesPosition);
        for (int vOffset = vStart;|MASK <EOT></s>|[MASK] <EOT></s>|[MASK] <EOT></s>|[MASK] <EOT></s>|MASK <EOT></s>|MASK <EOT></s>|MASK <EOT></s>|MASK .mayHaveNulls()) {
      state.enableGroupIdTracking(seen",
152,fieldNamesToHighlight,fieldNames,False,2,fieldNames|fieldNames,fieldNames <EOT></s>,fieldNames <EOT></s>|fieldNames <EOT></s>,
153,unicodeFilePath,MASK,False,3,MASK|MASK|MASK, [MASK] <EOT></s>," [MASK] <EOT></s>|MASK <EOT></s>|MASK );
        assertEquals( ""परीक्षण फ",
154,failuresAllowed,MASK,False,23,MASK|MASK|MASK|MASK|MASK|MASK|MASK|MASK|MASK|MASK|MASK|MASK|MASK|MASK|MASK|MASK|MASK|MASK|minScore|MASK|MASK|MASK|MASK,[MASK] <EOT></s>,"[MASK] <EOT></s>|[MASK] <EOT></s>|[MASK] ;
    private final Float minScore;
    private final String retrie|MASK <EOT></s>|MASK <EOT></s>|MASK ;
        this.chunkScorerConfig = chunkScorerConfig;
|[MASK] <EOT></s>|[MASK] <EOT></s>|MASK <EOT></s>|MASK <EOT></s>|MASK <EOT></s>|MASK <EOT></s>|[MASK] <EOT></s>|[MASK] <EOT></s>|MASK <EOT></s>|MASK <EOT></s>|MASK <EOT></s>|MASK <EOT></s>|minScore != null ) {
            builder.field(MIN_SCORE_FIELD|MASK );
        }
        if (preFilterQueryBuilders != null) {
|MASK <EOT></s>|MASK <EOT></s>|MASK , chunkScorerConfig);
    }

    @Override
    public",
155,lowerCaseArch,lowerCaseArch,True,4,lowerCaseArch|MASK|MASK|lowerCaseArch,lowerCaseArch <EOT></s>,lowerCaseArch <EOT></s>|[MASK] <EOT></s>|MASK <EOT></s>|lowerCaseArch <EOT></s>,
156,programClassCounter,MASK,False,3,MASK|null|MASK, [MASK] <EOT></s>," [MASK] <EOT></s>|  null,
                                                        MASK <EOT></s>|MASK
                        <EOT></s>",
157,updates,MASK,False,15,MASK|MASK|MASK|MASK|MASK|MASK|MASK|MASK|MASK|MASK|MASK|MASK|MASK|MASK|MASK,[MASK] <EOT></s>,"[MASK] <EOT></s>|[MASK] .api.PointerExtractor;
import org.openrefine.wik|[MASK] <EOT></s>|MASK <EOT></s>|MASK <EOT></s>|MASK <EOT></s>|[MASK] <EOT></s>|MASK <EOT></s>|[MASK] <EOT></s>|[MASK] <EOT></s>|[MASK] <EOT></s>|[MASK] <EOT></s>|MASK <EOT></s>|MASK <EOT></s>|MASK <EOT></s>",
158,groups,MASK,False,3,MASK|MASK|MASK,"[MASK]
           <EOT></s>","[MASK]
           <EOT></s>|[MASK] <EOT></s>|MASK <EOT></s>",
159,expectedPolicy,MASK,False,8,MASK|MASK|MASK|MASK|expected|MASK|MASK|MASK,[MASK] <EOT></s>,"[MASK] <EOT></s>|[MASK] <EOT></s>|MASK <EOT></s>|MASK <EOT></s>|expected policy to the expected policy set.
     * If this is not the original expected policy set|[MASK] <EOT></s>|MASK <EOT></s>|MASK );
    }

    /**
     * Adds a qualifier to the",
160,colorIndex,MASK,False,3,MASK|MASK|bitmapData,[MASK] <EOT></s>,[MASK] <EOT></s>|(MASK & 0x80) <EOT></s>|bitmapData.readUnsignedByte() <EOT></s>,
161,tokenInfos,MASK,False,5,MASK|MASK|MASK|MASK|MASK,"[MASK]  = store.findTokensFor(accountId);
        assert","[MASK]  = store.findTokensFor(accountId);
        assert|MASK <EOT></s>|[MASK] <EOT></s>|[MASK] <EOT></s>|MASK <EOT></s>",
162,bindingResultWithError,MASK,False,3,MASK|MASK|MASK,[MASK] <EOT></s>,[MASK] <EOT></s>|[MASK] <EOT></s>|MASK <EOT></s>,
163,missingId,MASK,False,3,MASK|MASK|MASK, [MASK] <EOT></s>, [MASK] <EOT></s>|[MASK] <EOT></s>|MASK <EOT></s>,
164,answer,answer,True,2,answer|answer,answer <EOT></s>,answer <EOT></s>|answer <EOT></s>,
165,keygen,MASK,False,7,MASK|MASK|MASK|MASK|ClassLoader|MASK|MASK,[MASK] <EOT></s>,"[MASK] <EOT></s>|[MASK]  <EOT></s>|[MASK] <EOT></s>|[MASK] <EOT></s>|ClassLoader.getSystemClassLoader()
                <EOT></s>|MASK <EOT></s>|MASK <EOT></s>",
166,startPositionUs,startPositionUs,True,6,startPositionUs|MASK|playlist|MASK|MASK|MASK,"startPositionUs) {
    @Nullable
    Object tag = localConfiguration.tag;","startPositionUs) {
    @Nullable
    Object tag = localConfiguration.tag;|[MASK] <EOT></s>|playlist.startOffsetUs;
    }
    if (playlist.startOffsetUs|[MASK] <EOT></s>|MASK );
    part = findClosestPrecedingIndependentPart(segment|MASK <EOT></s>",
167,internalTypeEnumeration,MASK,False,2,MASK|MASK," [MASK] =
            new InternalTypeEnumeration(descriptor);
"," [MASK] =
            new InternalTypeEnumeration(descriptor);
|MASK
                .nextType();
            parameterTypes[parameterIndex] = parameterType;",
168,primaryTerm,MASK,False,6,MASK|MASK|MASK|MASK|MASK|MASK,"MASK = randomBoolean() ? 0 : 1 << 1;
            final long","MASK = randomBoolean() ? 0 : 1 << 1;
            final long|[MASK] , 1, 1, ""id"");
            // index #1|[MASK] ,
                1,
                IndexRequest.UNSET_AUTO_|[MASK] ,
                1,
                IndexRequest.UNSET_AUTO_|MASK ,
                1,
                IndexRequest.UNSET_AUTO_GEN|MASK ,
                1,
                IndexRequest.UNSET_AUTO_GENER",
169,method,method,True,12,method|MASK|MASK|MASK|MASK|MASK|MASK|MASK|MASK|MASK|MASK|MASK,method <EOT></s>,"method <EOT></s>|[MASK] <EOT></s>|MASK <EOT></s>|[MASK] <EOT></s>|[MASK] <EOT></s>|[MASK] <EOT></s>|MASK ) {
        this. [MASK]  =   MASK ;
|MASK <EOT></s>|MASK <EOT></s>|MASK , file, line);
    }

    @Override
    public String to|MASK <EOT></s>|MASK <EOT></s>",
170,moduleName,MASK,False,14,MASK|MASK|MASK|MASK|MASK|moduleName|MASK|MASK|moduleName|moduleName|moduleName|moduleName|MASK|MASK,[MASK] <EOT></s>,"[MASK] <EOT></s>|[MASK] <EOT></s>|[MASK] <EOT></s>|[MASK] <EOT></s>|[MASK] <EOT></s>|moduleName);
                }
            }
        });
        return Collections.unmod|MASK <EOT></s>|[MASK] <EOT></s>|moduleName <EOT></s>|moduleName <EOT></s>|moduleName <EOT></s>|moduleName <EOT></s>|MASK <EOT></s>|MASK , ""classes"" <EOT></s>",
171,routingNodes,MASK,False,21,MASK|MASK|MASK|MASK|MASK|MASK|MASK|MASK|MASK|MASK|MASK|MASK|MASK|MASK|MASK|MASK|MASK|MASK|MASK|MASK|MASK,[MASK] <EOT></s>,"[MASK] <EOT></s>|[MASK] <EOT></s>|MASK <EOT></s>|MASK .node(""node2""));
        assertThat(newState, not(equalTo|MASK <EOT></s>|[MASK] .node(""node1"").numberOfShardsWithState(STARTED),|MASK .node(""node2"").numberOfShardsWithState(STARTED), equalTo|MASK  = clusterState.getRoutingNodes();

        assertThat(clusterState|[MASK] .node(""node1"").numberOfShardsWithState(STARTED),|[MASK] .node(""node1"").numberOfShardsWithState(STARTED)|MASK .node(""node1"").numberOfShardsWithState(RELOCATING),|[MASK] .node(""node2"").numberOfShardsWithState(STARTED),|MASK .node(""node2"").numberOfShardsWithState(STARTED) + |MASK .node(""node2"").numberOfShardsWithState(RELOCATING),|MASK .node(""node3"").numberOfShardsWithState(INITIALIZING|MASK <EOT></s>|MASK .node(""node3""));
        assertThat(newState, not(equalTo|MASK  = clusterState.getRoutingNodes();

        assertThat(clusterState|MASK .node(""node1"").numberOfShardsWithState(STARTED), lessTh|MASK .node(""node1"").numberOfShardsWithState(RELOCATING),|MASK .node(""node3"").numberOfShardsWithState(STARTED), equalTo",
172,refer,MASK,False,29,MASK|MASK|MASK|MASK|MASK|MASK|MASK|MASK|MASK|MASK|MASK|MASK|MASK|MASK|MASK|MASK|MASK|MASK|MASK|MASK|MASK|Invoker|IDemoService|MASK|MASK|MASK|MASK|MASK|MASK,[MASK] <EOT></s>,"[MASK] <EOT></s>|[MASK] <EOT></s>|[MASK] <EOT></s>|[MASK] <EOT></s>|[MASK] <EOT></s>|MASK <EOT></s>|[MASK] <EOT></s>|[MASK] <EOT></s>|[MASK] <EOT></s>|MASK <EOT></s>|[MASK] <EOT></s>|[MASK] <EOT></s>|MASK <EOT></s>|[MASK] <EOT></s>|[MASK] <EOT></s>|MASK <EOT></s>|MASK <EOT></s>|[MASK] <EOT></s>|[MASK] <EOT></s>|[MASK] <EOT></s>|MASK <EOT></s>|Invoker<IDemoService>  [MASK] <EOT></s>|(IDemoService.class,
                registryUrl
                        .addParameter(""max.|[MASK] <EOT></s>|MASK <EOT></s>|[MASK <EOT></s>|MASK <EOT></s>|MASK <EOT></s>|MASK <EOT></s>",
173,object,json,False,3,json|json|json,json <EOT></s>,"json <EOT></s>|json );  
        user = JSON.parseObject( json , User.class);  
|json <EOT></s>",
174,heuristicIsSuperset,heuristic,False,7,heuristic|MASK|MASK|MASK|MASK|MASK|heuristicNotSuperset,"heuristic, SignificanceHeuristic heuristicNotSuperset) {
","heuristic, SignificanceHeuristic heuristicNotSuperset) {
|[MASK] <EOT></s>|[MASK] <EOT></s>|[MASK] <EOT></s>|[MASK] <EOT></s>|MASK <EOT></s>|heuristicNotSuperset <EOT></s>",
175,document,object,False,9,object|MASK|MASK|documentMapper|MASK|id|MASK|MASK|MASK,"object.""));
    }

    public void testIncludeInObjectAllowed() throws Exception","object.""));
    }

    public void testIncludeInObjectAllowed() throws Exception|[MASK] <EOT></s>|MASK
            .rootDoc()
            .getFields(IdFieldMapper.NAME);|documentMapper().getMapping(), new <EOT></s>|[MASK] <EOT></s>|["" + id + ""]"")
        );
        assertThat(
            ProvidedId|MASK <EOT></s>|MASK <EOT></s>|MASK <EOT></s>",
176,deletedProjects,MASK,False,8,MASK|MASK|MASK|MASK|MASK|MASK|MASK|MASK,[MASK] <EOT></s>,[MASK] <EOT></s>|[MASK] <EOT></s>|[MASK] <EOT></s>|MASK <EOT></s>|MASK <EOT></s>|MASK <EOT></s>|MASK <EOT></s>|MASK <EOT></s>,
177,status,status,True,6,status|Value|status|Value|HttpStatus|status,status <EOT></s>,"status <EOT></s>|Value) throws IOException {
		HttpStatus  [MASK]  = HttpStatus.|status <EOT></s>|Value Value);
		DefaultResponseCreator creator = new DefaultResponseCreator(status|HttpStatus.OK).status( status  <EOT></s>|status );
	}

	@Test
	void expectStatusWithReason() throws",
178,images,MASK,False,3,MASK|MASK|MASK,[MASK] <EOT></s>,[MASK] <EOT></s>|[MASK] <EOT></s>|MASK <EOT></s>,
179,fmtCal,This,False,2,This|ss,"//       This test assumes it refers to beginning of day.
        //       This is the behavior","//       This test assumes it refers to beginning of day.
        //       This is the behavior|:ss bbbb | 00:00:30"", ""12:",
180,projects,stream,False,2,stream|stream,stream <EOT></s>,stream <EOT></s>|stream <EOT></s>,
181,context,MASK,False,5,MASK|MASK|MASK|EOT|EOT, [MASK] <EOT></s>, [MASK] <EOT></s>|[MASK] <EOT></s>|MASK <EOT></s>| <EOT></s>| <EOT></s>,
182,sourceJar,MASK,False,9,MASK|MASK|MASK|MASK|MASK|MASK|MASK|MASK|MASK,[MASK] <EOT></s>,[MASK] <EOT></s>|MASK <EOT></s>|MASK <EOT></s>|MASK <EOT></s>|MASK <EOT></s>|[MASK] <EOT></s>|MASK <EOT></s>|MASK <EOT></s>|MASK <EOT></s>,
183,player,MASK,False,17,MASK|MASK|MASK|MASK|MASK|MASK|MASK|MASK|MASK|MASK|player|player|MASK|MASK|MASK|player|MASK,[MASK] <EOT></s>,[MASK] <EOT></s>|[MASK] <EOT></s>|MASK <EOT></s>|MASK <EOT></s>|MASK <EOT></s>|MASK <EOT></s>|MASK <EOT></s>|MASK <EOT></s>|MASK <EOT></s>|MASK <EOT></s>|player           <EOT></s>|player <EOT></s>|[MASK] <EOT></s>|[MASK] <EOT></s>|[MASK] <EOT></s>|player <EOT></s>|MASK <EOT></s>,
184,hasPointValues,MASK,False,4,MASK|MASK|MASK|hasPointValues,[MASK] <EOT></s>,[MASK] <EOT></s>|MASK <EOT></s>|MASK <EOT></s>|hasPointValues <EOT></s>,
185,bucketCount,numBuckets,False,2,numBuckets|numBuckets,"numBuckets,
            BiFunction<TestAggFactory<?, B>, Integer,","numBuckets,
            BiFunction<TestAggFactory<?, B>, Integer,|numBuckets <EOT></s>",
186,names,MASK,False,3,MASK|MASK|MASK,[MASK] <EOT></s>,"[MASK] <EOT></s>|MASK
                      <EOT></s>|MASK <EOT></s>",
187,dataSet,MASK,False,8,MASK|MASK|MASK|MASK|MASK|MASK|create|MASK,[MASK] <EOT></s>,"[MASK] <EOT></s>|[MASK] .setSliceSpace(3f);
         [MASK] .|[MASK] .setSliceSpace(3f);
         [MASK] .|MASK .setIconsOffset(new MPPointF(0, 40));
|MASK .setXValuePosition(PieDataSet.ValuePosition.OUTSIDE_SL|MASK .setColors(colors);

        // [MASK] <EOT></s>|create pie data set
        PieDataSet dataSet = new PieDataSet(entries, """");
|MASK <EOT></s>",
188,requestClass,MASK,False,6,MASK|MASK|MASK|MASK|ARequest|MASK,"[MASK] ,
        AResponse response
    ) {
        Tuple<A","[MASK] ,
        AResponse response
    ) {
        Tuple<A|MASK <EOT></s>|MASK <EOT></s>|[MASK] <EOT></s>|(ARequest) MASK <EOT></s>|MASK <EOT></s>",
189,startPositionUs,MASK,False,4,MASK|MASK|MASK|MASK,[MASK] <EOT></s>,[MASK] <EOT></s>|[MASK] <EOT></s>|MASK <EOT></s>|MASK <EOT></s>,
190,fieldDescriptor,MASK,False,3,MASK|MASK|MASK,[MASK]        <EOT></s>,[MASK]        <EOT></s>|MASK <EOT></s>|MASK <EOT></s>,
191,historyEntryID,MASK,False,7,MASK|MASK|MASK|MASK|MASK|project|MASK,[MASK] <EOT></s>,"[MASK] <EOT></s>|[MASK] <EOT></s>|[MASK] <EOT></s>|MASK <EOT></s>|MASK <EOT></s>|project, rowIndex, cellIndex, cell.value, null, null <EOT></s>|MASK <EOT></s>",
192,buildDistTask,MASK,False,8,MASK|MASK|MASK|MASK|MASK|MASK|MASK|MASK,[MASK] <EOT></s>,"[MASK] <EOT></s>|[MASK] <EOT></s>|[MASK] <EOT></s>|MASK <EOT></s>|[MASK] <EOT></s>|MASK <EOT></s>|MASK <EOT></s>|MASK
                    <EOT></s>",
193,fromUser,fromUser,True,1,fromUser,"fromUser) {

    }

    @Override
    public void onStartTrack","fromUser) {

    }

    @Override
    public void onStartTrack",
194,processEnvironmentClass,processEnvironmentClass,True,3,processEnvironmentClass|MASK|MASK, processEnvironmentClass <EOT></s>, processEnvironmentClass <EOT></s>|[MASK] <EOT></s>|MASK <EOT></s>,
195,writeLock,MASK,False,8,MASK|MASK|MASK|MASK|MASK|MASK|MASK|MASK,[MASK] <EOT></s>,[MASK] <EOT></s>|[MASK] <EOT></s>|[MASK] <EOT></s>|MASK <EOT></s>|[MASK] <EOT></s>|MASK <EOT></s>|[MASK] <EOT></s>|MASK <EOT></s>,
196,numObj,numObj,True,7,numObj|MASK|numObj|numObj|numObj|MASK|numObj,"numObj  = new Integer(1234567);
        Double  double","numObj  = new Integer(1234567);
        Double  double|[MASK] <EOT></s>|numObj <EOT></s>|numObj );
            strBuffer = fmt.format( numObj , strBuffer, fpos|numObj <EOT></s>|MASK );
            strBuffer = fmt.format( [MASK] , strBuffer,|numObj <EOT></s>",
197,initialRoutingTable,routingTable,False,2,routingTable|routingTable,routingTable <EOT></s>,routingTable <EOT></s>|routingTable <EOT></s>,
198,methodName,methodName,True,3,methodName|methodName|methodName,methodName <EOT></s>,methodName <EOT></s>|methodName <EOT></s>|methodName <EOT></s>,
199,failFast,MASK,False,4,MASK|MASK|MASK|MASK,[MASK] <EOT></s>,[MASK] <EOT></s>|[MASK] <EOT></s>|MASK <EOT></s>|MASK <EOT></s>,
200,flushThreshold,,False,2,|translogSizeOnPrimary,                                                                                                                                                                                                                                                                                                                               ,"                                                                                                                                                                                                                                                                                                                               |translogSizeOnPrimary
                   <EOT></s>",
201,onDisabledOs,onDisabledOs,True,2,onDisabledOs|onDisabledOs,onDisabledOs          <EOT></s>,onDisabledOs          <EOT></s>|onDisabledOs <EOT></s>,
202,existingIngestPipelines,MASK,False,4,MASK|MASK|MASK|MASK,[MASK] <EOT></s>,[MASK] <EOT></s>|[MASK] <EOT></s>|MASK <EOT></s>|MASK <EOT></s>,
203,fields,MASK,False,6,MASK|MASK|MASK|MASK|MASK|MASK,[MASK] <EOT></s>,"[MASK] <EOT></s>|[MASK] <EOT></s>|MASK <EOT></s>|[MASK] <EOT></s>|MASK <EOT></s>|MASK ) {
      VariableElement varElement = fragment.getVariableElement();
      String",
204,expectedShardSize,expectedSize,False,2,expectedSize|expectedSize,"expectedSize) {
        assertThat(shard.state(), equalTo(state));
","expectedSize) {
        assertThat(shard.state(), equalTo(state));
|expectedSize <EOT></s>",
205,extensions,MASK,False,14,MASK|MASK|MASK|MASK|MASK|MASK|commandId|proto|MASK|proto|MASK|MASK|MASK|MASK,"[MASK] = */ ImmutableList.of(), ignoreUserOptions);
  }
","[MASK] = */ ImmutableList.of(), ignoreUserOptions);
  }
|MASK = */ ImmutableList.of());
  }

  /**
   *|[MASK]  as if they were passed to
   * the Blaze server.
|[MASK]  additional proto  [MASK]  to pass to the command.
|[MASK]  to pass to the command.
   */
  public final CommandEnvironment|[MASK] ) throws Exception {
    return newCustomCommandWithExtensions(command, |/* commandId= */ 0,
                /* commandExtensions= */  [MASK]|proto  [MASK] <EOT></s>|MASK  additional proto  MASK  to pass to the command.
   * @|proto <EOT></s>|[MASK] <EOT></s>|[MASK] <EOT></s>|MASK <EOT></s>|MASK <EOT></s>",
206,currentState,clusterState,False,6,clusterState|clusterState|MASK|clusterState|clusterState|MASK,"clusterState, ReservedStateMetadata stateMetadata) throws Exception {
        return ReservedCluster","clusterState, ReservedStateMetadata stateMetadata) throws Exception {
        return ReservedCluster|clusterState <EOT></s>|[MASK] <EOT></s>|clusterState.metadata().reservedStateMetadata() <EOT></s>|clusterState <EOT></s>|MASK <EOT></s>",
207,target,MASK,False,2,MASK|MASK, [MASK] <EOT></s>, [MASK] <EOT></s>|MASK <EOT></s>,
208,rightIndex,rightIndex,True,3,rightIndex|rightIndex|rightIndex,rightIndex <EOT></s>,rightIndex <EOT></s>|rightIndex <EOT></s>|rightIndex <EOT></s>,
209,prefix,mask,False,3,mask|mask|mask, mask  <EOT></s>," mask  <EOT></s>|mask.length() - sanitizedUrl
        <EOT></s>|mask + sanitizedUrl.substring(0, maxUrlLength) + (isTemp ?",
210,configInput,MASK,False,3,MASK|MASK|MASK,[MASK] <EOT></s>,[MASK] <EOT></s>|MASK <EOT></s>|MASK  <EOT></s>,
211,headers,headers,True,6,headers|MASK|MASK|MASK|MASK|MASK,headers <EOT></s>,headers <EOT></s>|[MASK] <EOT></s>|[MASK] <EOT></s>|MASK <EOT></s>|[MASK] <EOT></s>|MASK <EOT></s>,
212,outputUncast,MASK,False,9,MASK|MASK|MASK|MASK|MASK|MASK|MASK|MASK|MASK,[MASK] <EOT></s>,"[MASK] <EOT></s>|[MASK] <EOT></s>|[MASK] <EOT></s>|[MASK]  = page.getBlock(channels.get(1));
   |MASK .areAllValuesNull()) {
      return;
    }
    LongBlock|MASK ;
    assert top.getPositionCount() == output.getPositionCount();
|MASK <EOT></s>|MASK <EOT></s>|MASK <EOT></s>",
213,exportsByModule,exportsByModule,True,2,exportsByModule|exportsByModule,exportsByModule <EOT></s>,"exportsByModule <EOT></s>|exportsByModule
                        <EOT></s>",
214,parentLeafFactory,MASK,False,2,MASK|MASK,[MASK] <EOT></s>,"[MASK] <EOT></s>|MASK
                    .newInstance(ctx)
                    <EOT></s>",
215,nodeId,MASK,False,27,MASK|MASK|EOT|MASK|MASK|EOT|MASK|MASK|MASK|clientNum|EOT|MASK|MASK|MASK|MASK|MASK|MASK|MASK|MASK|MASK|MASK|MASK|MASK|MASK|MASK|MASK|MASK,[MASK] <EOT></s>,"[MASK] <EOT></s>|[MASK] <EOT></s>|  <EOT></s>|[MASK] );
    }

    public void addNodeStatistics(String |[MASK] <EOT></s>| <EOT></s>|[MASK] <EOT></s>|[MASK] <EOT></s>|[MASK] <EOT></s>|clientNum * <EOT></s>| <EOT></s>|[MASK] <EOT></s>|MASK <EOT></s>|MASK <EOT></s>|MASK <EOT></s>|[MASK] <EOT></s>|MASK <EOT></s>|[MASK] <EOT></s>|[MASK] <EOT></s>|[MASK] <EOT></s>|[MASK] <EOT></s>|[MASK] <EOT></s>|MASK <EOT></s>|[MASK] <EOT></s>|MASK ,
            ExponentiallyWeightedMovingAverage queueSizeEWMA,|MASK <EOT></s>|MASK <EOT></s>",
216,increase,delta,False,3,delta|MASK|MASK,delta <EOT></s>,delta <EOT></s>|[MASK] <EOT></s>|MASK <EOT></s>,
217,field,field,True,6,field|MASK|leafFieldName|MASK|MASK|MASK,"field"", GeometryFieldScript.class, <EOT></s>","field"", GeometryFieldScript.class, <EOT></s>|[MASK] Name <EOT></s>|leafFieldName <EOT></s>|[MASK] <EOT></s>|MASK <EOT></s>|MASK <EOT></s>",
218,noOffsetText,text,False,2,text|text,"text, int pos, Class<?> expected) {
        try {
            getFormatter(","text, int pos, Class<?> expected) {
        try {
            getFormatter(|text <EOT></s>",
219,bufIndex,EOT,False,6,EOT|EOT|EOT|EOT|EOT|EOT, <EOT></s>," <EOT></s>|EOT <EOT></s>|EOT <EOT></s>|EOT <EOT></s>|EOT <EOT></s>|EOT );
            buffer = null; // release for gc
            CharStreams.",
220,resCls,MASK,False,20,MASK|MASK|MASK|MASK|MASK|MASK|MASK|MASK|MASK|MASK|MASK|MASK|MASK|MASK|MASK|MASK|MASK|MASK|MASK|MASK,[MASK] <EOT></s>,[MASK] <EOT></s>|[MASK] <EOT></s>|[MASK] <EOT></s>|[MASK] <EOT></s>|[MASK] <EOT></s>|[MASK] <EOT></s>|MASK <EOT></s>|[MASK] <EOT></s>|[MASK] <EOT></s>|[MASK] <EOT></s>|[MASK] <EOT></s>|[MASK] <EOT></s>|[MASK] <EOT></s>|[MASK] <EOT></s>|[MASK ] <EOT></s>|[MASK] <EOT></s>|MASK <EOT></s>|MASK <EOT></s>|MASK <EOT></s>|MASK <EOT></s>,
221,listGet,MASK,False,3,MASK|MASK|MASK," MASK = null;
        Method   method = List.class.getMethod("""," MASK = null;
        Method   method = List.class.getMethod(""|[MASK] <EOT></s>|MASK )
                                .rawType())
                .isEqualTo(Number.class",
222,cipher,EOT,False,7,EOT|EOT|MASK|MASK|MASK|MASK|MASK, <EOT></s>, <EOT></s>|EOT <EOT></s>|[MASK] <EOT></s>|MASK <EOT></s>|[MASK] <EOT></s>|MASK <EOT></s>|MASK <EOT></s>,
223,month,parameter,False,11,parameter|parameter|MASK|MASK|MASK|MASK|MASK|MASK|MASK|MASK|MASK,"parameter, JdbcType jdbcType) throws SQLException {
    ps.setInt(","parameter, JdbcType jdbcType) throws SQLException {
    ps.setInt(|parameter <EOT></s>|[MASK] <EOT></s>|[MASK] <EOT></s>|MASK <EOT></s>|[MASK] <EOT></s>|MASK  == 0 && rs.wasNull() ? null : Month.of( M|MASK <EOT></s>|MASK <EOT></s>|MASK <EOT></s>|MASK <EOT></s>",
224,warningSettingName,settingName,False,4,settingName|MASK|settingName|MASK,settingName <EOT></s>,settingName <EOT></s>|[MASK] <EOT></s>|settingName <EOT></s>|MASK <EOT></s>,
225,synonymsIdsUsedInIndices,synonymIdsUsedInIndices,False,2,synonymIdsUsedInIndices|synonymIdsUsedInIndices,synonymIdsUsedInIndices <EOT></s>,synonymIdsUsedInIndices <EOT></s>|synonymIdsUsedInIndices <EOT></s>,
226,groupEnd,MASK,False,12,MASK|MASK|MASK|MASK|MASK|MASK|MASK|MASK|MASK|MASK|MASK|MASK,[MASK] <EOT></s>,"[MASK] <EOT></s>|[MASK] <EOT></s>|[MASK] <EOT></s>|[MASK] <EOT></s>|[MASK] <EOT></s>|MASK <EOT></s>|[MASK] <EOT></s>|MASK <EOT></s>|[MASK] <EOT></s>|MASK <EOT></s>|MASK  = groupStart + groups.getValueCount(groupPosition);
      for (int|MASK ; g++) {
        int groupId = groups.getInt(g);
",
227,isManifestChanged,MASK,False,3,MASK|MASK|config,[MASK] <EOT></s>,"[MASK] <EOT></s>|MASK <EOT></s>|config.mSupportHotplugComponent
                   <EOT></s>",
228,dataStreamRemote1Alias,dataStreamRemote1Alias,True,4,dataStreamRemote1Alias|dataStreamRemote1Alias|dataStreamRemote1Alias|dataStreamRemote1Alias,dataStreamRemote1Alias <EOT></s>,"dataStreamRemote1Alias <EOT></s>|dataStreamRemote1Alias , AliasMetadata.builder(dataStreamRemote1Alias ).|dataStreamRemote1Alias ).writeIndex(randomBoolean()).build());
            }
           |dataStreamRemote1Alias);
        assertAcked(
            client(REM",
229,elementValueMethodName,MASK,False,5,MASK|MASK|MASK|MASK|MASK,         [MASK] <EOT></s>,         [MASK] <EOT></s>|[MASK] <EOT></s>|MASK <EOT></s>|MASK <EOT></s>|MASK <EOT></s>,
230,parser,MASK,False,38,MASK|MASK|MASK|MASK|MASK|MASK|MASK|MASK|MASK|MASK|MASK|MASK|MASK|MASK|MASK|MASK|MASK|MASK|MASK|MASK|MASK|MASK|MASK|MASK|MASK|MASK|MASK|MASK|MASK|MASK|MASK|MASK|MASK|MASK|MASK|MASK|MASK|MASK,[MASK] <EOT></s>,"[MASK] <EOT></s>|[MASK] <EOT></s>|MASK <EOT></s>|MASK .DefaultExtJSONParserTest;
import com.alibaba.json.b|[MASK] <EOT></s>|[MASK] <EOT></s>|MASK <EOT></s>|[MASK] <EOT></s>|MASK <EOT></s>|MASK <EOT></s>|[MASK] <EOT></s>|[MASK] <EOT></s>|MASK <EOT></s>|[MASK] <EOT></s>|[MASK] <EOT></s>|[MASK] <EOT></s>|MASK  = new DefaultJSONParser(""{a:3}"");
         MASK|MASK .config(Feature.AllowUnQuotedFieldNames, true);
        LinkedHashMap|MASK <EOT></s>|[MASK] <EOT></s>|MASK .config(Feature.AllowSingleQuotes, true);
             MASK <EOT>|[MASK] <EOT></s>|[MASK] <EOT></s>|[MASK] <EOT></s>|[MASK] <EOT></s>|MASK <EOT></s>|[MASK] <EOT></s>|[MASK] <EOT></s>|MASK <EOT></s>|[MASK] <EOT></s>|[MASK] <EOT></s>|MASK .config(Feature.AllowUnQuotedFieldNames, true);
             MAS|[MASK] <EOT></s>|MASK <EOT></s>|[MASK] <EOT></s>|MASK <EOT></s>|MASK <EOT></s>|MASK <EOT></s>",
231,directories,blazeDirectories,False,3,blazeDirectories|blazeDirectories|));,blazeDirectories <EOT></s>,"blazeDirectories <EOT></s>|blazeDirectories, runtime.getProductName() <EOT></s>|));

    return workspace.createCommandEnvironment(
        new CommandLineEventHandler(",
232,backingIndex,MASK,False,14,MASK|MASK|MASK|MASK|MASK|MASK|MASK|MASK|MASK|MASK|MASK|MASK|MASK|MASK,[MASK] <EOT></s>,"[MASK] <EOT></s>|[MASK] );
            GetIndexResponse getIndexResponse = client.admin()
               |[MASK] <EOT></s>|[MASK] <EOT></s>|MASK ).getAsBoolean(""index.hidden"", null), is(true));
            Map|MASK <EOT></s>|[MASK] <EOT></s>|MASK );
            GetIndexResponse getIndexResponse = client.admin()
                .ind|MASK ))
                .actionGet();
            assertThat(getIndexResponse.get|[MASK] <EOT></s>|MASK ).getAsBoolean(""index.hidden"", null), is(true));
            Map|MASK <EOT></s>|MASK  = DataStream.getDefaultBackingIndexName(dataStream, 1);|MASK <EOT></s>",
233,numberFormat,MASK,False,6,MASK|MASK|MASK|MASK|MASK|MASK,[MASK] <EOT></s>,"[MASK] <EOT></s>|[MASK] <EOT></s>|[MASK] <EOT></s>|MASK <EOT></s>|MASK  = NumberFormat.getInstance(Locale.ENGLISH);
		|MASK );
		assertThat(bigDecimal).isEqualTo(new BigDecimal(",
234,fullName,MASK,False,3,MASK|MASK|MASK,[MASK] <EOT></s>,"[MASK] <EOT></s>|MASK <EOT></s>|MASK);
		clsInfo = ClassInfo.fromName(root,  MAS",
235,replicaShard,MASK,False,6,MASK|MASK|MASK|r|MASK|MASK,[MASK] <EOT></s>,"[MASK] <EOT></s>|[MASK] <EOT></s>|MASK <EOT></s>|r.getLastKnownGlobalCheckpoint(), equalTo(primaryShard.getLastK|MASK <EOT></s>|MASK);
    }

    public void testPeerRecoverySendSafeCom",
236,project,MASK,False,8,MASK|MASK|MASK|MASK|MASK|MASK|MASK|MASK,[MASK] <EOT></s>,[MASK] <EOT></s>|[MASK] <EOT></s>|[MASK] <EOT></s>|MASK <EOT></s>|MASK <EOT></s>|MASK <EOT></s>|MASK <EOT></s>|MASK <EOT></s>,
237,rootAbs,MASK,False,3,MASK|MASK|MASK,[MASK] <EOT></s>,"[MASK] <EOT></s>|MASK );
    assertThat(  MASK .getParentDirectory()).isNull();|MASK .getParentDirectory()).isNull();
  }

  @Test
",
238,contentType,MASK,False,7,MASK|MASK|MASK|MASK|MASK|MASK|getContentType,[MASK] <EOT></s>,"[MASK] <EOT></s>|[MASK] <EOT></s>|[MASK] );
        } else {
            throw new ElasticsearchParseException(""Could|[MASK] <EOT></s>|MASK <EOT></s>|MASK <EOT></s>|getContentType <EOT></s>",
239,clearRealmCacheRequest,MASK,False,5,MASK|MASK|MASK|MASK|MASK,[MASK] <EOT></s>,"[MASK] <EOT></s>|[MASK] .v1().getRealmName(), is(""default_native""));
|[MASK] <EOT></s>|MASK <EOT></s>|MASK <EOT></s>",
240,rLogger,MASK,False,4,MASK|MASK|MASK|MASK,[MASK] <EOT></s>,[MASK] <EOT></s>|[MASK] <EOT></s>|MASK <EOT></s>|MASK <EOT></s>,
241,updater,final,False,15,final|Warning|settingValue|Setting|Setting|for|must|MASK|MASK|MASK|MASK|MASK|MASK|MASK|MASK,"final Setting<String> deprecatedSetting1 = Setting.simpleString(
            criticalSettingName,","final Setting<String> deprecatedSetting1 = Setting.simpleString(
            criticalSettingName,|Warning
        );
        deprecatedSettingWarningOnly.checkDeprecation(settings);
       |settingValue);
        final Settings settings = Settings.builder().put(settingName, settingValue|Setting });
        final Settings skipSettings = Settings.builder().put(settingName, settingValue|Setting(""a.bool.setting"", true, Property.DeprecatedWarning, Property.Dep|483648] for setting [int.setting] must be <= 21|] must be >= -922337203685477|[MASK] <EOT></s>|MASK <EOT></s>|MASK <EOT></s>|[MASK]  for the affix setting
        final Logger logger = LogManager.get|[MASK] <EOT></s>|MASK <EOT></s>|[MASK] .hasChanged(current, previous));

        // THEN changes are expected|MASK .getValue(current, previous);
        assertNotNull(updatedSettings);
       ",
242,acceptHeaderValue,MASK,False,4,MASK|MASK|MASK|MASK,[MASK] <EOT></s>,[MASK] <EOT></s>|MASK <EOT></s>|MASK <EOT></s>|MASK <EOT></s>,
243,aggProfileShardResult,aggregationProfileShardResult,False,2,aggregationProfileShardResult|aggregationProfileShardResult,aggregationProfileShardResult <EOT></s>,"aggregationProfileShardResult <EOT></s>|aggregationProfileShardResult
        <EOT></s>",
244,annotatedBeanClass,beanClass,False,2,beanClass|beanClass,beanClass <EOT></s>,beanClass <EOT></s>|beanClass <EOT></s>,
245,vScrollKnob,barWidth,False,21,barWidth|return|;|{|pixelsY|}|public|{|return|the|() {||return|EOT|return|MASK|MASK|MASK|MASK|MASK|MASK,"barWidth;
		}
		return width;
	}

	public","barWidth;
		}
		return width;
	}

	public|		return width;
	}

	public float getPrefHeight () {
|;
	}

	public float getMinHeight () {
		return 0|{
		return 0;
	}

	/** Returns the actor that is|= pixelsY;
	}

	/** Returns the x scroll amount. */
	|}

	/** Returns the x scroll amount as a percentage of the maximum x scroll amount.|	public void setScrollY (float pixels) {
		scrollY(MathUtils.|{
		scrollY(MathUtils.clamp(pixels, 0,|return amountY;
	}

	/** Returns the x scroll position as a percentage of|the scroll pane's actor. */
	public float getActorWidth () {
|() {
		return actorArea.width;
	}

	/** Returns the|
	}

	public boolean isTopEdge () {
		return !scrollY|	return !scrollY || amountY <= 0;
	}

	public boolean|() <EOT></s>|return <EOT></s>|[MASK] <EOT></s>|[MASK] <EOT></s>|MASK <EOT></s>|MASK <EOT></s>|MASK <EOT></s>|MASK <EOT></s>",
246,entity,MASK,False,2,MASK|MASK,[MASK] <EOT></s>,[MASK] <EOT></s>|MASK <EOT></s>,
247,fullURLStr,MASK,False,5,MASK|url|decodedURLStr|MASK|MASK,[MASK]   <EOT></s>,"[MASK]   <EOT></s>|url string before decoded
     * @param decodedBody : after {@link URL#decode|decodedURLStr <EOT></s>|[MASK] <EOT></s>|MASK <EOT></s>",
248,source,MASK,False,4,MASK|MASK|MASK|MASK,[MASK] <EOT></s>,"[MASK] <EOT></s>|MASK AsMap();
        assertThat(upsertMap.get(ENABLED_|[MASK] <EOT></s>|MASK <EOT></s>",
249,textureId,textureId,True,2,textureId|textureId,textureId <EOT></s>,textureId <EOT></s>|textureId <EOT></s>,
250,cMemoryOwn,MASK,False,18,MASK|MASK|MASK|MASK|MASK|MASK|MASK|MASK|MASK|MASK|MASK|MASK|MASK|MASK|MASK|MASK|MASK|MASK,[MASK] <EOT></s>,"[MASK] <EOT></s>|[MASK] <EOT></s>|[MASK] <EOT></s>|[MASK] <EOT></s>|[MASK] <EOT></s>|[MASK] );
	}

	protected void construct () {
		final|[MASK] <EOT></s>|[MASK] <EOT></s>|[MASK] <EOT></s>|[MASK] );
			construct();
		}

		@|[MASK] <EOT></s>|MASK <EOT></s>|[MASK] <EOT></s>|[MASK] <EOT></s>|[MASK] <EOT></s>|MASK <EOT></s>|[MASK] <EOT></s>|MASK <EOT></s>",
251,writer,MASK,False,3,MASK|MASK|MASK,[MASK] <EOT></s>,[MASK] <EOT></s>|MASK <EOT></s>|MASK <EOT></s>,
252,shift,MASK,False,2,MASK|MASK,MASK <EOT></s>,MASK <EOT></s>|MASK <EOT></s>,
253,linkOff,linkOff,True,1,linkOff,linkOff <EOT></s>,linkOff <EOT></s>,
254,testInfo,MASK,False,4,MASK|MASK|MASK|MASK,[MASK] <EOT></s>,[MASK] <EOT></s>|[MASK] <EOT></s>|MASK <EOT></s>|MASK <EOT></s>,
255,staticVariableName,MASK,False,10,MASK|MASK|MASK|MASK|MASK|MASK|MASK|MASK|MASK|MASK,[MASK] <EOT></s>,"[MASK] <EOT></s>|[MASK] <EOT></s>|MASK <EOT></s>|MASK <EOT></s>|MASK <EOT></s>|MASK <EOT></s>|MASK <EOT></s>|MASK <EOT></s>|MASK <EOT></s>|MASK );
    } else if (instanceMethod.getParameters().size() == 1",
256,nodes,MASK,False,25,MASK|MASK|MASK|MASK|MASK|MASK|MASK|MASK|MASK|MASK|MASK|MASK|MASK|MASK|MASK|MASK|MASK|MASK|MASK|MASK|MASK|MASK|MASK|nodes|MASK,"[MASK]  = DiscoveryNodes.builder().localNodeId(""node"").masterNode","[MASK]  = DiscoveryNodes.builder().localNodeId(""node"").masterNode|[MASK] );

        AtomicInteger calledTimes = new AtomicInteger(0|[MASK] );
            registry.clusterChanged(newEvent);
            assertThat(|[MASK]  = DiscoveryNodes.builder().localNodeId(""node"").masterNode|[MASK] 
        );
        AtomicInteger calledTimes = new AtomicInteger|MASK );
            registry.clusterChanged(newEvent);
            assertThat(called|[MASK] <EOT></s>|[MASK] <EOT></s>|MASK  = DiscoveryNodes.builder().localNodeId(""node"").masterNodeId(""|MASK 
        );
        AtomicInteger calledTimes = new AtomicInteger(|[MASK] <EOT></s>|[MASK] <EOT></s>|MASK );
        registry.clusterChanged(higherVersionEvent);
    }
|[MASK] <EOT></s>|MASK 
        );
        registry.clusterChanged(event);
    }

|MASK <EOT></s>|MASK );
        registry.clusterChanged(event);
        assertBusy(() -> assert|[MASK] <EOT></s>|[MASK] <EOT></s>|[MASK] <EOT></s>|[MASK] <EOT></s>| MASK  <EOT></s>|MASK <EOT></s>|nodes(MASK)
            .build();
    }

    private static Discovery|MASK )
            .build();
    }

    private static ClusterState create",
257,failure,MASK,False,8,MASK|state|MASK|serviceFailed|MASK|EOT|MASK|EOT,[MASK] <EOT></s>,"[MASK] <EOT></s>|state changes, to ensure that the services are healthy when the server is ready to
 * accept|MASK (Service service) {}
  }

  /**
   * A listener for|serviceFailed <EOT></s>|[MASK] <EOT></s>| <EOT></s>|  MASK <EOT></s>| <EOT></s>",
258,clazz,MASK,False,6,MASK|MASK|MASK|MASK|MASK|MASK,[MASK] <EOT></s>,[MASK] <EOT></s>|[MASK] <EOT></s>|[MASK] <EOT></s>|MASK <EOT></s>|MASK <EOT></s>|MASK <EOT></s>,
259,targetField,MASK,False,14,MASK|MASK|MASK|MASK|MASK|MASK|MASK|MASK|staticField|staticField|MASK|targetClass|Either|MASK,[MASK]  <EOT></s>,"[MASK]  <EOT></s>|[MASK]  <EOT></s>|[MASK] <EOT></s>|MASK <EOT></s>|MASK <EOT></s>|MASK <EOT></s>|MASK <EOT></s>|[MASK] <EOT></s>|staticField == null && this.beanName <EOT></s>|staticField"");
			}
			if (this.beanName == null|MASK <EOT></s>|targetClass == null) {
			// targetObject specified but no targetClass
	|Either targetClass or targetObject is required"");
		}

		if (|MASK );
		if (this.fieldObject == null) {
			",
260,values,values,True,41,values|values|values|values|MASK|MASK|values|MASK|Regression|collection|MASK|MASK|MASK|MASK|MASK|MASK|MASK|MASK|MASK|MASK|MASK|MASK|MASK|new|Array|Tears|MASK|MASK|Tears|MASK|MASK|MASK|MASK|values|MASK|values|values|values|values|values|values,"values()
     */
    public void test_values() {
        // Test for method","values()
     */
    public void test_values() {
        // Test for method|values ()
    {
        // Test for method java.util.Collection java.util.|values ()
        Collection c = hm.values();
        assertTrue(""Returned collection|values ();
        assertTrue(""Returned collection of incorrect size()"", c.size() ==|[MASK] <EOT></s>|[MASK] ();
        assertTrue(""Returned collection of incorrect size()"",  [|values ()"",  [MASK] )
                .runTest();
         [MASK| MASK
                , ""Test Returned Collection From LinkedHashMap. values ()""
|  // Regression for HARMONY-489
            Map map = new Linked|collection should remove from the original map"",
                !myLinkedHashMap.containsValue(new|[MASK] <EOT></s>|[MASK] <EOT></s>|[MASK] <EOT></s>|[MASK] () does not work"",
                ""value"",  [MASK] .|[MASK] <EOT></s>|[MASK] <EOT></s>|MASK <EOT></s>|[MASK] () is identical"",  [MASK] 2 ==  [MASK|MASK <EOT></s>|MASK );
        assertTrue("" MASK () is identical"",  MASK |[MASK] <EOT></s>|MASK () was not cloned"",
                ""value2"",  MASK |MASK <EOT></s>|= new Integer(i);
            objArray2[i] = new Integer(i);|Array[i].toString();
            hm.put(objArray2[i], obj|* Tears down the fixture, for example, close a network connection. This
     *|[MASK] <EOT></s>|[MASK] <EOT></s>|Tears ();
        Iterator it1 = s1.iterator();
        assertTrue(""|[MASK] <EOT></s>|MASK <EOT></s>|[MASK] <EOT></s>|MASK <EOT></s>|values <EOT></s>|MASK <EOT></s>|values);

        SpliteratorTester.runBasicIterationTests_unordered(|values <EOT></s>|values , expectedValues);
        SpliteratorTester.testSpliteratorNPE(|values <EOT></s>|values <EOT></s>|values <EOT></s>",
261,number,MASK,False,12,MASK|MASK|MASK|MASK|MASK|MASK|MASK|MASK|MASK|MASK|MASK|MASK, [MASK] <EOT></s>," [MASK] <EOT></s>|MASK <EOT></s>|MASK ));
	}

	@Test
	void convertBigDecimalToBig|[MASK] <EOT></s>|[MASK] <EOT></s>|MASK <EOT></s>|MASK <EOT></s>|MASK Format = NumberFormat.getInstance(Locale.ENGLISH);
		|MASK <EOT></s>|MASK <EOT></s>|MASK <EOT></s>| MASK  <EOT></s>",
262,details,details,True,4,details|details|userDetails|userDetails,details <EOT></s>,"details <EOT></s>|details <EOT></s>|userDetails <EOT></s>|userDetails);
    }

    public synchronized void createAccount(String username, String",
263,builder,MASK,False,18,MASK|MASK|MASK|MASK|MASK|MASK|MASK|MASK|MASK|MASK|MASK|MASK|MASK|MASK|MASK|MASK|MASK|MASK,[MASK] <EOT></s>,"[MASK] <EOT></s>|MASK  <EOT></s>|MASK <EOT></s>|[MASK] <EOT></s>|MASK <EOT></s>|MASK <EOT></s>|[MASK] <EOT></s>|MASK <EOT></s>|MASK <EOT></s>|[MASK]  = RequestOptions.DEFAULT.toBuilder();

        RequestConfig.|MASK <EOT></s>|MASK <EOT></s>|MASK <EOT></s>|MASK <EOT></s>|MASK <EOT></s>|MASK <EOT></s>|MASK <EOT></s>|MASK <EOT></s>",
264,request,request,True,4,request|request|request|request,request <EOT></s>,"request <EOT></s>|request, channel <EOT></s>|request,
        ActionListener<ClusterGetSettingsAction.Response> listener
    ) {|request, ClusterState state) {
        return null;
    }

    @",
265,putLifecycle,request,False,2,request|request,request <EOT></s>,request <EOT></s>|request <EOT></s>,
266,create,MASK,False,4,MASK|MASK|MASK|includeDefault,"[MASK] )
        throws IOException {
        return getPrefix(namespace, false,","[MASK] )
        throws IOException {
        return getPrefix(namespace, false,|MASK <EOT></s>|MASK <EOT></s>|includeDefault <EOT></s>",
267,routingTable,MASK,False,8,MASK|MASK|MASK|MASK|MASK|MASK|routingTable|MASK,[MASK] <EOT></s>,[MASK] <EOT></s>|[MASK] <EOT></s>|[MASK] <EOT></s>|MASK <EOT></s>|[MASK] <EOT></s>|MASK <EOT></s>|routingTable <EOT></s>|MASK <EOT></s>,
268,aliases,MASK,False,11,MASK|MASK|MASK|MASK|MASK|MASK|MASK|MASK|MASK|settings|Settings,[MASK] <EOT></s>,"[MASK] <EOT></s>|MASK <EOT></s>|MASK <EOT></s>|[MASK] <EOT></s>|[MASK] <EOT></s>|MASK <EOT></s>|MASK <EOT></s>|MASK );
            CreateDataStreamAction.Request createDataStreamRequest = new CreateDataStream|MASK <EOT></s>|settings(Settings.builder().put(""index.hidden"", true))
                    .mappings|Settings.builder().put(""index.hidden"", true).build() )
                    .ali",
269,actualList,actualValues,False,3,actualValues|actualValues|actualValues,actualValues <EOT></s>,"actualValues <EOT></s>|actualValues
                <EOT></s>| actualValues
                    + "" with keys: ""
                    + actualValues.stream",
270,listener,listener,True,3,listener|MASK|MASK,listener <EOT></s>,listener <EOT></s>|[MASK] <EOT></s>|MASK <EOT></s>,
271,service,service,True,6,service|MASK|MASK|MASK|EOT|MASK,service <EOT></s>,service <EOT></s>|[MASK] <EOT></s>|[MASK] <EOT></s>|MASK <EOT></s>|  <EOT></s>|MASK <EOT></s>,
272,uniformNames,uniformNames,True,1,uniformNames,"uniformNames, int uniformCount, IntBuffer uniformIndices);

	public native void gl","uniformNames, int uniformCount, IntBuffer uniformIndices);

	public native void gl",
273,totalCharsWritten,MASK,False,5,MASK|MASK|MASK|totalBytesWritten|len,[MASK] <EOT></s>,"[MASK] <EOT></s>| [MASK]  <EOT></s>|MASK <EOT></s>|totalBytesWritten
                    + "" bytes ===> "" +   MASK 
|len) == false) {
            logln(""Multipass test failed"");
        }",
274,expected,MASK,False,10,MASK|MASK|MASK|MASK|MASK|expected|MASK|MASK|MASK|MASK,[MASK] <EOT></s>,[MASK] <EOT></s>|[MASK] <EOT></s>|[MASK] <EOT></s>|[MASK] <EOT></s>|[MASK] <EOT></s>|expected IdleStateEvents  <EOT></s>|MASK <EOT></s>|MASK <EOT></s>|MASK <EOT></s>|MASK <EOT></s>,
275,reader,MASK,False,5,MASK|MASK|MASK|MASK|MASK,[MASK] <EOT></s>,[MASK] <EOT></s>|[MASK] <EOT></s>|[MASK] <EOT></s>|MASK <EOT></s>|MASK <EOT></s>,
276,columnIndex,columnIndex,True,4,columnIndex|columnIndex|columnIndex|columnIndex,"columnIndex) throws SQLException {
    return toPrimitiveBytes(rs.getBlob","columnIndex) throws SQLException {
    return toPrimitiveBytes(rs.getBlob|columnIndex <EOT></s>|columnIndex <EOT></s>|columnIndex <EOT></s>",
277,project,node,False,6,node|MASK|ProjectMetadata|putCustom|ProjectMetadata|MASK,"node.DiscoveryNodes;
import org.elasticsearch.cluster.service.Cluster","node.DiscoveryNodes;
import org.elasticsearch.cluster.service.Cluster|[MASK] <EOT></s>|ProjectMetadata <EOT></s>|putCustom(ProjectMetadata.TYPE, MASK))
            // We need to ensure only|ProjectMetadata.TYPE,  MASK. <EOT></s>|MASK <EOT></s>",
278,centerY,centerY,True,2,centerY|centerY,centerY <EOT></s>,centerY <EOT></s>|centerY <EOT></s>,
279,sparseIndexMap,MASK,False,4,MASK|MASK|MASK|MASK,[MASK] <EOT></s>,[MASK] <EOT></s>|[MASK] <EOT></s>|MASK <EOT></s>|MASK <EOT></s>,
280,vStart,MASK,False,6,MASK|MASK|MASK|MASK|MASK|MASK,[MASK] <EOT></s>,[MASK] <EOT></s>|[MASK] <EOT></s>|MASK <EOT></s>|MASK <EOT></s>|MASK <EOT></s>|MASK <EOT></s>,
281,simpleInstruction,simpleInstruction,True,3,simpleInstruction|simpleInstruction|simpleInstruction,"simpleInstruction)
    {
        // Are we inlining this instruction?
       ","simpleInstruction)
    {
        // Are we inlining this instruction?
       |simpleInstruction <EOT></s>|simpleInstruction <EOT></s>",
282,terms,MASK,False,11,MASK|MASK|doc|if|Long|);|Long|Long|MASK|MASK|MASK,[MASK] <EOT></s>,"[MASK] <EOT></s>|MASK .TermsAggregatorFactory;
import org.elasticsearch.search.aggreg|(doc);
                document.add(new SortedNumericDocValuesField(NUMER|       if (doc instanceof Double) {
            return NumericUtils.doubleToSortableLong|Long) {
            return doc.longValue();
        } else {
            throw new|"");
    }

    private static class AggTestConfig {
        private final Variable|Long  .getBuckets().size(), deltaError);
                assertEquals(1L|Long .getBuckets().get(0).getDocCount(), deltaError);
               |[MASK] <EOT></s>|[MASK] <EOT></s>|MASK <EOT></s>",
283,asMap,bar,False,22,bar|ref|ref|});|build|Settings|Integer|builder|assertEquals|settingWithFallback|size|value|builder|ms|To|bar|expectThrows||intSetting|Property|Setting|Property,".bar"", ""test1,test2"").build(), builder.build());
        assertEquals",".bar"", ""test1,test2"").build(), builder.build());
        assertEquals|, ref.get().size());
        assertEquals(""123"", ref.get().|(ref.get().toArray(new String[0]), new String[] { ""12|"" });

        // try to parse invalid values
        try {
            listSetting.|"", ""123"").build(), builder.build());
        assertEquals(1, ref|Settings.EMPTY);
        assertTrue(defaultValue.isEmpty());

        builder|Integer> ints = otherSettings.get(Settings.builder().putList(""foo.bar|.builder().putList(""foo.bar"", ""1"", ""2"", ""3"").build|assertEquals(4, intValues.size());
        assertEquals(0, intValues.|= settingWithFallback.get(Settings.EMPTY);
        assertFalse(|.size());
        assertEquals(""foo,bar"", value.get(0));

|value.get(0));

        value = settingWithFallback.get(Settings|.builder().putList(""foo.baz"", ""test1"", ""test2"").build());|99ms"").build())
        );
        assertThat(illegalArgumentException.getMessage|To(""failed to parse value [4999ms] for setting [bar], must be|[bar], must be >= [5s]""));
        illegalArgumentException = expectThrows|= expectThrows(
            IllegalArgumentException.class,
            () -> settingWith|
    }

    public void testByteSizeValue() {
        final ByteSizeValue|> intSetting = Setting.intSetting(""foo.int"", 1, Property.Dynamic,|Property.Dynamic, Property.NodeScope);
        Setting<Integer> intSetting2 = Setting|2 = Setting.intSetting(""prefix.bar"", 1, Property.NodeScope, Property|Property.Dynamic);
        Setting<Integer> intSetting3 = Setting.intSetting(""prefix",
284,methodName,methodName,True,7,methodName|MASK|MASK|MASK|MASK|MASK|MASK,methodName <EOT></s>,"methodName <EOT></s>|[MASK] <EOT></s>|[MASK] <EOT></s>|[MASK] )) {
            return handleStartActivity(target, method, args);|[MASK] <EOT></s>|MASK )) {
            return handleStartActivity(target, method, args);
       |MASK <EOT></s>",
285,activityClazzName,MASK,False,8,MASK|MASK|MASK|MASK|MASK|MASK|MASK|MASK,[MASK] <EOT></s>,"[MASK] <EOT></s>|MASK <EOT></s>|MASK  = packageName +  MASK ;
            }
            if (!inc|MASK ;
            }
            if (!incActivities.contains( [MASK]|MASK <EOT></s>|[MASK] <EOT></s>|MASK )
                );
            }
            final String taskAffinityVal = newActivity|MASK <EOT></s>",
286,searchFor,MASK,False,7,MASK|MASK|MASK|MASK|MASK|MASK|MASK,[MASK]  <EOT></s>,[MASK]  <EOT></s>|[MASK] <EOT></s>|[MASK] <EOT></s>|[MASK] <EOT></s>|[MASK]  <EOT></s>|MASK <EOT></s>|MASK <EOT></s>,
287,chunkingSettings,chunkingSettings,True,2,chunkingSettings|chunkingSettings,"chunkingSettings
    ) {
        return new OpenAiEmbeddingsModel(","chunkingSettings
    ) {
        return new OpenAiEmbeddingsModel(|chunkingSettings <EOT></s>",
288,groupEnd,MASK,False,12,MASK|MASK|MASK|MASK|MASK|MASK|MASK|MASK|MASK|MASK|MASK|MASK,[MASK] <EOT></s>,"[MASK] <EOT></s>|[MASK] <EOT></s>|[MASK] <EOT></s>|[MASK] <EOT></s>|[MASK] <EOT></s>|MASK <EOT></s>|[MASK] <EOT></s>|MASK <EOT></s>|[MASK] <EOT></s>|MASK <EOT></s>|MASK <EOT></s>|MASK ; g++) {
        int groupId = groups.getInt(g);
",
289,nonExistingTask,tasks,False,2,tasks|tasks,"tasks = deletedProjects.stream().map(this::createTask).toList();
        Cl","tasks = deletedProjects.stream().map(this::createTask).toList();
        Cl|tasks <EOT></s>",
290,requiredSize,rootIndex,False,2,rootIndex|rootIndex,"rootIndex = (long) bucket * bucketSize;
        long endIndex <EOT></s>","rootIndex = (long) bucket * bucketSize;
        long endIndex <EOT></s>|rootIndex + bucketSize <EOT></s>",
291,backPointers,MASK,False,3,MASK|MASK|MASK, [MASK] <EOT></s>, [MASK] <EOT></s>|MASK <EOT></s>|MASK <EOT></s>,
292,whitelistUserControlledList,,False,10,|MASK|MASK|MASK|MASK|MASK|MASK|MASK|MASK|MASK,                                                                                                                                                                                                                                                                                                                               ,                                                                                                                                                                                                                                                                                                                               |[MASK] <EOT></s>|[MASK] <EOT></s>|[MASK] <EOT></s>|[MASK] <EOT></s>|MASK <EOT></s>|[MASK] <EOT></s>|[MASK] <EOT></s>|[MASK] <EOT></s>|MASK <EOT></s>,
293,contentType,mediaType,False,2,mediaType|mediaType,mediaType <EOT></s>,mediaType <EOT></s>|mediaType <EOT></s>,
294,className,className,True,7,className|MASK|MASK|MASK|className|MASK|className,"className;

  /**
   * The access flags of the class to which this symbol table","className;

  /**
   * The access flags of the class to which this symbol table|[MASK] ;
  }

  /**
   * Returns the number of entries|[MASK] <EOT></s>|MASK <EOT></s>|className =  MASK ;
    return addConstantClass(  MASK ).|MASK ;
    return addConstantClass( [MASK] ).index;
 |className );
  }

  /**
   * Returns the number of entries in this symbol",
295,otherLat,otherLat,True,11,otherLat|MASK|MASK|MASK|MASK|MASK|MASK|MASK|MASK|MASK|MASK,otherLat <EOT></s>,"otherLat <EOT></s>|[MASK] <EOT></s>|MASK , otherLon) / 1000d, 0.01|[MASK] <EOT></s>|[MASK] <EOT></s>|MASK <EOT></s>|[MASK] <EOT></s>|MASK , otherLon) / 1000d, 0.01|MASK <EOT></s>|[MASK] <EOT></s>|MASK <EOT></s>",
296,destBitmap,MASK,False,14,MASK|MASK|MASK|MASK|MASK|MASK|MASK|MASK|MASK|MASK|MASK|MASK|MASK|MASK,[MASK] <EOT></s>,"[MASK] <EOT></s>|[MASK] , sourceBitmap);
    } finally {
      CloseableReference.close|[MASK] <EOT></s>|MASK <EOT></s>|[MASK] <EOT></s>|[MASK] <EOT></s>|[MASK] <EOT></s>|MASK );
  }

  /**
   * Clients should override this method|[MASK] <EOT></s>|MASK <EOT></s>|MASK <EOT></s>|MASK <EOT></s>|MASK <EOT></s>|MASK <EOT></s>",
297,fieldName,MASK,False,4,MASK|MASK|MASK|MASK,[MASK] <EOT></s>,[MASK] <EOT></s>|[MASK] <EOT></s>|MASK <EOT></s>|MASK <EOT></s>,
298,executionServer,MASK,False,43,MASK|EOT|MASK|MASK|MASK|MASK|MASK|MASK|MASK|MASK|MASK|MASK|MASK|MASK|MASK|MASK|MASK|MASK|MASK|MASK|MASK|MASK|MASK|MASK|MASK|MASK|MASK|MASK|MASK|MASK|MASK|MASK|MASK|MASK|MASK|MASK|MASK|MASK|MASK|MASK|MASK|MASK|MASK,[MASK] <EOT></s>,"[MASK] <EOT></s>| <EOT></s>|MASK <EOT></s>|[MASK] CapabilitiesImpl = new CapabilitiesImpl(EXEC_AND_CAP|[MASK]  =
        createFakeServer(EXECUTION_SERVER_|[MASK] CapabilitiesImpl);
     [MASK] .start();

   |[MASK] .start();

    try {
      remoteOptions.remoteVerify| [MASK] .shutdownNow();
      cacheServer.shutdownNow|MASK .awaitTermination();
    }
  }

  @Test
 |[MASK] <EOT></s>|[MASK] <EOT></s>|[MASK] <EOT></s>|[MASK] <EOT></s>|[MASK] CapabilitiesImpl.getRequestCount()).isEqualTo(1);
     |MASK .shutdownNow();
       [MASK] .awaitTermination();|MASK .awaitTermination();
    }
  }

  @Test
|[MASK] <EOT></s>|[MASK] <EOT></s>|[MASK] <EOT></s>|[MASK] .start();

    CapabilitiesImpl cacheServerCapabilitiesImpl = new|[MASK] <EOT></s>|[MASK] .shutdownNow();
      cacheServer.shutdownNow();|MASK .awaitTermination();
      cacheServer.awaitTermination();
    }|[MASK] <EOT></s>|MASK  =
        createFakeServer(EXECUTION_SERVER_NAME,|MASK CapabilitiesImpl);
     [MASK] .start();

    Capabilities|MASK .start();

    CapabilitiesImpl cacheServerCapabilitiesImpl = new Capabilities|MASK CapabilitiesImpl.getRequestCount()).isEqualTo(1);
      assertThat|MASK .shutdownNow();
      cacheServer.shutdownNow();
|MASK .awaitTermination();
      cacheServer.awaitTermination();
    }
|[MASK] <EOT></s>|MASK  =
        createFakeServer(EXECUTION_SERVER_NAME,|MASK CapabilitiesImpl);
     MASK .start();

    try {
|MASK .start();

    try {
      remoteOptions.remoteExecutor = EXEC|MASK .shutdownNow();
       MASK .awaitTermination();
|MASK .awaitTermination();
    }
  }

  @Test
 |MASK <EOT></s>|MASK <EOT></s>|MASK <EOT></s>|MASK <EOT></s>|MASK <EOT></s>|MASK .shutdownNow();
       MASK .awaitTermination();
|MASK .awaitTermination();
    }
  }

  @Test
 ",
299,support,MASK,False,4,MASK|MASK|MASK|avoid,[MASK] <EOT></s>,"[MASK] <EOT></s>|[MASK] <EOT></s>|MASK.getDTM(doc);

        if (null != dtm)
|avoid a bug in the Xalan serializer,
     * we need to copy the",
300,fillIn,MASK,False,3,MASK|MASK|MASK, [MASK] <EOT></s>, [MASK] <EOT></s>|MASK <EOT></s>|MASK <EOT></s>,
301,chain,MASK,False,12,MASK|MASK|MASK|MASK|MASK|MASK|MASK|MASK|MASK|MASK|MASK|MASK,[MASK] <EOT></s>,[MASK] <EOT></s>|[MASK] <EOT></s>|MASK <EOT></s>|[MASK] <EOT></s>|MASK <EOT></s>|MASK  <EOT></s>|MASK <EOT></s>|[MASK] <EOT></s>|[MASK] <EOT></s>|MASK <EOT></s>|MASK <EOT></s>|MASK <EOT></s>,
302,composableTemplates,MASK,False,3,MASK|MASK|MASK,[MASK] <EOT></s>,[MASK] <EOT></s>|MASK <EOT></s>|MASK <EOT></s>,
303,indexName,indexName,True,2,indexName|synonymId,indexName <EOT></s>,indexName <EOT></s>|synonymId <EOT></s>,
304,reader,MASK,False,4,MASK|getReader|MASK|MASK,[MASK] <EOT></s>,[MASK] <EOT></s>|getReader <EOT></s>|MASK <EOT></s>|MASK <EOT></s>,
305,found,MASK,False,4,MASK|MASK|MASK|MASK,[MASK] <EOT></s>,"[MASK] <EOT></s>|MASK, t.intValue());
            assertSame(t,  [MASK|  MASK  = DnsRecordType.valueOf(t.name());
            assert|MASK );
        }
    }

    /**
     * Test of valueOf",
306,libraryClassPool,libraryClassPool,True,4,libraryClassPool|libraryClassPool|MASK|MASK,"libraryClassPool the library class pool
     */
    public void finishEditing(ClassPool","libraryClassPool the library class pool
     */
    public void finishEditing(ClassPool|libraryClassPool <EOT></s>|[MASK] <EOT></s>|MASK, null, null).visitProgramClass(programClass);
        new ClassReference",
307,numHeaders,numHeaders,True,2,numHeaders|numHeaders,numHeaders <EOT></s>,numHeaders <EOT></s>|numHeaders <EOT></s>,
308,criticalSettingName,settingName,False,4,settingName|MASK|settingName|settingName,settingName       <EOT></s>,settingName       <EOT></s>|[MASK] <EOT></s>|settingName <EOT></s>|  settingName <EOT></s>,
309,error,e,False,2,e|e,"e) {
    UncheckedThrowingFuture<V> future = new UncheckedThrowing","e) {
    UncheckedThrowingFuture<V> future = new UncheckedThrowing|e <EOT></s>",
310,weeks,weeks,True,31,weeks|MASK|week|weeks|week|the|weeks|Fields|required|S|return|date|al|temporal|getFirstDayOfWeek|the|of|WeekOffset|MASK|MASK|MASK|MASK|MASK|MASK|MASK|MASK|MASK|Math|MASK|MASK|week,"weeks.
 *
 * <h3>Week of Month</h3>
 *","weeks.
 *
 * <h3>Week of Month</h3>
 *|[MASK] <EOT></s>|week-of-year and week-of-month
 * <EOT></s>|weeks <EOT></s>|week-based-year <EOT></s>|the ISO-8601 standard.
     * It uses the week-based-year|weeks.
     * The estimated duration of a week-based-year is the same as|Fields.
     */
    private static final class ComputedDayOfField implements Temporal|required for each WeekFields.
     */
    private static final class ComputedDayOfField|S, FOREVER, WEEK_BASED_YEAR_RANGE);
|@return the new date
         */
        private static LocalDate newDate(Chronology|date
         */
        private static ChronoLocalDate<IsoChronology> new|al);
            } else if (rangeUnit == IsoFields.WEEK_BASE|temporal) {
            int dow = temporal.get(DAY_OF_WEEK);|getFirstDayOfWeek().ordinal();
            int dow = temporal.get(DAY_|the week of week-based-year for the date
         */
        private int localized|of previous year; return the previous year
                return weekOfWeekBasedYear(tempor|WeekOffset(int, int)}
         * @param day the day of the year or month|[MASK] <EOT></s>|MASK <EOT></s>|[MASK] <EOT></s>|MASK <EOT></s>|[MASK] <EOT></s>|MASK <EOT></s>|MASK <EOT></s>|MASK <EOT></s>|MASK  = Math.subtractExact(wowby, 1);
|Math.multiplyExact( MASK , 7) <EOT></s>|[MASK] <EOT></s>|MASK <EOT></s>|week of following year; reduce to week in following year
                week = week - newYearWeek",
311,attachments,MASK,False,2,MASK|MASK,"[MASK] );

	public native void glInvalidateSubFramebuffer (int target","[MASK] );

	public native void glInvalidateSubFramebuffer (int target|MASK , int x, int y, int width,
		int height);

",
312,authnState,state,False,2,state|state,state <EOT></s>,state <EOT></s>|state <EOT></s>,
313,params,MASK,False,12,MASK|MASK|MASK|MASK|MASK|MASK|MASK|MASK|MASK|MASK|MASK|MASK,[MASK] <EOT></s>,[MASK] <EOT></s>|[MASK] <EOT></s>|[MASK] <EOT></s>|[MASK] <EOT></s>|MASK <EOT></s>|[MASK] <EOT></s>|[MASK] <EOT></s>|MASK <EOT></s>|MASK <EOT></s>|MASK <EOT></s>|MASK <EOT></s>|MASK <EOT></s>,
314,instance,instance,True,3,instance|randomValueOtherThan|instance,instance <EOT></s>,"instance <EOT></s>|  randomValueOtherThan(instance.source(), AbstractExpressionSerializationTests::randomSource),|instance.source(), () -> randomSource()),
            randomValueOtherThan(instance.field",
315,field,MASK,False,3,MASK|MASK|MASK,[MASK] <EOT></s>,[MASK] <EOT></s>|MASK <EOT></s>|MASK <EOT></s>,
316,groupEnd,MASK,False,12,MASK|MASK|MASK|MASK|MASK|MASK|MASK|MASK|MASK|MASK|MASK|MASK,[MASK] <EOT></s>,"[MASK] <EOT></s>|[MASK] <EOT></s>|[MASK] <EOT></s>|[MASK] ; g++) {
        int groupId = groups.getInt(g|[MASK] <EOT></s>|MASK <EOT></s>|[MASK] <EOT></s>|MASK <EOT></s>|[MASK] <EOT></s>|MASK ; g++) {
        int groupId = groups.getInt(g);
|MASK  = groupStart + groups.getValueCount(groupPosition);
      for (int|MASK ; g++) {
        int groupId = groups.getInt(g);
",
317,foobarRelative,create,False,21,create|assertThat|To|create|isEqualTo|create|assertThat|actly|assertThat|isEqualTo|That|isEqualTo|a|b|Fragment|getPathString|getPathString|getPathString|getPathString|getPathString|create,"create("""").getSafePathString()).isEqualTo("""");
    assertThat(create","create("""").getSafePathString()).isEqualTo("""");
    assertThat(create|   assertThat(create(""a/./b"")).isEqualTo(create(""a/|To(create(""../b""));
    assertThat(create(""a/b/.."")|(create(""a/.."")).isEqualTo(create(""a""));
    assertThat|).isEqualTo(create(""b""));
    assertThat(create(""a/b/|create(""a/b/.."")).isEqualTo(create(""a""));
    assert|   assertThat(create(""a/b/c/../../b"")).isEqualTo(|actly(""a"");
    assertThat(create(""a/b"").splitToListOfSegments|assertThat(create(""a/b"").getSegment(1)).isEqualTo(""b|)).isEqualTo(""b"");
    assertThat(create(""a/b/c"").|That(create(""/"").getSegment(0)).isNull();
    assertThat(create|)).isEqualTo(""a"");
    assertThat(create(""/a/b"").getSeg|a/b"").getSegment(0)).isEqualTo(""a"");
    assertThat|/b"").getSegment(1)).isEqualTo(""b"");
    assertThat(|Fragment = create(""..foo"");
    assertThat(pathFragment.containsUplevelRe|getPathString()).isEqualTo(""/dir1/file"");
  }

  @|getPathString .endsWith(foobar)).isFalse();

    // (absolute,|getPathString .endsWith( isEqualTo )).isTrue();
    assertThat(|getPathString )).isTrue();

    // (path, sibling) => false|getPathString .endsWith(getPathString )).isTrue();

    // (|create(""bar"") .endsWith(getPathString )).isTrue();
    assertThat",
318,atlasFilename,MASK,False,5,MASK|MASK|MASK|MASK|atlas,[MASK] <EOT></s>,[MASK] <EOT></s>|[MASK] <EOT></s>|MASK <EOT></s>|MASK <EOT></s>|atlas.getAtlasName() <EOT></s>,
319,context,MASK,False,6,MASK|MASK|MASK|MASK|MASK|MASK,[MASK] <EOT></s>,[MASK] <EOT></s>|[MASK] <EOT></s>|[MASK] <EOT></s>|MASK <EOT></s>|MASK <EOT></s>|MASK <EOT></s>,
320,decimalsBlock,MASK,False,8,MASK|MASK|MASK|MASK|MASK|MASK|MASK|MASK,[MASK] <EOT></s>,[MASK] <EOT></s>|[MASK] <EOT></s>|MASK <EOT></s>|MASK <EOT></s>|MASK <EOT></s>|[MASK] <EOT></s>|MASK <EOT></s>|MASK <EOT></s>,
321,oldDescs,MASK,False,4,MASK|MASK|MASK|MASK,[MASK] <EOT></s>,[MASK] <EOT></s>|  [MASK] <EOT></s>|MASK <EOT></s>|MASK <EOT></s>,
322,lineNumberInfo,lineNumberInfo,True,7,lineNumberInfo|inlining|inlining|MASK|MASK|MASK|MASK,"lineNumberInfo)
    {
        // Is the line number in the inlined code?","lineNumberInfo)
    {
        // Is the line number in the inlined code?|inlining ?
                clazz.getName()             + '.' +
                method.|  inlining .getSource() + ':' +
                    lineNumberInfo <EOT></s>|[MASK] <EOT></s>|[MASK] <EOT></s>|MASK <EOT></s>|MASK <EOT></s>",
323,headersBuilder,MASK,False,8,MASK|MASK|MASK|MASK|MASK|MASK|MASK|MASK,[MASK] <EOT></s>,[MASK] <EOT></s>|  [MASK] <EOT></s>|MASK <EOT></s>|[MASK] <EOT></s>|MASK <EOT></s>|[MASK] <EOT></s>|[MASK] <EOT></s>|MASK <EOT></s>,
324,client,MASK,False,3,MASK|MASK|client,[MASK] <EOT></s>,[MASK] <EOT></s>|  MASK  <EOT></s>|client <EOT></s>,
325,configuration,MASK,False,17,MASK|MASK|MASK|MASK|MASK|MASK|MASK|MASK|MASK|MASK|MASK|MASK|MASK|MASK|MASK|MASK|MASK,[MASK] <EOT></s>,"[MASK] <EOT></s>|MASK <EOT></s>|MASK <EOT></s>|[MASK] <EOT></s>|[MASK] .getConcurrency() != null) {
			factory.set|MASK <EOT></s>|[MASK] .getPrefetch() != null) {
			factory.|MASK <EOT></s>|MASK .getConcurrentConsumers() != null) {
			factory.|MASK <EOT></s>|MASK .getFailedDeclarationRetryInterval() != null) {
			factory|MASK <EOT></s>|[MASK] <EOT></s>|[MASK] <EOT></s>|[MASK] <EOT></s>|MASK <EOT></s>|MASK <EOT></s>",
326,operator,MASK,False,10,MASK|MASK|MASK|ts|MASK|ts|MASK|MASK|MASK|MASK,[MASK] <EOT></s>,"[MASK] <EOT></s>|MASK <EOT></s>|[MASK] <EOT></s>|  ts.onSubscribe(new BooleanSubscription());

         [MASK] .|[MASK] .queue.offer(1);

         [MASK] .|ts .cancel();

         assertTrue( [MASK] .queue.isEmpty());
|[MASK] .queue.isEmpty());

         [MASK] .addAndGet|[MASK] .queue.clear();

        assertTrue( [MASK] .|MASK .drain();

        assertTrue( MASK .queue.isEmpty());|MASK <EOT></s>",
327,checkLicense,MASK,False,5,MASK|MASK|MASK|MASK|MASK,[MASK] <EOT></s>,[MASK] <EOT></s>|MASK <EOT></s>|[MASK] <EOT></s>|MASK <EOT></s>|MASK <EOT></s>,
328,seekPoint,seekPoint,True,3,seekPoint|MASK|MASK,seekPoint  <EOT></s>,"seekPoint  <EOT></s>|[MASK] , seekPoint <EOT></s>|MASK <EOT></s>",
329,array,MASK,False,175,MASK|MASK|MASK|MASK|MASK|MASK|MASK|MASK|MASK|MASK|MASK|MASK|MASK|MASK|MASK|MASK|MASK|MASK|MASK|sequence|MASK|MASK|MASK|MASK|MASK|MASK|MASK|MASK|MASK|MASK|MASK|MASK|MASK|MASK|MASK|MASK|MASK|MASK|MASK|MASK|MASK|MASK|MASK|MASK|MASK|MASK|MASK|MASK|MASK|MASK|MASK|MASK|MASK|MASK|MASK|MASK|MASK|MASK|MASK|single|MASK|MASK|MASK|MASK|MASK|MASK|MASK|MASK|MASK|MASK|MASK|arraycopy|EOT|MASK|MASK|MASK|MASK|MASK|MASK|MASK|MASK|MASK|MASK|MASK|MASK|MASK|MASK|MASK|MASK|MASK|MASK|MASK|MASK|MASK|MASK|MASK|MASK|MASK|MASK|values|of|as|the|is|A|the|when|which|Pattern|fA|pP|pP|fFdD|NaN|Pattern|util|ASCII|u002D|D|minus|code|*|return||since|regular|()) {|asser|a||several|MASK|MASK|MASK|MASK|MASK|several|MASK|MASK|MASK|MASK|MASK|distance|MASK|MASK|MASK|MASK|MASK|MASK|MASK|MASK|double|MASK|MASK|MASK|MASK|MASK|MASK|int|MASK|int|MASK|MASK|MASK|MASK|MASK|MASK|MASK|MASK|MASK|that|MASK|MASK|MASK|MASK,[MASK] <EOT></s>,"[MASK] <EOT></s>|[MASK] <EOT></s>|[MASK] <EOT></s>|[MASK] <EOT></s>|[MASK] <EOT></s>|[MASK] <EOT></s>|[MASK] <EOT></s>|[MASK] <EOT></s>|[MASK] <EOT></s>|[MASK] <EOT></s>|[MASK] <EOT></s>|[MASK] <EOT></s>|[MASK] .length);
  }

  // TODO(kevinb):|[MASK] <EOT></s>|[MASK] <EOT></s>|[MASK] }. Note that this always returns {@code -1} when {@code target|[MASK] <EOT></s>|[MASK]  an  [MASK]  of {@code double} values, possibly|[MASK]  of {@code double} values, possibly empty
   * @param target|sequence of {@code double} values to search for within {@code  MASK }
  |MASK }
   */
  public static int indexOf(double[]  MASK|[MASK] , double[] target) {
    checkNotNull( [MASK]|[MASK] , "" [MASK] "");
    checkNotNull(target, ""|[MASK]"");
    checkNotNull(target, ""target"");
    if (|[MASK] .length - target.length + 1; i++) {
      for|[MASK] [i + j] != target[j]) {
          continue outer;|[MASK] <EOT></s>|[MASK] <EOT></s>|MASK  of {@code double} values, possibly empty
   * @param target a primitive|MASK [i] == target} for some value of {@code i}
   */|[MASK] <EOT></s>|MASK , target, 0,  MASK .length);
  }
|MASK .length);
  }

  // TODO(kevinb): consider|[MASK] , double target, int start, int end) {
    for (int|MASK [i] == target) {
        return i;
      }
   |[MASK] <EOT></s>|[MASK] <EOT></s>|[MASK] <EOT></s>|[MASK] <EOT></s>|MASK <EOT></s>|[MASK] <EOT></s>|[MASK] <EOT></s>|[MASK] <EOT></s>|[MASK] <EOT></s>|MASK .length; i++) {
      min = Math.min(min,  M|MASK <EOT></s>|[MASK] <EOT></s>|[MASK] <EOT></s>|[MASK <EOT></s>|MASK <EOT></s>|MASK <EOT></s>|MASK <EOT></s>|MASK ) {
    checkArgument( MASK .length > 0);
   |MASK .length > 0);
    double max =  MASK [0|[MASK] <EOT></s>|MASK .length; i++) {
      max = Math.max(max,  M|MASK <EOT></s>|[MASK]  in order. For example, {@code concat(new
   *|[MASK]  of the same size. The
   * returned  [MASK]|single <EOT></s>|[MASK] <EOT></s>|[MASK] s
   * @return an  [MASK]  containing all the|[MASK] <EOT></s>|[MASK] <EOT></s>|[MASK] <EOT></s>|[MASK] s) {
    int length = 0;
    for (double|[MASK] <EOT></s>|[MASK] <EOT></s>|[MASK] <EOT></s>|[MASK] <EOT></s>|MASK s) {
      System. [MASK] copy( [MASK] ,|arraycopy(  MASK , 0, result, pos,  [MASK]| <EOT></s>|[MASK] <EOT></s>|MASK .length;
    }
    return result;
  }

 |[MASK] <EOT></s>|[MASK]  containing the given values, in order.
   *
   * @|[MASK] } that has been copied and
   * truncated or padded with zeros|[MASK] <EOT></s>|[MASK] <EOT></s>|[MASK] <EOT></s>|[MASK] <EOT></s>|[MASK]  to pad
   * @param minLength the minimum length the returned |[MASK] <EOT></s>|[MASK] <EOT></s>|[MASK] <EOT></s>|MASK <EOT></s>|[MASK] <EOT></s>|[MASK] <EOT></s>|[MASK] <EOT></s>|[MASK] ;
  }

  /**
   * Returns a string containing the|[MASK] <EOT></s>|MASK <EOT></s>|[MASK] ) {
    checkNotNull(separator);
    if ( [|[MASK] <EOT></s>|[MASK] <EOT></s>|[MASK] <EOT></s>|MASK .length; i++) {
      builder.append(separator).append( M|MASK <EOT></s>|values according to the order they
   * would be returned by {@link Double#compare(double|of the  [MASK] <EOT></s>|as the lesser.
   * For example, {@code ""[1, 2]"" <|the
   * {@link Comparable} sort order implies that all  MASK <EOT></s>|is incurred.
   */
  private static final String FLOATING_P|   // A regex which matches valid  [MASK]  values.
    //
   |the exponent because the latter is greedy, and thus can't be used
     * with|when we
     * convert to a string, which is useful for debugging.
     */
|2, which doesn't support them.
     */
    return java.util.regex|.Pattern (which does support them).
     */
    return java.util.regex.|fA-F]*#)?|\\.[0-9a-fA-F]+|]+#)[pP][+-]?[0-9a-fA-F|""[pP][+-]?\\d+#[fFdD]?"";|fFdD]?"";
    return java.util.regex.Pattern.compile(""|-]?(?:NaN|Infinity|"" + completeDec + ""|"" +|Pattern = ""(?:"" + fpPattern + "")|(?:\\p{Whitespace}+|.util.regex.Pattern
        .compile(fpPattern);
  }

 |ASCII character
   * {@code '-'} (<code>'&#92;u00|>'&#92;u002D'</code>) is recognized as the minus sign|D'</code>) is recognized as the minus sign.
   *
   * <p|minus sign.
   *
   * <p>Unlike {@link Double#parseDouble|{@code null} instead of
   * throwing an exception if parsing fails. Valid inputs are exactly|  *
   * <p>This implementation is likely to be faster than {@code Double.|@return the floating-point value represented by {@code string}, or {@code null} if {@|
   * @since 15.0
   */
  @Beta
 |* @since 14.0
   */
  @Beta
  @Null|regular expressions
  @Beta
  @Nullable
  public static Double tryParse(|()) {
      return Double.valueOf(string);
    }
    return null;
|asser): consider making this (and the other methods in this class)
      // public API
|a lot of work
      return Double.valueOf(string);
    }
    return null|
        return Double.valueOf(string);
      } catch (NumberFormatException ok) {|several times, so fall through
        // gracefully
      }
    }
    return|[MASK] .length}. This is equivalent to {@code Collections.rotate(Bytes.|[MASK] <EOT></s>|[MASK] <EOT></s>|[MASK] <EOT></s>|[MASK] .length);
  }

  /**
   * Performs a|several <EOT></s>|[MASK] <EOT></s>|MASK <EOT></s>|[MASK] <EOT></s>|[MASK] <EOT></s>|[MASK] <EOT></s>|distance %  MASK <EOT></s>|[MASK] <EOT></s>|[MASK] <EOT></s>|MASK , fromIndex, toIndex);
  }

  /**
   * Returns|[MASK] <EOT></s>|[MASK] <EOT></s>|[MASK] <EOT></s>|[MASK] <EOT></s>|MASK ;
  }

  /**
   * Returns a fixed-size list back|double array. The returned list is immutable.
   *
   * <p>For|[MASK] <EOT></s>|MASK 
   * @throws NullPointerException if {@code backingArray} is null|[MASK] <EOT></s>|[MASK] <EOT></s>|[MASK] <EOT></s>|[MASK] .length);
    }

    DoubleArrayAsList(double[]|, int start, int end) {
      this. [MASK]  =  [|MASK <EOT></s>|int <EOT></s>|[MASK] <EOT></s>|[MASK] <EOT></s>|[MASK] <EOT></s>|[MASK] <EOT></s>|MASK <EOT></s>|[MASK] <EOT></s>|[MASK <EOT></s>|MASK <EOT></s>|[MASK] <EOT></s>|[that.start + i]) {
            return false;
          }
        }
|[MASK] <EOT></s>|MASK <EOT></s>|MASK <EOT></s>|MASK <EOT></s>",
330,content,MASK,False,6,MASK|MASK|MASK|MASK|MASK|MASK,[MASK] <EOT></s>,[MASK] <EOT></s>|[MASK] <EOT></s>|[MASK] <EOT></s>|MASK <EOT></s>|MASK <EOT></s>|MASK <EOT></s>,
331,options,EOT,False,12,EOT|MASK|MASK|MASK|MASK|MASK|MASK|MASK|MASK|MASK|MASK|MASK, <EOT></s>," <EOT></s>| [MASK] <EOT></s>|[MASK] <EOT></s>|MASK ));
  }

  @Test
  public void testReturnsNull|[MASK] <EOT></s>|[MASK] <EOT></s>|[MASK] <EOT></s>|[MASK] ))
            .fetcher);
  }

  @Test|MASK <EOT></s>|MASK <EOT></s>|MASK <EOT></s>|MASK <EOT></s>",
332,width,width,True,68,"width|width|width|width|width|width|width|width|width|vScroll|if|barHeight|param|this|setActor|Actor|{|Pane|public||{|public|ctorAt|if|public|y|return|Y|x|void|X|ScrollX|return|return|maxY|0, 1));|float|;|||public|style|return|MASK|}||*/|disableX|disableY|return|isTopEdge|TouchFocus|cancelTouchFocus|MASK|MASK|MASK|actorArea|MASK|actorArea|MASK|EOT|MASK|EOT|EOT|EOT|width|;|width","width
 * is less than the width of this scroll pane, the child actor is centered hor","width
 * is less than the width of this scroll pane, the child actor is centered hor|width * (x < hKnobBounds.x ? -1 : 1));
|width <EOT></s>|width, scrollH);
					float total = hScrollBounds.width -|width  - hKnobBounds. width ;
					if (total|width  - hKnobBounds. width <EOT></s>|width <EOT></s>|width <EOT></s>|width <EOT></s>|.vScroll != null) scrollbarWidth = Math.max(scrollbarWidth, style.|		if (scrollX) {
				if (style.hScrollK|barHeight = style.hScrollKnob.getMinHeight();
			if|* @param actor May be null. */
	public void setActor (Actor actor|this.actor != null) super.addActor(this.actor);
		in|#setActor(Actor)} instead. */
	@Deprecated
	public|Actor (Actor actor) {
		if (this.actor == null)
|{
		throw new UnsupportedOperationException(""Use ScrollPane#setActor."");
|Pane#setActor."");
	}

	/** @deprecated ScrollPane may|	public void addActorBefore (Actor actorBefore, Actor actor) {
	|
		setActor(null);
		return true;
	}

|{
		if (actor == null) throw new IllegalArgumentException(""actor cannot be|public void clearChildren () {
		setActor(null);
	}

|ctorAt(index, unfocus);
		if (actor == this.actor) this|		if (actor == this.actor) this.actor = null;
		return|	public Actor removeActor (int index, boolean unfocus) {
		A||| y < 0 || x >= getWidth() || y >= getHeight()) return null;|()) return null;
		if (actor == null) return this;
		if|Y && touchScrollV && vScrollBounds.contains(x, y)) return this;
|x, y)) return this;
			if (actor != null && actor.get|void visualScrollX (float pixelsX) {
		this.visualAmountX = pixels|X));
	}

	/** Returns the amount to scroll vertically when the mouse wheel|ScrollX () {
		return amountX;
	}

	/** Returns the|== 0) return 0;
		return MathUtils.clamp(amountX|		return MathUtils.clamp(amountX / maxX, 0, 1|maxY * MathUtils.clamp(percentY, 0, 1));
	|0, 1));
	}

	public boolean isScrollX () {
|(float x, float y, float width, float height) {
		scrollTo(|;
		if (centerVertical)
			amountY = y + (height|
		scrollY(MathUtils.clamp(amountY, 0, maxY|
	}

	/** Sets the scroll offset so the specified actor is fully in view|public float getMaxY () {
		return maxY;
	}

	|style.hScrollKnob.getMinHeight();
		if (style.h|return 0;
		float width = 0;
		if (style.|[MASK]  = Math.max( [MASK]  , style.vScroll|	}

	/** Returns true if the actor is larger than the scroll pane vertically|
	public boolean isScrollY () {
		return scrollY;
	}
|*/
	public void setScrollingDisabled (boolean x, boolean y) {
	|		disableX = x;
		disableY = y;
	}

|== disableY) return;
		disableX = x;
		disableY =|return !scrollX || amountX >= maxX;
	}

	public boolean is|isTopEdge () {
		return !scrollY || amountY <= 0;
|TouchFocus) {
		this.cancelTouchFocus = cancelTouchFocus;
	}|= cancelTouchFocus;
	}

	public void setTouchScrollH (boolean touch|[MASK] <EOT></s>|[MASK] <EOT></s>|MASK <EOT></s>|actorArea. [MASK]  <EOT></s>|[MASK] <EOT></s>|actorArea. [MASK] );
		scrollX(MathUtils.clamp(|MASK );
		scrollX(MathUtils.clamp(amountX, 0|}  <EOT></s>|[MASK] <EOT></s>|EOT <EOT></s>|EOT  <EOT></s>|EOT ;
	}

	/** Returns the width of the scrolled viewport.|width <EOT></s>|;
	}

	/** Returns the  height  of the scrolled viewport.|width <EOT></s>",
333,orientation,result,False,4,result|orientation|orientation|orientation,"result from the first of {@code parsers} that returns something other than {@link
   *","result from the first of {@code parsers} that returns something other than {@link
   *|orientation <EOT></s>|orientation <EOT></s>|orientation <EOT></s>",
334,totalBytes,freeBytes,False,5,freeBytes|freeBytes|MASK|MASK|MASK,"freeBytes = ByteSizeValue.ofBytes(usage.freeBytes());
        ByteSizeValue","freeBytes = ByteSizeValue.ofBytes(usage.freeBytes());
        ByteSizeValue|freeBytes());
        ByteSizeValue  usedBytes  = ByteSizeValue.ofBytes(|[MASK] <EOT></s>|[MASK] <EOT></s>|MASK <EOT></s>",
335,mockClient,MASK,False,8,MASK|MASK|MASK|MASK|MASK|MASK|MASK|MASK,[MASK] <EOT></s>,"[MASK] <EOT></s>|[MASK] <EOT></s>|[MASK] WithTasksResponse(getTaskInfoListOfOne(), threadPool);
       |MASK <EOT></s>|[MASK] <EOT></s>|[MASK] ).threadPool();
        doReturn(null).when( [MASK|MASK <EOT></s>|MASK <EOT></s>",
336,suppressPositionProjection,isLiveEdgeInPeriodWindow,False,3,isLiveEdgeInPeriodWindow|isLive|isLive,isLiveEdgeInPeriodWindow <EOT></s>,"isLiveEdgeInPeriodWindow <EOT></s>|/* isLive= */ true,
        /* isPlaceholder= */ false,
        /*|isLive= */ false,
        manifest,
        mediaItem,
        /* liveConfiguration",
337,nameStart,MASK,False,19,MASK|MASK|MASK|MASK|MASK|MASK|MASK|MASK|MASK|MASK|MASK|MASK|MASK|MASK|MASK|valueStart|MASK|MASK|MASK,[MASK] <EOT></s>,[MASK] <EOT></s>|[MASK] <EOT></s>|[MASK] <EOT></s>|[MASK] <EOT></s>|[MASK] <EOT></s>|[MASK] <EOT></s>|MASK <EOT></s>|[MASK] <EOT></s>|MASK <EOT></s>|MASK <EOT></s>|MASK <EOT></s>|[MASK] <EOT></s>|MASK <EOT></s>|MASK <EOT></s>|MASK <EOT></s>|valueStart  <EOT></s>|MASK <EOT></s>|MASK <EOT></s>|MASK <EOT></s>,
338,expectedChecksum,s,False,5,s|JarHellChecks|PluginInfo|Failure|,"s.+"", File.separator);
    }

    /**
     * Check","s.+"", File.separator);
    }

    /**
     * Check|JarHellChecks(candidateInfo, classpath, pluginsDir, modulesDir|PluginInfo(tmpRoot);
        final Path pluginRoot = env.pluginsFile().resolve(|Failure.add(destination);

        // move plugin to install directory
        Files.move|
            env.modulesDir().resolve(info.getName())
        );

        //",
339,PF_LENGTH,constructor,False,3,constructor|US|DateFormat,") constructor.
     */
    @Test
    public void TestDateFormatCalendar() {
",") constructor.
     */
    @Test
    public void TestDateFormatCalendar() {
|US);
        if (time == null) {
            errln(""FAIL:|= DateFormat.getDateTimeInstance(DateFormat.SHORT, DateFormat.SHORT, Loc",
340,userPassedSupplier,MASK,False,4,MASK|MASK|MASK|MASK,[MASK] <EOT></s>,"[MASK] <EOT></s>|MASK = */ true);
  }

  @CanIgnoreReturnValue
  static|MASK <EOT></s>|MASK <EOT></s>",
341,transFactory,factory,False,2,factory|factory,factory <EOT></s>,"factory <EOT></s>|factory
                    <EOT></s>",
342,hudson,MASK,False,14,MASK|MASK|MASK|MASK|MASK|MASK|MASK|MASK|MASK|MASK|MASK|MASK|MASK|MASK,[MASK] .model <EOT></s>,"[MASK] .model <EOT></s>|[MASK] .ExtensionList;
import  [MASK] .ExtensionList.Extension|[MASK] <EOT></s>|[MASK] .ExtensionList;
import  [MASK] .ExtensionList.Extension|[MASK] .ExtensionList;
import  [MASK] .ExtensionList.Extension|[MASK] .ExtensionList;
import  [MASK] .ExtensionList.Extension|[MASK] .model.Jenkins;
import  [MASK] .model.|MASK .util.ExtensionList;
import  MASK .util.ExtensionList.|[MASK] <EOT></s>|[MASK] <EOT></s>|[MASK] <EOT></s>|MASK <EOT></s>|[MASK] <EOT></s>|MASK <EOT></s>",
343,constructedUserInfo,MASK,False,2,MASK|MASK,[MASK] <EOT></s>,"[MASK] <EOT></s>|MASK.hasEmptyPassword(), equalTo(false));

        assertThat(disabledUser",
344,event,TRIGGER_DEFAULTS_SETTING,False,7,TRIGGER_DEFAULTS_SETTING|MASK|MASK|MASK|MASK|MASK|MASK,""" + TRIGGER_DEFAULTS_SETTING + ""."";
    private static",""" + TRIGGER_DEFAULTS_SETTING + ""."";
    private static|[MASK] <EOT></s>|[MASK] <EOT></s>|MASK <EOT></s>|MASK <EOT></s>|MASK .createRequest(serviceKey, payload, watchId);
        HttpResponse response =|MASK <EOT></s>",
345,targetSize,targetSize,True,2,targetSize|targetSize,targetSize <EOT></s>,targetSize <EOT></s>|targetSize <EOT></s>,
346,searchProfileQueryPhaseResult,MASK,False,3,MASK|MASK|MASK,[MASK] <EOT></s>,[MASK] <EOT></s>|MASK.setSearchProfileCollectorResult(SearchProfileCollectorResultTests.createTestItem|MASK <EOT></s>,
347,minSettings,NodeScope,False,2,NodeScope|thing,"NodeScope);
        assertTrue(setting.isGroupSetting());
        ClusterSettings.","NodeScope);
        assertTrue(setting.isGroupSetting());
        ClusterSettings.|thing"") : new IllegalArgumentException(""illegal"");
        });
        try {
",
348,observer,MASK,False,3,MASK|MASK|MASK,"[MASK]
                                <EOT></s>","[MASK]
                                <EOT></s>|  [MASK]
                                <EOT></s>|MASK <EOT></s>",
349,messageConverter,MASK,False,7,MASK|MASK|MASK|MASK|MASK|MASK|MASK,[MASK] <EOT></s>,[MASK] <EOT></s>|MASK <EOT></s>|[MASK] <EOT></s>|MASK <EOT></s>|MASK <EOT></s>|[MASK] <EOT></s>|MASK  <EOT></s>,
350,fileNAK,testUrl,False,3,testUrl|testUrl|testUrl," testUrl = ""file:///C:/path/to/dir/"";
        try"," testUrl = ""file:///C:/path/to/dir/"";
        try|testUrl ) );
        assertFalse(urlValidator.isValid(""file://bad ^ domain|""testUrl should not be valid"");
        assertFalse(urlValidator.isValid(""file",
351,codeUnderTestIdObj,codeUnderTestId,False,3,codeUnderTestId|codeUnderTestId|codeUnderTestId,codeUnderTestId <EOT></s>,"codeUnderTestId <EOT></s>|  codeUnderTestId <EOT></s>|codeUnderTestId
                 <EOT></s>",
352,passwordHash,passwordHash,True,3,passwordHash|password|password,"passwordHash));
    }

    public void testPasswordUpsertWhenSetPasswordOn","passwordHash));
    }

    public void testPasswordUpsertWhenSetPasswordOn| password  <EOT></s>|password, WriteRequest.RefreshPolicy.IMMEDIATE <EOT></s>",
353,taken,MASK,False,6,MASK|MASK|invocationsSinceLastSuccess|MASK|MASK|MASK,[MASK] <EOT></s>,[MASK] <EOT></s>|[MASK] <EOT></s>|invocationsSinceLastSuccess <EOT></s>|MASK <EOT></s>|MASK <EOT></s>|MASK <EOT></s>,
354,tableName,tableName,True,2,tableName|tableName,tableName <EOT></s>,tableName <EOT></s>|tableName <EOT></s>,
355,strict,MASK,False,10,MASK|MASK|MASK|MASK|MASK|MASK|MASK|MASK|MASK|MASK,"[MASK]  parsing, the negative sign will be accepted and the positive sign rejected.
","[MASK]  parsing, the negative sign will be accepted and the positive sign rejected.
|[MASK] <EOT></s>|[MASK] <EOT></s>|[MASK]  parsing, the negative sign will be rejected.
     * In lenient|MASK  parsing, the negative sign will be accepted and the positive sign rejected.
     *|[MASK] <EOT></s>|MASK  parsing <EOT></s>|MASK, boolean fixedWidth) {
        switch (ordinal()) {
            case |[MASK] ;
            case 1: // ALWAYS
                return true;|MASK <EOT></s>",
356,driverContext,MASK,False,8,MASK|MASK|MASK|MASK|MASK|MASK|MASK|MASK,[MASK] <EOT></s>,"[MASK] <EOT></s>|[MASK] <EOT></s>|MASK <EOT></s>|MASK ;
  }

  @Override
  public void add(int positionOffset|MASK <EOT></s>|MASK .bigArrays()),  [MASK] );
  }

  public|MASK );
  }

  @Override
  public void add(int positionOffset|MASK <EOT></s>",
357,amountX,amountX,True,2,amountX|amountX,amountX <EOT></s>,amountX <EOT></s>|amountX <EOT></s>,
358,response,rawResponse,False,2,rawResponse|rawResponse,"rawResponse) {
        return new SalesforceToken(accessToken, tokenType, expires","rawResponse) {
        return new SalesforceToken(accessToken, tokenType, expires|rawResponse <EOT></s>",
359,missed,MASK,False,12,MASK|MASK|MASK|MASK|MASK|MASK|MASK|MASK|MASK|MASK|MASK|MASK,[MASK] <EOT></s>,"[MASK] <EOT></s>|[MASK] <EOT></s>|MASK);
            if ( [MASK]  == 0) {
                break|MASK <EOT></s>|[MASK] <EOT></s>|MASK <EOT></s>|MASK <EOT></s>|MASK <EOT></s>|[MASK] <EOT></s>|MASK  = wip.addAndGet(- MASK );
            if ( M|MASK <EOT></s>|MASK <EOT></s>",
360,unused,provider,False,7,provider|provider|MASK|MASK|MASK|MASK|MASK,provider <EOT></s>,"provider <EOT></s>|provider = null;
    factory = null;
    injector = null;
    dep|[MASK] <EOT></s>|[MASK] <EOT></s>|MASK <EOT></s>|MASK <EOT></s>|MASK <EOT></s>",
361,existing,existing,True,4,existing|MASK|MASK|MASK,existing <EOT></s>,existing <EOT></s>|[MASK] <EOT></s>|MASK <EOT></s>|MASK <EOT></s>,
362,valueString,fieldName,False,1,fieldName,"fieldName, double distance <EOT></s>","fieldName, double distance <EOT></s>",
363,source,source,True,3,source|source|source,source <EOT></s>,source <EOT></s>|source <EOT></s>|source <EOT></s>,
364,buffer,int,False,16,int|buffer|buffer|buffer|buffer|bufferMode|MASK|MASK|MASK|MASK|MASK|MASK|MASK|MASK|buffer|buffer,"(int srcX0, int srcY0, int srcX1, int srcY1","(int srcX0, int srcY0, int srcX1, int srcY1|buffer (int mode);

	public native void glDrawArraysInstanced (int mode|buffer Target (int target, int attachment, int texture, int level, int zoffset);
|buffer, int offset, int size);

	public native void glBindBufferRange (int|buffer);

	public native void glTransformFeedbackVaryings (int program, String|bufferMode);

	public native void glGetTransformFeedbackVarying (int program|[MASK] , int draw [MASK] , IntBuffer value);

	public|[MASK] , IntBuffer value);

	public native void glClearBufferuiv|[MASK] , int draw [MASK] , IntBuffer value);

	public|[MASK] , IntBuffer value);

	public native void glClearBufferfv|[MASK] <EOT></s>|[MASK] <EOT></s>|MASK , int draw MASK , float depth, int stencil);

	|MASK , float depth, int stencil);

	public native void glGetString|buffer (int target, int numAttachments, IntBuffer attachments);

	public|buffer  (int target, int numAttachments, IntBuffer attachments, int x,",
365,interval,interval,True,2,interval|interval,interval <EOT></s>,interval <EOT></s>|interval <EOT></s>,
366,onthrowMethod,MASK,False,5,MASK|MASK|MASK|MASK|MASK,[MASK] <EOT></s>,[MASK] <EOT></s>|[MASK] <EOT></s>|[MASK] <EOT></s>|MASK <EOT></s>|MASK <EOT></s>,
367,projectIndex,MASK,False,8,MASK|MASK|MASK|MASK|MASK|MASK|MASK|MASK,[MASK] <EOT></s>,[MASK] <EOT></s>|[MASK] <EOT></s>|[MASK] <EOT></s>|[MASK] <EOT></s>|[MASK] <EOT></s>|MASK <EOT></s>|[MASK] <EOT></s>|MASK <EOT></s>,
368,bgRightWidth,return,False,5,return|();|scrollX|in|public,"	return width;
	}

	public float getPrefHeight () {
	","	return width;
	}

	public float getPrefHeight () {
	|();
		else if (actor != null) //
			height = actor.|scrollX) {
			float scrollbarHeight = 0;
			|in the x direction. */
	public float getScrollX () {
		return amount|public float getScrollY () {
		return amountY;
	}

	",
369,moduleName,getCommonSuperClass,False,3,getCommonSuperClass|TypeIndex|param,"getCommonSuperClass(type1, type2));
    return addTypeInternal(
       ","getCommonSuperClass(type1, type2));
    return addTypeInternal(
       |TypeIndex;
  }

  /**
   * Adds a type in the type|  * @param entry a type Symbol.
   * @return the index of the given type",
370,stagingHash,MASK,False,7,MASK|MASK|MASK|MASK|MASK|MASK|toLowerCase,[MASK] <EOT></s>,"[MASK] <EOT></s>|[MASK] <EOT></s>|MASK <EOT></s>|[MASK] <EOT></s>|MASK <EOT></s>|MASK <EOT></s>|toLowerCase(Locale.ROOT).contains(""windows""))
                    ? ""Please wait",
371,supersetSize,MASK,False,12,MASK|MASK|MASK|MASK|MASK|MASK|MASK|MASK|MASK|MASK|MASK|MASK,[MASK] <EOT></s>,[MASK] <EOT></s>|[MASK] <EOT></s>|[MASK] <EOT></s>|[MASK] <EOT></s>|[MASK] <EOT></s>|MASK <EOT></s>|MASK <EOT></s>|[MASK] <EOT></s>|[MASK] <EOT></s>|MASK <EOT></s>|[MASK] <EOT></s>|MASK <EOT></s>,
372,equal,MASK,False,8,MASK|EOT|EOT|EOT|MASK|MASK|MASK|MASK,[MASK] <EOT></s>,"[MASK] <EOT></s>| <EOT></s>|EOT);
            CharSequence value = line.subSequence(EOT + 1,|EOT <EOT></s>|[MASK] <EOT></s>|MASK <EOT></s>|[MASK] <EOT></s>|MASK <EOT></s>",
373,clazz,MASK,False,28,MASK|MASK|MASK|MASK|MASK|MASK|MASK|MASK|MASK|MASK|MASK|MASK|MASK|MASK|MASK|MASK|MASK|MASK|MASK|MASK|MASK|MASK|MASK|MASK|MASK|MASK|MASK|MASK,[MASK] <EOT></s>,"[MASK] <EOT></s>|MASK <EOT></s>|[MASK] <EOT></s>|[MASK]  == String.class) {
            return (T) lexer.|[MASK]  == Class.class) {
                    String className = jsonObject.|[MASK] <EOT></s>|[MASK] );
            }

            if (objVal instanceof List) {
|[MASK]  == String.class) {
            return (T) strVal;|[MASK]  == UUID.class) {
            return (T) UUID|[MASK]  == UUID.class) {
            return (T) UUID|[MASK]  == UUID.class) {
            return (T) UUID|[MASK]  == Charset.class) {
            return (T) Charset|MASK  == Charset.class) {
            return (T) Charset.for|[MASK] <EOT></s>|[MASK] <EOT></s>|MASK <EOT></s>|[MASK] <EOT></s>|[MASK] <EOT></s>|MASK  == Currency.class) {
            return (T) Currency.getInstance|MASK <EOT></s>|MASK <EOT></s>|[MASK]  == String.class) {
            return (T) strVal;|[MASK]  == Node.class) {
            return (T) JSON.to|[MASK] <EOT></s>|MASK  == JSONPath.class) {
            return (T) new JSONPath(|MASK <EOT></s>|MASK <EOT></s>|MASK );
    }

    public int getFastMatchToken() {
       ",
374,indexMetadata,MASK,False,18,MASK|MASK|MASK|MASK|MASK|MASK|MASK|new|new|MASK|MASK|MASK|MASK|MASK|MASK|MASK|MASK|MASK,[MASK] <EOT></s>,"[MASK] <EOT></s>|[MASK] <EOT></s>|[MASK] <EOT></s>|[MASK] <EOT></s>|MASK <EOT></s>|[MASK] <EOT></s>|MASK <EOT></s>|  new ShardRouting(
                                new ShardId( [MASK] .|new InternalSnapshotsInfoService.ShardSnapshotStatus(
                                new Sh|[MASK] <EOT></s>|MASK .getIndex(), 0)), shardSize)
        );

        Al|MASK <EOT></s>|[MASK] <EOT></s>|[MASK] <EOT></s>|MASK <EOT></s>|MASK <EOT></s>|MASK <EOT></s>|MASK <EOT></s>",
375,certificates,certificate,False,6,certificate|MASK|MASK|MASK|MASK|MASK,certificate chain <EOT></s>,certificate chain <EOT></s>|[MASK] <EOT></s>|[MASK] <EOT></s>|[MASK] <EOT></s>|MASK <EOT></s>|MASK <EOT></s>,
376,bufferSize,MASK,False,17,MASK|MASK|MASK|MASK|MASK|MASK|MASK|MASK|MASK|MASK|MASK|MASK|MASK|MASK|MASK|MASK|MASK,[MASK] <EOT></s>,"[MASK] <EOT></s>|[MASK] <EOT></s>|MASK <EOT></s>|[MASK] , eagerTruncate));
    }

    /**
     *|MASK <EOT></s>|MASK , boolean eagerTruncate) {
        return create(source, new Scheduled|MASK <EOT></s>|[MASK] <EOT></s>|[MASK] <EOT></s>|MASK <EOT></s>|[MASK] <EOT></s>|MASK <EOT></s>|[MASK] <EOT></s>|MASK <EOT></s>|MASK <EOT></s>|MASK <EOT></s>|MASK <EOT></s>",
377,listener,MASK,False,5,MASK|MASK|MASK|MASK|MASK,[MASK] <EOT></s>,"[MASK] <EOT></s>|[MASK] );
    }

    @Override
    protected boolean resolveIndexPattern|MASK  <EOT></s>|MASK <EOT></s>|  MASK.onResponse(new PutDatafeedAction.Response(false));
               ",
378,strategy,MASK,False,8,MASK|MASK|MASK|MASK|MASK|MASK|MASK|MASK,[MASK] <EOT></s>,"[MASK] <EOT></s>|[MASK] <EOT></s>|[MASK] <EOT></s>|[MASK] <EOT></s>|[MASK] <EOT></s>|MASK , clusterState, routingNodes.node(""node2""));
        assertThat(new|MASK .reroute(clusterState, ""reroute"", ActionListener.noop());
|MASK <EOT></s>",
379,vPath,MASK,False,3,MASK|MASK|MASK,"[MASK] , int mode)
      throws IOException {}

  protected void zipDir","[MASK] , int mode)
      throws IOException {}

  protected void zipDir|MASK <EOT></s>|MASK <EOT></s>",
380,webSocketClient,MASK,False,6,MASK|MASK|MASK|MASK|MASK|MASK,[MASK] <EOT></s>,[MASK] <EOT></s>|[MASK] <EOT></s>|[MASK] <EOT></s>|MASK <EOT></s>|MASK <EOT></s>|MASK <EOT></s>,
381,toBeReturned,MASK,False,4,MASK|MASK|MASK|MASK,[MASK] <EOT></s>,[MASK] <EOT></s>|[MASK] <EOT></s>|MASK <EOT></s>|MASK <EOT></s>,
382,array,array,True,2,array|array,"array) {
      return standardToArray(array);
    }

    @Override","array) {
      return standardToArray(array);
    }

    @Override|array );
    }

    @Override
    public boolean equals(Object object) {",
383,batch,{,False,17,{|public|TapSquareSize|view|public|Sets|view|scrollTo|Math|min|actorArea|;||0;|Height|if|return,"{
		if (maxY == 0) return 0;
		return","{
		if (maxY == 0) return 0;
		return|public void setScrollPercentY (float percentY) {
		scrollY(maxY|TapSquareSize(halfTapSquareSize);
	}

	public|view, if possible. */
	public void scrollRectToVisible (float x, float y|public void scrollRectToVisible (float x, float y, float width, float height) {|/** Sets the scroll offset so the specified rectangle is fully in view, if possible. Coordinates|view, if possible. Coordinates are in the scroll pane actor's
	 * coordinate|scrollTo (float x, float y, float width, float height, boolean centerX, boolean|Math.max(0, x + width / 2 - actorArea.width / 2|.min(x, amountX);
		amountX = Math.max(amountX|actorArea.height - y - height;
		if (centerVertical)
		|;
		else
			amountY = MathUtils.clamp(amountY|
	}

	/** Returns the maximum scroll value in the y direction. */
	|0;
		if (style.hScrollKnob != null) height =|Height());
		return height;
	}

	public float getScrollBarWidth|	if (style.vScroll != null) width = Math.max(width, style.|		return actorArea.width;
	}

	/** Returns the height of the",
384,expectedLatn,errln,False,3,errln|sym|GregorianCalendar,"errln(""FAIL: hashCode not equal for equal objects"");
        }

","errln(""FAIL: hashCode not equal for equal objects"");
        }

|       sym.hashCode();
        sym.getAmPmStrings();
        sym.|GregorianCalendar());
        sym = new ChineseDateFormatSymbols(new GregorianCalendar",
385,sampleEntry,entry,False,5,entry|entry|MASK|MASK|MASK,entry <EOT></s>,entry <EOT></s>|entry  <EOT></s>|[MASK] <EOT></s>|[MASK] <EOT></s>|MASK <EOT></s>,
386,expected,MASK,False,6,MASK|MASK|MASK|MASK|MASK|MASK,[MASK] <EOT></s>,[MASK] <EOT></s>|MASK <EOT></s>|MASK <EOT></s>|MASK <EOT></s>|MASK <EOT></s>|MASK <EOT></s>,
387,unstubbedIterator,MASK,False,4,MASK|MASK|MASK|MASK,[MASK] <EOT></s>,[MASK] <EOT></s>|[MASK] <EOT></s>|MASK <EOT></s>|MASK <EOT></s>,
388,builder,StringBuilder,False,9,StringBuilder|MASK|MASK|MASK|MASK|MASK|MASK|MASK|MASK,StringBuilder <EOT></s>,StringBuilder <EOT></s>|[MASK] <EOT></s>|[MASK] <EOT></s>| MASK <EOT></s>|MASK <EOT></s>|MASK <EOT></s>| MASK <EOT></s>|MASK <EOT></s>|MASK <EOT></s>,
389,request,request,True,13,request|request|request|request|MASK|MASK|MASK|MASK|MASK|MASK|MASK|MASK|MASK,"request that will be executed
 * by the {@link WatcherSearchTemplateService} to fetch the","request that will be executed
 * by the {@link WatcherSearchTemplateService} to fetch the|request""
            + "" is deprecated. Use _doc instead."";
    static final String|request <EOT></s>|request  from the specified parser.
     *
     * @param parser The parser to read|[MASK] <EOT></s>|[MASK] <EOT></s>|[MASK] <EOT></s>|[MASK] <EOT></s>|MASK <EOT></s>|MASK <EOT></s>|[MASK] <EOT></s>|  MASK <EOT></s>|MASK <EOT></s>",
390,queueSize,MASK,False,17,MASK|MASK|queueSize|MASK|MASK|MASK|MASK|MASK|MASK|MASK|MASK|MASK|String|MASK|MASK|MASK|MASK,[MASK] <EOT></s>,"[MASK] <EOT></s>|[MASK] );
                queueEWMA.addValue((double)  [MA|queueSize <EOT></s>|[MASK] <EOT></s>|[MASK] <EOT></s>|MASK , long responseTime, double serviceTime) {
            this(nodeId, client|[MASK] <EOT></s>|MASK ;
            this.responseTime = responseTime;
            this.serviceTime =|MASK <EOT></s>|[MASK] <EOT></s>|MASK <EOT></s>|[MASK] <EOT></s>|String.format(Locale.ROOT, ""%.1f"",  MASK ) <EOT>|[MASK] <EOT></s>|[MASK] <EOT></s>|MASK <EOT></s>|MASK <EOT></s>",
391,idleStateHandler,MASK,False,23,MASK|MASK|MASK|MASK|MASK|MASK|MASK|MASK|MASK|MASK|MASK|MASK|MASK|MASK|MASK|MASK|MASK|MASK|MASK|Advance|MASK|Advance|Advance,[MASK] <EOT></s>,"[MASK] <EOT></s>|[MASK] <EOT></s>|[MASK] <EOT></s>|[MASK] <EOT></s>|[MASK] <EOT></s>|MASK <EOT></s>|[MASK] <EOT></s>|[MASK] <EOT></s>|MASK <EOT></s>|[MASK] <EOT></s>|MASK <EOT></s>|[MASK] <EOT></s>|MASK <EOT></s>|[MASK] <EOT></s>|[MASK] <EOT></s>|MASK <EOT></s>|MASK <EOT></s>|MASK <EOT></s>|MASK <EOT></s>|// Advance the ticker by some amount and run() the task.
             [MASK|MASK <EOT></s>|Advance <EOT></s>|Advance <EOT></s>",
392,aabbMax,MASK,False,8,MASK|MASK|MASK|MASK|MASK|MASK|MASK|MASK,[MASK] <EOT></s>,"[MASK] <EOT></s>|[MASK] <EOT></s>|[MASK] <EOT></s>|MASK <EOT></s>|[MASK] <EOT></s>|MASK <EOT></s>|MASK <EOT></s>|MASK );
	}

	public void unQuantize (btBroadphaseProxy",
393,listSize,MASK,False,5,MASK|DEFAULT_THREAD_COUNT|MASK|MASK|MASK, [MASK] <EOT></s>," [MASK] <EOT></s>|DEFAULT_THREAD_COUNT);
        // Use long multiplication to avoid possible overflow, as num|[MASK]
         <EOT></s>|[MASK] <EOT></s>|MASK <EOT></s>",
394,ownerType,ownerType,True,3,ownerType|ownerType|ownerType,"ownerType, final Type... actualTypeArguments) {
        return parameterizedTypeOf(raw","ownerType, final Type... actualTypeArguments) {
        return parameterizedTypeOf(raw|ownerType <EOT></s>|ownerType <EOT></s>",
395,modulesExports,MASK,False,3,MASK|MASK|MASK,[MASK] <EOT></s>,"[MASK] <EOT></s>|  MASK
                            <EOT></s>|MASK <EOT></s>",
396,secretSettings,accessSettings,False,3,accessSettings|accessSettings|accessSettings,"accessSettings = model.getAccessSettings();
        var  secretSettings <EOT></s>","accessSettings = model.getAccessSettings();
        var  secretSettings <EOT></s>|accessSettings.accessKey(), accessSettings.secretKey(), serviceSettings.region(), timeout);
|accessSettings <EOT></s>",
397,positionCount,docCount,False,6,docCount|MASK|MASK|MASK|docCount|docCount,      docCount <EOT></s>,      docCount <EOT></s>|[MASK] <EOT></s>|MASK <EOT></s>|MASK <EOT></s>|docCount <EOT></s>|docCount <EOT></s>,
398,elements,l,False,2,l|l,l <EOT></s>,l <EOT></s>|l <EOT></s>,
399,classVisitor,classVisitor,True,2,classVisitor|classVisitor,"classVisitor)
    {
        if (referencedClass != null)
        {","classVisitor)
    {
        if (referencedClass != null)
        {|classVisitor <EOT></s>",
400,ruleClass,MASK,False,13,MASK|MASK|MASK|MASK|MASK|MASK|MASK|MASK|MASK|MASK|MASK|MASK|EOT,[MASK] <EOT></s>,[MASK] <EOT></s>|MASK <EOT></s>|[MASK] <EOT></s>|[MASK] <EOT></s>|[MASK] <EOT></s>|[MASK] <EOT></s>|[MASK] <EOT></s>|[MASK] <EOT></s>|[MASK] <EOT></s>|[MASK] <EOT></s>|[MASK] <EOT></s>|MASK <EOT></s>|   <EOT></s>,
401,expectedIndexCount,MASK,False,2,MASK|MASK,MASK        <EOT></s>,"MASK        <EOT></s>|MASK);
        checkIndexCount(""index_denied"",   0);
        check",
402,management,management,True,6,management|MASK|MASK|MASK|MASK|MASK,"management service.
		 */
		private Duration  [MASK]  =","management service.
		 */
		private Duration  [MASK]  =|[MASK] <EOT></s>|[MASK] <EOT></s>|MASK <EOT></s>|MASK <EOT></s>|MASK <EOT></s>",
403,renderTimeNs,presentationTimeUs,False,5,presentationTimeUs|renderFramesAutomatically|MASK|EOT|EOT,"presentationTimeUs} to the {@linkplain #setOutputSurfaceInfo output surface}.
  ","presentationTimeUs} to the {@linkplain #setOutputSurfaceInfo output surface}.
  |renderFramesAutomatically} and {@code
   *  [MASK] <EOT></s>|[MASK] <EOT></s>| <EOT></s>|EOT);

  /**
   * Returns the {@link SurfaceInfo} of the",
404,pname,MASK,False,16,MASK|MASK|MASK|MASK|MASK|MASK|MASK|MASK|MASK|MASK|MASK|MASK|MASK|MASK|MASK|MASK,"[MASK] , IntBuffer params);

	public native void glGetQueryObjectiv","[MASK] , IntBuffer params);

	public native void glGetQueryObjectiv|[MASK] , IntBuffer params);

	public native void glGetQueryObjectu|[MASK] , Buffer pointer);

	public native void glDrawBuffers (|[MASK] <EOT></s>|[MASK] , IntBuffer params);

	public native void glVertexAttribI|[MASK] , IntBuffer params);

	public native void glGetActiveUniform|[MASK] , IntBuffer params);

	public native void glGetActiveUniform|[MASK] , LongBuffer params);

	public native void glGetBufferParameteri|MASK , LongBuffer params);

	public native void glGetInteger64i_|[MASK] <EOT></s>|[MASK] <EOT></s>|[MASK] <EOT></s>|[MASK] <EOT></s>|[MASK] <EOT></s>|MASK , FloatBuffer params);

	public native void glVertexAttribDivisor|MASK , int value);

	public native void glGetProgramiv (int program,",
405,platformUrl,MASK,False,6,MASK|MASK|MASK|the|);|Extracts,[MASK] <EOT></s>,"[MASK] <EOT></s>|[MASK] <EOT></s>|MASK <EOT></s>|the plugin ZIP
     * @throws IOException if an I/O exception occurs reading from|);
    }

    /**
     * Extracts the plugin zip into the plugins|Extracts the plugin zip into the plugins directory.
     */
    private Path unzip",
406,context,MASK,False,3,MASK|MASK|MASK,[MASK] <EOT></s>,"[MASK] <EOT></s>|  MASK.setAllowedFields(this::isIndexFieldNameAllowed);
|MASK <EOT></s>",
407,topUncast,MASK,False,9,MASK|MASK|MASK|MASK|MASK|MASK|MASK|MASK|MASK,[MASK] <EOT></s>,"[MASK] <EOT></s>|[MASK] <EOT></s>|[MASK] <EOT></s>|[MASK]  = page.getBlock(channels.get(0));
   |MASK .areAllValuesNull()) {
      return;
    }
    FloatBlock|MASK ;
    if ( MASK .areAllValuesNull()) {
      return|MASK <EOT></s>|MASK <EOT></s>|MASK <EOT></s>",
408,expectedCount,expectedCount,True,2,expectedCount|expectedCount,expectedCount <EOT></s>,expectedCount <EOT></s>|expectedCount <EOT></s>,
409,dfLatn,ICUResourceBundle,False,3,ICUResourceBundle|GERMANY|},(ICUResourceBundle)UResourceBundle.getBundleInstance(ICUData.ICU,"(ICUResourceBundle)UResourceBundle.getBundleInstance(ICUData.ICU|.GERMANY);
        f = new SimpleDateFormat(""yyyy-MM-dd"", sym|}
        sym2.setEras(new String[]{""X"",""Y""});
",
410,usedBuiltInCharFilters,MASK,False,15,MASK|usedCharFilterTypes|usedCharFilterTypes|MASK|MASK|MASK|MASK|MASK|MASK|MASK|MASK|MASK|MASK|MASK|MASK,[MASK] <EOT></s>,"[MASK] <EOT></s>|usedCharFilterTypes.computeIfAbsent(charFilter, IndexFeatureStats::new);
|usedCharFilterTypes <EOT></s>|[MASK] <EOT></s>|[MASK] <EOT></s>|MASK <EOT></s>|MASK <EOT></s>|MASK <EOT></s>|MASK <EOT></s>|MASK <EOT></s>|MASK <EOT></s>|[MASK] <EOT></s>|MASK )
            && Objects.equals(usedBuiltInTokenizers, that.|MASK <EOT></s>|MASK <EOT></s>",
411,upstream,MASK,False,6,MASK|MASK|MASK|MASK|MASK|MASK,[MASK] <EOT></s>,[MASK] <EOT></s>|[MASK] <EOT></s>|[MASK] <EOT></s>|MASK <EOT></s>|MASK <EOT></s>|MASK <EOT></s>,
412,newEntries,final,False,4,final|putByte|put|Adds,"final long value) {
    int hashCode = hash(tag, value);
    Entry","final long value) {
    int hashCode = hash(tag, value);
    Entry|.putByte(tag).putLong(value);
    put(new Entry(index,|   put(new Entry(index, tag, value, hashCode));
    constantPoolCount|  * Adds a new CONSTANT_Long_info or CONSTANT_Double_",
413,request,MASK,False,16,MASK|MASK|MASK|MASK|MASK|MASK|MASK|MASK|MASK|MASK|MASK|MASK|MASK|MASK|MASK|MASK,[MASK] <EOT></s>,"[MASK] <EOT></s>|MASK <EOT></s>|[MASK] <EOT></s>|MASK <EOT></s>|[MASK] <EOT></s>|MASK <EOT></s>|[MASK] <EOT></s>|[MASK] ,  [MASK] );
        assertEquals( [MASK]|MASK );
        assertEquals( MASK .hashCode(),  MASK .|[MASK] <EOT></s>|MASK <EOT></s>|MASK );
        assertEquals( MASK.hashCode(), copy.hashCode|MASK .hashCode(), copy.hashCode());
        assertEquals(copy.hash|MASK );
        assertNotEquals( MASK , mutant);
        assert|MASK <EOT></s>|MASK );
        assertNotEquals(mutant.hashCode(),  MASK .",
414,database,MASK,False,7,MASK|MASK|MASK|index|MASK|MASK|MASK,[MASK] <EOT></s>,"[MASK] <EOT></s>|[MASK] <EOT></s>|[MASK] <EOT></s>|index
		 * @return the new instance
		 */
		static Standalone|MASK <EOT></s>|MASK <EOT></s>|MASK  index used by the connection factory
		 */
		int getDatabase();",
415,observer,MASK,False,15,MASK|MASK|MASK|MASK|EOT|MASK|MASK|MASK|MASK|MASK|MASK|MASK|MASK|MASK|MASK,[MASK] <EOT></s>,[MASK] <EOT></s>|[MASK] <EOT></s>|[MASK] <EOT></s>|[MASK] <EOT></s>|  <EOT></s>|[MASK] <EOT></s>|MASK <EOT></s>|MASK <EOT></s>|[MASK] <EOT></s>|[MASK] <EOT></s>|[MASK] <EOT></s>|[MASK] <EOT></s>|[MASK] <EOT></s>|MASK <EOT></s>|MASK <EOT></s>,
416,cMemoryOwn,MASK,False,6,MASK|MASK|MASK|MASK|MASK|MASK,[MASK] <EOT></s>,"[MASK] <EOT></s>|[MASK] );
	}

	protected btMultiBodyLinkFloatData (|[MASK] <EOT></s>|MASK );
	}

	public btMultiBodyLinkFloatData (btMulti|[MASK] <EOT></s>|MASK );
	}

	private void construct () {
		Dynamics",
417,desturi,MASK,False,6,MASK|MASK|MASK|the|MASK|MASK,[MASK] <EOT></s>,"[MASK] <EOT></s>|[MASK] <EOT></s>|MASK <EOT></s>|the prefix from the node name
                //            String  MASK  = getURI(|MASK <EOT></s>|MASK <EOT></s>",
418,bucket,MASK,False,78,MASK|MASK|MASK|MASK|MASK|MASK|MASK|MASK|MASK|MASK|MASK|MASK|MASK|MASK|MASK|MASK|MASK|MASK|MASK|MASK|MASK|MASK|MASK|MASK|MASK|MASK|MASK|MASK|MASK|int|MASK|MASK|MASK|MASK|MASK|MASK|MASK|MASK|MASK|MASK|MASK|MASK|MASK|MASK|MASK|MASK|MASK|MASK|MASK|MASK|MASK|MASK|MASK|MASK|MASK|MASK|MASK|MASK|MASK|MASK|MASK|MASK|MASK|MASK|MASK|MASK|MASK|MASK|MASK|MASK|MASK|MASK|MASK|MASK|MASK|MASK|MASK|MASK,[MASK] <EOT></s>,"[MASK] <EOT></s>|[MASK] <EOT></s>|[MASK] <EOT></s>|[MASK] <EOT></s>|[MASK]  <EOT></s>|[MASK] <EOT></s>|[MASK] <EOT></s>|[MASK]  <EOT></s>|[MASK] <EOT></s>|[MASK] <EOT></s>|MASK <EOT></s>|[MASK] <EOT></s>|MASK  is in heap mode, and all its  MASK <EOT></s>|MASK  <EOT></s>|[MASK] <EOT></s>|MASK <EOT></s>|[MASK] <EOT></s>|[MASK] <EOT></s>|[MASK] <EOT></s>|[MASK] <EOT></s>|[MASK] <EOT></s>|[MASK] <EOT></s>|[MASK] <EOT></s>|[MASK] <EOT></s>|[MASK] <EOT></s>|[MASK] <EOT></s>|MASK <EOT></s>|MASK <EOT></s>|[MASK] <EOT></s>|(int)  MASK <EOT></s>|[MASK] <EOT></s>|[MASK] <EOT></s>|[MASK] <EOT></s>|[MASK] <EOT></s>|[MASK] <EOT></s>|[MASK] <EOT></s>|MASK <EOT></s>|[MASK]  before, so we don't have any values for it <EOT></s>|[MASK] <EOT></s>|MASK <EOT></s>|MASK <EOT></s>|[MASK] <EOT></s>|[MASK] <EOT></s>|MASK <EOT></s>|[MASK] <EOT></s>|MASK <EOT></s>|[MASK]  in heap mode, i.e. is it in
     * <EOT>|[MASK] <EOT></s>|MASK );
    }

    /**
     * Set the heap mode for a |[MASK] <EOT></s>|[MASK] <EOT></s>|[MASK] <EOT></s>|[MASK] s.
     * <p>
     * We grow the storage by|[MASK] <EOT></s>|[MASK] s.
     * <p>
     * This is done to avoid|MASK <EOT></s>|[MASK] Size == 0;
        assert oldMax /  [MASK]|MASK  + 1) *  [MASK] Size, PageCacheRecycler.|[MASK] <EOT></s>|[MASK] Size <EOT></s>|MASK <EOT></s>|[MASK] <EOT></s>|MASK <EOT></s>|[MASK] <EOT></s>|MASK <EOT></s>|[MASK] <EOT></s>|MASK <EOT></s>|MASK <EOT></s>|MASK <EOT></s>|[MASK] <EOT></s>|[MASK] 
     * @param heapSize Number of values that belong to the heap|[MASK] <EOT></s>|[MASK] <EOT></s>|MASK <EOT></s>|MASK <EOT></s>|MASK  that is the index
     *              <EOT></s>|MASK <EOT></s>|MASK <EOT></s>",
419,object,value,False,2,value|value,"value) {
            script.emitFromObject(value);
        }

        public","value) {
            script.emitFromObject(value);
        }

        public|value <EOT></s>",
420,superType,superType,True,2,superType|superType,superType <EOT></s>,superType <EOT></s>|superType <EOT></s>,
421,pathSet,MASK,False,6,MASK|MASK|MASK|MASK|MASK|MASK,[MASK] <EOT></s>,"[MASK] <EOT></s>|[MASK] <EOT></s>|MASK <EOT></s>|[MASK] <EOT></s>|MASK .add(k));
            assertEquals(expectedPathSet,  [MASK|MASK );
        }

        // A directory with .txt extension.
        M",
422,resolverChain,MASK,False,13,MASK|MASK|MASK|MASK|MASK|MASK|MASK|MASK|MASK|MASK|MASK|MASK|MASK,[MASK] <EOT></s>,[MASK] <EOT></s>|[MASK] <EOT></s>|[MASK] <EOT></s>|[MASK] <EOT></s>|[MASK] <EOT></s>|[MASK] <EOT></s>|[MASK] <EOT></s>|[MASK] <EOT></s>|MASK <EOT></s>|MASK <EOT></s>|MASK <EOT></s>|MASK <EOT></s>|MASK <EOT></s>,
423,section,oldDexBuffer,False,2,oldDexBuffer|oldDexBuffer," oldDexBuffer,
                                   DexDataBuffer    newDexBuffer,"," oldDexBuffer,
                                   DexDataBuffer    newDexBuffer,|oldDexBuffer
                <EOT></s>",
424,originalBucket,sigBucket,False,4,sigBucket|MASK|MASK|MASK,sigBucket <EOT></s>,"sigBucket <EOT></s>|[MASK] .getKeyAsString(), equalTo(streamedBucket.get|MASK .getSignificanceScore(), equalTo(streamedBucket.getSign|MASK <EOT></s>",
425,expected,MASK,False,2,MASK|MASK,[MASK] <EOT></s>,"[MASK] <EOT></s>|MASK.apply(encoded) ));
        assertThat(decode.apply(encoded),",
426,executor,executor,True,1,executor,"executor) {}
    }

    /**
     * For use as Rejected","executor) {}
    }

    /**
     * For use as Rejected",
427,idpMetadataCertificates,MASK,False,2,MASK|MASK,[MASK] <EOT></s>,"[MASK] <EOT></s>|MASK );
        doc1.certificates.setIdentityProviderX509Metadata",
428,height,height,True,63,height|height|height|height|height|height|height|height|height|return|actor|actor|deprecated|ctor|single|Actor|UnsupportedOperationException|null||is||when|Math|MASK||maxX|current|}|pixels|X|}|this|if|float|SK||style|public|null|}|0;|}|{|GestureDetector|{|Gets|width|)) {|MASK|MASK|MASK|MASK|MASK|actorArea|MASK|MASK|MASK|MASK|MASK|MASK|height|MASK|MASK,"height is less than the size of this scroll pane,
 * it is set to the size","height is less than the size of this scroll pane,
 * it is set to the size|height * (y < vKnobBounds.y ? 1 : -1));
|height - vKnobBounds.height, scrollV);
					float|height, scrollV);
					float total = vScrollBounds.height -|height - vKnobBounds. height ;
					if (total !=|height  - hKnobBounds. height , total;
					if|height - vKnobBounds. height ) > actorArea. [MASK]  *|height <EOT></s>|height <EOT></s>|	return width;
	}

	public float getPrefHeight () {
	|(actor instanceof Layout)
			[MASK]  = ((Layout)actor).|actor) return;
		if (this.actor != null) removeActor(this|@deprecated Use {@link #getActor()}. */
	@Deprecated|ctor(Actor) */
	@Deprecated
	public void setWidgets (|single child.
	 * @see #setActor(Actor) */
	@|Actor) */
	@Deprecated
	public void addActorBefore (A|UnsupportedOperationException(""Use ScrollPane#setActor."");
	}

	/**|null."");
		if (actor == this.actor) {
			this.|
		if (actor == null) return this;
		if (touchable &&|is changed. */
	protected void visualScrollY (float pixelsY) {
		|

	/** Returns the x scroll amount. */
	public float getScrollX () {|when the mouse wheel is scrolled. */
	protected float getMouseWheelY () {|] , Math.max(actorArea. [MASK] * 0.9f,|MASK] * 0.9f, maxY * 0.1f) /|

	/** Returns the scroll percent on the x-axis. */
	public float get|0, maxX));
	}

	public void setScrollY (float pixels|current scroll x position. */
	public float getScrollX () {
		return amount|}

	/** Returns the y scroll position in pixels, where 0 is the bottom of|pixels, where 0 is the bottom of the scroll pane. */
	public float get|X, 0, 1);
	}

	public float getScrollPercentY|	}

	public float getScrollPercentY () {
		if (maxY|	this.flickScroll = flickScroll;
		if (flickScroll)|		if (flickScroll)
			addListener(flickScrollListener);|float height) {
		float scrollX = x + width / 2 - getWidth|SK] ) / 2;
		else
			amountY = MathUtils|
		return maxY;
	}

	/** Returns the scroll pane'|= style.hScrollKnob.getMinHeight();
		if (style.|public float getScrollBarWidth () {
		if (!scrollY) return 0;|null) width = Math.max(width, style.vScroll.getMinWidth());
|}

	public boolean isTopEdge () {
		return !scrollY || amount|0;
	}

	public boolean isBottomEdge () {
		return|}

	public void setScrollbarsOnTop (boolean scrollbarsOnTop) {
|{
		return flickScrollListener.getGestureDetector().isPanning();
|GestureDetector().isPanning();
	}

	public boolean isFlinging|{
		this.velocityY = velocityY;
	}

	/**|	/** Gets the flick scroll y velocity. */
	public float getVelocity|.width, actorArea.float )) {
			drawDebugChildren(shapes|)) {
			drawDebugChildren(shapes);
			clipEnd();|[MASK] <EOT></s>|[MASK] <EOT></s>|[MASK] <EOT></s>|[MASK] <EOT></s>|[MASK] <EOT></s>|actorArea. [MASK] <EOT></s>|MASK  - actorArea.  <EOT></s>|[MASK] <EOT></s>|[MASK] <EOT></s>|MASK <EOT></s>|MASK <EOT></s>|MASK  <EOT></s>|height <EOT></s>|MASK ;
	}

	/** Returns the width of the scrolled viewport.|MASK  <EOT></s>",
429,rhsElem,MASK,False,6,MASK|MASK|MASK|MASK|MASK|Msk,[MASK] <EOT></s>,"[MASK] <EOT></s>|[MASK] <EOT></s>|[MASK] <EOT></s>| MASK  <EOT></s>|MASK .toString();
                if (!lhsDescs.remove( [MASK|Msk <EOT></s>",
430,actualLatn,date,False,3,date|sym2|sym,"date format symbols not equal"");
        }
        sym2.setEras(new String","date format symbols not equal"");
        }
        sym2.setEras(new String|(sym2);
        sym.hashCode();
        sym.getAmPmStrings|sym = new ChineseDateFormatSymbols(new Locale(""en_US""), new ULocale",
431,addArr,addLastArr,False,2,addLastArr|addLastArr,addLastArr <EOT></s>,"addLastArr <EOT></s>|addLastArr);
        Assert.assertArrayEquals(new int[]{-2, -1",
432,oninvokeInstance,MASK,False,5,MASK|MASK|MASK|MASK|MASK,[MASK] <EOT></s>,[MASK] <EOT></s>|[MASK] <EOT></s>|[MASK] <EOT></s>|MASK <EOT></s>|MASK <EOT></s>,
433,target,target,True,2,target|target, target <EOT></s>, target <EOT></s>|target <EOT></s>,
434,buffer,buffer,True,3,buffer|buffer|buffer,buffer <EOT></s>,buffer <EOT></s>|buffer <EOT></s>|buffer <EOT></s>,
435,parentDirName,MASK,False,3,MASK|MASK|MASK, [MASK] <EOT></s>," [MASK] <EOT></s>|MASK)
                    // ""bin"" is an alternative to ""bin/elasticsearch-|MASK ))
                    || ""config"".equals( MASK )) {
",
436,processor,processor,True,3,processor|processor|processor,processor <EOT></s>,"processor <EOT></s>|  processor
                    <EOT></s>|processor <EOT></s>",
437,referencingUpdates,MASK,False,8,MASK|MASK|MASK|MASK|MASK|MASK|MASK|MASK,[MASK] <EOT></s>,[MASK] <EOT></s>|[MASK] <EOT></s>|[MASK] <EOT></s>|MASK <EOT></s>|MASK <EOT></s>|MASK <EOT></s>|MASK <EOT></s>|MASK <EOT></s>,
438,snapshotShardSizeInfo,snapshotsInfoService,False,2,snapshotsInfoService|snapshotsInfoService,snapshotsInfoService <EOT></s>,snapshotsInfoService <EOT></s>|snapshotsInfoService <EOT></s>,
439,inferenceEntityId,MASK,False,7,MASK|MASK|MASK|MASK|MASK|config|MASK,[MASK] <EOT></s>,[MASK] <EOT></s>|[MASK] <EOT></s>|MASK  <EOT></s>|[MASK]  <EOT></s>|[MASK] <EOT></s>|config <EOT></s>|MASK <EOT></s>,
440,entry,MASK,False,5,MASK|MASK|MASK|MASK|MASK, [MASK] <EOT></s>, [MASK] <EOT></s>|[MASK] <EOT></s>|MASK <EOT></s>|MASK <EOT></s>|MASK <EOT></s>,
441,parsedate,i,False,7,"i|null|int|null|-2"",|2"" ),|,","[i]);
            if (df instanceof SimpleDateFormat) {
                formatters[1]","[i]);
            if (df instanceof SimpleDateFormat) {
                formatters[1]|= null;
            }

            // DateFormat constructor with locale and calendar
            df|int j = 0; j < formatters.length; j++) {
                if (|null) {
                        expected = tmp;
                    } else {
                        if|-2"",
                                                                                ""\u58EC\u8FB0-\|2"" ),
            new MonthPatternItem( ""zh@calendar=chinese"",      -|"",
                                                                                ""\u58EC\u8FB0 \u9",
442,aggregationToJsonProcessor,MASK,False,3,MASK|MASK|MASK,[MASK] <EOT></s>,[MASK] <EOT></s>|  [MASK] <EOT></s>|MASK <EOT></s>,
443,newIndex,newIndex,True,2,newIndex|newIndex,newIndex <EOT></s>,"newIndex <EOT></s>|newIndex);
    }

    @Override
    protected void updateOutput(Dex",
444,printer,printer,True,2,printer|printer,"printer) {
    printer.append(""<alias target "" + actionLookupKey.get","printer) {
    printer.append(""<alias target "" + actionLookupKey.get|printer
        .append(""<alias target "")
        .append(actionLookupKey.",
445,message,index,False,3,index|message|message,"index"", index.getName());
            map.put(""elasticsearch.slowlog.type"",","index"", index.getName());
            map.put(""elasticsearch.slowlog.type"",|message <EOT></s>|message <EOT></s>",
446,sampleToCompute,instance,False,2,instance|instance,       instance  <EOT></s>,       instance  <EOT></s>|instance <EOT></s>,
447,eventType,MASK,False,31,MASK|MASK|MASK|MASK|MASK|MASK|MASK|MASK|MASK|MASK|MASK|MASK|MASK|MASK|MASK|MASK|MASK|MASK|MASK|MASK|MASK|MASK|MASK|MASK|MASK|MASK|MASK|MASK|MASK|MASK|MASK,[MASK] <EOT></s>,"[MASK] <EOT></s>|[MASK] <EOT></s>|MASK  =  MASK ;
    }

    public static IncidentEvent|MASK ) ?  MASK  : ""trigger"";
    }

   |MASK : ""trigger"";
    }

    public static IncidentEvent parse(|[MASK] <EOT></s>|MASK <EOT></s>|MASK <EOT></s>| MASK  <EOT></s>|[MASK] <EOT></s>|[MASK] <EOT></s>|MASK <EOT></s>|MASK ;
            this.incidentKey = incidentKey;
            this.client =|[MASK] <EOT></s>|[MASK] <EOT></s>|MASK <EOT></s>|[MASK] <EOT></s>|[MASK] <EOT></s>|[MASK] <EOT></s>|MASK <EOT></s>|MASK <EOT></s>|MASK <EOT></s>|[MASK] <EOT></s>|[MASK] <EOT></s>|MASK <EOT></s>|[MASK] <EOT></s>|[MASK] <EOT></s>|MASK ) {
                this. MASK  =  MASK ;
               |MASK <EOT></s>|MASK <EOT></s>|MASK <EOT></s>",
448,settingKey,MASK,False,2,MASK|MASK,MASK <EOT></s>,MASK <EOT></s>|MASK <EOT></s>,
449,idleTask,commandId,False,5,commandId|MASK|MASK|MASK|MASK,"commandId= */ 0,
        /* commandIdString= */ """");
  }","commandId= */ 0,
        /* commandIdString= */ """");
  }|[MASK] <EOT></s>|MASK] .getGarbageCollector().getRoot().getPathString())
       |MASK <EOT></s>|MASK <EOT></s>",
450,deltaX,deltaX,True,4,deltaX|deltaX|deltaX|deltaX,deltaX <EOT></s>,"deltaX <EOT></s>|deltaX <EOT></s>|deltaX ;
				amountY -= deltaY;
				cl|deltaX <EOT></s>",
451,pathFragmentString,MASK,False,2,MASK|MASK," [MASK]
  <EOT></s>"," [MASK]
  <EOT></s>|MASK <EOT></s>",
452,context,MASK,False,5,MASK|MASK|MASK|context|context,[MASK] <EOT></s>,"[MASK] <EOT></s>|[MASK] .bean.override.mockito.MockitoBean;
import org.|MASK <EOT></s>|context <EOT></s>|context <EOT></s>",
453,description,description,True,20,description|MASK|MASK|description|MASK|MASK|MASK|MASK|MASK|MASK|MASK|MASK|MASK|MASK|MASK|MASK|MASK|MASK|MASK|MASK,"description"");

    public static final String  [MASK]  = ""  [MA","description"");

    public static final String  [MASK]  = ""  [MA|[MASK] <EOT></s>|[MASK] <EOT></s>|description of the calendar
     * <EOT></s>|[MASK] <EOT></s>|MASK <EOT></s>|[MASK] <EOT></s>|MASK <EOT></s>|[MASK] <EOT></s>|[MASK] <EOT></s>|[MASK] <EOT></s>|[MASK] <EOT></s>|[MASK] <EOT></s>|MASK <EOT></s>|MASK <EOT></s>|[MASK] <EOT></s>|[MASK] <EOT></s>|MASK <EOT></s>|MASK <EOT></s>|MASK );
        }

        @Override
        public boolean equals(Object o)",
454,newThr,,False,6,|throw|for|key|();|count,"
        }
        public final void forEach(Consumer<? super K> action) {","
        }
        public final void forEach(Consumer<? super K> action) {|               throw new NullPointerException();
            if (size > 0 && (tab = table|                   for (Node<K,V> e = tab[i]; e != null;|.key);
                }
            }
        }

        public final boolean removeIf|();
            }
        }

        @Override
        public boolean removeIf(Pred|                                           count:(NSUInteger)len {
          return JreHashMap_KeySet",
455,leftIndex,leftIndex,True,3,leftIndex|leftIndex|leftIndex,leftIndex <EOT></s>,"leftIndex <EOT></s>|leftIndex <EOT></s>|leftIndex;
                }
                int rightChild = leftChild + 1;
               ",
456,image,MASK,False,11,MASK|MASK|MASK|common|MASK|MASK|MASK|MASK|MASK|MASK|MASK,[MASK] <EOT></s>,"[MASK] <EOT></s>|[MASK] pipeline.common.Consumer;
import com.facebook. [MASK|MASK <EOT></s>|common.ResizeOptions. [MASK] ;
import com.facebook. [MASK|MASK pipeline.common.ResizeOptions;
import com.facebook. MASK pipeline|[MASK] <EOT></s>|MASK <EOT></s>|MASK <EOT></s>|MASK <EOT></s>|MASK <EOT></s>|MASK <EOT></s>",
457,parentIndex,parentIndex,True,3,parentIndex|rootIndex|parentIndex,parentIndex <EOT></s>,"parentIndex <EOT></s>|rootIndex + worst;
            if (worstIndex >= values.size()) {
               |parentIndex <EOT></s>",
458,proxyThreads,MASK,False,4,MASK|MASK|MASK|MASK,[MASK] <EOT></s>,[MASK] <EOT></s>|[MASK] <EOT></s>|MASK <EOT></s>|MASK <EOT></s>,
459,title,name,False,3,name|MASK|MASK, name <EOT></s>, name <EOT></s>|  [MASK] <EOT></s>|MASK <EOT></s>,
460,spawn,MASK,False,18,MASK|MASK|MASK|MASK|MASK|On|MASK|MASK|MASK|MASK|MASK|MASK|MASK|MASK|MASK|MASK|MASK|MASK,[MASK] <EOT></s>,"[MASK] <EOT></s>|[MASK] <EOT></s>|[MASK] <EOT></s>|MASK <EOT></s>|[MASK] <EOT></s>|// On Windows, we use cmd.exe as an alternative, the caveat is that the command|MASK <EOT></s>|[MASK] <EOT></s>|[MASK] <EOT></s>|[MASK] <EOT></s>|MASK  = createSpawn(""/bin/pwd"");
    }
    run|[MASK] <EOT></s>|[MASK] ;
    if (OS.getCurrent() == OS.WINDOWS|MASK <EOT></s>|MASK <EOT></s>|MASK <EOT></s>|MASK <EOT></s>|MASK <EOT></s>",
461,incReceiverNodes,incReceiverNodes,True,2,incReceiverNodes|incReceiverNodes,incReceiverNodes <EOT></s>,incReceiverNodes <EOT></s>|incReceiverNodes <EOT></s>,
462,transportVersions,MASK,False,3,MASK|MASK|MASK,[MASK] <EOT></s>,"[MASK] <EOT></s>|MASK ).stream()
            .map(TransportVersion::minimumCompatibilityVersion)
|MASK
            <EOT></s>",
463,returnedRecord,MASK,False,13,MASK|MASK|MASK|MASK|MASK|MASK|MASK|MASK|MASK|MASK|MASK|MASK|MASK,[MASK] <EOT></s>,[MASK] <EOT></s>|[MASK] <EOT></s>|[MASK] <EOT></s>|MASK <EOT></s>|MASK <EOT></s>|MASK <EOT></s>|MASK <EOT></s>|MASK <EOT></s>|MASK <EOT></s>|MASK <EOT></s>|MASK <EOT></s>|MASK <EOT></s>|MASK <EOT></s>,
464,parsedInferenceConfig,MASK,False,2,MASK|MASK,[MASK] <EOT></s>,"[MASK] <EOT></s>|MASK);
    }

    public void testParseInferenceConfigFromModelPackage_",
465,regex,util,False,5,util|util|MASK|MASK|MASK,"util.concurrent.atomic.AtomicInteger;
import java.util.concurrent.atomic.","util.concurrent.atomic.AtomicInteger;
import java.util.concurrent.atomic.|util <EOT></s>| [MASK] <EOT></s>|MASK <EOT></s>|MASK );
    }

    /**
     * Returns the timeout value to pass to",
466,expectedCollection,MASK,False,12,MASK|MASK|MASK|MASK|MASK|MASK|MASK|MASK|MASK|MASK|MASK|MASK,[MASK] <EOT></s>,"[MASK] <EOT></s>|[MASK] <EOT></s>|[MASK] <EOT></s>|MASK <EOT></s>|[MASK] <EOT></s>|MASK .remove(value);

      assertEqualIgnoringOrder( [MASK]|MASK <EOT></s>|MASK <EOT></s>|MASK <EOT></s>|MASK <EOT></s>|MASK <EOT></s>|MASK <EOT></s>",
467,invocationOnMock,MASK,False,4,MASK|MASK|MASK|MASK,[MASK] <EOT></s>,[MASK] <EOT></s>|[MASK] <EOT></s>|MASK <EOT></s>|MASK <EOT></s>,
468,selected,evaluateIntermediate,False,5,evaluateIntermediate|MASK|MASK|MASK|MASK,"evaluateIntermediate(Block[] blocks, int offset, IntVector  [MASK] )","evaluateIntermediate(Block[] blocks, int offset, IntVector  [MASK] )|[MASK] ,
      GroupingAggregatorEvaluationContext ctx) {
|MASK <EOT></s>|MASK <EOT></s>|MASK <EOT></s>",
469,flushablePool,MASK,False,42,MASK|MASK|MASK|MASK|MASK|MASK|MASK|MASK|MASK|MASK|MASK|MASK|assertEquals|MASK|assertEquals|MASK|MASK|MASK|assertEquals|MASK|assertEquals|MASK|MASK|MASK|MASK|MASK|MASK|MASK|MASK|MASK|MASK|MASK|MASK|MASK|MASK|MASK|MASK|MASK|MASK|MASK|MASK|MASK,[MASK] <EOT></s>,"[MASK] <EOT></s>|[MASK] <EOT></s>|MASK <EOT></s>|[MASK] <EOT></s>|[MASK] <EOT></s>|[MASK] <EOT></s>|[MASK] <EOT></s>|MASK .getFree());
		assertEquals(10,  MASK .|[MASK] <EOT></s>|[MASK]  = new FlushablePoolClass(10, 10);|MASK .newObject();
		assertEquals(1,  MASK .get|MASK .getFree());
		assertEquals(1,  MASK .ob|assertEquals(1,  MASK .getFree());
	}

	@|MASK .obtained.size);
	}

	@Test
	public|assertEquals(9,  MASK .getFree());
	}

	@|MASK .obtained.size);
	}

	@Test
	public|[MASK] <EOT></s>|[MASK] .newObject();
		 [MASK] <EOT></s>|assertEquals(0,  [MASK] .obtained.size);
		|[MASK] .obtained.size);
		 [MASK] .flush|assertEquals <EOT></s>|MASK <EOT></s>|[MASK] <EOT></s>|MASK .newObject();
		assertEquals(0,  MASK .get|MASK .newObject();
		assertEquals(0,  MASK .|[MASK] <EOT></s>|MASK .obtain();

		// Test preconditions.
		assert|[MASK] <EOT></s>|MASK .obtained.contains(element2, true));

		// Free|[MASK] <EOT></s>|MASK .obtained.contains(element1, true));
		assertFalse(|MASK <EOT></s>|MASK <EOT></s>|MASK .newObject();
		 MASK .newObject();

		|MASK .newObject();
		 MASK .newObject();
		 M|[MASK] <EOT></s>|MASK <EOT></s>|[MASK] <EOT></s>|MASK <EOT></s>|MASK <EOT></s>|MASK .obtained.contains(element1, true));
		assertFalse(|MASK <EOT></s>",
470,isDesignatedInitializer,hasInitializeMethod,False,5,hasInitializeMethod|isDesignatedInitializer|hasInitializeMethod|isDesignatedInitializer|isDesignatedInitializer,"hasInitializeMethod() {
    return !typeNode.getClassInitStatements().isEmpty","hasInitializeMethod() {
    return !typeNode.getClassInitStatements().isEmpty|isDesignatedInitializer <EOT></s>|hasInitializeMethod <EOT></s>|isDesignatedInitializer <EOT></s>|isDesignatedInitializer <EOT></s>",
471,codePoint,codePoint,True,2,codePoint|codePoint, codePoint <EOT></s>, codePoint <EOT></s>|codePoint <EOT></s>,
472,artifactsResults,artifactResults,False,2,artifactResults|artifactResults,artifactResults <EOT></s>,artifactResults <EOT></s>|artifactResults <EOT></s>,
473,connection,Utils,False,3,Utils|destConfigDir|getName,"Utils.rm(tmpBinDir);
    }

    /**
     * Cop","Utils.rm(tmpBinDir);
    }

    /**
     * Cop|destConfigDir) throws Exception {
        if (Files.isDirectory(tmpConfigDir)|getName() + "" is not a directory"");
        }
        Files.createDirectories(",
474,rayCallback,MASK,False,9,MASK|MASK|MASK|MASK|MASK|MASK|MASK|MASK|MASK,[MASK] <EOT></s>,"[MASK] <EOT></s>|[MASK] <EOT></s>|MASK <EOT></s>|[MASK] <EOT></s>|MASK <EOT></s>|MASK <EOT></s>|MASK <EOT></s>|MASK ),  MASK );
	}

	public void aabbTest (|MASK );
	}

	public void aabbTest (Vector3 aabbMin",
475,argumentCount,EOT,False,2,EOT|EOT, <EOT></s>," <EOT></s>|EOT
              + "" is null but is not marked @Nullable. Method signature: """,
476,health,actuate,False,15,actuate|MASK|MASK|MASK|MASK|MASK|MASK|MASK|MASK|MASK|MASK|MASK|MASK|MASK|MASK,actuate.health.reactive <EOT></s>,"actuate.health.reactive <EOT></s>|[MASK] <EOT></s>|[MASK] <EOT></s>|MASK <EOT></s>|MASK .getStatus()).isEqualTo(Status.UP);
		assertThat(|[MASK] <EOT></s>|[MASK] <EOT></s>|MASK <EOT></s>|MASK <EOT></s>|MASK <EOT></s>|MASK <EOT></s>|MASK <EOT></s>|[MASK] <EOT></s>|MASK <EOT></s>|MASK <EOT></s>",
477,names,names,True,2,names|names,names <EOT></s>,names <EOT></s>|names <EOT></s>,
478,bScale,MASK,False,34,MASK|MASK|MASK|MASK|MASK|MASK|MASK|MASK|MASK|MASK|MASK|MASK|MASK|MASK|MASK|MASK|MASK|MASK|MASK|MASK|MASK|MASK|MASK|MASK|-9294878209448847823|45763478138475679498|CEILING||94878209448847823121|/**|MASK|MASK|MASK|MASK,[MASK] <EOT></s>,"[MASK] <EOT></s>|[MASK] <EOT></s>|[MASK]  = 18;
        BigDecimal aNumber = new BigDecimal|MASK );
        int result = -1;
        assertEquals(""incorrect result"",|[MASK]  = 18;
        BigDecimal aNumber = new BigDecimal|MASK );
        int result = -1;
        assertEquals(""incorrect result"",|[MASK]  = 18;
        BigDecimal aNumber = new BigDecimal|MASK );
        int result = 1;
        assertEquals(""incorrect result"",|[MASK]  = 18;
        BigDecimal aNumber = new BigDecimal|[MASK] <EOT></s>|MASK  = 36;
        BigDecimal aNumber = new BigDecimal(new|MASK );
        int result = -1;
        assertEquals(""incorrect result"",|[MASK] <EOT></s>|[MASK] <EOT></s>|[MASK] <EOT></s>|[MASK ] <EOT></s>|[MASK] <EOT></s>|[MASK] <EOT></s>|[MASK] <EOT></s>|MASK );
       assertEquals(""incorrect value"", aNumber.hashCode(), bNumber|[MASK] <EOT></s>|MASK );
       assertTrue(""incorrect value"", aNumber.hashCode() != b|[MASK] <EOT></s>|[MASK] );
       BigDecimal cNumber = new BigDecimal(new BigInteger(|""-9294878209448847823|45763478138475679498|.CEILING;
       MathContext mc = new MathContext(precision, rm|
       assertEquals(""incorrect scale"", cScale, res.scale());
    }
|94878209448847823121|   /**
     * signum() for a zero BigDecimal
     */
    public void|[MASK] <EOT></s>|MASK <EOT></s>|MASK <EOT></s>|MASK );
       BigDecimal cNumber = new BigDecimal(new BigInteger(c),",
479,bgLeftWidth,scrollbarWidth,False,7,scrollbarWidth|Layout|getBottomHeight||actor|. */|,"scrollbarWidth;
		}
		return width;
	}

	","scrollbarWidth;
		}
		return width;
	}

	|Layout)
			height = ((Layout)actor).getPrefHeight();
	|.getBottomHeight(), background.getMinHeight());

		if (scrollX)|
		if (scrollX) {
			float scrollbarHeight = 0|(actor != this.actor) return false;
		setActor(null);
|. */
	protected float getMouseWheelX () {
		return mouseWheel|

	/** Returns the x scroll position as a percentage of the width of the scroll pane",
480,classLevelEnabled,enabled,False,2,enabled|enabled,      enabled <EOT></s>,"      enabled <EOT></s>|enabled ) {
			ifProfileValue = AnnotatedElementUtils.findMerged",
481,testAnn,testAnnotationBindingInAroundAdvice,False,4,testAnnotationBindingInAroundAdvice|MASK|MASK|MASK,"testAnnotationBindingInAroundAdvice() {
		assertThat(testBean.do","testAnnotationBindingInAroundAdvice() {
		assertThat(testBean.do|[MASK] <EOT></s>|MASK <EOT></s>|MASK <EOT></s>",
482,finalBitmap,MASK,False,3,MASK|MASK|MASK,[MASK] <EOT></s>,[MASK] <EOT></s>|MASK <EOT></s>|MASK  <EOT></s>,
483,target,MASK,False,4,MASK|MASK|MASK|MASK, [MASK] <EOT></s>, [MASK] <EOT></s>|MASK <EOT></s>|[MASK] <EOT></s>|MASK <EOT></s>,
484,categoryClass,categoryClass,True,2,categoryClass|categoryClass,categoryClass <EOT></s>,categoryClass <EOT></s>|categoryClass <EOT></s>,
485,lengthIfKnown,MASK,False,4,MASK|lengthIfKnown|MASK|MASK,[MASK] <EOT></s>,[MASK] <EOT></s>|lengthIfKnown <EOT></s>|MASK <EOT></s>|MASK <EOT></s>,
486,expectedPattern,MASK,False,3,MASK|MASK|MASK,[MASK] <EOT></s>,"[MASK] <EOT></s>|MASK <EOT></s>|MASK
                        + "" but was: "" + actualPattern);
                ok=false",
487,exponent,MASK,False,33,MASK|MASK|MASK|MASK|MASK|MASK|MASK|MASK|MASK|MASK|MASK|MASK|MASK|MASK|MASK|MASK|MASK|MASK|MASK|MASK|MASK|MASK|MASK|MASK|MASK|MASK|MASK|MASK|MASK|MASK|MASK|MASK|MASK,[MASK] <EOT></s>,[MASK] <EOT></s>|[MASK] <EOT></s>|MASK <EOT></s>|MASK <EOT></s>|[MASK] <EOT></s>|MASK <EOT></s>|[MASK] <EOT></s>|[MASK] <EOT></s>|[MASK] <EOT></s>|MASK <EOT></s>|MASK <EOT></s>|MASK <EOT></s>|MASK <EOT></s>|[MASK] <EOT></s>|[MASK] <EOT></s>|[MASK] <EOT></s>|[MASK] <EOT></s>|MASK <EOT></s>|[MASK] <EOT></s>|[MASK] <EOT></s>|[MASK] <EOT></s>|MASK <EOT></s>|MASK <EOT></s>|[MASK] <EOT></s>|MASK <EOT></s>|MASK <EOT></s>|[MASK] <EOT></s>|MASK  <EOT></s>|MASK <EOT></s>|MASK <EOT></s>|MASK <EOT></s>|MASK <EOT></s>|MASK <EOT></s>,
488,decodingOptions,MASK,False,5,MASK|MASK|MASK|MASK|MASK,[MASK] <EOT></s>,[MASK] <EOT></s>|[MASK] <EOT></s>|[MASK] <EOT></s>|MASK <EOT></s>|MASK <EOT></s>,
489,componentTemplates,componentTemplates,True,4,componentTemplates|componentTemplates|componentTemplates|componentTemplates,componentTemplates <EOT></s>,"componentTemplates <EOT></s>|componentTemplates
                <EOT></s>|componentTemplates(componentTemplates)
            .ingestPipelines(ingestP|componentTemplates )
            .build();

        Metadata metadata = Metadata.builder",
490,protocols,supportedProtocols,False,2,supportedProtocols|supportedProtocols,supportedProtocols <EOT></s>,supportedProtocols <EOT></s>|supportedProtocols <EOT></s>,
491,useAlias,useAlias,True,3,useAlias|useAlias|useAlias,useAlias <EOT></s>,useAlias <EOT></s>|useAlias <EOT></s>|useAlias <EOT></s>,
492,dateTimeStr,y,False,11,"y||u5341|u5341|4"" },|MdMMdM|};|getInstance|length||fmt","(""y"");
            if (get_nf != check_nf) {
               ","(""y"");
            if (get_nf != check_nf) {
               |
        NumberFormat get_nf = fmt.getNumberFormat('y');
        if|\u5341\u516B\u65E5"" },|u5341\u4E94"" },
                { ""MM"", ""\|4"" },
                { ""MM"", ""\u521D\u516|{ ""MdMMdM"", ""\u521D\u516D|};

        for (int i = 0; i < DATA.length; i|.getInstance(new ULocale(""zh_Hans_CN""));
        for (int|.length; i++) {
            String pattern = DATA[i][0];
           |
            if (field.length() > 0) {
                fmt.setNumberFormat|fmt.setNumberFormat(override);
            } else {
                fmt.setNumberFormat",
493,meanX,MASK,False,6,MASK|MASK|MASK|MASK|MASK|MASK,[MASK] <EOT></s>,[MASK] <EOT></s>|[MASK] <EOT></s>|MASK <EOT></s>|[MASK] <EOT></s>|MASK <EOT></s>|MASK <EOT></s>,
494,columnValues,MASK,False,7,MASK|MASK|EOT|MASK|MASK|MASK|MASK,[MASK]  = null <EOT></s>,[MASK]  = null <EOT></s>|MASK  <EOT></s>| <EOT></s>|[MASK] <EOT></s>|[MASK] <EOT></s>|MASK <EOT></s>|MASK <EOT></s>,
495,dependency,dependencyResult,False,4,dependencyResult|dependencyResult|dependencyResult|dependencyResult,dependencyResult <EOT></s>,"dependencyResult <EOT></s>|dependencyResult <EOT></s>|dependencyResult <EOT></s>|dependencyResult
				.getRequested()
				.getSelector",
496,params,params,True,1,params,params <EOT></s>,params <EOT></s>,
497,which,which,True,1,which, which <EOT></s>, which <EOT></s>,
498,codeUnderTestId,MASK,False,5,MASK|MASK|EOT|Obj|MASK,[MASK] <EOT></s>,"[MASK] <EOT></s>|  [MASK] Obj <EOT></s>|  <EOT></s>|Obj.charValue());
        char  MASK  =
                 EOT Obj|MASK <EOT></s>",
499,clone,MASK,False,3,MASK|MASK|MASK,[MASK] <EOT></s>,[MASK] <EOT></s>|MASK <EOT></s>|MASK <EOT></s>,
500,configCenter,listener,False,4,listener|return|classes|cl,"listener;
        }

        public Map<String, String> getParameters() {
","listener;
        }

        public Map<String, String> getParameters() {
|           return parameters;
        }

        public void setParameters(Map<String, String|classes) {
                if (""java.util.Collections$UnmodifiableMap"".equals(|(cl.getName())) {
                    Field field = cl.getDeclaredField(""",
501,isVolatile,isPrimitive,False,5,isPrimitive|isVolatile|isVolatile|isVolatile|isVolatile,"isPrimitive(varElement) ? ""(void *)"" : """";
        printf(""%s%","isPrimitive(varElement) ? ""(void *)"" : """";
        printf(""%s%|isVolatile <EOT></s>|isVolatile(varElement);
        boolean isFinal     = ElementUtil.isFinal   |isVolatile && !options.useARC() <EOT></s>|isVolatile <EOT></s>",
502,pager,pager,True,5,pager|MASK|viewpager|MASK|MASK,"pager.widget.PagerAdapter;
import androidx.viewpager.widget.View","pager.widget.PagerAdapter;
import androidx.viewpager.widget.View|[MASK] <EOT></s>|viewpager);
         [MASK] .setCurrentItem(0);
         [|  [MASK] <EOT></s>|MASK <EOT></s>",
503,offset,MASK,False,4,MASK|MASK|MASK|EOT,[MASK] <EOT></s>,[MASK] <EOT></s>|MASK <EOT></s>|MASK <EOT></s>| <EOT></s>,
504,matches,MASK,False,5,MASK|passage|MASK|MASK|MASK,[MASK] <EOT></s>,"[MASK] <EOT></s>|passage.getNumMatches()
             <EOT></s>|MASK <EOT></s>|MASK <EOT></s>|MASK <EOT></s>",
505,byteArrayPool,MASK,False,18,MASK|MASK|MASK|MASK|MASK|MASK|MASK|MASK|MASK|MASK|MASK|MASK|MASK|MASK|MASK|MASK|MASK|MASK,[MASK] <EOT></s>,[MASK] <EOT></s>|[MASK] <EOT></s>|[MASK] <EOT></s>|   MASK <EOT></s>|[MASK] <EOT></s>|[MASK] <EOT></s>|[MASK] <EOT></s>|[MASK] <EOT></s>|MASK <EOT></s>|MASK <EOT></s>|[MASK] <EOT></s>|MASK <EOT></s>|[MASK] <EOT></s>|[MASK] <EOT></s>|[MASK] <EOT></s>|MASK <EOT></s>|MASK <EOT></s>|MASK <EOT></s>,
506,otherParamType,that,False,5,that|that|that|that|that," that
                            = (ParameterizedType) other;
                    if (this =="," that
                            = (ParameterizedType) other;
                    if (this ==|that) {
                        return true;
                    } else {
                        return equals|that .getOwnerType())
                                && equals(rawType,  that .getRaw|that <EOT></s>|  that <EOT></s>",
507,request,MASK,False,12,MASK|MASK|s|MASK|MASK|MASK|MASK|s|t|ARequest|request|MASK,[MASK] <EOT></s>,"[MASK] <EOT></s>|[MASK] request <EOT></s>|s.add(new Tuple<>( [MASK] , listener));
            }
| [MASK] , listener));
            }

            @Override
            protected <|[MASK] Class,
        AResponse response
    ) {
        return actionRes| [MASK] <EOT></s>|MASK <EOT></s>|s.stream()
            .filter(t ->  [MASK] Class.isInstance|t.v1() != null && <EOT></s>|(ARequest) <EOT></s>|request <EOT></s>|MASK <EOT></s>",
508,outstandingRequests,MASK,False,4,MASK|queueSize|MASK|MASK,[MASK] <EOT></s>,"[MASK] <EOT></s>|queueSize * clientNum;

            // Cubic queue adjustment factor. The paper chose|[MASK] <EOT></s>|MASK <EOT></s>",
509,message,messages,False,17,messages|MASK|message|MASK|MASK|MASK|MASK|MASK|MASK|MASK|MASK|MASK|the|the|MASK|MASK|MASK,messages <EOT></s>,"messages <EOT></s>|[MASK] <EOT></s>|message"");

    /**
     * Fields that are not in the log4cxx|[MASK] <EOT></s>|MASK <EOT></s>|[MASK] <EOT></s>|[MASK] <EOT></s>|[MASK] <EOT></s>|[MASK]  <EOT></s>|MASK <EOT></s>|MASK ;
    }

    /**
     * This is unreliable for|[MASK] s.
     *
     * We want to group similar  [MA|the other  MASK <EOT></s>|the  MASK <EOT></s>|MASK , clazz, method, file, line);
    }

    @Override|MASK <EOT></s>|MASK <EOT></s>",
510,consumer,MASK,False,2,MASK|MASK,[MASK] <EOT></s>,"[MASK] <EOT></s>|  MASK
                    <EOT></s>",
511,dialog,dialog,True,2,dialog|dialog,dialog <EOT></s>,"dialog <EOT></s>|dialog
                    <EOT></s>",
512,vStart,MASK,False,9,MASK|MASK|MASK|MASK|MASK|MASK|MASK|MASK|MASK,[MASK] <EOT></s>,"[MASK] <EOT></s>|[MASK] <EOT></s>|MASK <EOT></s>|[MASK] <EOT></s>|[MASK]  + vBlock.getValueCount(valuesPosition);
        for (int|MASK <EOT></s>|MASK <EOT></s>|MASK <EOT></s>|MASK <EOT></s>",
513,parentBd,bd,False,2,bd|null,     bd     <EOT></s>,"     bd     <EOT></s>|null, null, null, null, null, null, null, null, null, null,",
514,testClassNames,testClassNames,True,2,testClassNames|testClassNames,"testClassNames) {
        for (String testClassName : testClassNames) {
           ","testClassNames) {
        for (String testClassName : testClassNames) {
           |testClassNames <EOT></s>",
515,height,MASK,False,14,MASK|MASK|MASK|MASK|MASK|MASK|MASK|MASK|MASK|MASK|MASK|MASK|EOT|MASK,[MASK] <EOT></s>,"[MASK] <EOT></s>|[MASK] <EOT></s>|[MASK] <EOT></s>|[MASK] <EOT></s>|[MASK] );

    mockProducersToProduce(null, null, null|MASK <EOT></s>|MASK <EOT></s>|[MASK] <EOT></s>|MASK <EOT></s>|[MASK] <EOT></s>|MASK <EOT></s>|MASK <EOT></s>| <EOT></s>|MASK <EOT></s>",
516,alpha,MASK,False,14,MASK|MASK|MASK|MASK|MASK|MASK|MASK|MASK|MASK|MASK|MASK|MASK|MASK|MASK,[MASK] <EOT></s>,"[MASK] <EOT></s>|[MASK] );
		}

		public Transform lerp (|MASK <EOT></s>|[MASK] <EOT></s>|[MASK] <EOT></s>|MASK <EOT></s>|[MASK] <EOT></s>|[MASK] <EOT></s>|MASK <EOT></s>|MASK <EOT></s>|MASK <EOT></s>|MASK <EOT></s>|MASK <EOT></s>|MASK <EOT></s>",
517,incReceivers,MASK,False,6,MASK|MASK|MASK|MASK|MASK|MASK,[MASK] <EOT></s>,"[MASK] <EOT></s>|MASK <EOT></s>|MASK  + ""\n""
                        + "" provider: "" + incProviders +|MASK <EOT></s>|MASK <EOT></s>|MASK <EOT></s>",
518,indexInTrackGroup,trackIndex,False,2,trackIndex|trackIndex,"trackIndex) {
    for (int i = 0; i < length; i++)","trackIndex) {
    for (int i = 0; i < length; i++)|trackIndex <EOT></s>",
519,readOffset,readOffset,True,1,readOffset,"readOffset, int writeOffset, int size);

	public native void glCopyBufferSub","readOffset, int writeOffset, int size);

	public native void glCopyBufferSub",
520,ignoreUserOptions,MASK,False,12,MASK|MASK|MASK|MASK|MASK|MASK|MASK|MASK|MASK|MASK|MASK|skipUserOptions,"[MASK] ) throws Exception {
    return newCommand(BuildCommand.class, ","[MASK] ) throws Exception {
    return newCommand(BuildCommand.class, |/*  [MASK] = */ true);
  }

  public final CommandEnvironment|[MASK] )
      throws Exception {
    // TODO(b/143|[MASK] <EOT></s>|MASK= */ false);
  }

  public final CommandEnvironment newCommand(Class|MASK <EOT></s>|MASK );
  }

  private void commandComplete(Crash crash) {
|[MASK] <EOT></s>|MASK <EOT></s>|MASK <EOT></s>|MASK <EOT></s>|skipUserOptions <EOT></s>",
521,commonSuperTypeIndex,typeTableIndex,False,3,typeTableIndex|typeTableIndex|typeTableIndex,typeTableIndex <EOT></s>,"typeTableIndex <EOT></s>|typeTableIndex;
    return typeTableIndex;
  }

  /**
  |typeTableIndex <EOT></s>",
522,newField,newInput,False,5,newInput|newInput|newInput|newInput|newInput,newInput <EOT></s>,newInput <EOT></s>|newInput <EOT></s>|newInput <EOT></s>|newInput <EOT></s>|newInput <EOT></s>,
523,color,adeScrollBars,False,11,adeScrollBars|||to|view|float|centerVertical||amountX|clamp|x,"adeScrollBars (boolean fadeScrollBars) {
		this.fadeScrollB","adeScrollBars (boolean fadeScrollBars) {
		this.fadeScrollB|
		flickScrollListener.setHalfTapSquareSize(halfTap|
	public void setFadeScrollBars (boolean fadeScrollBars) {
	|to the given position. */
	public void setScrollOffset (float x, float y)|view, if possible. */
	public void scrollRectToVisible (float x, float y|float height, boolean centerX, boolean centerY) {
		float scrollX = x|centerVertical) {
		float scrollX = x + width / 2;
	|
		float scrollX = x + width / 2 - actorArea.width / |			amountX = Math.min(x, amountX);
		amountX|clamp(x, 0, maxX);

		float amountY = this|x + width - actorArea.width);

		float amountY = this.amount",
524,testClasses,MASK,False,8,MASK|MASK|MASK|MASK|MASK|MASK|MASK|MASK,[MASK] <EOT></s>,[MASK] <EOT></s>|[MASK] <EOT></s>|[MASK] <EOT></s>|MASK <EOT></s>|[MASK] <EOT></s>|MASK <EOT></s>|MASK <EOT></s>|MASK <EOT></s>,
525,testClass,MASK,False,13,MASK|MASK|MASK|MASK|MASK|MASK|pool|ExecutorService||Joins|try|test|joinPool,[MASK] <EOT></s>,"[MASK] <EOT></s>|[MASK] <EOT></s>|MASK <EOT></s>|[MASK] <EOT></s>|MASK <EOT></s>|MASK  <EOT></s>|pool);
    }

    PoolCleaner cleaner(ExecutorService pool, Runnable|(ExecutorService pool, Runnable releaser) {
        return new PoolCleaner|

    Runnable releaser(final AtomicBoolean flag) {
        return new|Joins the given pool, failing if any thread assertions have
     * failed in the process|try {
            pool.shutdown();
            if (!pool.awaitTermination(|test doesn't have privs
        } catch (InterruptedException fail) {
           |joinPool, but catches and records any exception */
    void tryJoinPool(ExecutorService",
526,pluginPolicy,MASK,False,2,MASK|MASK,"MASK = "".*"";
        var  policy <EOT></s>","MASK = "".*"";
        var  policy <EOT></s>|MASK );
        PluginSecurity.confirmPolicyExceptions(terminal, entitlement",
527,symbolsOut,oundingMode,False,2,oundingMode|try,"oundingMode.UNNECESSARY);
        try {
            decimalFormat.formatToCharacter","oundingMode.UNNECESSARY);
        try {
            decimalFormat.formatToCharacter|try {
            decimalFormat.formatToCharacterIterator(new BigDecimal(""1.23",
528,response,match,False,11,match|MASK|MASK|MASK|MASK|MASK|MASK|MASK|MASK|MASK|MASK,match <EOT></s>,match <EOT></s>|[MASK] <EOT></s>|MASK <EOT></s>|[MASK] <EOT></s>|[MASK] <EOT></s>|[MASK] <EOT></s>|MASK <EOT></s>|[MASK] <EOT></s>|[MASK] <EOT></s>|MASK <EOT></s>|MASK <EOT></s>,
529,endFlag,MASK,False,10,MASK|MASK|MASK|MASK|MASK|MASK|MASK|MASK|MASK|MASK,[MASK] <EOT></s>,"[MASK] <EOT></s>|[MASK] <EOT></s>|[MASK] <EOT></s>|[MASK] <EOT></s>|MASK  = true;
            }
            
        }
        if ((! M|MASK <EOT></s>|MASK  = true;
            }
            
        }
        if ((! M|MASK <EOT></s>|MASK <EOT></s>|MASK <EOT></s>",
530,selectedConverterType,MASK,False,4,MASK|MASK|MASK|MASK,[MASK] <EOT></s>,[MASK] <EOT></s>|[MASK] <EOT></s>|MASK <EOT></s>|MASK <EOT></s>,
531,offset,MASK,False,5,MASK|MASK|offset|MASK|MASK,[MASK]  <EOT></s>,"[MASK]  <EOT></s>|[MASK] <EOT></s>|offset from the beginning of the buffer
     * <EOT></s>|MASK <EOT></s>|MASK <EOT></s>",
532,trace,MASK,False,6,MASK|MASK|MASK|trace|MASK|MASK,[MASK] <EOT></s>,[MASK] <EOT></s>|[MASK] <EOT></s>|[MASK] <EOT></s>|trace to upload <EOT></s>|MASK <EOT></s>|MASK <EOT></s>,
533,infoThreshold,infoThreshold,True,2,infoThreshold|infoThreshold,infoThreshold <EOT></s>,infoThreshold <EOT></s>|infoThreshold <EOT></s>,
534,queue,MASK,False,6,MASK|MASK|MASK|MASK|MASK|MASK,[MASK] <EOT></s>,"[MASK] <EOT></s>|[MASK] ;
            boolean cancelled = this.cancelled;
            boolean done|[MASK] <EOT></s>|MASK <EOT></s>|[MASK] <EOT></s>|MASK <EOT></s>",
535,cause,MASK,False,5,MASK|MASK|MASK|MASK|MASK,[MASK] <EOT></s>,"[MASK] <EOT></s>|[MASK] <EOT></s>|MASK <EOT></s>|MASK <EOT></s>|MASK ;
      }
    }
    throw e;
  }

 ",
536,runLength,MASK,False,3,MASK|MASK|MASK,[MASK] <EOT></s>,[MASK] <EOT></s>|MASK <EOT></s>|MASK <EOT></s>,
537,fieldsCopy,MASK,False,7,MASK|MASK|MASK|MASK|MASK|MASK|MASK,[MASK] <EOT></s>,[MASK] <EOT></s>|MASK <EOT></s>|MASK <EOT></s>|MASK <EOT></s>|MASK] <EOT></s>|MASK <EOT></s>|MASK <EOT></s>,
538,outputColorInfo,inputColorInfo,False,3,inputColorInfo|MASK|outputColorInfo,inputColorInfo <EOT></s>,inputColorInfo <EOT></s>|[MASK] <EOT></s>|outputColorInfo <EOT></s>,
539,bulkShardRequest,bulkShardRequest,True,2,bulkShardRequest|bulkShardRequest,"bulkShardRequest = new BulkShardRequest(
                    oldPrimary.sh","bulkShardRequest = new BulkShardRequest(
                    oldPrimary.sh|bulkShardRequest, replica);
                }
            }
            shards.",
540,newReceivers,newReceivers,True,2,newReceivers|newReceivers,newReceivers <EOT></s>,newReceivers <EOT></s>|newReceivers <EOT></s>,
541,future,futures,False,7,futures|MASK|MASK|MASK|MASK|MASK|MASK,"futures.
 *
 * <p>This class is not thread-safe.
","futures.
 *
 * <p>This class is not thread-safe.
|[MASK] <EOT></s>|[MASK] <EOT></s>|MASK <EOT></s>|[MASK] <EOT></s>|MASK <EOT></s>|MASK <EOT></s>",
542,histo,org,False,3,org|MASK|MASK,"= org.elasticsearch.exponential;

import org.elasticsearch.expon","= org.elasticsearch.exponential;

import org.elasticsearch.expon|[MASK] <EOT></s>|MASK.positiveBuckets().iterator();
        ZeroBucket merged = bucket",
543,checkMlCppNoticeTask,MASK,False,4,MASK|MASK|MASK|MASK,[MASK] <EOT></s>,[MASK] <EOT></s>|MASK <EOT></s>|MASK <EOT></s>|MASK <EOT></s>,
544,actualValue,actualValue,True,10,actualValue|MASK|actualValue|actualValue|s|s|actualList|s|actualValue|actualValue,"actualValue, Object expectedValue) {
        if (actualValue instanceof List) {
           ","actualValue, Object expectedValue) {
        if (actualValue instanceof List) {
           |[MASK] <EOT></s>|actualValue <EOT></s>|actualValue <EOT></s>|s = actualList.stream()
                .filter(each -> each instanceof Map)
               |s,
                is(not(empty()))
            );
            assertTrue(
               |actualList,
                s <EOT></s>|s <EOT></s>|actualValue <EOT></s>|actualValue <EOT></s>",
545,service,indicesService,False,2,indicesService|indicesService,indicesService <EOT></s>,"indicesService <EOT></s>|indicesService
            <EOT></s>",
546,testInfo,MASK,False,6,MASK|MASK|MASK|MASK|MASK|context,[MASK] <EOT></s>,"[MASK] <EOT></s>|[MASK] <EOT></s>|MASK ) {
		assertThat(puzzleServiceNone.getAnswer()).is|MASK );
	}

	@Test
	void test003(Test|MASK <EOT></s>|context.getRequiredTestClass() <EOT></s>",
547,integerSetting,size,False,11,size||builder|size|Setting|size|||List|});|Exception,".size(), value.size());
        assertEquals(input, value);

        builder",".size(), value.size());
        assertEquals(input, value);

        builder|

        // this should replace the value completely
        builder = Settings.builder().put(""|.builder().put(""foo.bar"", ""  test1,test2, test3,|.size(); i++) {
            builder.put(""foo.bar."" + i, input|Setting.get(builder.build());
        assertEquals(input.size(), value.size|size());
        assertArrayEquals(value.toArray(new String[0]), input.|
                throw new IllegalArgumentException(""foo is not allowed"");
            }
        };|
                }
            }
        };

        AbstractScopedSettings.SettingUpd|List(affixSetting, fixSetting),
            validator
        );

        Settings|       });
        assertThat(illegal.getMessage(), equalTo(""foo and 2 can|Exception.class, () -> {
            updater.getValue(Settings.builder().put(""",
548,urlWithPort,urlWithPort,True,2,urlWithPort|urlWithPort, urlWithPort <EOT></s>, urlWithPort <EOT></s>|urlWithPort <EOT></s>,
549,warnThreshold,warnThreshold,True,2,warnThreshold|warnThreshold,"warnThreshold) {
        this.indexWarnThreshold = warnThreshold.nan","warnThreshold) {
        this.indexWarnThreshold = warnThreshold.nan|warnThreshold.getNanos() > 0 ? warnThreshold.getNanos()",
550,array,EOT,False,3,EOT|EOT|EOT,    <EOT></s>,    <EOT></s>|EOT <EOT></s>|EOT <EOT></s>,
551,mockTrainedModelDefinition,trainedModelConfig,False,3,trainedModelConfig|trainedModelConfig|trainedModelConfig,"trainedModelConfig = trainedModelConfigBuilder.setLicenseLevel(""basic"").build();","trainedModelConfig = trainedModelConfigBuilder.setLicenseLevel(""basic"").build();|trainedModelConfig.getModelDefinition()).thenReturn( [MASK] );
        when|trainedModelConfig );
        when(mockTrainedModelConfig.getInferenceConfig()).",
552,builder,MASK,False,4,MASK|MASK|MASK|MASK,[MASK] <EOT></s>,"[MASK] <EOT></s>|[MASK] <EOT></s>|MASK .mediaType(""application/json"", MediaType.APPLICATION_JSON);
|MASK <EOT></s>",
553,downstream,MASK,False,12,MASK|MASK|MASK|MASK|MASK|MASK|MASK|MASK|MASK|MASK|MASK|MASK,[MASK] <EOT></s>,"[MASK] <EOT></s>|[MASK]  <EOT></s>|[MASK] <EOT></s>|MASK <EOT></s>|  MASK .onSubscribe(this);
        }

        @Override
|[MASK] <EOT></s>|MASK ;
            ErrorMode errorMode = this.errorMode;
            SimpleQueue|[MASK] <EOT></s>|[MASK] <EOT></s>|[MASK] <EOT></s>|MASK );
                            return;
                        }

                        if (cancelled|MASK <EOT></s>",
554,pwdEndIdx,MASK,False,5,MASK|MASK|MASK|MASK|MASK,[MASK] <EOT></s>,[MASK] <EOT></s>|[MASK] <EOT></s>|[MASK] <EOT></s>|MASK <EOT></s>|MASK <EOT></s>,
555,pathFragment,MASK,False,14,MASK|MASK|MASK|MASK|MASK|MASK|MASK|MASK|MASK|MASK|MASK|MASK|MASK|MASK,[MASK] <EOT></s>,"[MASK] <EOT></s>|MASK <EOT></s>|[MASK]  = create("".."");
    assertThat( [MASK] .|MASK .containsUplevelReferences()).isTrue();
  }

  @|[MASK]  = create(""../file"");
    assertThat( [MASK]|MASK .containsUplevelReferences()).isFalse();
  }

  @|[MASK] <EOT></s>|MASK .containsUplevelReferences()).isTrue();
  }

  @|[MASK] <EOT></s>|MASK .containsUplevelReferences()).isFalse();
    assertThat( MAS|MASK .getPathString()).isEqualTo(""b"");
  }

  @|MASK  = create(""/a/../b"");

    assertThat( [MASK|MASK .containsUplevelReferences()).isFalse();
    assertThat( MAS|MASK .getPathString()).isEqualTo(""/dir1/file"");
  }
",
556,timestampAdjusterInitializationTimeoutMs,MASK,False,11,MASK|MASK|MASK|MASK|MASK|MASK|beyond|beyond|beyond|beyond|beyond,[MASK]  <EOT></s>,"[MASK]  <EOT></s>|[MASK] <EOT></s>|MASK <EOT></s>|[MASK] <EOT></s>|[MASK] <EOT></s>| [MASK] <EOT></s>|  * beyond the end of the playlist.
   *
   * @param segments The|beyond <EOT></s>|beyond <EOT></s>|beyond ;
  }

  @Override
  public void prepareSourceInternal(@Null|beyond <EOT></s>",
557,initialSeedRef,MASK,False,6,MASK|MASK|MASK|MASK|MASK|MASK,[MASK] <EOT></s>,[MASK] <EOT></s>|[MASK] <EOT></s>|MASK <EOT></s>|MASK <EOT></s>|MASK <EOT></s>|MASK <EOT></s>,
558,context,MASK,False,18,MASK|MASK|MASK|MASK|MASK|MASK|MASK|MASK|MASK|MASK|MASK|MASK|MASK|MASK|MASK|MASK|MASK|current,[MASK] <EOT></s>,"[MASK] <EOT></s>|[MASK] <EOT></s>|[MASK] <EOT></s>|[MASK] <EOT></s>|[MASK] <EOT></s>|[MASK] <EOT></s>|[MASK]  position.
   *
   * @param xctxt The X|MASK <EOT></s>|[MASK] <EOT></s>|[MASK] <EOT></s>|MASK <EOT></s>|[MASK] <EOT></s>|MASK <EOT></s>|[MASK] <EOT></s>|[MASK] <EOT></s>|MASK <EOT></s>|MASK <EOT></s>|current subtree can occur.
   */
  public boolean canTraverseOutsideSubtree",
559,unfilteredRdepsOfRdeps,,False,2,|EOT,"
        [MASK] 
       <EOT></s>","
        [MASK] 
       <EOT></s>|  <EOT></s>",
560,trieIterator,MASK,False,3,MASK|MASK|MASK,[MASK] <EOT></s>,[MASK] <EOT></s>|[MASK] <EOT></s>|MASK <EOT></s>,
561,sourceCodec,http1Codec,False,3,http1Codec|http1Codec|http1Codec,http1Codec <EOT></s>,"http1Codec <EOT></s>|http1Codec <EOT></s>|http1Codec,
                new Http2ServerUpgradeCodec(
                        Http",
562,header,MASK,False,24,MASK|MASK|MASK|s|MASK|MASK|MASK|MASK|MASK|MASK|MASK|MASK|MASK|MASK|MASK|MASK|MASK|MASK|MASK|MASK|MASK|MASK|MASK|MASK,[MASK] <EOT></s>,"[MASK] <EOT></s>|[MASK] <EOT></s>|MASK <EOT></s>|s, Map.of());
            this.clientAddress = clientAddress;
        }
|[MASK] <EOT></s>|[MASK] <EOT></s>|[MASK] <EOT></s>|[MASK] <EOT></s>|[MASK] <EOT></s>|MASK <EOT></s>|MASK <EOT></s>|MASK <EOT></s>|[MASK] <EOT></s>|[MASK] <EOT></s>|[MASK] <EOT></s>|MASK <EOT></s>|MASK <EOT></s>|MASK <EOT></s>|[MASK] <EOT></s>|MASK <EOT></s>|MASK <EOT></s>|MASK <EOT></s>|MASK <EOT></s>|MASK <EOT></s>",
563,execRoot,MASK,False,5,MASK|fileSystem|MASK|MASK|MASK,[MASK] <EOT></s>,"[MASK] <EOT></s>|  fileSystem,
                    directories,
                    localExecutionOptions,
                    resource|[MASK] <EOT></s>|[MASK] <EOT></s>|MASK .getFileSystem(),
            SyscallCache.NO_CACHE),",
564,candidate,modCount,False,3,modCount|Count|i,"= modCount;
            // Android-changed: Detect changes to modCount early.
","= modCount;
            // Android-changed: Detect changes to modCount early.
|Count early.
            for (int i = 0; (i < tab.length &&|= 0; (i < tab.length && modCount == mc); ++i)",
565,parts,trailingParts,False,4,trailingParts|MASK|MASK|MASK,trailingParts <EOT></s>,trailingParts <EOT></s>|[MASK] <EOT></s>|[MASK] <EOT></s>|MASK <EOT></s>,
566,evict,the,False,7,the|key|hash|size|) {|/**|else,"the map
     *         previously associated {@code null} with {@code key}.)
    ","the map
     *         previously associated {@code null} with {@code key}.)
    |key, null, false, true)) == null ?
            null : e.value;
|.hash == hash &&
                ((k = p.key) == key || (key !=|size;
        if (a.length < size)
            return (T[])java.|) {
            a[size] = null;
        }
        return a;
|/**
     * Returns a {@link Collection} view of the values contained in this map.
|               else
                    pp.right = s;
                if (sr != null)
",
567,newest,MASK,False,4,MASK|if|MASK|MASK,[MASK] <EOT></s>,"[MASK] <EOT></s>|if (e.getKey().equals(""KEY""))
                 MASK <EOT></s>|[MASK] <EOT></s>|MASK .getValue());
    }

    /**
     * java.util.Link",
568,fromArchive,file,False,2,file|file,file <EOT></s>,file <EOT></s>|file <EOT></s>,
569,repeatedValuesString,MASK,False,2,MASK|MASK, [MASK] <EOT></s>, [MASK] <EOT></s>|MASK <EOT></s>,
570,indexId,indexId,True,3,indexId|indexId|indexId,indexId <EOT></s>,"indexId <EOT></s>|indexId)
                    )
            )
            .customs(
                Map.|indexId <EOT></s>",
571,start,MASK,False,4,MASK|MASK|MASK|MASK,[MASK] <EOT></s>,[MASK] <EOT></s>|MASK <EOT></s>|MASK <EOT></s>|MASK <EOT></s>,
572,restRequest,request,False,3,request|request|request,request <EOT></s>,"request <EOT></s>|request.contentOrSourceParamParser()
            <EOT></s>|request <EOT></s>",
573,expected,MASK,False,3,MASK|MASK|MASK,"[MASK] = createSamplesArray();
     [MASK] [getNullLocation","[MASK] = createSamplesArray();
     [MASK] [getNullLocation|  MASK <EOT></s>|MASK <EOT></s>",
574,other,MASK,False,3,MASK|MASK|MASK,[MASK] <EOT></s>,[MASK] <EOT></s>|MASK <EOT></s>|MASK <EOT></s>,
575,qualifiedName,context,False,3,context|context|ruleClass,"context   the extraction context
   * @param  [MASK] <EOT></s>","context   the extraction context
   * @param  [MASK] <EOT></s>|context <EOT></s>|ruleClass.getExportedName() <EOT></s>",
576,avgCount,MASK,False,4,MASK|MASK|MASK|MASK,[MASK] <EOT></s>,"[MASK] <EOT></s>|[MASK] <EOT></s>|MASK <EOT></s>|MASK , allOf(greaterThanOrEqualTo(20L), lessTh",
577,innerAgg,MASK,False,2,MASK|MASK,[MASK] <EOT></s>,"[MASK] <EOT></s>|MASK.getAggregations().get(""filter_inner"")
                <EOT></s>",
578,buffer,buffer,True,3,buffer|buffer|buffer,buffer <EOT></s>,buffer <EOT></s>|buffer <EOT></s>|buffer  <EOT></s>,
579,targetR,targetR,True,2,targetR|targetR,"targetR, final Vector3 targetS, final float alpha) {
			return l","targetR, final Vector3 targetS, final float alpha) {
			return l|targetR <EOT></s>",
580,statusPerLine,testPartsIndex,False,3,testPartsIndex|System|EOT," testPartsIndex[] = new int[testObjects.length];
      int    ["," testPartsIndex[] = new int[testObjects.length];
      int    [|System.out.println("" testIsValid() "");
      }
      if (printStatus|60 <EOT></s>",
581,builder,requestBuilder,False,2,requestBuilder|requestBuilder,requestBuilder <EOT></s>,"requestBuilder <EOT></s>|  requestBuilder
                <EOT></s>",
582,configLocations,locations,False,2,locations|locations,locations <EOT></s>,locations <EOT></s>|locations <EOT></s>,
583,entries,MASK,False,34,MASK|MASK|MASK|MASK|MASK|MASK|MASK|MASK|MASK|MASK|MASK|MASK|MASK|MASK|MASK|MASK|MASK|MASK|MASK|MASK|MASK|MASK|MASK|MASK|MASK|MASK|MASK|MASK|MASK|MASK|MASK|MASK|MASK|MASK,[MASK] <EOT></s>,[MASK] <EOT></s>|[MASK] <EOT></s>|[MASK] <EOT></s>|MASK <EOT></s>|[MASK] <EOT></s>|[MASK] <EOT></s>|[MASK] <EOT></s>|MASK <EOT></s>|[MASK] <EOT></s>|[MASK] <EOT></s>|[MASK] <EOT></s>|[MASK] <EOT></s>|[MASK] <EOT></s>|[MASK] <EOT></s>|[MASK] <EOT></s>|[MASK] <EOT></s>|[MASK] <EOT></s>|MASK <EOT></s>|[MASK] <EOT></s>|MASK <EOT></s>|[MASK] <EOT></s>|[MASK] <EOT></s>|[MASK] <EOT></s>|[MASK] <EOT></s>|[MASK] <EOT></s>|[MASK] <EOT></s>|[MASK] <EOT></s>|[MASK] <EOT></s>|MASK <EOT></s>|MASK <EOT></s>|[MASK] <EOT></s>|MASK <EOT></s>|MASK <EOT></s>|MASK <EOT></s>,
584,suite,suite,True,19,suite|suite|MASK|MASK|MASK|MASK|MASK|MASK|MASK|MASK|MASK|MASK|MASK|MASK|MASK|MASK|MASK|MASK|MASK,"suite of tests for implementations of {@link Map}.
 *
 * <p>The {@link","suite of tests for implementations of {@link Map}.
 *
 * <p>The {@link|suite() {
    return new TestsForMapsInJavaUtil().allTests();
|[MASK] <EOT></s>|[MASK] <EOT></s>|[MASK] .addTest(testsForCheckedSortedMap());
     [MASK|[MASK] <EOT></s>|MASK .addTest(testsForSingletonMap());
     MASK .addTest|MASK .addTest(testsForHashMap());
     MASK .addTest(tests|[MASK] <EOT></s>|MASK <EOT></s>|MASK .addTest(testsForTreeMapNatural());
     MASK .add|[MASK] <EOT></s>|MASK .addTest(testsForUnmodifiableMap());
     MASK .add|[MASK] <EOT></s>|MASK <EOT></s>|MASK .addTest(testsForConcurrentHashMap());
     MASK .addTest|MASK .addTest(testsForConcurrentSkipListMap());
     [MASK|MASK .addTest(testsForConcurrentSkipListMapWithComparator());
   |MASK ;
  }

  private static <K, V> Map<K,",
585,encodedURLStr,decodedURLStr,False,8,decodedURLStr|decodedURLStr|decodedURLStr|decodedURLStr|decodedURLStr|decodedURLStr|decodedURLStr|decodedURLStr,"decodedURLStr : after {@link URL#decode} string
     *                      decoded","decodedURLStr : after {@link URL#decode} string
     *                      decoded|decodedURLStr format: protocol://username:password@host:port/path?k1|decodedURLStr) {
        Map<String, String> parameters = null;
       |decodedURLStr <EOT></s>|decodedURLStr , pathEndIdx + 3);
        } else {
           |decodedURLStr .length();
        }

        //decodedBody format: [|decodedURLStr <EOT></s>|decodedURLStr <EOT></s>",
586,admin,MASK,False,20,MASK|user|MASK|SecurityConfig|MASK|MASK|MASK|MASK|MASK|MASK|MASK|MASK|MASK|MASK|userSecurity|MASK|MASK|MASK|String|MASK,[MASK] <EOT></s>,"[MASK] <EOT></s>|user <EOT></s>|[MASK] <EOT></s>|SecurityConfig();
            if (user == null) {
                return  [MASK]|MASK SecurityConfig() <EOT></s>|[MASK] <EOT></s>|MASK <EOT></s>|[MASK] <EOT></s>|[MASK] Sql, String user, String userSql) throws Exception {
            expectMatch|[MASK] <EOT></s>|[MASK] Sql, String user, String userSql) throws Exception {
            expectMatch|[MASK] Sql, user, userSql, cli -> {
                assertEquals(""[|MASK <EOT></s>|[MASK] <EOT></s>|userSecurity(user))) {
                customizer.accept(cli);
                 [MASK|[MASK] <EOT></s>|MASK <EOT></s>|[MASK] <EOT></s>|String line;
                do {
                    line = cli.readLine();
                    |MASK Result.iterator();
            try (EmbeddedCli cli = new Embed",
587,aggBuilder,MASK,False,10,MASK|MASK|MASK|MASK|MASK|ets|(15));|MASK|MASK|MASK,[MASK] <EOT></s>,"[MASK] <EOT></s>|[MASK] <EOT></s>|[MASK] <EOT></s>|MASK ,
                new TextFieldMapper.TextFieldType(TEXT_FIELD_NAME,|[MASK] <EOT></s>|ets().get(0).getDocCount(), equalTo(1L));
            assertThat|(15));
            assertThat(categorizationAggregation.getBuckets|MASK ,
                new TextFieldMapper.TextFieldType(TEXT_FIELD_NAME|MASK <EOT></s>|MASK ,
                new TextFieldMapper.TextFieldType(TEXT_FIELD_NAME",
588,constantPoolOffset,constantPoolOffset,True,3,constantPoolOffset|constantPoolOffset|constantPoolOffset, constantPoolOffset <EOT></s>," constantPoolOffset <EOT></s>|constantPoolOffset;
    constantPool = new ByteVector(constantPoolLength);
    constant|constantPoolOffset <EOT></s>",
589,length,MASK,False,8,MASK|add|add|MASK|MASK|MASK|MASK|MASK,[MASK] <EOT></s>,"[MASK] <EOT></s>|/* add the code points that are in the table but have a zero value */
        int i|add <EOT></s>|MASK <EOT></s>|MASK <EOT></s>|MASK <EOT></s>|MASK <EOT></s>|MASK <EOT></s>",
590,methodSpecBuilder,MASK,False,16,MASK|MASK|MASK|MASK|MASK|MASK|MASK|MASK|MASK|MASK|MASK|M|MASK|MASK|MASK|MASK,[MASK] <EOT></s>,"[MASK] <EOT></s>|[MASK] <EOT></s>|[MASK] <EOT></s>| [MASK] <EOT></s>|[MASK] 
        <EOT></s>|[MASK] <EOT></s>|[MASK] <EOT></s>|[MASK] <EOT></s>| MASK 
            <EOT></s>|[MASK] <EOT></s>|MASK <EOT></s>|M <EOT></s>| MASK <EOT></s>|MASK <EOT></s>|MASK 
        .addAnnotation(processorUtil.checkResult())
        .addAnnotation|MASK <EOT></s>",
591,commits,commits,True,2,commits|commits,commits <EOT></s>,"commits <EOT></s>|commits.stream()
            .map(IndexCommit::getUserData)
           ",
592,myCompressor,MASK,False,4,MASK|MASK|MASK|MASK,[MASK] <EOT></s>,[MASK] <EOT></s>|[MASK] <EOT></s>|MASK <EOT></s>|MASK <EOT></s>,
593,coreOptions,coreOptions,True,2,coreOptions|coreOptions,coreOptions <EOT></s>,coreOptions <EOT></s>|coreOptions <EOT></s>,
594,putDataStreamRequest,request,False,2,request|request,request <EOT></s>,request <EOT></s>|request <EOT></s>,
595,prefix,the,False,19,the|MASK|MASK|MASK|MASK|MASK|MASK|MASK|MASK|MASK|MASK|MASK|MASK|namespace|namespace|MASK|MASK|MASK|MASK,"the pending startElement.  I don't
                // think that's right, but","the pending startElement.  I don't
                // think that's right, but|[MASK] <EOT></s>|[MASK] <EOT></s>|[MASK] <EOT></s>|MASK <EOT></s>|[MASK] <EOT></s>|[MASK] <EOT></s>|[MASK] );
                //      String desturi = getURI( [MASK]|MASK <EOT></s>|[MASK] <EOT></s>|MASK <EOT></s>|MASK <EOT></s>|MASK <EOT></s>|namespace <EOT></s>|namespace
     * that is not in scope <EOT></s>|MASK <EOT></s>|MASK <EOT></s>|MASK <EOT></s>|MASK <EOT></s>",
596,test_date,chen,False,2,chen|ko,"chen)"" ),
            new MonthPatternItem( ""en@calendar=dangi"",       ","chen)"" ),
            new MonthPatternItem( ""en@calendar=dangi"",       |( ""ko@calendar=dangi"",        DateFormat.SHORT, ""\uC",
597,parser,parser,True,10,parser|MASK|MASK|MASK|MASK|MASK|MASK|parser|MASK|MASK,"parser,
                                                                  String aggregationName <EOT></s>","parser,
                                                                  String aggregationName <EOT></s>|[MASK] <EOT></s>|[MASK] <EOT></s>|[MASK] <EOT></s>|[MASK] <EOT></s>|[MASK] <EOT></s>|MASK <EOT></s>|parser <EOT></s>|MASK <EOT></s>|MASK <EOT></s>",
598,weekData,icuWeekData,False,3,icuWeekData|icuWeekData|icuWeekData,icuWeekData <EOT></s>,icuWeekData <EOT></s>|icuWeekData <EOT></s>|icuWeekData <EOT></s>,
599,trainedModelConfigBuilder,MASK,False,6,MASK|MASK|MASK|MASK|MASK|MASK,[MASK] <EOT></s>,"[MASK] <EOT></s>|[MASK] <EOT></s>|MASK .build();

        assertEquals(packageConfig.getModelType(), trainedModel|MASK  = new TrainedModelConfig.Builder().setModelId(
            "".""|MASK ,
            packageConfig,
            xContentRegistry()
        );

       |MASK .build();

        ActionListener<PutTrainedModelAction.Response> response",
600,marker,MASK,False,3,MASK|MASK|MASK,[MASK] <EOT></s>,[MASK] <EOT></s>|[MASK] <EOT></s>|MASK <EOT></s>,
601,secret,key,False,9,key|MASK|MASK|MASK|MASK|MASK|MASK|MASK|MASK,key <EOT></s>,"key <EOT></s>|[MASK] <EOT></s>|[MASK] <EOT></s>|MASK <EOT></s>|[MASK] <EOT></s>|[MASK] <EOT></s>|MASK <EOT></s>|MASK <EOT></s>|MASK ;
        }

        public String getMASK() {
            return ",
602,options,MASK,False,6,MASK|MASK|MASK|MASK|MASK|MASK,[MASK] <EOT></s>,[MASK] <EOT></s>|[MASK] <EOT></s>|MASK <EOT></s>|[MASK] <EOT></s>|[MASK] <EOT></s>|MASK <EOT></s>,
603,targetClass,MASK,False,16,MASK|MASK|MASK|MASK|MASK|MASK|MASK|MASK|MASK|staticField|MASK|MASK|MASK|MASK|MASK|MASK,[MASK] <EOT></s>,"[MASK] <EOT></s>|[MASK]  <EOT></s>|[MASK] <EOT></s>|MASK <EOT></s>|MASK <EOT></s>|[MASK] <EOT></s>|MASK <EOT></s>|[MASK] <EOT></s>|[MASK] <EOT></s>|staticField != null && (this.targetObject != null || this.targetField != null))|MASK <EOT></s>|MASK <EOT></s>|MASK  or targetObject specified.
			throw new IllegalArgumentException(""target|[MASK] <EOT></s>|MASK );
		this.fieldObject =  [MASK] .getField(|MASK  <EOT></s>",
604,exception,MASK,False,8,MASK|MASK|EOT|MASK|EOT|EOT|EOT|error,[MASK] <EOT></s>,[MASK] <EOT></s>|MASK <EOT></s>| <EOT></s>|[MASK] <EOT></s>|EOT <EOT></s>|EOT <EOT></s>|EOT <EOT></s>|error <EOT></s>,
605,tables,tables,True,7,tables|EOT|MASK|MASK|MASK|MASK|tables,tables <EOT></s>,"tables <EOT></s>| <EOT></s>|[MASK] <EOT></s>|[MASK] <EOT></s>|MASK Output, containsString(""type""));
                assertThat( MASK Output, contains|MASK <EOT></s>|tables <EOT></s>",
606,oldIndex,MASK,False,4,MASK|MASK|MASK|MASK,[MASK] <EOT></s>,[MASK] <EOT></s>|MASK <EOT></s>|MASK <EOT></s>|MASK <EOT></s>,
607,builder,MASK,False,18,MASK|MASK|MASK|MASK|MASK|MASK|MASK|MASK|MASK|MASK|MASK|MASK|MASK|MASK|toXContentCollection|MASK|MASK|MASK,[MASK] <EOT></s>,"[MASK] <EOT></s>|[MASK] <EOT></s>|[MASK] <EOT></s>|MASK <EOT></s>|[MASK] <EOT></s>|[MASK] <EOT></s>|[MASK] <EOT></s>|[MASK] <EOT></s>|[MASK] , params, ""tokenizer_types"", usedTokenizers);
        to|[MASK] <EOT></s>|[MASK] <EOT></s>|[MASK] <EOT></s>|MASK , params, ""built_in_filters"", usedBuiltInTokenFilters);|MASK <EOT></s>|toXContentCollection( MASK , params, ""synonyms"", usedSynonyms|[MASK] .startObject();
        usedSynonyms.entrySet()
           |MASK <EOT></s>|MASK <EOT></s>",
608,response,MASK,False,8,MASK|MASK|MASK|MASK|MASK|MASK|MASK|MASK,[MASK] <EOT></s>,"[MASK] <EOT></s>|MASK .isAcknowledged(), is(true));
        }
        DocWrite|MASK <EOT></s>|MASK <EOT></s>|MASK <EOT></s>|[MASK] <EOT></s>|MASK <EOT></s>|MASK <EOT></s>",
609,deprecationHandler,MASK,False,10,MASK|MASK|MASK|MASK|MASK|MASK|MASK|MASK|MASK|MASK,[MASK]  <EOT></s>,"[MASK]  <EOT></s>|[MASK] <EOT></s>|MASK <EOT></s>|[MASK] <EOT></s>|[MASK] <EOT></s>|[MASK] <EOT></s>|MASK <EOT></s>|[MASK] )) {
                return new MultiTermQuery.TopTermsRewrite|[MASK] <EOT></s>|MASK <EOT></s>",
610,allocation,MASK,False,8,MASK|MASK|MASK|MASK|MASK|MASK|MASK|MK,[MASK] <EOT></s>,[MASK] <EOT></s>|[MASK] <EOT></s>|MASK <EOT></s>|[MASK] <EOT></s>|[MASK] <EOT></s>|[MASK] <EOT></s>|MASK <EOT></s>|MK <EOT></s>,
611,newFinalizeContext,MASK,False,2,MASK|MASK,"[MASK] = new FinalizeSnapshotContext(
                false,
                fsc.","[MASK] = new FinalizeSnapshotContext(
                false,
                fsc.|MASK );
        }
    }

    private void createRandomIndex(String index",
612,upstream,MASK,False,4,MASK|MASK|MASK|MASK,[MASK] <EOT></s>,"[MASK] <EOT></s>|[MASK] <EOT></s>|MASK <EOT></s>|MASK
                <EOT></s>",
613,storedFields,MASK,False,2,MASK|MASK,[MASK] <EOT></s>,[MASK] <EOT></s>|MASK <EOT></s>,
614,description,description,True,2,description|description,"description) {
            description.appendText(""a finite double value"");
        }

","description) {
            description.appendText(""a finite double value"");
        }

|description <EOT></s>",
615,invocation,stubbing,False,4,stubbing|internal|invocation|invocation,"stubbing.answers.InvocationInfoExceptionTest.CurrentClass;
import org.mock","stubbing.answers.InvocationInfoExceptionTest.CurrentClass;
import org.mock|internal.stubbing .InvocationInfo;
import org.mockito.invocation <EOT></s>|invocation <EOT></s>|invocation <EOT></s>",
616,factory,MASK,False,13,MASK|MASK|MASK|MASK|MASK|MASK|MASK|MASK|EOT|MASK|factory|MASK|MASK,[MASK] <EOT></s>,"[MASK] <EOT></s>|[MASK] <EOT></s>|[MASK] <EOT></s>|[MASK] <EOT></s>|[MASK] <EOT></s>|MASK  <EOT></s>|MASK <EOT></s>|[MASK] <EOT></s>| <EOT></s>|MASK <EOT></s>|factory.
      // This is a reference to the injector that is captured by the factory.|MASK <EOT></s>|MASK , injector);
    assertThat(provider).isInstanceOf(InternalMethodHand",
617,observer,observer,True,2,observer|observer,observer <EOT></s>,observer <EOT></s>|observer <EOT></s>,
618,securityEnabled,enabled,False,6,enabled|enabled|enabled|enabled|enabled|enabled,enabled <EOT></s>,"enabled <EOT></s>|enabled <EOT></s>|enabled <EOT></s>|enabled <EOT></s>|enabled
           <EOT></s>|enabled <EOT></s>",
619,usedTokenizerTypes,usedTokenizers,False,3,usedTokenizers|usedTokenizerTypes|usedTokenizers,usedTokenizers <EOT></s>,"usedTokenizers <EOT></s>|usedTokenizerTypes <EOT></s>|usedTokenizers.values(),
            usedTokenFilterTypes.values(),
            usedAnaly",
620,uniquePluginIds,installedPluginNames,False,2,installedPluginNames|installedPluginNames," installedPluginNames = new HashSet<>();
        final Set<String>    installedPluginIds"," installedPluginNames = new HashSet<>();
        final Set<String>    installedPluginIds|installedPluginNames.add(plugin.getId()) == false) {
                throw new User",
621,sourceFilePath,MASK,False,7,MASK|MASK|MASK|EOT|MASK|MASK|MASK,[MASK] <EOT></s>,[MASK] <EOT></s>|[MASK] <EOT></s>|[MASK] Path <EOT></s>| <EOT></s>|[MASK] <EOT></s>|MASK <EOT></s>|MASK <EOT></s>,
622,suite,test,False,7,test|suite|MASK|MASK|MASK|MASK|MASK,test-  test-  test-  test-  test-  test-  test-,"test-  test-  test-  test-  test-  test-  test-|suite <EOT></s>|[MASK] <EOT></s>|[MASK] <EOT></s>|[MASK] .addTest(
        CollectionTestSuiteBuilder.using(
               |MASK <EOT></s>|MASK <EOT></s>",
623,newPreFilterQueryBuilders,newPreFilterQueryBuilders,True,2,newPreFilterQueryBuilders|newPreFilterQueryBuilders,"  newPreFilterQueryBuilders,
        int                    rankWindowSize,
        Float","  newPreFilterQueryBuilders,
        int                    rankWindowSize,
        Float|newPreFilterQueryBuilders,
            chunkScorerConfig <EOT></s>",
624,localDataStream,MASK,False,6,MASK|MASK|MASK|MASK|MASK|MASK,"[MASK] = (String) testClusterInfo.get(""local.datastream","[MASK] = (String) testClusterInfo.get(""local.datastream|[MASK] ,
                REMOTE_CLUSTER_1 + "":""|MASK ,
                REMOTE_CLUSTER_1 + "":"" +|MASK.substring(0, 3) + ""*"",
                REMOTE_|MASK  = (String) testClusterInfo.get(""local.datastream"");|MASK Alias,
                REMOTE_CLUSTER_1 + "":""",
625,contextBuilders,MASK,False,5,MASK|MASK|MASK|MASK|MASK,[MASK] <EOT></s>,[MASK] <EOT></s>|[MASK] <EOT></s>|[MASK] <EOT></s>|MASK <EOT></s>|MASK <EOT></s>,
626,length,MASK,False,48,MASK|length|MASK|MASK|MASK|MASK|MASK|MASK|MASK|MASK|MASK|MASK|MASK|MASK|MASK|MASK|MASK|MASK|MASK|length|length|MASK|MASK|MASK|MASK|MASK|MASK|MASK|MASK|MASK|Double||be||MASK|MASK|MASK|MASK|MASK|EOT|MASK|MASK|MASK|MASK|MASK|MASK|);|MASK,"[MASK] );
  }

  // TODO(kevinb): consider making","[MASK] );
  }

  // TODO(kevinb): consider making|length) <EOT></s>|[MASK] <EOT></s>|[MASK] <EOT></s>|[MASK] <EOT></s>|[MASK] <EOT></s>|MASK );
  }

  // TODO(kevinb): consider making this|[MASK] <EOT></s>|[MASK] <EOT></s>|[MASK] <EOT></s>|MASK <EOT></s>|[MASK] <EOT></s>| MASK  <EOT></s>|[MASK] <EOT></s>| MASK  );
    }
    System.arraycopy(arrays[0|[MASK] <EOT></s>|[MASK ] <EOT></s>|[MASK] . For example, {@code [1, 2, 3]} becomes|[MASK]  greater than or equal to
   * {@code minLength}, it is|length of the returned array
   * @param padding an extra amount to ""grow"" the|length  of
   *    <EOT></s>|[MASK] <EOT></s>|[MASK] <EOT></s>|[MASK] * 12);
    builder.append(array[0]);
|MASK <EOT></s>|[MASK] <EOT></s>|[MASK] <EOT></s>|[MASK] <EOT></s>|[MASK] <EOT></s>|[MASK] <EOT></s>|Double#parseDouble(String)}, this method returns {@code NaN} instead of
   * throwing|
   *     string} has a length of zero or cannot be parsed as a {@code double|be potentially optimized, but only with a lot of work
      return Double.valueOf(string);|

  /**
   * Returns a string containing the supplied {@code double} values separated by|[MASK] }. This is equivalent to {@code Collections.rotate(Bytes.as|[MASK] );
  }

  /**
   * Performs a right rotation|MASK <EOT></s>|MASK );
    checkArgument(distance >= -array. MASK , ""distance|MASK <EOT></s>| <EOT></s>|[MASK]  <EOT></s>|MASK <EOT></s>|[MASK]  <EOT></s>|MASK <EOT></s>|MASK <EOT></s>|MASK <EOT></s>|);
    }

    @Override
    public boolean isEmpty() {
      return|MASK <EOT></s>",
627,location,MASK,False,10,MASK|MASK|MASK|MASK|MASK|MASK|location|MASK|MASK|MASK,"[MASK] , int count, boolean transpose, FloatBuffer value);

	public","[MASK] , int count, boolean transpose, FloatBuffer value);

	public|[MASK] , int count, boolean transpose, FloatBuffer value);

	public|[MASK] , int count, boolean transpose, FloatBuffer value);

	public|[MASK] <EOT></s>|[MASK] <EOT></s>|MASK , int count, boolean transpose, FloatBuffer value);

	public native void|location, IntBuffer params);

	public native void glGetFragDataLocation (int|[MASK] , int count, IntBuffer value);

	public native void glUn|[MASK] , int count, IntBuffer value);

	public native void glUn|MASK , int count, IntBuffer value);

	public native void glGetUniform",
628,warningMessage,MASK,False,3,MASK|MASK|MASK,"MASK = ""masked"";
        when(mockConfigToReturn.getModelId()).","MASK = ""masked"";
        when(mockConfigToReturn.getModelId()).|MASK ));
        assertWarnings( [MASK] );
    }
|MASK );
    }

    public void testVerifyMlNodesAndModelArch",
629,oauthVerifier,verifier,False,2,verifier|verifier,verifier <EOT></s>,"verifier <EOT></s>|verifier);
        System.out.println(""Got the Access Token!"");
        System",
630,fieldNumber,MASK,False,3,MASK|MASK|MASK,[MASK] <EOT></s>,"[MASK] <EOT></s>|MASK <EOT></s>|MASK
                        + ""' is not accessible in the current merge context, available ones are:",
631,serializer,parser,False,10,parser|MASK|MASK|MASK|MASK|MASK|MASK|MASK|MASK|MASK,parser <EOT></s>,parser <EOT></s>|[MASK] <EOT></s>|MASK <EOT></s>|MASK <EOT></s>|[MASK] <EOT></s>|[MASK] <EOT></s>|MASK <EOT></s>|MASK <EOT></s>|MASK <EOT></s>|MASK <EOT></s>,
632,endIndex,endIndex,True,2,endIndex|endIndex,endIndex <EOT></s>,endIndex <EOT></s>|endIndex <EOT></s>,
633,version,formatVersion,False,3,formatVersion|formatVersion|ICU," formatVersion[],
                                                 byte    dataVersion[],
                                                 byte"," formatVersion[],
                                                 byte    dataVersion[],
                                                 byte|formatVersion[0]==2 && formatVersion[1]==2;
        }
|2.1, ICU 4.4 */
                                                    /*   (J",
634,response,MASK,False,8,MASK|MASK|MASK|MASK|MASK|MASK|respondJSON|MASK,[MASK] <EOT></s>,"[MASK] <EOT></s>|[MASK] <EOT></s>|[MASK] <EOT></s>|MASK <EOT></s>|MASK <EOT></s>|[MASK] <EOT></s>|  respondJSON( [MASK] , new ModelsResponse(
                    project.column|MASK <EOT></s>",
635,rootDir,licenseFile,False,2,licenseFile|licenseFile,licenseFile <EOT></s>,"licenseFile <EOT></s>|licenseFile.toPath()
                        .resolve(""licenses/"" + licenseFilename",
636,proxy,MASK,False,10,MASK|MASK|MASK|MASK|still|target||if|throws|in,[MASK] <EOT></s>,"[MASK] <EOT></s>|[MASK] <EOT></s>|MASK  = MASK ;
    }

    /**
     * Returns the|MASK ;
    }

    /**
     * Returns the semantic version of the given|still rooted in the target directory.
                if (targetFile.normalize().startsWith|(target) == false) {
                    throw new UserException(PLUGIN_MA|
                Locale.ROOT,
                ""plugin %s already exists; if you need to|; if you need to update the plugin, uninstall it first using 'elasticsearch-plugin remove %|) throws Exception {
        if (Files.isDirectory(tmpConfigDir) == false)|in plugin "" + info.getName() + "" is not a directory"");
        }
       ",
637,webServer,webServer,True,3,webServer|webServer|webServer,webServer <EOT></s>,webServer <EOT></s>|webServer <EOT></s>|webServer <EOT></s>,
638,idleHttpConnectionTimeout,MASK,False,5,MASK|MASK|MASK|MASK|MASK,[MASK] <EOT></s>,"[MASK] <EOT></s>|[MASK] <EOT></s>|[MASK] <EOT></s>|MASK  =  MASK ;
		}

		public D|MASK ;
		}

		public Duration getIdleConnectionTimeout()",
639,attrs,attrs,True,1,attrs,"attrs) throws IOException {
                if (attrs.isRegularFile() <EOT></s>","attrs) throws IOException {
                if (attrs.isRegularFile() <EOT></s>",
640,elapsedRealtimeUs,elapsedRealtimeUs,True,2,elapsedRealtimeUs|elapsedRealtimeUs,"elapsedRealtimeUs The value of
   *    <EOT></s>","elapsedRealtimeUs The value of
   *    <EOT></s>|elapsedRealtimeUs <EOT></s>",
641,targetOffsetUs,MASK,False,6,MASK|MASK|MASK|MASK|MASK|MASK,[MASK]  <EOT></s>,"[MASK]  <EOT></s>|[MASK] <EOT></s>|MASK <EOT></s>|MASK <EOT></s>|MASK <EOT></s>|MASK - liveEdgeOffsetUs;
  }

  /**
   * Gets",
642,metaAnnotations,metaAnnotations,True,2,metaAnnotations|metaAnnotations,metaAnnotations <EOT></s>,metaAnnotations <EOT></s>|metaAnnotations <EOT></s>,
643,header,MASK,False,11,MASK|MASK|MASK|MASK|MASK|MASK|MASK|MASK|MASK|MASK|MASK,[MASK] <EOT></s>,"[MASK] <EOT></s>|MASK <EOT></s>|[MASK] <EOT></s>|[MASK] <EOT></s>|MASK <EOT></s>|MASK  <EOT></s>|[MASK] <EOT></s>|MASK .getValue());
        }
        RequestOptions options = builder.build();
|MASK <EOT></s>|MASK <EOT></s>|MASK Count; i++) {
                builder.addParameter(randomAsciiAlphanum",
644,timeout,MASK,False,4,MASK|MASK|MASK|MASK,[MASK] <EOT></s>,"[MASK] <EOT></s>|[MASK] <EOT></s>|MASK <EOT></s>|MASK );
    }

    public final boolean isExpired() {
        return",
645,formatter,formatter,True,3,formatter|formatter|formatter,formatter <EOT></s>,"formatter <EOT></s>|formatter
            .format(""  while locating %s%n"", source)
           |formatter <EOT></s>",
646,instanceMethod,MASK,False,17,MASK|MASK|MASK|MASK|MASK|MASK|MASK|MASK|MASK|MASK|MASK|MASK|MASK|MASK|MASK|MASK|MASK,[MASK] <EOT></s>,"[MASK] <EOT></s>|MASK <EOT></s>|[MASK] <EOT></s>|[MASK] <EOT></s>|[MASK] <EOT></s>|[MASK] .getSimpleName().toString();
    String staticMethodName = getStatic|[MASK] <EOT></s>|[MASK] <EOT></s>|[MASK] Name;
      }
    }
    if (staticMethodName.|[MASK] );

    //noinspection ResultOfMethodCallIgnored
   |[MASK] <EOT></s>| [MASK] <EOT></s>|[MASK] <EOT></s>|MASK );
    }
    if (parameters.get(0).asType().toString|[MASK] <EOT></s>|MASK <EOT></s>|MASK <EOT></s>",
647,emails,emails,True,2,emails|emails,emails <EOT></s>,emails <EOT></s>|emails <EOT></s>,
648,screenY,MASK,False,8,MASK|MASK|MASK|MASK|MASK|MASK|MASK|MASK,[MASK] <EOT></s>,[MASK] <EOT></s>|[MASK] <EOT></s>|[MASK] <EOT></s>|[MASK] <EOT></s>|[MASK] <EOT></s>|[MASK] <EOT></s>|MASK <EOT></s>|MASK <EOT></s>,
649,subsetSize,MASK,False,12,MASK|MASK|MASK|MASK|MASK|MASK|MASK|subsetFreq|MASK|MASK|MASK|MASK,[MASK] <EOT></s>,"[MASK] <EOT></s>|[MASK] <EOT></s>|[MASK] <EOT></s>|[MASK] <EOT></s>|[MASK] <EOT></s>|MASK <EOT></s>|MASK <EOT></s>|subsetFreq <EOT></s>|[MASK] <EOT></s>|MASK <EOT></s>|[MASK] <EOT></s>|MASK ""));
        }
        try {
            heuristic.getScore(",
650,params,MASK,False,7,MASK|MASK|MASK|MASK|MASK|MASK|MASK,[MASK] <EOT></s>,[MASK] <EOT></s>|[MASK] <EOT></s>|[MASK] <EOT></s>|[MASK] <EOT></s>|[MASK] <EOT></s>|MASK <EOT></s>|MASK <EOT></s>,
651,inner,MASK,False,13,MASK|MASK|MASK|MASK|MASK|MASK|MASK|MASK|MASK|MASK|MASK|MASK|MASK,[MASK] <EOT></s>,"[MASK] <EOT></s>|[MASK] <EOT></s>|[MASK] <EOT></s>|[MASK] <EOT></s>|[MASK] <EOT></s>|[MASK] <EOT></s>|[MASK] <EOT></s>|MASK <EOT></s>|MASK <EOT></s>|[MASK] <EOT></s>|MASK ;

            if (observers.compareAndSet(a, b))|[MASK] <EOT></s>|MASK <EOT></s>",
652,content,MASK,False,6,MASK|MASK|MASK|MASK|MASK|MASK,[MASK] <EOT></s>,"[MASK] <EOT></s>|[MASK] <EOT></s>|MASK <EOT></s>|MASK <EOT></s>|MASK <EOT></s>|MASK , passage.getMatches()[0].utf8ToString()
            <EOT></s>",
653,parsers,MASK,False,32,MASK|MASK|MASK|MASK|MASK|MASK|MASK|MASK|MASK|MASK|code|MASK|MASK|MASK|MASK|MASK|MASK|MASK|MASK|MASK|MASK|parsers|parsers|MASK|MASK|MASK|MASK|MASK|MASK|MASK|MASK|MASK,[MASK] <EOT></s>,"[MASK] <EOT></s>|[MASK] <EOT></s>|[MASK] <EOT></s>|[MASK] <EOT></s>|[MASK] <EOT></s>|MASK <EOT></s>|[MASK] <EOT></s>|[MASK] <EOT></s>|MASK <EOT></s>|MASK <EOT></s>|{@code  MASK } returns a
   * valid value, {@link ImageHeader|[MASK] <EOT></s>|[MASK] ,
        new OrientationReader() {
          @Override
          public|[MASK] <EOT></s>|MASK <EOT></s>|[MASK] <EOT></s>|MASK <EOT></s>|MASK <EOT></s>|MASK <EOT></s>|MASK <EOT></s>|MASK <EOT></s>|parsers list is empty, or none of the  [MASK]  returns a
  |parsers  return a
   * valid value, false is returned.
   */
 |[MASK] <EOT></s>|[MASK] ,
        new JpegMpfReader() {
          @Override|[MASK] <EOT></s>|[MASK] <EOT></s>|MASK <EOT></s>|MASK <EOT></s>|MASK <EOT></s>|MASK <EOT></s>|MASK <EOT></s>",
654,beans,servletRegistrationBeans,False,2,servletRegistrationBeans|servletRegistrationBeans,servletRegistrationBeans <EOT></s>,"servletRegistrationBeans <EOT></s>|servletRegistrationBeans
				.values()
				.stream",
655,parameterObject,parameterObject,True,1,parameterObject,"parameterObject);

  String getSql(Object parameterObject,
                 Class<?> parameter","parameterObject);

  String getSql(Object parameterObject,
                 Class<?> parameter",
656,environmentValue,profileValue,False,2,profileValue|profileValue, profileValue  <EOT></s>," profileValue  <EOT></s>|profileValue)) {
				return true;
			}
		",
657,flingTime,velocityX,False,18,velocityX|velocityY|velocityX|{|MASK|fadeAlpha|fadeAlphaSeconds|if|MASK|//|Returns|ically||Returns|r|ically|r|ically,"velocityX, velocityY;
	private float  [MASK] <EOT></s>","velocityX, velocityY;
	private float  [MASK] <EOT></s>|velocityY  = 1f;
	float  [MASK] <EOT></s>|velocityX, velocityY);
				}
			}

|{
						cancel();
						return true;|[MASK] <EOT></s>|fadeAlpha / fadeAlphaSeconds;
			float alpha2 = 1 - alpha;|fadeAlphaSeconds;
			if (alpha == 0) alpha = 1;|if (velocityX != 0 || velocityY != 0) {
			|[MASK] <EOT></s>|//
			fadeAlpha <EOT></s>|/** Returns the x position of the scrolled viewport. */
	public float getScrollX|ically. */
	public boolean isScrollY () {
		return scrollY;
|
	}

	/** Returns true if the scroll pane is currently being scrolled by|Returns true if the scroll pane is currently being scrolled by touch. */
	public boolean|r > 0;
	}

	public boolean isFlickScroll () {
|ically ) {
		this.  r =  Returns ;
	}

|r =  ically ;
	}

	public float getFlingTime () {
|ically ;
	}

	public float getFlingTime () {
		return",
658,client,rest,False,3,rest|nodeClient|nodeClient,"rest.RestRequest;
import org.elasticsearch.rest.action.RestToXContent","rest.RestRequest;
import org.elasticsearch.rest.action.RestToXContent|nodeClient <EOT></s>|nodeClient
            <EOT></s>",
659,string,MASK,False,2,MASK|MASK,MASK <EOT></s>,MASK <EOT></s>|MASK <EOT></s>,
660,searchResponse,MASK,False,8,MASK|MASK|MASK|MASK|MASK|MASK|MASK|MASK,[MASK] <EOT></s>,"[MASK] <EOT></s>|[MASK] <EOT></s>|MASK <EOT></s>|[MASK] <EOT></s>|MASK <EOT></s>|MASK <EOT></s>|MASK .getAggregations(), context.queryContext.timeField <EOT></s>|MASK <EOT></s>",
661,future,MASK,False,19,MASK|MASK|verifyComplete_fails_ifUnset|MASK|var|MASK|MASK|MASK|MASK|MASK|MASK|MASK|MASK|MASK|MASK|MASK|MASK|MASK|MASK,[MASK] <EOT></s>,"[MASK] <EOT></s>|[MASK]
                    <EOT></s>|verifyComplete_fails_ifUnset() {
    var  [MASK] |[MASK] <EOT></s>|  var thrown = assertThrows(IllegalStateException.class,  [MASK]|() ->  [MASK] <EOT></s>|MASK <EOT></s>|[MASK] <EOT></s>|[MASK] <EOT></s>|[MASK] <EOT></s>|MASK <EOT></s>|[MASK] <EOT></s>|MASK <EOT></s>|MASK .verifyComplete();
    assertThat( MASK .get()).isEqualTo|MASK <EOT></s>|MASK <EOT></s>|MASK <EOT></s>|MASK <EOT></s>|MASK <EOT></s>",
662,range,code,False,5,code|MASK|MASK|MASK|array,"code point range */
        /* add the start code point of each same-value range block */","code point range */
        /* add the start code point of each same-value range block */|[MASK] <EOT></s>|MASK <EOT></s>|MASK <EOT></s>|array */
                start=indexes[IX_JG_START2];
                limit",
663,columnValuesSize,columnValuesSize,True,3,columnValuesSize|columnNamesSize|columnValuesSize,columnValuesSize <EOT></s>,columnValuesSize <EOT></s>|columnNamesSize <EOT></s>|columnValuesSize <EOT></s>,
664,animating,MASK,False,11,MASK|MASK|MASK|MASK|MASK|MASK|MASK|velocityX|width|{|ScrollPaneStyle, [MASK] <EOT></s>," [MASK] <EOT></s>|[MASK]  = true;
		}

		if (flick|MASK  = true;
		}

		if (flickScrollListener|[MASK] <EOT></s>|[MASK] <EOT></s>|[MASK] <EOT></s>|[MASK] <EOT></s>|velocityX = velocityX;
		this.velocityY = velocityY;
|width, background.getMinWidth());

		if (scrollX) {
	|{
			Drawable vScroll = style.vScroll;
			if (|ScrollPaneStyle (@Null ScrollPaneStyle style) {
			background = style.background",
665,plugin,xpack,False,3,xpack|EOT|EOT,xpack.core.index.analysis. <EOT></s>,"xpack.core.index.analysis. <EOT></s>| <EOT></s>|EOT
            .getTokenFilters()
            .get(""beidermorse",
666,client,rest,False,3,rest|nodeClient|nodeClient,"rest.RestRequest.Method;
import org.elasticsearch.rest.RestRequest.Route","rest.RestRequest.Method;
import org.elasticsearch.rest.RestRequest.Route|nodeClient <EOT></s>|nodeClient
            <EOT></s>",
667,buffer,MASK,False,41,MASK|MASK|MASK|MASK|MASK|MASK|MASK|MASK|MASK|MASK|MASK|MASK|MASK|MASK|MASK|MASK|MASK|MASK|MASK|MASK|MASK|MASK|MASK|MASK|MASK|MASK|MASK|MASK|MASK|MASK|MASK|MASK|MASK|MASK|MASK|MASK|MASK|MASK|MASK|MASK|MASK,[MASK] <EOT></s>,"[MASK] <EOT></s>| [MASK] <EOT></s>| [MASK] <EOT></s>|[MASK] <EOT></s>|[MASK] <EOT></s>|[MASK] <EOT></s>|[MASK] <EOT></s>|[MASK] <EOT></s>|[MASK] <EOT></s>|MASK <EOT></s>|MASK <EOT></s>|[MASK] <EOT></s>|[MASK] <EOT></s>|[MASK] <EOT></s>|[MASK] <EOT></s>|[MASK] <EOT></s>| [MASK] <EOT></s>|[MASK] <EOT></s>|[MASK] <EOT></s>|MASK <EOT></s>|MASK <EOT></s>|[MASK] <EOT></s>|[MASK] <EOT></s>|[MASK] <EOT></s>|[MASK] <EOT></s>|[MASK] <EOT></s>|[MASK] <EOT></s>|MASK <EOT></s>|[MASK] <EOT></s>| [MASK] <EOT></s>|[MASK] <EOT></s>|[MASK] <EOT></s>|[MASK] <EOT></s>|[MASK] <EOT></s>|MASK <EOT></s>|MASK <EOT></s>|[MASK] <EOT></s>|MASK .readUnsignedShort();
       MASK .skipBytes(2);
|MASK <EOT></s>|[MASK] <EOT></s>|MASK .readUnsignedShort();
      bitmapWidth =  MASK .readUns",
668,inputsSize,MASK,False,3,MASK|MASK|MASK,[MASK] <EOT></s>,[MASK] <EOT></s>|[MASK] <EOT></s>|MASK <EOT></s>,
669,oinput,Incorrect,False,5,Incorrect||NullPointerException||{,"(""Incorrect RoundingMode"",
                decimalFormat.getRoundingMode(), RoundingMode","(""Incorrect RoundingMode"",
                decimalFormat.getRoundingMode(), RoundingMode|

        // set RoundingMode.HALF_UP of this DecimalFormat
|NullPointerException
            decimalFormat.setRoundingMode(null);
            fail(""Null|
        } catch (NullPointerException e) {
            // expected
        }
   |{
            // expected
        }
    }

    public void test_setR",
670,rtpPayloadType,payloadType,False,2,payloadType|payloadType, payloadType <EOT></s>, payloadType <EOT></s>|payloadType <EOT></s>,
671,quartScratch,quartValue,False,2,quartValue|quartValue,quartValue <EOT></s>,quartValue <EOT></s>|quartValue) <EOT></s>,
672,offset,next,False,6,next|next|next|offset|offset|offset,"next slot to be filled.
     *         <p>
     *             This allows us","next slot to be filled.
     *         <p>
     *             This allows us|next) {
        values.set(rootIndex, next);
    }

   |next);
    }

    /**
     * Get the index of the parent of a|offset <EOT></s>|offset <EOT></s>|offset <EOT></s>",
673,itemIndex,MASK,False,13,MASK|MASK|MASK|MASK|MASK|MASK|MASK|MASK|itemOffset|MASK|classReader|MASK|MASK,[MASK] <EOT></s>,"[MASK] <EOT></s>|MASK <EOT></s>|[MASK] <EOT></s>| [MASK] ,
              itemTag,
              classReader.readClass(item|[MASK] <EOT></s>| [MASK] <EOT></s>|[MASK] , itemTag, classReader.readLong(itemOffset));
          break|MASK , itemTag, classReader.readUTF8(itemOffset, charBuffer));
|itemOffset, charBuffer));
          break;
        case Symbol.CONSTANT_ME|  MASK ,
              itemTag,
              classReader.readByte(itemOffset|  classReader.readUTF8(itemOffset, charBuffer),
                  classReader.|MASK ,
              itemTag,
              classReader.readUTF8(itemOffset,| MASK  <EOT></s>",
674,classLoader,classLoader,True,1,classLoader,classLoader <EOT></s>,classLoader <EOT></s>,
675,classLoader,classLoader,True,2,classLoader|classLoader,classLoader <EOT></s>,classLoader <EOT></s>|classLoader <EOT></s>,
676,scoreDoc,MASK,False,12,MASK|MASK|EOT|MASK|MASK|MASK|MASK|MASK|MASK|MASK|MASK|MASK,[MASK] <EOT></s>,[MASK] <EOT></s>|[MASK] <EOT></s>| <EOT></s>|MASK <EOT></s>|[MASK] <EOT></s>|[MASK] <EOT></s>|[MASK] <EOT></s>|[MASK] <EOT></s>|[MASK] <EOT></s>|MASK <EOT></s>|MASK <EOT></s>|MASK <EOT></s>,
677,staplerResponse,staplerResponse,True,4,staplerResponse|MASK|MASK|MASK,staplerResponse <EOT></s>,"staplerResponse <EOT></s>|[MASK] staplerResponse
             [MASK] <EOT></s>|[MASK] <EOT></s>|MASK <EOT></s>",
678,columnIndex,columnIndex,True,4,columnIndex|columnIndex|columnIndex|columnIndex,"columnIndex) throws SQLException {
    int month = rs.getInt(columnIndex);","columnIndex) throws SQLException {
    int month = rs.getInt(columnIndex);|columnIndex <EOT></s>|columnIndex <EOT></s>|columnIndex <EOT></s>",
679,binTools,binTools,True,3,binTools|env|executionLogFile,binTools <EOT></s>,"binTools <EOT></s>|env, <EOT></s>|/* executionLogFile= */ null,
                /* executionLogFilePath= */ null,
",
680,service,MASK,False,10,MASK|MASK|MASK|MASK|MASK|MASK|MASK|MASK|MASK|MASK,[MASK] <EOT></s>,[MASK] <EOT></s>|[MASK] <EOT></s>|[MASK] <EOT></s>|[MASK] <EOT></s>|MASK <EOT></s>|[MASK] <EOT></s>|MASK <EOT></s>|[MASK] <EOT></s>|MASK <EOT></s>|MASK <EOT></s>,
681,aByte,MASK,False,12,MASK|MASK|MASK|MASK|MASK|MASK|MASK|MASK|MASK|MASK|MASK|MASK,[MASK] <EOT></s>,[MASK] <EOT></s>|   [MASK] <EOT></s>|[MASK] <EOT></s>|[MASK] <EOT></s>|MASK <EOT></s>|MASK <EOT></s>|MASK <EOT></s>|MASK <EOT></s>|MASK <EOT></s>|MASK <EOT></s>|MASK <EOT></s>|MASK <EOT></s>,
682,schemaName,schemaName,True,3,schemaName|schemaName|schemaName,"schemaName) {
		return schemaName;
	}

	@Override
","schemaName) {
		return schemaName;
	}

	@Override
|schemaName <EOT></s>|schemaName.toLowerCase() <EOT></s>",
683,secondImage,MASK,False,6,MASK|MASK|MASK|MASK|MASK|MASK,[MASK] <EOT></s>,[MASK] <EOT></s>|[MASK] <EOT></s>|MASK <EOT></s>|MASK <EOT></s>|MASK <EOT></s>|MASK <EOT></s>,
684,describableType,MASK,False,12,MASK|MASK|MASK|MASK|MASK|MASK|MASK|MASK|MASK|MASK|MASK|MASK,[MASK] <EOT></s>,"[MASK] <EOT></s>|MASK == View.class) {
            return (DescriptorExtensionList) new ViewDescriptor.|[MASK] <EOT></s>|[MASK] <EOT></s>|[MASK] <EOT></s>|[MASK] <EOT></s>|[MASK] <EOT></s>|MASK );
    }

    /**
     * @deprecated as of |MASK <EOT></s>|MASK <EOT></s>|MASK ;
    }

    /**
     * Returns the type of the {@link|MASK <EOT></s>",
685,warnings,MASK,False,7,MASK|MASK|MASK|MASK|MASK|MASK|MASK,[MASK] <EOT></s>,[MASK] <EOT></s>|[MASK] <EOT></s>|MASK <EOT></s>|MASK <EOT></s>|MASK <EOT></s>|MASK <EOT></s>|MASK  <EOT></s>,
686,charsetObj,charsetObj,True,3,charsetObj|charsetObj|charsetObj,"charsetObj = Charset.forName(charset);
		String content = ""","charsetObj = Charset.forName(charset);
		String content = ""|charsetObj);

		ByteBuffer expectBuff = charsetObj.encode(content|charsetObj.newEncoder()
				.onMalformedInput(C",
687,listeners,MASK,False,3,MASK|waiting_threads|MASK,[MASK] <EOT></s>,"[MASK] <EOT></s>|waiting_threads <EOT></s>|MASK);
            assertEquals(1,   (Integer) refresh.get("" total_",
688,x500Principal,subject,False,2,subject|subject,subject <EOT></s>,subject <EOT></s>|subject <EOT></s>,
689,samplers,MASK,False,4,MASK|MASK|MASK|MASK,[MASK] <EOT></s>,"[MASK] <EOT></s>|[MASK] );

	public native void glDeleteSamplers (int count,|[MASK] <EOT></s>|MASK );

	public native boolean glIsSampler (int sampler);

",
690,attributes,attributes,True,11,attributes|MASK|MASK|MASK|MASK|MASK|MASK|MASK|MASK|MASK|MASK,"attributes,
 * <EOT></s>","attributes,
 * <EOT></s>|[MASK] <EOT></s>|[MASK] <EOT></s>|[MASK] <EOT></s>|MASK <EOT></s>|[MASK] <EOT></s>|[MASK] <EOT></s>|MASK <EOT></s>|MASK <EOT></s>|MASK <EOT></s>|MASK <EOT></s>",
691,element,MASK,False,28,MASK|MASK|MASK|MASK|MASK|MASK|MASK|MASK|MASK|MASK|MASK|MASK|MASK|MASK|MASK|MASK|MASK|MASK|MASK|MASK|MASK|MASK|MASK|MASK|MASK|isAnnotationPresent|MASK|MASK,[MASK] <EOT></s>,"[MASK] <EOT></s>|[MASK] <EOT></s>|[MASK] <EOT></s>|[MASK] <EOT></s>|[MASK] <EOT></s>|[MASK] <EOT></s>|[MASK] <EOT></s>|[MASK] <EOT></s>|MASK <EOT></s>|MASK <EOT></s>|[MASK] <EOT></s>|[MASK] <EOT></s>|[MASK] <EOT></s>|[MASK] <EOT></s>|MASK <EOT></s>|MASK <EOT></s>|[MASK] <EOT></s>|[MASK] <EOT></s>|[MASK] <EOT></s>|MASK <EOT></s>|MASK <EOT></s>|[MASK] <EOT></s>|[MASK] <EOT></s>|MASK <EOT></s>|MASK <EOT></s>|isAnnotationPresent() for "" +  [MASK]  + "" and "" + annotation|MASK  + "" and ""
                + annotationType, expected,  [MASK]|MASK <EOT></s>",
692,fileInfo,fileInfo,True,2,fileInfo|fileInfo,"fileInfo
        ) throws IOException {
            delayFn.run();
            super.s","fileInfo
        ) throws IOException {
            delayFn.run();
            super.s|fileInfo);
        }

        @Override
        public String type() {
           ",
693,builder,EMPTY,False,19,EMPTY|MASK|MASK|MASK|MASK|MASK|builder|builder|builder|MASK|builder|MASK|MASK|MASK|MASK|MASK|MASK|MASK|builder,EMPTY <EOT></s>,"EMPTY <EOT></s>|[MASK] <EOT></s>|MASK <EOT></s>|MASK  <EOT></s>|[MASK] <EOT></s>|[MASK] <EOT></s>|builder <EOT></s>|builder <EOT></s>|builder <EOT></s>|[MASK] <EOT></s>|builder <EOT></s>|  [MASK] <EOT></s>|[MASK] <EOT></s>|[MASK] <EOT></s>|[MASK] <EOT></s>|MASK <EOT></s>|MASK <EOT></s>|MASK .build();
    }

    private ClusterState createClusterState(|builder <EOT></s>",
694,model,MASK,False,8,MASK|MASK|MASK|MASK|MASK|MASK|MASK|MASK,[MASK] <EOT></s>,"[MASK] <EOT></s>|[MASK] <EOT></s>|[MASK] , ""AmazonBedrockModel must not be null"" <EOT></s>|MASK =  [MASK];
        this.expiryTimestamp = Instant.of|MASK <EOT></s>|MASK <EOT></s>|[MASK] <EOT></s>|MASK <EOT></s>",
695,resource,resource,True,4,resource|resource|resource|resource,resource <EOT></s>,"resource <EOT></s>|resource <EOT></s>|resource , this.nextChain) :  [MASK] );
	}

	|resource <EOT></s>",
696,playlistParserFactory,MASK,False,11,MASK|MASK|MASK|MASK|MASK|MASK|MASK|MASK|MASK|MASK|MASK,[MASK] <EOT></s>,[MASK] <EOT></s>| [MASK] <EOT></s>|[MASK] <EOT></s>|[MASK]  <EOT></s>|MASK <EOT></s>|MASK <EOT></s>|[MASK] <EOT></s>|MASK <EOT></s>|[MASK] <EOT></s>|MASK <EOT></s>|MASK  <EOT></s>,
697,isBaseSection,MASK,False,2,MASK|MASK,[MASK] <EOT></s>,[MASK] <EOT></s>|MASK <EOT></s>,
698,setToCheck,MASK,False,2,MASK|MASK,[MASK] <EOT></s>,"[MASK] <EOT></s>|MASK.add(key)
            && pendingVisitations.add(Pair.of(",
699,logger,MASK,False,17,MASK|returned|MASK|future|MASK|MASK|MASK|MASK|MASK|MASK|MASK|MASK|MASK|MASK|MASK|MASK|MASK,[MASK]  to be used for logging. The  [MASK]  must have,"[MASK]  to be used for logging. The  [MASK]  must have|returned
   *  [MASK] <EOT></s>|[MASK] <EOT></s>|future that will return the  [MASK] <EOT></s>|[MASK] <EOT></s>|MASK <EOT></s>|[MASK]  for testing <EOT></s>|MASK <EOT></s>|MASK <EOT></s>|MASK <EOT></s>|MASK  <EOT></s>|[MASK] <EOT></s>|[MASK] <EOT></s>| MASK <EOT></s>|MASK <EOT></s>|MASK <EOT></s>| MASK <EOT></s>",
700,moduleClasses,classFiles,False,3,classFiles|classFiles|classFiles,classFiles <EOT></s>,classFiles <EOT></s>|classFiles <EOT></s>|classFiles <EOT></s>,
701,formattedString,,False,16,|);|Pattern|ATTERNS|leniency|item|getErrorIndex|w|parseString|ErrorIndex|setTime|IgnoreCase|result|}|DateFormat|assertTrue,"
        for (TestMultiPatternMatchItem item : items) {
            sdfmt.","
        for (TestMultiPatternMatchItem item : items) {
            sdfmt.|);
            sdfmt.setLenient(item.leniency);
            sdf|Pattern(item.pattern);
            sdfmt.setLenient(item.leniency|ATTERNS, true);
            sdfmt.setBooleanAttribute(BooleanAttribute.PAR|.leniency);
            d = sdfmt.parse(item.parseString, p|item.parseString, p);
            if (item.expectedResult == null) {
|getErrorIndex() != -1) {
                    continue;
                } else {
|"" w/ lenient="" + item.leniency
                            + "" should have failed"");|parseString + "" -- idx["" + p.getIndex() + ""] errIdx[""|ErrorIndex()+""]"");
                continue;
            }

            result.append(|setTime(d);
            result.append(cal.get(Calendar.YEAR));|IgnoreCase(item.expectedResult)) {
                errln(""error: unexpected format result|result);
            } else {
                logln(""formatted results match! - "" +|   }

    @Test
    public void TestParseMultiPatternMatchWithLenient()|DateFormat.getInstance();
        ParsePosition pos = new ParsePosition(0);
        String|assertTrue(""isLenient(null) default"", fmt.isLenient(null));
",
702,retrieverBuilder,MASK,False,4,MASK|MASK|MASK|MASK,[MASK] <EOT></s>,[MASK] <EOT></s>|  [MASK] <EOT></s>|MASK <EOT></s>|MASK <EOT></s>,
703,update,update,True,4,update|MASK|MASK|MASK,"update.UpdateRequest;
import org.elasticsearch.action.update.UpdateResponse;
","update.UpdateRequest;
import org.elasticsearch.action.update.UpdateResponse;
|[MASK]  <EOT></s>|[MASK] <EOT></s>|MASK .upsertRequest().sourceAsMap();
        assertThat(upsertMap.",
704,upsertMap,upsertMap,True,3,upsertMap|upsertMap|upsertMap,"upsertMap = update.upsertRequest().sourceAsMap();
        assertThat(ups","upsertMap = update.upsertRequest().sourceAsMap();
        assertThat(ups|upsertMap.get(ENABLED_FIELD), equalTo(Boolean.TRUE));|upsertMap <EOT></s>",
705,beansMap,MASK,False,3,MASK|MASK|MASK,[MASK] <EOT></s>,"[MASK] <EOT></s>|[MASK]
                <EOT></s>|MASK <EOT></s>",
706,compositeFieldScript,MASK,False,3,MASK|MASK|MASK,[MASK] <EOT></s>,"[MASK] <EOT></s>|MASK <EOT></s>|MASK );
                    }

                    @Override
                    public void setDocument",
707,charset,charset,True,10,charset|charset|MASK|MASK|s|MASK|MASK|MASK|MASK|MASK,"charset.Charset;
import java.nio. [MASK] <EOT></s>","charset.Charset;
import java.nio. [MASK] <EOT></s>|charset <EOT></s>|[MASK] <EOT></s>|[MASK] <EOT></s>|%s is not supported by this JVM"",  [MASK] )
				|MASK <EOT></s>|[MASK] <EOT></s>|MASK <EOT></s>|MASK <EOT></s>|MASK <EOT></s>",
708,indicesStr,MASK,False,2,MASK|MASK, [MASK] <EOT></s>, [MASK] <EOT></s>|MASK <EOT></s>,
709,expressions,MASK,False,5,MASK|MASK|MASK|MASK|MASK,[MASK] <EOT></s>,[MASK] <EOT></s>|[MASK] <EOT></s>|MASK <EOT></s>|MASK <EOT></s>|MASK <EOT></s>,
710,applicationContext,MASK,False,7,MASK|MASK|MASK|MASK|MASK|MASK|MASK,[MASK] <EOT></s>,[MASK] <EOT></s>|[MASK] <EOT></s>|[MASK] <EOT></s>|MASK <EOT></s>|MASK <EOT></s>|MASK <EOT></s>|MASK <EOT></s>,
711,context,MASK,False,53,MASK|MASK|MASK|MASK|MASK|MASK|MASK|account|account|MASK|contexts|MASK|context|MASK|MASK|MASK|MASK|MASK|MASK|MASK|MASK|MASK|MASK|MASK|MASK|MASK|MASK|MASK|MASK|MASK|MASK|MASK|MASK|MASK|MASK|MASK|MASK|MASK|MASK|MASK|MASK|MASK|MASK|MASK|MASK|MASK|MASK|MASK|MASK|MASK|MASK|MASK|MASK,"[MASK] s;

    public static IncidentEvent parse(XContentParser parser","[MASK] s;

    public static IncidentEvent parse(XContentParser parser|[MASK] <EOT></s>|[MASK] <EOT></s>|[MASK] <EOT></s>|[MASK] <EOT></s>|[MASK] <EOT></s>|MASK <EOT></s>|account != null) {
            builder.field(Fields.ROUTING_KEY.get|account s.length > 0) {
            builder.array(Fields.SERVIC|[MASK] <EOT></s>|contexts field into the V2 API contexts field.
     *
     * The V|[MASK] <EOT></s>|context <EOT></s>|MASK <EOT></s>|[MASK] <EOT></s>|[MASK] <EOT></s>|[MASK] <EOT></s>|MASK <EOT></s>|[MASK] <EOT></s>|[MASK] <EOT></s>|MASK <EOT></s>|[MASK] <EOT></s>|[MASK] <EOT></s>|[MASK] <EOT></s>|MASK <EOT></s>|[MASK] <EOT></s>|[MASK] <EOT></s>|[MASK] <EOT></s>|[MASK] <EOT></s>|MASK <EOT></s>|[MASK] <EOT></s>|[MASK] <EOT></s>|MASK <EOT></s>|[MASK] <EOT></s>|[MASK] <EOT></s>|MASK <EOT></s>|MASK <EOT></s>|[MASK] <EOT></s>|MASK <EOT></s>|MASK <EOT></s>|[MASK] <EOT></s>|MASK  <EOT></s>|MASK <EOT></s>|MASK );
                return this;
            }

            public Builder addContexts|MASK <EOT></s>|MASK s.isEmpty()
                    ? null
                    : this.  MAS|MASK <EOT></s>|MASK <EOT></s>|MASK <EOT></s>|MASK <EOT></s>|[MASK] <EOT></s>|MASK <EOT></s>|MASK <EOT></s>",
712,scrollH,scrollH,True,7,scrollH|scrollH|scrollH|scrollH|scrollH|scrollH|scrollH,scrollH <EOT></s>,"scrollH <EOT></s>|scrollH;
					scrollH = Math.max(hScrollBounds.|scrollH  = Math.max(hScrollBounds.x,  scrollH );
	|scrollH );
					scrollH  = Math.min(hScrollBounds|scrollH  = Math.min(hScrollBounds.x + hScrollBounds.width -|scrollH );
					float total = hScrollBounds.width - hK|scrollH  - hScrollBounds.x) / total);
					last",
713,context,context,True,2,context|context,context <EOT></s>,context <EOT></s>|context.reader() instanceof FilterLeafReader ? ((FilterLeafReader) context.reader()).,
714,registered,MASK,False,7,MASK|MASK|snapshot|MASK|MASK|MASK|MASK,[MASK] <EOT></s>,"[MASK] <EOT></s>|MASK <EOT></s>|snapshot is not inferred to be a failure
     */
    public void testSuccessSnapshot| [MASK] Runs from failure is added to invocationsSinceLastSuccess.
|MASK  snapshot from failure is added to invocationsSinceLastSuccess.
     */
|[MASK] <EOT></s>|MASK.getSnapshotsByPolicy(policyName).stream().map(SnapshotId",
715,start,MASK,False,2,MASK|MASK,[MASK] <EOT></s>,[MASK] <EOT></s>|MASK <EOT></s>,
716,className,className,True,2,className|className,className <EOT></s>,className <EOT></s>|className <EOT></s>,
717,httpClient,MASK,False,4,MASK|EOT|httpClient|httpClient, [MASK] <EOT></s>," [MASK] <EOT></s>| <EOT></s>|httpClient(HttpClient  [MASK] );

    @Override
    ServiceBuilder|httpClient);

    @Override
    ServiceBuilderOAuth10a  httpClient",
718,delta,MASK,False,31,MASK|MASK|MASK|MASK|MASK|MASK|MASK|MASK|MASK|MASK|MASK|MASK|MASK|MASK|MASK|fadeAlphaSeconds|MASK|MASK|MASK|MASK|MASK|MASK|MASK|MASK|MASK|MASK|MASK|MASK|MASK|velocityX|background,[MASK] <EOT></s>,"[MASK] <EOT></s>|[MASK] <EOT></s>|MASK  = y - lastPoint.y;
					float scrollV|MASK <EOT></s>|[MASK] X, float  [MASK] Y) {
				|MASK <EOT></s>|[MASK] X = 0;
				if (!scrollY) |MASK <EOT></s>|[MASK] <EOT></s>|MASK <EOT></s>|[MASK] <EOT></s>|MASK <EOT></s>| [MASK] <EOT></s>| MASK  <EOT></s>|[MASK] <EOT></s>|fadeAlphaSeconds *  [MASK] );
			animating = true;
|[MASK] <EOT></s>|[MASK] <EOT></s>| MASK <EOT></s>|[MASK] <EOT></s>|[MASK] )));
				else
					visualScroll|[MASK] <EOT></s>|[MASK] <EOT></s>|[MASK] <EOT></s>|[MASK] )));
				else
					visualScroll|MASK , (visualAmountY - amountY) * 7 *  MASK |MASK )));
				animating = true;
			}
|[MASK] <EOT></s>|[MASK] <EOT></s>|velocityX, float velocityY) {
		this.flingTime = flingTime|background = style.background;
		if (background != null) width = Math.max",
719,executionCount,MASK,False,3,MASK|MASK|MASK,[MASK] <EOT></s>,[MASK] <EOT></s>|MASK <EOT></s>|MASK <EOT></s>,
720,clientSecret,clientSecret,True,2,clientSecret|clientSecret,clientSecret <EOT></s>,clientSecret <EOT></s>|clientSecret <EOT></s>,
721,snapshotA,snapshotName,False,9,snapshotName|snapshotName|snapshot|snapshotName|MASK|snapshotName|TestDelayedRepoPlugin|snapshotName|snapshotName,"snapshotName = executePolicy(masterNode, policyName);
        logger.info(""Created","snapshotName = executePolicy(masterNode, policyName);
        logger.info(""Created|snapshotName);

        // wait until snapshot is registered before allowing it to continue
       |snapshot is registered before allowing  [MASK]  to continue
        assertBusy(()|snapshotName ), 1, TimeUnit.MINUTES);

        // create another|[MASK] <EOT></s>|snapshotName <EOT></s>|TestDelayedRepoPlugin, allowing it to finish
        TestDelayedRepoPlugin.|snapshotName);

        assertBusy(() -> {
            assertSnapshotSuccess(repo|snapshotName);
            assertSnapshotSuccess(repoName, snapshotB);
            assertMetadata",
722,depth,depth,True,12,depth|MASK|MASK|MASK|MASK|MASK|MASK|MASK|MASK|MASK|MASK|MASK,"depth, in bits-per-pixel, of the picture. */
  public final int","depth, in bits-per-pixel, of the picture. */
  public final int|[MASK]  <EOT></s>|[MASK]  <EOT></s>|[MASK] <EOT></s>|MASK <EOT></s>|[MASK] <EOT></s>|MASK <EOT></s>|MASK <EOT></s>|MASK <EOT></s>|MASK <EOT></s>|MASK <EOT></s>|MASK <EOT></s>",
723,child,basePlan,False,10,basePlan|basePlan|MASK|MASK|MASK|MASK|MASK|MASK|MASK|MASK,basePlan <EOT></s>,"basePlan <EOT></s>|basePlan <EOT></s>|[MASK] (),
                new Limit(EMPTY, new Literal(|[MASK] <EOT></s>|[MASK] <EOT></s>|MASK  <EOT></s>|MASK  <EOT></s>|[MASK] (), Limit.class);
                assertTrue(limit.local());|MASK (), Limit.class);
            assertFalse(limit.local());
           |MASK ());
            assertEquals(
                optimizedPlan,
                new Limit(",
724,delta,MASK,False,8,MASK|MASK|MASK|MASK|MASK|the|MASK|MASK,[MASK] <EOT></s>,[MASK] <EOT></s>|[MASK] <EOT></s>|MASK <EOT></s>|[MASK] <EOT></s>|[MASK] <EOT></s>|the count after the change <EOT></s>|MASK <EOT></s>|MASK <EOT></s>,
725,humanReadable,MASK,False,3,MASK|MASK|MASK,   [MASK] <EOT></s>,   [MASK] <EOT></s>|[MASK] <EOT></s>|MASK <EOT></s>,
726,pluginsDirectory,pluginsRealPath,False,2,pluginsRealPath|pluginsRealPath,pluginsRealPath <EOT></s>,pluginsRealPath <EOT></s>|pluginsRealPath <EOT></s>,
727,testdefault,null,False,2,null|,"0-00"", null,
            null,     ""000000"",","0-00"", null,
            null,     ""000000"",|
            null,     ""12-34-5"",null,
            null,",
728,pointer,MASK,False,8,MASK|MASK|MASK|MASK|MASK|MASK|MASK|MASK,[MASK] <EOT></s>,[MASK] <EOT></s>|[MASK] <EOT></s>|[MASK] <EOT></s>|[MASK] <EOT></s>|MASK <EOT></s>|MASK <EOT></s>|MASK <EOT></s>|MASK <EOT></s>,
729,toExclude,MASK,False,20,MASK|MASK|MASK|MASK|MASK|MASK|MASK|MASK|MASK|MASK|MASK|MASK|MASK|MASK|MASK|MASK|MASK|MASK|MASK|MASK,"[MASK] , boolean isPath, TempBuf tempBuf) {
        int","[MASK] , boolean isPath, TempBuf tempBuf) {
        int|[MASK] <EOT></s>|[MASK] <EOT></s>|[MASK] <EOT></s>|MASK <EOT></s>|[MASK] <EOT></s>|[MASK] <EOT></s>|[MASK] <EOT></s>|[MASK] || i + 2 >=  [MASK] || i + 1|MASK d && str.charAt(i) == '%');
            i--;
|[MASK] <EOT></s>|[MASK] <EOT></s>|[MASK] <EOT></s>|[MASK] <EOT></s>|MASK ; i++) {
            if (str.charAt(i) == ch)|MASK <EOT></s>|MASK <EOT></s>|MASK <EOT></s>|MASK ) {
            return -1;
        }

        for (int i|MASK <EOT></s>",
730,bulkRequest,MASK,False,3,MASK|MASK|MASK, [MASK] <EOT></s>," [MASK] <EOT></s>|  MASK
                <EOT></s>|MASK <EOT></s>",
731,bindingResult,MASK,False,5,MASK|MASK|MASK|MASK|MASK,[MASK] <EOT></s>,"[MASK] <EOT></s>|MASK);
		mav.addObject(""date"", new Date() <EOT></s>|[MASK] <EOT></s>|MASK <EOT></s>|MASK <EOT></s>",
732,producerContext,context,False,2,context|context,context <EOT></s>,context <EOT></s>|context <EOT></s>,
733,features,features,True,1,features,        features <EOT></s>,        features <EOT></s>,
734,resName,MASK,False,6,MASK|MASK|MASK|MASK|MASK|MASK,[MASK] <EOT></s>,[MASK] <EOT></s>|[MASK] <EOT></s>|[MASK] <EOT></s>|MASK <EOT></s>|MASK <EOT></s>|MASK <EOT></s>,
735,testtimezone,"0005"",   ""1970 01 01 00",False,4,"0005"",   ""1970 01 01 00|null|,  ""1970 01 01 19:30:|};","0005"",   ""1970 01 01 00","0005"",   ""1970 01 01 00|0:05"",  null,
            null,     ""12:34"",|"",  ""1970 01 01 19:30:|};

        expectParse(DATA, new Locale(""en"", """", """"));
   ",
736,field,MASK,False,5,MASK|MASK|field|MASK|MASK,[MASK] <EOT></s>,[MASK] <EOT></s>|[MASK] <EOT></s>|field <EOT></s>|MASK <EOT></s>|MASK <EOT></s>,
737,columnName,columnName,True,1,columnName,"columnName) throws SQLException {
    return null;
  }

  @Override","columnName) throws SQLException {
    return null;
  }

  @Override",
738,currentFieldName,MASK,False,13,MASK|MASK|MASK|MASK|MASK|MASK|MASK|MASK|MASK|MASK|MASK|MASK|parser,[MASK] <EOT></s>,"[MASK] <EOT></s>|[MASK] <EOT></s>|[MASK] <EOT></s>|[MASK] <EOT></s>|[MASK] <EOT></s>|MASK <EOT></s>|MASK <EOT></s>|MASK <EOT></s>|MASK <EOT></s>|MASK <EOT></s>|MASK , parser.getDeprecationHandler()))
                    || Fields.CONTEXT|MASK <EOT></s>|  parser.currentName()
                        );
                    }
            }
            return",
739,formatter,DateFormats,False,47,"DateFormats|May|null|May|null|/**|Date|util|defaultZone|format|formatting|am|:56"",|a|70 01 01 12:34:56"",|PM|||new|*/|_ULocale|null|an|}|CalendarField|AP_MONTH|i|cases|ofCalendarField|void||Locale|rln|public|0000000004.000000000|dddd|10.10.0000000011"", ""20|23:34.456"",|2300340456000"", ""2010-|56000"", ""2010-04-16 12|T07|GG|dd||ren|u4E03|AM","DateFormats with the following patterns:
        // 1) full date, full time,","DateFormats with the following patterns:
        // 1) full date, full time,|""May 5, 1997"", null, null, null, null, null|null,
                ""5/1/1997"", null, null, null,|""16 May 1997"", null, null, null, null, null,|, null, ""1998"", null, null,
                ""1998|/**
     * Test the handling of the 'Z' pattern character.
     */
   |Date date;
        DateFormat  [MASK] ;
        date = new Date(|.util.Locale(""en"", ""US""));
        Date date = new Date(8|defaultZone = TimeZone.getDefault();
        if (!defaultZone.getID().equals|.format(greenwichdate);
            logln(DATA[i] + result);
|formatting of time zones.
     */
    @Test
    public void TestDateFormatZone1|am"", ""1970 01 01 12:34:|:56"",
            ""hh:mm:ss a"", ""12:34|a default value of ':'
            ""hh:mm:ss a"", ""12:|70 01 01 12:34:56"",
           |PM"", ""1970 01 01 12:34:|
        TimeZone tz = f.getTimeZone();
        f.setTimeZone|
        }

        if (f.equals(sdfmt)) {
            er|new Date(dexp2.getTime() - 3600000);|*/
    @Test
    public void TestOverride() {
        String pattern = ""yyyy|_ULocale() {
        String pattern = ""yyyy-MM-dd"";
       |"", """", null);
            errln(""FAIL: SimpleDateFormat constructor should throw Illegal|an exception"");
        }
    }

    /*
     * Tests the constructor|}
    }

    /*
     * Tests the constructor public SimpleDateFormat(String|CalendarField(int calendarField)
     */
    @Test
    public void TestField|AP_MONTH, Calendar.ERA, Calendar.YEAR, Calendar.MONTH,|; i < cases.length; i++) {
            DateFormat.Field field = DateFormat|(cases[i]);
            } catch (IllegalArgumentException e) {
                er|ofCalendarField(int calendarField) was not suppose to return an exception when calendarField is ""|void TestGetPatternInstance() {
        // Tests when if (calendarField == ChineseCalendar|
            df = DateFormat.getPatternInstance("""", new ULocale(""en_US|Locale(""en_US""));
        }catch(Exception e){
            errln|rln(""DateFormat.getPatternInstance(String pattern) is not suppose to return an exception."");|   public void TestVeryLongNumericFieldPattern() {
        String pattern = ""yyyy|0000000004.000000000|dddd"", ""fp"", ""2010 04 01"",
           |10.10.0000000011"", ""20|23:34.456"",

                ""yyyyMMddHHmmss|2300340456000"", ""2010-|56000"", ""2010-04-16 12|-10-23T07:00:00Z"",
        ""|GG yyyy-MM-dd'T'HH:mm:ss'Z'"",|dd'T'HH:mm:ss'Z'"", new Locale(""en"", """",|
            try
            {
                out = fmt1.format(dt1);
           |29-4-2"",       ""ren-chen 29-4bis-|u4E03\u6708\u4E8C\u5|00:30:00"", ""12:30:00 AM",
740,response,writing,False,6,writing|MASK|MASK|response|MASK|MASK,"writing of the response body of an {@code @ResponseBody}
 * controller method or a {@","writing of the response body of an {@code @ResponseBody}
 * controller method or a {@|[MASK] <EOT></s>|[MASK] <EOT></s>|response
	 * @param  MASK  the current  response <EOT></s>|MASK <EOT></s>|MASK <EOT></s>",
741,parent,MASK,False,8,MASK|MASK|MASK|MASK|MASK|MASK|parent|parent,[MASK] <EOT></s>,[MASK] <EOT></s>|MASK <EOT></s>|MASK <EOT></s>|![MASK] <EOT></s>|MASK <EOT></s>|MASK <EOT></s>| parent <EOT></s>|parent <EOT></s>,
742,lookup,MASK,False,7,MASK|MASK|MASK|MASK|getLookup|MASK|MASK,[MASK] <EOT></s>,[MASK] <EOT></s>|[MASK] <EOT></s>|MASK <EOT></s>| [MASK] <EOT></s>|getLookup <EOT></s>|MASK <EOT></s>|MASK  <EOT></s>,
743,impls,MASK,False,3,MASK|MASK|MASK,[MASK] <EOT></s>,[MASK] <EOT></s>|MASK <EOT></s>|MASK <EOT></s>,
744,beanName,MASK,False,5,MASK|MASK|MASK|MASK|MASK,[MASK] <EOT></s>,[MASK] <EOT></s>|[MASK] <EOT></s>|MASK <EOT></s>|MASK <EOT></s>|MASK <EOT></s>,
745,other,MASK,False,10,MASK|GroupId|MASK|MASK|MASK|MASK|MASK|MASK|MASK|MASK,[MASK] <EOT></s>,"[MASK] <EOT></s>|GroupId} into {@code groupId}.
     */
    public void merge(int group|[MASK] <EOT></s>|[MASK] <EOT></s>|[MASK] <EOT></s>|MASK <EOT></s>|MASK <EOT></s>|[MASK] <EOT></s>|MASK <EOT></s>|MASK <EOT></s>",
746,contextClass,contextClass,True,15,contextClass|MASK|MASK|MASK|MASK|MASK|MASK|MASK|MASK|MASK|MASK|MASK|MASK|MASK|MASK,"contextClass
     *     <EOT></s>","contextClass
     *     <EOT></s>|[MASK] <EOT></s>|[MASK] <EOT></s>|[MASK]
                   <EOT></s>|[MASK] <EOT></s>|[MASK] <EOT></s>|MASK <EOT></s>|MASK <EOT></s>|[MASK] <EOT></s>|MASK );
                }
                try {
                    if ( [MASK] |MASK <EOT></s>|MASK <EOT></s>|MASK );
                        }
                        continue OUTER; // veto-ed.|MASK <EOT></s>|MASK <EOT></s>",
747,dataTypeName,dataType,False,2,dataType|dataType,"dataType) {
        return new EsqlIllegalArgumentException(""illegal data type [""","dataType) {
        return new EsqlIllegalArgumentException(""illegal data type [""|dataType <EOT></s>",
748,visitor,MASK,False,7,MASK|method|MASK|interface|MASK|MASK|MASK,[MASK]  method <EOT></s>,"[MASK]  method <EOT></s>|method returns  false, 
	 * the subtree is not called.
	 * |[MASK] <EOT></s>|interface  to  be called  back  by  the  walker.
	 * @|[MASK] <EOT></s>|!MASK <EOT></s>|MASK );
	        }
	      }
	    }
	}
	",
749,actual,MASK,False,2,MASK|MASK,[MASK] <EOT></s>,"[MASK] <EOT></s>|MASK);
        assertEquals(expected.toInt(),  ScriptFeatureExtractor.get",
750,serverInputStream,MASK,False,12,MASK|MASK|MASK|MASK|MASK|MASK|MASK|MASK|MASK|MASK|MASK|MASK,[MASK] <EOT></s>,"[MASK] <EOT></s>|MASK <EOT></s>|MASK <EOT></s>|[MASK] <EOT></s>|MASK );
    multiplexer.setProcessFactory(params -> new FakeSubprocess|MASK <EOT></s>|[MASK] <EOT></s>|MASK <EOT></s>|MASK <EOT></s>|MASK <EOT></s>|MASK <EOT></s>|MASK <EOT></s>",
751,layer,layer,True,1,layer,"layer);

	public native void glGetProgramBinary (int program, IntBuffer length,","layer);

	public native void glGetProgramBinary (int program, IntBuffer length,",
752,destConfigDir,MASK,False,17,MASK|MASK|MASK|MASK|MASK|MASK|MASK|MASK|MASK|MASK|MASK|MASK|tmpConfigDir|MASK|MASK|MASK|MASK,[MASK] <EOT></s>,"[MASK] <EOT></s>|[MASK] );
        }
    }

    /**
     * Moves|MASK <EOT></s>|MASK <EOT></s>|[MASK] <EOT></s>|[MASK] <EOT></s>|[MASK] <EOT></s>|  [MASK] <EOT></s>|[MASK ] <EOT></s>|MASK <EOT></s>|MASK <EOT></s>|[MASK] <EOT></s>|tmpConfigDir <EOT></s>|MASK <EOT></s>|MASK <EOT></s>|MASK Attributes != null) {
                        setOwnerGroup(destFile,  M|MASK <EOT></s>",
753,accepted,isAccepted,False,16,isAccepted|MASK|isAccepted|result|MASK|MASK|MASK|MASK|MASK|MASK|MASK|MASK|MASK|MASK|MASK|MASK,isAccepted <EOT></s>,"isAccepted <EOT></s>|[MASK] <EOT></s>|isAccepted <EOT></s>|result <EOT></s>|[MASK] <EOT></s>|[MASK]  <EOT></s>|MASK <EOT></s>|MASK <EOT></s>|[MASK] <EOT></s>|[MASK] <EOT></s>|[MASK] <EOT></s>|[MASK ]
               <EOT></s>|MASK <EOT></s>|MASK  <EOT></s>|MASK <EOT></s>|MASK <EOT></s>",
754,invalidValue,MASK,False,3,MASK|randomValue|randomValue,MASK <EOT></s>,"MASK <EOT></s>|randomValue, () -> encode.apply(randomValue + 1));
        assertThat(|randomValue + MASK <EOT></s>",
755,outerFilterDocCount,filterDocCount,False,4,filterDocCount|filterDocCount|filterDocCount|filterDocCount,filterDocCount <EOT></s>,"filterDocCount <EOT></s>|filterDocCount <EOT></s>|filterDocCount , equalTo(innerFilterDocCount));
                assertThat( [MASK|filterDocCount <EOT></s>",
756,newChildren,newChildren,True,2,newChildren|newChildren,"newChildren) {
        if (newChildren.size() != 1) {
           ","newChildren) {
        if (newChildren.size() != 1) {
           |newChildren.get(0));
    }

    @Override
    public String inner",
757,lastIndex,MASK,False,4,MASK|MASK|keysToGet|keysToGet, [MASK] <EOT></s>," [MASK] <EOT></s>|[MASK]
         <EOT></s>|keysToGet.size() <EOT></s>|keysToGet.size() - 1 <EOT></s>",
758,valueStart,MASK,False,9,MASK|MASK|MASK|MASK|MASK|MASK|MASK|MASK|MASK,[MASK] <EOT></s>,[MASK] <EOT></s>|[MASK] <EOT></s>|MASK <EOT></s>|[MASK] <EOT></s>|[MASK] <EOT></s>|MASK <EOT></s>|[MASK] <EOT></s>|MASK <EOT></s>|MASK <EOT></s>,
759,applicationContext,context,False,3,context|context|context,context               <EOT></s>,context               <EOT></s>|context <EOT></s>|context <EOT></s>,
760,maxes,MASK,False,3,MASK|MASK|MASK,[MASK] <EOT></s>,[MASK] <EOT></s>|[MASK] <EOT></s>|MASK <EOT></s>,
761,resolver,channel,False,12,channel|channel|MASK|MASK|MASK|MASK|MASK|MASK|MASK|MASK|MASK|MASK,"channel.ChannelOutboundHandler;
import io.netty5.channel.ChannelOutbound","channel.ChannelOutboundHandler;
import io.netty5.channel.ChannelOutbound|channel .AddressResolverGroup;
import io.netty5.channel .AddressResolverGroup;|[MASK] <EOT></s>|[MASK] <EOT></s>|MASK <EOT></s>|MASK <EOT></s>|MASK <EOT></s>|[MASK] <EOT></s>|MASK <EOT></s>|[MASK] <EOT></s>|MASK <EOT></s>|  MASK <EOT></s>",
762,urlAuthSection,MASK,False,2,MASK|MASK,MASK     <EOT></s>,MASK     <EOT></s>|MASK <EOT></s>,
763,constantDynamic,CONSTANT_UTF8_TAG,False,5,CONSTANT_UTF8_TAG||ANT_Utf8_info|of|index,"CONSTANT_UTF8_TAG, value, hashCode)).index;
  }
","CONSTANT_UTF8_TAG, value, hashCode)).index;
  }
|
   * Adds a new CONSTANT_Utf8_info to the constant pool|ANT_Utf8_info to the constant pool of this symbol table.
   *
|of this symbol table.
   *
   * @param index the constant pool index of the|index the constant pool index of the new Symbol.
   * @param value a string.
",
764,minDays,MASK,False,5,MASK|MASK|MASK|OfWeekField|date, [MASK]  = CalendarDataUtility.retrieveMinimalDaysInFirst," [MASK]  = CalendarDataUtility.retrieveMinimalDaysInFirst|MASK  = weekData.minimalDaysInFirstWeek;
    return WeekFields|MASK);
  }

  /**
   * Obtains an instance of {@|OfWeekField(WeekFields weekDef) {
            return new ComputedDayOfField(|(date, wowby, offset, yearLen);
            if (newYearWeek >",
765,staticMethods,MASK,False,7,MASK|MASK|MASK|MASK|MASK|EOT|MASK,[MASK] <EOT></s>,[MASK] <EOT></s>|MASK <EOT></s>|[MASK] <EOT></s>|[MASK] <EOT></s>|MASK <EOT></s>| <EOT></s>|MASK <EOT></s>,
766,refeshOnOperation,MASK,False,5,MASK|MASK|MASK|MASK|MASK,[MASK] <EOT></s>,[MASK] <EOT></s>|[MASK] <EOT></s>|[MASK] <EOT></s>|MASK <EOT></s>|MASK <EOT></s>,
767,currency,currency,True,7,currency|currency|MASK|MASK|MASK|MASK|Currency,currency <EOT></s>,"currency <EOT></s>|currency.getCurrencyCode();
        } else if (object instanceof JSONStreamAware)| [MASK] <EOT></s>|MASK] <EOT></s>|MASK <EOT></s>|MASK  <EOT></s>|Currency <EOT></s>",
768,method,methods,False,5,methods|MASK|MASK|MASK|MASK,"methods.
 *
 * <p>This factory creates a {@link TransactionalApplicationListener","methods.
 *
 * <p>This factory creates a {@link TransactionalApplicationListener|[MASK] <EOT></s>|[MASK] <EOT></s>|[MASK] <EOT></s>|MASK <EOT></s>",
769,mediaDescription,MASK,False,14,MASK|MASK|MASK|MASK|MASK|MASK|MASK|MASK|MASK|MASK|MASK|MASK|MASK|MASK,[MASK] <EOT></s>,"[MASK] <EOT></s>|[MASK] <EOT></s>|  [MASK] .mediaType != null && ![MASK] .mediaType.| MASK <EOT></s>|[MASK] .attributes.get(ATTR_CONTROL)));
  }
|MASK <EOT></s>|[MASK] .bitrate > 0) {
      formatBuilder.setBitrate| MASK <EOT></s>|[MASK] <EOT></s>|[MASK] <EOT></s>|MASK <EOT></s>|[MASK] <EOT></s>|MASK <EOT></s>|MASK <EOT></s>",
770,zeroTermsQuery,MASK,False,27,MASK|MASK|MASK|MASK|MASK|MASK|MASK|MASK|MASK|MASK|MASK|MASK|MASK|MASK|Option|MASK|MASK|MASK|MASK|MASK|MASK|MASK|MASK|MASK|MASK|MASK|MASK,[MASK] <EOT></s>,"[MASK] <EOT></s>|[MASK] <EOT></s>|MASK  <EOT></s>|[MASK] <EOT></s>|[MASK] <EOT></s>|[MASK] <EOT></s>|[MASK] <EOT></s>|MASK <EOT></s>|MASK ;
        return this;
    }

    public MatchPhraseQuery|[MASK] (ZeroTermsQueryOption  [MASK] ) {
        if|[MASK] String) {
        ZeroTermsQueryOption  [MASK] Option|[MASK] <EOT></s>|MASK <EOT></s>|MASK <EOT></s>|Option);
    }

    public MatchPhraseQueryBuilder  MASK (|MASK <EOT></s>|MASK <EOT></s>|MASK <EOT></s>|MASK <EOT></s>|[MASK] <EOT></s>|[MASK] <EOT></s>|MASK <EOT></s>|MASK <EOT></s>|[MASK] <EOT></s>|MASK <EOT></s>|MASK <EOT></s>|MASK <EOT></s>",
771,legal,not,False,8,not|legal|MASK|name|_|legal|legal|legal,"not encoded.
 *
 * <p>This class is immutable and thread-safe.","not encoded.
 *
 * <p>This class is immutable and thread-safe.|legal <EOT></s>|[MASK] <EOT></s>|name <EOT></s>|""-_.!~*'()  "" <EOT></s>|legal <EOT></s>|legal  <EOT></s>|legal <EOT></s>",
772,searchLookup,MASK,False,6,MASK|lookup|MASK|MASK|MASK|MASK,[MASK] <EOT></s>,[MASK] <EOT></s>|lookup <EOT></s>|[MASK] <EOT></s>|[MASK] <EOT></s>|MASK <EOT></s>|MASK <EOT></s>,
773,routingTable,routingTable,True,5,routingTable|routingTable|routingTable|routingTable|routingTable,routingTable <EOT></s>,"routingTable <EOT></s>|routingTable(routingTable)
            .blocks(ClusterBlocks.builder|routingTable <EOT></s>|routingTable <EOT></s>|routingTable <EOT></s>",
774,vVector,MASK,False,12,MASK|MASK|MASK|MASK|MASK|MASK|MASK|MASK|MASK|MASK|MASK|MASK,[MASK] <EOT></s>,[MASK] <EOT></s>|[MASK] <EOT></s>|[MASK] <EOT></s>|[MASK] <EOT></s>|MASK <EOT></s>|MASK  <EOT></s>|[MASK] <EOT></s>|[MASK] <EOT></s>|MASK <EOT></s>|MASK <EOT></s>|MASK <EOT></s>|MASK <EOT></s>,
775,consumer,MASK,False,6,MASK|MASK|MASK|MASK|MASK|MASK,[MASK] <EOT></s>,"[MASK] <EOT></s>|[MASK]
                      <EOT></s>|MASK <EOT></s>|[MASK] <EOT></s>| MASK <EOT></s>|MASK <EOT></s>",
776,prefix,prefix,True,2,prefix|prefix,prefix <EOT></s>,"prefix <EOT></s>|prefix
               <EOT></s>",
777,blockFactory,MASK,False,3,MASK|MASK|MASK,[MASK] <EOT></s>,[MASK] <EOT></s>|[MASK] <EOT></s>| MASK <EOT></s>,
778,apiSecret,apiSecret,True,3,apiSecret|apiSecret|apiSecret,apiSecret <EOT></s>,"apiSecret <EOT></s>|apiSecret(apiSecret)
                .build(FlickrApi.instance());
       |apiSecret )
                .build(FlickrApi.instance(FlickrApi.",
779,tests,,False,8,|T00|th||leniency|item|iency|String,"
                            }
                        } catch (ParseException e) {
                            errl","
                            }
                        } catch (ParseException e) {
                            errl|04-07-15T00:00:00Z"", ""|th quarter"",    ""yyyy MMM dd qqqq"",      ""2013 Oct|
            sdfmt.setLenient(item.leniency);
            d = s|leniency);
            d = sdfmt.parse(item.parseString, p);|item.expectedResult == null) {
                if (p.getErrorIndex() != -|iency
                            + "" should have failed"");
            }
            if(p.get|String + "" -- idx["" + p.getIndex() + ""] errIdx["" +",
780,itemOffset,itemOffset,True,13,itemOffset|MASK|MASK|memberRefItemOffset|MASK|nameAndTypeItemOffset|nameAndTypeItemOffset|MASK|MASK|memberRefItemOffset|MASK|MASK|MASK,"itemOffset = classReader.getItem(itemIndex);
      int itemTag = inputBytes","itemOffset = classReader.getItem(itemIndex);
      int itemTag = inputBytes|MASK]  - 1];
      int nameAndTypeItemOffset;
      switch|[MASK]  + 2));
          addConstantMemberReference(
              item|memberRefItemOffset, charBuffer),
              classReader.readUTF8(nameAndType|[MASK] <EOT></s>|nameAndTypeItemOffset <EOT></s>|nameAndTypeItemOffset <EOT></s>|MASK <EOT></s>|[MASK] <EOT></s>|memberRefItemOffset + 1 <EOT></s>|MASK  + 1));
          addConstantDynamicOrInvokeDynamicReference(
             |MASK  + 2));
          break;
        case Symbol.CONSTANT_|MASK ));
          break;
        default:
          throw new IllegalArgumentException",
781,listener,MASK,False,10,MASK|MASK|MASK|MASK|MASK|MASK|MASK|MASK|MASK|MASK,[MASK] <EOT></s>,[MASK] <EOT></s>|[MASK] <EOT></s>|[MASK] <EOT></s>|[MASK] <EOT></s>|MASK <EOT></s>|MASK <EOT></s>|MASK <EOT></s>|MASK <EOT></s>|MASK <EOT></s>|MASK <EOT></s>,
782,fmtpAttributes,MASK,False,18,MASK|MASK|MASK|MASK|MASK|MASK|MASK|MASK|MASK|MASK|MASK|MASK|MASK|MASK|MASK|MASK|MASK|MASK,[MASK] <EOT></s>,[MASK] <EOT></s>|[MASK] <EOT></s>|[MASK] <EOT></s>|[MASK] <EOT></s>|[MASK] <EOT></s>|[MASK] <EOT></s>|[MASK] <EOT></s>|[MASK] <EOT></s>|[MASK] <EOT></s>|MASK <EOT></s>|[MASK] .containsKey(PARAMETER_H265_SPROP_|[MASK] <EOT></s>|[MASK] <EOT></s>|[MASK] <EOT></s>|[MASK] <EOT></s>|[MASK] <EOT></s>|MASK <EOT></s>|MASK <EOT></s>,
783,request,request,True,4,request|request|MASK|request,request <EOT></s>,request <EOT></s>|request <EOT></s>|[MASK] <EOT></s>|request <EOT></s>,
784,password,password,True,6,password|password|MASK|password|MASK|MASK,password <EOT></s>,password <EOT></s>|password <EOT></s>|[MASK] <EOT></s>|password <EOT></s>|[MASK] <EOT></s>|MASK <EOT></s>,
785,srcSize,imageSize,False,4,imageSize|imageSize|imageSize|imageSize,imageSize <EOT></s>,imageSize <EOT></s>|imageSize <EOT></s>|imageSize <EOT></s>|imageSize <EOT></s>,
786,empty,MASK,False,9,MASK|MASK|MASK|MASK|MASK|MASK|MASK|MASK|},[MASK] <EOT></s>,"[MASK] <EOT></s>|[MASK] <EOT></s>|[MASK] <EOT></s>|[MASK] <EOT></s>|MASK  = new LinkedHashMap(0, 0.75f);
        assert|MASK .get(""nothing""));
         MASK .put(""something"", ""here"");|MASK .put(""something"", ""here"");
        assertTrue(""cannot get element"",|MASK <EOT></s>|}
                });
            fail();
        } catch(ConcurrentModificationException expected)",
787,setterFunc,MASK,False,3,MASK|MASK|MASK,[MASK] <EOT></s>,"[MASK] <EOT></s>|MASK <EOT></s>|MASK, varName);
          }
        }
        if (ElementUtil.is",
788,outputBlock,MASK,False,13,MASK|MASK|MASK|MASK|MASK|MASK|MASK|MASK|MASK|MASK|MASK|MASK|MASK,[MASK] <EOT></s>,[MASK] <EOT></s>|[MASK] <EOT></s>|MASK <EOT></s>|MASK <EOT></s>| MASK <EOT></s>|[MASK] <EOT></s>|[MASK] <EOT></s>|MASK <EOT></s>|MASK <EOT></s>|MASK <EOT></s>|MASK <EOT></s>|MASK <EOT></s>|MASK <EOT></s>,
789,additionalMatcherName,MASK,False,3,MASK|MASK|MASK, [MASK] <EOT></s>, [MASK] <EOT></s>|MASK <EOT></s>|  MASK <EOT></s>,
790,names,MASK,False,2,MASK|MASK,[MASK] <EOT></s>,[MASK] <EOT></s>|MASK <EOT></s>,
791,order,MASK,False,5,MASK|MASK|MASK|MASK|MASK,[MASK] <EOT></s>,[MASK] <EOT></s>|[MASK] <EOT></s>|[MASK] <EOT></s>|MASK <EOT></s>|MASK <EOT></s>,
792,delegate,MASK,False,6,MASK|MASK|MASK|MASK|MASK|MASK,[MASK] <EOT></s>,[MASK] <EOT></s>|[MASK] <EOT></s>| [MASK] <EOT></s>|[MASK] <EOT></s>|MASK <EOT></s>|MASK <EOT></s>,
793,julyStr,Pattern,False,3,Pattern||str,"Pattern() + ""\"""");
                        }
                } catch (Exception ex) {
","Pattern() + ""\"""");
                        }
                } catch (Exception ex) {
|
        logln(""Pattern "" + ((SimpleDateFormat) fmt).toPattern());
        log|str);
            logln(""parse("" + str + "") -> "" + d);
           ",
794,healthMetadata,MASK,False,2,MASK|MASK,[MASK] <EOT></s>,"[MASK] <EOT></s>|MASK
            <EOT></s>",
795,builders,MASK,False,4,MASK|MASK|MASK|MASK,[MASK] <EOT></s>,"[MASK] <EOT></s>|[MASK] <EOT></s>|MASK <EOT></s>|MASK);
        assertAcked(
            client().admin()
                .ind",
796,bootstrapMethodArguments,int,False,11,int|entry|entry|izedType|tag|Code|];|Utility|x7FFFFFFF|Code|tag,"int addType(final String value) {
    int hashCode = hash(Symbol.TYPE","int addType(final String value) {
    int hashCode = hash(Symbol.TYPE|&& entry.value.equals(value)) {
        return entry.index;
      }|     entry = entry.next;
    }
    return put(new Entry(typeCount|izedType(final String value, final int bytecodeOffset) {
    int hashCode =|tag == Symbol.UNINITIALIZED_TYPE_TAG
          && entry.hashCode|Code
          && entry.value.equals(value)
          && entry.data == byte|];
    labelEntries[index] = labelEntry;
    labelTable[labelCount|// Utility methods
  // -----------------------------------------------------------------------------------------------

  /**
|0x7FFFFFFF & (tag + value.hashCode());
  }
|Code() + value2);
  }

  private static int hash(final int tag|& (tag + value1.hashCode() * value2.hashCode() * value3",
797,parentClass,MASK,False,7,MASK|MASK|MASK|MASK|MASK|MASK|MASK,[MASK] <EOT></s>,"[MASK] <EOT></s>|[MASK] <EOT></s>|[MASK] <EOT></s>|MASK );
			code.add('.');
			code.add(|[MASK] <EOT></s>|MASK <EOT></s>|MASK <EOT></s>",
798,other,MASK,False,2,MASK|MASK,[MASK] <EOT></s>,"[MASK] <EOT></s>|MASK
                <EOT></s>",
799,drmSessionManagerProvider,MASK,False,6,MASK|MASK|MASK|MASK|MASK|MASK,[MASK] <EOT></s>,"[MASK] <EOT></s>| [MASK] <EOT></s>|[MASK]
    <EOT></s>|MASK <EOT></s>|MASK <EOT></s>|MASK <EOT></s>",
800,usedBuiltInAnalyzers,MASK,False,15,MASK|usedAnalyzerTypes|usedAnalyzers|usedBuiltInAnalyzers|MASK|MASK|MASK|MASK|MASK|MASK|MASK|MASK|MASK|MASK|MASK,[MASK] <EOT></s>,"[MASK] <EOT></s>|  usedAnalyzerTypes.keySet().removeAll(analyzerSettings.keySet());|usedAnalyzers
                            <EOT></s>|usedBuiltInAnalyzers .values(),
             [MASK] <EOT></s>|[MASK] <EOT></s>|[MASK] <EOT></s>|[MASK] <EOT></s>|MASK  <EOT></s>|MASK <EOT></s>|[MASK] <EOT></s>|MASK <EOT></s>|[MASK] <EOT></s>|MASK <EOT></s>|MASK <EOT></s>|MASK );
        builder.startObject(""synonyms"");
        builder.map",
801,builder,MASK,False,4,MASK|MASK|MASK|MASK,[MASK] <EOT></s>,"[MASK] <EOT></s>|[MASK] <EOT></s>|MASK <EOT></s>|MASK
                    .build(instance, serviceDiscovery);
            if (Collection",
802,matcher,MASK,False,4,MASK|MASK|MASK|MASK,[MASK]  <EOT></s>,"[MASK]  <EOT></s>|[MASK] <EOT></s>|MASK <EOT></s>|MASK,
                signatureTypes(List.of(fieldTypedData.type(), Data",
803,counter,MASK,False,4,MASK|MASK|MASK|MASK,[MASK] <EOT></s>,[MASK] <EOT></s>|MASK <EOT></s>|MASK <EOT></s>|MASK <EOT></s>,
804,mediaPeriod,mediaItem,False,3,mediaItem|mediaPeriod|mediaPeriod,"mediaItem= */ mediaItem, /* windowIndex= */ 0, /* mediaPeriod <EOT></s>","mediaItem= */ mediaItem, /* windowIndex= */ 0, /* mediaPeriod <EOT></s>|mediaPeriod <EOT></s>|mediaPeriod <EOT></s>",
805,responseHeaders,MASK,False,8,MASK|MASK|MASK|MASK|MASK|MASK|MASK|MASK,[MASK] <EOT></s>,[MASK] <EOT></s>|[MASK] <EOT></s>|[MASK] <EOT></s>|MASK <EOT></s>|[MASK] <EOT></s>|MASK <EOT></s>|MASK <EOT></s>|MASK <EOT></s>,
806,oldtz,leden,False,2,leden|kv,""", ""leden"",   ""1970 01 01 0:",""", ""leden"",   ""1970 01 01 0:|"", ""kv\u011Bten"",         ""1970 05",
807,buyPrice,MASK,False,12,MASK|MASK|MASK|MASK|MASK|MASK|MASK|MASK|MASK|MASK|MASK|MASK,[MASK] <EOT></s>,"[MASK] <EOT></s>|[MASK] <EOT></s>|MASK <EOT></s>|MASK <EOT></s>|MASK , double msrp, Set<OrderDetail> orderDetails) {
       this.|MASK <EOT></s>|MASK <EOT></s>|MASK <EOT></s>|[MASK] <EOT></s>|[MASK] <EOT></s>|MASK <EOT></s>|MASK <EOT></s>",
808,activityInfo,MASK,False,4,MASK|MASK|MASK|MASK,[MASK] <EOT></s>,[MASK] <EOT></s>|MASK <EOT></s>|[MASK] <EOT></s>|MASK <EOT></s>,
809,duration,MASK,False,3,MASK|MASK|MASK,[MASK] <EOT></s>,"[MASK] <EOT></s>|MASK <EOT></s>|MASK);
            }
        } catch (InterruptedException e) {
            Thread",
810,limit,j,False,4,j|0);|++) {|continue,"0; j < formatters.length; j++) {
                buf.setLength(0","0; j < formatters.length; j++) {
                buf.setLength(0|0);
                fpos.setEndIndex(0);
                calendars[j|++) {
                if (j == i) {
                    continue;
                }
|continue;
                }
                calendars[j].setTimeZone(gmt);",
811,settingValue,MASK,False,12,MASK|MASK|MASK|MASK|MASK|MASK|MASK|MASK|MASK|MASK|MASK|MASK,[MASK] <EOT></s>,"[MASK] <EOT></s>|[MASK] <EOT></s>|[MASK] <EOT></s>|[MASK] <EOT></s>|[MASK] <EOT></s>|[MASK] <EOT></s>|MASK <EOT></s>|MASK <EOT></s>|MASK <EOT></s>|[MASK] <EOT></s>|MASK <EOT></s>|MASK )
            .putList(""deprecation.skip_deprecated_settings",
812,dirtyType,MASK,False,3,MASK|MASK|isChanged,[MASK] <EOT></s>,"[MASK] <EOT></s>|[MASK] <EOT></s>|isChanged);

      // Remove the node from the set and add it to global visited as",
813,position,group,False,2,group|group,"group) {
        ExpectedWork work = new ExpectedWork(true);
        for","group) {
        ExpectedWork work = new ExpectedWork(true);
        for|group <EOT></s>",
814,className,MASK,False,12,MASK|MASK|MASK|MASK|MASK|MASK|MASK|MASK|MASK|MASK|MASK|MASK,[MASK] <EOT></s>,[MASK] <EOT></s>|[MASK] <EOT></s>|[MASK] <EOT></s>|[MASK] <EOT></s>|[MASK] <EOT></s>|MASK <EOT></s>|[MASK] <EOT></s>|[MASK] <EOT></s>|MASK <EOT></s>|MASK <EOT></s>|MASK <EOT></s>|MASK <EOT></s>,
815,namedXContentRegistry,MASK,False,8,MASK|MASK|MASK|MASK|MASK|MASK|MASK|MASK,"[MASK] ,
            ClusterService clusterService,
            BigArrays bigArray","[MASK] ,
            ClusterService clusterService,
            BigArrays bigArray|[MASK] <EOT></s>|[MASK] ,
            ClusterService clusterService,
            BigArrays bigArray|[MASK] , clusterService, bigArrays, recoverySettings);
            this.delay|MASK ,
            ClusterService clusterService,
            BigArrays bigArrays,|MASK <EOT></s>|MASK ,
            ClusterService clusterService,
            BigArrays bigArrays,|MASK , clusterService, bigArrays, recoverySettings);
            this.beforeResponseR",
816,fieldType,fieldType,True,2,fieldType|SimpleDateFormat, fieldType <EOT></s>," fieldType <EOT></s>|SimpleDateFormat.class) {
                    out.write('{');
                    out.",
817,ruleContext,MASK,False,9,MASK|MASK|MASK|MASK|MASK|MASK|MASK|MASK|actual,[MASK] <EOT></s>,"[MASK] <EOT></s>|[MASK] <EOT></s>|MASK <EOT></s>|[MASK] <EOT></s>|[MASK]
                        <EOT></s>|[MASK] <EOT></s>| MASK 
              <EOT></s>|MASK .getLabel(),
          actual,
          allOverrides.build(),
|actual <EOT></s>",
818,inputFile,MASK,False,10,MASK|MASK|MASK|MASK|MASK|MASK|MASK|MASK|MASK|MASK,[MASK] <EOT></s>,[MASK] <EOT></s>|[MASK] <EOT></s>|[MASK] <EOT></s>|MASK <EOT></s>|[MASK] <EOT></s>|MASK .getParentDirectory() <EOT></s>|MASK <EOT></s>|MASK <EOT></s>|MASK <EOT></s>|MASK <EOT></s>,
819,predOwner,predOwner,True,3,predOwner|this|predOwner,predOwner <EOT></s>,"predOwner <EOT></s>|this <EOT></s>|predOwner , visitor);
	        }
	      }
	    }
	}",
820,annotation,annotation,True,9,annotation|MASK|MASK|MASK|MASK|MASK|MASK|MASK|MASK,annotation <EOT></s>,annotation <EOT></s>|[MASK] <EOT></s>|[MASK] <EOT></s>|[MASK] <EOT></s>|MASK <EOT></s>|[MASK] <EOT></s>|MASK <EOT></s>|MASK Type <EOT></s>|MASK <EOT></s>,
821,serializeTestFail,TestMultiPatternMatchItem,False,10,"TestMultiPatternMatchItem|September|null|Item|21""),|Saturday|MatchItem|yyyy|MultiPatternMatchItem|Sun","TestMultiPatternMatchItem(true,       ""2008-07-02","TestMultiPatternMatchItem(true,       ""2008-07-02|September 16"",          ""yyyy-MMM dd"",          null),
                new|null),
                new TestMultiPatternMatchItem(true,       ""2013-|Item(false,      ""2013-September 20"",          ""yyyy|21""),
                new TestMultiPatternMatchItem(true,       ""2013|3 Saturday September 22"",  ""yyyy EEE MMM dd"",      ""20|MatchItem(false,      ""2013 Tuesday Sep 24"",       |24"",        ""yyyy EEE MMM dd"",      null),
                new TestMulti|MultiPatternMatchItem(true,       ""2013 Thursday Sep 26|13 Sun Sep 29""),
                new TestMultiPatternMatchItem(true,      ",
822,services,services,True,3,services|services|services,"services to try in provider selection
    // null once provider is selected
    private List<Service","services to try in provider selection
    // null once provider is selected
    private List<Service| services <EOT></s>|services.iterator();
        while (t.hasNext()) {
            Service s = t",
823,onlyIfAbsent,ForToArray,False,3,ForToArray|a|,"ForToArray(T[] a) {
        final T[] r = a.length >=","ForToArray(T[] a) {
        final T[] r = a.length >=|a.length > size) {
            a[size] = null;
        }
|
            for (Node<K,V> e : tab) {
                for (;",
824,annotation,annotation,True,11,annotation|annotation|annotation|MASK|MASK|MASK|MASK|MASK|MASK|MASK|MASK,".annotation.MergedAnnotation;
import org.springframework.core. [MASK] <EOT>",".annotation.MergedAnnotation;
import org.springframework.core. [MASK] <EOT>|annotation <EOT></s>|annotation <EOT></s>|[MASK] <EOT></s>|[MASK] <EOT></s>|MASK <EOT></s>|MASK <EOT></s>|[MASK] <EOT></s>|MASK <EOT></s>|[MASK] <EOT></s>|MASK <EOT></s>",
825,snapshotMetrics,MASK,False,2,MASK|MASK,"[MASK] 
        ) {
            return Map.of(
                TestDelay","[MASK] 
        ) {
            return Map.of(
                TestDelay|MASK <EOT></s>",
826,backingIndices,MASK,False,4,MASK|MASK|MASK|MASK,[MASK] <EOT></s>,"[MASK] <EOT></s>|MASK <EOT></s>|MASK <EOT></s>|MASK .add(backingIndex);
            GetIndexResponse getIndexResponse = client.",
827,bound,bound,True,2,bound|bounds,"bound of the population standard deviation of the collected values.
     *
     * @param <EOT>","bound of the population standard deviation of the collected values.
     *
     * @param <EOT>|bounds);

    /**
     * The upper or lower  bound s of the stdDe",
828,token,MASK,False,3,MASK|MASK|MASK,[MASK]  <EOT></s>,[MASK]  <EOT></s>|[MASK] <EOT></s>|MASK <EOT></s>,
829,amountX,MASK,False,38,MASK|MASK|MASK|MASK|MASK|MASK|MASK|MASK|amountY|MASK|MASK|MASK|MASK|MASK|MASK|MASK|MASK|MASK|MASK|MASK|MSK|MSK|MASK|MSK|MSK|null|and|;|}|EOT|this|;|MASK|MASK|MASK|MASK|MASK|MASK,[MASK]  <EOT></s>,"[MASK]  <EOT></s>|[MASK] <EOT></s>|[MASK] <EOT></s>|[MASK] <EOT></s>|[MASK] <EOT></s>|[MASK] <EOT></s>|MASK  -= velocityX * alpha * delta;
			amountY -= velocityY|[MASK] <EOT></s>|amountY == -overscrollDistance) velocityY = 0;
			|[MASK] <EOT></s>|[MASK] <EOT></s>|[MASK] <EOT></s>|[MASK] <EOT></s>|[MASK] <EOT></s>|[MASK] <EOT></s>|MASK ) visualScrollX(  MASK );
			if (visualAmount| MASK );
			if (visualAmountY != amountY) visualScroll|[MASK] <EOT></s>|[MASK] <EOT></s>|[MASK ] <EOT></s>|MSK <EOT></s>|MSK <EOT></s>|MASK <EOT></s>|MSK <EOT></s>|MSK <EOT></s>|null."");
		if (actor == this.actor) {
			this.|()} and {@link #getMaxY()}. If false, the knobs are sized based|;

		public ScrollPaneStyle () {
		}

		public|		}

		public ScrollPaneStyle (@Null ScrollPaneStyle style) {
| <EOT></s>|= this. [MASK] ;
		if (centerHorizontal)
			|;
		float  = this. <EOT></s>|[MASK] <EOT></s>|MASK <EOT></s>|[MASK] <EOT></s>|MASK <EOT></s>|[MASK] <EOT></s>|MASK <EOT></s>",
830,context,MASK,False,16,MASK|MASK|MASK|MASK|MASK|MASK|MASK|MASK|MASK|MASK|MASK|MASK|MASK|MASK|MASK|MASK,[MASK] <EOT></s>,"[MASK] <EOT></s>|[MASK] <EOT></s>|[MASK] <EOT></s>|[MASK] <EOT></s>|[MASK] <EOT></s>|[MASK] <EOT></s>|[MASK] <EOT></s>|MASK <EOT></s>|[MASK] <EOT></s>|MASK <EOT></s>|MASK <EOT></s>|MASK <EOT></s>|MASK <EOT></s>|[MASK] <EOT></s>|MASK <EOT></s>|  MASK Builders( MASK , field.fieldOptions() <EOT></s>",
831,bucket,MASK,False,11,"MASK|MASK|MASK|MASK|MASK|MASK|MASK|[0,1]|MASK|MASK|threshold","[MASK] A = ZeroBucket.create(3.0, 10","[MASK] A = ZeroBucket.create(3.0, 10|[MASK] <EOT></s>|MASK .count(), equalTo(10L));
        assertThat( MASK|[MASK] <EOT></s>|[MASK] <EOT></s>|[MASK] <EOT></s>|MASK <EOT></s>|[0,1]
            .setPositiveBucket(1, 10|[MASK] <EOT></s>|MASK <EOT></s>|threshold is the same, but the index and scale are different
        // therefore the buckets",
832,workerOutputStream,MASK,False,15,MASK|MASK|MASK|MASK|MASK|MASK|MASK|MASK|MASK|MASK|MASK|MASK|MASK|MASK|MASK,[MASK] <EOT></s>,"[MASK] <EOT></s>|[MASK] <EOT></s>|[MASK] <EOT></s>|[MASK] <EOT></s>|[MASK] <EOT></s>|MASK <EOT></s>|MASK <EOT></s>|[MASK] <EOT></s>|MASK );
    fakedResponse1.writeDelimitedTo( MASK );|MASK );
     MASK .flush();

    assertThat(response1.|MASK <EOT></s>|MASK <EOT></s>|MASK );
    fakedResponse1.writeDelimitedTo( MASK );|MASK );
     MASK .flush();

    Thread[] proxyThreads =|MASK <EOT></s>",
833,attribute,MASK,False,3,MASK|attribute|attribute,[MASK] <EOT></s>,"[MASK] <EOT></s>|attribute.*;
import proguard.classfile.attribute.visitor.*;
import proguard.|attribute) {}


    public void visitCodeAttribute(Clazz clazz, Method method",
834,docIds,MASK,False,4,MASK|MASK|MASK|MASK,[MASK] <EOT></s>,[MASK] <EOT></s>|MASK <EOT></s>|MASK <EOT></s>|MASK <EOT></s>,
835,allocator,allocator,True,2,allocator|id,allocator <EOT></s>,"allocator <EOT></s>|  id,
            allocator <EOT></s>",
836,response,response,True,3,response|response|response,response <EOT></s>,response <EOT></s>|response <EOT></s>|response <EOT></s>,
837,valuePerShardCounter,MASK,False,4,MASK|MASK|MASK|MASK,[MASK] <EOT></s>,[MASK] <EOT></s>|[MASK] <EOT></s>|MASK <EOT></s>|MASK <EOT></s>,
838,expectedKeys,expectedKeys,True,3,expectedKeys|expectedKeys|expectedKeys,expectedKeys <EOT></s>,expectedKeys <EOT></s>|expectedKeys <EOT></s>|expectedKeys <EOT></s>,
839,stats,MASK,False,4,MASK|MASK|stats|MASK,[MASK] <EOT></s>,"[MASK] <EOT></s>|MASK <EOT></s>|stats/indexing,refresh"")));
            } catch (IOException e) {
                throw|MASK
                    <EOT></s>",
840,myMap,hm2,False,3,hm2|hm2|hm2," hm2 = new HashMap();
        for (int i = 0; i <"," hm2 = new HashMap();
        for (int i = 0; i <|  hm2.put(objArray2[counter], objArray[counter]);
       |hm2 );
        for (int counter = 0; counter < hmSize; counter",
841,descriptor,MASK,False,12,MASK|MASK|MASK|MASK|MASK|MASK|MASK|MASK|MASK|MASK|MASK|MASK,[MASK] <EOT></s>,"[MASK] <EOT></s>|[MASK] <EOT></s>|[MASK]
     *     <EOT></s>|MASK <EOT></s>|MASK  is not shown.
     * @since 2.12
     */|[MASK] <EOT></s>|[MASK] <EOT></s>|[MASK] <EOT></s>|[MASK] <EOT></s>|[MASK] <EOT></s>|MASK <EOT></s>|MASK <EOT></s>",
842,runnable,MASK,False,4,MASK|MASK|MASK|MASK,[MASK] <EOT></s>,"[MASK] <EOT></s>|MASK <EOT></s>|MASK <EOT></s>|MASK
          <EOT></s>",
843,get_nf,D,False,2,D|u58EC,"21D\u4E8C"",
                                                                                ""201","21D\u4E8C"",
                                                                                ""201|012\u58EC\u8FB0\u5E74\",
844,fields,MASK,False,17,MASK|in|MergeState|MASK|MASK|MASK|MASK|MASK|MASK|MASK|MASK|MASK|MASK|MASK|MASK|fields|fields,[MASK]  <EOT></s>,"[MASK]  <EOT></s>|in The original MergeState instance.
     * @param  [MASK] <EOT></s>|MergeState to copy.
     * @param  [MASK]  The set of|MASK .
     * @throws IOException if an I/O error occurs.
    |[MASK] <EOT></s>|[MASK] <EOT></s>|[MASK] <EOT></s>|MASK] <EOT></s>|MASK <EOT></s>|MASK <EOT></s>|[MASK] <EOT></s>|MASK <EOT></s>|MASK <EOT></s>|MASK <EOT></s>|MASK <EOT></s>|fields from FieldInfos
        // Renamed so as to be less confusing about which  [|fields <EOT></s>",
845,timeout,e,False,19,e|MASK|MASK|MASK|MASK|MASK|MASK|MASK|MASK|MASK|MASK|MASK|MASK|MASK|MASK|MASK|MASK|MASK|MASK,"e) {
 *           // stopping timed out
 *         }
 *       }
","e) {
 *           // stopping timed out
 *         }
 *       }
|[MASK] <EOT></s>|[MASK] <EOT></s>|[MASK] <EOT></s>|[MASK] <EOT></s>|[MASK] <EOT></s>|[MASK] , TimeUnit unit) throws TimeoutException {
    state.awaitHe|[MASK] , unit);
  }

  /**
   * Returns true if|[MASK] <EOT></s>|[MASK] <EOT></s>|MASK <EOT></s>|MASK <EOT></s>|MASK <EOT></s>|[MASK] <EOT></s>|MASK , unit);
  }

  /**
   * Returns true if all|[MASK] <EOT></s>|[MASK] <EOT></s>|MASK <EOT></s>|MASK <EOT></s>",
846,loader,MASK,False,10,MASK|MASK|MASK|MASK|MASK|MASK|MASK|MASK|MASK|MASK,[MASK] <EOT></s>,[MASK] <EOT></s>|[MASK] <EOT></s>|MASK <EOT></s>|[MASK] <EOT></s>|MASK <EOT></s>|MASK <EOT></s>|MASK <EOT></s>|MASK <EOT></s>|MASK <EOT></s>|MASK <EOT></s>,
847,newReplica,MASK,False,15,MASK|MASK|getTranslog|MASK|MASK|MASK|MASK|MASK|MASK|MASK|MASK|MASK|MASK|MASK|MASK,"[MASK]  = shards.addReplica();
            shards.recover","[MASK]  = shards.addReplica();
            shards.recover|[MASK] );
            shards.assertAllEqual(6);
            try (|getTranslog(orgReplica)
                    <EOT></s>|[MASK] <EOT></s>|MASK <EOT></s>|[MASK] .recoveryState().getTranslog().recoveredOperations(), equal|MASK <EOT></s>|[MASK] .getHistoryUUID(), equalTo(historyUUIDtoUse));
|MASK .recoveryState().getTranslog().recoveredOperations(), equalTo|MASK <EOT></s>|MASK );
            assertThat(
                ""Sequence based recovery should keep existing translog"",|MASK <EOT></s>|MASK <EOT></s>|[MASK] <EOT></s>|MASK .recoveryState().getTranslog().totalLocal(), equalTo(uncommitted",
848,request,MASK,False,7,MASK|MASK|MASK|MASK|EOT|MASK|MASK,[MASK] <EOT></s>,[MASK] <EOT></s>|[MASK] <EOT></s>|MASK <EOT></s>|MASK <EOT></s>|  <EOT></s>|MASK <EOT></s>|MASK <EOT></s>,
849,e1size,e1size,True,2,e1size|e1size,e1size <EOT></s>,e1size <EOT></s>|e1size <EOT></s>,
850,field,key,False,5,key|MASK|MASK|MASK|MASK,key <EOT></s>,key <EOT></s>|[MASK] <EOT></s>|[MASK] <EOT></s>|[MASK] <EOT></s>|MASK <EOT></s>,
851,allMethodsAndStaticVars,MASK,False,5,MASK|MASK|MASK|MASK|MASK,[MASK] <EOT></s>,[MASK] <EOT></s>|[MASK] <EOT></s>|MASK <EOT></s>|MASK <EOT></s>|MASK <EOT></s>,
852,pictureData,MASK,False,16,MASK|MASK|MASK|MASK|MASK|MASK|MASK|MASK|MASK|MASK|MASK|MASK|MASK|MASK|MASK|MASK,[MASK] <EOT></s>,"[MASK] <EOT></s>|MASK <EOT></s>|[MASK] <EOT></s>|MASK <EOT></s>|MASK <EOT></s>|[MASK] <EOT></s>|MASK <EOT></s>|MASK <EOT></s>|MASK <EOT></s>|MASK <EOT></s>|MASK  <EOT></s>|MASK <EOT></s>|MASK <EOT></s>|MASK <EOT></s>|MASK <EOT></s>|MASK );
  }

  /**
   * Parses a {@code M",
853,className,className,True,2,className|className,className      <EOT></s>,className      <EOT></s>|className <EOT></s>,
854,staticMethodsForExtensions,MASK,False,2,MASK|MASK,"[MASK]
       <EOT></s>","[MASK]
       <EOT></s>|MASK );

    List<MethodAndStaticVar> staticOverrides = generateStaticMethod",
855,includeQueuedWatches,includeQueuedWatches,True,3,includeQueuedWatches|includeQueuedWatches|includeQueuedWatches,"includeQueuedWatches) {
        request().includeQueuedWatches(includeQueued","includeQueuedWatches) {
        request().includeQueuedWatches(includeQueued|includeQueuedWatches(includeQueuedWatches);
        return this;
    }|includeQueuedWatches <EOT></s>",
856,canvas,canvas,True,2,canvas|canvas,canvas <EOT></s>,"canvas <EOT></s>|  canvas
            <EOT></s>",
857,branchInstruction,MASK,False,2,MASK|new,[MASK] <EOT></s>,"[MASK] <EOT></s>|new BranchInstruction(MASK.opcode, MASK.branchOffset)
                ",
858,minSdkVersion,minSdkVersion,True,6,minSdkVersion|minSdkVersion|MASK|MASK|minSdkVersion|oldAndroidManifest,"minSdkVersion"";
    private static final String XML_NODEATTR_TARGET","minSdkVersion"";
    private static final String XML_NODEATTR_TARGET|minSdkVersion <EOT></s>|[MASK] <EOT></s>|[MASK] <EOT></s>|minSdkVersion  "")
                      .append( [MASK] )
                      .|oldAndroidManifest.apkMeta.getMinSdkVersion() <EOT></s>",
859,interval,interval,True,5,interval|interval|interval|interval|interval,interval        <EOT></s>,interval        <EOT></s>|interval <EOT></s>|interval <EOT></s>|interval <EOT></s>|interval <EOT></s>,
860,oldValues,MASK,False,6,MASK|MASK|MASK|MASK|MASK|MASK,[MASK] <EOT></s>,[MASK] <EOT></s>|[MASK] <EOT></s>|MASK <EOT></s>|MASK <EOT></s>|MASK <EOT></s>|MASK <EOT></s>,
861,texture,MASK,False,6,MASK|MASK|MASK|MASK|MASK|MASK,[MASK] <EOT></s>,"[MASK] <EOT></s>|MASK <EOT></s>|[MASK] , file.getFile().getName() <EOT></s>|[MASK] <EOT></s>|MASK  <EOT></s>|MASK <EOT></s>",
862,vertexNumbers,MASK,False,4,MASK|MASK|MASK|MASK, [MASK] <EOT></s>, [MASK] <EOT></s>|  MASK <EOT></s>|MASK <EOT></s>|MASK <EOT></s>,
863,relation,randomIdentifier,False,11,randomIdentifier|MASK|MASK|MASK|MASK|MASK|MASK|MASK|MASK|MASK|MASK,"randomIdentifier;
import static org.elasticsearch.xpack.esql.optimizer.","randomIdentifier;
import static org.elasticsearch.xpack.esql.optimizer.|[MASK] <EOT></s>|[MASK] <EOT></s>|[MASK] <EOT></s>|MASK <EOT></s>|[MASK] <EOT></s>|MASK <EOT></s>|MASK <EOT></s>|MASK <EOT></s>|MASK <EOT></s>|MASK <EOT></s>",
864,newChild,newChild,True,2,newChild|newChild,"newChild) {
        return new DayOfMonth(source(), newChild, zoneId());","newChild) {
        return new DayOfMonth(source(), newChild, zoneId());|newChild <EOT></s>",
865,validationException,MASK,False,8,MASK|MASK|MASK|MASK|MASK|MASK|MASK|MASK,[MASK] <EOT></s>,[MASK] <EOT></s>|[MASK] <EOT></s>|MASK <EOT></s>|[MASK] <EOT></s>|MASK <EOT></s>|MASK <EOT></s>|MASK <EOT></s>|MASK <EOT></s>,
866,dateText,timeStyle,False,2,timeStyle|,"timeStyle <= DateFormat.SHORT; ++timeStyle) {
                    DateFormat time","timeStyle <= DateFormat.SHORT; ++timeStyle) {
                    DateFormat time|

                    formattedString = dateFormat.format(TEST_DATE) + ""  """,
867,requestOptionsExtensionGenerator,MASK,False,3,MASK|MASK|MASK,[MASK] <EOT></s>,[MASK] <EOT></s>|[MASK] <EOT></s>|MASK <EOT></s>,
868,nonPushableLimitValue,nonPushableLimitValue,True,3,nonPushableLimitValue|nonPushableLimitValue|nonPushableLimitValue,"nonPushableLimitValue = randomIntBetween(1, 10_00","nonPushableLimitValue = randomIntBetween(1, 10_00|nonPushableLimitValue <EOT></s>|nonPushableLimitValue <EOT></s>",
869,allowChunklessPreparation,MASK,False,12,MASK|MASK|MASK|MASK|MASK|MASK|MASK|MASK|MASK|MASK|MASK|MASK,[MASK] <EOT></s>,"[MASK] <EOT></s>| [MASK] <EOT></s>|[MASK] <EOT></s>|[MASK]  <EOT></s>|MASK <EOT></s>|MASK ;
      return this;
    }

    /**
     * Sets|[MASK] <EOT></s>|[MASK] <EOT></s>|MASK <EOT></s>|MASK <EOT></s>|MASK <EOT></s>|MASK <EOT></s>",
870,atomicBoolean,MASK,False,8,MASK|MASK|MASK|MASK|MASK|MASK|);|a,[MASK] <EOT></s>,"[MASK] <EOT></s>|[MASK] <EOT></s>|[MASK] <EOT></s>|MASK .get());

        // try update bogus value
        build = Settings|[MASK] <EOT></s>|MASK ::set, logger);
        Settings build = Settings.builder().put(""foo.|);
        assertNull(c.b);

        Settings build = Settings.builder().|a"", 2).build();
        assertTrue(settingUpdater.apply(build",
871,receiverClass,MASK,False,3,MASK|MASK|MASK,[MASK] <EOT></s>,[MASK] <EOT></s>|MASK <EOT></s>|MASK <EOT></s>,
872,defaultValue,aves,False,2,aves|java,"aves the state of the {@code HashMap} instance to a stream (i.e.,
    ","aves the state of the {@code HashMap} instance to a stream (i.e.,
    |java.io.IOException if an I/O error occurs
     * @serialData The key",
873,inline,inline,True,5,inline|EOT|EOT|EOT|isInline,inline <EOT></s>,inline <EOT></s>| <EOT></s>|EOT <EOT></s>|EOT <EOT></s>|isInline <EOT></s>,
874,level,level,True,14,level|MASK|MASK|MASK|MASK|MASK|MASK|MASK|MASK|MASK|MASK|MASK|MASK|MASK,level <EOT></s>,"level <EOT></s>|[MASK] <EOT></s>|MASK <EOT></s>|[MASK] <EOT></s>|[MASK] <EOT></s>|[MASK] <EOT></s>|[MASK] <EOT></s>|MASK <EOT></s>|MASK <EOT></s>|MASK .equals(other. [MASK] );
    }

    /**
|MASK )
            && message.equals(other.message) && clazz.equals(|MASK , pid, thread, message, clazz, method, file, line);
   |MASK <EOT></s>|MASK <EOT></s>",
875,onreturnMethod,onreturnMethod,True,5,onreturnMethod|MASK|onreturnMethod|onreturnMethod|onreturnMethod,onreturnMethod <EOT></s>,onreturnMethod <EOT></s>|[MASK] <EOT></s>|onreturnMethod <EOT></s>|onreturnMethod <EOT></s>|onreturnMethod <EOT></s>,
876,intValues,"30, 0);",False,4,"30, 0);|Object||e","30, 0);
        Setting<Integer> fix2 = Setting.intSetting","30, 0);
        Setting<Integer> fix2 = Setting.intSetting|>, Object> availableSettings) {
                return ""qrx: "" + fix0.get|
                    .filter(e -> e.getKey().equals(fix0))
                |""="" + e.getValue())
                    .collect(Collectors.joining("","",",
877,whitelists,MASK,False,3,MASK|MASK|MASK,[MASK] <EOT></s>,"[MASK] <EOT></s>|  MASK.add(WhitelistLoader.loadFromResourceFiles(Painless|MASK  );
        contexts.put(TestFieldSortScript.CONTEXT,",
878,observer,MASK,False,2,MASK|MASK,[MASK] observer <EOT></s>,[MASK] observer <EOT></s>|MASK <EOT></s>,
879,moRef,MASK,False,3,MASK|MASK|MASK,[MASK] <EOT></s>,"[MASK] <EOT></s>|  MASK
                                <EOT></s>|MASK <EOT></s>",
880,annotatedElement,MASK,False,6,MASK|MASK|MASK|MASK|MASK|MASK,[MASK] <EOT></s>,[MASK] <EOT></s>|[MASK] <EOT></s>|[MASK] <EOT></s>|MASK <EOT></s>|MASK <EOT></s>|MASK <EOT></s>,
881,slash,MASK,False,3,MASK|MASK|MASK, [MASK] <EOT></s>," [MASK] <EOT></s>|MASK <EOT></s>|MASK);
      if (dir.length() == 0) {
        return;",
882,doConnect,MASK,False,4,MASK|if|MASK|MASK,[MASK] <EOT></s>,"[MASK] <EOT></s>|// if we won, then we are going to connect to the source
            if (ps.|[MASK] <EOT></s>|MASK <EOT></s>",
883,dataSource,dataSource,True,2,dataSource|dataSource,dataSource <EOT></s>,dataSource <EOT></s>|dataSource <EOT></s>,
884,rowIndices,MASK,False,12,MASK|MASK|MASK|MASK|MASK|MASK|MASK|MASK|MASK|MASK|MASK|MASK,[MASK] <EOT></s>,"[MASK] <EOT></s>|[MASK]  <EOT></s>|[MASK] <EOT></s>|MASK ;
    }

    @Override
    public void initialize(Project project)|[MASK] <EOT></s>|[MASK] <EOT></s>|[MASK] <EOT></s>|MASK <EOT></s>|MASK <EOT></s>|MASK <EOT></s>|MASK  <EOT></s>|MASK <EOT></s>",
885,meanTime,MASK,False,11,MASK|MASK|MASK|MASK|MASK|MASK|MASK|MASK|MASK|MASK|MASK,[MASK] <EOT></s>,[MASK] <EOT></s>|[MASK] <EOT></s>|MASK <EOT></s>|[MASK] <EOT></s>|[MASK] <EOT></s>|MASK <EOT></s>|MASK <EOT></s>|MASK <EOT></s>|MASK <EOT></s>|MASK <EOT></s>|MASK <EOT></s>,
886,toBytes,MASK,False,12,MASK|MASK|MASK|MASK|MASK|MASK|MASK|MASK|MASK|MASK|MASK|MASK,[MASK] <EOT></s>,"[MASK] <EOT></s>|[MASK] <EOT></s>|[MASK] <EOT></s>|MASK <EOT></s>|[MASK] <EOT></s>|MASK <EOT></s>|MASK <EOT></s>|MASK <EOT></s>|[MASK] <EOT></s>|MASK <EOT></s>|MASK  = new SerializingConverter();
		String expected = ""SPRING F|MASK <EOT></s>",
887,yearLen,int,False,9,int||TimePatternGenerator|uName|) {|;|EOT|EOT|EOT,               int days = localDow - localizedDayOfWeek(date);  // safe from,"               int days = localDow - localizedDayOfWeek(date);  // safe from|
                int days = localDow - localizedDayOfWeek(date);  // safe|TimePatternGenerator.getFieldName(
                        DateTimePatternConstants.WEEK_FI|uName != null ? icuName : name;
            }
            return name;
|) {
            if (isSupportedBy(temporal)) {
                return range|;
            } else if (rangeUnit == ChronoUnit.MONTHS) { | <EOT></s>|EOT  <EOT></s>|EOT <EOT></s>",
888,rowIndex,rowIndex,True,2,rowIndex|rowIndex,rowIndex <EOT></s>,rowIndex <EOT></s>|rowIndex <EOT></s>,
889,ports,MASK,False,3,MASK|MASK|MASK,[MASK] <EOT></s>,[MASK] <EOT></s>|  MASK <EOT></s>|MASK <EOT></s>,
890,context,MASK,False,15,MASK|context|ServletWebServerFactory|MASK|MASK|MASK|MASK|MASK|MASK|MASK|MASK|MASK|MASK|MASK|MASK,[MASK] <EOT></s>,"[MASK] <EOT></s>|context.runner.WebApplicationContextRunner;
import org.springframework.boot.test.context|ServletWebServerFactory;
import org.springframework.boot.web.servlet.context <EOT></s>|[MASK] <EOT></s>|MASK <EOT></s>|[MASK] <EOT></s>|[MASK] <EOT></s>|[MASK] <EOT></s>|[MASK] <EOT></s>|MASK ) -> {
			WebTestClient webTestClient = getWebTestClient|MASK );
			webTestClient.get().uri(""/actuator/e|MASK ) -> {
			WebTestClient webTestClient = getWebTestClient|MASK );
			webTestClient.get().uri(""/actuator/he|MASK <EOT></s>|MASK <EOT></s>",
891,strings,k,False,11,k|ENCH|dfUS|E9t|E9|String|dfFrench|Locale|for|accepted|leniency,"k) {
                    int timeLook = looks[k];
                    DateFormat form","k) {
                    int timeLook = looks[k];
                    DateFormat form|ENCH);
        DateFormat dfUS = DateFormat.getDateTimeInstance(DateFormat.F|       dfUS.setTimeZone(tz);
        String frenchResult = dfFrench|0E9t\u00E9 du Pacifique"";
        String expectedUS_|E9 du Pacifique"";
        String expectedUS_JDK12 = ""Mond|       String resultFRENCH = dfFrench.format(testDate);
        String result|dfFrench.format(testDate);
        logln(""French: "" + out|       Locale[] locales = {
                Locale.US,
                Locale.|0730 for pattern MM/dd/yy z failed"");
            }

           |accepted by formatToCharacterIterator"");
        }

        String s = df.format(|leniency
                            + "" should have failed"");
            }
            if(p.",
892,innerFilterDocCount,innerFilterDocCount,True,3,innerFilterDocCount|innerFilterDocCount|innerFilterDocCount,innerFilterDocCount <EOT></s>,innerFilterDocCount <EOT></s>|innerFilterDocCount <EOT></s>|innerFilterDocCount <EOT></s>,
893,params,params,True,1,params,params <EOT></s>,params <EOT></s>,
894,traceThreshold,traceThreshold,True,2,traceThreshold|traceThreshold,"traceThreshold) {
        this.indexTraceThreshold = traceThreshold.nanos","traceThreshold) {
        this.indexTraceThreshold = traceThreshold.nanos|traceThreshold <EOT></s>",
895,snapshot,MASK,False,138,MASK|MASK|MASK|shard|MASK|MASK|MASK|MASK|MASK|MASK|MASK|SLM|MASK|MASK|MASK|MASK|finalization|snapshotId|SnapshotInfo|MASK|MASK|MASK|MASK|MASK|MASK|MASK|MASK|MASK|MASK|MASK|MASK|MASK|MASK|MASK|MASK|A|B|A|B|MASK|MASK|MASK|MASK|MASK|MASK|is|MASK|MASK|MASK|MASK|MASK|MASK|MASK|MASK|MASK|MASK|MASK|MASK|MASK|MASK|MASK|MASK|Action|ifecycle|ifecycleAction|Req|getSnapshotName|void|String|getSnapshots|MASK|to|is|stats|will|after|So|CountDownLatch|the|};|MASK|MASK|String|MASK|the|String|MASK|String|MASK|MASK|MASK|MASK|MASK|MASK|MASK|MASK|MASK|MASK|MASK|MASK|MASK|SnapshotsStatusResponse|MASK|MASK|MASK|MASK|MASK|MASK|MASK|MASK|MASK|MASK|MASK|MASK|MASK|MASK|MASK|MASK|MASK|MASK|MASK|MASK|MASK|MASK|MASK|EOT|MASK|MASK|MASK|MASK|MASK|MASK|MASK|MASK|MASK|MASK|the|MASK,"[MASK] s.get.GetSnapshotsRequest;
import org.el","[MASK] s.get.GetSnapshotsRequest;
import org.el|[MASK] s.get.GetSnapshotsRequest;
import org.el|MASK s.status.SnapshotsStatusRequest;
import org.elasticsearch.|shard.  MASK s.blobstore.BlobStoreIndexShardSnapshot;|[MASK] <EOT></s>|[MASK] s.SLMStats;
import org.elasticsearch. [MASK|[MASK] s.SLMStats;
import org.elasticsearch. [MASK|[MASK] s.Snapshot;
import org.elasticsearch. [MASK] <EOT>|[MASK] s.Snapshot;
import org.elasticsearch. [MASK] s|MASK s.SnapshotMissingException;
import org.elasticsearch.repositories|MASK s.action.get.GetSnapshotsRequest;
import org.|SLM is started.
 */
@ESIntegTestCase.ClusterScope(|[MASK] Metrics
        ) {
            return Map.of(
                Test|[MASK] File(SnapshotShardContext context, BlobStoreIndexShardSnapshot.|MASK <EOT></s>|MASK Metrics
        ) {
            return Map.of(
                TestRestart|finalization, but before callbacks
     * which receive the SnapshotInfo, specifically the S|snapshotId(),
                fsc.snapshot <EOT></s>|SnapshotInfo
                    beforeResponseRunnable.run();
                    fsc.onDone|[MASK]  registered is empty
     */
    public void testCurrentlyRunningSnapshot|[MASK] Name = executePolicy(masterNode, policyName);
        logger.info|[MASK] : "" +  [MASK] A);

        // wait until|MASK A);

        // wait until  [MASK] A is registered before starting|[MASK]  is running
        assertBusy(() -> {
            ClusterState|[MASK]  B
        assertBusy(() -> assertRegistered(policyName,|[MASK] A)), 1, TimeUnit.MINUTES);

        //|[MASK] <EOT></s>|[MASK] Name = executePolicy(masterNode, policyName);
        logger.info|MASK B: "" +  MASK B);

        // wait until both |MASK B);

        // wait until both  [MASK] s are registered before|[MASK] A and B are registered before allowing  [MASK] A to continue
|[MASK] <EOT></s>|[MASK] <EOT></s>|[MASK] <EOT></s>|MASK <EOT></s>|A);
        waitForSnapshot(repoName,  B);

        assertBusy|B B);

        assertBusy(() -> {
            assertSnapshotSuccess(repoName|A A);
            assertSnapshotSuccess(repoName,  B B);
            assertMetadata|B <EOT></s>|[MASK]  stats are not lost, and <EOT></s>|[MASK] Name = executePolicy(masterNode, policyName);
        logger.info|[MASK] : "" +  [MASK] Name);

        waitForSnapshot|[MASK] Name);

        waitForSnapshot(repoName,  [MASK|[MASK] Name);

        assertBusy(() -> {
            assertSnapshotSuccess|[MASK] Name);
            assertMetadata(policyName, 1, 0,|is empty
     */
    public void testFailSnapshot() throws Exception {
        final String|[MASK] <EOT></s>|[MASK] <EOT></s>|[MASK] <EOT></s>|[MASK] <EOT></s>|MASK Name);

        // restart  [MASK]  after  [MASK|[MASK] <EOT></s>|[MASK] <EOT></s>|[MASK] Name);
            assertMetadata(policyName, 0, 0,|[MASK] <EOT></s>|[MASK] <EOT></s>|MASK <EOT></s>|[MASK] Name2);
        logger.info(""Created  MASK : ""|[MASK] : "" +  [MASK] Name2);

        waitFor|MASK <EOT></s>|[MASK] <EOT></s>|MASK <EOT></s>|Action.Request putLifecycle = new PutSnapshotLifecycleAction.Request(policy);
       |ifecycle).get();
        } catch (Exception e) {
            throw new RuntimeException(|ifecycleAction.Response executeResp = client().execute(
            ExecuteSnapshotLifecycleAction|Req).get();
        assertThat(resp.getStoredSnapshotId(), equalTo|.getSnapshotName();
    }

    /**
     * Wait for a  [|void waitForSnapshot(String repoName, String  [MASK] ) throws Exception {
|, String  [MASK] ) throws Exception {
        assertBusy(() -> {
|getSnapshots().get(0);
                assertThat(""expected a  [MA|MASK] Name, status.getState());
                assertThat(status.getState(),|to be triggered
     * after the  [MASK]  finalize, but before the|* is called.
     */
    private static class RunDuringFinalize {
       |]  stats is called.
     */
    private static class RunDuringFinalize {|will run the passed runnable after  [MASK] Info is
     * processed,|after  [MASK] Info is
     * finalized, but before the SLM callback|So, this class allows the test to run a runnable on the test thread after
    |CountDownLatch latch2 = new CountDownLatch(1);
        private final|the restart could be called before the latch is counted down.
                    assertTrue(l|           };
        }

        void awaitAndRun(Runnable runnable) {|[MASK] <EOT></s>|[MASK]  after  [MASK]  finalize, but before SLM callback|String <EOT></s>|[MASK] Name);
            assertMetadata(policyName, 0, 0,|the <EOT></s>|String <EOT></s>|[MASK] <EOT></s>|String <EOT></s>|[MASK] Name);
            assertMetadata(policyName, 0, 1,|[MASK] <EOT></s>|[MASK] <EOT></s>|[MASK] <EOT></s>|[MASK] <EOT></s>|[MASK] <EOT></s>|[MASK] <EOT></s>|[MASK] <EOT></s>|MASK <EOT></s>|MASK <EOT></s>|[MASK] <EOT></s>|[MASK] <EOT></s>|[MASK] <EOT></s>|SnapshotsStatusResponse.toSnapshotInfo(sStatusResponse.getSnapshots|[MASK] <EOT></s>|[MASK] <EOT></s>|[MASK] <EOT></s>|[MASK] <EOT></s>|[MASK] <EOT></s>|[MASK] <EOT></s>|[MASK] <EOT></s>|[MASK] <EOT></s>|[MASK] <EOT></s>|[MASK] <EOT></s>|[MASK] <EOT></s>|[MASK] <EOT></s>|[MASK] <EOT></s>|[MASK]  <EOT></s>|[MASK] <EOT></s>|[MASK] <EOT></s>|[MASK] <EOT></s>|[MASK] <EOT></s>|MASK <EOT></s>|[MASK]  + "" but it does yet not exist"");
        }
    }|MASK <EOT></s>|MASK <EOT></s>|[MASK] <EOT></s>|  <EOT></s>|MASK <EOT></s>|MASK <EOT></s>|MASK <EOT></s>|[MASK] <EOT></s>|[MASK] <EOT></s>|MASK <EOT></s>|[MASK] <EOT></s>|MASK  with name "" +  MASK Name + "" but it does not exist|MASK <EOT></s>|MASK <EOT></s>|the  MASK  <EOT></s>|MASK <EOT></s>",
896,supportedVersion,MASK,False,4,MASK|currentBuildIsSnapshot|MASK|createdVersion,[MASK] <EOT></s>,"[MASK] <EOT></s>|currentBuildIsSnapshot ? TransportVersion.current() <EOT></s>|MASK <EOT></s>|createdVersion + ""]"";
            }
        };
    }

    /**
",
897,originatingUser,MASK,False,3,MASK|MASK|MASK,[MASK] <EOT></s>,[MASK] <EOT></s>|MASK <EOT></s>|MASK <EOT></s>,
898,string,String,False,6,String|MASK|MASK|MASK|MASK|MASK,""", String.class);
    registerAlias(""string <EOT></s>",""", String.class);
    registerAlias(""string <EOT></s>|[MASK] <EOT></s>|[MASK] <EOT></s>|MASK <EOT></s>|MASK <EOT></s>|MASK <EOT></s>",
899,resFieldsMap,MASK,False,5,MASK|MASK|MASK|MASK|MASK,[MASK] <EOT></s>,[MASK] <EOT></s>|MASK <EOT></s>|[MASK] <EOT></s>|MASK <EOT></s>|MASK <EOT></s>,
900,screenY,screenY,True,2,screenY|screenY,screenY <EOT></s>,screenY <EOT></s>|screenY <EOT></s>,
901,charset,MASK,False,12,MASK|charset|MASK|MASK|MASK|MASK|MASK|MASK|MASK|MASK|MASK|MASK,[MASK] <EOT></s>,"[MASK] <EOT></s>|charset <EOT></s>|[MASK] <EOT></s>|[MASK] <EOT></s>|[MASK] <EOT></s>|[MASK] <EOT></s>|MASK <EOT></s>|[MASK] <EOT></s>|[MASK] <EOT></s>|[MASK] <EOT></s>|MASK <EOT></s>|MASK )) {
            appendHex(builder, b);
        }
",
902,destinationIndex,,False,8,|maxAge||this|Truncate|public|Source|omicReference,"
            this.bufferSize = bufferSize;
            this.maxAge = maxAge;","
            this.bufferSize = bufferSize;
            this.maxAge = maxAge;|maxAge = maxAge;
            this.unit = unit;
            this.scheduler|
            this.unit = unit;
            this.scheduler = scheduler;
           |this.scheduler = scheduler;
            this.eagerTruncate = eagerTr|Truncate = eagerTruncate;
        }

        @Override
        public|       public ReplayBuffer<T> call() {
            return new SizeAndTimeBoundRe|Source<T> implements ObservableSource<T> {

        final AtomicReference<Re|omicReference<ReplayObserver<T>> current;
        private final BufferSupplier<T",
903,keyColumnName,keyColumnName,True,1,keyColumnName,"keyColumnName) {
		return ""call identity()"";
	}

	","keyColumnName) {
		return ""call identity()"";
	}

	",
904,params,MASK,False,4,MASK|MASK|MASK|MASK,[MASK] <EOT></s>,[MASK] <EOT></s>|MASK <EOT></s>|MASK <EOT></s>|MASK <EOT></s>,
905,valueA,valueA,True,3,valueA|valueA|valueA,valueA <EOT></s>,"valueA <EOT></s>|valueA );
            double valueB = randomDouble();
            bValues.add(value|valueA <EOT></s>",
906,bigDecimal,throws,False,16,"throws|MASK|MASK|));|format|());|try|}|##0.00"");|u4j|(#,##0.00)|, ""####0.######"", ""000000.0000|00000"", ""#000000.######"", ""#0.|##"", ""%#,##,###,####"", ""#,##0.00;(#,||defaultMultiplier","() throws Exception {
        // Regression for HARMONY-106
       ","() throws Exception {
        // Regression for HARMONY-106
       |[MASK] <EOT></s>|MASK <EOT></s>|));

        // case 2: Try to construct object using correct pattern and format
       |       format.setMaximumIntegerDigits(0);
        format.setMinimumF|());
        assertEquals(""Minimum fraction digits not set"", 1, format.getMin|       try {
            format.applyPattern("""");
            fail();
        } catch (|}

        try {
            format.applyPattern(""#.##0.00"");|##0.00"");
            fail();
        } catch (IllegalArgumentException expected|u4j doesn't support currency symbols
    public void test_applyLocalizedPattern()|(#,##0.00)""
        };
        for (String pattern : patterns)|"", ""####0.######"", ""000000.0000|00000"", ""#000000.######"", ""#0.|##"", ""%#,##,###,####"", ""#,##0.00;(#,|
    }

    public void test_getMaximumFractionDigits() {
|(defaultMultiplier, df.getMultiplier());

        df = new Dec",
907,queryParser,MASK,False,5,MASK|MASK|MASK|MASK|MASK,[MASK] <EOT></s>,[MASK] <EOT></s>|[MASK] <EOT></s>|MASK <EOT></s>|MASK <EOT></s>|MASK <EOT></s>,
908,channel,Consumer,False,4,Consumer|channel|EOT|channel,"Consumer) throws IOException {
        runCompletionOrderTest(new TestTask(1), Cons","Consumer) throws IOException {
        runCompletionOrderTest(new TestTask(1), Cons| channel <EOT></s>|  <EOT></s>|channel <EOT></s>",
909,segments,MASK,False,13,MASK|MASK|MASK|MASK|the|MASK|MASK|MASK|MASK|end|MASK|EOT|MASK,[MASK] <EOT></s>,"[MASK] <EOT></s>|MASK  and keys.
     */
    public Factory(HlsDataSourceFactory hls|[MASK] <EOT></s>|  MASK .
     * @return This factory, for convenience.
     */
|the presentation start time. For playlist types LIVE and
    // UNKNOWN,|[MASK] <EOT></s>|[MASK] <EOT></s>|[MASK] .isEmpty()) {
      return startPositionUs;
    }
   |MASK <EOT></s>|end of the playlist.
   *
   * @param  [MASK] The|[MASK] <EOT></s>| <EOT></s>|MASK <EOT></s>",
910,bootstrapMethodsData,data,False,3,data||null,"data);
      this.hashCode = hashCode;
    }

    Entry(","data);
      this.hashCode = hashCode;
    }

    Entry(|
      super(index, tag, /* owner= */ null, /* name= */ null,|*/ null, /* name= */ null, value, data);
      this.hashCode =",
911,weekDef,Value,False,36,Value|MASK|}|fieldValues|o|Key|chrono|YEARS|week|chrono|womInt|DateTimeException|MONTH_OF_YEAR|private|Y|MASK|MASK|Generator|alAccessor|to|ology|doy|MASK|MASK|MASK|MASK|MASK|MASK|MASK|MASK|MASK|MASK|MASK|MASK|alAccessor|rangeUnit,"Value(newValue, this);
                final int isoDow =  [MASK","Value(newValue, this);
                final int isoDow =  [MASK|=  [MASK] .getFirstDayOfWeek().getValue();
                final int is|}
            // now convert localized week-of-month to ISO week-of-month|(fieldValues.containsKey(DAY_OF_WEEK) == false) {
|o = Chronology.from(partialTemporal);
            ChronoLocalDate date =|Key(YEAR)) {
                int year = YEAR.checkValidIntValue(field|chrono, year, month, newValue, dow, resolverStyle);
                } else|== YEARS && fieldValues.containsKey(MONTH_OF_YEAR)) {|week-based-year
                long wby = fieldValues.get( [MASK]|chrono, newValue, dow, resolverStyle);
            }
            return null;|(womInt - localizedWeekOfMonth(date));
                int days = localD|DateTimeException(""Strict mode rejected date parsed to Month "" + date.getLong(MONTH|(MONTH_OF_YEAR);
            fieldValues.remove(DAY_OF_|private ChronoLocalDate resolveWoY(
                Map<TemporalField, Long|Y(
                Map<TemporalField, Long> fieldValues, Chronology chrono|[MASK] .weekBasedYear),  [MASK] .weekBasedYear|( [MASK] .weekOfWeekBasedYear);
                long weeks = Math.|Generator.getFieldName(
                        DateTimePatternConstants.WEEK_FIELD,|alAccessor temporal) {
            if (isSupportedBy(temporal)) {
|to query
         * @param dayOfWeekField the field to query
         * @return|ology.from(temporal).date(temporal);
                date = date.|(doy, DAYS);   // Back down into previous year
                return rangeWeekOf|[MASK] <EOT></s>|[MASK] <EOT></s>|[MASK] <EOT></s>|[MASK] <EOT></s>|[MASK] <EOT></s>|[MASK] <EOT></s>|[MASK] .weekOfWeekBasedYear);
                weeks = Math.subt|[MASK] <EOT></s>|[MASK] <EOT></s>|[MASK] <EOT></s>|[MASK] <EOT></s>|MASK <EOT></s>|alAccessor <EOT></s>|rangeUnit <EOT></s>",
912,bytes,MASK,False,3,MASK|MASK|MASK,[MASK] <EOT></s>,[MASK] <EOT></s>|  MASK <EOT></s>|MASK <EOT></s>,
913,newCookies,MASK,False,4,MASK|MASK|MASK|MASK,[MASK] <EOT></s>,[MASK] <EOT></s>|MASK <EOT></s>|MASK <EOT></s>|MASK <EOT></s>,
914,expectedMinsOnlySearch,expectedMinsOnlySearch,True,3,expectedMinsOnlySearch|expectedMinsOnlySearch|expectedMinsOnlySearch,expectedMinsOnlySearch <EOT></s>,expectedMinsOnlySearch <EOT></s>|expectedMinsOnlySearch <EOT></s>|expectedMinsOnlySearch <EOT></s>,
915,prefixKeySetting,build,False,9,build|test|scoped|ArgumentException|bar|Warnings||boolSetting|(,"11).build());
            fail();
        } catch (IllegalArgumentException ex","11).build());
            fail();
        } catch (IllegalArgumentException ex|test mutually exclusive scopes
        IllegalArgumentException ex = expectThrows(
           |scoped setting [foo.bar] cannot be not copyable on resize"")));
    }|ArgumentException = expectThrows(
            IllegalArgumentException.class,
            () ->|(""bar"", ""20001ms"").build())
        );
        assertThat|Warnings();
    }

    public void testCheckForDeprecationWithSk|
    public void testCheckForDeprecationWithSkipSettingAndMultipleValues() {|boolSetting(""a.bool.setting"", true, Property.Deprecated, Property.Index|(
            ""prefix"" + ""."",
            key -> Setting.simpleString(key,",
916,binary,binaryName,False,2,binaryName|binaryName,binaryName <EOT></s>,binaryName <EOT></s>|binaryName <EOT></s>,
917,addressCount,MASK,False,2,MASK|MASK,[MASK] <EOT></s>,[MASK] <EOT></s>|MASK <EOT></s>,
918,headers,MASK,False,2,MASK|MASK,[MASK] <EOT></s>,"[MASK] <EOT></s>|MASK);

		assertConditions(condition, ""text/plain"");
	",
919,engine,MASK,False,25,MASK|MASK|MASK|MASK|MASK|MASK|MASK|MASK|MASK|MASK|MASK|MASK|MASK|MASK|MASK|MASK|MASK|MASK|MASK|MASK|MASK|MASK|MASK|MASK|MASK,[MASK] <EOT></s>,[MASK] <EOT></s>|[MASK] <EOT></s>|[MASK] <EOT></s>|[MASK]  <EOT></s>|!  [MASK] <EOT></s>|[MASK] <EOT></s>|[MASK] <EOT></s>|[MASK] <EOT></s>|[MASK] <EOT></s>|[MASK] <EOT></s>|[MASK]  <EOT></s>|MASK <EOT></s>|!  MASK <EOT></s>|[MASK] <EOT></s>|[MASK ] <EOT></s>|[MASK] <EOT></s>|MASK <EOT></s>|MASK  <EOT></s>|MASK <EOT></s>|[MASK] <EOT></s>|[MASK] <EOT></s>|MASK <EOT></s>|MASK <EOT></s>|MASK <EOT></s>|MASK <EOT></s>,
920,seenGroupIds,MASK,False,6,MASK|MASK|MASK|MASK|MASK|MASK,[MASK] <EOT></s>,"[MASK] <EOT></s>|[MASK] <EOT></s>|[MASK] <EOT></s>|MASK );
    }
  }

  private void maybeEnableGroupIdTracking|MASK <EOT></s>|MASK <EOT></s>",
921,ZDATA,Pacific,False,2,Pacific|,""", ""2004/1/1 Pacific Time 1:00"", ""2",""", ""2004/1/1 Pacific Time 1:00"", ""2|
        { ""en"", ""America/Phoenix"", ""2004-0",
922,beanName,beanName,True,2,beanName|beanName, beanName <EOT></s>, beanName <EOT></s>|beanName <EOT></s>,
923,currentSeed,seed,False,2,seed|seed,seed <EOT></s>,seed <EOT></s>|seed  <EOT></s>,
924,jsonFields,MASK,False,3,MASK|MASK|MASK,[MASK] <EOT></s>,"[MASK] <EOT></s>|  MASK.putAll(additionalFields);
            return new ESLogMessage().|MASK );
        }

        public static ESLogMessage of(
            Map",
925,clusterStateString,MASK,False,5,MASK|MASK|MASK|MASK|MASK,[MASK] <EOT></s>,[MASK] <EOT></s>|MASK <EOT></s>|[MASK] <EOT></s>|MASK <EOT></s>|MASK <EOT></s>,
926,split,parts,False,5,parts|split|parts|parts|parts,parts <EOT></s>,"parts <EOT></s>|split("" -> "");
					String original = parts[0];
		|parts [0];
					String obfuscated = parts <EOT></s>|parts [1]);
					obfuscatedToOriginal.put(parts|parts <EOT></s>",
927,start,start,True,2,start|start,start <EOT></s>,"start <EOT></s>|start , int end, int count, int type, int offset);

	public native void",
928,vStart,MASK,False,9,MASK|MASK|MASK|MASK|MASK|MASK|MASK|MASK|MASK,[MASK] <EOT></s>,[MASK] <EOT></s>|[MASK] <EOT></s>|MASK <EOT></s>|[MASK] <EOT></s>|[MASK] <EOT></s>|MASK <EOT></s>|MASK <EOT></s>|MASK <EOT></s>|MASK <EOT></s>,
929,metaData,external,False,7,external|external|external|external|external|external|external," external = new HashMap<>();
        external.put(""dubbo.override.override-"," external = new HashMap<>();
        external.put(""dubbo.override.override-|external.get(""address""));
        Assertions.assertEquals(""override-config"",  external|external .get(""protocol""));
        Assertions.assertEquals(""override-config"",  external|external .get(""escape""));
        Assertions.assertEquals(""override-config"",  external|external .get(""exclude""));
        Assertions.assertNull( [MASK] .|external .get(""key""));
        Assertions.assertNull(  external .get(""key|external <EOT></s>",
930,dataBuffer,MASK,False,4,MASK|exchange|MASK|MASK,[MASK] <EOT></s>,"[MASK] <EOT></s>|exchange.getResponse()
				.bufferFactory()
				.|[MASK] <EOT></s>|MASK <EOT></s>",
931,actor,MASK,False,7,MASK|MASK|MASK|MASK|MASK|MASK|MASK,[MASK] <EOT></s>,"[MASK] <EOT></s>|MASK <EOT></s>|MASK  != null) action.setActor( [MASK] );
	}|MASK );
	}

	public void removeAction (Action action) {
	|MASK <EOT></s>|MASK <EOT></s>|MASK <EOT></s>",
932,remoteModule,MASK,False,21,MASK|new|MASK|EOT|remoteOptions|MASK|MASK|MASK|MASK|MASK|MASK|MASK|MASK|MASK|MASK|MASK|MASK|MASK|remoteOptions|EOT|MASK, [MASK] <EOT></s>," [MASK] <EOT></s>|new RemoteModule() )
            .addBlazeModule(new BlockWaitingModule|[MASK] <EOT></s>| <EOT></s>|remoteOptions = Options.getDefaults(RemoteOptions.class);
  }

  @|[MASK] 
                  .getRemoteDownloader();
      var unused =|[MASK] 
                  .getActionContextProvider()
                  .getRemote|[MASK] <EOT></s>|MASK <EOT></s>|MASK <EOT></s>|[MASK] <EOT></s>|MASK <EOT></s>|MASK <EOT></s>|MASK <EOT></s>|[MASK] <EOT></s>|MASK <EOT></s>|MASK 
                  .getActionContextProvider()
                  .getCombined|MASK <EOT></s>|remoteOptions);
    [MASK] = new RemoteModule(
        remoteOptions,| <EOT></s>|MASK <EOT></s>",
933,cmcdConfiguration,MASK,False,13,MASK|MASK|MASK|EOT|MASK|EOT|MASK|MASK|MASK|(|MASK|MASK|MASK,[MASK]  [MASK] <EOT></s>,"[MASK]  [MASK] <EOT></s>|[MASK] <EOT></s>|[MASK] <EOT></s>| <EOT></s>|[MASK] <EOT></s>| <EOT></s>|MASK <EOT></s>|MASK <EOT></s>|[MASK] <EOT></s>|(
            segments,
            positionUs,
            /* inclusive= */ true,
|MASK <EOT></s>|MASK <EOT></s>|MASK <EOT></s>",
934,sameVersionEvent,event,False,2,event|event,"event = createClusterChangedEvent(Collections.emptyMap(), versions, nodes);
        client","event = createClusterChangedEvent(Collections.emptyMap(), versions, nodes);
        client|event );

        versions.clear();
        versions.put(
            AnalyticsTemplate",
935,parentAlpha,ScrollPercentY,False,3,ScrollPercentY|the|in,"ScrollPercentY (float percentY) {
		scrollY(maxY * MathUtils","ScrollPercentY (float percentY) {
		scrollY(maxY * MathUtils|the scrollbars to be on the left and bottom of the scroll pane. */
	public|in the scroll pane actor's coordinate system. */
	public void scrollTo (float",
936,member,MASK,False,4,MASK|MASK|use|member,"[MASK] s can be changed
     *                                in order to inline methods.
","[MASK] s can be changed
     *                                in order to inline methods.
|MASK <EOT></s>|use the source if we're inlining a method.
        source = inlining|member) {}


    public void visitProgramMethod(ProgramClass programClass, ProgramMethod",
937,patterns,indexPatterns,False,2,indexPatterns|indexPatterns,indexPatterns <EOT></s>,indexPatterns <EOT></s>|indexPatterns.toArray(new String[0]) <EOT></s>,
938,tempBuf,MASK,False,12,MASK|MASK|MASK|MASK|MASK|MASK|MASK|MASK|MASK|MASK|MASK|MASK,[MASK] <EOT></s>,[MASK] <EOT></s>|[MASK] <EOT></s>|MASK <EOT></s>|MASK <EOT></s>|[MASK] <EOT></s>|MASK <EOT></s>|[MASK] <EOT></s>|[MASK] <EOT></s>|MASK <EOT></s>|MASK <EOT></s>|[MASK] <EOT></s>|MASK <EOT></s>,
939,reverse,the,False,4,the|MASK|MASK|MASK,"the reverse order as they were opened
    // close in the reverse order as they were opened
","the reverse order as they were opened
    // close in the reverse order as they were opened
|[MASK] <EOT></s>|MASK.add(closeables.pop());
            }
            IOUtils.close(|MASK.toArray(new Closeable[0]));
        } finally {
           ",
940,resolverStyle,following,False,13,following|MASK|MASK|following|MASK|MASK|MASK|MASK|MASK|MASK|MASK|MASK|MASK,"following year
                week = week - newYearWeek + 1;
                return ValueRange","following year
                week = week - newYearWeek + 1;
                return ValueRange|[MASK] );
                }
                if (rangeUnit == YEARS) {|MASK );
                }
            } else if (rangeUnit == WEEK_BASE|following );
            }
            return null;
        }

        private Chrono|[MASK] <EOT></s>|[MASK] <EOT></s>|[MASK] <EOT></s>|MASK <EOT></s>|MASK <EOT></s>|MASK <EOT></s>|MASK <EOT></s>|MASK <EOT></s>|MASK <EOT></s>",
941,fieldSupplier,MASK,False,6,MASK|MASK|MASK|MASK|MASK|MASK,[MASK] <EOT></s>,[MASK] <EOT></s>|MASK <EOT></s>|[MASK] <EOT></s>|[MASK] <EOT></s>|[MASK] <EOT></s>|MASK <EOT></s>,
942,hitContext,hitContext,True,3,hitContext|hitContext|hitContext,hitContext <EOT></s>,"hitContext <EOT></s>|hitContext <EOT></s>|hitContext
                    <EOT></s>",
943,quantityInStock,MASK,False,12,MASK|MASK|MASK|MASK|MASK|MASK|MASK|MASK|MASK|MASK|MASK|MASK,[MASK] <EOT></s>,"[MASK] <EOT></s>|[MASK] <EOT></s>|MASK <EOT></s>|MASK <EOT></s>|MASK , double buyPrice, double msrp, Set<OrderDetail> orderDetails) {|MASK <EOT></s>|MASK <EOT></s>|MASK <EOT></s>|[MASK] <EOT></s>|MASK ) {
        this. MASK  =  MASK ;
   |MASK <EOT></s>|MASK <EOT></s>",
944,rtspHeaders,MASK,False,9,MASK|MASK|MASK|MASK|MASK|MASK|MASK|MASK|MASK,[MASK] <EOT></s>,"[MASK] <EOT></s>|MASK <EOT></s>|  MASK , mediaDescription.attributes.get(ATTR_CONTROL), session|MASK <EOT></s>|MASK <EOT></s>|[MASK] <EOT></s>|[MASK] <EOT></s>|[MASK] <EOT></s>|MASK <EOT></s>",
945,decimalFormat,result,False,145,"result|6);|F_EVEN|RoundingMode|(-11.5655);|oundingMode|result|set|5655);|result|MASK|UNNECESSARY|function|and|MASK|MASK||and|SK|SK|CEILING|Mode||behavior|FLOOR|format|behavior|MASK|ALF_EVEN|result||result|result|oundingMode|format|UP|result|result|correct|SK|(0.2);|);|its|UNNECESSARY|format|ression|DecimalFormat|applyPattern|||WN|("".##"");|Pattern|result|Incorrect|UP||result|assertEquals|RoundingMode|format|Pattern|MASK|EVEN|(0.125);|result|SK|assertEquals|format|value|String|failures|ionFailedError|failures|SK|SK|MASK|MASK|SK|MASK|MASK|MASK|MASK|MASK|MASK|MASK|MASK|MASK|MASK|MASK|MASK|MASK|MASK|MASK|MASK|MASK|MASK|MASK|MASK|MASK|MASK|MASK|MASK|MASK|MASK|MASK|MASK|MASK|MASK|MASK|MASK|MASK|MASK|MASK|MASK|MASK|MASK|MASK|MASK|MASK|MASK|MASK|MASK|MASK|MASK|MASK|MASK|MASK|MASK|MASK|format|format|format|MASK|MASK|format|format|format|format|MASK|MASK|MASK|format|format|format","6"", result);

        result =  [MASK] .format(0.2","6"", result);

        result =  [MASK] .format(0.2|6);
        assertEquals(""Incorrect RoundingMode behavior: RoundingMode.HAL|F_EVEN"", ""11.566"", result);

        result =|RoundingMode.HALF_UP);
        result =  [MASK] .|(-11.5655);
        assertEquals(""Incorrect RoundingMode behavior|oundingMode.HALF_UP"", ""-11.566"", result);
|result);

        result =  [MASK] .format(11.56|set RoundingMode.UP of this DecimalFormat and test its
        // behavior
        |5655);
        assertEquals(""Incorrect RoundingMode behavior: RoundingMode|1.566"", result);

        result =  [MASK] .format|=  [MASK] .format(11.5653);
        assert|UNNECESSARY"",
                ""11.565"", result);

       |function with differnt RoundingMode
         [MASK] .setMaximumFractionDig|and test its
        // behavior
         [MASK] .setRoundingMode(R| [MASK] .format(11.5653);
        assertEquals|=  [MASK] .format(11.5);
        assertEquals(""In|
        result =  [MASK] .format(11.6);
        assert|and test its
        // behavior
         [MASK] .setRoundingMode(R|SK] .format(11.3);
        assertEquals(""Incorrect RoundingMode|SK] .format(-11.5);
        assertEquals(""Incorrect RoundingMode|CEILING"", ""-11"", result);

        // set RoundingMode.DO|Mode.DOWN);
        result =  [MASK] .format(11.|
        result =  [MASK] .format(-11.5);
        assert|behavior: RoundingMode.DOWN"", ""0"", result);

        // set R|FLOOR of this DecimalFormat and test its
        // behavior
         [MASK|] .format(11.3);
        assertEquals(""Incorrect RoundingMode behavior|behavior: RoundingMode.FLOOR"", ""-12"", result);

        result|[MASK] .format(0);
        assertEquals(""Incorrect RoundingMode behavior|ALF_EVEN of this DecimalFormat and test its
        // behavior
         [|result =  [MASK] .format(5.5);
        assertEquals(""In|
        assertEquals(""Incorrect RoundingMode behavior: RoundingMode.HALF_|6"", result);

        result =  [MASK] .format(0.2|""0"", result);

        // set RoundingMode.HALF_UP of|oundingMode.HALF_UP);
        result =  [MASK] .format|format(-5.5);
        assertEquals(""Incorrect RoundingMode behavior: Rounding|UP"", ""-6"", result);

        result =  [MASK] .format(|"", ""0"", result);

        result =  [MASK] .format(-0|""-0"", result);

        // set RoundingMode.UP of this DecimalFormat|correct RoundingMode behavior: RoundingMode.UP"", ""6"", result);

       |SK] .format(-5.5);
        assertEquals(""Incorrect RoundingMode behavior|(0.2);
        assertEquals(""Incorrect RoundingMode behavior: RoundingMode|);
        assertEquals(""Incorrect RoundingMode behavior: RoundingMode.UP"", ""-|its
        // behavior
         [MASK] .setRoundingMode(RoundingMode|.UNNECESSARY"", ""1"", result);

        result =  [MASK|.format(-1.0);
        assertEquals(
                ""Incorrect RoundingMode|ression test for HARMONY-1070
        DecimalFormat df = new|DecimalFormat and test its
        // behavior
         [MASK] .setRounding|applyPattern(""0.00"");
        result =  [MASK] .format(|
        assertEquals(""Incorrect RoundingMode behavior after applyPattern"", "".26"", result|
        result =  [MASK] .format(0.737);
       |WN of this DecimalFormat and test its
        // behavior
         [MASK] .|("".##"");
        result =  [MASK] .format(0.125|Pattern"", "".25"", result);
        result =  [MASK] .format(|"", result);
        result =  [MASK] .format(0.467|(""Incorrect RoundingMode behavior after applyPattern"", "".46"", result);

       |UP);
         [MASK] .applyPattern("".##"");
        result =  [|
        result =  [MASK] .format(0.255);
       |"", result);
        result =  [MASK] .format(0.467|       assertEquals(""Incorrect RoundingMode behavior after applyPattern"", "".47"", result);|RoundingMode(RoundingMode.DOWN);
         [MASK] .applyPattern|] .format(0.255);
        assertEquals(""Incorrect RoundingMode|Pattern"", "".25"", result);
        result =  [MASK] .format(|=  [MASK] .format(0.467);
        assertEquals(""|EVEN of this DecimalFormat and test its
        // behavior
         [MASK]|(0.125);
        assertEquals(""Incorrect RoundingMode behavior after apply|12"", result);
        result =  [MASK] .format(0.2|SK] .format(0.732);
        assertEquals(""Incorrect Rounding|       assertEquals(""Incorrect RoundingMode behavior after applyPattern"", "".47"", result);|format, Object number, String expected) {
            String result = format.format(number);|"" "" + value, expected, format.format(value));
            } catch (Assertion|, String expected, long value) {
            try {
                Assert.assertEquals(format|               failures.add(e);
            }
        }

        public void format|ionFailedError error = new AssertionFailedError(
                    ""Multiple failures in|: failures) {
                combined.addSuppressed(failure);
            }|SK .format(-11.5655);
        assertEquals(""Incorrect R|SK .format(11.5656);
        assertEquals(""Incorrect R|[MASK] <EOT></s>|[MASK] <EOT></s>|SK <EOT></s>|[MASK] <EOT></s>|[MASK] .format(11.5653);
        assertEquals(""|[MASK] <EOT></s>|[MASK] <EOT></s>|[MASK] <EOT></s>|[MASK] .format(11.3);
        assertEquals(""Incorrect R|[MASK] <EOT></s>|[MASK] <EOT></s>|[MASK] <EOT></s>|[MASK] <EOT></s>|[MASK] <EOT></s>|[MASK] <EOT></s>|[MASK] <EOT></s>|[MASK] <EOT></s>|MASK .format(0);
        assertEquals(""Incorrect RoundingMode behavior: R|[MASK] .setRoundingMode(RoundingMode.FLOOR);
       |[MASK] <EOT></s>|MASK .format(-11.5);
        assertEquals(""Incorrect RoundingMode|MASK .format(0);
        assertEquals(""Incorrect RoundingMode behavior: R|[MASK] .setRoundingMode(RoundingMode.HALF_EVEN|[MASK] .format(5.5);
        assertEquals(""Incorrect Rounding|[MASK] <EOT></s>|MASK .format(0.2);
        assertEquals(""Incorrect RoundingMode behavior|[MASK] .setRoundingMode(RoundingMode.HALF_UP);|[MASK] <EOT></s>|[MASK] <EOT></s>|MASK .format(0.2);
        assertEquals(""Incorrect RoundingMode behavior|[MASK] <EOT></s>|[MASK] <EOT></s>|[MASK] .format(5.5);
        assertEquals(""Incorrect Rounding|MASK .format(-5.5);
        assertEquals(""Incorrect RoundingMode behavior|MASK .format(0.2);
        assertEquals(""Incorrect RoundingMode behavior|MASK <EOT></s>|MASK <EOT></s>|MASK .format(5.5);
        assertEquals(""Incorrect RoundingMode behavior|MASK <EOT></s>|[MASK] <EOT></s>|[MASK] .applyPattern("".##"");
        result =  [MASK] .|[MASK] .format(0.125);
        assertEquals(""Incorrect|[MASK] .format(0.255);
        assertEquals(""Incorrect|MASK .format(0.732);
        assertEquals(""Incorrect Rounding|MASK <EOT></s>|[MASK] .setRoundingMode(RoundingMode.HALF_DOWN|[MASK] .applyPattern("".##"");
        result =  [MASK] .|[MASK] .format(0.125);
        assertEquals(""Incorrect|MASK .format(0.255);
        assertEquals(""Incorrect Rounding|MASK .format(0.732);
        assertEquals(""Incorrect Rounding|MASK .format(0.467);
        assertEquals(""Incorrect Rounding|[MASK] .setRoundingMode(RoundingMode.UP);
         [MA|[MASK] .applyPattern("".##"");
        result =  [MASK] .|[MASK] .format(0.125);
        assertEquals(""Incorrect|.format(0.255);
        assertEquals(""Incorrect RoundingMode behavior|.format(0.732);
        assertEquals(""Incorrect RoundingMode behavior|.format(0.467);
        assertEquals(""Incorrect RoundingMode behavior|[MASK] <EOT></s>|[MASK] .applyPattern("".##"");
        result =  [MASK] .|.format(0.125);
        assertEquals(""Incorrect RoundingMode behavior|format .format(0.255);
        assertEquals(""Incorrect RoundingMode|format .format(0.732);
        assertEquals(""Incorrect RoundingMode|format .format(0.467);
        assertEquals(""Incorrect RoundingMode|MASK <EOT></s>|[MASK] .applyPattern("".##"");
        result =  [MASK] .|MASK .format(0.125);
        assertEquals(""Incorrect Rounding|format .format(0.255);
        assertEquals(""Incorrect RoundingMode|format .format(0.732);
        assertEquals(""Incorrect RoundingMode|format .format(0.467);
        assertEquals(""Incorrect RoundingMode",
946,originalNode,MASK,False,4,MASK|MASK|MASK|MASK,[MASK] <EOT></s>,[MASK] <EOT></s>|MASK <EOT></s>|MASK <EOT></s>|MASK <EOT></s>,
947,message,message,True,5,message|Security|String|MASK|MASK,"message
               <EOT></s>","message
               <EOT></s>|Security Policies. Please update your plugin to use Entitlements.""
            );
|String> permissions = pluginPolicy.getPermissions();
        if (permissions.isEmpty()|MASK <EOT></s>|MASK);
        }
    }

    /**
     * Returns the plugin des",
948,strategy,MASK,False,4,MASK|MASK|MASK|MASK,[MASK] <EOT></s>,[MASK] <EOT></s>|[MASK] <EOT></s>|MASK <EOT></s>|MASK <EOT></s>,
949,versions,MASK,False,8,MASK|MASK|MASK|MASK|versions|MASK|MASK|version,[MASK] <EOT></s>,"[MASK] <EOT></s>|[MASK] <EOT></s>|[MASK] <EOT></s>|MASK <EOT></s>|versions in a CompatibilityVersions object should be the same,
     * and the|MASK <EOT></s>|MASK <EOT></s>|version""));
    }

    public void testPreventJoinClusterWithUnsupport",
950,field,fields,False,2,fields|fields,... fields <EOT></s>,... fields <EOT></s>|fields <EOT></s>,
951,pictureType,MASK,False,12,MASK|MASK|MASK|MASK|MASK|MASK|MASK|MASK|MASK|MASK|MASK|MASK,[MASK] <EOT></s>,"[MASK] <EOT></s>|[MASK] <EOT></s>|[MASK] <EOT></s>|[MASK] <EOT></s>|[MASK] <EOT></s>|MASK );
  }

  @Override
  public String toString(int level|[MASK] <EOT></s>|MASK <EOT></s>|[MASK] <EOT></s>|[MASK] <EOT></s>|MASK <EOT></s>|MASK <EOT></s>",
952,validPerPosition,MASK,False,5,MASK|MASK|MASK|MASK|MASK,[MASK] <EOT></s>,[MASK] <EOT></s>|  [MASK] <EOT></s>|[MASK] <EOT></s>|MASK <EOT></s>|MASK <EOT></s>,
953,contexts,MASK,False,3,MASK|MASK|MASK,[MASK] <EOT></s>,"[MASK] <EOT></s>|  MASK.put(TestFieldScript.CONTEXT, whitelists);
       |MASK <EOT></s>",
954,latch,MASK,False,3,MASK|MASK|MASK,[MASK] <EOT></s>,[MASK] <EOT></s>|  MASK <EOT></s>|MASK <EOT></s>,
955,vVector,MASK,False,11,MASK|vBlock|MASK|MASK|MASK|MASK|MASK|MASK|MASK|MASK|MASK,[MASK] <EOT></s>,"[MASK] <EOT></s>|vBlock.mayHaveNulls() <EOT></s>|[MASK] <EOT></s>|MASK );
      }

      @Override
      public void add(int positionOffset|MASK <EOT></s>|[MASK] <EOT></s>|[MASK] <EOT></s>|[MASK] <EOT></s>|[MASK ] <EOT></s>|MASK ) {
    for (int groupPosition = 0; groupPosition < groups.|MASK <EOT></s>",
956,listener,listener,True,2,listener|listener,listener <EOT></s>,"listener <EOT></s>|  listener.onResponse(
            new ClusterGetSettingsAction.Response(
                settings",
957,velocityY,MASK,False,16,MASK|velocityY|velocityY|velocityY|MASK|MASK|MASK|MASK|return|isScrollY|lickScrollPane|. */|isScrollY|isScrollY|isScrollY|isScrollY,"[MASK]  = 0;
	private float flingAcceleration = ","[MASK]  = 0;
	private float flingAcceleration = |velocityY <EOT></s>|velocityY <EOT></s>|velocityY);
				}
			}

			|[MASK] * alpha * delta;
			clamp();

		|[MASK] <EOT></s>|[MASK] <EOT></s>|MASK <EOT></s>|return scrollX;
	}

	/** Returns true if the actor is larger than the|isScrollY () {
		return scrollY;
	}

	/** Returns|lickScrollPane's size. */
	public void setScrollingDisabled (boolean x|. */
	public void setScrollingDisabled (boolean x, boolean y) {
|isScrollY <EOT></s>|isScrollY  <EOT></s>|isScrollY  <EOT></s>|isScrollY ;
	}

	public void setFadeAlpha (float fadeAlpha",
958,outputSurfaceInfo,surfaceInfo,False,1,surfaceInfo,"surfaceInfo);

  /**
   * Returns the {@link SurfaceInfo} of","surfaceInfo);

  /**
   * Returns the {@link SurfaceInfo} of",
959,invocation,invocation,True,5,invocation|MASK|MASK|MASK|MASK,invocation.  <EOT></s>,invocation.  <EOT></s>|[MASK] <EOT></s>|[MASK] <EOT></s>|MASK <EOT></s>|MASK <EOT></s>,
960,builder,builder,True,7,builder|MASK|MASK|MASK|MASK|MASK|builder,builder <EOT></s>,builder <EOT></s>|[MASK] <EOT></s>|[MASK] <EOT></s>|[MASK] <EOT></s>|MASK <EOT></s>|MASK <EOT></s>|builder <EOT></s>,
961,resolverUtil,MASK,False,3,MASK||MASK,[MASK] <EOT></s>,"[MASK] <EOT></s>|                                                                                                                                                                                                                                                                                                                               |MASK
        <EOT></s>",
962,element,MASK,False,5,MASK|MASK|MASK|MASK|element,[MASK] <EOT></s>,"[MASK] <EOT></s>|[MASK] <EOT></s>|MASK .PackageElement;
import javax.lang.model.  MASK <EOT>|MASK <EOT></s>|element) {
    return """";
  }

  @Override
  protected String null",
963,carry,MASK,False,9,MASK|MASK|MASK|MASK|http|www|org|Test|is,[MASK] <EOT></s>,"[MASK] <EOT></s>|[MASK] <EOT></s>|[MASK] <EOT></s>|MASK <EOT></s>|http"", ""https""};
   UrlValidator urlValidator = new UrlValidator(sch|://www.apache.org/test/index.html#fragment""));
   assertFalse(|org/a/b/c#frag""));
  }

    @Test
|@Test
  void testValidator491() {
     UrlValidator validator =|is used to create a URL.
    * The data is in the form of a 2",
964,pIgnoreExceptions,MASK,False,3,MASK|MASK|MASK,[MASK] <EOT></s>,[MASK] <EOT></s>|MASK <EOT></s>|MASK <EOT></s>,
965,errorMessage,MASK,False,18,MASK|MASK|MASK|MASK|MASK|MASK|MASK|MASK|MASK|MASK|MASK|MASK|MASK|MASK|MASK|MASK|MASK|MASK,[MASK] <EOT></s>,"[MASK] <EOT></s>|MASK <EOT></s>|MASK  <EOT></s>|[MASK] <EOT></s>|MASK  != null) {
                result.append( [MASK] );
           |MASK );
            }
        } else if (tuple.format != null) {
|[MASK]  = codeUnderTest.toPattern(tuple);
            if ( [|MASK  != null) {
                result.append( MASK );
            }|MASK );
            }
        } else if (tuple.parse != null && tuple.|[MASK] <EOT></s>|MASK  != null) {
                result.append( MASK );
            }|MASK <EOT></s>|[MASK] <EOT></s>|MASK  != null) {
                result.append( MASK );
            }|MASK <EOT></s>|MASK <EOT></s>|MASK <EOT></s>|MASK <EOT></s>",
966,nameAndTypeItemOffset,MASK,False,10,MASK|addConstantMemberReference|itemOffset|MASK|MASK|MASK|MASK|addConstantDynamicOrInvokeDynamicReference|MASK|MASK,"[MASK]  =
          classReader.getItem(classReader.readUnsigned","[MASK]  =
          classReader.getItem(classReader.readUnsigned|addConstantMemberReference(
              itemIndex,
              itemTag,
              classReader|itemOffset + 2, charBuffer),
              classReader.readUTF8( [MA|[MASK] , charBuffer),
              classReader.readUTF8( [MASK| [MASK] <EOT></s>|[MASK] <EOT></s>|MASK <EOT></s>|addConstantDynamicOrInvokeDynamicReference(
              itemTag,
              itemIndex,
|MASK , charBuffer),
              classReader.readUTF8( MASK  +|MASK  + 2, charBuffer),
              classReader.readUnsignedShort(",
967,columnMatcher,columnRegex,False,9,columnRegex|MASK|MASK|MASK|MASK|MASK|MASK|MASK|MASK,columnRegex <EOT></s>,"columnRegex <EOT></s>|[MASK] <EOT></s>|[MASK] <EOT></s>|[MASK] <EOT></s>|MASK <EOT></s>|MASK <EOT></s>|MASK <EOT></s>|MASK <EOT></s>|MASK , position, mode);
            }
            // skip nested fields
            if (",
968,androidMorEarlier,MASK,False,7,MASK|MASK|MASK|MASK|MASK|MASK|MASK,[MASK] <EOT></s>,[MASK] <EOT></s>|[MASK] <EOT></s>|MASK <EOT></s>|MASK <EOT></s>|MASK <EOT></s>|MASK <EOT></s>|MASK <EOT></s>,
969,concurrencyCompensation,concurrencyCompensation,True,2,concurrencyCompensation|queueSize,concurrencyCompensation <EOT></s>,"concurrencyCompensation <EOT></s>|queueSize
                / (1 - Math.pow(ALPHA, queueAdjustment",
970,clusterer,EOT,False,8,EOT|MASK|MASK|MASK|Json|MASK|MASK|MASK, <EOT></s>," <EOT></s>|[MASK] <EOT></s>|MASK <EOT></s>|MASK ,  [MASK] Json);
    }

    @Test
   |Json);
    }

    @Test
    public void testSerializeBinning|MASK <EOT></s>|MASK <EOT></s>|MASK <EOT></s>",
971,targetClass,targetClass,True,3,targetClass|targetClass|targetClass,targetClass <EOT></s>,targetClass <EOT></s>|targetClass.getName() <EOT></s>|targetClass <EOT></s>,
972,maxLength,MASK,False,2,MASK|MASK,[MASK] <EOT></s>,[MASK] <EOT></s>|MASK <EOT></s>,
973,apiKey,MASK,False,12,MASK|MASK|MASK|MASK|MASK|MASK|MASK|MASK|MASK|MASK|MASK|MASK,[MASK] <EOT></s>,"[MASK] <EOT></s>|[MASK] <EOT></s>|[MASK] <EOT></s>|MASK <EOT></s>|[MASK] <EOT></s>|MASK <EOT></s>|[MASK] <EOT></s>|MASK .toCharArray()))
        );
    }

    public static OpenA|[MASK] <EOT></s>|MASK .toCharArray()))
        );
    }

    public static OpenA|MASK ,
        String modelName,
        @Nullable String user,
        @|MASK <EOT></s>",
974,thisModuleExports,moduleExports,False,2,moduleExports|moduleExports,moduleExports <EOT></s>,"moduleExports <EOT></s>|moduleExports);
                }
            }
        }
    }

    public",
975,withNulls,MASK,False,4,MASK|MASK|MASK|MASK,[MASK] <EOT></s>,[MASK] <EOT></s>|[MASK] <EOT></s>|MASK <EOT></s>|MASK <EOT></s>,
976,globalCheckpoint,MASK,False,9,MASK|primaryShard|MASK|primaryShard|primaryShard|primaryTerm|replicaShard|primaryTerm|primaryShard,[MASK] <EOT></s>,"[MASK] <EOT></s>|primaryShard.updateLocalCheckpointForShard(primaryShard.routingEntry().|[MASK] , i);
                primaryShard.updateLocalCheckpointForShard|primaryShard.getLastKnownGlobalCheckpoint());
                primaryShard.updateGlobal|primaryShard );
                primaryShard.flush(new FlushRequest());
            }|primaryTerm <EOT></s>|replicaShard.getLastKnownGlobalCheckpoint() <EOT></s>|primaryTerm <EOT></s>|primaryShard.getLastKnownGlobalCheckpoint()));
        closeShards(primarySh",
977,separator,MASK,False,5,MASK|MASK|MASK|MASK|MASK,"[MASK]}. For example,
   * {@code join(""-"", 1.","[MASK]}. For example,
   * {@code join(""-"", 1.|[MASK]
   *    <EOT></s>|[MASK] <EOT></s>| MASK  <EOT></s>|MASK <EOT></s>",
978,parsedHeuristic,MASK,False,5,MASK|MASK|MASK|MASK|MASK,"[MASK] ;
                [MASK] <EOT></s>","[MASK] ;
                [MASK] <EOT></s>|MASK <EOT></s>|[MASK]  = parseSignificanceHeuristic(stXContentBuilder.bytes|MASK <EOT></s>|MASK <EOT></s>",
979,otherSettings,settings,False,2,settings|settings,settings <EOT></s>,settings <EOT></s>|settings <EOT></s>,
980,expectedMap,MASK,False,5,MASK|MASK|MASK|MASK|MASK,[MASK] <EOT></s>,"[MASK] <EOT></s>|[MASK] <EOT></s>|[MASK]
                    <EOT></s>|MASK
                   <EOT></s>|MASK <EOT></s>",
981,classes,MASK,False,2,MASK|MASK,                 [MASK] <EOT></s>,                 [MASK] <EOT></s>|MASK <EOT></s>,
982,nullability,MASK,False,4,MASK|MASK|MASK|MASK,[MASK] <EOT></s>,[MASK] <EOT></s>|[MASK] <EOT></s>|MASK <EOT></s>|MASK <EOT></s>,
983,metaAnnotation,MASK,False,12,MASK|MASK|MASK|MASK|MASK|MASK|MASK|MASK|MASK|MASK|MASK|MASK,[MASK] <EOT></s>,[MASK] <EOT></s>|[MASK] <EOT></s>|MASK <EOT></s>|[MASK] <EOT></s>|[MASK] <EOT></s>|MASK <EOT></s>|[MASK] <EOT></s>|MASK <EOT></s>|[MASK] <EOT></s>|MASK <EOT></s>|MASK <EOT></s>|MASK <EOT></s>,
984,fieldsProducers,MASK,False,7,MASK|MASK|MASK|MASK|MASK|MASK|in,[MASK] <EOT></s>,"[MASK] <EOT></s>|[MASK] <EOT></s>|MASK <EOT></s>|MASK <EOT></s>|MASK <EOT></s>|MASK <EOT></s>|in.context,
            in.mergeFieldInfos,
            in.mergeDocValues",
985,returnType,MASK,False,6,MASK|MASK|MASK|MASK|MASK|MASK,[MASK] <EOT></s>,[MASK] <EOT></s>|[MASK] <EOT></s>|[MASK] <EOT></s>|[MASK] <EOT></s>|MASK <EOT></s>|MASK <EOT></s>,
986,object,that,False,7,that|objects|MASK|MASK|MASK|MASK|MASK,"that converts between strings and doubles using {@link
   * Double#valueOf} and {@link Double","that converts between strings and doubles using {@link
   * Double#valueOf} and {@link Double|objects
   * that are set into it. For example, whether {@code list.set(|[MASK] <EOT></s>|[MASK] <EOT></s>|MASK  instanceof DoubleArrayAsList) {
        DoubleArrayAsList that = (Double|MASK <EOT></s>|MASK <EOT></s>",
987,initial,MASK,False,3,MASK|MASK|MASK, [MASK] <EOT></s>, [MASK] <EOT></s>|MASK <EOT></s>|MASK <EOT></s>,
988,source,EOT,False,22,EOT|MASK|MASK|MASK|MASK|MASK|MASK|MASK|MASK|MASK|MASK|MASK|MASK|MASK|metaAnnotation|MASK|MASK|MASK|MASK|MASK|MASK|MASK, <EOT></s>," <EOT></s>|[MASK] <EOT></s>|[MASK] <EOT></s>|[MASK] <EOT></s>|[MASK] <EOT></s>|[MASK] <EOT></s>|MASK , metaAnnotation);
				addIfPossible(queue,  M|[MASK] <EOT></s>|[MASK] <EOT></s>|[MASK] <EOT></s>|[MASK] <EOT></s>|MASK <EOT></s>|MASK  <EOT></s>|[MASK] <EOT></s>|metaAnnotation.annotationType()) &&
				!AnnotationFilter.PLAIN.|MASK <EOT></s>|MASK <EOT></s>|MASK <EOT></s>|[MASK] <EOT></s>|[MASK] <EOT></s>|[MASK] <EOT></s>|MASK <EOT></s>",
989,onScriptError,MASK,False,6,MASK|MASK|MASK|MASK|MASK|MASK,[MASK] <EOT></s>,"[MASK] <EOT></s>|[MASK] <EOT></s>|MASK <EOT></s>|[MASK] );

        default boolean isResultDeterministic() {
           |MASK <EOT></s>|MASK <EOT></s>",
990,inferenceEntityId,tokenLimit,False,2,tokenLimit|id,"tokenLimit,
        @Nullable Integer dimensions,
        boolean dimensionsSetByUser,
","tokenLimit,
        @Nullable Integer dimensions,
        boolean dimensionsSetByUser,
|  ""id"" <EOT></s>",
991,allULocales,Der,False,3,"Der|00"",|01 0:00:00"",","0Der"",             ""1970 06 01 0:00","0Der"",             ""1970 06 01 0:00|00"",
            ""LLL"", ""fp"", ""1970 07|01 0:00:00"",
            ""LLL"", ""fp"",",
992,params,params,True,1,params,params <EOT></s>,params <EOT></s>,
993,minutesStr,sdf,False,6,sdf|new||if|setNumberFormat|d,"= sdf.parse(res1,pp);
        if (parsedate == null","= sdf.parse(res1,pp);
        if (parsedate == null|new ULocale(""en_US""));
            fmt.setNumberFormat(DATA[i|
            fmt.setNumberFormat(DATA[i][0], override);
            String result|if (field.length() == 0) {
                fmt.setNumberFormat(override|setNumberFormat(override);
            } else {
                fmt.setNumberFormat(field|d) should be affected
                fmt.setNumberFormat(""M"", override);
                fmt",
994,decompressedSize,decompressedSize,True,2,decompressedSize|decompressedSize,decompressedSize <EOT></s>,decompressedSize <EOT></s>|decompressedSize <EOT></s>,
995,chunkingSettingsMap,MASK,False,2,MASK|MASK,[MASK] <EOT></s>,[MASK] <EOT></s>|MASK <EOT></s>,
996,distance,MASK,False,12,MASK|MASK|i|MASK|MASK|MASK|MASK|MASK|MASK|MASK|MASK|EOT,[MASK] <EOT></s>,"[MASK] <EOT></s>|[MASK] <EOT></s>|i + <EOT></s>|[MASK] <EOT></s>|[MASK] <EOT></s>|[MASK] <EOT></s>|[MASK] <EOT></s>|MASK )}, but is likely
   * to be more efficient.
   *
  |MASK <EOT></s>|MASK <EOT></s>| MASK <EOT></s>| <EOT></s>",
997,contentSupplier,bodyContents,False,2,bodyContents|bodyContents,bodyContents <EOT></s>,"bodyContents <EOT></s>|bodyContents
                    <EOT></s>",
998,options,downloader,False,16,downloader|MASK|MASK|MASK|MASK|MASK|MASK|MASK|MASK|MASK|MASK|MASK|MASK|setOptionsClasses|ImmutableList|interceptors,"downloader.GrpcRemoteDownloader.GrpcRemoteDownloaderFactory;
import com.","downloader.GrpcRemoteDownloader.GrpcRemoteDownloaderFactory;
import com.|[MASK] <EOT></s>|[MASK] <EOT></s>|MASK .OptionsParser.OptionDefinition;
import com.google.devtools.common.|[MASK] <EOT></s>|[MASK] .getOptions(BlazeServerStartupOptions.class)).thenReturn|[MASK] .getOptions(CommonCommandOptions.class)).thenReturn(commonCommandOptions|[MASK] .getOptions(CommonCommandOptions.class)).thenReturn(commonCommandOptions|[MASK] <EOT></s>|[MASK] .getOptions(RemoteOptions.class)).thenReturn(remoteOptions);
|[MASK] .getOptions(AuthAndTLSOptions.class)).thenReturn(auth|[MASK] <EOT></s>|MASK <EOT></s>|setOptionsClasses(
                        ImmutableList.of(
                            CoreOptions.class|  ImmutableList.of(),
            ImmutableMap.of(),
            new CommandLine|interceptors) ->
            InProcessChannelBuilder.forName(target).directExecutor().",
999,newXml,newXml,True,4,newXml|newXml|EOT|Doc,newXml  <EOT></s>,"newXml  <EOT></s>|newXml <EOT></s>| <EOT></s>|Doc.getRootElement();
                final Element newAppNode = newRootNode.element(",
