id,ground_truth,prediction,correct,mask_count,all_predictions,raw_prediction,all_raw_predictions,error
0,decodedCapacity,len,False,2,len|len,len<｜end▁of▁sentence｜>,len<｜end▁of▁sentence｜>|len<｜end▁of▁sentence｜>,
1,canExclude,MASK,False,4,MASK|MASK|MASK|MASK,[MASK]<｜end▁of▁sentence｜>,[MASK]<｜end▁of▁sentence｜>|MASK<｜end▁of▁sentence｜>|[MASK]<｜end▁of▁sentence｜>| MASK<｜end▁of▁sentence｜>,
2,expectedIndexName,expressionResolved,False,4,expressionResolved|expressionResolved|MASK|MASK,expressionResolved<｜end▁of▁sentence｜>,expressionResolved<｜end▁of▁sentence｜>|expressionResolved<｜end▁of▁sentence｜>|[MASK]<｜end▁of▁sentence｜>|MASK<｜end▁of▁sentence｜>,
3,style,MASK,False,61,MASK|MASK|MASK|MASK|actor|actor|actor|actor|MASK|MASK|MASK|MASK|MASK|MASK|MASK|MASK|MASK|MASK|MASK|MASK|MASK||see||X|0;|ScrollKnob|vScroll|;|height|() {|actor|public|direction|boolean||ocityX|VelocityY|velocityY|Y|rollY|float|overscrollSpeedMin|Max|rollDistance|MASK|MASK|MASK|MASK|MASK|MASK|MASK|MASK|background|MASK|MASK|MASK|MASK|MASK|MASK|MASK,"[MASK] ;
	private Actor            actor;

	final Rectangle actor","[MASK] ;
	private Actor            actor;

	final Rectangle actor|[MASK] ) {
		this(actor, skin.get( [MASK]|  MASK  Name, ScrollPaneStyle.class));
	}

	/** @param|[MASK] ) {
		this(actor, [MASK]);
		set|actor != null) setActor(actor);
		setStyle(  [M|actor  cannot be null."");
		this(actor, new ScrollPaneStyle());
	|actor = actor;
		setStyle(  [MASK] );
		set|actor ;
		setActor(actor);
		setSize(150|MASK ) {
		if ( [MASK]  == null) throw new IllegalArgumentException| MASK  == null) throw new IllegalArgumentException(""  MASK  cannot be null."");
| MASK  cannot be null."");
		this. [MASK]  =  [MASK| MASK  =  [MASK] ;
		invalidateHierarchy();
	}|[MASK] ;
		invalidateHierarchy();
	}

	/** Returns|[MASK]. */
	public ScrollPaneStyle  [MASK] () {
	| MASK  may not have an effect until
	 * {@link #setStyle(ScrollPane| MASK ;
	}

	/** Sets the actor to scroll. May be null. */
|[MASK] .background;
		Drawable hScroll =  [MASK] .|[MASK] .hScrollKnob, vScrollKnob =  [MASK] .|MASK .vScrollKnob;
		float bgLeftWidth = 0, bgRight| [MASK] .hScrollKnob != null) scrollbarHeight = Math.max| MASK .hScroll.getMinHeight());
		if (vScrollKnob !=|
		return getActor();
	}

	/** @deprecated Use {@link #setScroll| * @see #setActor(Actor) */
	@Deprecated
	public void add|
		float amountY = this.amountY;

		float actorWidth =|X = x;
		float amountY = this.amountY;
		if (|0;
		if ( [MASK] .vScrollKnob != null) width|ScrollKnob != null) width =  [MASK] .vScrollKnob.get|] .vScroll.getMinWidth());
		return width;
	}

	public void|;
	}

	public void setScrollX (boolean scrollX) {
		if (| height of the scrolled viewport. */
	public float getScrollHeight () {
		return| () {
		return actorArea.height;
	}

	/** Returns the width of the| actor is larger than the scroll pane vertically. */
	public boolean isScrollY () {|	public boolean isScrollY () {
		return scrollY;
	}

	/** Returns true| direction. */
	public void setDisableScroll (boolean disableX, boolean disableY) {| boolean y) {
		disableX = x;
		disableY = y;|
	}

	public boolean isFlinging () {
		return flingTimer > 0|ocityX () {
		return velocityX;
	}

	public void setVelocity|VelocityY (float velocityY) {
		this.velocityY = velocityY| velocityY;
	}

	/** Gets the flick scroll y velocity. */
	public float|Y () {
		return velocityY;
	}

	public void setFlingTime (|rollY;
	}

	public boolean isOverscrollX () {
		return|, float speedMax) {
		overscrollDistance = distance;
		overs|		overscrollSpeedMin = speedMin;
		overscrollSpeedMax =|Max = speedMax;
	}

	/** For flick scroll, if true the actor can|rollDistance;
	}

	public float getOverscrollSpeedMin () {
	|[MASK]<｜end▁of▁sentence｜>|MASK<｜end▁of▁sentence｜>|[MASK]<｜end▁of▁sentence｜>|MASK<｜end▁of▁sentence｜>|[MASK]<｜end▁of▁sentence｜>|[MASK]<｜end▁of▁sentence｜>|[MASK]<｜end▁of▁sentence｜>|MASK<｜end▁of▁sentence｜>|.background is drawn behind the actor. */
	public void setBackground (@Null Drawable background)|MASK<｜end▁of▁sentence｜>|[MASK]<｜end▁of▁sentence｜>|MASK<｜end▁of▁sentence｜>|[MASK]<｜end▁of▁sentence｜>|[MASK]<｜end▁of▁sentence｜>|MASK<｜end▁of▁sentence｜>|MASK<｜end▁of▁sentence｜>",
4,methodHandlesLookup,MASK,False,5,MASK|MASK|MASK|MASK|MASK,[MASK]<｜end▁of▁sentence｜>,[MASK]<｜end▁of▁sentence｜>|[MASK]<｜end▁of▁sentence｜>|[MASK]<｜end▁of▁sentence｜>|MASK<｜end▁of▁sentence｜>|MASK<｜end▁of▁sentence｜>,
5,nPredicates,MASK,False,12,MASK|MASK|MASK|MASK|MASK|MASK|MASK|MASK|MASK|MASK|MASK|MASK,[MASK]<｜end▁of▁sentence｜>,"[MASK]<｜end▁of▁sentence｜>| [MASK]<｜end▁of▁sentence｜>|MASK ];
      else
        m_proximityPositions = new int[ M|MASK ; i++)
      {
        m_proximityPositions[i|[MASK]<｜end▁of▁sentence｜>|MASK<｜end▁of▁sentence｜>|MASK);
    if ( MASK  == 0)
      return true;
|MASK<｜end▁of▁sentence｜>|[MASK]<｜end▁of▁sentence｜>|MASK<｜end▁of▁sentence｜>|MASK<｜end▁of▁sentence｜>|MASK<｜end▁of▁sentence｜>",
6,status,MASK,False,8,MASK|MASK|MASK|MASK|MASK|MASK|MASK|MASK, [MASK]<｜end▁of▁sentence｜>," [MASK]<｜end▁of▁sentence｜>|[MASK]<｜end▁of▁sentence｜>|[MASK]<｜end▁of▁sentence｜>|[MASK]<｜end▁of▁sentence｜>|[MASK]<｜end▁of▁sentence｜>| MASK<｜end▁of▁sentence｜>| MASK (),  MASK );
            assertEquals(
                ""Cluster is close to reaching| MASK<｜end▁of▁sentence｜>",
7,mockXPackLicenseStatus,mockLicenseStatus,False,2,mockLicenseStatus|mockLicenseStatus,mockLicenseStatus<｜end▁of▁sentence｜>,"mockLicenseStatus<｜end▁of▁sentence｜>|mockLicenseStatus);

        assertThat(
            TransportPutTrainedModelAction.validateModel",
8,typeClsFullName,MASK,False,2,MASK|MASK,   MASK<｜end▁of▁sentence｜>,   MASK<｜end▁of▁sentence｜>|MASK<｜end▁of▁sentence｜>,
9,bytes,MASK,False,8,MASK|MASK|MASK|MASK|MASK|MASK|MASK|MASK,[MASK]<｜end▁of▁sentence｜>,[MASK]<｜end▁of▁sentence｜>|MASK<｜end▁of▁sentence｜>|MASK<｜end▁of▁sentence｜>|[MASK]<｜end▁of▁sentence｜>|[MASK]<｜end▁of▁sentence｜>|[MASK] <｜end▁of▁sentence｜>| MASK<｜end▁of▁sentence｜>|MASK<｜end▁of▁sentence｜>,
10,restoreId,restoreId,True,3,restoreId|MASK|restoreId,restoreId<｜end▁of▁sentence｜>,"restoreId<｜end▁of▁sentence｜>|[MASK]<｜end▁of▁sentence｜>|restoreId,
                            indexId<｜end▁of▁sentence｜>",
11,context,MASK,False,3,MASK|MASK|MASK,[MASK]<｜end▁of▁sentence｜>,[MASK]<｜end▁of▁sentence｜>|[MASK]<｜end▁of▁sentence｜>|MASK<｜end▁of▁sentence｜>,
12,cache,MASK,False,20,MASK|MASK|MASK|MASK|MASK|MASK|MASK|s|MASK|MASK|MASK|MASK|MASK|MASK|MASK|MASK|MASK|MASK|MASK|MASK," [MASK] ;

import com.google.common. [MASK]<｜end▁of▁sentence｜>"," [MASK] ;

import com.google.common. [MASK]<｜end▁of▁sentence｜>|[MASK] .CacheBuilder;
import static com.google.common. [MASK|[MASK]<｜end▁of▁sentence｜>|MASK<｜end▁of▁sentence｜>|MASK<｜end▁of▁sentence｜>|[MASK] .CacheBuilder;
import com.google.common. [MASK]|MASK .CacheLoader.InvalidCacheLoadException;
import com.google.common. M|s with a maximum size of zero.
 *
 * @author mike nonemacher
|[MASK]<｜end▁of▁sentence｜>|[MASK]<｜end▁of▁sentence｜>|MASK<｜end▁of▁sentence｜>|[MASK]<｜end▁of▁sentence｜>|MASK<｜end▁of▁sentence｜>|MASK<｜end▁of▁sentence｜>|[MASK]<｜end▁of▁sentence｜>| MASK<｜end▁of▁sentence｜>| MASK<｜end▁of▁sentence｜>|MASK<｜end▁of▁sentence｜>|MASK<｜end▁of▁sentence｜>| MASK<｜end▁of▁sentence｜>",
13,relativePath,pathFragment,False,3,pathFragment|pathFragment|pathFragment,"  pathFragment = create(""../relative/path"");
    int             oldHashCode = path","  pathFragment = create(""../relative/path"");
    int             oldHashCode = path|pathFragment.hashCode();
    int newResult = pathFragment.hashCode();
   |pathFragment .hashCode()).isEqualTo(oldResult);
    assertThat(rootPath.",
14,queryBuilder,queryBuilder,True,2,queryBuilder|queryBuilder,queryBuilder<｜end▁of▁sentence｜>,queryBuilder<｜end▁of▁sentence｜>|queryBuilder<｜end▁of▁sentence｜>,
15,printer,printer,True,2,printer|printer,"printer, boolean verbose<｜end▁of▁sentence｜>","printer, boolean verbose<｜end▁of▁sentence｜>| printer
          .append(""<output file target "")
          .append(getLabel())
",
16,sourceBitmapConfig,,False,3,|sourceBitmap|sourceBitmap,                    <｜end▁of▁sentence｜>,                    <｜end▁of▁sentence｜>|   sourceBitmap.getConfig()<｜end▁of▁sentence｜>|sourceBitmap.getConfig()<｜end▁of▁sentence｜>,
17,millis,MASK,False,6,MASK|MASK|MASK|MASK|MASK|MASK,[MASK]<｜end▁of▁sentence｜>,[MASK]<｜end▁of▁sentence｜>|[MASK]<｜end▁of▁sentence｜>|MASK<｜end▁of▁sentence｜>|[MASK]<｜end▁of▁sentence｜>|MASK<｜end▁of▁sentence｜>|MASK<｜end▁of▁sentence｜>,
18,numShards,numShards,True,2,numShards|numShards,"numShards     = randomIntBetween(1, 20);
        int values","numShards     = randomIntBetween(1, 20);
        int values|numShards);
        assertTrue(
            ""numValues: "" + numValues +",
19,fullSchedule,,False,6,|MASK|MASK|MASK|MASK|MASK,                        <｜end▁of▁sentence｜>,                        <｜end▁of▁sentence｜>|   [MASK]<｜end▁of▁sentence｜>|[MASK]<｜end▁of▁sentence｜>|[MASK]<｜end▁of▁sentence｜>|MASK<｜end▁of▁sentence｜>|MASK<｜end▁of▁sentence｜>,
20,match,MASK,False,5,MASK|candidates|Collections|MASK|candidateSpace,[MASK]<｜end▁of▁sentence｜>,"[MASK]<｜end▁of▁sentence｜>|candidates = Collections.singletonList( [MASK] );
                    newRe|Collections.singletonList( [MASK] )<｜end▁of▁sentence｜>|MASK<｜end▁of▁sentence｜>|candidateSpace = identifierSpace;
                    newRecon.schemaSpace = schemaSpace;
",
21,sectionLength,MASK,False,17,MASK||MASK|MASK|MASK|MASK|MASK|MASK|MASK|MASK|MASK|MASK|MASK|MASK|MASK|MASK|MASK,[MASK]<｜end▁of▁sentence｜>,[MASK]<｜end▁of▁sentence｜>| <｜end▁of▁sentence｜>|[MASK]<｜end▁of▁sentence｜>| [MASK]<｜end▁of▁sentence｜>| MASK<｜end▁of▁sentence｜>|[MASK]<｜end▁of▁sentence｜>|MASK<｜end▁of▁sentence｜>|( MASK<｜end▁of▁sentence｜>|[MASK]<｜end▁of▁sentence｜>| [MASK]<｜end▁of▁sentence｜>|[MASK]<｜end▁of▁sentence｜>| MASK<｜end▁of▁sentence｜>|[MASK]<｜end▁of▁sentence｜>| MASK<｜end▁of▁sentence｜>| MASK<｜end▁of▁sentence｜>|MASK<｜end▁of▁sentence｜>| MASK<｜end▁of▁sentence｜>,
22,status,MASK,False,3,MASK|MASK|MASK,[MASK]<｜end▁of▁sentence｜>,[MASK]<｜end▁of▁sentence｜>|MASK<｜end▁of▁sentence｜>|MASK<｜end▁of▁sentence｜>,
23,fooAbs,fooAbs,True,3,fooAbs|fooAbs|fooAbs,"fooAbs = create(""/foo"");
    PathFragment rootAbs = create(""/"");
    assertThat","fooAbs = create(""/foo"");
    PathFragment rootAbs = create(""/"");
    assertThat|fooAbs);
    assertThat( fooAbs.getParentDirectory()).isEqualTo(rootAbs|fooAbs.getParentDirectory()).isEqualTo(rootAbs);
    assertThat(rootAbs",
24,request,request,True,2,request|request,request<｜end▁of▁sentence｜>,request<｜end▁of▁sentence｜>|request<｜end▁of▁sentence｜>,
25,requestUrl,MASK,False,4,MASK|MASK|MASK|MASK,[MASK] <｜end▁of▁sentence｜>,[MASK] <｜end▁of▁sentence｜>|[MASK]<｜end▁of▁sentence｜>|MASK<｜end▁of▁sentence｜>|MASK<｜end▁of▁sentence｜>,
26,cmcdConfigurationFactory,MASK,False,6,MASK|MASK|MASK|MASK|MASK|MASK,"[MASK];
    private @Nullable private TransferListener transferListener;
    private @Nullable","[MASK];
    private @Nullable private TransferListener transferListener;
    private @Nullable|[MASK]<｜end▁of▁sentence｜>| MASK<｜end▁of▁sentence｜>| MASK ,
              ""HlsMediaSource.Factory#setCmcdConfigurationFactory no|   MASK<｜end▁of▁sentence｜>|MASK .createCmcdConfiguration(mediaItem);

      return new HlsMedia",
27,formatBuilder,MASK,False,34,MASK|MASK|checkArgument|MASK|MASK|MASK|MASK|MASK|MASK|MASK|MASK|MASK|RFC2327|MASK|MASK|MASK|MASK|MASK|MASK|MASK|MASK|MASK|MASK|MASK|MASK|MASK|MASK|MASK|If|MASK|MASK|MASK|MASK|MASK,[MASK]<｜end▁of▁sentence｜>,"[MASK]<｜end▁of▁sentence｜>| [MASK]<｜end▁of▁sentence｜>|checkArgument(mimeType != null, ""Unsupported media encoding: "" + mediaEncoding|  [MASK]<｜end▁of▁sentence｜>|  [MASK] .setSampleRate(aacConfig.sampleRateHz)
             | [MASK]<｜end▁of▁sentence｜>|[MASK]<｜end▁of▁sentence｜>|[MASK]<｜end▁of▁sentence｜>|[MASK]<｜end▁of▁sentence｜>| MASK<｜end▁of▁sentence｜>|[MASK]<｜end▁of▁sentence｜>|MASK<｜end▁of▁sentence｜>|// RFC2327 Section 10.1: The raw audio format is defined|MASK<｜end▁of▁sentence｜>|[MASK]<｜end▁of▁sentence｜>|[MASK]<｜end▁of▁sentence｜>|[MASK]<｜end▁of▁sentence｜>|[MASK]<｜end▁of▁sentence｜>|[MASK]<｜end▁of▁sentence｜>|[MASK]<｜end▁of▁sentence｜>|[MASK]<｜end▁of▁sentence｜>|[MASK]<｜end▁of▁sentence｜>|[MASK]<｜end▁of▁sentence｜>|[MASK]<｜end▁of▁sentence｜>|[MASK]<｜end▁of▁sentence｜>|[MASK]<｜end▁of▁sentence｜>|[MASK]<｜end▁of▁sentence｜>|[MASK]<｜end▁of▁sentence｜>|// If RTPMAP attribute does not include profile-level-id for H264,|MASK<｜end▁of▁sentence｜>|[MASK]<｜end▁of▁sentence｜>|[MASK]<｜end▁of▁sentence｜>|MASK<｜end▁of▁sentence｜>|MASK<｜end▁of▁sentence｜>",
28,desktopServicesStore,MASK,False,6,MASK|MASK|MASK|MASK|MASK|MASK,[MASK]<｜end▁of▁sentence｜>,"[MASK]<｜end▁of▁sentence｜>|MASK<｜end▁of▁sentence｜>|[MASK]<｜end▁of▁sentence｜>|MASK<｜end▁of▁sentence｜>|MASK );
        assertFalse(FileSystemUtils.isDesktopServicesStore( MASK )|MASK ));

        Files.delete( MASK );
        Files.createFile",
29,roles,roles,True,3,roles|roles|roles,roles<｜end▁of▁sentence｜>,"roles<｜end▁of▁sentence｜>|roles.size() == 1
            &&  roles<｜end▁of▁sentence｜>|roles<｜end▁of▁sentence｜>",
30,wasPanning,panningWas,False,2,panningWas|panningWas,panningWas<｜end▁of▁sentence｜>,panningWas<｜end▁of▁sentence｜>|panningWas<｜end▁of▁sentence｜>,
31,delimiter,MASK,False,4,MASK|MASK|MASK|MASK,[MASK]<｜end▁of▁sentence｜>,[MASK]<｜end▁of▁sentence｜>|[MASK]<｜end▁of▁sentence｜>|MASK<｜end▁of▁sentence｜>|MASK<｜end▁of▁sentence｜>,
32,events,,False,4,|final|MASK|L,          <｜end▁of▁sentence｜>,"          <｜end▁of▁sentence｜>|   final String MASK = ""[MASKED]"";
        CapturingLogger.output|[MASK]<｜end▁of▁sentence｜>|L , containsString(""does not exist""));
        assertThat( L<｜end▁of▁sentence｜>",
33,clientId,clientId,True,2,clientId|clientId,clientId  <｜end▁of▁sentence｜>,clientId  <｜end▁of▁sentence｜>|clientId<｜end▁of▁sentence｜>,
34,integer,MASK,False,10,MASK|MASK|MASK|MASK|MASK|MASK|MASK|MASK|MASK|MASK,[MASK]<｜end▁of▁sentence｜>,"[MASK]<｜end▁of▁sentence｜>|[MASK]<｜end▁of▁sentence｜>|[MASK<｜end▁of▁sentence｜>|[MASK]<｜end▁of▁sentence｜>|[MASK]<｜end▁of▁sentence｜>|MASK<｜end▁of▁sentence｜>|MASK  = new AtomicInteger();
        do {
            testCase(RandomSampler|MASK<｜end▁of▁sentence｜>|MASK<｜end▁of▁sentence｜>|MASK<｜end▁of▁sentence｜>",
35,drmEventDispatcher,drmEventDispatcher,True,2,drmEventDispatcher|drmEventDispatcher,drmEventDispatcher<｜end▁of▁sentence｜>,"drmEventDispatcher<｜end▁of▁sentence｜>|drmEventDispatcher,
        id,
        localConfiguration.uri,
        /*",
36,toExcluded,MASK,False,10,MASK|MASK|MASK|MASK|MASK|MASK|MASK|MASK|MASK|MASK,[MASK]<｜end▁of▁sentence｜>,"[MASK]<｜end▁of▁sentence｜>| [MASK]<｜end▁of▁sentence｜>|[MASK]<｜end▁of▁sentence｜>|[MASK]<｜end▁of▁sentence｜>| MASK<｜end▁of▁sentence｜>|[MASK]<｜end▁of▁sentence｜>|MASK<｜end▁of▁sentence｜>|[MASK]<｜end▁of▁sentence｜>|MASK<｜end▁of▁sentence｜>| MASK  && str.charAt(i) == '%');

            charBufId",
37,configurations,MASK,False,6,MASK|MASK|MASK|MASK|MASK|MASK,[MASK]<｜end▁of▁sentence｜>,[MASK]<｜end▁of▁sentence｜>|[MASK]<｜end▁of▁sentence｜>|[MASK]<｜end▁of▁sentence｜>| MASK<｜end▁of▁sentence｜>|MASK<｜end▁of▁sentence｜>| MASK<｜end▁of▁sentence｜>,
38,unicharsRead,MASK,False,6,MASK|MASK|MASK|MASK|bytesRead|bytesRead,[MASK]<｜end▁of▁sentence｜>,"[MASK]<｜end▁of▁sentence｜>|MASK<｜end▁of▁sentence｜>|MASK<｜end▁of▁sentence｜>|MASK , byteBuffer, 0, byteBufferSize);

            // copy the current|bytesRead[0];
            
            // update the no. of bytes written
            total|bytesRead<｜end▁of▁sentence｜>",
39,mediaEncoding,MASK,False,9,MASK|mask|mediaDescription|mimeType|MASK|MIME_TYPE|MASK|MASK|MIME_TYPE,"[MASK]  = mediaDescription.rtpMapAttribute. [MASK] ;
   ","[MASK]  = mediaDescription.rtpMapAttribute. [MASK] ;
   |mask;
    String  MASK_RANGE  = mediaDescription.rtpMapAttribute.|mediaDescription.rtpMapAttribute.encodingParameters,  [MASK] );
    format|mimeType.equals(MimeTypes.AUDIO_AAC)
            &&|[MASK] , channelCount, clockRate);
        break;
      case Mime|MIME_TYPE<｜end▁of▁sentence｜>|MASK<｜end▁of▁sentence｜>|MASK<｜end▁of▁sentence｜>|MIME_TYPE<｜end▁of▁sentence｜>",
40,status,,False,4,|status|MASK|MASK, <｜end▁of▁sentence｜>," <｜end▁of▁sentence｜>|status<｜end▁of▁sentence｜>|[MASK]<｜end▁of▁sentence｜>|  MASK .status(),   MASK<｜end▁of▁sentence｜>",
41,semanticVersion,MASK,False,4,MASK|MASK|MASK|MASK,[MASK]<｜end▁of▁sentence｜>,"[MASK]<｜end▁of▁sentence｜>|MASK<｜end▁of▁sentence｜>|[MASK] , stagingHash, pluginId);
            } else {
                base| MASK , stagingHash, pluginId);
            }
        } else {
           ",
42,newReceiverNodes,newReceiverNodes,True,3,newReceiverNodes|newReceiverNodes|newReceiverNodes,newReceiverNodes = newAppNode.elements(XML_NODENAME_RECE,"newReceiverNodes = newAppNode.elements(XML_NODENAME_RECE|newReceiverNodes, incReceivers);
                    for (Element node : incReceiver|newReceiverNodes<｜end▁of▁sentence｜>",
43,serviceTimeEWMA,MASK,False,4,MASK|MASK|responseDuration|MASK,[MASK]<｜end▁of▁sentence｜>,[MASK]<｜end▁of▁sentence｜>|[MASK] <｜end▁of▁sentence｜>|responseDuration<｜end▁of▁sentence｜>|MASK<｜end▁of▁sentence｜>,
44,lexer,MASK,False,29,MASK|MASK|MASK|MASK|MASK|MASK|MASK|MASK|MASK|MASK|MASK|MASK|MASK|parser|MASK|MASK|MASK|MASK|MASK|MASK|MASK|MASK|MASK|MASK|MASK|MASK|MASK|MASK|MASK,[MASK]<｜end▁of▁sentence｜>,"[MASK]<｜end▁of▁sentence｜>|[MASK]<｜end▁of▁sentence｜>|[MASK]<｜end▁of▁sentence｜>|[MASK]<｜end▁of▁sentence｜>|[MASK] .matchStat == JSONLexerBase.NOT_MATCH) {|[MASK]<｜end▁of▁sentence｜>|[MASK]<｜end▁of▁sentence｜>|MASK<｜end▁of▁sentence｜>|MASK<｜end▁of▁sentence｜>|[MASK]<｜end▁of▁sentence｜>|[MASK]<｜end▁of▁sentence｜>|MASK .matchStat == JSONLexerBase.NOT_MATCH) {
               |MASK .matchStat == JSONLexerBase.END) {
                endFlag =|parser<｜end▁of▁sentence｜>|MASK .matchStat > 0) {
                _asm_flag_0 |= 2|MASK .matchStat == JSONLexerBase.NOT_MATCH) {
               |MASK .matchStat == JSONLexerBase.END) {
                endFlag =|MASK .scanFieldString(title_gen_prefix__);
            if( MASK|MASK .matchStat > 0) {
                _asm_flag_0 |= 4|MASK .matchStat == JSONLexerBase.NOT_MATCH) {
               |MASK .matchStat == JSONLexerBase.END) {
                endFlag =|MASK .scanFieldString(uri_gen_prefix__);
            if( MASK|MASK .matchStat > 0) {
                _asm_flag_0 |= 8|MASK .matchStat == JSONLexerBase.NOT_MATCH) {
               |MASK .matchStat == JSONLexerBase.END) {
                endFlag =|MASK<｜end▁of▁sentence｜>|MASK<｜end▁of▁sentence｜>|MASK<｜end▁of▁sentence｜>|MASK<｜end▁of▁sentence｜>",
45,context,MASK,False,4,MASK|MASK|MASK|MASK,[MASK]<｜end▁of▁sentence｜>,[MASK]<｜end▁of▁sentence｜>|MASK<｜end▁of▁sentence｜>|[MASK]<｜end▁of▁sentence｜>|MASK<｜end▁of▁sentence｜>,
46,paths,MASK,False,10,MASK||MASK||MASK|MASK|MASK||MASK|_get_error,[MASK]<｜end▁of▁sentence｜>,"[MASK]<｜end▁of▁sentence｜>|<｜end▁of▁sentence｜>|[MASK]<｜end▁of▁sentence｜>|<｜end▁of▁sentence｜>|[MASK]<｜end▁of▁sentence｜>|[MASK]<｜end▁of▁sentence｜>|MASK <｜end▁of▁sentence｜>|<｜end▁of▁sentence｜>| MASK<｜end▁of▁sentence｜>| _get_error = true;
                } catch (IllegalAccessException ex) {
",
47,builder,MASK,False,3,MASK|info|MASK,[MASK]<｜end▁of▁sentence｜>,[MASK]<｜end▁of▁sentence｜>|info builder<｜end▁of▁sentence｜>|MASK<｜end▁of▁sentence｜>,
48,consumer,logger,False,2,logger|logger,logger<｜end▁of▁sentence｜>,"logger<｜end▁of▁sentence｜>|logger, validator);

        // THEN affix updater is always expected to have changed",
49,response,MASK,False,2,MASK|MASK,[MASK]<｜end▁of▁sentence｜>,[MASK]<｜end▁of▁sentence｜>|MASK<｜end▁of▁sentence｜>,
50,parsed,MASK,False,2,MASK|MASK,[MASK]<｜end▁of▁sentence｜>,[MASK]<｜end▁of▁sentence｜>|MASK<｜end▁of▁sentence｜>,
51,useKeyAsProperty,MASK,False,14,MASK|MASK|MASK|MASK|MASK|return|String|MASK|MASK|MASK|MASK|MASK|MASK|MASK,"[MASK] =false)
            external.put(""dubbo.override.","[MASK] =false)
            external.put(""dubbo.override.|MASK =true)
            external.put(""dubbo.override.key2|MASK =false)
            System.setProperty(""dubbo.override.key|[MASK] =false)
            external.put(""dubbo.override.|MASK =true)
            external.put(""dubbo.override.key2|            return interfaceClass;
        }

        public void setInterface(Class interfaceClass)| String getFilter() {
            return filter;
        }

        public void setFilter|[MASK] <｜end▁of▁sentence｜>|[MASK]<｜end▁of▁sentence｜>| MASK<｜end▁of▁sentence｜>| MASK<｜end▁of▁sentence｜>| MASK ) {
            this. [MASK]  =  [MASK] ;
| MASK<｜end▁of▁sentence｜>| MASK<｜end▁of▁sentence｜>",
52,forwardButton,MASK,False,3,MASK|MASK|MASK,[MASK]<｜end▁of▁sentence｜>,[MASK]<｜end▁of▁sentence｜>|MASK<｜end▁of▁sentence｜>|MASK<｜end▁of▁sentence｜>,
53,random,Color,False,6,Color||MASK|MASK|MASK|MASK,"Color());
    }
  }

  public static int Color() {
    Random","Color());
    }
  }

  public static int Color() {
    Random| <｜end▁of▁sentence｜>|MASK<｜end▁of▁sentence｜>|[MASK]<｜end▁of▁sentence｜>|MASK<｜end▁of▁sentence｜>|MASK<｜end▁of▁sentence｜>",
54,observer,MASK,False,2,MASK|MASK,[MASK]<｜end▁of▁sentence｜>,[MASK]<｜end▁of▁sentence｜>|MASK<｜end▁of▁sentence｜>,
55,valueBlock,MASK,False,23,MASK|page|valueVector|MASK|valueVector|valueVector|MASK|MASK|MASK|MASK|MASK|MASK|MASK|MASK|MASK|MASK|MASK|MASK|MASK|MASK|MASK|MASK|MASK,[MASK]<｜end▁of▁sentence｜>,"[MASK]<｜end▁of▁sentence｜>|page.getBlock(channels.get(0))
       <｜end▁of▁sentence｜>|valueVector);
      return new GroupingAggregatorFunction.AddInput() {
        @|[MASK]<｜end▁of▁sentence｜>|valueVector<｜end▁of▁sentence｜>|valueVector );
        }

        @Override
        public void close() {
       |[MASK]<｜end▁of▁sentence｜>| [MASK]<｜end▁of▁sentence｜>|[MASK]<｜end▁of▁sentence｜>|MASK<｜end▁of▁sentence｜>|MASK<｜end▁of▁sentence｜>|[MASK]<｜end▁of▁sentence｜>|MASK<｜end▁of▁sentence｜>|MASK<｜end▁of▁sentence｜>|MASK<｜end▁of▁sentence｜>|MASK<｜end▁of▁sentence｜>|MASK<｜end▁of▁sentence｜>|MASK<｜end▁of▁sentence｜>|MASK<｜end▁of▁sentence｜>|MASK<｜end▁of▁sentence｜>|MASK<｜end▁of▁sentence｜>|MASK<｜end▁of▁sentence｜>|MASK<｜end▁of▁sentence｜>",
56,calendars,"04 01"",",False,26,"04 01"",|d|SSSSSS|416122334456000000"",|12:23:34.456"",|Test|BC|Z|Z|Z|T07|fmt|mm|String|||try|compare|1];|{|Test|M|M|new|getInstance|"," 04 01"",
            ""0000000020"," 04 01"",
            ""0000000020|d"", ""fp"", ""2010 04 01"",
            ""|SSSSSS"", ""fp"", ""2010-04-16 1|416122334456000000"", ""|12:23:34.456"",

                ""yyyyyy|Test
    public void TestISOEra() {
        String DATA[] = {
|12:23:34.456"", ""BC 4004|Z"", ""AD 4004-10-23T07:0|:00Z"",
        ""BC 4004-10-23|:00:00Z"",
        ""4004-10-2|10-23T07:00:00Z""    , ""AD| fmt = new SimpleDateFormat(""yyyy-MM-dd'T'HH:mm:|mm:ss'Z'"", new ULocale(""en_US""));
        SimpleDate|            String input = data[i];
            String expected = data[i+1];
|
            // create expected output string
            String out = data[i+1];

|

            // create output string
            String out = data[i + 1];

|            try
            {
                out = fmt1.format(dt1);
            }| compare input and output
            if (!out.equals(data[i + 1]))
           |1];
            if (!out.equals(expected))
            {
                errln(""|            {
                errln(""FAIL: "" + in + "" => "" + out +|Test
    public void Test6900() {
        // Test for bug 6|年M月d日 EEEE"";
        String[] data = {
            ""20|M=hanidec;d=hanidec"";
        String data[] = {
| new SimpleDateFormat(pattern, override, new ULocale(""zh_Hans_|.getInstance(ULocale.CHINA);
        cal.set(201|
        cal.set(2010, Calendar.JANUARY, 1",
57,serviceKey,MASK,False,4,MASK|MASK|MASK|MASK,[MASK]<｜end▁of▁sentence｜>,"[MASK]<｜end▁of▁sentence｜>|[MASK] , payload, watchId))
            .build();
    }

|MASK<｜end▁of▁sentence｜>|MASK );
        builder.field(Fields.EVENT_ACTION.getPreferredName",
58,FAIL_STR,CharacterIterator,False,3,CharacterIterator|Must|in,"CharacterIterator(d);
            if (isVerbose()) {
                logln(""ac","CharacterIterator(d);
            if (isVerbose()) {
                logln(""ac| Must be pattern letter
                        if (patidx >= PATTERN_CHARS.length())| "" in patterns["" + i + ""] is not "" + DATEFORMAT_FIELDS",
59,currentOffset,bootstrapMethodsOffset,False,8,bootstrapMethodsOffset|bootstrapMethodsOffset|bootstrapMethodsOffset|int|MASK|MASK|MASK|MASK,"  bootstrapMethodsOffset = bootstrapMethods.length;
      int    bootstrapMethodRef","  bootstrapMethodsOffset = bootstrapMethods.length;
      int    bootstrapMethodRef|bootstrapMethodsOffset;
        int bootstrapMethodRef = classReader.readUnsignedShort|bootstrapMethodsOffset  );
         [MASK]  += 2;
        int numBoot|int numBootstrapArguments = classReader.readUnsignedShort( bootstrapMethodsOffset + |[MASK] );
         [MASK]  += 2;
        int hashCode|[MASK]  += 2;
        int hashCode = classReader.readConst(|MASK );
           MASK  += 2;
          hashCode ^= classReader.|MASK  += 2;
          hashCode ^= classReader.readConst(bootstrapArgument",
60,updateDoc,MASK,False,3,MASK||MASK,[MASK]<｜end▁of▁sentence｜>,[MASK]<｜end▁of▁sentence｜>|      <｜end▁of▁sentence｜>|MASK<｜end▁of▁sentence｜>,
61,dataStream,MASK,False,21,MASK|MASK|MASK|MASK|MASK|MASK|MASK|MASK|MASK|MASK|MASK|MASK|MASK|MASK|MASK|MASK|template|MASK|MASK|MASK|new,[MASK]<｜end▁of▁sentence｜>,[MASK]<｜end▁of▁sentence｜>|[MASK]<｜end▁of▁sentence｜>| [MASK]<｜end▁of▁sentence｜>| [MASK]<｜end▁of▁sentence｜>|MASK<｜end▁of▁sentence｜>| [MASK]<｜end▁of▁sentence｜>|[MASK]<｜end▁of▁sentence｜>|[MASK]<｜end▁of▁sentence｜>|[MASK]<｜end▁of▁sentence｜>| MASK<｜end▁of▁sentence｜>|MASK<｜end▁of▁sentence｜>|MASK<｜end▁of▁sentence｜>|[MASK]<｜end▁of▁sentence｜>| MASK<｜end▁of▁sentence｜>| MASK<｜end▁of▁sentence｜>|MASK<｜end▁of▁sentence｜>|template(new<｜end▁of▁sentence｜>|MASK<｜end▁of▁sentence｜>| MASK<｜end▁of▁sentence｜>|MASK<｜end▁of▁sentence｜>|new String[] {  MASK }<｜end▁of▁sentence｜>,
62,delegateHandler,handler,False,3,handler|asInstanceOf|handler,handler<｜end▁of▁sentence｜>,"handler<｜end▁of▁sentence｜>|asInstanceOf(S3HttpHandler.S3Request.class, handler
                   <｜end▁of▁sentence｜>|handler<｜end▁of▁sentence｜>",
63,responseDuration,durationNanos,False,2,durationNanos|durationNanos,  durationNanos<｜end▁of▁sentence｜>,  durationNanos<｜end▁of▁sentence｜>|durationNanos<｜end▁of▁sentence｜>,
64,tokenStream,input,False,2,input|input,input<｜end▁of▁sentence｜>,input<｜end▁of▁sentence｜>|input<｜end▁of▁sentence｜>,
65,transformState,prevState,False,2,prevState|prevState,"prevState
   <｜end▁of▁sentence｜>","prevState
   <｜end▁of▁sentence｜>|prevState);
    }

    @Override
    protected ClusterState add(Res",
66,runMode,runMode,True,2,runMode|runMode,runMode<｜end▁of▁sentence｜>,runMode<｜end▁of▁sentence｜>|runMode<｜end▁of▁sentence｜>,
67,screenX,MASK,False,2,MASK|MASK,[MASK]<｜end▁of▁sentence｜>,[MASK]<｜end▁of▁sentence｜>|MASK<｜end▁of▁sentence｜>,
68,yValUncast,MASK,False,9,MASK|MASK|MASK|MASK|MASK|MASK|MASK|MASK|MASK,[MASK]<｜end▁of▁sentence｜>,"[MASK]<｜end▁of▁sentence｜>|[MASK]<｜end▁of▁sentence｜>|[MASK]<｜end▁of▁sentence｜>|[MASK]<｜end▁of▁sentence｜>|MASK<｜end▁of▁sentence｜>|MASK<｜end▁of▁sentence｜>|MASK  = page.getBlock(channels.get(2));
    if ( M|MASK .areAllValuesNull()) {
      return;
    }
    DoubleVector|MASK<｜end▁of▁sentence｜>",
69,stBuilder,MASK,False,3,MASK||,[MASK]<｜end▁of▁sentence｜>,[MASK]<｜end▁of▁sentence｜>|  <｜end▁of▁sentence｜>|  <｜end▁of▁sentence｜>,
70,userAgent,MASK,False,11,MASK|MASK|MASK|MASK|MASK|MASK|MASK|MASK|MASK||);,[MASK]<｜end▁of▁sentence｜>,"[MASK]<｜end▁of▁sentence｜>|MASK , headers, httpVerb, completeUrl, new BytesBody(bodyContents), callback|[MASK]<｜end▁of▁sentence｜>| MASK<｜end▁of▁sentence｜>|[MASK]<｜end▁of▁sentence｜>| MASK<｜end▁of▁sentence｜>|[MASK]<｜end▁of▁sentence｜>| MASK<｜end▁of▁sentence｜>|MASK<｜end▁of▁sentence｜>| <｜end▁of▁sentence｜>|  );
        }
        if (   != null) {
            headersBuilder.",
71,policy,MASK,False,63,MASK|MASK|MASK|MASK|MASK|MASK|MASK|MASK|MASK|MASK|MASK|MASK|MASK|MASK|MASK|MASK|MASK|MASK|MASK|MASK|MASK|MASK|MASK|MASK|MASK|MASK|) {|get|A||new|the|test||able|Name|Name|MASK|MASK|MASK|MASK|MASK|MASK|MASK|MASK|MASK|MASK|MASK|MASK|MASK|MASK|MASK|MASK|MASK|MASK|MASK|snapConfig|MASK|MASK|MASK|MASK|MASK|MASK,"[MASK] Name = ""test- [MASK] "";

        internalCluster().","[MASK] Name = ""test- [MASK] "";

        internalCluster().|[MASK] "";

        internalCluster().startMasterOnlyNodes(1);
       | [MASK] Name, ""snap"", NEVER_EXECUTE_CRON_S| [MASK] Name);
        logger.info(""Created snapshot: "" + snapshotA);| [MASK] Name, List.of(snapshotA)), 1, TimeUnit.| MASK Name);
        logger.info(""Created snapshot B: "" + snapshotB);
| MASK Name, List.of(snapshotA, snapshotB)), 1, TimeUnit| MASK Name, 2, 0, 0);
            assertRegistered( M| MASK Name, List.of(snapshotA, snapshotB));
        }, 1|[MASK] Name = ""test- [MASK] "";

        internalCluster().|MASK "";

        internalCluster().startMasterOnlyNodes(1);
        final String| MASK Name, ""snap"", NEVER_EXECUTE_CRON_SCHED| MASK Name);
        logger.info(""Created snapshot: "" + snapshotName);

| MASK Name, 1, 0, 0);
            assertRegistered( | MASK Name, List.of());
        }, 1, TimeUnit.MINUTES|[MASK] Name = ""test- [MASK] "";

        internalCluster().|MASK "";

        internalCluster().startMasterOnlyNodes(1);
        final String| MASK Name, ""snap"", NEVER_EXECUTE_CRON_SCHED|[MASK] Name);
        logger.info(""Created snapshot: "" + snapshotName);| MASK Name, 0, 0, 0);
            assertRegistered( | MASK Name, List.of(snapshotName));
        }, 1, TimeUnit|[MASK] Name);
        assertNotEquals(snapshotName, snapshotName2);| MASK Name, 1, 1, 0);
            assertRegistered( M| MASK Name, List.of());
        }, 1, TimeUnit.MINUTES|[MASK] Name = ""test- [MASK] "";

        internalCluster().|MASK "";

        internalCluster().startMasterOnlyNodes(1);
        final String|) {
        assertBusy(() -> {
            SnapshotsStatusResponse snapshotStatus =|().get(0);
                assertThat(""expected snapshot to be complete but it was not"", status| A runnable that can be run on the test thread after snapshot finalize, but before SL|
     * but before the snapshot is called back with the SnapshotInfo.
     */
| new CountDownLatch(1);
        private final CountDownLatch latch2 =| the master node is waiting for
                    // the cluster to be stable before it can be restarted| test thread from waiting for 10s, we use a latch to wait for the test|
        void awaitAndRun(Runnable runnable) {
            try {
|able runnable) throws InterruptedException {
            latch1.await();
|Name, ""snap"", NEVER_EXECUTE_CRON_SCHEDULE,| Name);
        logger.info(""Created snapshot: "" + snapshotName);

        //|[MASK] Name, 0, 0, 0);
            assertRegistered|[MASK] Name = ""test- [MASK] "";

        internalCluster().|MASK "";

        internalCluster().startMasterOnlyNodes(1);
        final String|MASK<｜end▁of▁sentence｜>|MASK Name);
        logger.info(""Created snapshot: "" + snapshotName);

|MASK Name, 0, 0, 0);
        }, 1, Time|[MASK]<｜end▁of▁sentence｜>|[MASK]<｜end▁of▁sentence｜>|[MASK]<｜end▁of▁sentence｜>|[MASK]<｜end▁of▁sentence｜>| MASK<｜end▁of▁sentence｜>|MASK<｜end▁of▁sentence｜>|[MASK]<｜end▁of▁sentence｜>| MASK<｜end▁of▁sentence｜>| MASK<｜end▁of▁sentence｜>|MASK<｜end▁of▁sentence｜>|[MASK]<｜end▁of▁sentence｜>|   [MASK]<｜end▁of▁sentence｜>|[MASK]<｜end▁of▁sentence｜>|snapConfig,
            SnapshotRetentionConfiguration.EMPTY,
            SnapshotL|[MASK]  "" +  [MASK]  + "" got:<｜end▁of▁sentence｜>|MASK  "" +  [MASK]  + "" got: "" + e);
        }| MASK  "" +   MASK <｜end▁of▁sentence｜>|MASK<｜end▁of▁sentence｜>|MASK<｜end▁of▁sentence｜>| MASK<｜end▁of▁sentence｜>",
72,width,width,True,12,width|MASK|MASK|MASK|MASK|MASK|MASK|MASK|MASK|MASK|MASK|MASK,"width of the picture in pixels. */
  public final int  [MASK] ;
","width of the picture in pixels. */
  public final int  [MASK] ;
|[MASK]<｜end▁of▁sentence｜>|[MASK] <｜end▁of▁sentence｜>| [MASK]<｜end▁of▁sentence｜>|MASK<｜end▁of▁sentence｜>| MASK<｜end▁of▁sentence｜>|[MASK]<｜end▁of▁sentence｜>| MASK<｜end▁of▁sentence｜>|MASK<｜end▁of▁sentence｜>| MASK<｜end▁of▁sentence｜>|MASK<｜end▁of▁sentence｜>|MASK<｜end▁of▁sentence｜>",
73,colors,colors,True,9,colors|MASK|MASK|MASK|MASK|MASK|MASK|for|MASK,"colors
       <｜end▁of▁sentence｜>","colors
       <｜end▁of▁sentence｜>|[MASK]<｜end▁of▁sentence｜>|[MASK] .add(c);

        for (int c : ColorTemplate.|[MASK] .add(c);

        for (int c : ColorTemplate.|[MASK] .add(c);

        for (int c : ColorTemplate.|MASK .add(c);

        for (int c : ColorTemplate.COLORF|MASK .add(c);

        for (int c : ColorTemplate.COLORF|for (int c : ColorTemplate.COLORFUL_COLORS)
             MASK .|MASK<｜end▁of▁sentence｜>",
74,extension,MASK,False,13,MASK|MASK|MASK|MASK|MASK|MASK|MASK|MASK|MASK|MASK|MASK|MASK|extension,[MASK] <｜end▁of▁sentence｜>,[MASK] <｜end▁of▁sentence｜>|[MASK]<｜end▁of▁sentence｜>|[MASK]<｜end▁of▁sentence｜>|  MASK<｜end▁of▁sentence｜>|[MASK]<｜end▁of▁sentence｜>|[MASK]<｜end▁of▁sentence｜>|[MASK]<｜end▁of▁sentence｜>|[MASK]<｜end▁of▁sentence｜>|[MASK]<｜end▁of▁sentence｜>|MASK<｜end▁of▁sentence｜>|[MASK]<｜end▁of▁sentence｜>|MASK<｜end▁of▁sentence｜>|extension()<｜end▁of▁sentence｜>,
75,credentials,MASK,False,4,MASK|MASK|MASK|MASK,[MASK]<｜end▁of▁sentence｜>,"[MASK]<｜end▁of▁sentence｜>|[MASK] .getRequestMetadata(URI.create(""https://foo.example.org|[MASK]<｜end▁of▁sentence｜>|MASK .getRequestMetadata(URI.create(""https://bar.example.org""))).",
76,missingKeys,,False,2,|Sets,  <｜end▁of▁sentence｜>,"  <｜end▁of▁sentence｜>|Sets.difference(ImmutableSet.copyOf(keysToGet), entries.key",
77,field,of,False,48,"of|MASK|ss|yyyy|PDT|PT|PDT|PT|PDT|PT|mm|ln||pm|setLenient|ln|}|1970 10 01 0:00:00"",|December|1 0:00:00"",|endars|testRelativeDateFormat|dateStyle|dateTimeStr|that|dateTimeStr|Position|public||Calendar|Calendar|0, 0, 0);||u4E8C|ren|calendar|2/2012"",                  ""4/2/2012"",|1/2012"" ),|en|uC774|uC77C|ren|uC77C|B144|expPatt|dd|sdf|at","of day
         *
         * 1. parse(String)
         * 2","of day
         *
         * 1. parse(String)
         * 2|[MASK]  values are correct for a given date.
     */
    @Test|ss.SSS zzz"",
            ""yyyy MM dd HH:mm| ""yyyy MM dd HH:mm:ss.SSS"",
            ""|30 PDT"",
            ""y/M/d H:mm v"", ""pf|/3 3:30 PT"",
            ""y/M/d H:|3 2:30 PDT"", ""2005 04 03|05/4/3 1:30 PT"",
            // time to parse|3 3:30 PDT"",
            ""y/M/d H:mm|/25 2:30 PT"", ""2005 10 |:mm zzz"", ""pf"", ""2005/10/30 |ln(""Testing generic time zone parsing"");
        String DATA[] = {
           |
                ""1/1/1970"", ""1/1/70"",| pm"",
                ""3:00 pm Jan 1, 1997"",|setLenient(lenient);

        f.setCalendar(cal);
        f|ln(""FAIL: hashCode equal for inequal objects"");
        }

        if| }
        }

        {
            SimpleDateFormat fmt = new SimpleDateFormat(""| ""1970 10 01 0:00:00"",|0"", ""December"",  ""1970 12 01 0:|1 0:00:00"",
            ""LLL"", ""fp"", ""|endars[i].getTimeInMillis()
                            + ""\n Expected time zone|.testRelativeDateFormat
    @Test
    public void testRelativeDateFormat()|                            dateStyle + "" and dayOffset "" + dayOffset);
                }

                //| "" + dateTimeStr);
                    errln(""date format is "" + dateStr);
| that timeStr is in dateTimeStr
                if ( dateTimeStr.toString().indexOf(| dateTimeStr.toString().indexOf( timeStr.toString() ) < 0 ) {
                   |Position.getBeginIndex() is "" + fp.getBeginIndex() +
                            ""|    public void TestRelativeDateFormatCoverage() {
        // Calling formatTo|
        SimpleDateFormat sdf = new SimpleDateFormat(""yyyy-MM-dd H|        Calendar cal = new GregorianCalendar(tz, ULocale.US);
       |99, Calendar.JANUARY, 1, 0, 0, | 0, 0, 0);
        d1 = gcal.getTime();|
            public String[] symbols;

            ChineseDateFormatSymbolItem(ULocale locale|\u4E8C"",
                                                                                ""2012\u58EC|2(ren-chen)"" ),
            new MonthPatternItem( ""en@calendar=d|calendar=dangi"",        DateFormat.SHORT, ""3/2/20|2/2012"",                  ""4/2/2012"",                        ""|1/2012"" ),
            new MonthPatternItem( ""en@calendar=|en@calendar=dangi"",        -3,               ""2012-3|\uC774\uC77C\uC774\u|774\uC77C\uB85C 2, 2|4, 2012(ren-chen)"",
                                                                                ""\uC78| 2\uC77C"",
                                                                                ""\uC784\u|B144 5\uC6D4 1\uC77C| expPatt, String expFmt) {
                localeID = loc;
                style|dd HH:mm B"");
        assertEquals(""yyyy-MM-dd HH:|03700, sdf.parse(""2015-11-1|13 01:00 at night"", k010000, s",
78,streamedBucket,readBucket,False,4,readBucket|readBucket|readBucket|readBucket,"readBucket = read.getBuckets().get(0);
        assertThat(original","readBucket = read.getBuckets().get(0);
        assertThat(original|readBucket.getKeyAsString()));
        assertThat(originalBucket.getSupers|readBucket .getSupersetDf()));
        assertThat(originalBucket.get|readBucket .getSubsetDf()));
        assertThat(originalBucket.getDoc",
79,parsed,T00,False,25,T00|ires|k|looks||DateFormat|df|expected|for|H|2010-01-10 12:30:00|u58EC|EC|Item|inese|));|result|applyPattern|MASK|MASK|MASK|applyPattern|MASK|MASK|MASK,"-01-15T00:00:00Z"", ""zzzz","-01-15T00:00:00Z"", ""zzzz|ires"", ""2004-07-15T00:00:| k = 0; k < looks_length; ++k) {
                    int timeLook =| looks[k];
                    SimpleDateFormat formatter = new SimpleDateFormat(""MMM d|
        Date date = cal.getTime();

        for (int i = 0;| = DateFormat.getDateInstance(DateFormat.MEDIUM, cal);
           |)df;
                formatters[2].applyPattern(testPattern);
            } else|expected == null) {
                        expected = tmp;
                    } else if (!expected.equals| ""\"" for "" + d + "" - Expected: \"""" + expected + ""\"""");|H:mm:ss.SSS"", ""2010-04-16| ""2010-01-10 12:30:00| ""2012\u58EC\u8FB0\u5E|58EC\u8FB0-4bis-2"",
                                                                                ""\u|Item( ""zh@calendar=chinese"",      -4,               ""201|inese"",      -4,               ""2012\u58EC\u8|));
            if(!result.toString().equalsIgnoreCase(item.expectedResult)) {
| result. expected - ""+item.expectedResult+""  but result was - ""+result|.applyPattern(""yyyy-MM-dd HH:mm b"");
        assertEquals(""|[MASK]<｜end▁of▁sentence｜>|[MASK]<｜end▁of▁sentence｜>|[MASK]<｜end▁of▁sentence｜>|applyPattern  as close
        // to the given day period as possible.
        sdf|[MASK]<｜end▁of▁sentence｜>|MASK<｜end▁of▁sentence｜>|MASK  with a 12-hour time other than 12:00,",
80,hasPostings,MASK,False,4,MASK|MASK|MASK|MASK,[MASK]<｜end▁of▁sentence｜>,[MASK]<｜end▁of▁sentence｜>|MASK<｜end▁of▁sentence｜>|MASK<｜end▁of▁sentence｜>|MASK<｜end▁of▁sentence｜>,
81,array,MASK,False,14,MASK|MASK|MASK|MASK|MASK|MASK|MASK|MASK|MASK|MASK|MASK|MASK|MASK|MASK,[MASK]<｜end▁of▁sentence｜>,[MASK]<｜end▁of▁sentence｜>|[MASK]<｜end▁of▁sentence｜>|MASK<｜end▁of▁sentence｜>|MASK<｜end▁of▁sentence｜>|[MASK]<｜end▁of▁sentence｜>|MASK<｜end▁of▁sentence｜>|MASK<｜end▁of▁sentence｜>|MASK<｜end▁of▁sentence｜>|[MASK]<｜end▁of▁sentence｜>|MASK<｜end▁of▁sentence｜>|MASK<｜end▁of▁sentence｜>|MASK<｜end▁of▁sentence｜>|MASK<｜end▁of▁sentence｜>|MASK<｜end▁of▁sentence｜>,
82,shape,MASK,False,4,MASK|MASK|MASK|MASK,[MASK]<｜end▁of▁sentence｜>,[MASK]<｜end▁of▁sentence｜>|MASK<｜end▁of▁sentence｜>|MASK<｜end▁of▁sentence｜>|MASK<｜end▁of▁sentence｜>,
83,timeStamp,currTime,False,2,currTime|currTime,currTime<｜end▁of▁sentence｜>,currTime<｜end▁of▁sentence｜>|currTime<｜end▁of▁sentence｜>,
84,resources,MASK,False,8,MASK|MASK|MASK|MASK|MASK|MASK|MASK|MASK,[MASK]<｜end▁of▁sentence｜>,[MASK]<｜end▁of▁sentence｜>|[MASK]<｜end▁of▁sentence｜>|MASK<｜end▁of▁sentence｜>|MASK<｜end▁of▁sentence｜>|[MASK]<｜end▁of▁sentence｜>|MASK<｜end▁of▁sentence｜>|MASK<｜end▁of▁sentence｜>|MASK<｜end▁of▁sentence｜>,
85,project,MASK,False,17,MASK|MASK|MASK|task|MASK|MASK|MASK|MASK|MASK||MASK|MASK|MASK|MASK|MASK|MASK|MASK,[MASK]<｜end▁of▁sentence｜>,"[MASK]<｜end▁of▁sentence｜>|[MASK]<｜end▁of▁sentence｜>|[MASK]<｜end▁of▁sentence｜>|task) -> task.convention(
					(  [MASK]<｜end▁of▁sentence｜>|[MASK ]<｜end▁of▁sentence｜>|[MASK]<｜end▁of▁sentence｜>|[MASK]<｜end▁of▁sentence｜>| MASK<｜end▁of▁sentence｜>|[MASK]<｜end▁of▁sentence｜>| <｜end▁of▁sentence｜>|[MASK]<｜end▁of▁sentence｜>| MASK<｜end▁of▁sentence｜>|[MASK]<｜end▁of▁sentence｜>| MASK<｜end▁of▁sentence｜>| MASK<｜end▁of▁sentence｜>|MASK<｜end▁of▁sentence｜>| MASK<｜end▁of▁sentence｜>",
86,depthOfRdepOfRdep,rdepDepth,False,2,rdepDepth|rdepDepth,rdepDepth<｜end▁of▁sentence｜>,rdepDepth<｜end▁of▁sentence｜>|rdepDepth<｜end▁of▁sentence｜>,
87,override,force,False,16,"force|Data|PDT|),|,              ""5/2/2012"" ),|u521D|u521D|bis|,                 ""5/1/2012"" ),|bis|x29|x29|Format|uC774|uC784|uC6D4","            // force fallback to default timezone when fmt timezone
            // is not named
","            // force fallback to default timezone when fmt timezone
            // is not named
|Data(""yyyy-MM-dd HH:mm:ss ZZZZ"", ""2|0:00 PDT""),
            new ParseTestData(""y/M/d| ),
            new MonthPatternItem( ""en@calendar=chinese"",      DateFormat.|"",              ""5/2/2012"" ),
        };
        for (|8\u521D\u4E8C, 2012"",|08\u521D\u4E8C"",
                                                                                ""2|2012"",               ""2bis/4/2012"",              ""2|"",                 ""5/1/2012"" ),
            new MonthPatternItem(|        -3,               ""2012-3bis-2"",                 ""20|-2"",                ""78x29-4-2"",                      ""78x|4-2"",                      ""78x29-5-1"" ),
            new|Format.LONG,  ""2012\uC544\uC|uC774\uC77C\uC774\uC|uC784\uC9C4\uB144 \uC|44 5\uC6D4 1\uC77C"" ),",
88,boxedArray,MASK,False,3,MASK|MASK|MASK,[MASK]<｜end▁of▁sentence｜>,"[MASK]<｜end▁of▁sentence｜>|MASK
       <｜end▁of▁sentence｜>|MASK<｜end▁of▁sentence｜>",
89,bytes,MASK,False,5,MASK|MASK|MASK|MASK|mask,[MASK] <｜end▁of▁sentence｜>,[MASK] <｜end▁of▁sentence｜>|[MASK]<｜end▁of▁sentence｜>|MASK<｜end▁of▁sentence｜>| MASK <｜end▁of▁sentence｜>|mask<｜end▁of▁sentence｜>,
90,jsonFile,MASK,False,3,MASK|MASK|MASK,[MASK]<｜end▁of▁sentence｜>,"[MASK]<｜end▁of▁sentence｜>|MASK
           <｜end▁of▁sentence｜>|MASK<｜end▁of▁sentence｜>",
91,merged,,False,4,|MASK|MASK|MASK,  <｜end▁of▁sentence｜>,  <｜end▁of▁sentence｜>|[MASK]<｜end▁of▁sentence｜>|[MASK]<｜end▁of▁sentence｜>|MASK<｜end▁of▁sentence｜>,
92,floatSetting,floatSetting,True,7,floatSetting|Updater|c|assertNull|Updater||Updater,"floatSetting(""foo"", 42.0f, 43.0f, Property","floatSetting(""foo"", 42.0f, 43.0f, Property|Updater.apply(Settings.EMPTY, Settings.EMPTY));
       |(c.a);
        assertNull(c.b);
        assertTrue(setting| assertNull(c.b);
        assertTrue(settingUpdater.apply(Settings|Updater.apply(build, Settings.EMPTY));
        assertEquals(2,|
        assertEquals(aValue, c.a);

        build = Settings.builder().|Updater.apply(Settings.EMPTY, build));
        assertEquals(1,",
93,cafti_ja_japanese_custGy,DisplayContext,False,2,DisplayContext|StringBuffer,""", DisplayContext.CAPITALIZATION_FOR_MIDDLE_OF_S",""", DisplayContext.CAPITALIZATION_FOR_MIDDLE_OF_S| StringBuffer result = new StringBuffer();
            FieldPosition fpos = new FieldPosition(0",
94,model,MASK,False,3,MASK|MASK|MASK,[MASK]<｜end▁of▁sentence｜>,[MASK]<｜end▁of▁sentence｜>|MASK<｜end▁of▁sentence｜>|MASK<｜end▁of▁sentence｜>,
95,inputFrameInfo,inputFrameInfo,True,1,inputFrameInfo,"inputFrameInfo, @Nullable FrameInfo outputFrameInfo);

  /**
   * Sets","inputFrameInfo, @Nullable FrameInfo outputFrameInfo);

  /**
   * Sets",
96,handler,MASK,False,20,MASK|MASK|MASK|MASK|MASK|MASK|MASK|MASK|MASK|I|processNSDecls|MASK|MASK|MASK|MASK|MASK|MASK|MASK|MASK|MASK,[MASK]<｜end▁of▁sentence｜>,"[MASK]<｜end▁of▁sentence｜>|[MASK]<｜end▁of▁sentence｜>|[MASK]<｜end▁of▁sentence｜>| [MASK]<｜end▁of▁sentence｜>|[MASK]<｜end▁of▁sentence｜>|[MASK]<｜end▁of▁sentence｜>|MASK<｜end▁of▁sentence｜>|MASK<｜end▁of▁sentence｜>|[MASK]<｜end▁of▁sentence｜>|// I think. . . . This used to have a (true) arg
                 // to|   processNSDecls(  [MASK] , n, DTM.ELEMENT_|MASK , support,
                    new SerializerUtils.processNSDecls( MASK )|[MASK]<｜end▁of▁sentence｜>|[MASK]<｜end▁of▁sentence｜>|[MASK]<｜end▁of▁sentence｜>|MASK<｜end▁of▁sentence｜>|MASK<｜end▁of▁sentence｜>|MASK<｜end▁of▁sentence｜>|MASK<｜end▁of▁sentence｜>|MASK<｜end▁of▁sentence｜>",
97,includeIncubator,MASK,False,2,MASK|MASK,"MASK
   <｜end▁of▁sentence｜>","MASK
   <｜end▁of▁sentence｜>|MASK<｜end▁of▁sentence｜>",
98,threads,tests,False,12,tests|tests|delays|threads|ination||hope|);|);|TERMINATED||else,"tests
 * cause the associated test that generated them to itself fail (which
 * JUnit does","tests
 * cause the associated test that generated them to itself fail (which
 * JUnit does|tests must be
 * wrapped in calls to {@link #threadAssertTrue} or {@link
|delays and timeouts must be specified in milliseconds,
 * using the constants {@code|threads, queues, etc. needed
 * to check basic conformance.
 *
|ination(Thread thread, long timeoutMillis) {
//         try {
//             thread|
//         long startTime = System.nanoTime();
//         try {
//| hope that it will terminate promptly).
     */
    void joinThread(Thread thread,|);
            if (t.isAlive()) {
                t.interrupt();
|);
        }
        if (t.isAlive()) {
            t.inter|.TERMINATED) {
                t.interrupt();
                threadAssertTrue(t|

    /**
     * Waits for the specified time (in milliseconds) for| else interrupts
     * the thread (in the hope that it may terminate later)",
99,refresh,MASK,False,9,MASK|index|MASK|MASK|MASK|MASK|MASK|MASK|wait_for_active_shards," [MASK]  to be flushed before returning.
 *
 * This is a regression"," [MASK]  to be flushed before returning.
 *
 * This is a regression|index.refresh_interval\"":-1}}"");
        client().performRequest(| [MASK]<｜end▁of▁sentence｜>|/  [MASK]<｜end▁of▁sentence｜>|[MASK]<｜end▁of▁sentence｜>| MASK<｜end▁of▁sentence｜>| MASK<｜end▁of▁sentence｜>|MASK<｜end▁of▁sentence｜>|wait_for_active_shards<｜end▁of▁sentence｜>",
100,additionalParams,MASK,False,5,MASK|MASK|MASK|addParameters|MASK,[MASK]<｜end▁of▁sentence｜>,"[MASK]<｜end▁of▁sentence｜>|[MASK]<｜end▁of▁sentence｜>|MASK .put(""approval_prompt"", ""force"");
        //force to re|addParameters<｜end▁of▁sentence｜>|MASK<｜end▁of▁sentence｜>",
101,arrayPool,MASK,False,2,MASK|MASK,[MASK]<｜end▁of▁sentence｜>,[MASK]<｜end▁of▁sentence｜>|MASK<｜end▁of▁sentence｜>,
102,prevState,MASK,False,5,MASK|MASK|MASK|MASK|MASK,[MASK]<｜end▁of▁sentence｜>,[MASK]<｜end▁of▁sentence｜>|[MASK]<｜end▁of▁sentence｜>|   MASK<｜end▁of▁sentence｜>|MASK<｜end▁of▁sentence｜>|MASK<｜end▁of▁sentence｜>,
103,method,MASK,False,94,"MASK|MASK|sideEffectClassMarker|MASK|MASK|MASK|MASK|MASK|inlining|of|MASK|[""+||MASK|MASK|MASK|MASK|MASK|MASK|MASK|MASK|0;|MASK|MASK|MASK|if|MASK|MASK|MASK|MASK|MASK|MASK|MASK|MASK|MASK|MASK|MASK|MASK|MASK|MASK|MASK|MASK|MASK|MASK|MASK|MASK|code|MASK|MASK|MASK|MASK|MASK|MASK|MASK|MASK|MASK|MASK|MASK|MASK|MASK|MASK|MASK|MASK|MASK|MASK|MASK|MASK|MASK|MASK|MASK|MASK|MASK|MASK|MASK|MASK|MASK|MASK|MASK|MASK|MASK|MASK|MASK|MASK|MASK|MASK|MASK|InvocationMarker|MASK|[""+|MASK|MASK|MASK|MASK|MASK"," [MASK] s and  [MASK] s that are only
 * invoked once"," [MASK] s and  [MASK] s that are only
 * invoked once|[MASK] s that are only
 * invoked once, in the code attributes that it|sideEffectClassMarker = new SideEffectClassMarker();
    private final InstructionVisitor    | [MASK] s.
     * @param inlineSingleInvocations indicates whether the single|[MASK] s.
     */
    public MethodInliner(boolean microEd|[MASK] s.
     * @param inlineSingleInvocations indicates whether the single|MASK s.
     * @param extraInlinedInvocationVisitor an optional extra visitor| [MASK] , CodeAttribute codeAttribute)
    {
        // Ignore the code|inlining of  [MASK]  is stabilized.
        // Catch any|of the
        // code attribute.
        try
        {
            // Process the code| [MASK] , codeAttribute);
        }
        catch (RuntimeException ex)
|[""+
                               clazz.getName()+"".""+ [MASK] .getName(|   <｜end▁of▁sentence｜>|    = [""+ [MASK] .getName(clazz)+ [MASK] .get|MASK .getName(clazz)+MASK .getDescriptor(clazz)+""]| [MASK ] .getDescriptor(clazz)+""]"");
            }
            System|[MASK] ."");
            System.err.println("""");

            if (|   [MASK] .accept(clazz, new ClassPrinter());
                }
|[MASK]<｜end▁of▁sentence｜>|  [MASK] .getName(clazz).equals(""abc"");

            targetClass| MASK ;
            constantAdder                = new ConstantAdder(targetClass);
           |0;
            emptyInvokingStack           = false;
            coveredByCatchAllHandler| [MASK] , codeAttribute, this);

            // Inline the  [M| MASK , codeAttribute);

            // Update the code attribute if any code has been in| MASK , codeAttribute);
            }

            // Update the exception info.
           |if (inlining)
                 {
                     clazz.setAccessFlags(
                        |[MASK]  if it is invoked once or if it is short.
        if| [MASK] ) == 1 :
                      codeAttribute.u4codeLength <=
                     | MASK .getName(clazz)+ MASK .getDescriptor(clazz)+""]| MASK .getDescriptor(clazz)+""] in [""+
                                   targetClass.getName|[MASK]  if it is not
            // inlined.
            if (in| MASK );

            // Inline the body of the code.
            copyCode(|[MASK] , codeAttribute);

            // Update the super/private/package/|[MASK] , CodeAttribute codeAttribute, LineNumberTableAttribute lineNumberTableAttribute)
|[MASK] .
        if (inlining)
        {
            source =|    MASK .getName(clazz)                           +
                 MASK .getDescriptor(cl|[MASK] .getDescriptor(clazz) +
            "":0:0""|[MASK] , this);

        // Remember the lowest line number.
        minimum|[MASK]<｜end▁of▁sentence｜>|[MASK] )
    {
        String descriptor =  [MASK] .getDescriptor|MASK .getDescriptor(clazz);

        boolean isStatic =
            ( [| MASK .getAccessFlags() & ClassConstants.ACC_STATIC) != 0|[MASK]<｜end▁of▁sentence｜>|[MASK] , this);

        // Append a label just after the code.|[MASK] , this);

        // Copy the attributes.
        copiedLineNum|MASK , this);

        // Make sure we at least have some entry at the start|code.
        if (minimumLineNumberIndex == 0)
        {
            minimumLine| MASK .getName(clazz)       +
                  MASK .getDescriptor(clazz|MASK .getDescriptor(clazz) +
                "":0:0"" :
|[MASK] .
        // The marker will be corrected in LineNumberLinearizer,
|[MASK] .
        if (inlining)
        {
            String source|[MASK] .getName(clazz)       +
                 [MASK] .get|MASK .getDescriptor(clazz) +
                "":0:0"";

|[MASK] , CodeAttribute codeAttribute, int offset, Instruction instruction)
    {|[MASK]<｜end▁of▁sentence｜>|MASK<｜end▁of▁sentence｜>|MASK<｜end▁of▁sentence｜>|[MASK]<｜end▁of▁sentence｜>|[MASK]  is invoked from a catch-all exception
                // handler.
|[MASK]<｜end▁of▁sentence｜>| MASK  invocation inlined?
                if (inlined)
                {
                   |MASK<｜end▁of▁sentence｜>|[MASK]  if it is not public.
            (accessFlags & ClassConstants.|[MASK]<｜end▁of▁sentence｜>|[MASK]<｜end▁of▁sentence｜>|[MASK]<｜end▁of▁sentence｜>|[MASK]  into a  [MASK] <｜end▁of▁sentence｜>|MASK  in the
            // same class.
            (!programMethod.getName(program|[MASK]<｜end▁of▁sentence｜>|[MASK]<｜end▁of▁sentence｜>|[MASK]<｜end▁of▁sentence｜>|[MASK]  if it doesn't invoke a super  [MASK]  or| MASK<｜end▁of▁sentence｜>|MASK <｜end▁of▁sentence｜>|[MASK]  if it doesn't branch forward.
            !ForwardBranch|[MASK]  is
            // compatible with the code access of the target  [M|MASK  into a subclass if it doesn't access
            // private code (with|[MASK]<｜end▁of▁sentence｜>|[MASK]  if it doesn't have a synchronized block or
            //<｜end▁of▁sentence｜>|[MASK]<｜end▁of▁sentence｜>|[MASK]<｜end▁of▁sentence｜>|[MASK]  if it doesn't return with a non-empty stack.
           |[MASK]  if it doesn't have side effects.
            !SideEffectMethod|[MASK] <｜end▁of▁sentence｜>|[MASK]<｜end▁of▁sentence｜>| MASK s.
            // This is necessary, because the  MASK s may be in|InvocationMarker);

            // Update the optimization information of the inlined  MASK .|[MASK]<｜end▁of▁sentence｜>|[""+
                                   clazz.getName()+"".""+ [MASK] .getName(|[MASK]<｜end▁of▁sentence｜>|MASK<｜end▁of▁sentence｜>| MASK<｜end▁of▁sentence｜>|MASK<｜end▁of▁sentence｜>|MASK<｜end▁of▁sentence｜>",
104,invocation,invocation,True,8,invocation|MASK||MASK||MASK|MASK|,"invocation.  InvocationInfo;
import org.mockito.invocation.  [","invocation.  InvocationInfo;
import org.mockito.invocation.  [|[MASK]<｜end▁of▁sentence｜>| <｜end▁of▁sentence｜>|MASK<｜end▁of▁sentence｜>|<｜end▁of▁sentence｜>|[MASK] Info<｜end▁of▁sentence｜>| MASK .getMethod(),
                    <｜end▁of▁sentence｜>| <｜end▁of▁sentence｜>",
105,visibility,link,False,7,link|BUILD|MASK|MASK|MASK|MASK|ruleContext,"{@link VisibilityProvider}.
 *
 * <p>The {@link #getLabel","{@link VisibilityProvider}.
 *
 * <p>The {@link #getLabel| BUILD} file. This is because a {@code package_group} target is a {@code| [MASK]<｜end▁of▁sentence｜>|/*[MASK]=*/  MASK<｜end▁of▁sentence｜>|MASK<｜end▁of▁sentence｜>|MASK<｜end▁of▁sentence｜>| ruleContext.getRule(),
                      actual,
                      MASK<｜end▁of▁sentence｜>",
106,docCount,docCount,True,2,docCount|docCount,docCount<｜end▁of▁sentence｜>,docCount<｜end▁of▁sentence｜>|docCount<｜end▁of▁sentence｜>,
107,entryCount,MASK,False,2,MASK|MASK,[MASK]<｜end▁of▁sentence｜>,[MASK]<｜end▁of▁sentence｜>|MASK<｜end▁of▁sentence｜>,
108,scale,MASK,False,10,MASK|MASK|MASK|MASK|MASK|MASK|MASK|MASK|MASK|MASK,[MASK]<｜end▁of▁sentence｜>,[MASK]<｜end▁of▁sentence｜>|[MASK]<｜end▁of▁sentence｜>|[MASK]<｜end▁of▁sentence｜>|[MASK]<｜end▁of▁sentence｜>|[MASK]<｜end▁of▁sentence｜>|[MASK]<｜end▁of▁sentence｜>|[MASK]<｜end▁of▁sentence｜>| MASK<｜end▁of▁sentence｜>|MASK<｜end▁of▁sentence｜>|MASK<｜end▁of▁sentence｜>,
109,skippedShards,MASK,False,14,MASK|MASK|MASK|MASK|MASK|MASK|successfulShards|MASK|MASK|MASK|MASK|MASK|MASK|MASK,[MASK]<｜end▁of▁sentence｜>,"[MASK]<｜end▁of▁sentence｜>|[MASK] <｜end▁of▁sentence｜>| [MASK]<｜end▁of▁sentence｜>|MASK<｜end▁of▁sentence｜>|[MASK]<｜end▁of▁sentence｜>|[MASK]<｜end▁of▁sentence｜>|successfulShards,
              [MASK]<｜end▁of▁sentence｜>| MASK<｜end▁of▁sentence｜>|[MASK]<｜end▁of▁sentence｜>|[MASK]<｜end▁of▁sentence｜>|[MASK]<｜end▁of▁sentence｜>| MASK<｜end▁of▁sentence｜>| MASK<｜end▁of▁sentence｜>|MASK<｜end▁of▁sentence｜>",
110,fromUser,fromUser,True,1,fromUser,fromUser<｜end▁of▁sentence｜>,fromUser<｜end▁of▁sentence｜>,
111,additionalSettings,settings,False,2,settings|settings,  settings      <｜end▁of▁sentence｜>,  settings      <｜end▁of▁sentence｜>|settings<｜end▁of▁sentence｜>,
112,bgBottomHeight,MASK,False,6,MASK|MASK|actorArea|MASK|scroll|return,[MASK]<｜end▁of▁sentence｜>,"[MASK]<｜end▁of▁sentence｜>|MASK  = bg.getBottomHeight();
		}
		float width = getWidth|actorArea.y, width - bgLeftWidth - bgRightWidth, height - bgTopHeight|MASK);

		Drawable hScrollKnob = style.hScrollKnob| scroll amount is changed. */
	protected void visualScrollX (float pixelsX) {
|	return amountY;
	}

	/** Sets the x scroll position in percent, where 0",
113,bootstrapMethodIndex,return,False,10,return|Symbol|Index|hashCode|Symbol|in|Index1|data|{|Code,   * @return the index of a new or already existing type #@link Symbol} with the,"   * @return the index of a new or already existing type #@link Symbol} with the|(Symbol.FORWARD_UNINITIALIZED_TYPE_TAG, value,|Index);
    Entry entry = get(hashCode);
    while (entry != null|hashCode == hashCode
          && entry.data == labelIndex
          && entry.value|, Symbol.FORWARD_UNINITIALIZED_TYPE_TAG, value,| in the type table of this symbol table. Does nothing if the type table
   * already contains|Index1 | (long) typeTableIndex2 << 32
            : typeTableIndex2|2, data);
    Entry entry = get(hashCode);
    while (entry !| {
      if (entry.tag == Symbol.MERGED_TYPE_TAG
|Code == hashCode && entry.data == data) {
        return entry.index;
",
114,checksumUrlString,NamedComponents,False,5,NamedComponents|_COMPONENTS_FILE|PLUGIN_CLI_CLASSPATH_JAR|OT|for,"NamedComponents(classReaders);
        if (namedComponentsMap.isEmpty()) {","NamedComponents(classReaders);
        if (namedComponentsMap.isEmpty()) {|_COMPONENTS_FILE);
        Files.createDirectories(outputFile.getParent|PLUGIN_CLI_CLASSPATH_JAR = ""lib-tools-plugin-|OT, ""lib-tools-plugin-cli-%s.jar"", Build.current().| for jar hell before any copying
     */
    private static void jarHellCheck(Plugin",
115,tuple,MASK,False,34,MASK|MASK|MASK|MASK|MASK|MASK|MASK|MASK|MASK|MASK|MASK|MASK|MASK|MASK|MASK|MASK|MASK|MASK|MASK|MASK|MASK|MASK|MASK|MASK|MASK|MASK|MASK|MASK|MASK|MASK|MASK|MASK|MASK|MASK,[MASK]<｜end▁of▁sentence｜>,"[MASK]<｜end▁of▁sentence｜>|[MASK]<｜end▁of▁sentence｜>|[MASK]<｜end▁of▁sentence｜>|[MASK]<｜end▁of▁sentence｜>|[MASK]<｜end▁of▁sentence｜>|[MASK]<｜end▁of▁sentence｜>|[MASK]<｜end▁of▁sentence｜>|MASK<｜end▁of▁sentence｜>|MASK<｜end▁of▁sentence｜>|MASK<｜end▁of▁sentence｜>| [MASK]<｜end▁of▁sentence｜>|[MASK]<｜end▁of▁sentence｜>|[MASK]<｜end▁of▁sentence｜>|[MASK]<｜end▁of▁sentence｜>| MASK<｜end▁of▁sentence｜>|[MASK]<｜end▁of▁sentence｜>| MASK<｜end▁of▁sentence｜>|[MASK]<｜end▁of▁sentence｜>|[MASK] .format != null &&  [MASK] .output != null|[MASK]<｜end▁of▁sentence｜>|[MASK]<｜end▁of▁sentence｜>|[MASK] .toPattern != null &&  [MASK] .output !=|[MASK]<｜end▁of▁sentence｜>| MASK );
            if (errorMessage != null) {
                result.append(|MASK .parse != null &&  MASK .output != null) {
           | MASK .output != null) {
            String errorMessage = codeUnderTest.parse|MASK .input != null) {
            String errorMessage = codeUnderTest.parse|MASK );
            if (errorMessage != null) {
                result.append(| MASK .parse != null &&  MASK .output != null) {
           | MASK<｜end▁of▁sentence｜>|MASK<｜end▁of▁sentence｜>| MASK .select != null &&  MASK<｜end▁of▁sentence｜>| MASK<｜end▁of▁sentence｜>|MASK<｜end▁of▁sentence｜>",
116,ascUrl,equals,False,4,equals|file|_PERMS|CONTINUE,".equals(System.getProperty(""os.name"")) && ""MacOS"".equals(parent",".equals(System.getProperty(""os.name"")) && ""MacOS"".equals(parent|(file, attrs, PosixFilePermissions.asFileAttribute(PLUGIN_|_PERMS);
                } else if (""config"".equals(parentDirName)) {
|CONTINUE;
            }

            @Override
            public FileVisitResult postVisit",
117,bufferSize,MASK,False,14,MASK|MASK|MASK|MASK|MASK|MASK|MASK|MASK|MASK|MASK|MASK|MASK|MASK|MASK, [MASK]<｜end▁of▁sentence｜>, [MASK]<｜end▁of▁sentence｜>|  [MASK]<｜end▁of▁sentence｜>|[MASK]<｜end▁of▁sentence｜>|[MASK]<｜end▁of▁sentence｜>| [MASK ]<｜end▁of▁sentence｜>|MASK<｜end▁of▁sentence｜>| MASK<｜end▁of▁sentence｜>|[MASK]<｜end▁of▁sentence｜>|[MASK]<｜end▁of▁sentence｜>|MASK<｜end▁of▁sentence｜>| MASK<｜end▁of▁sentence｜>|MASK<｜end▁of▁sentence｜>| MASK<｜end▁of▁sentence｜>| MASK<｜end▁of▁sentence｜>,
118,flushedDocs,numDocs,False,4,numDocs|numDocs|numDocs|replica,"numDocs = scaledRandomIntBetween(1, 100);
            final","numDocs = scaledRandomIntBetween(1, 100);
            final|numDocs + nonFlushedDocs;
            shards.indexDocs(num|numDocs);
            shards.flush();
            IndexShard replica = shards|replica.store().directory(),
                     replica.indexSettings().getIndexMetadata(),
                    ",
119,request,the,False,12,the|the|MASK|request|controller|MASK|MASK|MASK|MASK|MASK|MASK|MASK,"the requested
 * method is not supported)</li>
 * <li>Inspe","the requested
 * method is not supported)</li>
 * <li>Inspe|the<｜end▁of▁sentence｜>|[MASK]<｜end▁of▁sentence｜>|request<｜end▁of▁sentence｜>|controller. A value of
 * 0 (zero) will include headers for no caching at|[MASK]<｜end▁of▁sentence｜>|MASK<｜end▁of▁sentence｜>| MASK<｜end▁of▁sentence｜>|MASK<｜end▁of▁sentence｜>|MASK<｜end▁of▁sentence｜>|MASK<｜end▁of▁sentence｜>|MASK<｜end▁of▁sentence｜>",
120,disconnect,disconnect,True,6,disconnect|MASK|MASK|MASK|MASK|MASK,disconnect<｜end▁of▁sentence｜>,disconnect<｜end▁of▁sentence｜>|[MASK]<｜end▁of▁sentence｜>| [MASK] <｜end▁of▁sentence｜>|MASK <｜end▁of▁sentence｜>| MASK<｜end▁of▁sentence｜>|MASK<｜end▁of▁sentence｜>,
121,fmtRelDateTime,dd,False,2,dd|y,"/dd/yyyy"", ""MM=hanidec;dd=hans;yyyy","/dd/yyyy"", ""MM=hanidec;dd=hans;yyyy|(""y"", reused_nf);
        fmt.setNumberFormat(""y"", re",
122,tableCat,MASK,False,5,MASK|MASK|MASK|MASK|cluster,[MASK]<｜end▁of▁sentence｜>,[MASK]<｜end▁of▁sentence｜>|[MASK]<｜end▁of▁sentence｜>|MASK<｜end▁of▁sentence｜>|[MASK]<｜end▁of▁sentence｜>|   cluster<｜end▁of▁sentence｜>,
123,factory,,False,1,, <｜end▁of▁sentence｜>, <｜end▁of▁sentence｜>,
124,modulePredicate,MASK,False,3,MASK|modulePredicate|modulePredicate,"  [MASK] ;

    public static Predicate<String> modulePredicate<｜end▁of▁sentence｜>","  [MASK] ;

    public static Predicate<String> modulePredicate<｜end▁of▁sentence｜>|   modulePredicate
                                   <｜end▁of▁sentence｜>|modulePredicate
                   <｜end▁of▁sentence｜>",
125,conditionLatch,MASK,False,3,MASK|MASK|MASK,     [MASK]<｜end▁of▁sentence｜>,"     [MASK]<｜end▁of▁sentence｜>|MASK<｜end▁of▁sentence｜>|MASK .await();
        seedHostsResolver.stop();
        assertThat(Future",
126,percentDelta,percentDelta,True,3,percentDelta|percentDelta|percentDelta,percentDelta<｜end▁of▁sentence｜>,percentDelta<｜end▁of▁sentence｜>|percentDelta<｜end▁of▁sentence｜>|percentDelta<｜end▁of▁sentence｜>,
127,target,targetType,False,2,targetType|targetType,targetType<｜end▁of▁sentence｜>,"targetType<｜end▁of▁sentence｜>|targetType, memberCategories<｜end▁of▁sentence｜>",
128,childContext,context_0,False,1,context_0,  context_0<｜end▁of▁sentence｜>,  context_0<｜end▁of▁sentence｜>,
129,hasFallback,foo,False,4,foo|recatedListSetting|foo|foo,"foo.deprecated"", ""foo.deprecated"")
            .put(""foo.non_deprecated"",","foo.deprecated"", ""foo.deprecated"")
            .put(""foo.non_deprecated"",|recatedListSetting.get(settings);
    }

    public void testListSettings()|"", ""foo.deprecated2"")
            .put(""foo.non_deprecated.0"",|.0"", ""foo.non_deprecated1"")
            .put(""foo.non_",
130,blocks,MASK,False,4,MASK|MASK|MASK|MASK,[MASK]<｜end▁of▁sentence｜>,[MASK]<｜end▁of▁sentence｜>|MASK<｜end▁of▁sentence｜>|MASK<｜end▁of▁sentence｜>| MASK<｜end▁of▁sentence｜>,
131,clusterName,clusterName,True,6,clusterName|MASK|MASK|MASK|catalog|MASK,clusterName<｜end▁of▁sentence｜>,"clusterName<｜end▁of▁sentence｜>|[MASK]<｜end▁of▁sentence｜>|[MASK]<｜end▁of▁sentence｜>|MASK<｜end▁of▁sentence｜>|   // catalog
                                MASK<｜end▁of▁sentence｜>|MASK<｜end▁of▁sentence｜>",
132,incXmlOutput,incManifestFile,False,4,incManifestFile|incManifestFile|incManifestFile|incManifestFile,"     incManifestFile = new File(config.mTempResultDir, TypedValue.","     incManifestFile = new File(config.mTempResultDir, TypedValue.|incManifestFile.exists()) {
                    incManifestFile.getParentFile().mk|   incManifestFile<｜end▁of▁sentence｜>|incManifestFile , false ));
                    final XMLWriter docWriter = new XMLWriter(",
133,snapshotLifecyclePolicyMetadata,MASK,False,6,MASK|MASK|MASK|MASK|MASK|MASK,[MASK]<｜end▁of▁sentence｜>,[MASK]<｜end▁of▁sentence｜>|[MASK]<｜end▁of▁sentence｜>|[MASK]<｜end▁of▁sentence｜>|[MASK]<｜end▁of▁sentence｜>|MASK<｜end▁of▁sentence｜>|MASK<｜end▁of▁sentence｜>,
134,reader,MASK,False,6,MASK|MASK|MASK|MASK|MASK|MASK,[MASK]<｜end▁of▁sentence｜>,[MASK]<｜end▁of▁sentence｜>|MASK<｜end▁of▁sentence｜>|[MASK]<｜end▁of▁sentence｜>|MASK<｜end▁of▁sentence｜>|MASK<｜end▁of▁sentence｜>| MASK<｜end▁of▁sentence｜>,
135,start,MASK,False,8,MASK||MASK|startTag|elementStack|MASK|MASK|replace, [MASK]<｜end▁of▁sentence｜>," [MASK]<｜end▁of▁sentence｜>| <｜end▁of▁sentence｜>|MASK<｜end▁of▁sentence｜>|startTag(String namespace, String name)
        throws IOException {
        check(false);|<""+elementStack[depth * 3]+""{""+elementStack[depth *|[MASK]<｜end▁of▁sentence｜>|MASK<｜end▁of▁sentence｜>|replace ]]> with ]]]><![CDATA[> to avoid
        // breaking the",
136,nodeIds,,False,2,|dataNodeIds,                                          <｜end▁of▁sentence｜>,"                                          <｜end▁of▁sentence｜>|dataNodeIds -> dataNodeIds
           <｜end▁of▁sentence｜>",
137,digest,MASK,False,16,MASK|MASK|MASK|MASK|MASK|MASK|MASK|MASK|MASK|MASK|MASK|MASK|MASK|MASK|MASK|MASK,[MASK]<｜end▁of▁sentence｜>,[MASK]<｜end▁of▁sentence｜>|MASK<｜end▁of▁sentence｜>|[MASK]<｜end▁of▁sentence｜>|MASK<｜end▁of▁sentence｜>|[MASK]<｜end▁of▁sentence｜>|[MASK]<｜end▁of▁sentence｜>|[MASK]<｜end▁of▁sentence｜>|MASK<｜end▁of▁sentence｜>|[MASK]<｜end▁of▁sentence｜>|MASK<｜end▁of▁sentence｜>|MASK<｜end▁of▁sentence｜>|MASK<｜end▁of▁sentence｜>|MASK<｜end▁of▁sentence｜>|MASK<｜end▁of▁sentence｜>|MASK<｜end▁of▁sentence｜>|MASK<｜end▁of▁sentence｜>,
138,unused,channel,False,1,channel,"channel = downloader.getChannel();
      channel.withChannelBlocking(ch ->","channel = downloader.getChannel();
      channel.withChannelBlocking(ch ->",
139,skipLen,offset,False,2,offset|offset,        offset<｜end▁of▁sentence｜>,        offset<｜end▁of▁sentence｜>|offset<｜end▁of▁sentence｜>,
140,fmtOffset,MASK,False,10,MASK|MASK|new|tzS|MASK|sdf|sdf|sdf|MASK|MASK,"  [MASK]  = new StringBuffer("""");
            FieldPosition pos = new FieldPosition","  [MASK]  = new StringBuffer("""");
            FieldPosition pos = new FieldPosition|[MASK]  = sdf.format(today,  [MASK] , pos|new StringBuffer(""""), pos);
            } catch (Exception e) {
                logln|tzS = new UnicodeString(sdf.format(today));
            // String| [MASK] <｜end▁of▁sentence｜>| sdf.format(today,  new , pos);
                fmtDstOffset =|sdf .substring(3);
            } else if ( MASK .toString().start|  sdf .length());
            } else {
                fmtDstOffset =  sdf|[MASK]<｜end▁of▁sentence｜>|MASK  + "" *** FAIL ***"");
            }

        }
    }
",
141,constantValueAttribute,constantValueAttribute,True,2,constantValueAttribute|constantValueAttribute,"constantValueAttribute)
    {
        // Retrieve the initial static field value.
       ","constantValueAttribute)
    {
        // Retrieve the initial static field value.
       |constantValueAttribute<｜end▁of▁sentence｜>",
142,isChanged,MASK,False,7,MASK|invalidationType|key|MASK|isDone|MASK|MASK,[MASK]<｜end▁of▁sentence｜>,"[MASK]<｜end▁of▁sentence｜>|invalidationType == InvalidationType.CHANGED
        <｜end▁of▁sentence｜>|key.functionName() != null
            <｜end▁of▁sentence｜>|MASK<｜end▁of▁sentence｜>|isDone<｜end▁of▁sentence｜>|MASK<｜end▁of▁sentence｜>|MASK<｜end▁of▁sentence｜>",
143,dateString,ss,False,15,"ss|Date|getDefault|ale|else|GMT|Instance|Format|D8|u05F4|),|6000,  0,  1, 12,  0, ""\|u05D0|12-2015 12:00:00|Item",":ss z"", Locale.US);
        formatter.setTimeZone(TimeZone",":ss z"", Locale.US);
        formatter.setTimeZone(TimeZone| Date date;
        DateFormat formatter;
        date = new Date(859|.getDefault();
        TimeZone.setDefault(TimeZone.getTimeZone(""G|ale.setDefault(Locale.US);
        DateFormat formatter = DateFormat.| else
            errln(""FAIL: Test timezone = "" + testtimezone);
|01 00:00:00 GMT 1997
       |Instance(DateFormat.FULL, DateFormat.FULL, Locale.US);
|Format.FULL, Locale.US);
        DateFormat dfGerman = DateFormat|D8 \u05D1\u05D0\u05DC\|u05F4\u05D8"" ),
            new CalAndFmt| ),
            new CalAndFmtTestItem(   0, 6000,| 6000,  0,  1, 12,  0, ""\|2,  0, ""\u05D0\u05F3 \u0|12-2015 12:00:00
        class Test|Item {
            public String locale;
            public int style;
            public String pattern;",
144,unusedIterator,,False,4,|unusedStubs|unusedStubs|unusedStubs,  <｜end▁of▁sentence｜>,"  <｜end▁of▁sentence｜>|unusedStubs.iterator()
               <｜end▁of▁sentence｜>|unusedStubs<｜end▁of▁sentence｜>|   unusedStubs<｜end▁of▁sentence｜>",
145,fieldName,MASK,False,3,MASK|MASK|MASK,"[MASK] , Reader reader,
                                                                         TokenStreamComponents result
               <｜end▁of▁sentence｜>","[MASK] , Reader reader,
                                                                         TokenStreamComponents result
               <｜end▁of▁sentence｜>|[MASK ]<｜end▁of▁sentence｜>|MASK<｜end▁of▁sentence｜>",
146,periodDurationUs,windowEndTimeUs,False,3,windowEndTimeUs|MASK|mask,windowEndTimeUs<｜end▁of▁sentence｜>,windowEndTimeUs<｜end▁of▁sentence｜>|/*  [MASK] = */ playlist.durationUs<｜end▁of▁sentence｜>|mask<｜end▁of▁sentence｜>,
147,usedBuiltInTokenizers,MASK,False,15,MASK|usedBuiltInTokenizers|usedBuiltInTokenizers|MASK|MASK|MASK|MASK|MASK|MASK|MASK|MASK|MASK|MASK|MASK|MASK,[MASK]<｜end▁of▁sentence｜>,"[MASK]<｜end▁of▁sentence｜>|usedBuiltInTokenizers.computeIfAbsent(tokenizer, IndexFeatureStats::new|usedBuiltInTokenizers<｜end▁of▁sentence｜>|[MASK] ,
            usedBuiltInTokenFilters.keySet().removeAll|[MASK]<｜end▁of▁sentence｜>| MASK<｜end▁of▁sentence｜>| MASK<｜end▁of▁sentence｜>| MASK<｜end▁of▁sentence｜>|[MASK]<｜end▁of▁sentence｜>|[MASK]<｜end▁of▁sentence｜>|[MASK]<｜end▁of▁sentence｜>|[MASK]<｜end▁of▁sentence｜>| MASK<｜end▁of▁sentence｜>| MASK<｜end▁of▁sentence｜>| MASK<｜end▁of▁sentence｜>",
148,pOwner,MASK,False,2,MASK|MASK,[MASK]<｜end▁of▁sentence｜>,[MASK]<｜end▁of▁sentence｜>|MASK<｜end▁of▁sentence｜>,
149,button,MASK,False,2,MASK|MASK,[MASK]<｜end▁of▁sentence｜>,[MASK]<｜end▁of▁sentence｜>|MASK<｜end▁of▁sentence｜>,
150,parent,parent,True,11,parent|parent|MASK|MASK|MASK|MASK|parent|MASK|MASK|MASK|MASK,parent<｜end▁of▁sentence｜>,parent<｜end▁of▁sentence｜>|parent node<｜end▁of▁sentence｜>|[MASK]<｜end▁of▁sentence｜>|[MASK]<｜end▁of▁sentence｜>|MASK<｜end▁of▁sentence｜>|[MASK]<｜end▁of▁sentence｜>|parent<｜end▁of▁sentence｜>|[MASK]<｜end▁of▁sentence｜>|MASK<｜end▁of▁sentence｜>|MASK<｜end▁of▁sentence｜>|MASK<｜end▁of▁sentence｜>,
151,vBlock,MASK,False,23,MASK|MASK|MASK|MASK|MASK|vVector|MASK|MASK|MASK|MASK|MASK|MASK|MASK|MASK|MASK|MASK|MASK|MASK|MASK|MASK|MASK|MASK|MASK,[MASK]<｜end▁of▁sentence｜>,"[MASK]<｜end▁of▁sentence｜>|MASK<｜end▁of▁sentence｜>|MASK<｜end▁of▁sentence｜>|[MASK]<｜end▁of▁sentence｜>|MASK<｜end▁of▁sentence｜>|vVector);
        }

        @Override
        public void close() {
       |[MASK]<｜end▁of▁sentence｜>| [MASK]<｜end▁of▁sentence｜>|[MASK]<｜end▁of▁sentence｜>| MASK<｜end▁of▁sentence｜>|MASK<｜end▁of▁sentence｜>|MASK ) {
    for (int groupPosition = 0; groupPosition < groups.get|MASK<｜end▁of▁sentence｜>|MASK .getFirstValueIndex(valuesPosition);
        int vEnd = vStart + |MASK<｜end▁of▁sentence｜>|MASK<｜end▁of▁sentence｜>|[MASK]<｜end▁of▁sentence｜>|MASK<｜end▁of▁sentence｜>|MASK<｜end▁of▁sentence｜>|MASK<｜end▁of▁sentence｜>|MASK<｜end▁of▁sentence｜>|MASK<｜end▁of▁sentence｜>|MASK<｜end▁of▁sentence｜>",
152,fieldNamesToHighlight,fieldNames,False,2,fieldNames|fieldNames,fieldNames<｜end▁of▁sentence｜>,"fieldNames<｜end▁of▁sentence｜>|fieldNames
           <｜end▁of▁sentence｜>",
153,unicodeFilePath,MASK,False,3,MASK|MASK|MASK,[MASK]<｜end▁of▁sentence｜>,"[MASK]<｜end▁of▁sentence｜>|MASK<｜end▁of▁sentence｜>|MASK );
    }

    @Test
    public void test_createFile_",
154,failuresAllowed,MASK,False,23,MASK|MASK|MASK|MASK|minScore|minScore|MASK|MASK|MASK|MASK|MASK|MASK|MASK|MASK|MASK|MASK|MASK|MASK|MASK|MASK|MASK|MASK|MASK,[MASK]  = args[5] != null && (Boolean) args[5];,"[MASK]  = args[5] != null && (Boolean) args[5];|[MASK] ,
                chunkScorerConfig
            );
        });

   |[MASK] ;
    private final Float minScore;
    private final String ret|[MASK]<｜end▁of▁sentence｜>|minScore = null;
        this. [MASK]<｜end▁of▁sentence｜>|minScore ;
        this. [MASK]  =  [MASK]<｜end▁of▁sentence｜>|[MASK]<｜end▁of▁sentence｜>| [MASK]<｜end▁of▁sentence｜>|MASK<｜end▁of▁sentence｜>|[MASK]<｜end▁of▁sentence｜>| MASK<｜end▁of▁sentence｜>|MASK<｜end▁of▁sentence｜>| [MASK]<｜end▁of▁sentence｜>|[MASK]<｜end▁of▁sentence｜>|[MASK]<｜end▁of▁sentence｜>| MASK<｜end▁of▁sentence｜>|MASK<｜end▁of▁sentence｜>|MASK<｜end▁of▁sentence｜>|[MASK] <｜end▁of▁sentence｜>|MASK );
        }
        if (minScore != null) {
            builder|MASK<｜end▁of▁sentence｜>|MASK<｜end▁of▁sentence｜>|MASK<｜end▁of▁sentence｜>",
155,lowerCaseArch,,False,4,|MASK|MASK|MASK,    <｜end▁of▁sentence｜>,    <｜end▁of▁sentence｜>|[MASK]<｜end▁of▁sentence｜>|MASK<｜end▁of▁sentence｜>|MASK<｜end▁of▁sentence｜>,
156,programClassCounter,MASK,False,3,MASK|this|MASK,[MASK]<｜end▁of▁sentence｜>,"[MASK]<｜end▁of▁sentence｜>| this<｜end▁of▁sentence｜>|MASK
                       <｜end▁of▁sentence｜>",
157,updates,MASK,False,15,MASK|MASK|MASK|MASK|MASK|MASK|MASK|MASK|MASK|MASK|MASK|MASK|MASK|MASK|MASK,[MASK]<｜end▁of▁sentence｜>,[MASK]<｜end▁of▁sentence｜>|[MASK]<｜end▁of▁sentence｜>|[MASK]<｜end▁of▁sentence｜>|[MASK]<｜end▁of▁sentence｜>|[MASK]<｜end▁of▁sentence｜>| MASK<｜end▁of▁sentence｜>|[MASK]<｜end▁of▁sentence｜>| MASK<｜end▁of▁sentence｜>| [MASK]<｜end▁of▁sentence｜>| MASK<｜end▁of▁sentence｜>|MASK<｜end▁of▁sentence｜>|[MASK]<｜end▁of▁sentence｜>|MASK<｜end▁of▁sentence｜>|[MASK]<｜end▁of▁sentence｜>| MASK<｜end▁of▁sentence｜>,
158,groups,MASK,False,3,MASK|MASK|MASK,[MASK]<｜end▁of▁sentence｜>,[MASK]<｜end▁of▁sentence｜>|[MASK]<｜end▁of▁sentence｜>|MASK<｜end▁of▁sentence｜>,
159,expectedPolicy,MASK,False,8,MASK|MASK|MASK|MASK|expected|MASK|MASK|MASK, [MASK]<｜end▁of▁sentence｜>, [MASK]<｜end▁of▁sentence｜>|[MASK]<｜end▁of▁sentence｜>|[MASK]<｜end▁of▁sentence｜>| MASK<｜end▁of▁sentence｜>|expected policy <｜end▁of▁sentence｜>|[MASK]<｜end▁of▁sentence｜>|[MASK]<｜end▁of▁sentence｜>| MASK<｜end▁of▁sentence｜>,
160,colorIndex,MASK,False,3,MASK|MASK|MASK,[MASK]<｜end▁of▁sentence｜>,[MASK]<｜end▁of▁sentence｜>|(MASK & 0x80)<｜end▁of▁sentence｜>|MASK<｜end▁of▁sentence｜>,
161,tokenInfos,tokens,False,5,tokens|tokens|tokens|tokens|tokens,"tokens = store.findTokensFor(accountId);
        assertThat(tokens,","tokens = store.findTokensFor(accountId);
        assertThat(tokens,|tokens, hasSize(5));
        assertThat(
            tokens.stream().map(|tokens .stream().map(TokenInfo::getName).collect(Collectors.toUnmod|tokens .stream().map(TokenInfo::getSource).collect(Collectors.toUn|tokens<｜end▁of▁sentence｜>",
162,bindingResultWithError,MASK,False,3,MASK|MASK|MASK,[MASK]<｜end▁of▁sentence｜>,"[MASK]<｜end▁of▁sentence｜>|  MASK.rejectValue(""time"", ""error"");
		   MASK.re|MASK<｜end▁of▁sentence｜>",
163,missingId,,False,3,|MASK|entry,  <｜end▁of▁sentence｜>,  <｜end▁of▁sentence｜>|[MASK]<｜end▁of▁sentence｜>|entry.getKey()<｜end▁of▁sentence｜>,
164,answer,MASK,False,2,MASK|MASK,[MASK]<｜end▁of▁sentence｜>,[MASK]<｜end▁of▁sentence｜>|MASK<｜end▁of▁sentence｜>,
165,keygen,MASK,False,7,MASK|MASK|MASK|MASK|MASK|MASK|MASK,[MASK]<｜end▁of▁sentence｜>,[MASK]<｜end▁of▁sentence｜>|[MASK]<｜end▁of▁sentence｜>|MASK<｜end▁of▁sentence｜>|[MASK]<｜end▁of▁sentence｜>|MASK<｜end▁of▁sentence｜>|MASK<｜end▁of▁sentence｜>|MASK<｜end▁of▁sentence｜>,
166,startPositionUs,playerId,False,6,playerId|MASK|playlist|MASK|MASK|MASK,playerId<｜end▁of▁sentence｜>,"playerId<｜end▁of▁sentence｜>|[MASK]<｜end▁of▁sentence｜>|playlist.startOffsetUs;
    }
    if (playlist.trailingPart|[MASK]<｜end▁of▁sentence｜>|MASK<｜end▁of▁sentence｜>|MASK<｜end▁of▁sentence｜>",
167,internalTypeEnumeration,MASK,False,2,MASK|MASK,"MASK =
            new InternalTypeEnumeration(descriptor);

        for (","MASK =
            new InternalTypeEnumeration(descriptor);

        for (|MASK.nextType();
            parameterTypes[parameterIndex] = parameterType;
           ",
168,primaryTerm,seqNo,False,6,seqNo|MASK|MASK|MASK|MASK|MASK,"seqNo = orgReplica.getLastSeqNo();
            final long primaryTerm =","seqNo = orgReplica.getLastSeqNo();
            final long primaryTerm =|[MASK] , 1, ""id"");
            orgReplica.flush(new|[MASK] ,
                1,
                IndexRequest.UNSET_AUTO_|[MASK] ,
                1,
                IndexRequest.UNSET_AUTO_|MASK ,
                1,
                IndexRequest.UNSET_AUTO_GENER|MASK ,
                1,
                IndexRequest.UNSET_AUTO_GENER",
169,method,method,True,12,method|MASK|MASK|MASK|MASK|MASK|MASK|MASK|MASK|MASK|MASK|MASK,method<｜end▁of▁sentence｜>,method<｜end▁of▁sentence｜>|[MASK]<｜end▁of▁sentence｜>|[MASK]<｜end▁of▁sentence｜>|[MASK]<｜end▁of▁sentence｜>|[MASK]<｜end▁of▁sentence｜>|[MASK]<｜end▁of▁sentence｜>|[MASK]<｜end▁of▁sentence｜>| MASK<｜end▁of▁sentence｜>|MASK<｜end▁of▁sentence｜>|MASK<｜end▁of▁sentence｜>|[MASK]<｜end▁of▁sentence｜>| MASK<｜end▁of▁sentence｜>,
170,moduleName,MASK,False,14,MASK|MASK|ByClass|MASK|MASK|MASK||MASK|MASK|MASK|MASK|MASK|MASK|MASK,[MASK] <｜end▁of▁sentence｜>,"[MASK] <｜end▁of▁sentence｜>|[MASK]<｜end▁of▁sentence｜>|ByClass.put(internalClassName(classFile,  [MASK] ),  [|[MASK]<｜end▁of▁sentence｜>|[MASK]<｜end▁of▁sentence｜>|[MASK<｜end▁of▁sentence｜>|<｜end▁of▁sentence｜>|[MASK]<｜end▁of▁sentence｜>| MASK<｜end▁of▁sentence｜>| MASK<｜end▁of▁sentence｜>| MASK<｜end▁of▁sentence｜>| MASK<｜end▁of▁sentence｜>| MASK<｜end▁of▁sentence｜>| MASK<｜end▁of▁sentence｜>",
171,routingNodes,MASK,False,21,MASK|MASK|MASK|MASK|MASK|MASK|MASK|MASK|MASK|MASK|MASK|MASK|MASK|MASK|MASK|MASK|MASK|MASK|MASK|MASK|MASK,[MASK]<｜end▁of▁sentence｜>,"[MASK]<｜end▁of▁sentence｜>|[MASK]<｜end▁of▁sentence｜>|[MASK]<｜end▁of▁sentence｜>|MASK<｜end▁of▁sentence｜>|[MASK]<｜end▁of▁sentence｜>|[MASK]<｜end▁of▁sentence｜>| MASK<｜end▁of▁sentence｜>|MASK<｜end▁of▁sentence｜>|[MASK]<｜end▁of▁sentence｜>|[MASK]<｜end▁of▁sentence｜>| MASK .node(""node1"").numberOfShardsWithState(RELOCATING),| MASK .node(""node2"").numberOfShardsWithState(STARTED), lessTh| MASK .node(""node2"").numberOfShardsWithState(STARTED) +  M| MASK<｜end▁of▁sentence｜>| MASK .node(""node3"").numberOfShardsWithState(STARTED), equalTo|[MASK]<｜end▁of▁sentence｜>|MASK<｜end▁of▁sentence｜>|MASK<｜end▁of▁sentence｜>| MASK .node(""node1"").numberOfShardsWithState(STARTED), lessTh|[MASK]<｜end▁of▁sentence｜>| MASK<｜end▁of▁sentence｜>",
172,refer,MASK,False,29,MASK|MASK|MASK|MASK|MASK|MASK|MASK|MASK|MASK|MASK|MASK|MASK|MASK|MASK|MASK|MASK|export|MASK|MASK|MASK|MASK|MASK|MASK|MASK|MASK|MASK|MASK|MASK|MASK,[MASK]<｜end▁of▁sentence｜>,"[MASK]<｜end▁of▁sentence｜>| [MASK]<｜end▁of▁sentence｜>|MASK
                .getInterface()
                .getInterfaces()[0]
               |[MASK]<｜end▁of▁sentence｜>|[MASK]<｜end▁of▁sentence｜>|MASK<｜end▁of▁sentence｜>|[MASK]<｜end▁of▁sentence｜>|[MASK]<｜end▁of▁sentence｜>|[MASK]<｜end▁of▁sentence｜>|MASK<｜end▁of▁sentence｜>|[MASK]<｜end▁of▁sentence｜>|[MASK]<｜end▁of▁sentence｜>|MASK );

            demoService.set(""key"", ""value"", ""wrongValue|[MASK]<｜end▁of▁sentence｜>|[MASK]<｜end▁of▁sentence｜>|MASK<｜end▁of▁sentence｜>|export<｜end▁of▁sentence｜>|[MASK]<｜end▁of▁sentence｜>|[MASK]<｜end▁of▁sentence｜>|MASK<｜end▁of▁sentence｜>|[MASK]<｜end▁of▁sentence｜>|MASK  = PROTOCOL. [MASK] (IDemoService.class,
|MASK<｜end▁of▁sentence｜>|MASK<｜end▁of▁sentence｜>|MASK<｜end▁of▁sentence｜>|MASK<｜end▁of▁sentence｜>|MASK<｜end▁of▁sentence｜>|MASK<｜end▁of▁sentence｜>|MASK<｜end▁of▁sentence｜>",
173,object,json,False,3,json|json|json,json<｜end▁of▁sentence｜>,json<｜end▁of▁sentence｜>|json<｜end▁of▁sentence｜>|json<｜end▁of▁sentence｜>,
174,heuristicIsSuperset,heuristic,False,7,heuristic|MASK|MASK|MASK|MASK|MASK|heuristic,heuristic<｜end▁of▁sentence｜>,heuristic<｜end▁of▁sentence｜>|[MASK]<｜end▁of▁sentence｜>|[MASK]<｜end▁of▁sentence｜>|[MASK]<｜end▁of▁sentence｜>|[MASK]<｜end▁of▁sentence｜>|[MASK]<｜end▁of▁sentence｜>|heuristic<｜end▁of▁sentence｜>,
175,document,document,True,9,document|MASK|MASK|new||id|MASK||MASK,document<｜end▁of▁sentence｜>,"document<｜end▁of▁sentence｜>|[MASK]<｜end▁of▁sentence｜>|MASK<｜end▁of▁sentence｜>|new<｜end▁of▁sentence｜>|<｜end▁of▁sentence｜>|[id="" + id + ""]"")
        );
        assertThat(
            Prov|MASK<｜end▁of▁sentence｜>|<｜end▁of▁sentence｜>|MASK .rootDoc()), equalTo("" id  with id '"" + id + ""'""));
",
176,deletedProjects,MASK,False,8,MASK|MASK|MASK|MASK|MASK|MASK|MASK|MASK,[MASK]<｜end▁of▁sentence｜>,[MASK]<｜end▁of▁sentence｜>|[MASK]<｜end▁of▁sentence｜>|[MASK]<｜end▁of▁sentence｜>|[MASK]<｜end▁of▁sentence｜>|MASK<｜end▁of▁sentence｜>|MASK<｜end▁of▁sentence｜>|MASK<｜end▁of▁sentence｜>| MASK<｜end▁of▁sentence｜>,
177,status,status,True,6,status|MASK||MASK|MASK|MASK,status<｜end▁of▁sentence｜>,"status<｜end▁of▁sentence｜>|[MASK]<｜end▁of▁sentence｜>|      <｜end▁of▁sentence｜>|MASK<｜end▁of▁sentence｜>|MASK Value<｜end▁of▁sentence｜>|MASK Value);
	}

	@Test
	void expectStatusCode() throws IOException {
",
178,images,MASK,False,3,MASK|MASK|MASK,[MASK]<｜end▁of▁sentence｜>,[MASK]<｜end▁of▁sentence｜>|MASK<｜end▁of▁sentence｜>| MASK<｜end▁of▁sentence｜>,
179,fmtCal,Midnight,False,2,Midnight|AM,"        // Midnight.
        assertEquals(""12:00:00 AM"", s","        // Midnight.
        assertEquals(""12:00:00 AM"", s|00 AM"", sdf.format(k000000));
//       ",
180,projects,,False,2,|Flux,  <｜end▁of▁sentence｜>,  <｜end▁of▁sentence｜>|Flux.just(data.project)<｜end▁of▁sentence｜>,
181,context,MASK,False,5,MASK|MASK|MASK|MASK|MASK,   [MASK]<｜end▁of▁sentence｜>,   [MASK]<｜end▁of▁sentence｜>|[MASK]<｜end▁of▁sentence｜>|MASK<｜end▁of▁sentence｜>| MASK<｜end▁of▁sentence｜>| MASK<｜end▁of▁sentence｜>,
182,sourceJar,,False,9,||||||||,<｜end▁of▁sentence｜>,<｜end▁of▁sentence｜>|  <｜end▁of▁sentence｜>|<｜end▁of▁sentence｜>|<｜end▁of▁sentence｜>|<｜end▁of▁sentence｜>| <｜end▁of▁sentence｜>| <｜end▁of▁sentence｜>|<｜end▁of▁sentence｜>|<｜end▁of▁sentence｜>,
183,player,MASK,False,17,MASK|MASK|MASK|MASK|MASK|MASK|MASK|MASK|MASK|MASK|MASK|MASK|MASK|MASK|MASK|MASK|MASK,[MASK]<｜end▁of▁sentence｜>,[MASK]<｜end▁of▁sentence｜>|[MASK]<｜end▁of▁sentence｜>|[MASK]<｜end▁of▁sentence｜>|MASK<｜end▁of▁sentence｜>|[MASK]<｜end▁of▁sentence｜>|[MASK]<｜end▁of▁sentence｜>|[MASK]<｜end▁of▁sentence｜>|[MASK]<｜end▁of▁sentence｜>|MASK<｜end▁of▁sentence｜>|MASK<｜end▁of▁sentence｜>|     [MASK]<｜end▁of▁sentence｜>|[MASK]<｜end▁of▁sentence｜>|[MASK]<｜end▁of▁sentence｜>|[MASK]<｜end▁of▁sentence｜>|[MASK]<｜end▁of▁sentence｜>|MASK<｜end▁of▁sentence｜>|MASK<｜end▁of▁sentence｜>,
184,hasPointValues,MASK,False,4,MASK|MASK|MASK|hasPointValues,[MASK]<｜end▁of▁sentence｜>,[MASK]<｜end▁of▁sentence｜>|MASK<｜end▁of▁sentence｜>|MASK<｜end▁of▁sentence｜>|hasPointValues<｜end▁of▁sentence｜>,
185,bucketCount,,False,2,|randomInt,                                          <｜end▁of▁sentence｜>,"                                          <｜end▁of▁sentence｜>|randomInt(10, 20)<｜end▁of▁sentence｜>",
186,names,,False,3,|MASK|MASK,      <｜end▁of▁sentence｜>,      <｜end▁of▁sentence｜>|   [MASK]<｜end▁of▁sentence｜>|MASK<｜end▁of▁sentence｜>,
187,dataSet,,False,8,|MASK|MASK|MASK|MASK|MASK|MASK|MASK,  <｜end▁of▁sentence｜>,"  <｜end▁of▁sentence｜>|[MASK] .setSliceSpace(3f);
         [MASK] .|[MASK] .setSliceSpace(3f);
         [MASK] .|[MASK] .setIconsOffset(new MPPointF(0, 40|MASK .setSelectionShift(0f);

        // add a lot of colors
|[MASK]<｜end▁of▁sentence｜>|MASK .setSelectionShift(0f);

        PieData data = new P|MASK<｜end▁of▁sentence｜>",
188,requestClass,MASK,False,6,MASK|MASK|MASK|MASK|MASK|MASK,[MASK]<｜end▁of▁sentence｜>,[MASK]<｜end▁of▁sentence｜>|MASK<｜end▁of▁sentence｜>|MASK<｜end▁of▁sentence｜>|MASK<｜end▁of▁sentence｜>| MASK<｜end▁of▁sentence｜>|MASK<｜end▁of▁sentence｜>,
189,startPositionUs,MASK,False,4,MASK|MASK|MASK|MASK,[MASK]<｜end▁of▁sentence｜>,[MASK]<｜end▁of▁sentence｜>|[MASK]<｜end▁of▁sentence｜>|[MASK]<｜end▁of▁sentence｜>|MASK<｜end▁of▁sentence｜>,
190,fieldDescriptor,MASK,False,3,MASK|MASK|MASK,[MASK]       <｜end▁of▁sentence｜>,[MASK]       <｜end▁of▁sentence｜>|MASK<｜end▁of▁sentence｜>| MASK<｜end▁of▁sentence｜>,
191,historyEntryID,MASK,False,7,MASK|MASK|MASK|MASK|MASK||MASK,[MASK]<｜end▁of▁sentence｜>,[MASK]<｜end▁of▁sentence｜>| [MASK] <｜end▁of▁sentence｜>|[MASK ]<｜end▁of▁sentence｜>| MASK<｜end▁of▁sentence｜>|MASK<｜end▁of▁sentence｜>|<｜end▁of▁sentence｜>| MASK<｜end▁of▁sentence｜>,
192,buildDistTask,MASK,False,8,MASK|MASK|MASK|MASK|MASK|MASK|MASK|MASK,[MASK]<｜end▁of▁sentence｜>,[MASK]<｜end▁of▁sentence｜>|MASK<｜end▁of▁sentence｜>|MASK<｜end▁of▁sentence｜>|MASK<｜end▁of▁sentence｜>|[MASK]<｜end▁of▁sentence｜>|MASK<｜end▁of▁sentence｜>|MASK<｜end▁of▁sentence｜>|MASK<｜end▁of▁sentence｜>,
193,fromUser,fromUser,True,1,fromUser,fromUser<｜end▁of▁sentence｜>,fromUser<｜end▁of▁sentence｜>,
194,processEnvironmentClass,,False,3,|Class|Class,            <｜end▁of▁sentence｜>,"            <｜end▁of▁sentence｜>|  Class.forName(""java.lang.System"")
                   <｜end▁of▁sentence｜>|Class<｜end▁of▁sentence｜>",
195,writeLock,MASK,False,8,MASK|readWriteLock|MASK|MASK|MASK|readWriteLock|MASK|MASK,[MASK]<｜end▁of▁sentence｜>,[MASK]<｜end▁of▁sentence｜>|readWriteLock<｜end▁of▁sentence｜>|[MASK]<｜end▁of▁sentence｜>|[MASK]<｜end▁of▁sentence｜>|[MASK]<｜end▁of▁sentence｜>|readWriteLock<｜end▁of▁sentence｜>|MASK<｜end▁of▁sentence｜>|MASK<｜end▁of▁sentence｜>,
196,numObj,numObj,True,7,numObj|MASK|MASK|MASK|MASK|MASK|MASK,   numObj<｜end▁of▁sentence｜>,   numObj<｜end▁of▁sentence｜>|[MASK]<｜end▁of▁sentence｜>|MASK<｜end▁of▁sentence｜>|[MASK]<｜end▁of▁sentence｜>|MASK<｜end▁of▁sentence｜>|[MASK]<｜end▁of▁sentence｜>|MASK<｜end▁of▁sentence｜>,
197,initialRoutingTable,routingTable,False,2,routingTable|routingTable,      routingTable<｜end▁of▁sentence｜>,      routingTable<｜end▁of▁sentence｜>|routingTable<｜end▁of▁sentence｜>,
198,methodName,MASK,False,3,MASK|MASK|MASK,[MASK]<｜end▁of▁sentence｜>,[MASK]<｜end▁of▁sentence｜>|MASK<｜end▁of▁sentence｜>|MASK<｜end▁of▁sentence｜>,
199,failFast,MASK,False,4,MASK|MASK|MASK|MASK,[MASK]<｜end▁of▁sentence｜>,[MASK]<｜end▁of▁sentence｜>|[MASK]<｜end▁of▁sentence｜>|MASK<｜end▁of▁sentence｜>|MASK<｜end▁of▁sentence｜>,
200,flushThreshold,translogSizeOnReplica,False,2,translogSizeOnReplica|translogSizeOnReplica,translogSizeOnReplica = replica.translogStats().getUncommittedSizeInBytes,"translogSizeOnReplica = replica.translogStats().getUncommittedSizeInBytes|translogSizeOnReplica + ""b"")
                    .put(IndexSettings.INDEX_",
201,onDisabledOs,onDisabledOs,True,2,onDisabledOs|onDisabledOs,onDisabledOs       <｜end▁of▁sentence｜>,onDisabledOs       <｜end▁of▁sentence｜>|onDisabledOs<｜end▁of▁sentence｜>,
202,existingIngestPipelines,MASK,False,4,MASK|MASK|MASK|MASK, [MASK]<｜end▁of▁sentence｜>," [MASK]<｜end▁of▁sentence｜>| MASK<｜end▁of▁sentence｜>| MASK<｜end▁of▁sentence｜>|MASK .entrySet()) {
            // we cannot mock PipelineConfiguration as it is a",
203,fields,MASK,False,6,MASK|MASK|MASK|MASK|MASK|MASK,[MASK]<｜end▁of▁sentence｜>,[MASK]<｜end▁of▁sentence｜>|[MASK]<｜end▁of▁sentence｜>|MASK<｜end▁of▁sentence｜>|[MASK]<｜end▁of▁sentence｜>|MASK<｜end▁of▁sentence｜>| MASK<｜end▁of▁sentence｜>,
204,expectedShardSize,MASK,False,2,MASK|MASK,[MASK]<｜end▁of▁sentence｜>,[MASK]<｜end▁of▁sentence｜>|MASK<｜end▁of▁sentence｜>,
205,extensions,MASK,False,14,MASK|MASK|MASK|MASK|MASK|MASK|commandExtensionReporter|MASK|MASK|MASK|MASK|MASK|MASK|MASK,"[MASK] = */ ImmutableList.of(), ignoreUserOptions);
  }
","[MASK] = */ ImmutableList.of(), ignoreUserOptions);
  }
|MASK = */ ImmutableList.of(), /* ignoreUserOptions= */ true);
 |[MASK]  as if they were passed to
   * the Blaze server.|[MASK]  additional proto  [MASK]  to pass to the command.
|[MASK]  to pass to the command.
   * @return the new command environment|[MASK] ) throws Exception {
    return newCustomCommandWithExtensions(command,|   /* commandExtensionReporter= */ NO_OP_COMMAND_EXTENSION_RE|[MASK]  as if they were passed to
   * the Blaze server.|[MASK]  additional proto  [MASK]  to pass to the command.
|MASK  to pass to the command.
   */
  public final CommandEnvironment newCommand|[MASK]<｜end▁of▁sentence｜>|[MASK]<｜end▁of▁sentence｜>|[MASK<｜end▁of▁sentence｜>| MASK , ignoreUserOptions);
  }

  /**
   * Creates a",
206,currentState,MASK,False,6,MASK|MASK|MASK|MASK|MASK|MASK,"[MASK] ,  Metadata.ReservedStateMetadata  [MASK]<｜end▁of▁sentence｜>","[MASK] ,  Metadata.ReservedStateMetadata  [MASK]<｜end▁of▁sentence｜>|[MASK]<｜end▁of▁sentence｜>|[MASK]<｜end▁of▁sentence｜>|MASK<｜end▁of▁sentence｜>|MASK<｜end▁of▁sentence｜>| MASK<｜end▁of▁sentence｜>",
207,target,MASK,False,2,MASK|MASK,MASK<｜end▁of▁sentence｜>,MASK<｜end▁of▁sentence｜>|MASK<｜end▁of▁sentence｜>,
208,rightIndex,rightIndex,True,3,rightIndex|rightIndex|rightIndex,rightIndex<｜end▁of▁sentence｜>,rightIndex<｜end▁of▁sentence｜>|rightIndex<｜end▁of▁sentence｜>|rightIndex<｜end▁of▁sentence｜>,
209,prefix,MASK,False,3,MASK|MASK|MASK,[MASK]<｜end▁of▁sentence｜>,"[MASK]<｜end▁of▁sentence｜>|MASK.length() - suffix.length();
    if (sanitizedUrl.|MASK<｜end▁of▁sentence｜>",
210,configInput,MASK,False,3,MASK|MASK|MASK,[MASK]<｜end▁of▁sentence｜>,[MASK]<｜end▁of▁sentence｜>|MASK<｜end▁of▁sentence｜>| MASK<｜end▁of▁sentence｜>,
211,headers,,False,6,|MASK|MASK|MASK|headers|headers,    <｜end▁of▁sentence｜>,    <｜end▁of▁sentence｜>|[MASK] .getContentType()).isEqualTo(MediaType.APPLICATION_|[MASK]<｜end▁of▁sentence｜>|MASK<｜end▁of▁sentence｜>|headers<｜end▁of▁sentence｜>|headers<｜end▁of▁sentence｜>,
212,outputUncast,MASK,False,9,MASK|MASK|MASK|MASK|MASK|MASK|MASK|MASK|MASK,[MASK]<｜end▁of▁sentence｜>,"[MASK]<｜end▁of▁sentence｜>|[MASK]<｜end▁of▁sentence｜>|MASK<｜end▁of▁sentence｜>|MASK  = page.getBlock(channels.get(1));
    if ( M|MASK<｜end▁of▁sentence｜>|MASK<｜end▁of▁sentence｜>|MASK  = page.getBlock(channels.get(1));
    if ( M|MASK .areAllValuesNull()) {
      return;
    }
    LongBlock|MASK<｜end▁of▁sentence｜>",
213,exportsByModule,exportsByModule,True,2,exportsByModule|exportsByModule,exportsByModule<｜end▁of▁sentence｜>,"exportsByModule<｜end▁of▁sentence｜>|exportsByModule
                       <｜end▁of▁sentence｜>",
214,parentLeafFactory,,False,2,|parentFactory,  <｜end▁of▁sentence｜>,"  <｜end▁of▁sentence｜>|parentFactory.apply(searchLookup)
                   <｜end▁of▁sentence｜>",
215,nodeId,MASK,False,27,MASK|MASK|MASK|MASK|MASK|MASK|MASK|id|MASK|MASK|MASK|MASK|MASK|MASK|MASK|MASK|MASK|MASK|MASK|MASK|MASK|MASK|MASK|MASK|MASK|MASK|MASK,[MASK]<｜end▁of▁sentence｜>,[MASK]<｜end▁of▁sentence｜>|[MASK]<｜end▁of▁sentence｜>|[MASK]<｜end▁of▁sentence｜>|[MASK]<｜end▁of▁sentence｜>|[MASK]<｜end▁of▁sentence｜>|[MASK]<｜end▁of▁sentence｜>|[MASK]<｜end▁of▁sentence｜>|id<｜end▁of▁sentence｜>|[MASK]<｜end▁of▁sentence｜>|  MASK<｜end▁of▁sentence｜>|[MASK]<｜end▁of▁sentence｜>|[MASK]<｜end▁of▁sentence｜>| MASK<｜end▁of▁sentence｜>| MASK<｜end▁of▁sentence｜>|MASK<｜end▁of▁sentence｜>|[MASK]<｜end▁of▁sentence｜>|[MASK]<｜end▁of▁sentence｜>|[MASK]<｜end▁of▁sentence｜>|MASK<｜end▁of▁sentence｜>|[MASK]<｜end▁of▁sentence｜>| MASK<｜end▁of▁sentence｜>| MASK<｜end▁of▁sentence｜>| MASK<｜end▁of▁sentence｜>|[MASK]<｜end▁of▁sentence｜>|MASK<｜end▁of▁sentence｜>|MASK<｜end▁of▁sentence｜>|MASK<｜end▁of▁sentence｜>,
216,increase,MASK,False,3,MASK|MASK|MASK,[MASK]<｜end▁of▁sentence｜>,[MASK]<｜end▁of▁sentence｜>|- [MASK]<｜end▁of▁sentence｜>|   MASK<｜end▁of▁sentence｜>,
217,field,field,True,6,field|MASK|MASK|MASK|MASK|MASK,field<｜end▁of▁sentence｜>,field<｜end▁of▁sentence｜>|[MASK] Name<｜end▁of▁sentence｜>|[MASK] Name<｜end▁of▁sentence｜>|[MASK ]<｜end▁of▁sentence｜>|MASK<｜end▁of▁sentence｜>|MASK<｜end▁of▁sentence｜>,
218,noOffsetText,mask,False,2,mask|mask,"mask, String text, int pos, Class<?> expected) {
        try {
","mask, String text, int pos, Class<?> expected) {
        try {
|mask).parseUnresolved(text, new ParsePosition(pos));
            fail(""should",
219,bufIndex,MASK,False,6,MASK|MASK|MASK|MASK|size|MASK,[MASK]<｜end▁of▁sentence｜>,"[MASK]<｜end▁of▁sentence｜>|[MASK] <｜end▁of▁sentence｜>|MASK<｜end▁of▁sentence｜>|[MASK]<｜end▁of▁sentence｜>|size
              <｜end▁of▁sentence｜>| MASK<｜end▁of▁sentence｜>",
220,resCls,MASK,False,20,MASK|MASK|MASK|MASK||||MASK|MASK|MASK|MASK|MASK|MASK|MASK|MASK||||MASK|MASK,[MASK]<｜end▁of▁sentence｜>,[MASK]<｜end▁of▁sentence｜>|MASK<｜end▁of▁sentence｜>| [MASK]<｜end▁of▁sentence｜>|MASK<｜end▁of▁sentence｜>|<｜end▁of▁sentence｜>|<｜end▁of▁sentence｜>|<｜end▁of▁sentence｜>|[MASK]<｜end▁of▁sentence｜>|MASK<｜end▁of▁sentence｜>|MASK<｜end▁of▁sentence｜>| MASK<｜end▁of▁sentence｜>|[MASK ]<｜end▁of▁sentence｜>|[MASK]<｜end▁of▁sentence｜>|MASK<｜end▁of▁sentence｜>|MASK<｜end▁of▁sentence｜>|<｜end▁of▁sentence｜>|<｜end▁of▁sentence｜>|<｜end▁of▁sentence｜>|MASK<｜end▁of▁sentence｜>|MASK<｜end▁of▁sentence｜>,
221,listGet,method,False,3,method|method|method,"method = GenericsNest.class.getMethod(""returningK"");
        Generic","method = GenericsNest.class.getMethod(""returningK"");
        Generic|method )
                                .rawType())
                .isEqualTo(Number.class);
|method )
                                .rawType())
                .isEqualTo(Number.class);
",
222,cipher,,False,7,|MASK|MASK|MASK||MASK|, <｜end▁of▁sentence｜>, <｜end▁of▁sentence｜>|[MASK]<｜end▁of▁sentence｜>|[MASK]<｜end▁of▁sentence｜>|MASK<｜end▁of▁sentence｜>| <｜end▁of▁sentence｜>|MASK<｜end▁of▁sentence｜>| <｜end▁of▁sentence｜>,
223,month,MASK,False,11,MASK|MASK|MASK|MASK|MASK|MASK|MASK|MASK|MASK|MASK|MASK,[MASK]<｜end▁of▁sentence｜>,[MASK]<｜end▁of▁sentence｜>|MASK<｜end▁of▁sentence｜>|[MASK]<｜end▁of▁sentence｜>|[MASK]<｜end▁of▁sentence｜>| MASK<｜end▁of▁sentence｜>|MASK<｜end▁of▁sentence｜>|MASK<｜end▁of▁sentence｜>|MASK<｜end▁of▁sentence｜>|MASK<｜end▁of▁sentence｜>|MASK<｜end▁of▁sentence｜>|MASK<｜end▁of▁sentence｜>,
224,warningSettingName,MASK,False,4,MASK|MASK|MASK|MASK,   [MASK]<｜end▁of▁sentence｜>,   [MASK]<｜end▁of▁sentence｜>|[MASK]<｜end▁of▁sentence｜>|MASK<｜end▁of▁sentence｜>| MASK<｜end▁of▁sentence｜>,
225,synonymsIdsUsedInIndices,synonymsIdsUsed,False,2,synonymsIdsUsed|synonymIdsUsedInIndices,"synonymsIdsUsed = new HashSet<>();
        final Set<String> synonym","synonymsIdsUsed = new HashSet<>();
        final Set<String> synonym|synonymIdsUsedInIndices<｜end▁of▁sentence｜>",
226,groupEnd,MASK,False,12,MASK|MASK|MASK|MASK|MASK|MASK|MASK|MASK|MASK|MASK|MASK|MASK, [MASK]<｜end▁of▁sentence｜>," [MASK]<｜end▁of▁sentence｜>|MASK<｜end▁of▁sentence｜>|[MASK]<｜end▁of▁sentence｜>|[MASK]<｜end▁of▁sentence｜>|MASK  = groupStart + groups.getValueCount(groupPosition);
      for (int g|MASK<｜end▁of▁sentence｜>| MASK  = groupStart + groups.getValueCount(groupPosition);
      for (int g|MASK<｜end▁of▁sentence｜>|[MASK]<｜end▁of▁sentence｜>|MASK<｜end▁of▁sentence｜>|MASK<｜end▁of▁sentence｜>|MASK<｜end▁of▁sentence｜>",
227,isManifestChanged,,False,3,|config|config, <｜end▁of▁sentence｜>," <｜end▁of▁sentence｜>|config.mSupportHotplugComponent && hasIncComponent) {
                announceWarningOrException|config.mDexRaw && hasIncComponent) {
                Logger.d(""\",
228,dataStreamRemote1Alias,dataStreamRemote1Alias,True,4,dataStreamRemote1Alias|dataStreamRemote1Alias|dataStreamRemote1Alias|dataStreamRemote1Alias,dataStreamRemote1Alias<｜end▁of▁sentence｜>,"dataStreamRemote1Alias<｜end▁of▁sentence｜>|dataStreamRemote1Alias<｜end▁of▁sentence｜>|dataStreamRemote1Alias<｜end▁of▁sentence｜>|dataStreamRemote1Alias);
        clusterInfo.put(""remote1.index"", data",
229,elementValueMethodName,MASK,False,5,MASK|MASK|MASK|MASK|MASK,[MASK]<｜end▁of▁sentence｜>,[MASK]<｜end▁of▁sentence｜>|  MASK<｜end▁of▁sentence｜>| MASK<｜end▁of▁sentence｜>|MASK<｜end▁of▁sentence｜>| MASK<｜end▁of▁sentence｜>,
230,parser,MASK,False,38,MASK|MASK|MASK|MASK|MASK|MASK|MASK|MASK|MASK|MASK|MASK|MASK|MASK|MASK|MASK|MASK|MASK|MASK|MASK|MASK|MASK|MASK|MASK|MASK|MASK|MASK|MASK|MASK|MASK|MASK|MASK|MASK|MASK|MASK|MASK|MASK|MASK|MASK,[MASK]<｜end▁of▁sentence｜>,"[MASK]<｜end▁of▁sentence｜>|[MASK]<｜end▁of▁sentence｜>| MASK<｜end▁of▁sentence｜>|MASK<｜end▁of▁sentence｜>|[MASK]<｜end▁of▁sentence｜>|[MASK]<｜end▁of▁sentence｜>|[MASK]<｜end▁of▁sentence｜>|[MASK]<｜end▁of▁sentence｜>|[MASK]<｜end▁of▁sentence｜>|MASK<｜end▁of▁sentence｜>|[MASK]<｜end▁of▁sentence｜>|[MASK]<｜end▁of▁sentence｜>| MASK<｜end▁of▁sentence｜>|[MASK]<｜end▁of▁sentence｜>|MASK<｜end▁of▁sentence｜>| MASK<｜end▁of▁sentence｜>|MASK  = new DefaultJSONParser(""{a:3}"");
         MASK .config|MASK<｜end▁of▁sentence｜>|MASK<｜end▁of▁sentence｜>|[MASK]<｜end▁of▁sentence｜>|MASK .config(Feature.AllowUnQuotedFieldNames, true);
             MASK|[MASK]<｜end▁of▁sentence｜>|[MASK]<｜end▁of▁sentence｜>|[MASK]<｜end▁of▁sentence｜>|[MASK]<｜end▁of▁sentence｜>|MASK<｜end▁of▁sentence｜>|MASK<｜end▁of▁sentence｜>|MASK<｜end▁of▁sentence｜>|MASK .config(Feature.AllowUnQuotedFieldNames, true);
             MASK|MASK<｜end▁of▁sentence｜>|MASK  = new DefaultJSONParser(""{a:3}"");
             MASK .config|MASK .config(Feature.AllowUnQuotedFieldNames, true);
             MASK|MASK<｜end▁of▁sentence｜>|MASK<｜end▁of▁sentence｜>|MASK<｜end▁of▁sentence｜>|MASK  = new DefaultJSONParser(""{'a':3}"");
             MASK .config|MASK<｜end▁of▁sentence｜>|MASK<｜end▁of▁sentence｜>",
231,directories,blazeDirectories,False,3,blazeDirectories|blazeDirectories|));,"blazeDirectories =
        new BlazeDirectories(
            serverDirectories,","blazeDirectories =
        new BlazeDirectories(
            serverDirectories,|blazeDirectories);
    CommandEnvironment commandEnvironment =
        new CommandEnvironment(
           |));
    CommandEnvironment commandEnvironment =
        workspace.initCommand(
            BuildCommand",
232,backingIndex,MASK,False,14,MASK|MASK|MASK|MASK|MASK|MASK|MASK|MASK|MASK|MASK|MASK|MASK|MASK|MASK,[MASK]<｜end▁of▁sentence｜>,"[MASK]<｜end▁of▁sentence｜>|[MASK]<｜end▁of▁sentence｜>|MASK<｜end▁of▁sentence｜>|[MASK]<｜end▁of▁sentence｜>|[MASK]<｜end▁of▁sentence｜>|MASK<｜end▁of▁sentence｜>|MASK<｜end▁of▁sentence｜>|MASK<｜end▁of▁sentence｜>|MASK<｜end▁of▁sentence｜>|[MASK]<｜end▁of▁sentence｜>|MASK<｜end▁of▁sentence｜>|MASK<｜end▁of▁sentence｜>|MASK  = dataStream + ""-"";
        String<｜end▁of▁sentence｜>|MASK<｜end▁of▁sentence｜>",
233,numberFormat,MASK,False,6,MASK|MASK|MASK|MASK|MASK|MASK,"[MASK]  = NumberFormat.getInstance(Locale.ENGLISH);
		","[MASK]  = NumberFormat.getInstance(Locale.ENGLISH);
		|MASK );
		assertThat(bigDecimal).isEqualTo(new BigDecimal|MASK  = NumberFormat.getInstance(Locale.ENGLISH);
		Number big|MASK );
		assertThat(bigDecimal).isEqualTo(new BigDecimal|MASK  = NumberFormat.getInstance(Locale.ENGLISH);
		Number big|MASK );
		assertThat(bigDecimal).isEqualTo(new BigDecimal",
234,fullName,,False,3,||);,    <｜end▁of▁sentence｜>,"    <｜end▁of▁sentence｜>| <｜end▁of▁sentence｜>|);
		clsInfo = ClassInfo.fromName(root,  <｜end▁of▁sentence｜>",
235,replicaShard,,False,6,|MASK|MASK|r|replica|replica, <｜end▁of▁sentence｜>," <｜end▁of▁sentence｜>|[MASK]<｜end▁of▁sentence｜>|[MASK]<｜end▁of▁sentence｜>|r.getLastKnownGlobalCheckpoint(), equalTo(primaryShard.getLastKn|replica<｜end▁of▁sentence｜>|replica);
    }

    public void testPeerRecoverySendSafeCommit",
236,project,MASK,False,8,MASK|MASK|MASK|MASK|MASK|MASK|MASK|MASK,[MASK]<｜end▁of▁sentence｜>,[MASK]<｜end▁of▁sentence｜>|[MASK]<｜end▁of▁sentence｜>|MASK<｜end▁of▁sentence｜>| MASK<｜end▁of▁sentence｜>|MASK<｜end▁of▁sentence｜>|MASK<｜end▁of▁sentence｜>|MASK<｜end▁of▁sentence｜>| MASK<｜end▁of▁sentence｜>,
237,rootAbs,emptyAbs,False,3,emptyAbs|emptyAbs|emptyAbs,"emptyAbs = create(""/"");
    assertThat(fooBarWizAbs.getParentDirectory()).","emptyAbs = create(""/"");
    assertThat(fooBarWizAbs.getParentDirectory()).|emptyAbs);
    assertThat(emptyAbs.getParentDirectory()).isNull();

   |emptyAbs .getParentDirectory()).isNull();

    PathFragment fooBarWizAbs",
238,contentType,MASK,False,7,MASK|MASK|MASK|MASK|MASK|MASK|contentType,             [MASK]<｜end▁of▁sentence｜>,             [MASK]<｜end▁of▁sentence｜>|[MASK]<｜end▁of▁sentence｜>|MASK<｜end▁of▁sentence｜>|MASK<｜end▁of▁sentence｜>|  MASK <｜end▁of▁sentence｜>|MASK<｜end▁of▁sentence｜>|contentType<｜end▁of▁sentence｜>,
239,clearRealmCacheRequest,MASK,False,5,MASK|MASK|MASK|MASK|MASK,[MASK]<｜end▁of▁sentence｜>,[MASK]<｜end▁of▁sentence｜>|[MASK]<｜end▁of▁sentence｜>|[MASK]<｜end▁of▁sentence｜>|MASK<｜end▁of▁sentence｜>|MASK<｜end▁of▁sentence｜>,
240,rLogger,MASK,False,4,MASK|MASK|MASK|MASK,[MASK]<｜end▁of▁sentence｜>,[MASK]<｜end▁of▁sentence｜>|[MASK]<｜end▁of▁sentence｜>|MASK<｜end▁of▁sentence｜>|MASK<｜end▁of▁sentence｜>,
241,updater,Setting,False,15,Setting|new|Deprecation|settingValue|expectThrows|setting|MASK|MASK|MASK|MASK|MASK|MASK|MASK|MASK|MASK," Setting.Deprecation.critical(criticalSettingName)
        );
        final"," Setting.Deprecation.critical(criticalSettingName)
        );
        final|new Setting<?>[] { deprecatedSettingWarningOnly });
        final Setting<String>|Deprecation(settings);
        ensureNoWarnings();
        final Setting<String|, settingValue)
            .put(Setting.DEPRECATION_SKIP_SET|        expectThrows(
            IllegalArgumentException.class,
            () -> Setting.bool|.setting"", ""-2147483649"").build())
        );|[MASK]<｜end▁of▁sentence｜>|[MASK]<｜end▁of▁sentence｜>|MASK<｜end▁of▁sentence｜>|MASK<｜end▁of▁sentence｜>|[MASK]  with a validator
        final SettingUpdater<Map<String| MASK<｜end▁of▁sentence｜>|MASK  is expected to have changed (even when defaults are omitted)
        assertTrue(|MASK<｜end▁of▁sentence｜>|MASK<｜end▁of▁sentence｜>",
242,acceptHeaderValue,MASK,False,4,MASK|MASK|MASK|MASK,[MASK]<｜end▁of▁sentence｜>,[MASK]<｜end▁of▁sentence｜>|MASK<｜end▁of▁sentence｜>|MASK<｜end▁of▁sentence｜>|MASK<｜end▁of▁sentence｜>,
243,aggProfileShardResult,aggregationProfileShardResult,False,2,aggregationProfileShardResult|aggregationProfileShardResult,aggregationProfileShardResult<｜end▁of▁sentence｜>,"aggregationProfileShardResult<｜end▁of▁sentence｜>|   aggregationProfileShardResult,
                randomBoolean() ? SearchProfileDfsPhase",
244,annotatedBeanClass,MASK,False,2,MASK|MASK,[MASK]<｜end▁of▁sentence｜>,[MASK]<｜end▁of▁sentence｜>|MASK<｜end▁of▁sentence｜>,
245,vScrollKnob,vScrollKnob,True,21,"vScrollKnob|vScrollKnob|vScrollKnob|vScrollKnob|pixels|AmountX||0, 1);|1);|void|;|getVelocityY||vScrollKnob||MASK|MASK|MASK|MASK|MASK|MASK","vScrollKnob = style. [MASK] ;
		float bgLeftWidth = ","vScrollKnob = style. [MASK] ;
		float bgLeftWidth = |vScrollKnob;
		scrollbarsOnTop = bg != null && bg.|vScrollKnob != null) scrollbarWidth = vScrollKnob.getMinWidth|vScrollKnob .getMinWidth();
		if (style.vScroll != null|(pixels, 0, maxY));
	}

	/** Returns the y scroll|AmountX;
	}

	public float getVisualScrollY () {
		return !scroll|
	/** Sets the scroll amount to the given percentages. */
	public void setScrollPercent| 0, 1);
	}

	public float getVisualScrollPercentY () {|1);
	}

	public void setScrollPercentX (float percent) {
	| void setScrollbarsOnTop (boolean scrollbarsOnTop) {
		if (this.|;
	}

	public boolean isScrollingDisabledY () {
		return disableY| getVelocityY () {
		return velocityY;
	}

	public void set|

	public void setFlingTime (float flingTime) {
		this.f|vScrollKnob != null) width = style.vScrollKnob.getMinWidth|<｜end▁of▁sentence｜>|[MASK] <｜end▁of▁sentence｜>|[MASK] <｜end▁of▁sentence｜>|[MASK]<｜end▁of▁sentence｜>|MASK<｜end▁of▁sentence｜>|MASK<｜end▁of▁sentence｜>| MASK<｜end▁of▁sentence｜>",
246,entity,MASK,False,2,MASK|MASK,[MASK]<｜end▁of▁sentence｜>,[MASK]<｜end▁of▁sentence｜>|MASK<｜end▁of▁sentence｜>,
247,fullURLStr,MASK,False,5,MASK|url|MASK|MASK|MASK,[MASK]  <｜end▁of▁sentence｜>,[MASK]  <｜end▁of▁sentence｜>|url str<｜end▁of▁sentence｜>|[MASK] <｜end▁of▁sentence｜>|[MASK]<｜end▁of▁sentence｜>| MASK<｜end▁of▁sentence｜>,
248,source,MASK,False,4,MASK|MASK||BytesReference, [MASK]<｜end▁of▁sentence｜>," [MASK]<｜end▁of▁sentence｜>|MASK<｜end▁of▁sentence｜>|     <｜end▁of▁sentence｜>|BytesReference.bytes(jsonBuilder().map(values)),
            Collections.emptyMap(),",
249,textureId,textureId,True,2,textureId|textureId,textureId<｜end▁of▁sentence｜>,textureId<｜end▁of▁sentence｜>|textureId<｜end▁of▁sentence｜>,
250,cMemoryOwn,MASK,False,18,MASK|MASK|MASK|MASK|MASK|MASK|MASK|MASK|MASK|MASK|MASK|MASK|MASK|MASK|MASK|MASK|MASK|MASK,"[MASK] ) {
		super(className, cPtr,  [MASK","[MASK] ) {
		super(className, cPtr,  [MASK|MASK );
		swigCPtr = cPtr;
	}

	/** Construct|[MASK] ) {
		this(""btAxisSweep3InternalShort"", c|MASK );
		construct();
	}

	@Override
	protected void reset (|[MASK]<｜end▁of▁sentence｜>|MASK );
	}

	public static long getCPtr (btAxisSweep3|[MASK]<｜end▁of▁sentence｜>|MASK );
			swigCPtr = cPtr;
		}

	|MASK ) {
			this(""Edge"", cPtr,  MASK );
			|MASK );
			construct();
		}

		@Override
		protected|[MASK]<｜end▁of▁sentence｜>|MASK );
		}

		public static long getCPtr (Edge obj) {|[MASK]<｜end▁of▁sentence｜>|MASK<｜end▁of▁sentence｜>|[MASK]<｜end▁of▁sentence｜>|MASK );
			construct();
		}

		@Override
		protected|MASK<｜end▁of▁sentence｜>|MASK<｜end▁of▁sentence｜>",
251,writer,MASK,False,3,MASK|MASK|MASK,[MASK]<｜end▁of▁sentence｜>,[MASK]<｜end▁of▁sentence｜>|MASK<｜end▁of▁sentence｜>| MASK<｜end▁of▁sentence｜>,
252,shift,MASK,False,2,MASK|MASK,MASK<｜end▁of▁sentence｜>,MASK<｜end▁of▁sentence｜>|MASK<｜end▁of▁sentence｜>,
253,linkOff,linkOff,True,1,linkOff,"linkOff = buf.readInt();
		int mapOff <｜end▁of▁sentence｜>","linkOff = buf.readInt();
		int mapOff <｜end▁of▁sentence｜>",
254,testInfo,MASK,False,4,MASK|MASK|MASK|MASK,[MASK]<｜end▁of▁sentence｜>,[MASK]<｜end▁of▁sentence｜>|[MASK]<｜end▁of▁sentence｜>|MASK<｜end▁of▁sentence｜>|MASK<｜end▁of▁sentence｜>,
255,staticVariableName,MASK,False,10,MASK|MASK|MASK|MASK|MASK|MASK|MASK|MASK|MASK|MASK,[MASK]<｜end▁of▁sentence｜>,[MASK]<｜end▁of▁sentence｜>|[MASK]<｜end▁of▁sentence｜>|[MASK]<｜end▁of▁sentence｜>|[MASK]<｜end▁of▁sentence｜>| MASK<｜end▁of▁sentence｜>|[MASK]<｜end▁of▁sentence｜>|[MASK]<｜end▁of▁sentence｜>|MASK<｜end▁of▁sentence｜>|MASK<｜end▁of▁sentence｜>|MASK<｜end▁of▁sentence｜>,
256,nodes,MASK,False,25,MASK|MASK|MASK|MASK|MASK|Collections|MASK|MASK|MASK|MASK|MASK|MASK|MASK|MASK|Collections|MASK|MASK|MASK|Collections|MASK|MASK|MASK|MASK|nodes|MASK,"[MASK]  = DiscoveryNodes.builder().localNodeId(""node"").masterNodeId","[MASK]  = DiscoveryNodes.builder().localNodeId(""node"").masterNodeId|[MASK] );

        AtomicInteger calledTimes = new AtomicInteger(0|MASK );
            registry.clusterChanged(newEvent);
            assertThat(calledTimes.|[MASK]  = DiscoveryNodes.builder().localNodeId(""node"").masterNodeId|[MASK]<｜end▁of▁sentence｜>|Collections.emptyMap(),  MASK );
            registry.clusterChanged(newEvent);
|[MASK]<｜end▁of▁sentence｜>|[MASK]<｜end▁of▁sentence｜>|MASK  = DiscoveryNodes.builder().localNodeId(""node"").masterNodeId(""node|[MASK] 
        );
        AtomicInteger calledTimes = new AtomicInteger|MASK<｜end▁of▁sentence｜>|[MASK]<｜end▁of▁sentence｜>|MASK<｜end▁of▁sentence｜>|[MASK]<｜end▁of▁sentence｜>|Collections.emptyMap(),
              MASK<｜end▁of▁sentence｜>|MASK<｜end▁of▁sentence｜>|MASK );
        registry.clusterChanged(event);
        assertBusy(() ->|[MASK]<｜end▁of▁sentence｜>| Collections.emptyMap(),
             MASK<｜end▁of▁sentence｜>|[MASK]<｜end▁of▁sentence｜>|[MASK]<｜end▁of▁sentence｜>|MASK .isMasterNode());
        when(event.localNodeElectedMaster()).then|MASK<｜end▁of▁sentence｜>|nodes(MASK )
            .masterNodeId<｜end▁of▁sentence｜>| MASK<｜end▁of▁sentence｜>",
257,failure,MASK,False,8,MASK|state|MASK|failed|MASK|MASK|service|get,"[MASK] (Service service) {}
 *       },
 *       MoreExecutors.","[MASK] (Service service) {}
 *       },
 *       MoreExecutors.|state changes, and to shut down the JVM when all services have stopped.
 *
 *|MASK (Service service) {}
  }

  /**
   * A {@link|failed<｜end▁of▁sentence｜>|[MASK]<｜end▁of▁sentence｜>|MASK<｜end▁of▁sentence｜>| service. [MASK] Cause()
               <｜end▁of▁sentence｜>|get<｜end▁of▁sentence｜>",
258,clazz,MASK,False,6,MASK|MASK|MASK|MASK|MASK|MASK,[MASK]<｜end▁of▁sentence｜>,[MASK]<｜end▁of▁sentence｜>|MASK<｜end▁of▁sentence｜>|[MASK]<｜end▁of▁sentence｜>|MASK<｜end▁of▁sentence｜>|MASK<｜end▁of▁sentence｜>|MASK<｜end▁of▁sentence｜>,
259,targetField,MASK,False,14,MASK|MASK|MASK|MASK|MASK|MASK|MASK|MASK|MASK|MASK|MASK|MASK|MASK|MASK,[MASK]<｜end▁of▁sentence｜>,"[MASK]<｜end▁of▁sentence｜>|[MASK]<｜end▁of▁sentence｜>|[MASK]<｜end▁of▁sentence｜>| MASK<｜end▁of▁sentence｜>| MASK<｜end▁of▁sentence｜>| MASK<｜end▁of▁sentence｜>|[MASK]<｜end▁of▁sentence｜>| MASK "" is specified.
	 * @see #setTargetClass
	 * @see|  MASK<｜end▁of▁sentence｜>| MASK<｜end▁of▁sentence｜>| MASK<｜end▁of▁sentence｜>| MASK<｜end▁of▁sentence｜>| MASK<｜end▁of▁sentence｜>| MASK<｜end▁of▁sentence｜>",
260,values,values,True,41,values|values|values|values|MASK|values|values|MASK|MASK|collection|values|MASK|values|MASK|MASK|MASK|values|MASK|MASK|MASK|values|values|MASK|new|i|hm|hm|hm|hm|MASK|values|MASK|MASK|MASK|MASK|MASK|MASK|MASK|MASK|MASK|MASK,"values()
     */
    public void test_values() {
        // Test for method","values()
     */
    public void test_values() {
        // Test for method|values () {
        // Test for method java.util.Collection java.util.Linked|values ()
        Collection c = hm.values();
        assertTrue(""Returned collection|values ();
        assertTrue(""Returned collection of incorrect size()"", c.size()|  [MASK]  = myLinkedHashMap. [MASK] ();
       | values ();
        new Support_UnmodifiableCollectionTest(
                ""Test Returned|values ()"",  [MASK] )
                .runTest();
        [MASK|MASK  ).runTest();
        new Support_UnmodifiableCollectionTest(
               |   //  [MASK]  should not be modifiable
        try {
            M|collection should remove from the original map"",
                !myLinkedHashMap.containsValue(|values() from the original map
        Set keys = map.keySet();
        Collection |[MASK]  = map. [MASK] ();
        assertEquals("" [MASK|values ();
        // get the keySet() and  values () on the cloned()|[MASK] () does not work"",
                ""value"",  [MASK] .|MASK .iterator().next());
        assertEquals(""keySet() does not work"",
               |MASK 2 = map2. values ();
        assertTrue("" [MASK]| values ();
        //  [MASK] () and keySet() on the original map|[MASK] () does not work"",
                ""value2"",  [MASK]|MASK  !=  [MASK] );
        assertTrue(""keySet() is identical| MASK );
        assertEquals("" MASK () was not cloned"",
                ""value2|values<｜end▁of▁sentence｜>|values () is identical"",  MASK 2 !=  MASK );
        assertEquals(""values| MASK 2 .iterator().next());
        Set key2 = map2.keySet| = new Object[hmSize];
        for (int i = 0; i < h|; i < hmSize; i++) {
            objArray[i] = new| hm.put(null, new Integer(9));
    }

    /**
| hm<｜end▁of▁sentence｜>| hm<｜end▁of▁sentence｜>| hm<｜end▁of▁sentence｜>| [MASK]<｜end▁of▁sentence｜>|values<｜end▁of▁sentence｜>| MASK<｜end▁of▁sentence｜>| MASK<｜end▁of▁sentence｜>|[MASK]<｜end▁of▁sentence｜>| MASK<｜end▁of▁sentence｜>|MASK<｜end▁of▁sentence｜>|[MASK]<｜end▁of▁sentence｜>|[MASK]<｜end▁of▁sentence｜>| MASK<｜end▁of▁sentence｜>|MASK<｜end▁of▁sentence｜>| MASK<｜end▁of▁sentence｜>",
261,number,MASK,False,12,MASK|MASK|MASK|MASK|MASK|MASK|MASK|MASK|MASK|MASK|MASK|MASK,"  [MASK] = ""9874598375837","  [MASK] = ""9874598375837|MASK );
		assertThat(NumberUtils.convertNumberToTargetClass(decimal,|MASK ));
	}

	@Test
	void convertBigIntegerToBigDecimal()|[MASK] Format = NumberFormat.getInstance(Locale.ENGLISH);
	|[MASK] Format);
		assertThat(bigDecimal).isEqualTo(new|MASK Format = NumberFormat.getInstance(Locale.ENGLISH);
		Number|MASK Format);
		assertThat(bigDecimal).isEqualTo(new BigDec|MASK Format = NumberFormat.getInstance(Locale.ENGLISH);
		Number|MASK Format);
		assertThat(bigDecimal).isEqualTo(new BigDec|MASK<｜end▁of▁sentence｜>|MASK<｜end▁of▁sentence｜>| MASK<｜end▁of▁sentence｜>",
262,details,MASK,False,4,MASK|MASK|userDetails|userDetails,[MASK]<｜end▁of▁sentence｜>,[MASK]<｜end▁of▁sentence｜>|MASK<｜end▁of▁sentence｜>|  userDetails<｜end▁of▁sentence｜>|userDetails<｜end▁of▁sentence｜>,
263,builder,MASK,False,18,MASK|MASK|MASK|MASK|MASK|MASK|MASK|MASK|MASK|MASK|MASK|MASK|MASK|MASK|MASK|MASK|MASK|MASK,[MASK]<｜end▁of▁sentence｜>,"[MASK]<｜end▁of▁sentence｜>|MASK<｜end▁of▁sentence｜>|MASK<｜end▁of▁sentence｜>|[MASK]<｜end▁of▁sentence｜>|MASK<｜end▁of▁sentence｜>|MASK<｜end▁of▁sentence｜>|[MASK]<｜end▁of▁sentence｜>|MASK<｜end▁of▁sentence｜>|MASK<｜end▁of▁sentence｜>|[MASK]<｜end▁of▁sentence｜>|[MASK]<｜end▁of▁sentence｜>|MASK<｜end▁of▁sentence｜>|[MASK]<｜end▁of▁sentence｜>|[MASK]<｜end▁of▁sentence｜>|MASK .addParameter(randomAsciiAlphanumOfLength(3), randomA|MASK .setWarningsHandler(randomBoolean() ? WarningsHandler.STRI|MASK<｜end▁of▁sentence｜>|MASK<｜end▁of▁sentence｜>",
264,request,MASK,False,4,MASK|request|MASK|MASK,[MASK]<｜end▁of▁sentence｜>,[MASK]<｜end▁of▁sentence｜>|request<｜end▁of▁sentence｜>|[MASK]<｜end▁of▁sentence｜>|MASK<｜end▁of▁sentence｜>,
265,putLifecycle,request,False,2,request|request,request<｜end▁of▁sentence｜>,"request<｜end▁of▁sentence｜>|request).get();
        } catch (Exception e) {
            logger.error(""failed",
266,create,MASK,False,4,MASK|MASK|MASK|MASK,[MASK]<｜end▁of▁sentence｜>,[MASK]<｜end▁of▁sentence｜>|[MASK]<｜end▁of▁sentence｜>|MASK<｜end▁of▁sentence｜>|  MASK<｜end▁of▁sentence｜>,
267,routingTable,MASK,False,8,MASK|MASK|MASK|MASK|MASK|MASK|globalRoutingTable|MASK, [MASK]<｜end▁of▁sentence｜>, [MASK]<｜end▁of▁sentence｜>| [MASK]<｜end▁of▁sentence｜>| MASK<｜end▁of▁sentence｜>|MASK<｜end▁of▁sentence｜>|[MASK]<｜end▁of▁sentence｜>|MASK<｜end▁of▁sentence｜>|globalRoutingTable(<｜end▁of▁sentence｜>| MASK<｜end▁of▁sentence｜>,
268,aliases,MASK,False,11,MASK|MASK|MASK|MASK|MASK|MASK|MASK|MASK|MASK|settings|Settings,[MASK]<｜end▁of▁sentence｜>,[MASK]<｜end▁of▁sentence｜>|[MASK]<｜end▁of▁sentence｜>|[MASK]<｜end▁of▁sentence｜>| [MASK]<｜end▁of▁sentence｜>|[MASK]<｜end▁of▁sentence｜>|[MASK]<｜end▁of▁sentence｜>|MASK<｜end▁of▁sentence｜>|MASK<｜end▁of▁sentence｜>|MASK<｜end▁of▁sentence｜>|settings(Settings.builder().put(IndexMetadata.SETTING_NUMBER_OF_|Settings.builder().put(IndexMetadata.SETTING_NUMBER_OF_SHAR,
269,actualList,,False,3,|actualValues|actualValues,        <｜end▁of▁sentence｜>,"        <｜end▁of▁sentence｜>|actualValues
               <｜end▁of▁sentence｜>|actualValues<｜end▁of▁sentence｜>",
270,listener,delegate,False,3,delegate|MASK|MASK,"delegate
   <｜end▁of▁sentence｜>","delegate
   <｜end▁of▁sentence｜>|[MASK]<｜end▁of▁sentence｜>|MASK<｜end▁of▁sentence｜>",
271,service,,False,6,|MASK|MASK|MASK||MASK,  <｜end▁of▁sentence｜>,  <｜end▁of▁sentence｜>|[MASK]<｜end▁of▁sentence｜>|[MASK]<｜end▁of▁sentence｜>|MASK<｜end▁of▁sentence｜>|  <｜end▁of▁sentence｜>|MASK<｜end▁of▁sentence｜>,
272,uniformNames,uniformNames,True,1,uniformNames,"uniformNames, IntBuffer uniformIndices);

	public native void glGetUniformIndices","uniformNames, IntBuffer uniformIndices);

	public native void glGetUniformIndices",
273,totalCharsWritten,totalCharsDecompressed,False,5,totalCharsDecompressed|totalCharsDecompressed|totalCharsDecompressed|totalCharsDecompressed|totalCharsDecompressed,"totalCharsDecompressed = 0;

        // not used boolean err = false;","totalCharsDecompressed = 0;

        // not used boolean err = false;|   totalCharsDecompressed, unicharsWritten);
            
            // update|totalCharsDecompressed<｜end▁of▁sentence｜>|totalCharsDecompressed
                  <｜end▁of▁sentence｜>|totalCharsDecompressed) == false) {
            logln(len + "" ch",
274,expected,MASK,False,10,MASK|MASK|MASK|MASK|MASK|MASK|MASK|MASK|MASK|MASK,[MASK]<｜end▁of▁sentence｜>,[MASK]<｜end▁of▁sentence｜>| [MASK]<｜end▁of▁sentence｜>|[MASK]<｜end▁of▁sentence｜>|[MASK]<｜end▁of▁sentence｜>| MASK<｜end▁of▁sentence｜>| MASK  events<｜end▁of▁sentence｜>| MASK<｜end▁of▁sentence｜>| MASK<｜end▁of▁sentence｜>|MASK<｜end▁of▁sentence｜>|MASK<｜end▁of▁sentence｜>,
275,reader,MASK,False,5,MASK|MASK|MASK|MASK|MASK,[MASK]<｜end▁of▁sentence｜>,[MASK]<｜end▁of▁sentence｜>|[MASK]<｜end▁of▁sentence｜>|[MASK]<｜end▁of▁sentence｜>|MASK<｜end▁of▁sentence｜>| MASK<｜end▁of▁sentence｜>,
276,columnIndex,MASK,False,4,MASK|MASK|MASK|MASK,[MASK]<｜end▁of▁sentence｜>,[MASK]<｜end▁of▁sentence｜>|MASK<｜end▁of▁sentence｜>|MASK<｜end▁of▁sentence｜>|MASK<｜end▁of▁sentence｜>,
277,project,service,False,6,service|MASK|project|putCustom|MASK|MASK,"service.ClusterService;
import org.elasticsearch.common.Strings;
import org","service.ClusterService;
import org.elasticsearch.common.Strings;
import org|  [MASK] <｜end▁of▁sentence｜>|project<｜end▁of▁sentence｜>|putCustom(ProjectMetadata.TYPE, new<｜end▁of▁sentence｜>|MASK<｜end▁of▁sentence｜>|MASK<｜end▁of▁sentence｜>",
278,centerY,centerY,True,2,centerY|centerY,centerY<｜end▁of▁sentence｜>,centerY<｜end▁of▁sentence｜>|centerY<｜end▁of▁sentence｜>,
279,sparseIndexMap,MASK,False,4,MASK|MASK|MASK|MASK,[MASK]<｜end▁of▁sentence｜>,[MASK]<｜end▁of▁sentence｜>|[MASK]<｜end▁of▁sentence｜>|MASK<｜end▁of▁sentence｜>|MASK<｜end▁of▁sentence｜>,
280,vStart,MASK,False,6,MASK|MASK|MASK|MASK|MASK|MASK,[MASK]<｜end▁of▁sentence｜>,[MASK]<｜end▁of▁sentence｜>|[MASK]<｜end▁of▁sentence｜>|MASK<｜end▁of▁sentence｜>|MASK<｜end▁of▁sentence｜>|MASK<｜end▁of▁sentence｜>|MASK<｜end▁of▁sentence｜>,
281,simpleInstruction,simpleInstruction,True,3,simpleInstruction|simpleInstruction|simpleInstruction,"simpleInstruction)
    {
        codeAttributeComposer.appendInstruction(offset,","simpleInstruction)
    {
        codeAttributeComposer.appendInstruction(offset,|simpleInstruction.opcode)
            {
                case InstructionConstants.OP_RET|simpleInstruction);
    }


    public void visitBranchInstruction(Cla",
282,terms,MASK,False,11,MASK|MASK|instanceof|has|MASK|instanceof|MASK|MASK|LongTerms|MASK|MASK,"[MASK] .InternalBucket;
import org.elasticsearch.search.aggreg","[MASK] .InternalBucket;
import org.elasticsearch.search.aggreg|MASK .Terms;
import org.elasticsearch.search.aggregations.b| instanceof Double) {
            return Double.doubleToRawLongBits((Double) doc);| has an invalid type"");
    }

    private InternalVariableWidthHistogram searchAndRed|[MASK]<｜end▁of▁sentence｜>|instanceof<｜end▁of▁sentence｜>|[MASK]<｜end▁of▁sentence｜>|MASK .getBuckets().get(0).getKey());

                MASK|(LongTerms [MASK])<｜end▁of▁sentence｜>|[MASK]<｜end▁of▁sentence｜>|MASK<｜end▁of▁sentence｜>",
283,asMap,build,False,22,build|build|ref|new||i|get|}|foo|());|(0));|get|put|ArgumentException|put||to|Property|Integer|(|intSetting2|prefix,"2,3"").build(), builder.build());
        assertEquals(3, ref.get().","2,3"").build(), builder.build());
        assertEquals(3, ref.get().|123"").build());
        assertEquals(3, ref.get().size());
       |, ref.get().size());
        assertArrayEquals(ref.get().toArray(|new String[0]), new String[] { ""1"", ""2"", ""3"" });|

        settingUpdater.apply(Settings.builder().put(""foo.bar"",| i < intValues.size(); i++) {
            assertEquals(i, intValues.|get(i).intValue());
        }

        Setting<List<String>> list|    }

    public void testListSettingsWithDefault() {
        Setting<List<|            ""foo.bar"",
            Collections.singletonList(""foo.bar""),
|());
        assertEquals(2, value.size());
        assertEquals(""1"", value.get|(0));
        assertEquals(""2"", value.get(1));

        value =|get(1));

        value = settingWithFallback.get(Settings.builder|().put(""foo.baz"", ""1,2"").build());
        assertEquals(2|ArgumentException.class,
            () -> settingWithBothBounds.get(Settings.builder().|put(""bar"", ""21000ms"").build())
        );
        assertThat|
        );
        assertThat(illegalArgumentException.getMessage(), equalTo(""failed to parse value| to parse value [20001ms] for setting [bar], must be <= [| Property.NodeScope, Property.Dynamic);
        Setting<Integer> intSetting3 = Setting|<Integer> updater = intSetting.newUpdater(intSetting::set, logger|(
            intSetting,
            intSetting2,
            (s) -> s|, intSetting2),
            logger
        );
        assertTrue(updater.|(""prefix.foo"", 1).put(""prefix.same"", 1).build();
",
284,methodName,methodName,True,7,methodName|MASK|MASK|MASK|MASK|MASK|MASK,methodName<｜end▁of▁sentence｜>,"methodName<｜end▁of▁sentence｜>|[MASK]<｜end▁of▁sentence｜>|[MASK]<｜end▁of▁sentence｜>|[MASK]<｜end▁of▁sentence｜>|[MASK]<｜end▁of▁sentence｜>|MASK )) {
            return handleStartActivity(target, method, args);
       |MASK<｜end▁of▁sentence｜>",
285,activityClazzName,,False,8,|newActivityNode|MASK|newActivityNode|MASK|MASK|MASK|MASK,  <｜end▁of▁sentence｜>,  <｜end▁of▁sentence｜>|newActivityNode.attributeValue(XML_NODEATTR_NAME)<｜end▁of▁sentence｜>|[MASK]  = packageName + newActivityNode.attributeValue(XML_NODEATTR_|newActivityNode .substring(1)<｜end▁of▁sentence｜>|MASK<｜end▁of▁sentence｜>|[MASK]<｜end▁of▁sentence｜>|MASK<｜end▁of▁sentence｜>|MASK<｜end▁of▁sentence｜>,
286,searchFor,MASK,False,7,MASK|MASK|MASK|MASK|MASK|MASK|MASK,[MASK] <｜end▁of▁sentence｜>,[MASK] <｜end▁of▁sentence｜>|[MASK]<｜end▁of▁sentence｜>|[MASK]<｜end▁of▁sentence｜>|[MASK]<｜end▁of▁sentence｜>|[MASK] <｜end▁of▁sentence｜>| MASK<｜end▁of▁sentence｜>|MASK<｜end▁of▁sentence｜>,
287,chunkingSettings,,False,2,|null, <｜end▁of▁sentence｜>, <｜end▁of▁sentence｜>|null<｜end▁of▁sentence｜>,
288,groupEnd,MASK,False,12,MASK|MASK|MASK|MASK|MASK|MASK|MASK|MASK|MASK|MASK|MASK|MASK, [MASK]<｜end▁of▁sentence｜>," [MASK]<｜end▁of▁sentence｜>|MASK<｜end▁of▁sentence｜>|[MASK]<｜end▁of▁sentence｜>|[MASK]<｜end▁of▁sentence｜>| MASK  = groupStart + groups.getValueCount(groupPosition);
      for (int g|MASK<｜end▁of▁sentence｜>| MASK  = groupStart + groups.getValueCount(groupPosition);
      for (int g|MASK<｜end▁of▁sentence｜>|[MASK]<｜end▁of▁sentence｜>|MASK<｜end▁of▁sentence｜>|MASK<｜end▁of▁sentence｜>|MASK<｜end▁of▁sentence｜>",
289,nonExistingTask,task,False,2,task|task,task<｜end▁of▁sentence｜>,task<｜end▁of▁sentence｜>|task<｜end▁of▁sentence｜>,
290,requiredSize,nextOffset,False,2,nextOffset|rootIndex,"nextOffset = getNextGatherOffset(rootIndex);
        long  nextIndex  = root","nextOffset = getNextGatherOffset(rootIndex);
        long  nextIndex  = root|rootIndex + bucketSize
           <｜end▁of▁sentence｜>",
291,backPointers,,False,3,|pointerUpdates|pointerUpdates,  <｜end▁of▁sentence｜>,"  <｜end▁of▁sentence｜>|pointerUpdates != null && pointerUpdates.get(update.getEntityId())
|pointerUpdates <｜end▁of▁sentence｜>",
292,whitelistUserControlledList,MASK,False,10,MASK|MASK|MASK|MASK|MASK|MASK|MASK|MASK|MASK|MASK,[MASK]<｜end▁of▁sentence｜>,"[MASK]<｜end▁of▁sentence｜>|[MASK]<｜end▁of▁sentence｜>|MASK<｜end▁of▁sentence｜>|[MASK]<｜end▁of▁sentence｜>|[MASK]<｜end▁of▁sentence｜>|MASK ));
        assertThat(Files.readString( MASK , StandardCharsets.|MASK , StandardCharsets.UTF_8), containsString(""white-1""));
       |[MASK]<｜end▁of▁sentence｜>|[MASK]<｜end▁of▁sentence｜>|MASK<｜end▁of▁sentence｜>",
293,contentType,mediaType,False,2,mediaType|mediaType,mediaType<｜end▁of▁sentence｜>,mediaType<｜end▁of▁sentence｜>|mediaType<｜end▁of▁sentence｜>,
294,className,className,True,7,className|MASK|MASK|MASK|MASK|MASK|MASK,"className;

  /**
   * The access flags of the class to which this symbol table","className;

  /**
   * The access flags of the class to which this symbol table|[MASK] ;
  }

  /**
   * Returns the number of entries|[MASK]<｜end▁of▁sentence｜>|MASK ) {
    this.majorVersion = majorVersion;
    this. [M| =  MASK ;
    return addConstantClass(  MASK ).index;
 |MASK ;
    return addConstantClass( MASK ).index;
  }

| MASK );
  }

  /**
   * Returns the number of entries in this",
295,otherLat,otherLat,True,11,otherLat|MASK|MASK|MASK|MASK|MASK|MASK|MASK|MASK|MASK|MASK,    otherLat<｜end▁of▁sentence｜>,"    otherLat<｜end▁of▁sentence｜>|[MASK] , otherLon) / 1000d, script.arc|MASK , otherLon) / 1000d, 0.01|MASK , otherLon) / 1000d,
            script.arc|[MASK] , otherLon, 42) / 1000d|MASK<｜end▁of▁sentence｜>|[MASK]<｜end▁of▁sentence｜>|[MASK]<｜end▁of▁sentence｜>|MASK<｜end▁of▁sentence｜>|[MASK]<｜end▁of▁sentence｜>|MASK<｜end▁of▁sentence｜>",
296,destBitmap,,False,14,|MASK|||MASK|MASK|MASK|MASK|MASK|MASK|MASK|MASK|MASK|MASK, <｜end▁of▁sentence｜>," <｜end▁of▁sentence｜>| [MASK] , sourceBitmap);
      return  [MASK] Ref.clone| <｜end▁of▁sentence｜>|<｜end▁of▁sentence｜>|[MASK]<｜end▁of▁sentence｜>|[MASK]<｜end▁of▁sentence｜>| [MASK]<｜end▁of▁sentence｜>| MASK<｜end▁of▁sentence｜>|[MASK]<｜end▁of▁sentence｜>|MASK<｜end▁of▁sentence｜>|[MASK]<｜end▁of▁sentence｜>| MASK<｜end▁of▁sentence｜>| MASK<｜end▁of▁sentence｜>| MASK<｜end▁of▁sentence｜>",
297,fieldName,MASK,False,4,MASK|MASK|MASK|MASK,[MASK]<｜end▁of▁sentence｜>,"[MASK]<｜end▁of▁sentence｜>|MASK<｜end▁of▁sentence｜>|MASK
                        + ""' is not accessible in the current ""
                        + ""merge context,| MASK<｜end▁of▁sentence｜>",
298,executionServer,MASK,False,43,MASK||Registry|CapabilitiesImpl|MASK|MASK|MASK|MASK|MASK|MASK|MASK|MASK|MASK|MASK|MASK|MASK|MASK|MASK|MASK|MASK|MASK|MASK|MASK|MASK|MASK|MASK|MASK|MASK|MASK|MASK|MASK|MASK|MASK|MASK|MASK|MASK|MASK|MASK|MASK|MASK|MASK|MASK|MASK, [MASK]<｜end▁of▁sentence｜>," [MASK]<｜end▁of▁sentence｜>|<｜end▁of▁sentence｜>|Registry)
        .directExecutor()
        .build();
  }

  private|CapabilitiesImpl = new CapabilitiesImpl(EXEC_AND_CACHE_CAPS|[MASK]  =
        createFakeServer(EXECUTION_SERVER_NAME|[MASK] CapabilitiesImpl);
     [MASK] .start();

   |[MASK] .start();

    try {
      remoteOptions.remoteExecutor =|  [MASK] .shutdownNow();
       [MASK] .awaitTerm|  MASK .awaitTermination();
    }
  }

  @Test|[MASK] CapabilitiesImpl = new CapabilitiesImpl(EXEC_AND_CAC|[MASK]<｜end▁of▁sentence｜>|[MASK] CapabilitiesImpl);
     [MASK] .start();

   |[MASK]<｜end▁of▁sentence｜>|[MASK] CapabilitiesImpl.getRequestCount()).isEqualTo(1);
     |[MASK]<｜end▁of▁sentence｜>|[MASK] .awaitTermination();
    }
  }

  @|[MASK]<｜end▁of▁sentence｜>|[MASK]<｜end▁of▁sentence｜>|[MASK]<｜end▁of▁sentence｜>|[MASK]<｜end▁of▁sentence｜>|[MASK]<｜end▁of▁sentence｜>|[MASK]<｜end▁of▁sentence｜>|[MASK]<｜end▁of▁sentence｜>|[MASK]<｜end▁of▁sentence｜>|[MASK]<｜end▁of▁sentence｜>|MASK CapabilitiesImpl);
     [MASK] .start();

    Capabilities|[MASK]<｜end▁of▁sentence｜>|[MASK]<｜end▁of▁sentence｜>|[MASK]<｜end▁of▁sentence｜>|[MASK]<｜end▁of▁sentence｜>|[MASK]<｜end▁of▁sentence｜>|[MASK]<｜end▁of▁sentence｜>|MASK<｜end▁of▁sentence｜>|[MASK]<｜end▁of▁sentence｜>|[MASK]<｜end▁of▁sentence｜>|[MASK]<｜end▁of▁sentence｜>|[MASK]<｜end▁of▁sentence｜>|MASK<｜end▁of▁sentence｜>|MASK<｜end▁of▁sentence｜>|MASK .start();

    CapabilitiesImpl cacheCapabilitiesImpl = new CapabilitiesImpl| MASK<｜end▁of▁sentence｜>|  MASK<｜end▁of▁sentence｜>|MASK<｜end▁of▁sentence｜>",
299,support,MASK,False,4,MASK|MASK|MASK|copy,[MASK]<｜end▁of▁sentence｜>,"[MASK]<｜end▁of▁sentence｜>|[MASK]<｜end▁of▁sentence｜>|MASK
           <｜end▁of▁sentence｜>|copy namespace declarations to the result tree
     * fragment, this method is used by the Cl",
300,fillIn,MASK,False,3,MASK|MASK|MASK,[MASK]<｜end▁of▁sentence｜>,[MASK]<｜end▁of▁sentence｜>|MASK<｜end▁of▁sentence｜>| MASK<｜end▁of▁sentence｜>,
301,chain,MASK,False,12,MASK|MASK|MASK|MASK|MASK|MASK|MASK|MASK|MASK|MASK|MASK|MASK,[MASK]<｜end▁of▁sentence｜>,[MASK]<｜end▁of▁sentence｜>|[MASK]<｜end▁of▁sentence｜>|MASK<｜end▁of▁sentence｜>|[MASK]<｜end▁of▁sentence｜>|MASK<｜end▁of▁sentence｜>|MASK<｜end▁of▁sentence｜>|MASK<｜end▁of▁sentence｜>|MASK<｜end▁of▁sentence｜>|[MASK]<｜end▁of▁sentence｜>|MASK<｜end▁of▁sentence｜>|MASK<｜end▁of▁sentence｜>|MASK<｜end▁of▁sentence｜>,
302,composableTemplates,MASK,False,3,MASK|MASK|MASK,[MASK]<｜end▁of▁sentence｜>,"[MASK]<｜end▁of▁sentence｜>|MASK
               <｜end▁of▁sentence｜>| MASK<｜end▁of▁sentence｜>",
303,indexName,indexName,True,2,indexName|synonymId,  indexName<｜end▁of▁sentence｜>,"  indexName<｜end▁of▁sentence｜>|synonymId, indexName<｜end▁of▁sentence｜>",
304,reader,reader,True,4,reader|reader|reader|context,reader<｜end▁of▁sentence｜>,reader<｜end▁of▁sentence｜>|reader<｜end▁of▁sentence｜>|reader<｜end▁of▁sentence｜>|context<｜end▁of▁sentence｜>,
305,found,MASK,False,4,MASK|MASK|MASK|MASK,[MASK]<｜end▁of▁sentence｜>,"[MASK]<｜end▁of▁sentence｜>|MASK , t.intValue()<｜end▁of▁sentence｜>|MASK<｜end▁of▁sentence｜>|MASK );
        }
    }

    /**
     * Test of toString",
306,libraryClassPool,MASK,False,4,MASK|MASK|null|null,"[MASK]         the library class pool
     */
    public void finishEditing(","[MASK]         the library class pool
     */
    public void finishEditing(|[MASK] )
    {
        finishEditing();

        // Initialize|null).visitProgramClass(programClass);
            new ClassSuperHierarchyInitializer|null , null, null).visitProgramClass(programClass);
        new ClassReferenceInitial",
307,numHeaders,numHeaders,True,2,numHeaders|numHeaders,numHeaders<｜end▁of▁sentence｜>,numHeaders<｜end▁of▁sentence｜>|numHeaders<｜end▁of▁sentence｜>,
308,criticalSettingName,MASK,False,4,MASK|MASK|MASK|MASK,"         [MASK] = ""foo.bar.hide.this"";
        final String          ","         [MASK] = ""foo.bar.hide.this"";
        final String          |[MASK]<｜end▁of▁sentence｜>|MASK<｜end▁of▁sentence｜>|   MASK<｜end▁of▁sentence｜>",
309,error,e,False,2,e|e,e<｜end▁of▁sentence｜>,e<｜end▁of▁sentence｜>|e<｜end▁of▁sentence｜>,
310,weeks,MASK,False,31,MASK|MASK|MASK|weeks|week|ISO|weeks|Fields|used|WEEK_BASED_YEAR_RANGE|new|of|else|weekDef|();|week|end|OfWeekOffset|MASK|MASK|MASK|MASK|MASK|MASK|MASK|MASK|MASK|MASK|MASK|MASK|week,"[MASK]  periods where each
 * period starts on the defined first day-of-","[MASK]  periods where each
 * period starts on the defined first day-of-|[MASK]<｜end▁of▁sentence｜>| MASK  never overlap a year
 * boundary. The year is divided into periods where each period|weeks of a year may contain days from the previous calendar year or next calendar year
 * respectively|week-of-month/week-of-year)
    // this is because callers|ISO week-based-year and
     * ISO week-of-week-based-year|weeks.
     * <p>
     * The rules for addition add the number of|Fields.
     * <p>
     * This is used to implement the {@link #| used for each field to avoid
     * the need to synchronize access to the rules.
| WEEK_BASED_YEAR_RANGE);
        }

       | new date
         */
        private static Temporal adjustToWeek(
            Chronology|-of-year, and day-of-week
         */
        private static Chrono| } else if (rangeUnit == IsoFields.WEEK_BASED_YE| weekDef.getFirstDayOfWeek().getValue();
            int dow = temporal.get|();
            int dow = temporal.get(ChronoField.DAY_OF| week of week-based-year for the date
         */
        private int localizedWeekOf| end of week of previous year; return the previous year
                return weekDef.getWeekBased|OfWeekOffset(int, int)}
         * @param day the day of the month or| [MASK]<｜end▁of▁sentence｜>|[MASK]<｜end▁of▁sentence｜>|[MASK]<｜end▁of▁sentence｜>|[MASK]<｜end▁of▁sentence｜>|[MASK]<｜end▁of▁sentence｜>|MASK<｜end▁of▁sentence｜>|MASK<｜end▁of▁sentence｜>|MASK<｜end▁of▁sentence｜>|MASK<｜end▁of▁sentence｜>|MASK <｜end▁of▁sentence｜>|[MASK]<｜end▁of▁sentence｜>|MASK<｜end▁of▁sentence｜>|week of following year; recompute from a week in following year
                ChronoLocalDate date",
311,attachments,MASK,False,2,MASK|MASK,[MASK]<｜end▁of▁sentence｜>,"[MASK]<｜end▁of▁sentence｜>|MASK , int x, int y, int width,
		int height);

	public",
312,authnState,,False,2,|null,  <｜end▁of▁sentence｜>,"  <｜end▁of▁sentence｜>|null);
    }

    public static SamlAuthenticationState fromXContent(String x",
313,params,MASK,False,12,MASK|MASK|MASK|null|MASK|MASK|MASK|MASK|MASK|MASK|MASK|MASK,[MASK]<｜end▁of▁sentence｜>,"[MASK]<｜end▁of▁sentence｜>|  [MASK]<｜end▁of▁sentence｜>|[MASK]<｜end▁of▁sentence｜>|null, random);
                return;
            }
            if (spi != null|MASK<｜end▁of▁sentence｜>|[MASK]<｜end▁of▁sentence｜>|[MASK]<｜end▁of▁sentence｜>| MASK<｜end▁of▁sentence｜>|MASK<｜end▁of▁sentence｜>|MASK<｜end▁of▁sentence｜>|MASK<｜end▁of▁sentence｜>|MASK<｜end▁of▁sentence｜>",
314,instance,MASK,False,3,MASK|randomValueOtherThan|MASK,[MASK]<｜end▁of▁sentence｜>,[MASK]<｜end▁of▁sentence｜>|   randomValueOtherThan( [MASK]<｜end▁of▁sentence｜>|MASK<｜end▁of▁sentence｜>,
315,field,MASK,False,3,MASK|MASK|MASK,  [MASK]<｜end▁of▁sentence｜>,"  [MASK]<｜end▁of▁sentence｜>|MASK<｜end▁of▁sentence｜>|MASK
                           <｜end▁of▁sentence｜>",
316,groupEnd,MASK,False,12,MASK|MASK|MASK|MASK|MASK|MASK|MASK|MASK|MASK|MASK|MASK|MASK, [MASK]<｜end▁of▁sentence｜>," [MASK]<｜end▁of▁sentence｜>|MASK<｜end▁of▁sentence｜>|[MASK]<｜end▁of▁sentence｜>|[MASK]<｜end▁of▁sentence｜>| MASK  = groupStart + groups.getValueCount(groupPosition);
      for (int g|MASK<｜end▁of▁sentence｜>| MASK  = groupStart + groups.getValueCount(groupPosition);
      for (int g|MASK<｜end▁of▁sentence｜>|[MASK]<｜end▁of▁sentence｜>|MASK<｜end▁of▁sentence｜>|MASK<｜end▁of▁sentence｜>|MASK<｜end▁of▁sentence｜>",
317,foobarRelative,MASK,False,21,MASK|MASK|MASK|MASK|MASK|MASK|MASK|MASK|MASK|MASK|MASK|MASK|MASK|MASK|MASK|MASK|MASK|MASK|MASK|MASK|MASK,"[MASK]  = create(""foo/bar"");

    // (path, prefix)","[MASK]  = create(""foo/bar"");

    // (path, prefix)| [MASK] )).isFalse();
    assertThat( [MASK] .starts|[MASK] .startsWith(foobar)).isFalse();

    //| MASK .startsWith( MASK )).isTrue();
    assertThat( MASK| MASK )).isTrue();
    assertThat( MASK .startsWith(create(""|[MASK] .startsWith(create(""foo""))).isTrue();
    assertThat|[MASK] .startsWith(create(""""))).isTrue();

    //|[MASK]<｜end▁of▁sentence｜>|MASK )).isFalse();
    assertThat( MASK .startsWithIgnoringCase| MASK .startsWithIgnoringCase(foobar)).isFalse();

   |[MASK] .startsWithIgnoringCase( [MASK] )).isTrue|MASK )).isTrue();
    assertThat( MASK .startsWithIgnoringCase|MASK .startsWithIgnoringCase(create(""foo""))).isTrue();
   |MASK .startsWithIgnoringCase(create(""""))).isTrue();

   |MASK  = create(""foo/bar"");

    // (path, suffix) => true|MASK )).isTrue();
    assertThat( MASK .endsWith(foobar|MASK .endsWith(foobar)).isFalse();

    // (relative path|MASK<｜end▁of▁sentence｜>|MASK<｜end▁of▁sentence｜>|MASK<｜end▁of▁sentence｜>|MASK<｜end▁of▁sentence｜>",
318,atlasFilename,MASK,False,5,MASK|MASK|MASK|MASK|MASK,[MASK] <｜end▁of▁sentence｜>,[MASK] <｜end▁of▁sentence｜>|[MASK] <｜end▁of▁sentence｜>| MASK<｜end▁of▁sentence｜>|MASK<｜end▁of▁sentence｜>| MASK<｜end▁of▁sentence｜>,
319,context,MASK,False,6,MASK|MASK|MASK|MASK|MASK|MASK,[MASK]<｜end▁of▁sentence｜>,[MASK]<｜end▁of▁sentence｜>|[MASK]<｜end▁of▁sentence｜>|[MASK]<｜end▁of▁sentence｜>|[MASK]<｜end▁of▁sentence｜>|MASK<｜end▁of▁sentence｜>|MASK<｜end▁of▁sentence｜>,
320,decimalsBlock,MASK,False,8,MASK|MASK|MASK|MASK|MASK|MASK|MASK|MASK,[MASK]<｜end▁of▁sentence｜>,[MASK]<｜end▁of▁sentence｜>|[MASK]<｜end▁of▁sentence｜>|MASK<｜end▁of▁sentence｜>|MASK<｜end▁of▁sentence｜>|MASK<｜end▁of▁sentence｜>|[MASK]<｜end▁of▁sentence｜>|MASK<｜end▁of▁sentence｜>| MASK<｜end▁of▁sentence｜>,
321,oldDescs,MASK,False,4,MASK|MASK|MASK|MASK,   [MASK]<｜end▁of▁sentence｜>,   [MASK]<｜end▁of▁sentence｜>|[MASK]<｜end▁of▁sentence｜>|MASK<｜end▁of▁sentence｜>|MASK<｜end▁of▁sentence｜>,
322,lineNumberInfo,lineNumberInfo,True,7,lineNumberInfo|MASK|MASK|MASK|MASK|MASK|MASK,"lineNumberInfo)
    {
        // Are we inlining this line number?
","lineNumberInfo)
    {
        // Are we inlining this line number?
|[MASK]<｜end▁of▁sentence｜>|   [MASK]<｜end▁of▁sentence｜>|[MASK]<｜end▁of▁sentence｜>|[MASK]<｜end▁of▁sentence｜>|[MASK]<｜end▁of▁sentence｜>|  MASK<｜end▁of▁sentence｜>",
323,headersBuilder,MASK,False,8,MASK|MASK|MASK|MASK|MASK|MASK|MASK|MASK,[MASK]<｜end▁of▁sentence｜>,"[MASK]<｜end▁of▁sentence｜>|[MASK]<｜end▁of▁sentence｜>|[MASK]<｜end▁of▁sentence｜>|MASK<｜end▁of▁sentence｜>| MASK .contentType(MediaType.ANY);
            }

            response =|[MASK]<｜end▁of▁sentence｜>| MASK<｜end▁of▁sentence｜>| MASK<｜end▁of▁sentence｜>",
324,client,MASK,False,3,MASK||client,  [MASK]<｜end▁of▁sentence｜>,  [MASK]<｜end▁of▁sentence｜>|  <｜end▁of▁sentence｜>|client<｜end▁of▁sentence｜>,
325,configuration,MASK,False,17,MASK|MASK||MASK|MASK|MASK|MASK|MASK|MASK|MASK|MASK|MASK|MASK|MASK|MASK|MASK|rabbitProperties,[MASK]<｜end▁of▁sentence｜>,"[MASK]<｜end▁of▁sentence｜>|MASK<｜end▁of▁sentence｜>|<｜end▁of▁sentence｜>|[MASK]<｜end▁of▁sentence｜>|[MASK]<｜end▁of▁sentence｜>| MASK<｜end▁of▁sentence｜>|[MASK]<｜end▁of▁sentence｜>|MASK<｜end▁of▁sentence｜>| MASK .getTransactionSize() != null) {
			factory.setTransactionSize| MASK<｜end▁of▁sentence｜>| MASK .getTransactionSize() != null) {
			factory.setTransactionSize| MASK<｜end▁of▁sentence｜>| MASK<｜end▁of▁sentence｜>|[MASK]<｜end▁of▁sentence｜>| MASK<｜end▁of▁sentence｜>| MASK<｜end▁of▁sentence｜>|rabbitProperties.getListener()<｜end▁of▁sentence｜>",
326,operator,MASK,False,10,MASK|MASK|MASK|MASK|ts|MASK|MASK|MASK|ts|MASK,"[MASK] s.mixed;

import static org.junit.Assert.*;
","[MASK] s.mixed;

import static org.junit.Assert.*;
|MASK s.mixed.FlowableConcatMapSingle.ConcatMapSingleSubsc|[MASK]<｜end▁of▁sentence｜>|[MASK] .onSubscribe(new BooleanSubscription());

         [MASK|ts.assertEmpty();

         [MASK] .queue.offer(1);|[MASK] .queue.offer(1);

         [MASK] .|MASK .queue.isEmpty());

         [MASK] .addAndGet(-1|MASK .cancel();

        assertTrue( MASK .queue.isEmpty());
   |ts.assertEmpty();

         MASK .addAndGet(-1);

        | MASK<｜end▁of▁sentence｜>",
327,checkLicense,MASK,False,5,MASK|MASK|MASK|checkLicense|MASK,[MASK]<｜end▁of▁sentence｜>,[MASK]<｜end▁of▁sentence｜>| [MASK]<｜end▁of▁sentence｜>|[MASK]<｜end▁of▁sentence｜>|checkLicense<｜end▁of▁sentence｜>|MASK<｜end▁of▁sentence｜>,
328,seekPoint,seekPoint,True,3,seekPoint|MASK|MASK,seekPoint<｜end▁of▁sentence｜>,"seekPoint<｜end▁of▁sentence｜>|[MASK] , seekPoint<｜end▁of▁sentence｜>|MASK<｜end▁of▁sentence｜>",
329,array,MASK,False,175,"MASK|MASK|MASK|MASK|MASK|MASK|MASK|MASK|MASK|MASK|MASK|MASK|MASK|MASK|MASK|MASK|MASK|MASK|MASK|sequence|MASK|MASK|MASK|MASK|MASK|MASK|MASK|MASK|MASK|MASK|MASK|MASK|MASK|MASK|MASK|MASK|MASK|MASK|MASK|MASK|MASK|MASK|MASK|MASK|MASK|MASK|MASK|MASK|MASK|MASK|MASK|MASK|MASK|MASK|MASK|MASK|MASK|MASK|MASK|MASK|MASK|MASK|MASK|MASK|MASK|MASK|MASK|MASK|MASK|MASK|MASK|arraycopy|MASK|MASK|MASK|MASK|MASK|MASK|MASK|MASK|MASK|MASK|MASK|MASK|MASK|MASK|MASK|MASK|MASK|MASK|MASK|MASK|MASK|MASK|MASK|MASK|MASK|MASK|MASK|MASK|MASK|one|code|MASK||which|for|util|return|fA|xX|fFdD|completeDec|completeDec|#"",|Pattern|tt|D|as|p|throwing|p|return|since|since|expressions|return|use|a|return|so|MASK|so|MASK|MASK|MASK|MASK|MASK|MASK|MASK|MASK|MASK|distance|MASK|MASK|MASK|MASK|MASK|MASK||MASK|MASK|MASK|MASK|MASK|MASK|MASK|MASK|MASK||MASK|MASK|MASK|MASK|MASK|MASK|MASK||MASK|MASK||MASK|MASK|MASK|MASK"," [MASK] }.
   *
   * <p>Note that this always returns"," [MASK] }.
   *
   * <p>Note that this always returns|[MASK]  an  [MASK]  of {@code double} values, possibly| [MASK]  of {@code double} values, possibly empty
   * @param target|MASK<｜end▁of▁sentence｜>|[MASK] , double target) {
    for (double value :  [MASK| [MASK] ) {
      if (value == target) {
        return true;|[MASK] }. Note
   * that this always returns {@code -1} when|[MASK]  an  [MASK]  of {@code double} values, possibly|[MASK]  of {@code double} values, possibly empty
   * @param target|[MASK] [i] == target}, or {@code -1} if no
  |[MASK] , double target) {
    return indexOf( [MASK] ,| [MASK] , target, 0,  [MASK] .length);
 | [MASK] .length);
  }

  // TODO(kevinb):|[MASK]<｜end▁of▁sentence｜>| [MASK] [i] == target) {
        return i;
      }
|[MASK] }. If the  [MASK]  is empty or {@code target| [MASK]<｜end▁of▁sentence｜>|[MASK]  an  [MASK]  of {@code double} values, possibly|[MASK]  to search for the sequence {@code target}
   * @param target|sequence of {@code double} values to search for
   * @return the index of the first|MASK }
   * @return the index of the first occurrence of {@code target} in|MASK , double[] target) {
    checkNotNull( [MASK] , "" [| MASK );
    checkNotNull(target, ""target"");
    if (target.length|[MASK] "");
    checkNotNull(target, ""target"");
    if (target| MASK .length - target.length + 1; i++) {
      for (int| MASK [i + j] != target[j]) {
          continue outer;
|[MASK ]}, Note
   * that this always returns {@code -1} when {@|[MASK]  an  [MASK]  of {@code double} values, possibly|[MASK]  of {@code double} values, possibly empty
   * @param target| MASK [i] == target}, or {@code -1} if no
   *    |[MASK] , double target) {
    return lastIndexOf( [MASK]| MASK , target, 0,  MASK .length);
  }

 | MASK .length);
  }

  // TODO(kevinb): consider making|MASK , double target, int start, int end) {
    for (int i =| MASK [i] == target) {
        return i;
      }
    }|[MASK] }, using the same rules of comparison as {@link
   * Math#min|[MASK]  a <i>nonempty</i>  [MASK] |[MASK]  of {@code double} values
   * @return the value present in|[MASK] } that is less than or equal to every other value in
   *    | MASK 
   * @throws IllegalArgumentException if {@code  MASK } is empty
| MASK } is empty
   */
  @GwtIncompatible(
      ""Available|[MASK] ) {
    checkArgument( [MASK] .length > 0);| [MASK]<｜end▁of▁sentence｜>| MASK [0];
    for (int i = 1; i <  MASK .length| MASK .length; i++) {
      min = Math.min(min, | MASK<｜end▁of▁sentence｜>|MASK }, using the same rules of comparison as
   * {@link Math#max(double|[MASK] a <i>nonempty</i>  [MASK]  of|MASK  of {@code double} values
   * @return the value present in {@code|MASK } that is greater than or equal to every other value
   *     in the | MASK 
   * @throws IllegalArgumentException if {@code  MASK } is empty
|MASK } is empty
   */
  @GwtIncompatible(
      ""Available|MASK ) {
    checkArgument( MASK .length > 0);
    double max| MASK .length > 0);
    double max =  MASK [0];
    for| MASK [0];
    for (int i = 1; i <  MASK .length| MASK .length; i++) {
      max = Math.max(max, | MASK [i]);
    }
    return max;
  }

  /**|[MASK]  in the same order, as a single  [MASK] .
|[MASK] .
   *
   * <p>The returned  [MASK| [MASK ]  {@code
   * {a, b, c}}.
   *|[MASK]  zero or more  [MASK] 
   * @return a|[MASK] s
   * @return a single  [MASK]  containing all|MASK  containing all the values from the source  MASK s, in order
   *|  MASK s
   * @throws IllegalArgumentException if the total number of elements in {@code|[MASK] s} does not fit
   *     in an {@code int}
|[MASK] s) {
    int length = 0;
    for (double[]|[MASK]  :  [MASK] s) {
      length +=  [M|[MASK] s) {
      length +=  [MASK] .length;
   |[MASK] .length;
    }
    double[] result = new double[check|[MASK]  :  MASK s) {
      System. [MASK]|MASK s) {
      System. [MASK] copy( [MASK] ,|arraycopy( [MASK] , 0, result, pos,  [MASK]| [MASK] , 0, result, pos,  [MASK] .length);| MASK<｜end▁of▁sentence｜>| MASK .length;
    }
    return result;
  }

  /**|MASK s must fit in an int"",
        result);
    return (int) result|[MASK]  containing the values of {@code  [MASK] }, in the same|[MASK] }, but guaranteed to be of a
   * specified minimum length. If {@| [MASK] .length >= minLength}, the  [MASK]  is returned
|[MASK]  of size {@code minLength + padding} is
   * returned,| [MASK] }, followed by zeroes.
   *
   * @param  [|[MASK]<｜end▁of▁sentence｜>|[MASK]  to copy
   * @param minLength the minimum length the returned |[MASK]  must guarantee
   * @param padding an extra amount to ""grow""|  MASK  by if growth is necessary
   * @throws IllegalArgumentException if {@code min|[MASK]  containing the values of {@code  [MASK] }, with guaranteed minimum|MASK }, with guaranteed minimum length {@code
   *     minLength}
   */
|[MASK]<｜end▁of▁sentence｜>| [MASK]<｜end▁of▁sentence｜>| MASK , minLength + padding) :  [MASK] ;
  }

| MASK ;
  }

  /**
   * Returns an  MASK  containing|[MASK]<｜end▁of▁sentence｜>|MASK  of {@code double} values
   * @return a string containing the supplied values|MASK ) {
    checkNotNull(separator);
    if ( MASK .length| MASK .length == 0) {
      return """";
    }

    // For|  [MASK]<｜end▁of▁sentence｜>| [MASK] [0]);
    for (int i = 1; i <  [M| MASK .length; i++) {
      builder.append(separator).append(| MASK<｜end▁of▁sentence｜>|[MASK]  in ascending order.
   *
   * <p>The|  [MASK]  is a prefix of the other, treats the shorter  [MASK|one as
   * lexicographically less than the longer one.
   *
  |{@code
   * [1.0, 2.0].equals([1.|[MASK] } in ascending order.
   *
   * <p>Note|
     * the regex.
     */
    return java.util.regex.Pattern.|which doesn't support possessive quantifiers).
     */
    return java.util.| for the regex itself.
     */
    return java.util.regex.Pattern.compile|util.regex.Pattern.
     */
    return java.util.regex.Pattern.| return java.util.regex.Pattern.compile(
        ""[-+]?(0|fA-F]+#)"";
    String completeHex = hex + ""(|xX]"" + hex + ""(?:[pP][+-]?\\d+|fFdD]?"";
    String inf = ""(?:[iI][n| ""(?:"" + completeDec + ""|"" + completeHex + "")"";
   | + completeDec + ""|"" + completeHex + "")"";
    return java.util| ""#"",
            """"); // strip possessive quantifiers for RE2 (which doesn't|Pattern);
  }

  /**
   * Returns a string representation of the specified {@|tt>0x2D</tt>) may be used as a leading sign character.|D'</code>) may be used as a leading sign character. The ASCII
| as a minus sign. The ASCII character
   * {@code '+'} (<code|   * <p>The method is equivalent to {@link Double#parseDouble(String)}, but|   * throwing an exception when the string is not a valid representation of a double-precision
|   * <p>This method is equivalent to {@code Double.valueOf(string.trim|return the value represented by the string, or {@code null} if parsing fails
   */| * @since 1.0
   */
  @Nullable
  public static Double try| @since 1.0
   */
  @Nullable
  public static Double tryParse| expressions
  public static Double parse(String string) {
    checkNotNull(string);
|      return Double.valueOf(string);
    }
    return null;
  }| use a custom parser here
      return Double.valueOf(string);
    }
   |      // a lot of effort.
      return Double.valueOf(string);
    }|        return Double.valueOf(string);
      } catch (NumberFormatException e) {|, so we can't
        // assume that it will throw NumberFormatException if the string|[MASK]<｜end▁of▁sentence｜>|so<｜end▁of▁sentence｜>|[MASK]<｜end▁of▁sentence｜>| [MASK]<｜end▁of▁sentence｜>| MASK<｜end▁of▁sentence｜>|[MASK]<｜end▁of▁sentence｜>| MASK<｜end▁of▁sentence｜>| MASK<｜end▁of▁sentence｜>|MASK<｜end▁of▁sentence｜>| MASK<｜end▁of▁sentence｜>| MASK<｜end▁of▁sentence｜>|distance == 0 ||  [MASK]<｜end▁of▁sentence｜>|[MASK]<｜end▁of▁sentence｜>| MASK<｜end▁of▁sentence｜>| MASK<｜end▁of▁sentence｜>|[MASK]  containing the values of {@code  MASK }.
   *
| MASK<｜end▁of▁sentence｜>|[MASK]<｜end▁of▁sentence｜>| <｜end▁of▁sentence｜>|MASK<｜end▁of▁sentence｜>|MASK<｜end▁of▁sentence｜>|MASK<｜end▁of▁sentence｜>| MASK<｜end▁of▁sentence｜>|[MASK]<｜end▁of▁sentence｜>|[MASK]<｜end▁of▁sentence｜>|MASK<｜end▁of▁sentence｜>| MASK<｜end▁of▁sentence｜>|MASK<｜end▁of▁sentence｜>| <｜end▁of▁sentence｜>| MASK<｜end▁of▁sentence｜>| MASK<｜end▁of▁sentence｜>| [MASK]<｜end▁of▁sentence｜>|[MASK]<｜end▁of▁sentence｜>|[MASK]<｜end▁of▁sentence｜>| MASK<｜end▁of▁sentence｜>|[MASK]<｜end▁of▁sentence｜>|<｜end▁of▁sentence｜>| MASK<｜end▁of▁sentence｜>| [MASK]<｜end▁of▁sentence｜>| <｜end▁of▁sentence｜>| MASK<｜end▁of▁sentence｜>| MASK ]<｜end▁of▁sentence｜>| MASK<｜end▁of▁sentence｜>| MASK<｜end▁of▁sentence｜>",
330,content,MASK,False,6,MASK|MASK|MASK|MASK|MASK|MASK,[MASK]<｜end▁of▁sentence｜>,[MASK]<｜end▁of▁sentence｜>|[MASK]<｜end▁of▁sentence｜>| MASK<｜end▁of▁sentence｜>|MASK<｜end▁of▁sentence｜>|MASK<｜end▁of▁sentence｜>|MASK <｜end▁of▁sentence｜>,
331,options,,False,12,||MASK|MASK|MASK|MASK|MASK|MASK|MASK|MASK|MASK|, <｜end▁of▁sentence｜>, <｜end▁of▁sentence｜>|  <｜end▁of▁sentence｜>|[MASK]<｜end▁of▁sentence｜>|[MASK]<｜end▁of▁sentence｜>|[MASK]<｜end▁of▁sentence｜>|[MASK]<｜end▁of▁sentence｜>|[MASK]<｜end▁of▁sentence｜>|[MASK]<｜end▁of▁sentence｜>|[MASK]<｜end▁of▁sentence｜>|MASK<｜end▁of▁sentence｜>|MASK<｜end▁of▁sentence｜>|<｜end▁of▁sentence｜>,
332,width,size,False,68,size|width|MASK|MASK|MASK|MASK|MASK|MASK|MASK|width|width|deprecated|Actor||see|);|ctor|ctor|null|. */|Called|protected|}|y||izontally|protected|));|the|pixels|actual|0;||ScrollListener|x|height|X|getMinHeight|style|Scroll|the||ScrollY|disableX|<= 0;|Y|-1;||ing|scroll|return|public||MASK|MASK|MASK||MASK||MASK|MASK|MASK|MASK|MASK|-|of||MASK,"size is larger than the scroll pane's size, the scroll pane
 * will scroll","size is larger than the scroll pane's size, the scroll pane
 * will scroll|width * (x < hKnobBounds.x ? -1 : 1));
				| [MASK]  - hKnobBounds. [MASK] , scrollH);
|[MASK] , scrollH);
					float total = hScrollBounds. [M|[MASK]  - hKnobBounds. [MASK] ;
					if (|MASK ;
					if (total != 0) setScrollPercentX((scrollH| [MASK]  - hKnobBounds. [MASK] ) > actorArea.| MASK ) > actorArea. [MASK]  * 0.1f)) &&| [MASK ]  * 0.1f)) && //
				(!touchScroll|width<｜end▁of▁sentence｜>|width<｜end▁of▁sentence｜>|	/** @deprecated Use {@link #getActor()}. */
	@Deprecated
	public @|Actor(Actor) */
	@Deprecated
	public void addActor (Actor|
	public void addActorBefore (Actor actor) {
		throw new Unsupported| @see #setActor(Actor) */
	@Deprecated
	public void addA|);
		return true;
	}

	public void setScrollX (float amountX)|ctor(actor, unfocus);
	}

	/** @deprecated Use {@link #setScroll|ctor removeActor (int index) {
		Actor actor = super.removeA| null;
		return actor;
	}

	public Actor removeActor (Actor|. */
	protected void scrollX (float amount) {
		amountX = amount| Called whenever the y scroll amount is changed. */
	protected void scrollY (float pixels|	protected void visualScrollX (float pixelsX) {
		this.visualAmountX|	}

	/** Called whenever the visual y scroll amount is changed. */
	protected void| y scroll amount is changed. */
	protected void visualScrollY (float pixelsY) {|
		this.visualAmountY = pixelsY;
	}

	/** Sets the x|izontally. */
	public float getScrollX () {
		return amountX;
|protected float getMouseWheelX () {
		return 0;
	}

	/**|));
	}

	/** Returns the amount to scroll vertically when the mouse wheel is scrolled| the amount to scroll vertically when the mouse wheel is scrolled. */
	protected float get| pixels. */
	public float getScrollX () {
		return amountX;
	}
| actual scroll amount. */
	public void setVisualScrollX (float pixels) {
		| 0;
		return visualAmountX / maxX;
	}

	public float get|
			removeListener(flickScrollListener);
	}

	public boolean isFlick|ScrollListener);
	}

	public boolean isFlickScroll () {
		return flick|(x, y,  [MASK] , height, 0, 0);
| height, 0, 0);
	}

	/** Sets the scroll offset so the specified|X, 0, maxX));

		float amountY = this.amountY|.getMinHeight());
		return height;
	}

	public float getScrollBarWidth| style.vScrollKnob.getMinWidth();
		if (style.vScroll !|Scroll != null)  [MASK]  = Math.max( [MASK] | the scroll pane's actor. */
	public float getActorWidth () {
	|
	}

	/** Returns the  [MASK]  of the scrolled viewport.|ScrollY () {
		return scrollY;
	}

	/** Returns true if the actor|	disableX = x;
		disableY = y;
		invalidate();| <= 0;
	}

	public boolean isBottomEdge () {
		return !scrollY|Y || amountY >= maxY;
	}

	public void setOverscroll (| -1;
	}

	public boolean isTouchScrollH () {
		return touchScroll|
	}

	public boolean isFlinging () {
		return flingTimer > 0|ing () {
		return flingTimer > 0;
	}

	public boolean isTouch| scroll y velocity. */
	public float getVelocityY () {
		return velocityY|	return velocityY;
	}

	public void setOverscroll (boolean overscroll|		public ScrollPaneStyle () {
		}

		public ScrollPaneStyle (|
		public ScrollPaneStyle (ScrollPaneStyle style) {
			background = style|[MASK] <｜end▁of▁sentence｜>|[MASK] <｜end▁of▁sentence｜>|[MASK] <｜end▁of▁sentence｜>|<｜end▁of▁sentence｜>|[MASK]<｜end▁of▁sentence｜>|<｜end▁of▁sentence｜>|MASK<｜end▁of▁sentence｜>|[MASK]<｜end▁of▁sentence｜>|[MASK]<｜end▁of▁sentence｜>|MASK<｜end▁of▁sentence｜>|MASK <｜end▁of▁sentence｜>|-<｜end▁of▁sentence｜>|of the scrolled viewport. */
	public float getScrollWidth () {
		return actor|<｜end▁of▁sentence｜>| MASK<｜end▁of▁sentence｜>",
333,orientation,result,False,4,result|MASK|MASK|MASK,"result from the first of {@code parsers} that returns something other than {@link
  ","result from the first of {@code parsers} that returns something other than {@link
  |[MASK]<｜end▁of▁sentence｜>|MASK<｜end▁of▁sentence｜>|MASK<｜end▁of▁sentence｜>",
334,totalBytes,total,False,5,total|totalBytes|MASK|MASK|MASK,"total = ByteSizeValue.ofBytes(usage.totalBytes());
        ByteSizeValue free","total = ByteSizeValue.ofBytes(usage.totalBytes());
        ByteSizeValue free|totalBytes ());
        ByteSizeValue  used   = ByteSizeValue.ofBytes(usage|[MASK]<｜end▁of▁sentence｜>|MASK<｜end▁of▁sentence｜>|MASK<｜end▁of▁sentence｜>",
335,mockClient,terminate,False,8,terminate|MASK|MASK|MASK|MASK|MASK|MASK|null,"terminate;
import static org.elasticsearch.xpack.ml.utils.TaskRet","terminate;
import static org.elasticsearch.xpack.ml.utils.TaskRet|[MASK]<｜end▁of▁sentence｜>|[MASK]<｜end▁of▁sentence｜>|MASK<｜end▁of▁sentence｜>|  [MASK]<｜end▁of▁sentence｜>|MASK<｜end▁of▁sentence｜>| MASK<｜end▁of▁sentence｜>|null,
            null,
            TestProjectResolvers.DEFAULT_PROJECT_ONLY
",
336,suppressPositionProjection,MASK,False,3,MASK|MASK|isMask,[MASK]<｜end▁of▁sentence｜>,[MASK]<｜end▁of▁sentence｜>| /*  [MASK] = */ true<｜end▁of▁sentence｜>|isMask<｜end▁of▁sentence｜>,
337,nameStart,MASK,False,19,MASK|MASK|MASK|MASK|MASK|MASK|MASK|MASK|MASK|MASK|MASK|MASK|MASK|MASK|MASK|MASK|MASK|MASK|MASK, [MASK]<｜end▁of▁sentence｜>, [MASK]<｜end▁of▁sentence｜>| [MASK]<｜end▁of▁sentence｜>| [MASK]<｜end▁of▁sentence｜>|MASK<｜end▁of▁sentence｜>| [MASK]<｜end▁of▁sentence｜>|[MASK]<｜end▁of▁sentence｜>|MASK<｜end▁of▁sentence｜>|[MASK]<｜end▁of▁sentence｜>| MASK<｜end▁of▁sentence｜>|[MASK]<｜end▁of▁sentence｜>|MASK<｜end▁of▁sentence｜>|[MASK]<｜end▁of▁sentence｜>|MASK<｜end▁of▁sentence｜>|MASK<｜end▁of▁sentence｜>|MASK<｜end▁of▁sentence｜>| MASK<｜end▁of▁sentence｜>|MASK<｜end▁of▁sentence｜>| MASK<｜end▁of▁sentence｜>| MASK<｜end▁of▁sentence｜>,
338,expectedChecksum,,False,5,|to|terminal|Dir|from,"
    private static void jarHellCheck(PluginDescriptor info, Path pluginRoot, Path plugins","
    private static void jarHellCheck(PluginDescriptor info, Path pluginRoot, Path plugins| to {@code pluginsDir}.
     */
    private PluginDescriptor installPlugin(Installable| terminal.println(
                ""Warning: plugin-security.policy is deprecated and will be|Dir().resolve(info.getName()),
            destination,
            deleteOnFailure
        );| from the plugin's temp dir to the plugin's destination dir.
     */
   ",
339,PF_LENGTH,,False,3,|ale|full,"
     */
    @Test
    public void TestDateFormatCalendar() {
        Calendar","
     */
    @Test
    public void TestDateFormatCalendar() {
        Calendar|ale.US);
        if (time == null) {
            errln(""FAIL| full = DateFormat.getDateTimeInstance(DateFormat.SHORT, DateFormat.SHORT",
340,userPassedSupplier,MASK,False,4,MASK|MASK|MASK|MASK,[MASK]<｜end▁of▁sentence｜>,[MASK]<｜end▁of▁sentence｜>|MASK<｜end▁of▁sentence｜>|MASK<｜end▁of▁sentence｜>| MASK && result != null<｜end▁of▁sentence｜>,
341,transFactory,,False,2,|TransformerFactory, <｜end▁of▁sentence｜>," <｜end▁of▁sentence｜>|TransformerFactory
                    .newInstance()
                   <｜end▁of▁sentence｜>",
342,hudson,MASK,False,14,MASK|MASK|MASK|MASK|MASK|MASK|MASK|MASK|MASK|MASK|MASK|MASK|MASK|MASK,"[MASK] .model.DescriptorList;

import  [MASK] .model","[MASK] .model.DescriptorList;

import  [MASK] .model|[MASK] .ExtensionList;
import  [MASK] .ExtensionComponent;
|[MASK]<｜end▁of▁sentence｜>|[MASK]<｜end▁of▁sentence｜>|[MASK]<｜end▁of▁sentence｜>|[MASK]<｜end▁of▁sentence｜>|[MASK]<｜end▁of▁sentence｜>| MASK<｜end▁of▁sentence｜>|[MASK]<｜end▁of▁sentence｜>|[MASK]<｜end▁of▁sentence｜>|[MASK ]<｜end▁of▁sentence｜>| MASK<｜end▁of▁sentence｜>|[MASK]<｜end▁of▁sentence｜>|MASK<｜end▁of▁sentence｜>",
343,constructedUserInfo,MASK,False,2,MASK|MASK,[MASK]<｜end▁of▁sentence｜>,"[MASK]<｜end▁of▁sentence｜>|MASK.hasEmptyPassword(), equalTo(true));

        assertThat(disabledUserInfo",
344,event,defaults,False,7,defaults|MASK|MASK|MASK|MASK|MASK|MASK,"defaults"";
    private static final String TRIGGER_DEFAULTS_DOC =","defaults"";
    private static final String TRIGGER_DEFAULTS_DOC =|[MASK]<｜end▁of▁sentence｜>|[MASK]<｜end▁of▁sentence｜>|MASK<｜end▁of▁sentence｜>|MASK<｜end▁of▁sentence｜>|MASK<｜end▁of▁sentence｜>|MASK<｜end▁of▁sentence｜>",
345,targetSize,targetSize,True,2,targetSize|targetSize,targetSize<｜end▁of▁sentence｜>,targetSize<｜end▁of▁sentence｜>|targetSize<｜end▁of▁sentence｜>,
346,searchProfileQueryPhaseResult,MASK,False,3,MASK|MASK|MASK,[MASK]<｜end▁of▁sentence｜>,[MASK]<｜end▁of▁sentence｜>|MASK.setSearchProfileDfsPhaseResult(SearchProfileDfsPhaseResultTests|MASK<｜end▁of▁sentence｜>,
347,minSettings,new,False,2,new|put,""") : new IllegalArgumentException(""illegal"");
        });
        try {
            predicateSetting",""") : new IllegalArgumentException(""illegal"");
        });
        try {
            predicateSetting|().put(""foo.bar.1.value"", ""1"").put(""foo.bar.",
348,observer,MASK,False,3,MASK|MASK|MASK,"[MASK]
                       <｜end▁of▁sentence｜>","[MASK]
                       <｜end▁of▁sentence｜>|   MASK
                       <｜end▁of▁sentence｜>|MASK<｜end▁of▁sentence｜>",
349,messageConverter,MASK,False,7,MASK|MASK|MASK|MASK|MASK|MASK|MASK,[MASK] <｜end▁of▁sentence｜>,[MASK] <｜end▁of▁sentence｜>|[MASK] <｜end▁of▁sentence｜>|[MASK]<｜end▁of▁sentence｜>| MASK<｜end▁of▁sentence｜>|MASK<｜end▁of▁sentence｜>| MASK<｜end▁of▁sentence｜>| MASK<｜end▁of▁sentence｜>,
350,fileNAK,url,False,3,url|url|url,"  url = ""file:///C:/path/to/dir/"";
        assertTrue","  url = ""file:///C:/path/to/dir/"";
        assertTrue|url ));
        url = ""file://bad ^ domain.com/label/test"";|""url should be invalid: "" + url );
    }

    @Test
   ",
351,codeUnderTestIdObj,MASK,False,3,MASK|MASK|MASK,     [MASK]<｜end▁of▁sentence｜>,"     [MASK]<｜end▁of▁sentence｜>|   MASK<｜end▁of▁sentence｜>|MASK
                        <｜end▁of▁sentence｜>",
352,passwordHash,passwordHash,True,3,passwordHash|MASK|elastic,"passwordHash));
    }

    public void testVerifyUserWithEmptyPassword() throws Exception","passwordHash));
    }

    public void testVerifyUserWithEmptyPassword() throws Exception|[MASK]<｜end▁of▁sentence｜>|""elastic"", MASK<｜end▁of▁sentence｜>",
353,taken,MASK,False,6,MASK|MASK|invocationsSinceLastSuccess|MASK|MASK|MASK,[MASK]<｜end▁of▁sentence｜>,[MASK]<｜end▁of▁sentence｜>|[MASK]<｜end▁of▁sentence｜>|invocationsSinceLastSuccess<｜end▁of▁sentence｜>|[MASK]<｜end▁of▁sentence｜>|MASK<｜end▁of▁sentence｜>|MASK<｜end▁of▁sentence｜>,
354,tableName,tableName,True,2,tableName|tableName,tableName<｜end▁of▁sentence｜>,tableName<｜end▁of▁sentence｜>|tableName<｜end▁of▁sentence｜>,
355,strict,MASK,False,10,MASK|MASK|MASK|MASK|MASK|MASK|MASK|MASK|MASK|MASK,[MASK]<｜end▁of▁sentence｜>,"[MASK]<｜end▁of▁sentence｜>|[MASK]<｜end▁of▁sentence｜>|[MASK]<｜end▁of▁sentence｜>|[MASK]<｜end▁of▁sentence｜>|MASK<｜end▁of▁sentence｜>|[MASK]<｜end▁of▁sentence｜>|MASK  parsing<｜end▁of▁sentence｜>|MASK, boolean fixedWidth) {
        switch (ordinal()) {
            case |[MASK] <｜end▁of▁sentence｜>| MASK<｜end▁of▁sentence｜>",
356,driverContext,MASK,False,8,MASK|MASK|MASK|MASK|MASK|MASK|MASK|MASK,"[MASK] ;

  public SpatialCentroidGeoPointDocValuesGrouping","[MASK] ;

  public SpatialCentroidGeoPointDocValuesGrouping|[MASK]<｜end▁of▁sentence｜>| MASK  =  [MASK] ;
  }

  public static SpatialCent|MASK ;
  }

  @Override
  public void processRawInput(Group|MASK<｜end▁of▁sentence｜>|),  MASK );
  }

  @Override
  public void processRawInput|MASK );
  }

  @Override
  public void processRawInputPage(|MASK<｜end▁of▁sentence｜>",
357,amountX,amountX,True,2,amountX|amountX,amountX<｜end▁of▁sentence｜>,amountX<｜end▁of▁sentence｜>|amountX<｜end▁of▁sentence｜>,
358,response,,False,2,|, <｜end▁of▁sentence｜>, <｜end▁of▁sentence｜>| <｜end▁of▁sentence｜>,
359,missed,MASK,False,12,MASK|MASK|MASK|MASK|MASK|MASK|MASK|MASK|MASK|MASK|MASK|MASK,[MASK]<｜end▁of▁sentence｜>,[MASK]<｜end▁of▁sentence｜>|[MASK]<｜end▁of▁sentence｜>|MASK<｜end▁of▁sentence｜>|MASK<｜end▁of▁sentence｜>|[MASK]<｜end▁of▁sentence｜>|[MASK]<｜end▁of▁sentence｜>|[MASK]<｜end▁of▁sentence｜>|[MASK]<｜end▁of▁sentence｜>|[MASK]<｜end▁of▁sentence｜>|[MASK]<｜end▁of▁sentence｜>|MASK<｜end▁of▁sentence｜>|MASK<｜end▁of▁sentence｜>,
360,unused,MASK,False,7,MASK|var|MASK|MASK|MASK|MASK|MASK,[MASK]<｜end▁of▁sentence｜>,[MASK]<｜end▁of▁sentence｜>|   var  [MASK]<｜end▁of▁sentence｜>|[MASK]<｜end▁of▁sentence｜>|[MASK]<｜end▁of▁sentence｜>|MASK<｜end▁of▁sentence｜>|MASK<｜end▁of▁sentence｜>|MASK<｜end▁of▁sentence｜>,
361,existing,existing,True,4,existing|MASK|MASK|MASK,existing<｜end▁of▁sentence｜>,existing<｜end▁of▁sentence｜>|[MASK]<｜end▁of▁sentence｜>|MASK<｜end▁of▁sentence｜>|MASK<｜end▁of▁sentence｜>,
362,valueString,name,False,1,name,name<｜end▁of▁sentence｜>,name<｜end▁of▁sentence｜>,
363,source,MASK,False,3,MASK|MASK|test,MASK<｜end▁of▁sentence｜>,"MASK<｜end▁of▁sentence｜>|MASK<｜end▁of▁sentence｜>|""test.Test.one""<｜end▁of▁sentence｜>",
364,buffer,buffer,True,16,buffer|buffer|buffer|buffer|buffer|bufferMode|MASK|MASK|MASK|MASK|MASK|MASK|MASK|MASK|MASK|MASK,"buffer (int readFramebuffer, int drawFramebuffer, int mask, int filter, int src","buffer (int readFramebuffer, int drawFramebuffer, int mask, int filter, int src|buffer  (int mode, int first, int count);

	public native void glClearBuffer|buffer StorageMultisample (int target, int samples, int internalformat, int width, int|buffer, int offset, int size);

	public native void glBindBufferBase (int target|buffer );

	public native void glTransformFeedbackVaryings (int program, String[]|bufferMode);

	public native void glGetInteger64i_v (int target,|[MASK]<｜end▁of▁sentence｜>|[MASK]<｜end▁of▁sentence｜>|[MASK]<｜end▁of▁sentence｜>|MASK<｜end▁of▁sentence｜>|[MASK]<｜end▁of▁sentence｜>|MASK<｜end▁of▁sentence｜>|MASK<｜end▁of▁sentence｜>|MASK , float depth, int stencil);

	public native void glClearBufferfi (|[MASK]<｜end▁of▁sentence｜>|MASK<｜end▁of▁sentence｜>",
365,interval,intervalMinutes,False,2,intervalMinutes|intervalMinutes,"intervalMinutes
              <｜end▁of▁sentence｜>","intervalMinutes
              <｜end▁of▁sentence｜>|intervalMinutes<｜end▁of▁sentence｜>",
366,onthrowMethod,MASK,False,5,MASK|MASK|MASK|MASK|MASK,[MASK] <｜end▁of▁sentence｜>,[MASK] <｜end▁of▁sentence｜>|[MASK] <｜end▁of▁sentence｜>|MASK<｜end▁of▁sentence｜>|MASK<｜end▁of▁sentence｜>|MASK<｜end▁of▁sentence｜>,
367,projectIndex,MASK,False,8,MASK|MASK|MASK|MASK|MASK|MASK|MASK|MASK,[MASK]<｜end▁of▁sentence｜>,[MASK]<｜end▁of▁sentence｜>|[MASK]<｜end▁of▁sentence｜>|[MASK]<｜end▁of▁sentence｜>|[MASK]<｜end▁of▁sentence｜>|MASK .isAvailable(SecurityIndexManager.Availability.WRITE_SHARDS)).|MASK<｜end▁of▁sentence｜>|[MASK]<｜end▁of▁sentence｜>|MASK<｜end▁of▁sentence｜>,
368,bgRightWidth,bgRightWidth,True,5,"bgRightWidth|bgRightWidth|bgRightWidth|in|0, 1);","bgRightWidth = 0, bgTopHeight = 0, bgBottomHeight = 0;
	","bgRightWidth = 0, bgTopHeight = 0, bgBottomHeight = 0;
	|bgRightWidth  = bg.getRightWidth();
			 bgTopHeight = bg.getTop|bgRightWidth, height - bgTopHeight - bgBottomHeight);

		if (actor| in pixels, where 0 is the top of the scroll pane. */
	public float get| 0, 1);
	}

	public void setScrollPercentX (float percent",
369,moduleName,String,False,3,String|typeCount|return," String type2 = typeTable[typeTableIndex2].value;
    String mergedType ="," String type2 = typeTable[typeTableIndex2].value;
    String mergedType =|typeCount, Symbol.MERGED_TYPE_TAG, commonSuperTypeIndex, data|    return commonSuperTypeIndex;
  }

  /**
   * Adds a",
370,stagingHash,stagingHash,True,7,stagingHash|stagingHash|stagingHash|MASK|stagingHash|stagingHash|that,"stagingHash, final boolean isSnapshot, final String pluginId, final String platform)
       ","stagingHash, final boolean isSnapshot, final String pluginId, final String platform)
       |stagingHash != null) {
            baseUrl = nonReleaseUrl(""snapshots"",|stagingHash  != null) {
            baseUrl = nonReleaseUrl(""snapshots|[MASK] , pluginId);
            } else {
                baseUrl = nonRelease| stagingHash , pluginId);
            }
        } else {
            if (is| stagingHash , final String pluginId) {
        return String.format(
            Loc| that you have a working random number generator by running the following command: ""
                    : ""En",
371,supersetSize,MASK,False,12,MASK|MASK|MASK|MASK|MASK|MASK|MASK|MASK|MASK|MASK|MASK|MASK, [MASK]<｜end▁of▁sentence｜>, [MASK]<｜end▁of▁sentence｜>| [MASK]<｜end▁of▁sentence｜>|[MASK]<｜end▁of▁sentence｜>| [MASK]<｜end▁of▁sentence｜>| MASK<｜end▁of▁sentence｜>|MASK<｜end▁of▁sentence｜>| MASK<｜end▁of▁sentence｜>|[MASK]<｜end▁of▁sentence｜>|[MASK]<｜end▁of▁sentence｜>|MASK<｜end▁of▁sentence｜>|MASK<｜end▁of▁sentence｜>| MASK<｜end▁of▁sentence｜>,
372,equal,MASK,False,8,MASK|eqPos|eqPos|eqPos|MASK|MASK|MASK|MASK,[MASK]<｜end▁of▁sentence｜>,[MASK]<｜end▁of▁sentence｜>|eqPos<｜end▁of▁sentence｜>|eqPos<｜end▁of▁sentence｜>|eqPos<｜end▁of▁sentence｜>|[MASK]<｜end▁of▁sentence｜>|MASK<｜end▁of▁sentence｜>|[MASK]<｜end▁of▁sentence｜>|MASK<｜end▁of▁sentence｜>,
373,clazz,clazz,True,28,clazz|clazz|fieldType|MASK|MASK|MASK|MASK|MASK|MASK|MASK|MASK|MASK|MASK|MASK|MASK|MASK|MASK|MASK|MASK|MASK|MASK|MASK|MASK|MASK|MASK|MASK|MASK|MASK,clazz<｜end▁of▁sentence｜>,"clazz<｜end▁of▁sentence｜>|clazz.getName();
        } else if (objClass == URI.class) {
|fieldType<｜end▁of▁sentence｜>|[MASK]  == Iterator.class) {
            if (lexer.token|[MASK]  == InetSocketAddress.class) {
                    String address = json|MASK<｜end▁of▁sentence｜>|  [MASK] <｜end▁of▁sentence｜>|[MASK]<｜end▁of▁sentence｜>|[MASK]<｜end▁of▁sentence｜>|[MASK]<｜end▁of▁sentence｜>|[MASK]<｜end▁of▁sentence｜>|[MASK]<｜end▁of▁sentence｜>|[MASK]<｜end▁of▁sentence｜>|[MASK]<｜end▁of▁sentence｜>|[MASK]<｜end▁of▁sentence｜>|MASK<｜end▁of▁sentence｜>| MASK<｜end▁of▁sentence｜>| MASK<｜end▁of▁sentence｜>| MASK  == Currency.class) {
            return (T) Currency.getInstance|[MASK]<｜end▁of▁sentence｜>|[MASK]<｜end▁of▁sentence｜>| MASK<｜end▁of▁sentence｜>| MASK<｜end▁of▁sentence｜>| MASK<｜end▁of▁sentence｜>| MASK<｜end▁of▁sentence｜>| MASK<｜end▁of▁sentence｜>|MASK<｜end▁of▁sentence｜>|MASK );
    }

    public int getType() {
        return 0",
374,indexMetadata,MASK,False,18,MASK|MASK|MASK|MASK|MASK|MASK|MASK|new|new|MASK|MASK|MASK|MASK|MASK|MASK|MASK|MASK|MASK, [MASK]<｜end▁of▁sentence｜>," [MASK]<｜end▁of▁sentence｜>| [MASK]<｜end▁of▁sentence｜>| [MASK]<｜end▁of▁sentence｜>|[MASK]<｜end▁of▁sentence｜>| MASK<｜end▁of▁sentence｜>|MASK<｜end▁of▁sentence｜>| MASK<｜end▁of▁sentence｜>|   new ShardId( [MASK] .getIndex(), 0),
                            new|new RestoreInProgress.ShardRestoreStatus(
                                new ShardId( [|[MASK]<｜end▁of▁sentence｜>|MASK .getIndex(), 0)), shardSize)
        );

        All|MASK<｜end▁of▁sentence｜>|[MASK]<｜end▁of▁sentence｜>| MASK<｜end▁of▁sentence｜>|MASK<｜end▁of▁sentence｜>|MASK<｜end▁of▁sentence｜>|MASK<｜end▁of▁sentence｜>|MASK<｜end▁of▁sentence｜>",
375,certificates,certificates,True,6,certificates|MASK|MASK|MASK|MASK|MASK,certificates<｜end▁of▁sentence｜>,certificates<｜end▁of▁sentence｜>|[MASK] <｜end▁of▁sentence｜>| [MASK] <｜end▁of▁sentence｜>|[MASK] <｜end▁of▁sentence｜>| MASK<｜end▁of▁sentence｜>|MASK<｜end▁of▁sentence｜>,
376,bufferSize,MASK,False,17,MASK|MASK|MASK|MASK|MASK|MASK|MASK|MASK|MASK|MASK|MASK|MASK|MASK|MASK|MASK|MASK|MASK,"[MASK]  the maximum number of elements to hold
     * @return the new Connect","[MASK]  the maximum number of elements to hold
     * @return the new Connect|[MASK]<｜end▁of▁sentence｜>|MASK  == Integer.MAX_VALUE) {
            return createFrom(source);
|[MASK] , eagerTruncate));
    }

    /**
     *| MASK  the maximum number of elements to hold
     * @param eagerTruncate if|MASK<｜end▁of▁sentence｜>| MASK<｜end▁of▁sentence｜>|[MASK]<｜end▁of▁sentence｜>|[MASK]<｜end▁of▁sentence｜>| [MASK]<｜end▁of▁sentence｜>|MASK<｜end▁of▁sentence｜>| MASK <｜end▁of▁sentence｜>|[MASK]<｜end▁of▁sentence｜>|MASK<｜end▁of▁sentence｜>| MASK<｜end▁of▁sentence｜>|MASK<｜end▁of▁sentence｜>| MASK<｜end▁of▁sentence｜>",
377,listener,MASK,False,5,MASK|MASK|MASK|MASK|MASK,[MASK]<｜end▁of▁sentence｜>,[MASK]<｜end▁of▁sentence｜>|MASK<｜end▁of▁sentence｜>|[MASK]<｜end▁of▁sentence｜>|MASK<｜end▁of▁sentence｜>|MASK.onFailure(LicenseUtils.newComplianceException(XPackField.M,
378,strategy,,False,8,|MASK|MASK|MASK|MASK|MASK|MASK|MASK,  <｜end▁of▁sentence｜>,  <｜end▁of▁sentence｜>|[MASK]<｜end▁of▁sentence｜>|[MASK]<｜end▁of▁sentence｜>|[MASK]<｜end▁of▁sentence｜>|[MASK]<｜end▁of▁sentence｜>|MASK<｜end▁of▁sentence｜>|MASK<｜end▁of▁sentence｜>|MASK<｜end▁of▁sentence｜>,
379,vPath,MASK,False,3,MASK|name|name,"[MASK] , int mode, ZipExtraField[] extra)
      throws IOException {","[MASK] , int mode, ZipExtraField[] extra)
      throws IOException {|name<｜end▁of▁sentence｜>|name<｜end▁of▁sentence｜>",
380,webSocketClient,MASK,False,6,MASK|MASK|MASK|MASK|MASK|MASK,[MASK]<｜end▁of▁sentence｜>,[MASK]<｜end▁of▁sentence｜>|[MASK]<｜end▁of▁sentence｜>| MASK<｜end▁of▁sentence｜>|[MASK]<｜end▁of▁sentence｜>|MASK<｜end▁of▁sentence｜>| MASK<｜end▁of▁sentence｜>,
381,toBeReturned,MASK,False,4,MASK|MASK|MASK|MASK,[MASK]<｜end▁of▁sentence｜>,[MASK]<｜end▁of▁sentence｜>|MASK<｜end▁of▁sentence｜>|[MASK]<｜end▁of▁sentence｜>|MASK<｜end▁of▁sentence｜>,
382,array,,False,2,|, <｜end▁of▁sentence｜>, <｜end▁of▁sentence｜>|<｜end▁of▁sentence｜>,
383,batch,Sets,False,17,Sets|y|amountX|clamp|amountY||clamp|Y|}|scrollbarHeight|getMinHeight|0;|the|the|isScrollY|y|boolean, Sets the time in seconds for which the scroll pane will fade the scrollbars in and out.," Sets the time in seconds for which the scroll pane will fade the scrollbars in and out.| y, float width, float height) {
		scrollTo(x, y, width|amountX = x;
		float amountY = this.amountY;
		if|.clamp(amountX, 0, maxX));

		float amountY|amountY;
		if (centerVertical)
			amountY = y + (|
		else
			amountY = MathUtils.clamp(amountY, y,|.clamp(amountY, y, y + height - actorArea.height);
	|Y));

		updateVisualScroll();
	}

	/** Sets the scroll offset so|	}

	/** Sets whether the scroll pane should scroll horizontally. */
	public| scrollbarHeight = 0;
		if (style.hScrollKnob != null)|.getMinHeight());
		return height;
	}

	public float getScrollBarWidth| 0;
		float width = 0;
		if (style.vScrollKn| the actor embedded in this scroll pane. */
	public float getActorWidth () {
| the width of the actor. */
	public float getActorWidth () {
		if (| isScrollY () {
		return scrollY;
	}

	/** Returns true if the| && y == disableY) return;
		disableX = x;
		disable| boolean isScrollingDisabledY () {
		return disableY;
	}

	/**",
384,expectedLatn,sym2,False,3,sym2|);|s,"= sym2.hashCode()) {
            errln(""FAIL: hashCode not equal","= sym2.hashCode()) {
            errln(""FAIL: hashCode not equal|);
        sym2 = new DateFormatSymbols(GregorianCalendar.class,|s(new ChineseCalendar(), Locale.CHINA);
        sym.equals(null",
385,sampleEntry,entry,False,5,entry|entry|MASK|MASK|MASK,entry<｜end▁of▁sentence｜>,entry<｜end▁of▁sentence｜>|entry != null && entry.toolInstaller != null && entry.toolInstaller.|[MASK]<｜end▁of▁sentence｜>|[MASK]<｜end▁of▁sentence｜>|MASK<｜end▁of▁sentence｜>,
386,expected,MASK,False,6,MASK|MASK|MASK|MASK|MASK|MASK,[MASK]<｜end▁of▁sentence｜>,[MASK]<｜end▁of▁sentence｜>|MASK<｜end▁of▁sentence｜>|  MASK<｜end▁of▁sentence｜>|MASK<｜end▁of▁sentence｜>|MASK<｜end▁of▁sentence｜>|MASK<｜end▁of▁sentence｜>,
387,unstubbedIterator,,False,4,|allInvocations|allInvocations|allInvocations,<｜end▁of▁sentence｜>,<｜end▁of▁sentence｜>|allInvocations<｜end▁of▁sentence｜>|allInvocations<｜end▁of▁sentence｜>|allInvocations<｜end▁of▁sentence｜>,
388,builder,StringBuilder,False,9,StringBuilder|MASK|MASK|MASK|MASK|MASK|MASK|MASK|MASK,"StringBuilder, we need to know the total length of the string.
    int length = array","StringBuilder, we need to know the total length of the string.
    int length = array|[MASK]<｜end▁of▁sentence｜>|[MASK] .append(array[0]);
    for (int i = 1;|  MASK<｜end▁of▁sentence｜>|[MASK ].toString();
  }

  /**
   * Returns a string|[MASK]<｜end▁of▁sentence｜>|  [MASK]<｜end▁of▁sentence｜>|MASK<｜end▁of▁sentence｜>|MASK<｜end▁of▁sentence｜>",
389,request,MASK,False,13,MASK|MASK|MASK|MASK|MASK|MASK|MASK|MASK|MASK|MASK|MASK||MASK,"[MASK]  request body,
 * the indices to search on, the search type,","[MASK]  request body,
 * the indices to search on, the search type,|[MASK]  request is deprecated. ""
            + ""Please use the _all|[MASK]  body into an inline search template,
        // this way if any Wat|[MASK]<｜end▁of▁sentence｜>|[MASK]<｜end▁of▁sentence｜>|[MASK]<｜end▁of▁sentence｜>|[MASK]<｜end▁of▁sentence｜>|[MASK]<｜end▁of▁sentence｜>|MASK<｜end▁of▁sentence｜>|MASK<｜end▁of▁sentence｜>|[MASK]<｜end▁of▁sentence｜>|  <｜end▁of▁sentence｜>|MASK<｜end▁of▁sentence｜>",
390,queueSize,MASK,False,17,MASK|MASK|MASK|MASK|MASK|MASK|MASK|MASK|MASK|MASK|MASK|MASK|MASK|MASK|MASK|MASK|MASK, [MASK]<｜end▁of▁sentence｜>, [MASK]<｜end▁of▁sentence｜>| [MASK]<｜end▁of▁sentence｜>| [MASK] <｜end▁of▁sentence｜>| MASK<｜end▁of▁sentence｜>|[MASK]<｜end▁of▁sentence｜>|MASK<｜end▁of▁sentence｜>| MASK<｜end▁of▁sentence｜>|MASK<｜end▁of▁sentence｜>| MASK <｜end▁of▁sentence｜>|[MASK]<｜end▁of▁sentence｜>| MASK<｜end▁of▁sentence｜>|[MASK]  / FACTOR<｜end▁of▁sentence｜>| MASK<｜end▁of▁sentence｜>|[MASK]<｜end▁of▁sentence｜>|[MASK] <｜end▁of▁sentence｜>| MASK<｜end▁of▁sentence｜>|MASK<｜end▁of▁sentence｜>,
391,idleStateHandler,MASK,False,23,MASK|MASK|MASK|MASK|MASK|MASK|MASK|MASK|MASK|MASK|MASK|MASK|MASK|MASK|MASK|MASK|MASK|MASK|MASK|Advance|MASK|MASK|ticksInNanos,[MASK]<｜end▁of▁sentence｜>,"[MASK]<｜end▁of▁sentence｜>|MASK<｜end▁of▁sentence｜>|[MASK]<｜end▁of▁sentence｜>|MASK<｜end▁of▁sentence｜>|[MASK]<｜end▁of▁sentence｜>|MASK<｜end▁of▁sentence｜>|[MASK]<｜end▁of▁sentence｜>| MASK<｜end▁of▁sentence｜>|[MASK] .tick(1L, TimeUnit.NANOSECONDS|[MASK]<｜end▁of▁sentence｜>|MASK<｜end▁of▁sentence｜>|[MASK]<｜end▁of▁sentence｜>|MASK<｜end▁of▁sentence｜>|[MASK]<｜end▁of▁sentence｜>|[MASK]<｜end▁of▁sentence｜>|MASK<｜end▁of▁sentence｜>| MASK<｜end▁of▁sentence｜>|MASK<｜end▁of▁sentence｜>|MASK<｜end▁of▁sentence｜>|// Advance the ticker by some fraction and perform an action.
             [MASK]|[MASK]<｜end▁of▁sentence｜>|[MASK]<｜end▁of▁sentence｜>|ticksInNanos = 0L;
             MASK<｜end▁of▁sentence｜>",
392,aabbMax,MASK,False,8,MASK|MASK|MASK|MASK|MASK|MASK|MASK|MASK,[MASK]<｜end▁of▁sentence｜>,[MASK]<｜end▁of▁sentence｜>|[MASK]<｜end▁of▁sentence｜>|[MASK]<｜end▁of▁sentence｜>|MASK<｜end▁of▁sentence｜>|[MASK]<｜end▁of▁sentence｜>|MASK<｜end▁of▁sentence｜>|MASK<｜end▁of▁sentence｜>|MASK<｜end▁of▁sentence｜>,
393,listSize,MASK,False,5,MASK|MASK|MASK|MASK|MASK,  [MASK]<｜end▁of▁sentence｜>,"  [MASK]<｜end▁of▁sentence｜>|MASK);
        logger.atInfo().atMostEvery(1, MINUTES).|MASK<｜end▁of▁sentence｜>|[MASK]<｜end▁of▁sentence｜>| MASK<｜end▁of▁sentence｜>",
394,ownerType,MASK,False,3,MASK|null|MASK,[MASK]<｜end▁of▁sentence｜>,[MASK]<｜end▁of▁sentence｜>|null<｜end▁of▁sentence｜>|MASK<｜end▁of▁sentence｜>,
395,modulesExports,MASK,False,3,MASK|MASK|MASK,[MASK]<｜end▁of▁sentence｜>,"[MASK]<｜end▁of▁sentence｜>|MASK
                       <｜end▁of▁sentence｜>|MASK<｜end▁of▁sentence｜>",
396,secretSettings,secretSettings,True,3,secretSettings|secretSettings|secretSettings,              secretSettings<｜end▁of▁sentence｜>,              secretSettings<｜end▁of▁sentence｜>|secretSettings<｜end▁of▁sentence｜>|secretSettings<｜end▁of▁sentence｜>,
397,positionCount,,False,6,|MASK|MASK|MASK|docVector|docVector,    <｜end▁of▁sentence｜>,    <｜end▁of▁sentence｜>|[MASK]<｜end▁of▁sentence｜>|MASK<｜end▁of▁sentence｜>|MASK<｜end▁of▁sentence｜>|docVector.getPositionCount()<｜end▁of▁sentence｜>|docVector.getPositionCount()<｜end▁of▁sentence｜>,
398,elements,n,False,2,n|n,n<｜end▁of▁sentence｜>,"n<｜end▁of▁sentence｜>|n, 1L, 1L )), Flowable.fromIterable(iterate",
399,classVisitor,classVisitor,True,2,classVisitor|classVisitor,"  classVisitor   )
    {
        if (referencedClass != null","  classVisitor   )
    {
        if (referencedClass != null|classVisitor<｜end▁of▁sentence｜>",
400,ruleClass,ruleClass,True,13,ruleClass|MASK|ruleInfoBuilder|MASK|MASK|MASK|MASK|MASK|MASK|MASK|MASK|MASK|MASK,ruleClass<｜end▁of▁sentence｜>,"ruleClass<｜end▁of▁sentence｜>|[MASK]<｜end▁of▁sentence｜>|ruleInfoBuilder.getRuleName()));
    originKeyBuilder.setRuleClass(internalTo|[MASK]<｜end▁of▁sentence｜>|[MASK]<｜end▁of▁sentence｜>|[MASK]<｜end▁of▁sentence｜>| MASK<｜end▁of▁sentence｜>|[MASK]<｜end▁of▁sentence｜>| MASK<｜end▁of▁sentence｜>|[MASK]<｜end▁of▁sentence｜>|MASK<｜end▁of▁sentence｜>| MASK<｜end▁of▁sentence｜>| MASK<｜end▁of▁sentence｜>",
401,expectedIndexCount,MASK,False,2,MASK|1);,MASK<｜end▁of▁sentence｜>,"MASK<｜end▁of▁sentence｜>|1);
        checkIndexCount(""index_denied"",  0);
        checkIndex",
402,management,management,True,6,management|MASK|MASK|MASK|MASK|MASK,"management service.
		 */
		private Duration  [MASK]  = Duration.","management service.
		 */
		private Duration  [MASK]  = Duration.|[MASK]<｜end▁of▁sentence｜>|[MASK] ;
		}

		public void setManagement(Duration  [M|[MASK] <｜end▁of▁sentence｜>| MASK<｜end▁of▁sentence｜>|MASK<｜end▁of▁sentence｜>",
403,renderTimeNs,presentationTimeUs,False,5,presentationTimeUs|renderFramesAutomatically|MASK|MASK|MASK,   presentationTimeUs} and {@code  [MASK]<｜end▁of▁sentence｜>,   presentationTimeUs} and {@code  [MASK]<｜end▁of▁sentence｜>|renderFramesAutomatically<｜end▁of▁sentence｜>|[MASK]<｜end▁of▁sentence｜>|[MASK]<｜end▁of▁sentence｜>|MASK<｜end▁of▁sentence｜>,
404,pname,MASK,False,16,MASK|MASK|MASK|MASK|MASK|MASK|MASK|MASK|MASK|MASK|MASK|MASK|MASK|MASK|MASK|MASK,"[MASK] , IntBuffer params);

	public native void glGetQueryObjectiv (","[MASK] , IntBuffer params);

	public native void glGetQueryObjectiv (|[MASK] , IntBuffer params);

	public native void glGetQueryObjectiv (|[MASK] , Buffer params);

	public native void glGetInteger64i|[MASK]<｜end▁of▁sentence｜>|[MASK]<｜end▁of▁sentence｜>|[MASK] , IntBuffer params);

	public native void glGetActiveUniforms|[MASK]<｜end▁of▁sentence｜>|[MASK] , LongBuffer params);

	public native void glGetInteger64i|MASK<｜end▁of▁sentence｜>|[MASK]<｜end▁of▁sentence｜>|[MASK]<｜end▁of▁sentence｜>|[MASK]<｜end▁of▁sentence｜>|[MASK]<｜end▁of▁sentence｜>|[MASK]<｜end▁of▁sentence｜>|MASK<｜end▁of▁sentence｜>|MASK , int value);

	public native void glGetProgramInterfaceiv (int program,",
405,platformUrl,MASK,False,6,MASK|MASK|MASK|*/|the|return,[MASK]<｜end▁of▁sentence｜>,"[MASK]<｜end▁of▁sentence｜>|MASK )) {
            return  MASK ;
        }
        if (url|MASK<｜end▁of▁sentence｜>|     */
    private InputStream pluginZipInputStream(final Path zip) throws IOException {
| the plugin ZIP.
     *
     * @return the public key ID of the signing|return the public key ID of the signing key that is expected to have signed the official plugin.
",
406,context,MASK,False,3,MASK|MASK|MASK,[MASK]<｜end▁of▁sentence｜>,[MASK]<｜end▁of▁sentence｜>|   MASK<｜end▁of▁sentence｜>|MASK<｜end▁of▁sentence｜>,
407,topUncast,MASK,False,9,MASK|MASK|MASK|MASK|MASK|MASK|MASK|MASK|MASK,[MASK]<｜end▁of▁sentence｜>,"[MASK]<｜end▁of▁sentence｜>|MASK<｜end▁of▁sentence｜>|MASK<｜end▁of▁sentence｜>|MASK  = page.getBlock(channels.get(0));
    if ( M|MASK<｜end▁of▁sentence｜>|MASK<｜end▁of▁sentence｜>|MASK<｜end▁of▁sentence｜>|MASK<｜end▁of▁sentence｜>|MASK<｜end▁of▁sentence｜>",
408,expectedCount,expectedCount,True,2,expectedCount|expectedCount,"expectedCount) throws IOException {
        final Map<String, Object> result = getAsMap","expectedCount) throws IOException {
        final Map<String, Object> result = getAsMap|expectedCount<｜end▁of▁sentence｜>",
409,dfLatn,,False,3,|new|fail,"

        f = DateFormat.getDateInstance(cal, DateFormat.FULL);","

        f = DateFormat.getDateInstance(cal, DateFormat.FULL);| new DateFormatSymbols(rb);
        f = DateFormat.getDateInstance(Date|(""fail, date format symbols not equal"");
        }

        f = DateFormat.",
410,usedBuiltInCharFilters,MASK,False,15,MASK|usedCharFilterTypes|usedBuiltInTokenFilters|MASK|MASK|MASK|MASK|MASK|MASK|MASK|MASK|MASK|MASK|MASK|MASK,[MASK]<｜end▁of▁sentence｜>,"[MASK]<｜end▁of▁sentence｜>|usedCharFilterTypes.computeIfAbsent(charFilter, IndexFeatureStats::new);
|usedBuiltInTokenFilters.keySet().removeAll(charFilterSettings.keySet|[MASK]<｜end▁of▁sentence｜>|[MASK]<｜end▁of▁sentence｜>|[MASK]<｜end▁of▁sentence｜>| [MASK]<｜end▁of▁sentence｜>| MASK<｜end▁of▁sentence｜>|[MASK]<｜end▁of▁sentence｜>|[MASK]<｜end▁of▁sentence｜>|[MASK]<｜end▁of▁sentence｜>|[MASK]<｜end▁of▁sentence｜>| MASK<｜end▁of▁sentence｜>| MASK<｜end▁of▁sentence｜>| MASK<｜end▁of▁sentence｜>",
411,upstream,MASK,False,6,MASK|MASK|MASK|MASK|MASK|MASK,[MASK]<｜end▁of▁sentence｜>,"[MASK]<｜end▁of▁sentence｜>|[MASK]<｜end▁of▁sentence｜>|[MASK]<｜end▁of▁sentence｜>|[MASK]<｜end▁of▁sentence｜>|MASK ) {
                return  MASK .concatMapSingleDelayError(new Function<|MASK .concatMapSingleDelayError(new Function<Integer, Single<Integer>>() {",
412,newEntries,next,False,4,next|table|param|or,".next;
    }
    constantPool.putByte(tag).putLong(value",".next;
    }
    constantPool.putByte(tag).putLong(value| table.
   *
   * @param index the constant pool index of the new Symbol.|param index the constant pool index of the new Symbol.
   * @param tag one of {@| or {@link Symbol#CONSTANT_DOUBLE_TAG}.
   * @param",
413,request,,False,16,|MASK|||MASK||MASK|MASK|MASK|MASK|MASK|MASK|MASK|MASK|MASK|MASK, <｜end▁of▁sentence｜>," <｜end▁of▁sentence｜>|[MASK]<｜end▁of▁sentence｜>|<｜end▁of▁sentence｜>|<｜end▁of▁sentence｜>|[MASK]<｜end▁of▁sentence｜>| <｜end▁of▁sentence｜>|[MASK]<｜end▁of▁sentence｜>|MASK ,  [MASK] );
        assertEquals( [MASK]<｜end▁of▁sentence｜>|MASK);
        assertEquals( MASK .hashCode(),  MASK .hashCode());| MASK<｜end▁of▁sentence｜>| MASK<｜end▁of▁sentence｜>| MASK<｜end▁of▁sentence｜>| MASK<｜end▁of▁sentence｜>| MASK );
        assertNotEquals(  MASK , mutant);
        assertNot| MASK<｜end▁of▁sentence｜>| MASK );
        assertNotEquals( MASK .hashCode(), mutant.hashCode",
414,database,MASK,False,7,MASK|MASK|MASK|MASK|MASK|MASK|MASK,[MASK]<｜end▁of▁sentence｜>,[MASK]<｜end▁of▁sentence｜>|[MASK]<｜end▁of▁sentence｜>|[MASK]<｜end▁of▁sentence｜>|MASK<｜end▁of▁sentence｜>|[MASK]<｜end▁of▁sentence｜>| MASK<｜end▁of▁sentence｜>| MASK<｜end▁of▁sentence｜>,
415,observer,MASK,False,15,MASK||MASK|MASK||MASK|MASK|parent|MASK|MASK|MASK|MASK|MASK|MASK|MASK,[MASK]<｜end▁of▁sentence｜>,[MASK]<｜end▁of▁sentence｜>|<｜end▁of▁sentence｜>|MASK<｜end▁of▁sentence｜>| MASK<｜end▁of▁sentence｜>|  <｜end▁of▁sentence｜>|[MASK]<｜end▁of▁sentence｜>|[MASK]<｜end▁of▁sentence｜>|   parent.downstream<｜end▁of▁sentence｜>|[MASK]<｜end▁of▁sentence｜>|[MASK]<｜end▁of▁sentence｜>|MASK<｜end▁of▁sentence｜>|[MASK]<｜end▁of▁sentence｜>|[MASK]<｜end▁of▁sentence｜>|MASK<｜end▁of▁sentence｜>|MASK<｜end▁of▁sentence｜>,
416,cMemoryOwn,MASK,False,6,MASK|MASK|MASK|MASK|MASK|MASK,[MASK]<｜end▁of▁sentence｜>,"[MASK]<｜end▁of▁sentence｜>|MASK<｜end▁of▁sentence｜>|[MASK]<｜end▁of▁sentence｜>|MASK<｜end▁of▁sentence｜>|MASK<｜end▁of▁sentence｜>|MASK );
		swigCPtr = cPtr;
	}

	protected",
417,desturi,MASK,False,6,MASK|MASK|MASK|the|MASK|MASK,[MASK]<｜end▁of▁sentence｜>,"[MASK]<｜end▁of▁sentence｜>|[MASK]<｜end▁of▁sentence｜>|MASK<｜end▁of▁sentence｜>|the namespace
                // to be added to the serializer.<｜end▁of▁sentence｜>|MASK<｜end▁of▁sentence｜>|MASK<｜end▁of▁sentence｜>",
418,bucket,MASK,False,78,MASK|MASK|MASK|MASK|MASK|MASK|MASK|MASK|MASK|MASK|MASK|MASK|MASK|MASK|MASK|MASK|MASK|MASK|MASK|MASK|MASK|MASK|MASK|MASK|MASK|MASK|MASK|MASK|MASK|MASK|MASK|MASK|MASK|MASK|MASK|MASK|MASK|MASK|MASK|MASK|MASK|MASK|MASK|MASK|MASK|MASK|MASK|MASK|MASK|MASK|MASK|MASK|MASK|MASK|MASK|MASK|MASK|MASK|MASK|MASK|MASK|MASK|MASK|MASK|MASK|MASK|MASK|MASK|MASK|MASK|MASK|MASK|MASK|MASK|MASK|MASK|MASK|MASK,"[MASK] .
 * <p>
 *     This is a {@link Bucket","[MASK] .
 * <p>
 *     This is a {@link Bucket| [MASK]<｜end▁of▁sentence｜>| [MASK]  is in heap mode, {@code false} if
     * it is| [MASK] s.
     * <p>
     *     The  [M| [MASK]<｜end▁of▁sentence｜>| [MASK]<｜end▁of▁sentence｜>|[MASK]  id (0, 1, 2...).
     *    |[MASK] <｜end▁of▁sentence｜>|[MASK]<｜end▁of▁sentence｜>| [MASK] Size elements.
     *         In gather mode, the elements are stored in| MASK<｜end▁of▁sentence｜>|MASK  transitions to heap mode, by heapifying its contents.
     *         </p|MASK<｜end▁of▁sentence｜>|MASK  heap.
     *             The heap is organized in a way that allows us to| [MASK]<｜end▁of▁sentence｜>| [MASK]<｜end▁of▁sentence｜>|MASK Size;
        heapMode = new BitArray(0, bigArrays);
| [MASK]<｜end▁of▁sentence｜>|[MASK]<｜end▁of▁sentence｜>|[MASK]<｜end▁of▁sentence｜>| [MASK]<｜end▁of▁sentence｜>| [MASK]<｜end▁of▁sentence｜>| [MASK]<｜end▁of▁sentence｜>|[MASK]<｜end▁of▁sentence｜>| [MASK]<｜end▁of▁sentence｜>| [MASK]<｜end▁of▁sentence｜>|[MASK]<｜end▁of▁sentence｜>| MASK<｜end▁of▁sentence｜>|MASK<｜end▁of▁sentence｜>| MASK<｜end▁of▁sentence｜>|[MASK]<｜end▁of▁sentence｜>| MASK<｜end▁of▁sentence｜>|[MASK]<｜end▁of▁sentence｜>| MASK<｜end▁of▁sentence｜>|[MASK]<｜end▁of▁sentence｜>|[MASK]<｜end▁of▁sentence｜>| MASK<｜end▁of▁sentence｜>| MASK<｜end▁of▁sentence｜>| MASK<｜end▁of▁sentence｜>| MASK<｜end▁of▁sentence｜>|[MASK]<｜end▁of▁sentence｜>|[MASK]<｜end▁of▁sentence｜>| [MASK]<｜end▁of▁sentence｜>| [MASK]<｜end▁of▁sentence｜>|[MASK]<｜end▁of▁sentence｜>|[MASK]<｜end▁of▁sentence｜>| [MASK]  in heap mode, i.e. is it a
     *<｜end▁of▁sentence｜>|[MASK]<｜end▁of▁sentence｜>|MASK<｜end▁of▁sentence｜>|[MASK]<｜end▁of▁sentence｜>| MASK<｜end▁of▁sentence｜>|[MASK]<｜end▁of▁sentence｜>|MASK<｜end▁of▁sentence｜>|[MASK]<｜end▁of▁sentence｜>|  MASK<｜end▁of▁sentence｜>|[MASK]<｜end▁of▁sentence｜>| MASK <｜end▁of▁sentence｜>|MASK<｜end▁of▁sentence｜>|[MASK]<｜end▁of▁sentence｜>|[MASK] Size  [MASK] s<｜end▁of▁sentence｜>| MASK<｜end▁of▁sentence｜>| MASK<｜end▁of▁sentence｜>| MASK<｜end▁of▁sentence｜>|[MASK]<｜end▁of▁sentence｜>|MASK<｜end▁of▁sentence｜>|[MASK]<｜end▁of▁sentence｜>|[MASK]<｜end▁of▁sentence｜>|  MASK<｜end▁of▁sentence｜>| MASK<｜end▁of▁sentence｜>|[MASK]  whose entries are in random order.
     * <p>
    |[MASK] 
     * @param heapSize Number of values that belong to the heap|[MASK]<｜end▁of▁sentence｜>|[MASK]<｜end▁of▁sentence｜>| MASK<｜end▁of▁sentence｜>|[MASK] 
     * @param parent Index within the  [MASK] |MASK  of the parent to check.
     *               For example, 0 is the|MASK<｜end▁of▁sentence｜>| MASK<｜end▁of▁sentence｜>",
419,object,MASK,False,2,MASK|MASK,[MASK]<｜end▁of▁sentence｜>,[MASK]<｜end▁of▁sentence｜>|MASK<｜end▁of▁sentence｜>,
420,superType,,False,2,|,  <｜end▁of▁sentence｜>,  <｜end▁of▁sentence｜>|<｜end▁of▁sentence｜>,
421,pathSet,MASK,False,6,MASK|MASK|MASK|MASK|MASK|MASK,[MASK]<｜end▁of▁sentence｜>,[MASK]<｜end▁of▁sentence｜>|[MASK]<｜end▁of▁sentence｜>|MASK<｜end▁of▁sentence｜>|MASK<｜end▁of▁sentence｜>|MASK<｜end▁of▁sentence｜>|MASK<｜end▁of▁sentence｜>,
422,resolverChain,MASK,False,13,MASK|MASK|MASK|MASK|MASK|MASK|MASK|MASK|MASK|MASK|MASK|MASK|MASK,[MASK]<｜end▁of▁sentence｜>,[MASK]<｜end▁of▁sentence｜>|[MASK]<｜end▁of▁sentence｜>|[MASK]<｜end▁of▁sentence｜>|[MASK]<｜end▁of▁sentence｜>|[MASK]<｜end▁of▁sentence｜>|[MASK]<｜end▁of▁sentence｜>|[MASK]<｜end▁of▁sentence｜>|[MASK]<｜end▁of▁sentence｜>|MASK<｜end▁of▁sentence｜>|MASK<｜end▁of▁sentence｜>|MASK<｜end▁of▁sentence｜>|MASK<｜end▁of▁sentence｜>| MASK<｜end▁of▁sentence｜>,
423,section,dexDataBuffer,False,2,dexDataBuffer|dexDataBuffer,"  dexDataBuffer,
                                   DexDataBuffer.Mask MASK
   <｜end▁of▁sentence｜>","  dexDataBuffer,
                                   DexDataBuffer.Mask MASK
   <｜end▁of▁sentence｜>|dexDataBuffer
               <｜end▁of▁sentence｜>",
424,originalBucket,bucket,False,4,bucket|bucket|bucket|bucket,bucket      <｜end▁of▁sentence｜>,"bucket      <｜end▁of▁sentence｜>|bucket.getKeyAsString(), equalTo(streamedBucket.getKeyAsString|bucket .getDocCount(), equalTo(streamedBucket.getDocCount()));
|bucket .getSubsetDf(), equalTo(streamedBucket.getSubset",
425,expected,MASK,False,2,MASK|MASK,[MASK]<｜end▁of▁sentence｜>,"[MASK]<｜end▁of▁sentence｜>|MASK.apply(randomValue) & XYEncodingUtils.MASK));
        assertThat",
426,executor,executor,True,1,executor,"executor) {
            r.run();
        }
    }

    /**","executor) {
            r.run();
        }
    }

    /**",
427,idpMetadataCertificates,MASK,False,2,MASK|MASK,[MASK]<｜end▁of▁sentence｜>,"[MASK]<｜end▁of▁sentence｜>|MASK);
        doc1.certificates.setIdentityProviderX509MetadataEnc",
428,height,height,True,63,height|MASK|MASK|MASK|MASK|MASK|MASK|MASK|MASK|height|height|Use|UnsupportedOperationException|return|removeActorAt|actor|boolean|);|getMouseWheelX|setScrollY|maxY|to||Y|visualAmountX|scrollY||return|Utils|public|boolean|possible|s|float|MASK|Width|the|scrollY|disableY|velocityY|scrolled|*/|crollX|crollY|crollSpeedMax|crollDistance|hScroll|Knob|MASK|MASK|MASK|Knob|MASK|MASK|Knob|MASK|MASK|MASK|MASK|MASK|height|Knob|Knob,"height is less than the size of this scroll pane,
 * it is set to the size","height is less than the size of this scroll pane,
 * it is set to the size| [MASK]  - actorArea. [MASK]  * (y < vKn| [MASK]  - vKnobBounds. [MASK] , scrollV);
| MASK , scrollV);
					float total = vScrollBounds. [MASK]|[MASK]  - vKnobBounds. [MASK] ;
					if (|MASK ;
					if (total != 0) setScrollPercentY(1 -| MASK  - vKnobBounds. MASK ) > actorArea. [MASK]| MASK ) > actorArea. [MASK]  * 0.1f))) //| MASK )))) {
			if (visualAmountX != amountX) {|height = getHeight();
		float actorWidth = actorArea.width, actorHeight =|height<｜end▁of▁sentence｜>|Use ScrollPane#setActor."");
	}

	/** @deprecated ScrollPane may| UnsupportedOperationException(""Use ScrollPane#setActor."");
	}

	/** @| return false;
		setActor(null);
		return true;
	}
|removeActorAt(index, unfocus);
		if (actor == this.actor)| (actor == this.actor) this.actor = null;
		return actor;
	}| boolean touchable) {
		if (actor == null) return null;
		if (|);
	}

	public void setScrollX (float amountX) {
		scroll| getMouseWheelX () {
		return 0;
	}

	/** Returns the| setScrollY (float pixels) {
		scrollY(MathUtils.clamp(|0, maxY));
	}

	/** Returns the y scroll position in pixels, where | to a value that
	 * causes the scrollbar to move. */
	public void setVisual|
		visualAmountY = amountY;
	}

	/** Sets the visual scroll|Y;
	}

	/** Sets the scroll amount to the visual scroll amount. This can be| ? 0 : visualAmountX;
	}

	public float getVisualScrollY () {| !scrollY ? 0 : visualAmountY;
	}

	/** Sets the scroll amount|
	/** Sets the scroll amount to the given percentages. */
	public void setScrollPercent| == 0) return 0;
		return MathUtils.clamp(visualAmountY|Utils.clamp(visualAmountY / maxY, 0, 1);
|	public boolean isFlickScroll () {
		return flickScroll;
	}

	public| (boolean flickScrollTap) {
		if (this.flickScrollTap| possible. Coordinates are in the scroll pane actor's coordinate system. */
	public void|'s coordinate system. */
	public void scrollTo (float x, float y, float width|float actorHeight = actor.getHeight();
		if (centerVertical)
			| [MASK] ;
	}

	public float getScrollBarWidth () {
		if|Width () {
		return actorArea.width;
	}

	/** Returns the height of| the scroll pane is scrolling horizontally. */
	public boolean isScrollingX| scrollY;
	}

	/** Returns true if the actor is larger than the scroll pane| == disableY) return;
		disableX = x;
		disableY =| velocityY;
	}

	public void setFadeScrollBars (boolean fadeScrollB| scrolled past the edge of the scroll pane. If false, the actor will stop at the| */
	public void setOverscroll (boolean overscrollX, boolean overscroll|crollX;
		this.overscrollY = overscrollY;
	}|crollY = overscrollY;
	}

	public void setOverscroll|crollSpeedMax = speedMax;
	}

	/** For flick scroll, if true|crollDistance () {
		return overscrollDistance;
	}

	public float get|hScroll = hScroll;
			this.hScrollKnob = hScrollKnob;|Knob = hScrollKnob;
			this.vScroll = vScroll;
		|[MASK]<｜end▁of▁sentence｜>|[MASK]<｜end▁of▁sentence｜>| MASK<｜end▁of▁sentence｜>|Knob<｜end▁of▁sentence｜>|MASK<｜end▁of▁sentence｜>|MASK<｜end▁of▁sentence｜>| Knob  -  MASK );
		scrollY(MathUtils.clamp(|[MASK]<｜end▁of▁sentence｜>|[MASK]<｜end▁of▁sentence｜>|MASK<｜end▁of▁sentence｜>|MASK <｜end▁of▁sentence｜>| MASK<｜end▁of▁sentence｜>|height<｜end▁of▁sentence｜>|Knob <｜end▁of▁sentence｜>|Knob<｜end▁of▁sentence｜>",
429,rhsElem,rhsElem,True,6,rhsElem|rhsElem|rhsDesc|rhsElem|rhsElem|rhs,"rhsElem = rhs.get(i);
                if (rhsElem","rhsElem = rhs.get(i);
                if (rhsElem|rhsElem<｜end▁of▁sentence｜>|rhsDesc  = describer != null ? describer.describe( rhsElem|rhsElem<｜end▁of▁sentence｜>|rhsElem .toString();
                if (!lhsDescs.remove(rhs|rhs<｜end▁of▁sentence｜>",
430,actualLatn,)) {,False,3,)) {|Calendar|DateFormatSymbols,")) {
            errln(""fail, date format symbols not equal"");
        }

",")) {
            errln(""fail, date format symbols not equal"");
        }

|Calendar.getInstance(), foo);
        sym2 = new DateFormatSymbols(Gregor|DateFormatSymbols(foo);
        sym = new ChineseDateFormatSymbols(foo,",
431,addArr,addMidOne,False,2,addMidOne|addMidOne,"addMidOne = ArrayUtils.add(array, 2, 1);
       ","addMidOne = ArrayUtils.add(array, 2, 1);
       |addMidOne);
        Assert.assertArrayEquals(new int[]{-2, -",
432,oninvokeInstance,MASK,False,5,MASK|MASK|MASK|MASK|MASK,[MASK] <｜end▁of▁sentence｜>,[MASK] <｜end▁of▁sentence｜>|[MASK] <｜end▁of▁sentence｜>|[MASK] <｜end▁of▁sentence｜>|MASK<｜end▁of▁sentence｜>|MASK<｜end▁of▁sentence｜>,
433,target,notView,False,2,notView|notView,notView<｜end▁of▁sentence｜>,notView<｜end▁of▁sentence｜>|notView<｜end▁of▁sentence｜>,
434,buffer,,False,3,|MASK|MASK, <｜end▁of▁sentence｜>, <｜end▁of▁sentence｜>|[MASK]<｜end▁of▁sentence｜>|MASK<｜end▁of▁sentence｜>,
435,parentDirName,parentName,False,3,parentName|parentName|parentName,   parentName<｜end▁of▁sentence｜>,"   parentName<｜end▁of▁sentence｜>|parentName )
                    // ""MacOS"" is an alternative to ""bin"" on macOS
|parentName ))
                    // ""lib"" is an alternative to ""bin"" on Windows
",
436,processor,MASK,False,3,MASK|MASK|,  [MASK]<｜end▁of▁sentence｜>,"  [MASK]<｜end▁of▁sentence｜>|   MASK
                       <｜end▁of▁sentence｜>| <｜end▁of▁sentence｜>",
437,referencingUpdates,MASK,False,8,MASK|MASK|MASK|MASK|MASK|MASK|MASK|MASK,[MASK]<｜end▁of▁sentence｜>,[MASK]<｜end▁of▁sentence｜>|[MASK]<｜end▁of▁sentence｜>|MASK<｜end▁of▁sentence｜>|MASK<｜end▁of▁sentence｜>|[MASK]<｜end▁of▁sentence｜>|MASK<｜end▁of▁sentence｜>|MASK<｜end▁of▁sentence｜>|MASK<｜end▁of▁sentence｜>,
438,snapshotShardSizeInfo,snapshotShardSizeInfo,True,2,snapshotShardSizeInfo|snapshotShardSizeInfo,snapshotShardSizeInfo<｜end▁of▁sentence｜>,snapshotShardSizeInfo<｜end▁of▁sentence｜>|snapshotShardSizeInfo<｜end▁of▁sentence｜>,
439,inferenceEntityId,MASK,False,7,MASK|MASK|MASK|MASK|MASK|id|MASK,[MASK]<｜end▁of▁sentence｜>,"[MASK]<｜end▁of▁sentence｜>|[MASK]<｜end▁of▁sentence｜>|MASK<｜end▁of▁sentence｜>|[MASK]<｜end▁of▁sentence｜>| MASK<｜end▁of▁sentence｜>|id(),
                unparsedModel.name<｜end▁of▁sentence｜>|MASK<｜end▁of▁sentence｜>",
440,entry,MASK,False,5,MASK|MASK|MASK|MASK|MASK,[MASK]<｜end▁of▁sentence｜>,[MASK]<｜end▁of▁sentence｜>|[MASK]<｜end▁of▁sentence｜>|MASK<｜end▁of▁sentence｜>|MASK<｜end▁of▁sentence｜>|MASK<｜end▁of▁sentence｜>,
441,parsedate,Format,False,7,Format|df|null|for|FB0|B0|u58EC,"Format.getDateInstance(DateFormat.MEDIUM, cal);
            if (","Format.getDateInstance(DateFormat.MEDIUM, cal);
            if (|df;
                formatters[2].applyPattern(testPattern);
            } else {| == null) {
                        expected = tmp;
                    } else if (!expected.equals(| ""\"" for "" + d + "" - Expected: \"""" + expected + ""\"""");|FB0\u5E74\u56DB\u6708|B0-4bis-2"",
                                                                                ""\u58EC\u8F|"",      -4,               ""2012\u58EC\u8F",
442,aggregationToJsonProcessor,MASK,False,3,MASK|MASK|MASK,[MASK]<｜end▁of▁sentence｜>,[MASK]<｜end▁of▁sentence｜>|[MASK]<｜end▁of▁sentence｜>|MASK<｜end▁of▁sentence｜>,
443,newIndex,newIndex,True,2,newIndex|newIndex,newIndex<｜end▁of▁sentence｜>,"newIndex<｜end▁of▁sentence｜>|newIndex, oldOffset, newOffset<｜end▁of▁sentence｜>",
444,printer,printer,True,2,printer|printer,"printer,
                   boolean  recurse,
                   int      indentLevel,
                  ","printer,
                   boolean  recurse,
                   int      indentLevel,
                  |printer
       <｜end▁of▁sentence｜>",
445,message,index,False,3,index|MASK|MASK,"index"", index.getName());
            map.put(""elasticsearch.slowlog.type"",","index"", index.getName());
            map.put(""elasticsearch.slowlog.type"",|  [MASK]<｜end▁of▁sentence｜>|MASK<｜end▁of▁sentence｜>",
446,sampleToCompute,,False,2,|object,      <｜end▁of▁sentence｜>,      <｜end▁of▁sentence｜>|object -> object<｜end▁of▁sentence｜>,
447,eventType,MASK,False,31,MASK|incidentKey|MASK|MASK|MASK|MASK|MASK|MASK|MASK|MASK|MASK|MASK|MASK|MASK|MASK|MASK|MASK|MASK|clientUrl|clientUrl|MASK|MASK|MASK|MASK|MASK|MASK|MASK|MASK|MASK|MASK|MASK,[MASK]<｜end▁of▁sentence｜>,"[MASK]<｜end▁of▁sentence｜>|incidentKey,
        @Nullable String client,
        @Nullable String clientUrl,
| MASK  = ""trigger"";
    }

    @Override
    public boolean equals(| [MASK]  ) ?  [MASK]  : ""trigger"";
    }|MASK  : ""trigger"";
    }

    @Override
    public boolean equals| [MASK] , template. [MASK] )
            && Objects.equals(| MASK )
            && Objects.equals(account, template.account)
            &&| MASK );
        result = 31 * result + Arrays.hashCode(contexts| MASK );
        builder.field(Fields.INCIDENT_KEY.getPreferred|[MASK] ;
        final String account;
        final Boolean attachPayload;
|[MASK]<｜end▁of▁sentence｜>| [MASK ]  =  [MASK ] ;
            this.incidentKey = incident| MASK ;
            this.incidentKey = incidentKey;
            this.client =| MASK<｜end▁of▁sentence｜>| MASK<｜end▁of▁sentence｜>| MASK<｜end▁of▁sentence｜>|[MASK]<｜end▁of▁sentence｜>| MASK<｜end▁of▁sentence｜>|clientUrl, model) : defaults.clientUrl;
            String account = this.account !|clientUrl;
            String account = this.account != null ? engine.render(this| MASK<｜end▁of▁sentence｜>|[MASK]<｜end▁of▁sentence｜>|MASK<｜end▁of▁sentence｜>|[MASK]<｜end▁of▁sentence｜>| MASK<｜end▁of▁sentence｜>| MASK<｜end▁of▁sentence｜>|[MASK ]<｜end▁of▁sentence｜>|MASK ) {
                this. [MASK ]  =  [MASK ] ;
| MASK<｜end▁of▁sentence｜>|MASK<｜end▁of▁sentence｜>| MASK<｜end▁of▁sentence｜>",
448,settingKey,mask,False,2,mask|mask,  mask<｜end▁of▁sentence｜>,  mask<｜end▁of▁sentence｜>|mask<｜end▁of▁sentence｜>,
449,idleTask,commandExtensions,False,5,commandExtensions|MASK|MASK|MASK|MASK,"commandExtensions= */ ImmutableList.of(),
        /* commandExtensionReporter= */","commandExtensions= */ ImmutableList.of(),
        /* commandExtensionReporter= */|[MASK]<｜end▁of▁sentence｜>|MASK]<｜end▁of▁sentence｜>|MASK<｜end▁of▁sentence｜>|MASK<｜end▁of▁sentence｜>",
450,deltaX,deltaX,True,4,deltaX|deltaX|deltaX|deltaX,"deltaX, float deltaY) {
				setScrollbarsVisible(true);
			","deltaX, float deltaY) {
				setScrollbarsVisible(true);
			|deltaX = 0;
				if (!scrollY) deltaY = 0;
				|deltaX;
				amountY += deltaY;
				clamp();
			|deltaX != 0 || deltaY != 0)) cancelTouchFocus();
			}
",
451,pathFragmentString,path,False,2,path|path,"path) throws Exception {
    PathFragment a = create(path);
    PathFragment a","path) throws Exception {
    PathFragment a = create(path);
    PathFragment a|path<｜end▁of▁sentence｜>",
452,context,MASK,False,5,MASK|MASK|MASK|context|context,[MASK]<｜end▁of▁sentence｜>,"[MASK]<｜end▁of▁sentence｜>|[MASK] .bean.override.mockito.MockReset;
import org.|MASK .bean.override.mockito.MockResetStrategiesIntegrationTests.|context<｜end▁of▁sentence｜>|context<｜end▁of▁sentence｜>",
453,description,description,True,20,description|MASK|MASK|description|MASK|MASK|MASK|MASK|MASK|MASK|MASK|MASK|MASK|MASK|MASK|MASK|MASK|MASK|MASK|MASK,description<｜end▁of▁sentence｜>,description<｜end▁of▁sentence｜>|[MASK]<｜end▁of▁sentence｜>|[MASK]<｜end▁of▁sentence｜>|description of the calendar<｜end▁of▁sentence｜>|[MASK]<｜end▁of▁sentence｜>| [MASK]<｜end▁of▁sentence｜>|[MASK]<｜end▁of▁sentence｜>|[MASK]<｜end▁of▁sentence｜>|[MASK]<｜end▁of▁sentence｜>| MASK<｜end▁of▁sentence｜>| MASK<｜end▁of▁sentence｜>|[MASK]<｜end▁of▁sentence｜>| MASK <｜end▁of▁sentence｜>| MASK<｜end▁of▁sentence｜>|MASK<｜end▁of▁sentence｜>|[MASK] <｜end▁of▁sentence｜>|MASK <｜end▁of▁sentence｜>|MASK<｜end▁of▁sentence｜>|MASK<｜end▁of▁sentence｜>|MASK<｜end▁of▁sentence｜>,
454,newThr,,False,6,|i|throw|WithState|count|enumerationState,"

        @Override
        public boolean equals(Object o) {
            if (o","

        @Override
        public boolean equals(Object o) {
            if (o| i = 0; i < tab.length; ++i) {
                    if (tab[| throw new ConcurrentModificationException();
            }
        }

        @Override
|WithState:(NSFastEnumerationState *)state
        -                                 objects:(id __uns|                                            count:(NSUInteger)len;
        - (NSUInteger)countByEn|>enumerationState; e < stackbuf + objCount; e++) {
           ",
455,leftIndex,MASK,False,3,MASK|MASK|MASK,[MASK]<｜end▁of▁sentence｜>,[MASK]<｜end▁of▁sentence｜>|MASK<｜end▁of▁sentence｜>|MASK<｜end▁of▁sentence｜>,
456,image,MASK,False,11,MASK|MASK|MASK|common|MASK|||||s|, [MASK]<｜end▁of▁sentence｜>," [MASK]<｜end▁of▁sentence｜>|[MASK] pipeline.common.Consumer;
import com.facebook. [MASK]|[MASK] pipeline.common.ResizeOptions;
import com.facebook. [M|common.ResizeOptions;
import com.facebook. MASK pipeline.common.Rotation|MASK pipeline.common.Consumer;
import com.facebook. MASK pipeline.common.| <｜end▁of▁sentence｜>|<｜end▁of▁sentence｜>|<｜end▁of▁sentence｜>|<｜end▁of▁sentence｜>|  s<｜end▁of▁sentence｜>| <｜end▁of▁sentence｜>",
457,parentIndex,MASK,False,3,MASK|MASK|MASK,[MASK]<｜end▁of▁sentence｜>,[MASK]<｜end▁of▁sentence｜>|MASK<｜end▁of▁sentence｜>|MASK<｜end▁of▁sentence｜>,
458,proxyThreads,MASK,False,4,MASK|MASK|MASK|MASK,[MASK]<｜end▁of▁sentence｜>,[MASK]<｜end▁of▁sentence｜>|[MASK]<｜end▁of▁sentence｜>|MASK<｜end▁of▁sentence｜>|MASK<｜end▁of▁sentence｜>,
459,title,,False,3,|MASK|MASK,    <｜end▁of▁sentence｜>,    <｜end▁of▁sentence｜>|[MASK]<｜end▁of▁sentence｜>|MASK<｜end▁of▁sentence｜>,
460,spawn,MASK,False,18,MASK|MASK|MASK|MASK|MASK|MASK|MASK|MASK|MASK|MASK|MASK|MASK|MASK|MASK|MASK|MASK|MASK|MASK,"[MASK] ;
     [MASK]<｜end▁of▁sentence｜>","[MASK] ;
     [MASK]<｜end▁of▁sentence｜>|[MASK]<｜end▁of▁sentence｜>|[MASK]<｜end▁of▁sentence｜>| MASK<｜end▁of▁sentence｜>|[MASK]<｜end▁of▁sentence｜>|[MASK]<｜end▁of▁sentence｜>|  MASK<｜end▁of▁sentence｜>| MASK<｜end▁of▁sentence｜>|[MASK] ;
    if (OS.getCurrent() == OS.WINDOW|[MASK]<｜end▁of▁sentence｜>|MASK<｜end▁of▁sentence｜>| MASK<｜end▁of▁sentence｜>|MASK ;
    if (OS.getCurrent() == OS.WINDOWS)| MASK<｜end▁of▁sentence｜>|MASK <｜end▁of▁sentence｜>|[MASK]<｜end▁of▁sentence｜>|MASK<｜end▁of▁sentence｜>| MASK<｜end▁of▁sentence｜>",
461,incReceiverNodes,incReceiverNodes,True,2,incReceiverNodes|incReceiverNodes,"incReceiverNodes = getIncrementReceiverNodes(packageName, newReceiverNodes","incReceiverNodes = getIncrementReceiverNodes(packageName, newReceiverNodes|incReceiverNodes) {
                        incAppNode.add(node.detach());
",
462,transportVersions,MASK,False,3,MASK|MASK|MASK,[MASK]<｜end▁of▁sentence｜>,"[MASK]<｜end▁of▁sentence｜>|MASK<｜end▁of▁sentence｜>|MASK
           <｜end▁of▁sentence｜>",
463,returnedRecord,MASK,False,13,MASK|MASK|MASK|MASK|MASK|MASK|MASK|MASK|MASK|MASK|MASK|MASK|MASK,[MASK]<｜end▁of▁sentence｜>,[MASK]<｜end▁of▁sentence｜>|[MASK]<｜end▁of▁sentence｜>|[MASK]<｜end▁of▁sentence｜>|[MASK]<｜end▁of▁sentence｜>|[MASK]<｜end▁of▁sentence｜>|[MASK]<｜end▁of▁sentence｜>|[MASK]<｜end▁of▁sentence｜>|MASK<｜end▁of▁sentence｜>|[MASK]<｜end▁of▁sentence｜>|[MASK]<｜end▁of▁sentence｜>|MASK<｜end▁of▁sentence｜>|MASK<｜end▁of▁sentence｜>|MASK<｜end▁of▁sentence｜>,
464,parsedInferenceConfig,,False,2,|TrainedModelConfigTests,    <｜end▁of▁sentence｜>,"    <｜end▁of▁sentence｜>|TrainedModelConfigTests.parseInferenceConfigFromModelPackage(
            Collections.sing",
465,regex,concurrent,False,5,concurrent|concurrent|MASK|MASK|MASK,"concurrent.atomic.AtomicLong;
import java.util.concurrent.atomic.","concurrent.atomic.AtomicLong;
import java.util.concurrent.atomic.|concurrent .SynchronousQueue;
import java.util.concurrent .ThreadPoolExecutor;|[MASK]<｜end▁of▁sentence｜>|MASK<｜end▁of▁sentence｜>|MASK );
    }

    /**
     * The number of milliseconds to",
466,expectedCollection,MASK,False,12,MASK|MASK|MASK|MASK|MASK|MASK|MASK|MASK|MASK|MASK|MASK|MASK,[MASK]<｜end▁of▁sentence｜>,[MASK]<｜end▁of▁sentence｜>|[MASK]<｜end▁of▁sentence｜>|MASK<｜end▁of▁sentence｜>|MASK<｜end▁of▁sentence｜>|[MASK]<｜end▁of▁sentence｜>|MASK<｜end▁of▁sentence｜>|MASK<｜end▁of▁sentence｜>|MASK<｜end▁of▁sentence｜>|MASK<｜end▁of▁sentence｜>|MASK<｜end▁of▁sentence｜>|MASK<｜end▁of▁sentence｜>|MASK<｜end▁of▁sentence｜>,
467,invocationOnMock,MASK,False,4,MASK|MASK|MASK|MASK,[MASK]<｜end▁of▁sentence｜>,[MASK]<｜end▁of▁sentence｜>|[MASK]<｜end▁of▁sentence｜>|MASK<｜end▁of▁sentence｜>|MASK<｜end▁of▁sentence｜>,
468,selected,evaluateIntermediate,False,5,evaluateIntermediate|MASK|MASK|MASK|MASK,"evaluateIntermediate(Block[] blocks, int offset, LongVector  [MASK] )","evaluateIntermediate(Block[] blocks, int offset, LongVector  [MASK] )|[MASK] ,
      GroupingAggregatorEvaluationContext ctx) {
    state|MASK<｜end▁of▁sentence｜>|MASK<｜end▁of▁sentence｜>|MASK<｜end▁of▁sentence｜>",
469,flushablePool,MASK,False,42,MASK|MASK|MASK|MASK|MASK|MASK|MASK|MASK|MASK|MASK|MASK|MASK|MASK|MASK|MASK|MASK|MASK|MASK|MASK|MASK|MASK|MASK|MASK|MASK|MASK|MASK|MASK|MASK|MASK|MASK|MASK|MASK|MASK|MASK|MASK|MASK|MASK|MASK|MASK|MASK|MASK|MASK,[MASK]<｜end▁of▁sentence｜>,"[MASK]<｜end▁of▁sentence｜>|[MASK]<｜end▁of▁sentence｜>|MASK<｜end▁of▁sentence｜>|[MASK]<｜end▁of▁sentence｜>|MASK<｜end▁of▁sentence｜>|MASK<｜end▁of▁sentence｜>|[MASK]<｜end▁of▁sentence｜>|MASK .getFree());
		assertEquals(10,  MASK .max);|MASK<｜end▁of▁sentence｜>|[MASK]  = new FlushablePoolClass(10, 10);
|MASK .newObject();
		assertEquals(0,  MASK .getFree());|MASK .obtained.size);
		 MASK .obtain();
		assertEquals|MASK .obtain();
		assertEquals(1,  MASK .obtained.|MASK .obtained.size);
	}

	@Test
	public void obtainTest2|MASK .obtain();
		assertEquals(2,  MASK .obtained.|MASK<｜end▁of▁sentence｜>|MASK<｜end▁of▁sentence｜>|MASK .newObject();
		 MASK .obtain();
		assertEquals(1|MASK .newObject();
		assertEquals(0,  MASK .obtained.|MASK .obtained.size);
		 MASK .flush();
		assertEquals(|MASK .flush();
		assertEquals(0,  MASK .obtained.size|MASK<｜end▁of▁sentence｜>|[MASK]<｜end▁of▁sentence｜>|MASK .newObject();
		 MASK .obtain();
		assertEquals(1|MASK .obtain();
		assertEquals(1,  MASK .obtained.|MASK<｜end▁of▁sentence｜>|MASK<｜end▁of▁sentence｜>|MASK .obtained.contains(element1, true));
		assertTrue( MASK|MASK .obtained.contains(element2, true));

		// Free element and|MASK<｜end▁of▁sentence｜>|MASK .obtained.contains(element1, true));
		assertFalse( MASK|MASK<｜end▁of▁sentence｜>|MASK<｜end▁of▁sentence｜>|MASK .newObject();
		 MASK .newObject();

		// Obtain|MASK .newObject();
		 MASK .newObject();
		 MASK .new|[MASK]<｜end▁of▁sentence｜>|MASK<｜end▁of▁sentence｜>|[MASK]<｜end▁of▁sentence｜>|MASK<｜end▁of▁sentence｜>|MASK<｜end▁of▁sentence｜>|[MASK]<｜end▁of▁sentence｜>|MASK<｜end▁of▁sentence｜>",
470,isDesignatedInitializer,MASK,False,5,MASK|MASK|MASK|MASK|MASK,"[MASK] (ExecutableElement method) {
    return ElementUtil.hasAnnotation(","[MASK] (ExecutableElement method) {
    return ElementUtil.hasAnnotation(|MASK<｜end▁of▁sentence｜>|MASK<｜end▁of▁sentence｜>|MASK<｜end▁of▁sentence｜>| MASK<｜end▁of▁sentence｜>",
471,codePoint,codePoint,True,2,codePoint|codePoint,codePoint<｜end▁of▁sentence｜>,codePoint<｜end▁of▁sentence｜>|codePoint<｜end▁of▁sentence｜>,
472,artifactsResults,artifactResults,False,2,artifactResults|artifactResults,artifactResults<｜end▁of▁sentence｜>,artifactResults<｜end▁of▁sentence｜>|artifactResults<｜end▁of▁sentence｜>,
473,connection,into,False,3,into|ALFORMED|FIG_DIR_PERMS,"} into {@code destConfigDir}, along with permissions from dest dirs parent.
     */","} into {@code destConfigDir}, along with permissions from dest dirs parent.
     */|ALFORMED, ""config in plugin "" + info.getName() + "" is not a directory|FIG_DIR_PERMS);

        try (DirectoryStream<Path> stream = Files",
474,rayCallback,MASK,False,9,MASK|MASK|MASK|MASK|MASK|MASK|MASK|MASK|MASK,[MASK]<｜end▁of▁sentence｜>,"[MASK]<｜end▁of▁sentence｜>|MASK ),  MASK , aabbMin, aabbMax);
	}
|MASK<｜end▁of▁sentence｜>|[MASK]<｜end▁of▁sentence｜>|MASK<｜end▁of▁sentence｜>|MASK<｜end▁of▁sentence｜>|[MASK<｜end▁of▁sentence｜>|MASK ),  MASK );
	}

	public void rayTest (Vector3 rayFrom|MASK );
	}

	public void rayTest (Vector3 rayFrom, Vector3 ray",
475,argumentCount,MASK,False,2,MASK|MASK,[MASK]<｜end▁of▁sentence｜>,"[MASK]<｜end▁of▁sentence｜>|MASK
     <｜end▁of▁sentence｜>",
476,health,actuator,False,15,actuator||getHealth|adapted|adapted|MASK|getHealth|MASK|MASK|MASK|MASK|getHealth|MASK|MASK|MASK,actuator.health<｜end▁of▁sentence｜>,"actuator.health<｜end▁of▁sentence｜>|  <｜end▁of▁sentence｜>|getHealth();
		assertThat(adapted).isNotNull();
		assertThat(health|adapted).isInstanceOf(HealthIndicator.class);
		assertThat( adapted|adapted ).isInstanceOf(HealthIndicator.class);
		assertThat( adapted|[MASK]<｜end▁of▁sentence｜>|getHealth<｜end▁of▁sentence｜>|MASK<｜end▁of▁sentence｜>|MASK<｜end▁of▁sentence｜>|MASK<｜end▁of▁sentence｜>|MASK<｜end▁of▁sentence｜>|getHealth<｜end▁of▁sentence｜>|MASK<｜end▁of▁sentence｜>|MASK<｜end▁of▁sentence｜>|MASK<｜end▁of▁sentence｜>",
477,names,names,True,2,names|names,names<｜end▁of▁sentence｜>,names<｜end▁of▁sentence｜>|names<｜end▁of▁sentence｜>,
478,bScale,MASK,False,34,MASK|MASK|MASK|MASK|MASK|MASK|MASK|MASK|MASK|MASK|MASK|MASK|MASK|MASK|MASK|MASK|MASK|MASK|MASK|MASK|MASK|MASK|MASK|MASK|negative|87482988429808779810||ate||orrect|MASK|MASK|MASK|MASK," [MASK]  = 18;
        BigDecimal aNumber = new BigDec"," [MASK]  = 18;
        BigDecimal aNumber = new BigDec|[MASK]<｜end▁of▁sentence｜>|[MASK]  = 18;
        BigDecimal aNumber = new BigDec|MASK );
        int result = -1;
        assertEquals(""incorrect result"",|[MASK]  = 18;
        BigDecimal aNumber = new BigDec|MASK<｜end▁of▁sentence｜>|MASK  = 18;
        BigDecimal aNumber = new BigDecimal(|MASK );
        int result = 1;
        assertEquals(""incorrect result"", result|[MASK]<｜end▁of▁sentence｜>|MASK );
        int result = -1;
        assertEquals(""incorrect result"",|MASK  = 18;
        BigDecimal aNumber = new BigDecimal(|MASK );
        int result = -1;
        assertEquals(""incorrect result"",|[MASK]<｜end▁of▁sentence｜>|MASK );
       assertFalse(aNumber.equals(bNumber));
    }
|[MASK]<｜end▁of▁sentence｜>|MASK<｜end▁of▁sentence｜>|[MASK]  = -24;
       BigDecimal aNumber = new BigDec|[MASK]<｜end▁of▁sentence｜>|[MASK]<｜end▁of▁sentence｜>|MASK );
       assertEquals(""incorrect value"", aNumber.hashCode(), bNumber|MASK  = 41;
       BigDecimal aNumber = new BigDecimal(|MASK );
       assertTrue(""incorrect value"", aNumber.hashCode() !|[MASK]  = 41;
       String c = ""84782|MASK );
       BigDecimal cNumber = new BigDecimal(new BigInteger(| negative BigDecimal
     */
    public void testNegateNegative() {
      |87482988429808779810|
       int precision = 46;
       RoundingMode rm = RoundingMode.CE|ate(mc);
       assertEquals(""incorrect value"", c, res.toString());
|
    public void testSignumNegative() {
       String a = ""-929|orrect value"", -1, aNumber.signum());
    }

    /**|[MASK]<｜end▁of▁sentence｜>|MASK<｜end▁of▁sentence｜>|MASK<｜end▁of▁sentence｜>|MASK );
       BigDecimal cNumber = new BigDecimal(new BigInteger(",
479,bgLeftWidth,MASK,False,7,MASK|MASK|width|MASK||the|centX,[MASK]<｜end▁of▁sentence｜>,"[MASK]<｜end▁of▁sentence｜>|MASK<｜end▁of▁sentence｜>| 0,  0, width, height);
		if (scrollbarsOnTop) actor|MASK, height - bgTopHeight - bgBottomHeight);
		actorArea.x|
		this.amountY = pixelsY;
	}

	/** Called whenever the x| the scroll pane. */
	public float getScrollY () {
		return amountY;|centX () {
		if (maxX == 0) return 0;
		return",
480,classLevelEnabled,,False,2,|is,     <｜end▁of▁sentence｜>,"     <｜end▁of▁sentence｜>|is ) {
			return is;
		}

		if ( ifProfileValue !",
481,testAnn,testAnnotationBindingInAroundAdvice,False,4,testAnnotationBindingInAroundAdvice|annotation|annotation|annotation,"testAnnotationBindingInAroundAdvice() {
		assertThat(testBean.doThis","testAnnotationBindingInAroundAdvice() {
		assertThat(testBean.doThis|@annotation(org.springframework.aop.aspectj.autoproxy.Test|annotation<｜end▁of▁sentence｜>|annotation<｜end▁of▁sentence｜>",
482,finalBitmap,MASK,False,3,MASK|MASK|MASK,[MASK]<｜end▁of▁sentence｜>,[MASK]<｜end▁of▁sentence｜>|MASK<｜end▁of▁sentence｜>|MASK<｜end▁of▁sentence｜>,
483,target,,False,4,|Target|MASK|MASK, <｜end▁of▁sentence｜>, <｜end▁of▁sentence｜>|Target.class<｜end▁of▁sentence｜>|[MASK]<｜end▁of▁sentence｜>|MASK<｜end▁of▁sentence｜>,
484,categoryClass,category,False,2,category|category,category<｜end▁of▁sentence｜>,category<｜end▁of▁sentence｜>|category<｜end▁of▁sentence｜>,
485,lengthIfKnown,MASK,False,4,MASK|lengthIfKnown|MASK|MASK,[MASK]<｜end▁of▁sentence｜>,[MASK]<｜end▁of▁sentence｜>|lengthIfKnown<｜end▁of▁sentence｜>|MASK<｜end▁of▁sentence｜>|MASK<｜end▁of▁sentence｜>,
486,expectedPattern,expectedPattern,True,3,expectedPattern|expectedPattern|expectedPattern,"expectedPattern = EXPECTED[i][1];
            ULocale locale = new ULoc","expectedPattern = EXPECTED[i][1];
            ULocale locale = new ULoc|expectedPattern )) {
                errln(""FAILURE: Expected pattern: "" + |expectedPattern
                        + "" but was: "" + actualPattern);
                ok=false;",
487,exponent,MASK,False,33,MASK|MASK|MASK|MASK|MASK|MASK|MASK|MASK|MASK|MASK|MASK|MASK|MASK|MASK|MASK|MASK|MASK|MASK|MASK|MASK|MASK|MASK|MASK|MASK|MASK|MASK|MASK|MASK|MASK|MASK|MASK|MASK|MASK,[MASK]<｜end▁of▁sentence｜>,[MASK]<｜end▁of▁sentence｜>|[MASK]<｜end▁of▁sentence｜>| [MASK]<｜end▁of▁sentence｜>|MASK<｜end▁of▁sentence｜>|[MASK]<｜end▁of▁sentence｜>|MASK<｜end▁of▁sentence｜>| MASK<｜end▁of▁sentence｜>|MASK<｜end▁of▁sentence｜>|MASK<｜end▁of▁sentence｜>|MASK<｜end▁of▁sentence｜>|MASK<｜end▁of▁sentence｜>|MASK<｜end▁of▁sentence｜>|[MASK]<｜end▁of▁sentence｜>|[MASK]<｜end▁of▁sentence｜>|[MASK]<｜end▁of▁sentence｜>|[MASK]<｜end▁of▁sentence｜>|MASK<｜end▁of▁sentence｜>|MASK<｜end▁of▁sentence｜>|[MASK]<｜end▁of▁sentence｜>|[MASK]<｜end▁of▁sentence｜>|[MASK]<｜end▁of▁sentence｜>|MASK<｜end▁of▁sentence｜>|MASK<｜end▁of▁sentence｜>|[MASK]<｜end▁of▁sentence｜>| MASK<｜end▁of▁sentence｜>| MASK<｜end▁of▁sentence｜>|[MASK]<｜end▁of▁sentence｜>|MASK<｜end▁of▁sentence｜>| MASK<｜end▁of▁sentence｜>|MASK<｜end▁of▁sentence｜>|MASK<｜end▁of▁sentence｜>|MASK<｜end▁of▁sentence｜>|MASK<｜end▁of▁sentence｜>,
488,decodingOptions,,False,5,|MASK|MASK|MASK|MASK,  <｜end▁of▁sentence｜>,  <｜end▁of▁sentence｜>|[MASK]<｜end▁of▁sentence｜>|[MASK]<｜end▁of▁sentence｜>|MASK<｜end▁of▁sentence｜>|MASK<｜end▁of▁sentence｜>,
489,componentTemplates,MASK,False,4,MASK|MASK|componentTemplates|MASK,[MASK]<｜end▁of▁sentence｜>,[MASK]<｜end▁of▁sentence｜>|MASK <｜end▁of▁sentence｜>|componentTemplates<｜end▁of▁sentence｜>| MASK<｜end▁of▁sentence｜>,
490,protocols,ciphers,False,2,ciphers|ciphers,"ciphers, HostnameVerifier verifier) {
        return build(sslContext,","ciphers, HostnameVerifier verifier) {
        return build(sslContext,|ciphers<｜end▁of▁sentence｜>",
491,useAlias,MASK,False,3,MASK|MASK|MASK,[MASK]<｜end▁of▁sentence｜>,[MASK]<｜end▁of▁sentence｜>|[MASK]<｜end▁of▁sentence｜>|MASK<｜end▁of▁sentence｜>,
492,dateTimeStr,,False,11,"||y|d|D|u516D|u516D|u4E94|5, 14, 0, 0);|setNumberFormat|Format","
            NumberFormat nf = fmt.getNumberFormat(""y"");
            if (n","
            NumberFormat nf = fmt.getNumberFormat(""y"");
            if (n|
        NumberFormat get_nf = fmt.getNumberFormat('y');
        if|            { ""y"", ""2010"" },
            { ""M"", ""0|d"", ""\u521D\u516D 15"" },
|516D 15"" },
                { ""MM"", ""\u521|\u516D \u5341\u4E94"" },|\u516D \u5341\u4E94"" },|41\u4E94"" },
                { ""MdM"", ""\u|5, 14, 0, 0);
        cal.set(Calendar.|.setNumberFormat(DATA[i][0], override);
            String result = fmt.|Format override_M = NumberFormat.getInstance(new ULocale(""en@numbers=",
493,meanX,MASK,False,6,MASK|MASK|MASK|MASK|MASK|MASK,[MASK]<｜end▁of▁sentence｜>,[MASK]<｜end▁of▁sentence｜>|[MASK]<｜end▁of▁sentence｜>|MASK<｜end▁of▁sentence｜>|MASK<｜end▁of▁sentence｜>| MASK<｜end▁of▁sentence｜>|MASK<｜end▁of▁sentence｜>,
494,columnValues,MASK,False,7,MASK|MASK||MASK|MASK|MASK|,[MASK] <｜end▁of▁sentence｜>,"[MASK] <｜end▁of▁sentence｜>| [MASK]  = splitBy(columnNamesSize, (char) 0x09| <｜end▁of▁sentence｜>|[MASK]<｜end▁of▁sentence｜>|MASK<｜end▁of▁sentence｜>|  MASK<｜end▁of▁sentence｜>|<｜end▁of▁sentence｜>",
495,dependency,MASK,False,4,MASK|MASK|MASK|MASK,"// [MASK]
			<｜end▁of▁sentence｜>","// [MASK]
			<｜end▁of▁sentence｜>|[MASK]<｜end▁of▁sentence｜>|MASK<｜end▁of▁sentence｜>|MASK<｜end▁of▁sentence｜>",
496,params,params,True,1,params,params<｜end▁of▁sentence｜>,params<｜end▁of▁sentence｜>,
497,which,which,True,1,which,which<｜end▁of▁sentence｜>,which<｜end▁of▁sentence｜>,
498,codeUnderTestId,MASK,False,5,MASK|MASK||Obj|MASK,"[MASK]  = codeUnderTest.Id();
        char  [MASK]  =","[MASK]  = codeUnderTest.Id();
        char  [MASK]  =|     MASK <｜end▁of▁sentence｜>|  <｜end▁of▁sentence｜>|Obj.charValue());
        BufferedReader in = null;
        try {
           |MASK<｜end▁of▁sentence｜>",
499,clone,MASK,False,3,MASK|MASK|MASK,[MASK]<｜end▁of▁sentence｜>,"[MASK]<｜end▁of▁sentence｜>|MASK.getClass());
            return  MASK ;
        } catch (Throwable|MASK<｜end▁of▁sentence｜>",
500,configCenter,public,False,4,public||clazz|equals,"        public void setListener(String listener) {
            this.listener = listener;
","        public void setListener(String listener) {
            this.listener = listener;
|
        }

        public Map<String, String> getParameters() {
            return| clazz : classes) {
                if (""java.util.Collections$UnmodifiableMap|"".equals(cl.getName())) {
                    Field field = cl.getDeclaredField(""",
501,isVolatile,isObjcSubtype,False,5,isObjcSubtype|isFinal|isFinal|isFinal|isFinal,"isObjcSubtype(ElementUtil.getDeclaringClass(varElement), TypeUtil.","isObjcSubtype(ElementUtil.getDeclaringClass(varElement), TypeUtil.|isFinal<｜end▁of▁sentence｜>|isFinal<｜end▁of▁sentence｜>|isFinal && !isPrimitive && options.useStrictFieldLoad() ) {
           |   isFinal<｜end▁of▁sentence｜>",
502,pager,pager,True,5,pager|MASK|viewPager|MASK|MASK,"pager.widget.ViewPager;
import android.view.LayoutInflater;","pager.widget.ViewPager;
import android.view.LayoutInflater;|[MASK]<｜end▁of▁sentence｜>|viewPager);
         [MASK] .setPageMargin(100);|   [MASK]<｜end▁of▁sentence｜>|MASK<｜end▁of▁sentence｜>",
503,offset,MASK,False,4,MASK|MASK|MASK|0,[MASK]<｜end▁of▁sentence｜>,[MASK]<｜end▁of▁sentence｜>|MASK<｜end▁of▁sentence｜>|MASK<｜end▁of▁sentence｜>|0<｜end▁of▁sentence｜>,
504,matches,MASK,False,5,MASK|passage|MASK|MASK|MASK,[MASK]<｜end▁of▁sentence｜>,"[MASK]<｜end▁of▁sentence｜>|passage.getMatchStarts()
           <｜end▁of▁sentence｜>|[MASK]<｜end▁of▁sentence｜>|MASK<｜end▁of▁sentence｜>|MASK<｜end▁of▁sentence｜>",
505,byteArrayPool,MASK,False,18,MASK|MASK|MASK|MASK|MASK|MASK|MASK|MASK|MASK|MASK|MASK|MASK|MASK|MASK|MASK|MASK|MASK|MASK,  [MASK]<｜end▁of▁sentence｜>,  [MASK]<｜end▁of▁sentence｜>| [MASK]<｜end▁of▁sentence｜>|[MASK]<｜end▁of▁sentence｜>|  MASK<｜end▁of▁sentence｜>|MASK<｜end▁of▁sentence｜>|MASK<｜end▁of▁sentence｜>| MASK<｜end▁of▁sentence｜>|MASK<｜end▁of▁sentence｜>|   MASK<｜end▁of▁sentence｜>| MASK<｜end▁of▁sentence｜>|[MASK]<｜end▁of▁sentence｜>|MASK<｜end▁of▁sentence｜>|[MASK]<｜end▁of▁sentence｜>|MASK<｜end▁of▁sentence｜>|MASK<｜end▁of▁sentence｜>|MASK<｜end▁of▁sentence｜>|MASK<｜end▁of▁sentence｜>|MASK<｜end▁of▁sentence｜>,
506,otherParamType,MASK,False,5,MASK|MASK|MASK|MASK|MASK,[MASK]<｜end▁of▁sentence｜>,[MASK]<｜end▁of▁sentence｜>|MASK<｜end▁of▁sentence｜>|[MASK]<｜end▁of▁sentence｜>|MASK<｜end▁of▁sentence｜>|MASK<｜end▁of▁sentence｜>,
507,request,MASK,False,12,MASK|request||request|MASK||MASK||||request|,[MASK]<｜end▁of▁sentence｜>,"[MASK]<｜end▁of▁sentence｜>|request,
                ActionListener<Response> listener
            ) {
                 [MASK]|  <｜end▁of▁sentence｜>|request<｜end▁of▁sentence｜>|[MASK]<｜end▁of▁sentence｜>|<｜end▁of▁sentence｜>|MASK<｜end▁of▁sentence｜>|<｜end▁of▁sentence｜>| <｜end▁of▁sentence｜>| <｜end▁of▁sentence｜>|request of type "" +  [MASK] Class));
    }

    private <AR|<｜end▁of▁sentence｜>",
508,outstandingRequests,MASK,False,4,MASK|double|MASK|MASK,[MASK]<｜end▁of▁sentence｜>,[MASK]<｜end▁of▁sentence｜>|(double) MASK /<｜end▁of▁sentence｜>|MASK<｜end▁of▁sentence｜>|MASK<｜end▁of▁sentence｜>,
509,message,MASK,False,17,MASK|message|message|MASK|MASK|MASK|MASK|MASK|MASK|MASK|MASK|MASK||MASK|MASK|MASK|MASK,[MASK]<｜end▁of▁sentence｜>,"[MASK]<｜end▁of▁sentence｜>|message<｜end▁of▁sentence｜>|message<｜end▁of▁sentence｜>|[MASK]<｜end▁of▁sentence｜>|[MASK]<｜end▁of▁sentence｜>|[MASK]<｜end▁of▁sentence｜>|[MASK]<｜end▁of▁sentence｜>|[MASK] <｜end▁of▁sentence｜>|[MASK]<｜end▁of▁sentence｜>| MASK<｜end▁of▁sentence｜>|MASK<｜end▁of▁sentence｜>|[MASK] s.
     *
     * We only compare the line and file fields| <｜end▁of▁sentence｜>|MASK<｜end▁of▁sentence｜>| MASK<｜end▁of▁sentence｜>| MASK<｜end▁of▁sentence｜>| MASK<｜end▁of▁sentence｜>",
510,consumer,MASK,False,2,MASK|MASK,"[MASK]
   <｜end▁of▁sentence｜>","[MASK]
   <｜end▁of▁sentence｜>|MASK
                <｜end▁of▁sentence｜>",
511,dialog,,False,2,|b, <｜end▁of▁sentence｜>, <｜end▁of▁sentence｜>|   b<｜end▁of▁sentence｜>,
512,vStart,MASK,False,9,MASK|MASK|MASK|MASK|MASK|MASK|MASK|MASK|MASK,[MASK]<｜end▁of▁sentence｜>,[MASK]<｜end▁of▁sentence｜>|[MASK]<｜end▁of▁sentence｜>|MASK<｜end▁of▁sentence｜>|MASK<｜end▁of▁sentence｜>|MASK<｜end▁of▁sentence｜>|MASK<｜end▁of▁sentence｜>|MASK<｜end▁of▁sentence｜>|MASK<｜end▁of▁sentence｜>|MASK<｜end▁of▁sentence｜>,
513,parentBd,bd,False,2,bd|bd,       bd<｜end▁of▁sentence｜>,       bd<｜end▁of▁sentence｜>|bd<｜end▁of▁sentence｜>,
514,testClassNames,testClassNames,True,2,testClassNames|testClassNames,"testClassNames) {
        for (String testClassName : testClassNames) {
","testClassNames) {
        for (String testClassName : testClassNames) {
|testClassNames<｜end▁of▁sentence｜>",
515,height,MASK,False,14,MASK|MASK|MASK|MASK|MASK|MASK|MASK|MASK|MASK|MASK|MASK|MASK||MASK, [MASK]<｜end▁of▁sentence｜>, [MASK]<｜end▁of▁sentence｜>|[MASK]<｜end▁of▁sentence｜>|[MASK ]<｜end▁of▁sentence｜>|[MASK]<｜end▁of▁sentence｜>|MASK<｜end▁of▁sentence｜>|[MASK]<｜end▁of▁sentence｜>|MASK<｜end▁of▁sentence｜>|[MASK]<｜end▁of▁sentence｜>|MASK<｜end▁of▁sentence｜>|[MASK ]<｜end▁of▁sentence｜>| MASK<｜end▁of▁sentence｜>|MASK<｜end▁of▁sentence｜>|<｜end▁of▁sentence｜>|MASK<｜end▁of▁sentence｜>,
516,alpha,MASK,False,14,MASK|MASK|MASK|MASK|MASK|MASK|MASK|MASK|MASK|MASK|MASK|MASK|MASK|MASK,[MASK]<｜end▁of▁sentence｜>,[MASK]<｜end▁of▁sentence｜>|[MASK]<｜end▁of▁sentence｜>|[MASK]<｜end▁of▁sentence｜>|[MASK]<｜end▁of▁sentence｜>|[MASK]<｜end▁of▁sentence｜>|MASK<｜end▁of▁sentence｜>|[MASK]<｜end▁of▁sentence｜>|[MASK]<｜end▁of▁sentence｜>| MASK<｜end▁of▁sentence｜>| MASK<｜end▁of▁sentence｜>| MASK<｜end▁of▁sentence｜>|MASK<｜end▁of▁sentence｜>|MASK<｜end▁of▁sentence｜>|MASK<｜end▁of▁sentence｜>,
517,incReceivers,MASK,False,6,MASK|MASK|MASK|MASK|MASK|MASK,[MASK]  = getIncrementReceivers(oldAndroidManifest.rece,"[MASK]  = getIncrementReceivers(oldAndroidManifest.rece| [MASK] .isEmpty());

            if (!config.mSupportHotplugComponent &&|MASK + ""\n""
                        + "" provider: "" + incProviders + ""\n|MASK<｜end▁of▁sentence｜>|MASK );
                    for (Element node : incReceiverNodes) {
                        incApp| MASK<｜end▁of▁sentence｜>",
518,indexInTrackGroup,MASK,False,2,MASK|MASK,[MASK]<｜end▁of▁sentence｜>,[MASK]<｜end▁of▁sentence｜>|MASK<｜end▁of▁sentence｜>,
519,readOffset,readOffset,True,1,readOffset,"readOffset, int writeOffset, int size);

	public native void glGetInteger64","readOffset, int writeOffset, int size);

	public native void glGetInteger64",
520,ignoreUserOptions,MASK,False,12,MASK|MASK|MASK|MASK|MASK|MASK|MASK|MASK|MASK|MASK|MASK|skipUserOptions," [MASK] ) throws Exception {
    return newCommand(BuildCommand.class, "," [MASK] ) throws Exception {
    return newCommand(BuildCommand.class, |/*  [MASK] = */ true);
  }

  public final CommandEnvironment|[MASK] ) throws Exception {
    return newCommandWithExtensions(command, extensions| [MASK] );

    checkNotNull(
        optionsParser,
        ""The|MASK = */ false);
  }

  /**
   * Creates a new|[MASK<｜end▁of▁sentence｜>|MASK );
  }

  /**
   * Creates a new command environment with|[MASK<｜end▁of▁sentence｜>|[MASK] );
    optionsParser.parse(optionsToParse);

    //|MASK<｜end▁of▁sentence｜>| MASK<｜end▁of▁sentence｜>|skipUserOptions<｜end▁of▁sentence｜>",
521,commonSuperTypeIndex,MASK,False,3,MASK|MASK|MASK,[MASK]<｜end▁of▁sentence｜>,[MASK]<｜end▁of▁sentence｜>|MASK<｜end▁of▁sentence｜>| MASK<｜end▁of▁sentence｜>,
522,newField,newInput,False,5,newInput|newInput|newInput|newInput|newInput,newInput<｜end▁of▁sentence｜>,newInput<｜end▁of▁sentence｜>|newInput<｜end▁of▁sentence｜>|newInput <｜end▁of▁sentence｜>|newInput<｜end▁of▁sentence｜>|newInput<｜end▁of▁sentence｜>,
523,color,float,False,11,float|width|x|width|amountX|for|float|return|return|scrollbarHeight|style,"	float amountY = this.amountY;

		float actorWidth = actorArea","	float amountY = this.amountY;

		float actorWidth = actorArea| width / 2 - actorArea.width / 2;
		else if (x <|, x + width - actorArea.width);

		float amountY = this.|width);

		float amountY = this.amountY;
		if (center|amountX);

		float amountY = this.amountY;
		if (| for the x axis. */
	public float getMaxScrollX () {
		return maxX| float getMaxScrollX () {
		return maxX;
	}

	/** Returns the|	return maxX;
	}

	/** Returns the maximum scroll value in the y direction. */| return 0;
		return hScrollBounds.height;
	}

	public float get| scrollbarHeight = 0;
		if (style.hScrollKnob != null)|style.hScrollKnob != null) height = style.hScrollKnob.get",
524,testClasses,MASK,False,8,MASK|MASK|MASK|MASK|MASK|MASK|MASK|MASK,[MASK]<｜end▁of▁sentence｜>,[MASK]<｜end▁of▁sentence｜>| [MASK]<｜end▁of▁sentence｜>|[MASK]<｜end▁of▁sentence｜>|[MASK]<｜end▁of▁sentence｜>|[MASK]<｜end▁of▁sentence｜>|MASK<｜end▁of▁sentence｜>|MASK<｜end▁of▁sentence｜>| MASK<｜end▁of▁sentence｜>,
525,testClass,Names,False,13,Names|||c|Name|c|Cleaner|latch|pool|_DELAY_MS|did|run|of,"Names) {
        for (String  [MASK] Name :  [MASK]","Names) {
        for (String  [MASK] Name :  [MASK]| <｜end▁of▁sentence｜>|<｜end▁of▁sentence｜>|c = Class.forName(Name);
                Method m = c.getDeclaredMethod|Name);
                Method m =  c.getDeclaredMethod(""suite"",
                                                |c.getDeclaredMethod(""suite"",
                                                 new Class<?>[0|Cleaner cleaner(ForkJoinPool pool) {
        return new PoolCleaner(pool| latch) {
        return cleaner(pool, new Runnable() {
            public| pool, and then joins all
     * threads in the pool.
     */
    void|_DELAY_MS, MILLISECONDS))
                threadFail(""pool did not|                               "" did not terminate"");
                } finally {
                    pool.shutdownNow();| run() throws Throwable; }

    /**
     * Runs the given action| of a test in parallel.
     */
    void runActions(Action... actions) {",
526,pluginPolicy,policyFile,False,2,policyFile|policyFile,  policyFile<｜end▁of▁sentence｜>,"  policyFile<｜end▁of▁sentence｜>|policyFile, info.getName());
        terminal.println(
            VERBOSE,",
527,symbolsOut,Mode,False,2,Mode|try,"Mode.HALF_UP);
        decimalFormat.setMaximumFractionDigits","Mode.HALF_UP);
        decimalFormat.setMaximumFractionDigits| try {
            decimalFormat.formatToCharacterIterator(new BigDecimal(""1.0",
528,response,,False,11,|MASK|MASK|MASK|MASK|MASK|MASK|MASK|MASK|MASK|MASK, <｜end▁of▁sentence｜>, <｜end▁of▁sentence｜>|[MASK] Response<｜end▁of▁sentence｜>|MASK<｜end▁of▁sentence｜>|[MASK]<｜end▁of▁sentence｜>|[MASK]<｜end▁of▁sentence｜>| MASK<｜end▁of▁sentence｜>| MASK<｜end▁of▁sentence｜>|[MASK]<｜end▁of▁sentence｜>|MASK<｜end▁of▁sentence｜>|MASK<｜end▁of▁sentence｜>|MASK<｜end▁of▁sentence｜>,
529,endFlag,MASK,False,10,MASK|MASK|MASK|MASK|MASK|MASK|MASK|MASK|MASK|MASK,[MASK]<｜end▁of▁sentence｜>,"[MASK]<｜end▁of▁sentence｜>|[MASK]<｜end▁of▁sentence｜>|[MASK]<｜end▁of▁sentence｜>|[MASK]<｜end▁of▁sentence｜>|MASK  = true;
            }
            
        }
        if ((MASK )|MASK<｜end▁of▁sentence｜>|MASK  = true;
            }
            
        }
        if ((MASK )|MASK<｜end▁of▁sentence｜>|MASK<｜end▁of▁sentence｜>|MASK<｜end▁of▁sentence｜>",
530,selectedConverterType,MASK,False,4,MASK|MASK|MASK|MASK,[MASK]<｜end▁of▁sentence｜>,[MASK]<｜end▁of▁sentence｜>|[MASK]<｜end▁of▁sentence｜>|MASK<｜end▁of▁sentence｜>|MASK<｜end▁of▁sentence｜>,
531,offset,MASK,False,5,MASK|MASK|index|MASK|MASK,[MASK]<｜end▁of▁sentence｜>,[MASK]<｜end▁of▁sentence｜>|[MASK]<｜end▁of▁sentence｜>|index<｜end▁of▁sentence｜>|[MASK]<｜end▁of▁sentence｜>|MASK<｜end▁of▁sentence｜>,
532,trace,MASK,False,6,MASK|MASK|MASK|trace|MASK|MASK,[MASK]<｜end▁of▁sentence｜>,[MASK]<｜end▁of▁sentence｜>|[MASK]<｜end▁of▁sentence｜>|MASK<｜end▁of▁sentence｜>|trace<｜end▁of▁sentence｜>|MASK<｜end▁of▁sentence｜>| MASK<｜end▁of▁sentence｜>,
533,infoThreshold,infoThreshold,True,2,infoThreshold|infoThreshold,"infoThreshold) {
        this.indexInfoThreshold = infoThreshold.nanos","infoThreshold) {
        this.indexInfoThreshold = infoThreshold.nanos|infoThreshold<｜end▁of▁sentence｜>",
534,queue,MASK,False,6,MASK||MASK|MASK|MASK|errors,[MASK]<｜end▁of▁sentence｜>,"[MASK]<｜end▁of▁sentence｜>| <｜end▁of▁sentence｜>|   [MASK]<｜end▁of▁sentence｜>|[MASK]<｜end▁of▁sentence｜>|MASK<｜end▁of▁sentence｜>|errors.tryAddThrowableOrReport(ex);
                            errors.tryTerminateConsumer(",
535,cause,MASK,False,5,MASK|MASK|MASK|MASK|MASK,[MASK]<｜end▁of▁sentence｜>,[MASK]<｜end▁of▁sentence｜>|[MASK]<｜end▁of▁sentence｜>|MASK<｜end▁of▁sentence｜>|MASK<｜end▁of▁sentence｜>|MASK<｜end▁of▁sentence｜>,
536,runLength,MASK,False,3,MASK|MASK|,[MASK]<｜end▁of▁sentence｜>,[MASK]<｜end▁of▁sentence｜>|[MASK]<｜end▁of▁sentence｜>|<｜end▁of▁sentence｜>,
537,fieldsCopy,,False,7,||MASK|MASK|MASK|MASK|MASK, <｜end▁of▁sentence｜>, <｜end▁of▁sentence｜>|  <｜end▁of▁sentence｜>|MASK] [ [MASK]<｜end▁of▁sentence｜>|[MASK]<｜end▁of▁sentence｜>|[MASK]<｜end▁of▁sentence｜>|MASK<｜end▁of▁sentence｜>|MASK<｜end▁of▁sentence｜>,
538,outputColorInfo,VideoFrameProcessor,False,3,VideoFrameProcessor|MASK|MASK,VideoFrameProcessor<｜end▁of▁sentence｜>,"VideoFrameProcessor<｜end▁of▁sentence｜>|[MASK] The {@link ColorInfo} for the mask frames.
     * @param|MASK<｜end▁of▁sentence｜>",
539,bulkShardRequest,bulkRequest,False,2,bulkRequest|bulkRequest,"  bulkRequest = new BulkShardRequest(index.getName(), oldPrimary.routing","  bulkRequest = new BulkShardRequest(index.getName(), oldPrimary.routing|bulkRequest<｜end▁of▁sentence｜>",
540,newReceivers,newReceivers,True,2,newReceivers|newReceivers,newReceivers<｜end▁of▁sentence｜>,newReceivers<｜end▁of▁sentence｜>|newReceivers<｜end▁of▁sentence｜>,
541,future,exceptions,False,7,exceptions|MASK|MASK|MASK|MASK|MASK|MASK,"exceptions, such as
 * {@link InterruptedException} or {@link NullPointerException}.","exceptions, such as
 * {@link InterruptedException} or {@link NullPointerException}.|[MASK]<｜end▁of▁sentence｜>|[MASK]<｜end▁of▁sentence｜>|MASK<｜end▁of▁sentence｜>|MASK<｜end▁of▁sentence｜>|MASK<｜end▁of▁sentence｜>|MASK<｜end▁of▁sentence｜>",
542,histo,=,False,3,=|histogram|histogram,=<｜end▁of▁sentence｜>,"=<｜end▁of▁sentence｜>|histogram<｜end▁of▁sentence｜>|histogram.zeroBucket()
           <｜end▁of▁sentence｜>",
543,checkMlCppNoticeTask,MASK,False,4,MASK|MASK|MASK|MASK,[MASK]<｜end▁of▁sentence｜>,"[MASK]<｜end▁of▁sentence｜>|MASK<｜end▁of▁sentence｜>|[MASK]<｜end▁of▁sentence｜>|MASK;
    }

    private TaskProvider<Task> registerCheckModulesTask",
544,actualValue,MASK,False,10,MASK|MASK|MASK|MASK|||s||MASK|MASK,[MASK]<｜end▁of▁sentence｜>,"[MASK]<｜end▁of▁sentence｜>| [MASK]<｜end▁of▁sentence｜>|[MASK]<｜end▁of▁sentence｜>| [MASK]<｜end▁of▁sentence｜>|<｜end▁of▁sentence｜>|  <｜end▁of▁sentence｜>|s,
                <｜end▁of▁sentence｜>|  <｜end▁of▁sentence｜>|MASK<｜end▁of▁sentence｜>|MASK<｜end▁of▁sentence｜>",
545,service,indicesAdmin,False,2,indicesAdmin|indicesAdmin,indicesAdmin<｜end▁of▁sentence｜>,indicesAdmin<｜end▁of▁sentence｜>|indicesAdmin.getIndex(new GetIndexRequest(TEST_REQUEST_TIMEOUT).ind,
546,testInfo,MASK,False,6,MASK|MASK|MASK|MASK|MASK|MASK,[MASK]<｜end▁of▁sentence｜>,"[MASK]<｜end▁of▁sentence｜>|[MASK]<｜end▁of▁sentence｜>|[MASK]<｜end▁of▁sentence｜>|MASK );
	}

	@Test
	void test003(TestInfo  M|MASK<｜end▁of▁sentence｜>|MASK<｜end▁of▁sentence｜>",
547,integerSetting,i,False,11,i|value|String|));|null|settingUpdater|contains|Settings|foo|put|assertEquals," + i, input.get(i));
        }
        assertTrue(listSetting."," + i, input.get(i));
        }
        assertTrue(listSetting.|(), value.size());
        assertArrayEquals(value.toArray(new String[0| String[0]), input.toArray(new String[0]));

        //|));

        // try to parse this really annoying format
        builder = Settings.builder();|<>(null);
        ClusterSettings.SettingUpdater<List<String>> setting|>> settingUpdater = listSetting.newUpdater(ref::set, logger);|).contains(""bar"")) {
                if (fixSetting.get(s) == 1)|Settings> updater = Setting.groupedSettingsUpdater(
            validator,
|.foo.suffix"", 2).put(""abc"", 2).build());
       |put(""prefix.bar.suffix"", 5).put(""abc"", 2).build| assertEquals(""no bar"", illegal.getMessage());

        illegal = expectThrows(Illegal",
548,urlWithPort,urlWithPort,True,2,urlWithPort|urlWithPort,urlWithPort<｜end▁of▁sentence｜>,urlWithPort<｜end▁of▁sentence｜>|urlWithPort<｜end▁of▁sentence｜>,
549,warnThreshold,MASK,False,2,MASK|MASK,[MASK]<｜end▁of▁sentence｜>,"[MASK]<｜end▁of▁sentence｜>|MASK
           <｜end▁of▁sentence｜>",
550,array,,False,3,|MASK|MASK,    <｜end▁of▁sentence｜>,    <｜end▁of▁sentence｜>|[MASK]<｜end▁of▁sentence｜>|MASK<｜end▁of▁sentence｜>,
551,mockTrainedModelDefinition,MASK,False,3,MASK|MASK|MASK,[MASK]<｜end▁of▁sentence｜>,[MASK]<｜end▁of▁sentence｜>|MASK<｜end▁of▁sentence｜>|MASK<｜end▁of▁sentence｜>,
552,builder,MASK,False,4,MASK|MASK|MASK|MASK,[MASK]<｜end▁of▁sentence｜>,"[MASK]<｜end▁of▁sentence｜>|[MASK]<｜end▁of▁sentence｜>|MASK .parameterResolver();
		 MASK<｜end▁of▁sentence｜>|MASK<｜end▁of▁sentence｜>",
553,downstream,MASK,False,12,MASK|MASK||MASK||MASK||MASK|MASK|MASK|MASK|,[MASK] <｜end▁of▁sentence｜>,[MASK] <｜end▁of▁sentence｜>|[MASK] <｜end▁of▁sentence｜>| <｜end▁of▁sentence｜>|MASK<｜end▁of▁sentence｜>| <｜end▁of▁sentence｜>|MASK<｜end▁of▁sentence｜>| <｜end▁of▁sentence｜>|[MASK]<｜end▁of▁sentence｜>|[MASK]<｜end▁of▁sentence｜>|[MASK]<｜end▁of▁sentence｜>| MASK<｜end▁of▁sentence｜>| <｜end▁of▁sentence｜>,
554,pwdEndIdx,MASK,False,5,MASK|MASK|MASK|MASK|MASK, [MASK]<｜end▁of▁sentence｜>, [MASK]<｜end▁of▁sentence｜>|MASK<｜end▁of▁sentence｜>|MASK <｜end▁of▁sentence｜>| MASK<｜end▁of▁sentence｜>| MASK<｜end▁of▁sentence｜>,
555,pathFragment,,False,14,||MASK|MASK|MASK|MASK|MASK|MASK|MASK|MASK|MASK|MASK|MASK|MASK, <｜end▁of▁sentence｜>," <｜end▁of▁sentence｜>|<｜end▁of▁sentence｜>|[MASK]<｜end▁of▁sentence｜>|MASK.containsUplevelReferences()).isTrue();
  }

  @|[MASK]<｜end▁of▁sentence｜>|MASK<｜end▁of▁sentence｜>|[MASK]<｜end▁of▁sentence｜>|MASK .containsUplevelReferences()).isTrue();
  }

  @|MASK  = create(""a/../b"");
    assertThat( MASK .containsUple|MASK .containsUplevelReferences()).isFalse();
    assertThat( MASK .|MASK .getPathString()).isEqualTo(""b"");
  }

  @|MASK  = create(""/dir1/dir2/../file"");

    assertThat( M|MASK .containsUplevelReferences()).isFalse();
    assertThat( MASK .|MASK .getPathString()).isEqualTo(""/dir1/file"");
  }
",
556,timestampAdjusterInitializationTimeoutMs,MASK,False,11,MASK|MASK|MASK|MASK|MASK|MASK|MASK|MASK|MASK|MASK|elapsedRealTimeOffsetMs, [MASK]<｜end▁of▁sentence｜>," [MASK]<｜end▁of▁sentence｜>|[MASK] <｜end▁of▁sentence｜>| [MASK]  ) {
      this. [MASK]  =  [MASK| [MASK]  =  [MASK] ;
      return this;
    }
|MASK ;
      return this;
    }

    /**
     * Sets the|  [MASK] );
    }
  }

  /**
   * A|[MASK]<｜end▁of▁sentence｜>| MASK<｜end▁of▁sentence｜>| MASK<｜end▁of▁sentence｜>|MASK<｜end▁of▁sentence｜>|elapsedRealTimeOffsetMs,
          MASK<｜end▁of▁sentence｜>",
557,initialSeedRef,MASK,False,6,MASK|MASK|MASK|MASK|MASK|MASK,[MASK]<｜end▁of▁sentence｜>,[MASK]<｜end▁of▁sentence｜>|[MASK]<｜end▁of▁sentence｜>|MASK<｜end▁of▁sentence｜>|MASK<｜end▁of▁sentence｜>|MASK<｜end▁of▁sentence｜>|MASK<｜end▁of▁sentence｜>,
558,context,MASK,False,18,MASK|MASK|MASK|MASK|MASK|MASK|MASK|MASK|MASK|MASK|MASK|MASK|MASK|MASK|MASK|MASK|MASK|node,"[MASK]  position.
   *
   * @return The node position of this","[MASK]  position.
   *
   * @return The node position of this| [MASK]<｜end▁of▁sentence｜>|[MASK]  position.
   *
   * @param xctxt The X|[MASK] .
   *
   * @return The node position of this walker| MASK  node list.
   */
  public int getProximityPosition(X|[MASK] .
   *
   * @return the index of the last node that| MASK  position.
   *
   * @return The node position of this walker| MASK  node list.
   */
  public int getProximityPosition(int|[MASK]<｜end▁of▁sentence｜>|[MASK]<｜end▁of▁sentence｜>|MASK<｜end▁of▁sentence｜>|[MASK]<｜end▁of▁sentence｜>|MASK<｜end▁of▁sentence｜>|[MASK]<｜end▁of▁sentence｜>| MASK<｜end▁of▁sentence｜>|MASK<｜end▁of▁sentence｜>|MASK<｜end▁of▁sentence｜>|node's subtree can occur.
   */
  public boolean canTraverseOutside",
559,unfilteredRdepsOfRdeps,MASK,False,2,MASK|MASK,[MASK]<｜end▁of▁sentence｜>,[MASK]<｜end▁of▁sentence｜>|   MASK<｜end▁of▁sentence｜>,
560,trieIterator,MASK,False,3,MASK|MASK|MASK,[MASK]<｜end▁of▁sentence｜>,[MASK]<｜end▁of▁sentence｜>|MASK<｜end▁of▁sentence｜>|MASK<｜end▁of▁sentence｜>,
561,sourceCodec,,False,3,|httpServerCodec|Http2CodecUtil, <｜end▁of▁sentence｜>, <｜end▁of▁sentence｜>|httpServerCodec<｜end▁of▁sentence｜>|Http2CodecUtil.HTTP_UPGRADE_PROTOCOL_NAME<｜end▁of▁sentence｜>,
562,header,MASK,False,24,MASK|||||s|||s|s||s||MASK|||s|||||s||,[MASK]<｜end▁of▁sentence｜>,"[MASK]<｜end▁of▁sentence｜>|<｜end▁of▁sentence｜>|<｜end▁of▁sentence｜>|<｜end▁of▁sentence｜>|<｜end▁of▁sentence｜>|s<｜end▁of▁sentence｜>|<｜end▁of▁sentence｜>|<｜end▁of▁sentence｜>|s<｜end▁of▁sentence｜>| s) {
            final List<String> values =  [MASK] s.get(|<｜end▁of▁sentence｜>| s<｜end▁of▁sentence｜>|<｜end▁of▁sentence｜>| [MASK]<｜end▁of▁sentence｜>|<｜end▁of▁sentence｜>|<｜end▁of▁sentence｜>|s"",  [MASK] s);
            builder.field(""<｜end▁of▁sentence｜>|<｜end▁of▁sentence｜>|<｜end▁of▁sentence｜>|<｜end▁of▁sentence｜>|<｜end▁of▁sentence｜>| s) {
            this. [MASK] s =  [MASK] s;
|<｜end▁of▁sentence｜>|<｜end▁of▁sentence｜>",
563,execRoot,MASK,False,5,MASK|spawnStrategy|MASK|MASK|MASK,[MASK]<｜end▁of▁sentence｜>,"[MASK]<｜end▁of▁sentence｜>|   /* spawnStrategy= */ ""standalone"",
                    /* spawnStrategyOptions= */ Immutable|MASK<｜end▁of▁sentence｜>| [MASK]<｜end▁of▁sentence｜>|MASK<｜end▁of▁sentence｜>",
564,candidate,Count,False,3,Count|Count|i,"Count;
            // Android-changed: Detect changes to modCount early.
            for","Count;
            // Android-changed: Detect changes to modCount early.
            for|Count early.
            for (int i = 0; (i < tab.length && mod|0; (i < tab.length && modCount == mc); ++i) {
",
565,parts,trailingParts,False,4,trailingParts|MASK|MASK|MASK,trailingParts<｜end▁of▁sentence｜>,trailingParts<｜end▁of▁sentence｜>|[MASK]<｜end▁of▁sentence｜>|[MASK]<｜end▁of▁sentence｜>| MASK<｜end▁of▁sentence｜>,
566,evict,true,False,7,true|param||null|link|return|;," true)) == null ?
            null : e.value;
    }

    /**"," true)) == null ?
            null : e.value;
    }

    /**|     * @param value the value to match if matchValue, else ignored
     * @param|
                if (p instanceof TreeNode)
                    node = ((TreeNode<K,V|] = null;
        }
        return a;
    }

    /**
| {@link #prepareArray(Object[])} method to prepare the array.
     *
    | { return new KeyIterator(); }
        public final boolean contains(Object o) { return contains|;
            else
                replacement = p;
            replacement.parent = p.parent;",
567,newest,e,False,4,e|break|e|e,"e = m.entrySet().iterator().next();
        assertEquals(""KEY"", e.get","e = m.entrySet().iterator().next();
        assertEquals(""KEY"", e.get|   break;
        }
        assertEquals(""KEY"",  e.getKey());
       |e.getKey());
        assertEquals(""VALUE"",  e.getValue());
    }
|e .getValue());
    }

    /**
     * java.util.Linked",
568,fromArchive,,False,2,|null, <｜end▁of▁sentence｜>," <｜end▁of▁sentence｜>|null, mode);
    } else {
      super.zipFile(is, zOut",
569,repeatedValuesString,MASK,False,2,MASK|MASK,[MASK]<｜end▁of▁sentence｜>,[MASK]<｜end▁of▁sentence｜>|MASK<｜end▁of▁sentence｜>,
570,indexId,indexId,True,3,indexId|indexId|indexId,indexId <｜end▁of▁sentence｜>,"indexId <｜end▁of▁sentence｜>|indexId, 0, 0, 0, 0, 0, 0|indexId<｜end▁of▁sentence｜>",
571,start,MASK,False,4,MASK|MASK|MASK|MASK,[MASK]<｜end▁of▁sentence｜>,[MASK]<｜end▁of▁sentence｜>|MASK<｜end▁of▁sentence｜>|MASK<｜end▁of▁sentence｜>|MASK<｜end▁of▁sentence｜>,
572,restRequest,restRequest,True,3,restRequest|restRequest|restRequest,restRequest<｜end▁of▁sentence｜>,restRequest<｜end▁of▁sentence｜>|restRequest<｜end▁of▁sentence｜>|restRequest<｜end▁of▁sentence｜>,
573,expected,MASK,False,3,MASK||MASK,[MASK]<｜end▁of▁sentence｜>,[MASK]<｜end▁of▁sentence｜>|  <｜end▁of▁sentence｜>|MASK<｜end▁of▁sentence｜>,
574,other,MASK,False,3,MASK|MASK|MASK,[MASK]<｜end▁of▁sentence｜>,[MASK]<｜end▁of▁sentence｜>|MASK<｜end▁of▁sentence｜>|MASK<｜end▁of▁sentence｜>,
575,qualifiedName,context,False,3,context|context|context,"context   an extractor context
   * @param  [MASK] <｜end▁of▁sentence｜>","context   an extractor context
   * @param  [MASK] <｜end▁of▁sentence｜>|   context<｜end▁of▁sentence｜>|context ));
    // Record the exported name of the symbol
    ruleInfoBuilder.",
576,avgCount,MASK,False,4,MASK|MASK|MASK|MASK,[MASK]<｜end▁of▁sentence｜>,[MASK]<｜end▁of▁sentence｜>|[MASK]<｜end▁of▁sentence｜>|MASK<｜end▁of▁sentence｜>|MASK<｜end▁of▁sentence｜>,
577,innerAgg,agg,False,2,agg|agg,agg<｜end▁of▁sentence｜>,"agg<｜end▁of▁sentence｜>|agg.getAggregations()
                .get(""filter_inner"")
               <｜end▁of▁sentence｜>",
578,buffer,MASK,False,3,MASK|MASK|MASK,[MASK]<｜end▁of▁sentence｜>,[MASK]<｜end▁of▁sentence｜>|MASK<｜end▁of▁sentence｜>|MASK<｜end▁of▁sentence｜>,
579,targetR,targetR,True,2,targetR|targetR,targetR<｜end▁of▁sentence｜>,targetR<｜end▁of▁sentence｜>|targetR<｜end▁of▁sentence｜>,
580,statusPerLine,testPartsIndexLength,False,3,testPartsIndexLength|System|testPartsIndexLength,"  testPartsIndexLength = testPartsIndex.length;
      int    testPart","  testPartsIndexLength = testPartsIndex.length;
      int    testPart|System.out.print(""testPartsIndex: "");
      }
      while (incre|testPartsIndexLength) {
               System.out.println();
               printed = 0",
581,builder,MASK,False,2,MASK|MASK,[MASK]<｜end▁of▁sentence｜>,"[MASK]<｜end▁of▁sentence｜>|   MASK.diskHealthInfo(healthInfo);
    }

    @Override
",
582,configLocations,,False,2,|, <｜end▁of▁sentence｜>, <｜end▁of▁sentence｜>| <｜end▁of▁sentence｜>,
583,entries,MASK,False,34,MASK|MASK|MASK|MASK|MASK|MASK|||MASK|MASK|MASK|MASK|MASK|MASK|MASK|MASK|MASK|MASK|MASK|MASK|MASK|MASK|MASK|MASK|MASK|MASK|MASK|MASK|MASK|MASK|MASK|MASK|MASK|MASK,[MASK]<｜end▁of▁sentence｜>,"[MASK]<｜end▁of▁sentence｜>|[MASK]<｜end▁of▁sentence｜>|[MASK]<｜end▁of▁sentence｜>|MASK );
                return Collections.checkedSortedMap(map, String.class,|[MASK]<｜end▁of▁sentence｜>|[MASK]<｜end▁of▁sentence｜>|<｜end▁of▁sentence｜>|<｜end▁of▁sentence｜>|[MASK]<｜end▁of▁sentence｜>| [MASK]<｜end▁of▁sentence｜>|[MASK]<｜end▁of▁sentence｜>| MASK<｜end▁of▁sentence｜>|[MASK]<｜end▁of▁sentence｜>|[MASK]<｜end▁of▁sentence｜>|[MASK]<｜end▁of▁sentence｜>|[MASK]<｜end▁of▁sentence｜>|[MASK]<｜end▁of▁sentence｜>|[MASK]<｜end▁of▁sentence｜>|[MASK]<｜end▁of▁sentence｜>| MASK<｜end▁of▁sentence｜>|[MASK]<｜end▁of▁sentence｜>|MASK<｜end▁of▁sentence｜>|[MASK]<｜end▁of▁sentence｜>|[MASK]<｜end▁of▁sentence｜>|[MASK]<｜end▁of▁sentence｜>|[MASK]<｜end▁of▁sentence｜>|[MASK]<｜end▁of▁sentence｜>|[MASK]<｜end▁of▁sentence｜>|[MASK]<｜end▁of▁sentence｜>| MASK<｜end▁of▁sentence｜>|[MASK]<｜end▁of▁sentence｜>|MASK );
  }

  private static enum AnEnum {
    A,
|MASK<｜end▁of▁sentence｜>|MASK<｜end▁of▁sentence｜>",
584,suite,suite,True,19,suite|allTests|MASK|MASK|MASK|MASK|MASK|MASK|MASK|MASK|MASK|MASK|MASK|MASK|MASK|MASK|MASK|MASK|MASK,suite<｜end▁of▁sentence｜>,"suite<｜end▁of▁sentence｜>|allTests();

  public static Test  testsForCheckedMap();

  public|[MASK]<｜end▁of▁sentence｜>|[MASK] .addTest(testsForEnumMap());
     [MASK] .|MASK .addTest(testsForCheckedSortedMap());
     MASK .add|MASK .addTest(testsForEmptyMap());
      MASK .addTest(tests|MASK .addTest(testsForSingletonMap());
     MASK .addTest(|MASK .addTest(testsForHashMap());
     MASK .addTest(tests|MASK .addTest(testsForHashtable());
     MASK .addTest(|MASK .addTest(testsForLinkedHashMap());
     MASK .addTest|MASK .addTest(testsForTreeMapNatural());
     MASK .addTest|MASK .addTest(testsForTreeMapWithComparator());
     MASK .|MASK .addTest(testsForUnmodifiableMap());
     MASK .addTest|MASK .addTest(testsForUnmodifiableSortedMap());
     MASK .|MASK .addTest(testsForEnumMap());
     MASK .addTest(tests|MASK .addTest(testsForConcurrentHashMap());
     MASK .addTest|MASK .addTest(testsForConcurrentSkipListMap());
    return  MASK|MASK .addTest(testsForConcurrentSkipListMapWithComparator());
   |MASK ;
  }

  protected Collection<Method> suppressForCheckedMap()",
585,encodedURLStr,MASK,False,8,MASK||MASK|MASK|MASK|MASK|MASK|MASK,[MASK]<｜end▁of▁sentence｜>,"[MASK]<｜end▁of▁sentence｜>|             <｜end▁of▁sentence｜>|[MASK]<｜end▁of▁sentence｜>|[MASK]<｜end▁of▁sentence｜>| MASK , pathEndIdx + 3);
        } else {
            pathEndId| MASK<｜end▁of▁sentence｜>| MASK<｜end▁of▁sentence｜>| MASK<｜end▁of▁sentence｜>",
586,admin,MASK,False,20,MASK|user||||MASK|MASK|MASK|MASK|MASK|MASK|MASK|MASK||userSecurity|MASK|MASK|assertTrue|assertTrue|, [MASK]<｜end▁of▁sentence｜>," [MASK]<｜end▁of▁sentence｜>|user<｜end▁of▁sentence｜>|<｜end▁of▁sentence｜>| <｜end▁of▁sentence｜>| <｜end▁of▁sentence｜>|[MASK]<｜end▁of▁sentence｜>| MASK<｜end▁of▁sentence｜>|[MASK]<｜end▁of▁sentence｜>|[MASK]<｜end▁of▁sentence｜>| [MASK]<｜end▁of▁sentence｜>|[MASK]<｜end▁of▁sentence｜>| MASK Sql, user, userSql, cli -> {
                assertEquals(""[?|MASK<｜end▁of▁sentence｜>|<｜end▁of▁sentence｜>|userSecurity(user))) {
                customizer.accept(cli);
                 [MASK|[MASK]<｜end▁of▁sentence｜>|MASK<｜end▁of▁sentence｜>|assertTrue(expected.hasNext());
                     assertEquals(expected.next(), line);
               |assertTrue<｜end▁of▁sentence｜>| <｜end▁of▁sentence｜>",
587,aggBuilder,MASK,False,10,"MASK|MASK|MASK|MASK|MASK|?""));|Type|Type|MASK|MASK","[MASK]  = new CategorizeTextAggregationBuilder(""my_agg"", T","[MASK]  = new CategorizeTextAggregationBuilder(""my_agg"", T|MASK ,
                new TextFieldMapper.TextFieldType(TEXT_FIELD_NAME,|[MASK]  = new CategorizeTextAggregationBuilder(""my_agg"", T|[MASK]<｜end▁of▁sentence｜>|[MASK]  = new HistogramAggregationBuilder(""histo"").field(NUMERIC|?""));
        },
            new AggTestConfig(
                 [MASK] ,|Type(TEXT_FIELD_NAME, randomBoolean(), false),
                longField(NUMER|Type <｜end▁of▁sentence｜>|MASK<｜end▁of▁sentence｜>|MASK<｜end▁of▁sentence｜>",
588,constantPoolOffset,MASK,False,3,MASK|classReader|classReader,  [MASK]<｜end▁of▁sentence｜>,"  [MASK]<｜end▁of▁sentence｜>|classReader.getItem(1);
    int  MASK  = classReader.getItem|classReader.header, constantPoolLength);

    // Add the constant pool items in the",
589,length,MASK,False,8,MASK|MASK|MASK|MASK|MASK|MASK|MASK|MASK, [MASK]<｜end▁of▁sentence｜>, [MASK]<｜end▁of▁sentence｜>|[MASK]<｜end▁of▁sentence｜>| MASK<｜end▁of▁sentence｜>|MASK<｜end▁of▁sentence｜>| MASK<｜end▁of▁sentence｜>|MASK<｜end▁of▁sentence｜>|MASK<｜end▁of▁sentence｜>| MASK<｜end▁of▁sentence｜>,
590,methodSpecBuilder,MASK,False,16,MASK|MASK|MASK|MASK|MASK|MASK|MASK|MASK|MASK|MASK|MASK|MASK|MASK|MASK|MASK|MASK,[MASK]<｜end▁of▁sentence｜>,"[MASK]<｜end▁of▁sentence｜>|[MASK]<｜end▁of▁sentence｜>|[MASK]<｜end▁of▁sentence｜>|  [MASK]<｜end▁of▁sentence｜>|[MASK]<｜end▁of▁sentence｜>|[MASK]<｜end▁of▁sentence｜>|[MASK]<｜end▁of▁sentence｜>|[MASK]<｜end▁of▁sentence｜>| MASK 
          .addParameters(specs)
          .addStatement(
             |[MASK]<｜end▁of▁sentence｜>|MASK<｜end▁of▁sentence｜>|  [MASK]<｜end▁of▁sentence｜>|[MASK]<｜end▁of▁sentence｜>|[MASK]<｜end▁of▁sentence｜>|MASK 
        .addAnnotation(processorUtil.nonNull())
       <｜end▁of▁sentence｜>|MASK<｜end▁of▁sentence｜>",
591,commits,commits,True,2,commits|commits,commits<｜end▁of▁sentence｜>,"commits<｜end▁of▁sentence｜>|commits
            .stream()
            .map(commit -> commit.getUserData",
592,myCompressor,MASK,False,4,MASK|MASK|MASK|MASK,[MASK]<｜end▁of▁sentence｜>,[MASK]<｜end▁of▁sentence｜>|MASK<｜end▁of▁sentence｜>|MASK<｜end▁of▁sentence｜>|MASK<｜end▁of▁sentence｜>,
593,coreOptions,coreOptions,True,2,coreOptions|coreOptions,  coreOptions <｜end▁of▁sentence｜>,"  coreOptions <｜end▁of▁sentence｜>|coreOptions );
    when(options.getOptions(CommonCommandOptions.class)).thenReturn",
594,putDataStreamRequest,request,False,2,request|request,request<｜end▁of▁sentence｜>,request<｜end▁of▁sentence｜>|request<｜end▁of▁sentence｜>,
595,prefix,and,False,19,and|MASK|MASK|MASK|MASK|MASK|MASK|MASK|MASK|MASK|MASK|MASK|MASK|namespace|namespace|MASK|MASK|MASK|MASK,"and I'm not sure what it does.
                // I'm guessing it flushes","and I'm not sure what it does.
                // I'm guessing it flushes|[MASK]<｜end▁of▁sentence｜>|[MASK]<｜end▁of▁sentence｜>|[MASK]<｜end▁of▁sentence｜>|[MASK]<｜end▁of▁sentence｜>|MASK<｜end▁of▁sentence｜>|[MASK]<｜end▁of▁sentence｜>|MASK<｜end▁of▁sentence｜>|MASK<｜end▁of▁sentence｜>|[MASK]<｜end▁of▁sentence｜>|[MASK]<｜end▁of▁sentence｜>|MASK<｜end▁of▁sentence｜>|MASK<｜end▁of▁sentence｜>|namespace<｜end▁of▁sentence｜>|namespace
     * that was not declared in the stylesheet<｜end▁of▁sentence｜>|MASK<｜end▁of▁sentence｜>|MASK<｜end▁of▁sentence｜>| MASK<｜end▁of▁sentence｜>|MASK<｜end▁of▁sentence｜>",
596,test_date,chen,False,2,chen|C,"-chen)"", ""Fifth Monthbis 2, 2012(ren-chen","-chen)"", ""Fifth Monthbis 2, 2012(ren-chen|7C"" ),
            new MonthPatternItem( ""ko@calendar=dangi"",",
597,parser,MASK,False,10,MASK|MASK|MASK|MASK|name|MASK|MASK|MASK|MASK|MASK,[MASK]<｜end▁of▁sentence｜>,"[MASK]<｜end▁of▁sentence｜>|[MASK]<｜end▁of▁sentence｜>|[MASK]<｜end▁of▁sentence｜>|MASK<｜end▁of▁sentence｜>|name, equalTo(TopMetricsAggregationBuilder.NAME));
        assertThat( [MASK|MASK<｜end▁of▁sentence｜>|MASK<｜end▁of▁sentence｜>|MASK<｜end▁of▁sentence｜>|MASK<｜end▁of▁sentence｜>|MASK<｜end▁of▁sentence｜>",
598,weekData,icuWeekData,False,3,icuWeekData|icuWeekData|icuWeekData,icuWeekData<｜end▁of▁sentence｜>,"icuWeekData<｜end▁of▁sentence｜>|icuWeekData);
    DayOfWeek dow = DayOfWeek.SUNDAY|icuWeekData.minimalDaysInFirstWeek;
    return WeekFields.of",
599,trainedModelConfigBuilder,MASK,False,6,MASK|MASK|MASK|MASK|MASK|MASK,[MASK]<｜end▁of▁sentence｜>,"[MASK]<｜end▁of▁sentence｜>|[MASK]<｜end▁of▁sentence｜>|MASK<｜end▁of▁sentence｜>|MASK<｜end▁of▁sentence｜>|MASK<｜end▁of▁sentence｜>|MASK .build();

        var mockModelInferenceConfig = spy(new LearningTo",
600,marker,MASK,False,3,MASK|MASK|MASK,MASK<｜end▁of▁sentence｜>,MASK<｜end▁of▁sentence｜>| ![MASK]<｜end▁of▁sentence｜>|MASK<｜end▁of▁sentence｜>,
601,secret,key,False,9,key|MASK|MASK|MASK|MASK|MASK|MASK|MASK|MASK,"key-2""));
        Assertions.assertFalse(parameters.containsKey(""prefix.key","key-2""));
        Assertions.assertFalse(parameters.containsKey(""prefix.key| [MASK] <｜end▁of▁sentence｜>|[MASK]<｜end▁of▁sentence｜>| MASK<｜end▁of▁sentence｜>|[MASK]<｜end▁of▁sentence｜>|MASK<｜end▁of▁sentence｜>| MASK ) {
            this. [MASK]  =  [MASK] ;
| MASK<｜end▁of▁sentence｜>|MASK<｜end▁of▁sentence｜>",
602,options,MASK,False,6,MASK|MASK|MASK|MASK|MASK|MASK,[MASK]<｜end▁of▁sentence｜>,[MASK]<｜end▁of▁sentence｜>|[MASK]<｜end▁of▁sentence｜>| MASK<｜end▁of▁sentence｜>| MASK<｜end▁of▁sentence｜>|[MASK]<｜end▁of▁sentence｜>| MASK<｜end▁of▁sentence｜>,
603,targetClass,MASK,False,16,MASK|MASK|MASK|MASK|MASK|MASK|targetObject|staticField|MASK|MASK|MASK|MASK|MASK|MASK|MASK|MASK,[MASK] <｜end▁of▁sentence｜>,"[MASK] <｜end▁of▁sentence｜>|[MASK]<｜end▁of▁sentence｜>| [MASK]<｜end▁of▁sentence｜>|MASK<｜end▁of▁sentence｜>| MASK<｜end▁of▁sentence｜>|[MASK]<｜end▁of▁sentence｜>|targetObject<｜end▁of▁sentence｜>|staticField != null && this.targetField != null) {
			throw new|[MASK]<｜end▁of▁sentence｜>| MASK<｜end▁of▁sentence｜>|MASK<｜end▁of▁sentence｜>| MASK<｜end▁of▁sentence｜>|MASK  or targetObject specified.
			throw new IllegalArgumentException(""targetField is required|MASK<｜end▁of▁sentence｜>| MASK<｜end▁of▁sentence｜>|MASK<｜end▁of▁sentence｜>",
604,exception,MASK,False,8,MASK|MASK|MASK|MASK|MASK|MASK|MASK|exception,[MASK]<｜end▁of▁sentence｜>,[MASK]<｜end▁of▁sentence｜>|MASK<｜end▁of▁sentence｜>|[MASK]<｜end▁of▁sentence｜>|   [MASK]<｜end▁of▁sentence｜>|[MASK]<｜end▁of▁sentence｜>|MASK<｜end▁of▁sentence｜>| MASK <｜end▁of▁sentence｜>|exception<｜end▁of▁sentence｜>,
605,tables,MASK,False,7,MASK||MASK|MASK|MASK|MASK|MASK,[MASK]<｜end▁of▁sentence｜>,[MASK]<｜end▁of▁sentence｜>| <｜end▁of▁sentence｜>|[MASK]<｜end▁of▁sentence｜>|[MASK]<｜end▁of▁sentence｜>|MASK<｜end▁of▁sentence｜>|MASK<｜end▁of▁sentence｜>|MASK<｜end▁of▁sentence｜>,
606,oldIndex,MASK,False,4,MASK|MASK|MASK|MASK,[MASK]<｜end▁of▁sentence｜>,[MASK]<｜end▁of▁sentence｜>|MASK<｜end▁of▁sentence｜>|MASK<｜end▁of▁sentence｜>| MASK<｜end▁of▁sentence｜>,
607,builder,MASK,False,18,MASK|MASK|MASK|MASK|MASK|MASK|MASK|MASK|MASK|MASK|MASK|MASK|MASK|MASK|MASK|MASK|MASK|MASK,[MASK]<｜end▁of▁sentence｜>,"[MASK]<｜end▁of▁sentence｜>|[MASK]<｜end▁of▁sentence｜>|[MASK]<｜end▁of▁sentence｜>|MASK<｜end▁of▁sentence｜>|[MASK]<｜end▁of▁sentence｜>|[MASK]<｜end▁of▁sentence｜>|[MASK]<｜end▁of▁sentence｜>|MASK<｜end▁of▁sentence｜>|MASK<｜end▁of▁sentence｜>|MASK<｜end▁of▁sentence｜>|MASK , params, ""built_in_char_filters"", usedBuiltInChar|MASK , params, ""built_in_tokenizers"", usedBuiltInTokenizers);|MASK<｜end▁of▁sentence｜>|MASK<｜end▁of▁sentence｜>|MASK .startObject(""synonyms"");
        for (Map.Entry<String,|MASK .startObject();
        usedSynonyms.keySet().stream().s|MASK<｜end▁of▁sentence｜>|MASK<｜end▁of▁sentence｜>",
608,response,MASK,False,8,MASK|MASK|MASK|MASK|MASK|MASK|MASK|MASK,[MASK]<｜end▁of▁sentence｜>,"[MASK]<｜end▁of▁sentence｜>|MASK .isAcknowledged(), is(true));
        } else {
           |MASK<｜end▁of▁sentence｜>|[MASK]<｜end▁of▁sentence｜>| MASK<｜end▁of▁sentence｜>|[MASK]<｜end▁of▁sentence｜>|[MASK]<｜end▁of▁sentence｜>| MASK<｜end▁of▁sentence｜>",
609,deprecationHandler,MASK,False,10,MASK|MASK|MASK|MASK|MASK|MASK|MASK|MASK|MASK|MASK,[MASK]<｜end▁of▁sentence｜>,[MASK]<｜end▁of▁sentence｜>|[MASK]<｜end▁of▁sentence｜>|MASK<｜end▁of▁sentence｜>|[MASK]<｜end▁of▁sentence｜>|[MASK]<｜end▁of▁sentence｜>|[MASK]<｜end▁of▁sentence｜>|MASK<｜end▁of▁sentence｜>|[MASK]<｜end▁of▁sentence｜>|[MASK]<｜end▁of▁sentence｜>|MASK<｜end▁of▁sentence｜>,
610,allocation,MASK,False,8,MASK|MASK|MASK||MASK|MASK|MASK|MASK,"[MASK] .command;

import org.elasticsearch.cluster.routing.","[MASK] .command;

import org.elasticsearch.cluster.routing.|[MASK] .AllocationService;
import org.elasticsearch.cluster.routing|MASK .command.MoveAllocationCommand;
import org.elasticsearch.common.settings|    <｜end▁of▁sentence｜>|[MASK]<｜end▁of▁sentence｜>|MASK<｜end▁of▁sentence｜>|MASK<｜end▁of▁sentence｜>| MASK<｜end▁of▁sentence｜>",
611,newFinalizeContext,MASK,False,2,MASK|MASK,"[MASK] = new FinalizeSnapshotContext(
                fsc.isForce(),
","[MASK] = new FinalizeSnapshotContext(
                fsc.isForce(),
|MASK);
        }
    }

    /**
     * Runnable that",
612,upstream,MASK,False,4,MASK|MASK|MASK|MASK,[MASK]<｜end▁of▁sentence｜>,[MASK]<｜end▁of▁sentence｜>|[MASK]<｜end▁of▁sentence｜>|MASK<｜end▁of▁sentence｜>|MASK<｜end▁of▁sentence｜>,
613,storedFields,MASK,False,2,MASK|MASK,[MASK]<｜end▁of▁sentence｜>,[MASK]<｜end▁of▁sentence｜>|MASK<｜end▁of▁sentence｜>,
614,description,description,True,2,description|description,"description) {
            description.appendText(""a finite double value"");
        }

","description) {
            description.appendText(""a finite double value"");
        }

|description<｜end▁of▁sentence｜>",
615,invocation,MASK,False,4,MASK|internal|invocation|invocation,"  [MASK] .InvocationInfo;
import org.mockito.internal.  ","  [MASK] .InvocationInfo;
import org.mockito.internal.  |internal.stubbing.answers.InvocationInfo<｜end▁of▁sentence｜>|invocation<｜end▁of▁sentence｜>|invocation<｜end▁of▁sentence｜>",
616,factory,MASK,False,13,MASK|MASK|MASK|MASK|MASK|MASK|MASK|MASK||MASK|method|MASK|MASK,[MASK]<｜end▁of▁sentence｜>,"[MASK]<｜end▁of▁sentence｜>|[MASK] , injector, Dependency.get(Key.get(String.|[MASK]<｜end▁of▁sentence｜>| MASK<｜end▁of▁sentence｜>|[MASK]<｜end▁of▁sentence｜>| [MASK] <｜end▁of▁sentence｜>| MASK Ref);
    injector = null;
    dep = null;
    Ass| MASK<｜end▁of▁sentence｜>|  <｜end▁of▁sentence｜>| MASK<｜end▁of▁sentence｜>|method handle.
      // This is used to verify that the injector is not pinned.|MASK<｜end▁of▁sentence｜>| MASK<｜end▁of▁sentence｜>",
617,observer,source,False,2,source|source,source<｜end▁of▁sentence｜>,source<｜end▁of▁sentence｜>|source<｜end▁of▁sentence｜>,
618,securityEnabled,MASK,False,6,MASK|MASK|MASK|MASK|MASK|MASK,[MASK]<｜end▁of▁sentence｜>,[MASK]<｜end▁of▁sentence｜>|[MASK] <｜end▁of▁sentence｜>| MASK<｜end▁of▁sentence｜>|[MASK]<｜end▁of▁sentence｜>|MASK<｜end▁of▁sentence｜>| MASK<｜end▁of▁sentence｜>,
619,usedTokenizerTypes,usedTokenizerTypes,True,3,usedTokenizerTypes|usedTokenizers|usedTokenizers,"usedTokenizerTypes = new HashMap<>();
        final Map<String, IndexFeatureStats","usedTokenizerTypes = new HashMap<>();
        final Map<String, IndexFeatureStats|usedTokenizers, indexTokenizers);

                Map<String, Settings> tokenFilterSettings|usedTokenizers.values(),
            usedTokenFilters.values(),
            usedAnalyz",
620,uniquePluginIds,installedPlugins,False,2,installedPlugins|MODULES,"installedPlugins = new HashSet<>();
        final Set<String>   installedMod","installedPlugins = new HashSet<>();
        final Set<String>   installedMod|MODULES.contains(plugin.getId()) == false && installedPlugins.add(",
621,sourceFilePath,MASK,False,7,MASK|MASK|sourcePath|MASK|sourcePath|MASK|sourcePath,"[MASK] String = compilationUnit.getSourceFilePath();
    if (!options","[MASK] String = compilationUnit.getSourceFilePath();
    if (!options|[MASK] String;
    }

    Path  [MASK]  = to|sourcePath = toNormalizedSourcePath( [MASK] String);
    Path cwd| MASK String);
    Path  cwdPath  = toNormalizedSourcePath(""."");
|sourcePath.startsWith(cwdPath)) {
      return  MASK String;| MASK String;
    }

    if (sourcePath .equals(cwdPath| sourcePath ).toString();
  }

  private boolean needsCompanionClass() {",
622,suite,suite,True,7,suite|suite|MASK|MASK|MASK|MASK|MASK,suite<｜end▁of▁sentence｜>,suite<｜end▁of▁sentence｜>|suite<｜end▁of▁sentence｜>|[MASK]<｜end▁of▁sentence｜>|[MASK]<｜end▁of▁sentence｜>|[MASK]<｜end▁of▁sentence｜>| MASK<｜end▁of▁sentence｜>|MASK<｜end▁of▁sentence｜>,
623,newPreFilterQueryBuilders,MASK,False,2,MASK|preFilterQueryBuilders,  [MASK]<｜end▁of▁sentence｜>,  [MASK]<｜end▁of▁sentence｜>|preFilterQueryBuilders<｜end▁of▁sentence｜>,
624,localDataStream,MASK,False,6,MASK|MASK|MASK|MASK|MASK|MASK,"[MASK] = (String) testClusterInfo.get(""local.datastream"");","[MASK] = (String) testClusterInfo.get(""local.datastream"");|    [MASK] ,
                REMOTE_CLUSTER_1 + ""|MASK ,
                REMOTE_CLUSTER_1 + "":"" + remote|MASK ,
                REMOTE_CLUSTER_1 + "":"" + remote|MASK  = (String) testClusterInfo.get(""local.datastream"");
       |MASK Alias,
                REMOTE_CLUSTER_1 + "":""",
625,contextBuilders,MASK,False,5,MASK|MASK|fieldContext|MASK|MASK,[MASK]<｜end▁of▁sentence｜>,"[MASK]<｜end▁of▁sentence｜>|[MASK]<｜end▁of▁sentence｜>|fieldContext.builders
                   <｜end▁of▁sentence｜>|MASK<｜end▁of▁sentence｜>|MASK<｜end▁of▁sentence｜>",
626,length,MASK,False,48,MASK|MASK|MASK|MASK|MASK|MASK|MASK|MASK|MASK|MASK|MASK|MASK|MASK|MASK|MASK|MASK|MASK|MASK|MASK|length|MASK|MASK|MASK|MASK|MASK|MASK|MASK|MASK|MASK|MASK|parseDouble|code|consider|}|The|MASK|consider|MASK|MASK|MASK|MASK|MASK|MASK|MASK|MASK|MASK|MASK|MASK,"[MASK] );
  }

  /**
   * Returns the index of the","[MASK] );
  }

  /**
   * Returns the index of the| [MASK ] )} contains exactly the same elements as {@code target}.
   *
| [MASK]  == 0) {
      return 0;
    }
| [MASK ] - target. [MASK]  + 1; i++) {
|[MASK ] ; i++) {
      for (int j = 0; j <|[MASK ] ; j++) {
        if (array[i + j] !|[MASK ]);
  }

  /**
   * Returns the start position of|[MASK]<｜end▁of▁sentence｜>| [MASK]<｜end▁of▁sentence｜>|[MASK ]<｜end▁of▁sentence｜>| [MASK ] ; i++) {
      max = Math.max(max, array|[MASK]  = 0;
    for (double[] array : arrays) {
| MASK  += array. [MASK] ;
    }
    double[] result =|[MASK ] ;
    }
    return concat(Arrays.asList(|  MASK<｜end▁of▁sentence｜>| [MASK] );
      pos += array. [MASK] ;
    }
| MASK ;
    }
    return result;
  }

  /**
  |[MASK] . If {@code array} already has a  [MASK]  of|[MASK ] <｜end▁of▁sentence｜>|length of the returned array
   * @param padding an extra amount to ""grow"" the array| MASK  of
   *     {@code minLength}
   */
  public static| [MASK]<｜end▁of▁sentence｜>| [MASK]  == 0) {
      return """";
    }

   |[MASK]  * 12);
    builder.append(array[0]);| MASK ; i++) {
      builder.append(separator).append(array[| [MASK] , right. [MASK] );
      for (int i = 0|[MASK ]);
      for (int i = 0; i < minLength; i| MASK<｜end▁of▁sentence｜>|MASK<｜end▁of▁sentence｜>|[MASK]<｜end▁of▁sentence｜>|#parseDouble(String)}, this method does not recognize the special values
   * {@code Na|code
   *     string} is not a valid representation of a {@code double} value
|): consider using a faster parser
      return Double.valueOf(string);
    }
| }

  /**
   * Parses the specified string as a double-precision|The last element is moved to index {@code (distance - 1) mod array. [M|[MASK ]<｜end▁of▁sentence｜>|consider<｜end▁of▁sentence｜>| MASK<｜end▁of▁sentence｜>| MASK<｜end▁of▁sentence｜>|MASK<｜end▁of▁sentence｜>|[MASK]<｜end▁of▁sentence｜>| MASK<｜end▁of▁sentence｜>|MASK<｜end▁of▁sentence｜>| MASK<｜end▁of▁sentence｜>| MASK<｜end▁of▁sentence｜>|MASK<｜end▁of▁sentence｜>|MASK<｜end▁of▁sentence｜>|MASK<｜end▁of▁sentence｜>",
627,location,MASK,False,10,MASK|MASK|MASK|MASK|MASK|MASK|MASK|MASK|MASK|MASK,"[MASK] , int count, boolean transpose, FloatBuffer value);

	public","[MASK] , int count, boolean transpose, FloatBuffer value);

	public|[MASK]<｜end▁of▁sentence｜>|MASK , int count, boolean transpose, FloatBuffer value);

	public native void|MASK<｜end▁of▁sentence｜>|MASK<｜end▁of▁sentence｜>|MASK<｜end▁of▁sentence｜>|MASK , IntBuffer params);

	public native void glGetActiveUniformsiv (|[MASK] , int count, IntBuffer value);

	public native void glUniform|[MASK]<｜end▁of▁sentence｜>|MASK , int count, IntBuffer value);

	public native void glGetActiveUniform",
628,warningMessage,MASK,False,3,MASK|MASK|MASK,[MASK]<｜end▁of▁sentence｜>,"[MASK]<｜end▁of▁sentence｜>|MASK<｜end▁of▁sentence｜>|MASK );
    }

    public void testVerifyMlNodesAndModelArchitect",
629,oauthVerifier,verifier,False,2,verifier|verifier,verifier<｜end▁of▁sentence｜>,verifier<｜end▁of▁sentence｜>|verifier<｜end▁of▁sentence｜>,
630,fieldNumber,MASK,False,3,MASK|MASK|MASK,[MASK]<｜end▁of▁sentence｜>,[MASK]<｜end▁of▁sentence｜>|MASK<｜end▁of▁sentence｜>|MASK<｜end▁of▁sentence｜>,
631,serializer,.,False,10,.|MASK|MASK|MASK|MASK|MASK|MASK|MASK|MASK|MASK,.<｜end▁of▁sentence｜>,".<｜end▁of▁sentence｜>|[MASK]<｜end▁of▁sentence｜>| MASK .NameFilter;
import com.alibaba.fastjson.  MASK| MASK<｜end▁of▁sentence｜>| [MASK]<｜end▁of▁sentence｜>|[MASK]<｜end▁of▁sentence｜>|MASK<｜end▁of▁sentence｜>|MASK<｜end▁of▁sentence｜>| MASK<｜end▁of▁sentence｜>|MASK<｜end▁of▁sentence｜>",
632,endIndex,endIndex,True,2,endIndex|endIndex,endIndex<｜end▁of▁sentence｜>,"endIndex<｜end▁of▁sentence｜>|endIndex),
                          Pair::getFirst),
                      InvalidationType.DELETED",
633,version,MASK,False,3,MASK|MASK|,"MASK [], int  <｜end▁of▁sentence｜>","MASK [], int  <｜end▁of▁sentence｜>|MASK [0]==1 && MASK<｜end▁of▁sentence｜>| <｜end▁of▁sentence｜>",
634,response,MASK,False,8,MASK|MASK|MASK|MASK|MASK|MASK|MASK|MASK,[MASK]<｜end▁of▁sentence｜>,"[MASK]<｜end▁of▁sentence｜>|[MASK]<｜end▁of▁sentence｜>|[MASK ]<｜end▁of▁sentence｜>|MASK<｜end▁of▁sentence｜>|MASK<｜end▁of▁sentence｜>| MASK<｜end▁of▁sentence｜>|   MASK .setContentType(""application/json; charset=utf-8"");
           | MASK<｜end▁of▁sentence｜>",
635,rootDir,settingsDir,False,2,settingsDir|settingsDir,settingsDir<｜end▁of▁sentence｜>,"settingsDir<｜end▁of▁sentence｜>|settingsDir
                       <｜end▁of▁sentence｜>",
636,proxy,MASK,False,10,"MASK|MASK|MASK|MASK|PLUGIN_MALFORMED|entry|,|ExitCodes|config|destConfigDir","[MASK] ;

    private static final Pattern PLUGIN_ID_P","[MASK] ;

    private static final Pattern PLUGIN_ID_P|[MASK]<｜end▁of▁sentence｜>|MASK  =  MASK ;
    }

    @Override
    public void close|MASK ;
    }

    @Override
    public void close() throws IOException {|PLUGIN_MALFORMED, ""This plugin contains an entry outside of the plugin directory| entry.getName() + ""' which is outside of the plugin directory""
                    );
                }|"",
                destination,
                pluginName
            );
            throw new UserException(PL|ExitCodes.USAGE, message);
        }
    }

    private Pl|, ""config in plugin "" + info.getName() + "" is not a directory"");
       |(destConfigDir, PLUGIN_DIR_PERMS);

        try (Directory",
637,webServer,,False,3,|WebServer|WebServer,  <｜end▁of▁sentence｜>,  <｜end▁of▁sentence｜>|WebServer<｜end▁of▁sentence｜>|WebServer<｜end▁of▁sentence｜>,
638,idleHttpConnectionTimeout,MASK,False,5,MASK|MASK|MASK|MASK|MASK,[MASK]<｜end▁of▁sentence｜>,[MASK]<｜end▁of▁sentence｜>|[MASK] <｜end▁of▁sentence｜>|[MASK] <｜end▁of▁sentence｜>| MASK<｜end▁of▁sentence｜>|MASK<｜end▁of▁sentence｜>,
639,attrs,attrs,True,1,attrs,attrs<｜end▁of▁sentence｜>,attrs<｜end▁of▁sentence｜>,
640,elapsedRealtimeUs,MASK,False,2,MASK|MASK,"[MASK] The current media time in microseconds, measured at the start of the current
","[MASK] The current media time in microseconds, measured at the start of the current
|MASK<｜end▁of▁sentence｜>",
641,targetOffsetUs,MASK,False,6,MASK|Select|MASK|MASK|MASK|MASK,[MASK] <｜end▁of▁sentence｜>,"[MASK] <｜end▁of▁sentence｜>|// Select start offset only if it's within the playlist duration.
       [MASK|[MASK]<｜end▁of▁sentence｜>|MASK<｜end▁of▁sentence｜>|MASK<｜end▁of▁sentence｜>|MASK<｜end▁of▁sentence｜>",
642,metaAnnotations,annotations,False,2,annotations|annotations,annotations<｜end▁of▁sentence｜>,annotations<｜end▁of▁sentence｜>|annotations<｜end▁of▁sentence｜>,
643,header,MASK,False,11,MASK|MASK|||||||||Count,[MASK]<｜end▁of▁sentence｜>,"[MASK]<｜end▁of▁sentence｜>|MASK<｜end▁of▁sentence｜>|  <｜end▁of▁sentence｜>| <｜end▁of▁sentence｜>|  <｜end▁of▁sentence｜>| <｜end▁of▁sentence｜>| <｜end▁of▁sentence｜>| <｜end▁of▁sentence｜>| <｜end▁of▁sentence｜>| <｜end▁of▁sentence｜>|Count; i++) {
                builder.addParameter(randomAsciiAlphanum",
644,timeout,MASK,False,4,MASK|MASK|MASK|MASK,[MASK]<｜end▁of▁sentence｜>,[MASK]<｜end▁of▁sentence｜>|[MASK]<｜end▁of▁sentence｜>|MASK<｜end▁of▁sentence｜>|MASK<｜end▁of▁sentence｜>,
645,formatter,,False,3,||, <｜end▁of▁sentence｜>, <｜end▁of▁sentence｜>| <｜end▁of▁sentence｜>| <｜end▁of▁sentence｜>,
646,instanceMethod,MASK,False,17,MASK|MASK||MASK|methodName|getSimpleName|noAnimation|||MASK|MASK||MASK|Name|||Name,"[MASK] sForExtensions =
        FluentIterable.from(
","[MASK] sForExtensions =
        FluentIterable.from(
|MASK sForExtensions);
    methodsForExtensions.addAll(staticMethodsFor| <｜end▁of▁sentence｜>| [MASK]<｜end▁of▁sentence｜>|methodName = getInstanceMethodNameFromStaticMethodName(staticMethodName);

    Method|.getSimpleName().toString();
    if (Strings.isNullOrEmpty(static|""noAnimation"".equals(methodName)) {
        staticMethodName = ""noAnimate| <｜end▁of▁sentence｜>|<｜end▁of▁sentence｜>|[MASK]<｜end▁of▁sentence｜>| MASK<｜end▁of▁sentence｜>|<｜end▁of▁sentence｜>| MASK<｜end▁of▁sentence｜>|Name);
    }
    if (parameters.get(0).getSimpleName().toString|  <｜end▁of▁sentence｜>| <｜end▁of▁sentence｜>|Name
       <｜end▁of▁sentence｜>",
647,emails,emails,True,2,emails|emails,emails<｜end▁of▁sentence｜>,emails<｜end▁of▁sentence｜>|emails<｜end▁of▁sentence｜>,
648,screenY,MASK,False,8,MASK|MASK|MASK|MASK|MASK|MASK|MASK|MASK,[MASK]<｜end▁of▁sentence｜>,[MASK]<｜end▁of▁sentence｜>|[MASK]<｜end▁of▁sentence｜>|[MASK]<｜end▁of▁sentence｜>|MASK<｜end▁of▁sentence｜>|[MASK]<｜end▁of▁sentence｜>| MASK<｜end▁of▁sentence｜>|MASK<｜end▁of▁sentence｜>|MASK<｜end▁of▁sentence｜>,
649,subsetSize,MASK,False,12,MASK|MASK|MASK|MASK|MASK|MASK|MASK|supersetFreq|MASK|MASK|MASK|MASK, [MASK]<｜end▁of▁sentence｜>, [MASK]<｜end▁of▁sentence｜>|[MASK]<｜end▁of▁sentence｜>|[MASK]<｜end▁of▁sentence｜>|[MASK]<｜end▁of▁sentence｜>| [MASK]<｜end▁of▁sentence｜>|MASK<｜end▁of▁sentence｜>| MASK<｜end▁of▁sentence｜>|supersetFreq<｜end▁of▁sentence｜>|[MASK]<｜end▁of▁sentence｜>|MASK<｜end▁of▁sentence｜>|MASK<｜end▁of▁sentence｜>|MASK<｜end▁of▁sentence｜>,
650,params,MASK,False,7,MASK|MASK|MASK|MASK|MASK|MASK|MASK,[MASK]<｜end▁of▁sentence｜>,[MASK]<｜end▁of▁sentence｜>|[MASK]<｜end▁of▁sentence｜>|[MASK]<｜end▁of▁sentence｜>|MASK<｜end▁of▁sentence｜>|[MASK]<｜end▁of▁sentence｜>|MASK<｜end▁of▁sentence｜>|MASK<｜end▁of▁sentence｜>,
651,inner,MASK,False,13,MASK|MASK|MASK|MASK|MASK|MASK|MASK|MASK|MASK|MASK|MASK|MASK|MASK,[MASK]<｜end▁of▁sentence｜>,[MASK]<｜end▁of▁sentence｜>|[MASK]<｜end▁of▁sentence｜>|[MASK]<｜end▁of▁sentence｜>|[MASK]<｜end▁of▁sentence｜>|[MASK]<｜end▁of▁sentence｜>|MASK<｜end▁of▁sentence｜>|MASK<｜end▁of▁sentence｜>|MASK<｜end▁of▁sentence｜>|MASK<｜end▁of▁sentence｜>|[MASK]<｜end▁of▁sentence｜>|MASK<｜end▁of▁sentence｜>|MASK<｜end▁of▁sentence｜>|MASK<｜end▁of▁sentence｜>,
652,content,MASK,False,6,MASK|MASK|MASK|MASK|MASK|MASK,[MASK]<｜end▁of▁sentence｜>,[MASK]<｜end▁of▁sentence｜>|[MASK]<｜end▁of▁sentence｜>|[MASK]<｜end▁of▁sentence｜>|MASK<｜end▁of▁sentence｜>|MASK<｜end▁of▁sentence｜>|MASK<｜end▁of▁sentence｜>,
653,parsers,MASK,False,32,MASK|MASK|MASK|MASK|MASK|MASK|MASK|MASK|MASK|MASK|MASK|MASK|MASK|MASK|MASK|MASK|MASK|MASK|MASK|MASK|MASK|MASK|MASK|MASK|MASK|MASK|MASK|MASK|MASK|MASK|MASK|MASK,[MASK]<｜end▁of▁sentence｜>,"[MASK]<｜end▁of▁sentence｜>|[MASK]<｜end▁of▁sentence｜>|[MASK]<｜end▁of▁sentence｜>|[MASK]<｜end▁of▁sentence｜>|[MASK]<｜end▁of▁sentence｜>|[MASK]<｜end▁of▁sentence｜>|[MASK]<｜end▁of▁sentence｜>|[MASK]<｜end▁of▁sentence｜>| MASK<｜end▁of▁sentence｜>|[MASK] } that returns something other than {@link
   * ImageHeaderParser#UN| MASK  returns a valid
   * value, {@link ImageHeaderParser#UNKN|[MASK]<｜end▁of▁sentence｜>|[MASK]<｜end▁of▁sentence｜>|[MASK]<｜end▁of▁sentence｜>|[MASK]<｜end▁of▁sentence｜>|[MASK]<｜end▁of▁sentence｜>|[MASK]<｜end▁of▁sentence｜>|[MASK]<｜end▁of▁sentence｜>|[MASK]<｜end▁of▁sentence｜>|MASK<｜end▁of▁sentence｜>|MASK<｜end▁of▁sentence｜>|[MASK]<｜end▁of▁sentence｜>|MASK<｜end▁of▁sentence｜>|[MASK]<｜end▁of▁sentence｜>|[MASK]<｜end▁of▁sentence｜>|[MASK]<｜end▁of▁sentence｜>|MASK<｜end▁of▁sentence｜>|MASK<｜end▁of▁sentence｜>|MASK<｜end▁of▁sentence｜>|MASK<｜end▁of▁sentence｜>|MASK<｜end▁of▁sentence｜>|MASK<｜end▁of▁sentence｜>",
654,beans,servletRegistrationBeans,False,2,servletRegistrationBeans|servletRegistrationBeans,servletRegistrationBeans<｜end▁of▁sentence｜>,"servletRegistrationBeans<｜end▁of▁sentence｜>|servletRegistrationBeans
			<｜end▁of▁sentence｜>",
655,parameterObject,parameterObject,True,1,parameterObject,parameterObject<｜end▁of▁sentence｜>,parameterObject<｜end▁of▁sentence｜>,
656,environmentValue,value,False,2,value|this,  value        <｜end▁of▁sentence｜>,"  value        <｜end▁of▁sentence｜>|this.value)) {
				return true;
			}
		}
		return false",
657,flingTime,MASK,False,18,MASK|MASK|velocityX|{|scrollX|fadeAlpha|fadeAlphaSeconds|if|MASK|//|RightEdge|return|isLeftEdge|return|r|r|r|r," [MASK] r, velocityX, velocityY;
	private boolean overscrollX ="," [MASK] r, velocityX, velocityY;
	private boolean overscrollX =| [MASK]  = 1f,   [MASK]  = 1f,  |velocityX, velocityY);
				}
			}

			public boolean handle (|{
						setScrollbarsVisible(true);
						if (scrollBarTouch && scroll|scrollX || scrollY) {
			float delta = delta * 1000|fadeAlpha / fadeAlphaSeconds;
			float alpha2 = fadeAl|fadeAlphaSeconds;
			float alpha2 = fadeAlpha r / fade|if (velocityX != 0) {
				velocityX = Math.max|MASK r <= 0) {
				velocityX = 0;
				vel|//
		// Scroll smoothly when grabbing the scrollbar if one pixel of scrollbar movement|RightEdge () {
		return !scrollX || amountX >= maxX;
	}
|		return !scrollY || amountY >= maxY;
	}

	public void setScroll| isLeftEdge (float x) {
		return !scrollX || x <= 0;
|		return draggingPointer != -1;
	}

	public boolean isTouchScrollH|r > 0;
	}

	public boolean isFlingingX () {
		return| r<｜end▁of▁sentence｜>| r  =  r ;
	}

	/** For flick scroll, sets the amount of time|r ;
	}

	/** For flick scroll, sets the amount of time in seconds that",
658,client,action,False,3,action|nodeClient|nodeClient,"action.ActionListener;
import org.elasticsearch.client.internal.node.NodeClient","action.ActionListener;
import org.elasticsearch.client.internal.node.NodeClient|nodeClient<｜end▁of▁sentence｜>|nodeClient
           <｜end▁of▁sentence｜>",
659,string,,False,2,|,  <｜end▁of▁sentence｜>,  <｜end▁of▁sentence｜>| <｜end▁of▁sentence｜>,
660,searchResponse,MASK,False,8,MASK|MASK|MASK|MASK|MASK|MASK|MASK|MASK,[MASK]<｜end▁of▁sentence｜>,[MASK]<｜end▁of▁sentence｜>|[MASK]<｜end▁of▁sentence｜>|MASK<｜end▁of▁sentence｜>|[MASK]<｜end▁of▁sentence｜>|MASK<｜end▁of▁sentence｜>| MASK<｜end▁of▁sentence｜>| MASK<｜end▁of▁sentence｜>|MASK<｜end▁of▁sentence｜>,
661,future,MASK,False,19,MASK|MASK|complete_propagates|MASK|MASK|MASK|MASK|MASK|MASK|MASK|MASK|MASK|MASK|MASK|MASK|MASK|MASK|MASK|MASK,[MASK]<｜end▁of▁sentence｜>,"[MASK]<｜end▁of▁sentence｜>|MASK<｜end▁of▁sentence｜>|complete_propagates() {
    var  [MASK]  = new FutureValue(""|[MASK]<｜end▁of▁sentence｜>|[MASK]<｜end▁of▁sentence｜>|[MASK]<｜end▁of▁sentence｜>|MASK<｜end▁of▁sentence｜>|[MASK]<｜end▁of▁sentence｜>|[MASK]<｜end▁of▁sentence｜>|[MASK]<｜end▁of▁sentence｜>| MASK<｜end▁of▁sentence｜>|[MASK]<｜end▁of▁sentence｜>|MASK<｜end▁of▁sentence｜>|[MASK]<｜end▁of▁sentence｜>|MASK<｜end▁of▁sentence｜>|MASK<｜end▁of▁sentence｜>|MASK<｜end▁of▁sentence｜>|MASK<｜end▁of▁sentence｜>|MASK<｜end▁of▁sentence｜>",
662,range,MASK,False,5,MASK|range|range|range|array,"[MASK]  range
         * in the trie, plus the start code point of","[MASK]  range
         * in the trie, plus the start code point of|  range<｜end▁of▁sentence｜>|range<｜end▁of▁sentence｜>|range.startCodePoint, range.endCodePoint);
        }

        /* add|array, if any
                 * (the second array is only used in ICU 54",
663,columnValuesSize,columnValuesSize,True,3,columnValuesSize|columnNamesSize|columnNamesSize,columnValuesSize<｜end▁of▁sentence｜>,columnValuesSize<｜end▁of▁sentence｜>|columnNamesSize<｜end▁of▁sentence｜>|columnNamesSize<｜end▁of▁sentence｜>,
664,animating,MASK,False,11,MASK|MASK|MASK|MASK|MASK|MASK|MASK|MASK|MASK|MASK|changing,[MASK]<｜end▁of▁sentence｜>,"[MASK]<｜end▁of▁sentence｜>|[MASK]  = true;
		}

		if (fadeAlpha > |MASK  = true;
		}

		if ( [MASK] ) {
|[MASK]  = true;
			}
			if (visualAmountY !=|MASK  = true;
			}
		} else if (panning) {
		|[MASK]  = true;
				} else if (amountX > maxX) {|[MASK]  = true;
				}
			}
			if (overscroll|MASK  = true;
				} else if (amountY > maxY) {
				|MASK  = true;
				}
			}
		}

		if (M|MASK ) {
			Stage stage = getStage();
			if (stage|changing the visual scroll amount. This is useful when the actor is not a {@link Layout}",
665,plugin,plugins,False,3,plugins|plugin|plugin,plugins<｜end▁of▁sentence｜>,plugins<｜end▁of▁sentence｜>|plugin<｜end▁of▁sentence｜>|plugin<｜end▁of▁sentence｜>,
666,client,action,False,3,action|nodeClient|nodeClient,"action.support.master.AcknowledgedResponse;
import org.elasticsearch.client","action.support.master.AcknowledgedResponse;
import org.elasticsearch.client|nodeClient<｜end▁of▁sentence｜>|nodeClient<｜end▁of▁sentence｜>",
667,buffer,MASK,False,41,MASK|MASK|MASK|MASK|MASK|MASK|MASK|MASK|MASK|MASK|MASK|MASK|MASK|MASK|MASK|MASK|Section|MASK|MASK|MASK|MASK|MASK|MASK|MASK|MASK|MASK|MASK|MASK|MASK|MASK|MASK|MASK|MASK|MASK|MASK|MASK|MASK|MASK|MASK|MASK|MASK,[MASK]<｜end▁of▁sentence｜>,"[MASK]<｜end▁of▁sentence｜>|MASK<｜end▁of▁sentence｜>|[MASK]<｜end▁of▁sentence｜>|[MASK]<｜end▁of▁sentence｜>|[MASK]<｜end▁of▁sentence｜>| MASK<｜end▁of▁sentence｜>|[MASK]<｜end▁of▁sentence｜>|[MASK]<｜end▁of▁sentence｜>|[MASK]<｜end▁of▁sentence｜>| MASK<｜end▁of▁sentence｜>|[MASK]<｜end▁of▁sentence｜>|[MASK]<｜end▁of▁sentence｜>|[MASK]<｜end▁of▁sentence｜>|[MASK]<｜end▁of▁sentence｜>|[MASK]<｜end▁of▁sentence｜>|[MASK]<｜end▁of▁sentence｜>|// Section extends beyond the end of the data.
         [MASK]<｜end▁of▁sentence｜>|[MASK]<｜end▁of▁sentence｜>|[MASK]<｜end▁of▁sentence｜>| MASK<｜end▁of▁sentence｜>|[MASK]<｜end▁of▁sentence｜>|[MASK]<｜end▁of▁sentence｜>|[MASK]<｜end▁of▁sentence｜>|[MASK]<｜end▁of▁sentence｜>|[MASK]<｜end▁of▁sentence｜>|[MASK]<｜end▁of▁sentence｜>| MASK<｜end▁of▁sentence｜>| MASK<｜end▁of▁sentence｜>|[MASK]<｜end▁of▁sentence｜>|[MASK]<｜end▁of▁sentence｜>| MASK<｜end▁of▁sentence｜>|[MASK]<｜end▁of▁sentence｜>|[MASK] .readUnsignedShort();
        bitmapHeight =  [MASK| MASK<｜end▁of▁sentence｜>|[MASK]<｜end▁of▁sentence｜>|MASK<｜end▁of▁sentence｜>|[MASK]<｜end▁of▁sentence｜>|MASK<｜end▁of▁sentence｜>|MASK<｜end▁of▁sentence｜>|[MASK]<｜end▁of▁sentence｜>| MASK .readUnsignedShort();
      bitmapWidth =  MASK .readUn",
668,inputsSize,inputSize,False,3,inputSize|inputSize|inputSize,inputSize<｜end▁of▁sentence｜>,inputSize<｜end▁of▁sentence｜>|inputSize<｜end▁of▁sentence｜>|inputSize<｜end▁of▁sentence｜>,
669,oinput,ed,False,5,ed||throw|);|Exception,"ed incorrect RoundingMode"",
                decimalFormat.getRoundingMode(), RoundingMode.","ed incorrect RoundingMode"",
                decimalFormat.getRoundingMode(), RoundingMode.|
    }

    public void test_setRoundingMode() {
        // set| throw NullPointerException
            decimalFormat.setRoundingMode(null);
            fail(""|"");
        } catch (NullPointerException e) {
            // expected
        }
|Exception e) {
            // expected
        }
    }

    public void test",
670,rtpPayloadType,payloadType,False,2,payloadType|payloadType,"payloadType = mediaDescription.rtpMapAttribute.payloadType;
    String media","payloadType = mediaDescription.rtpMapAttribute.payloadType;
    String media|payloadType, mediaEncoding, clockRate);
  }

  /**
   *",
671,quartScratch,quartValue,False,2,quartValue|quartValue,  quartValue<｜end▁of▁sentence｜>,"  quartValue<｜end▁of▁sentence｜>|quartValue));
  }

  @Override
  public void evaluateIntermediate(",
672,offset,value,False,6,value|nextOffset|nextOffset|MASK|MASK|MASK,"value that was inserted last.
     *         <p>
     *             This allows us to","value that was inserted last.
     *         <p>
     *             This allows us to|nextOffset<｜end▁of▁sentence｜>|nextOffset<｜end▁of▁sentence｜>|[MASK] s<｜end▁of▁sentence｜>|MASK<｜end▁of▁sentence｜>|MASK<｜end▁of▁sentence｜>",
673,itemIndex,MASK,False,13,MASK|MASK|MASK|itemTag|MASK|MASK|MASK|MASK|itemOffset|itemTag|classReader|itemTag|MASK,  [MASK]<｜end▁of▁sentence｜>,"  [MASK]<｜end▁of▁sentence｜>|[MASK]<｜end▁of▁sentence｜>|MASK<｜end▁of▁sentence｜>|itemTag,
               [MASK] ,
              classReader.readClass(itemOffset|[MASK] , itemTag, classReader.readInt(itemOffset));
          break|[MASK] ,
              classReader.readUTF8(itemOffset, charBuffer),|MASK , itemTag, classReader.readLong(itemOffset));
          break;
|MASK , classReader.readUTF8(itemOffset, charBuffer));
          break;|itemOffset, charBuffer));
          break;
        case Symbol.CONSTANT_METHOD|itemTag,
              classReader.readByte(itemOffset),
              classReader.read|classReader.readByte(itemOffset),
                classReader.readClass(itemOffset + |itemTag ,
              classReader.readUTF8(itemOffset, charBuffer));
         |MASK <<= 1;
    }

    // Copy the BootstrapMethods, if",
674,classLoader,classLoader,True,1,classLoader,classLoader<｜end▁of▁sentence｜>,classLoader<｜end▁of▁sentence｜>,
675,classLoader,classLoader,True,2,classLoader|classLoader,classLoader<｜end▁of▁sentence｜>,classLoader<｜end▁of▁sentence｜>|classLoader<｜end▁of▁sentence｜>,
676,scoreDoc,,False,12,|s|||||MASK|MASK||MASK|MASK|, <｜end▁of▁sentence｜>," <｜end▁of▁sentence｜>|s.length; i++) {
            ScoreDoc  [MASK]  = |<｜end▁of▁sentence｜>| <｜end▁of▁sentence｜>| <｜end▁of▁sentence｜>| <｜end▁of▁sentence｜>|[MASK]<｜end▁of▁sentence｜>|[MASK]<｜end▁of▁sentence｜>|<｜end▁of▁sentence｜>|MASK<｜end▁of▁sentence｜>|MASK<｜end▁of▁sentence｜>|<｜end▁of▁sentence｜>",
677,staplerResponse,staplerResponse,True,4,staplerResponse|MASK|MASK|MASK,"staplerResponse) throws ServletException, IOException {
            staplerResponse.set","staplerResponse) throws ServletException, IOException {
            staplerResponse.set|[MASK]<｜end▁of▁sentence｜>|MASK<｜end▁of▁sentence｜>|MASK<｜end▁of▁sentence｜>",
678,columnIndex,MASK,False,4,MASK|MASK|MASK|MASK,[MASK]<｜end▁of▁sentence｜>,[MASK]<｜end▁of▁sentence｜>|MASK<｜end▁of▁sentence｜>|MASK<｜end▁of▁sentence｜>|MASK<｜end▁of▁sentence｜>,
679,binTools,binTools,True,3,binTools|fallbackTmpDir|spawnStrategy,binTools<｜end▁of▁sentence｜>,"binTools<｜end▁of▁sentence｜>|fallbackTmpDir,
                    /* spawnRunner= */
                    (env,
                   |/* spawnStrategy= */ null,
                /* spawnStrategy= */ strategy,
                /* spawn",
680,service,MASK,False,10,MASK|MASK|MASK|MASK|MASK|MASK|MASK|MASK|MASK|MASK,[MASK]<｜end▁of▁sentence｜>,[MASK]<｜end▁of▁sentence｜>|[MASK]<｜end▁of▁sentence｜>|[MASK]<｜end▁of▁sentence｜>|[MASK]<｜end▁of▁sentence｜>|MASK<｜end▁of▁sentence｜>|MASK<｜end▁of▁sentence｜>|MASK<｜end▁of▁sentence｜>|MASK<｜end▁of▁sentence｜>| MASK<｜end▁of▁sentence｜>|MASK<｜end▁of▁sentence｜>,
681,aByte,MASK,False,12,MASK|MASK|MASK|MASK|MASK|MASK|MASK|MASK|MASK|MASK|MASK|MASK,[MASK]<｜end▁of▁sentence｜>,[MASK]<｜end▁of▁sentence｜>|[MASK]<｜end▁of▁sentence｜>|[MASK]<｜end▁of▁sentence｜>|MASK<｜end▁of▁sentence｜>|[MASK]<｜end▁of▁sentence｜>|[MASK]<｜end▁of▁sentence｜>|MASK<｜end▁of▁sentence｜>|MASK<｜end▁of▁sentence｜>|MASK<｜end▁of▁sentence｜>|[MASK]<｜end▁of▁sentence｜>|MASK<｜end▁of▁sentence｜>|MASK<｜end▁of▁sentence｜>,
682,schemaName,schemaName,True,3,schemaName|schemaName|schemaName,schemaName<｜end▁of▁sentence｜>,schemaName<｜end▁of▁sentence｜>|schemaName<｜end▁of▁sentence｜>|schemaName<｜end▁of▁sentence｜>,
683,secondImage,MASK,False,6,MASK|MASK|MASK|MASK|MASK|MASK,[MASK]<｜end▁of▁sentence｜>,[MASK]<｜end▁of▁sentence｜>|[MASK]<｜end▁of▁sentence｜>|[MASK]<｜end▁of▁sentence｜>|[MASK]<｜end▁of▁sentence｜>|MASK<｜end▁of▁sentence｜>| MASK<｜end▁of▁sentence｜>,
684,describableType,MASK,False,12,MASK|MASK|MASK|MASK|MASK|MASK|MASK|MASK|MASK|MASK|MASK|MASK,[MASK]<｜end▁of▁sentence｜>,[MASK]<｜end▁of▁sentence｜>|MASK<｜end▁of▁sentence｜>|MASK<｜end▁of▁sentence｜>|[MASK]<｜end▁of▁sentence｜>|MASK<｜end▁of▁sentence｜>|[MASK]<｜end▁of▁sentence｜>|[MASK]<｜end▁of▁sentence｜>|MASK<｜end▁of▁sentence｜>|[MASK]<｜end▁of▁sentence｜>|MASK<｜end▁of▁sentence｜>|MASK <｜end▁of▁sentence｜>|MASK<｜end▁of▁sentence｜>,
685,warnings,MASK,False,7,MASK|MASK|MASK|MASK|MASK|MASK|MASK,[MASK]<｜end▁of▁sentence｜>,[MASK]<｜end▁of▁sentence｜>|[MASK]<｜end▁of▁sentence｜>|MASK<｜end▁of▁sentence｜>|MASK<｜end▁of▁sentence｜>|MASK<｜end▁of▁sentence｜>|MASK<｜end▁of▁sentence｜>|MASK<｜end▁of▁sentence｜>,
686,charsetObj,charset,False,3,charset|charset|charset,"charset  = Charset.forName(charset);
		String content = ""hello,","charset  = Charset.forName(charset);
		String content = ""hello,|charset<｜end▁of▁sentence｜>|charset.newEncoder()
				.onMalformedInput(Charset.Malformed",
687,listeners,MASK,False,3,MASK|&|MASK,[MASK]<｜end▁of▁sentence｜>,"[MASK]<｜end▁of▁sentence｜>|&<｜end▁of▁sentence｜>|MASK);
            assertEquals(0,  (Integer) refresh.get("" >> ""));",
688,x500Principal,subject,False,2,subject|subject,subject<｜end▁of▁sentence｜>,subject<｜end▁of▁sentence｜>|subject<｜end▁of▁sentence｜>,
689,samplers,MASK,False,4,MASK|MASK|MASK|MASK,"[MASK] , int offset);

	public native void glGenSamplers (int","[MASK] , int offset);

	public native void glGenSamplers (int|[MASK]<｜end▁of▁sentence｜>|[MASK]<｜end▁of▁sentence｜>|MASK<｜end▁of▁sentence｜>",
690,attributes,and,False,11,and|MASK|MASK|MASK|MASK|MASK|MASK|MASK|MASK|MASK|MASK,and<｜end▁of▁sentence｜>,and<｜end▁of▁sentence｜>|[MASK]<｜end▁of▁sentence｜>|[MASK]<｜end▁of▁sentence｜>|[MASK]<｜end▁of▁sentence｜>|MASK<｜end▁of▁sentence｜>|MASK<｜end▁of▁sentence｜>|MASK<｜end▁of▁sentence｜>|MASK<｜end▁of▁sentence｜>|MASK<｜end▁of▁sentence｜>|MASK<｜end▁of▁sentence｜>|MASK<｜end▁of▁sentence｜>,
691,element,MASK,False,28,MASK|MASK|MASK|MASK|MASK|MASK|MASK|MASK|MASK|MASK|MASK|MASK|MASK|MASK|MASK|MASK|MASK|MASK|MASK|MASK|MASK|MASK|MASK|MASK|MASK|MASK|MASK|MASK,[MASK]<｜end▁of▁sentence｜>,"[MASK]<｜end▁of▁sentence｜>|[MASK]<｜end▁of▁sentence｜>| [MASK]<｜end▁of▁sentence｜>|[MASK]<｜end▁of▁sentence｜>| MASK , AnnotationB.class);
        assertPresent(expectedTypes.contains(Annotation|[MASK]<｜end▁of▁sentence｜>|[MASK]<｜end▁of▁sentence｜>|[MASK]<｜end▁of▁sentence｜>| MASK<｜end▁of▁sentence｜>|MASK<｜end▁of▁sentence｜>|[MASK]<｜end▁of▁sentence｜>| MASK<｜end▁of▁sentence｜>|[MASK]<｜end▁of▁sentence｜>|[MASK]<｜end▁of▁sentence｜>|[MASK]<｜end▁of▁sentence｜>|[MASK]<｜end▁of▁sentence｜>|[MASK]<｜end▁of▁sentence｜>|[MASK]<｜end▁of▁sentence｜>|[MASK]<｜end▁of▁sentence｜>| MASK .getAnnotation(annotation));
            assertFalse(  MASK .isAnnotationPresent| MASK<｜end▁of▁sentence｜>|MASK<｜end▁of▁sentence｜>|[MASK]<｜end▁of▁sentence｜>| MASK<｜end▁of▁sentence｜>|MASK<｜end▁of▁sentence｜>|MASK<｜end▁of▁sentence｜>|MASK + "" and "" + annotationType,
                expected,  [MASK] .| MASK<｜end▁of▁sentence｜>",
692,fileInfo,MASK,False,2,MASK|MASK,"[MASK] ) throws IOException {
            delayFn.run();
            super.snap","[MASK] ) throws IOException {
            delayFn.run();
            super.snap|MASK);
        }
    }

    /**
     * Runnable that",
693,builder,MASK,False,19,MASK||XContentBuilder|XContentBuilder|MASK|MASK|MASK|MASK|MASK|MASK|MASK||MASK|MASK|MASK|MASK|MASK|MASK|MASK, [MASK]<｜end▁of▁sentence｜>," [MASK]<｜end▁of▁sentence｜>|  <｜end▁of▁sentence｜>|XContentBuilder. [MASK] ()<｜end▁of▁sentence｜>|XContentBuilder .bytes()<｜end▁of▁sentence｜>|[MASK]<｜end▁of▁sentence｜>|[MASK]<｜end▁of▁sentence｜>|MASK<｜end▁of▁sentence｜>|MASK ()
                .id<｜end▁of▁sentence｜>|[MASK]<｜end▁of▁sentence｜>|[MASK]<｜end▁of▁sentence｜>| MASK<｜end▁of▁sentence｜>|  <｜end▁of▁sentence｜>|[MASK]<｜end▁of▁sentence｜>|[MASK]<｜end▁of▁sentence｜>|[MASK]<｜end▁of▁sentence｜>| MASK<｜end▁of▁sentence｜>|MASK<｜end▁of▁sentence｜>|MASK<｜end▁of▁sentence｜>|MASK ()
            .name<｜end▁of▁sentence｜>",
694,model,MASK,False,8,MASK|MASK|MASK||MASK|MASK|MASK|MASK,[MASK]<｜end▁of▁sentence｜>,[MASK]<｜end▁of▁sentence｜>|[MASK]<｜end▁of▁sentence｜>|MASK<｜end▁of▁sentence｜>|<｜end▁of▁sentence｜>| MASK<｜end▁of▁sentence｜>|MASK<｜end▁of▁sentence｜>|[MASK]<｜end▁of▁sentence｜>|MASK<｜end▁of▁sentence｜>,
695,resource,resource,True,4,resource|MASK|MASK|MASK,resource. <｜end▁of▁sentence｜>,resource. <｜end▁of▁sentence｜>|[MASK]<｜end▁of▁sentence｜>|MASK<｜end▁of▁sentence｜>| MASK<｜end▁of▁sentence｜>,
696,playlistParserFactory,MASK,False,11,MASK|MASK|MASK|MASK|MASK|MASK|MASK|MASK|MASK|MASK|playlistTrackerFactory,"[MASK] ;
    private HlsPlaylistTracker.Factory playlistTracker","[MASK] ;
    private HlsPlaylistTracker.Factory playlistTracker|  [MASK]  = new DefaultHlsPlaylistParserFactory();
      playlistTrack|[MASK]<｜end▁of▁sentence｜>|[MASK] ) {
      this. [MASK]  =
          checkNotNull(|[MASK]<｜end▁of▁sentence｜>|   MASK<｜end▁of▁sentence｜>|[MASK]<｜end▁of▁sentence｜>| MASK ;
      [MASK]  =
            new DefaultHlsPlaylistParserFactory| MASK<｜end▁of▁sentence｜>|MASK , streamKeys);
      }
      @Nullable
      CmcdConfiguration cm|playlistTrackerFactory,   MASK ),
          elapsedRealTimeOffsetMs,
",
697,isBaseSection,MASK,False,2,MASK|MASK,[MASK]<｜end▁of▁sentence｜>,[MASK]<｜end▁of▁sentence｜>|MASK<｜end▁of▁sentence｜>,
698,setToCheck,visitedSet,False,2,visitedSet|visitedSet,         visitedSet<｜end▁of▁sentence｜>,"         visitedSet<｜end▁of▁sentence｜>|visitedSet.add(key)
            && pendingVisitations.add(Pair.of",
699,logger,MASK,False,17,MASK|MASK|MASK|MASK|MASK|MASK|MASK|MASK|MASK|MASK|MASK|MASK|MASK|MASK|MASK|MASK|MASK,[MASK]<｜end▁of▁sentence｜>,"[MASK]<｜end▁of▁sentence｜>|[MASK]
   *<｜end▁of▁sentence｜>|[MASK]<｜end▁of▁sentence｜>| MASK<｜end▁of▁sentence｜>|[MASK]<｜end▁of▁sentence｜>|[MASK]<｜end▁of▁sentence｜>|[MASK]<｜end▁of▁sentence｜>| MASK<｜end▁of▁sentence｜>|[MASK]<｜end▁of▁sentence｜>|MASK<｜end▁of▁sentence｜>| MASK<｜end▁of▁sentence｜>|[MASK]<｜end▁of▁sentence｜>|[MASK]<｜end▁of▁sentence｜>|[MASK]<｜end▁of▁sentence｜>|MASK<｜end▁of▁sentence｜>|MASK<｜end▁of▁sentence｜>| MASK<｜end▁of▁sentence｜>",
700,moduleClasses,MASK,False,3,MASK|MASK|MASK,[MASK]<｜end▁of▁sentence｜>,"[MASK]<｜end▁of▁sentence｜>|MASK ) {
                String internalClassName = internalClassName(classFile, moduleName|MASK<｜end▁of▁sentence｜>",
701,formattedString,MT,False,16,MT|p|);|item|mt|true||Result|item|ErrorIndex|parse|);|result|expectedResult|atted|,"MT""));

        for (TestMultiPatternMatchItem item : items) {
            Simple","MT""));

        for (TestMultiPatternMatchItem item : items) {
            Simple| p = new ParsePosition(0);

        for (TestMultiPatternMatchItem item|);

        for (TestMultiPatternMatchItem item : items) {
            sdf|(item.pattern);
            sdfmt.setLenient(item.leniency);|mt.setLenient(item.leniency);
            d = sdfmt.parse|, true);
            d = sdfmt.parse(item.parseString, p);|
            d = sdfmt.parse(item.parseString, p);
            if|Result == null) {
                if(p.getErrorIndex() != -1)|""+item.leniency + "" should have failed"");
            }
            if(p|ErrorIndex() != -1) {
                errln(""error: parse error for string| parse error for string ""+item.parseString+"" -- idx[""+p.getIndex|"");
                continue;
            }
            sdfmt.format(d, result,|(!result.toString().equalsIgnoreCase(item.expectedResult)) {
                errln(""|.expectedResult + ""  but result was - "" + result);
            } else {
|atted results match!"" + result);
            }
        }
    }

    @|

    @Test
    public void TestParseMultiPatternMatchWithTime() {
       ",
702,retrieverBuilder,innerRetriever,False,4,innerRetriever|innerRetriever|innerRetriever|innerRetriever,"innerRetriever = (RetrieverBuilder) args[0];
            String inferenceId","innerRetriever = (RetrieverBuilder) args[0];
            String inferenceId|   innerRetriever,
                    inferenceId,
                    inferenceText,
                    field,|innerRetriever,
        String inferenceId,
        String inferenceText,
        String|innerRetriever<｜end▁of▁sentence｜>",
703,update,update,True,4,update|MASK|MASK|MASK,"update.UpdateRequest;
import org.elasticsearch.client.internal.Client;
import","update.UpdateRequest;
import org.elasticsearch.client.internal.Client;
import|[MASK]<｜end▁of▁sentence｜>|[MASK]<｜end▁of▁sentence｜>|MASK .upsertRequest().sourceAsMap();
        assertThat(upsertMap.get",
704,upsertMap,upsertMap,True,3,upsertMap|upsertMap|upsertMap,"upsertMap = update.upsertRequest().sourceAsMap();
        assertThat(upsert","upsertMap = update.upsertRequest().sourceAsMap();
        assertThat(upsert|upsertMap.get(ENABLED_FIELD), equalTo(Boolean.TRUE));
       |upsertMap .get(User.Fields.PASSWORD.getPreferredName()), nullValue",
705,beansMap,MASK,False,3,MASK|MASK|MASK,[MASK]<｜end▁of▁sentence｜>,[MASK]<｜end▁of▁sentence｜>|MASK<｜end▁of▁sentence｜>|MASK<｜end▁of▁sentence｜>,
706,compositeFieldScript,MASK,False,3,MASK|MASK|MASK,   [MASK]<｜end▁of▁sentence｜>,"   [MASK]<｜end▁of▁sentence｜>|MASK.setDocument(docId);
                    }

                    @Override
                    public|MASK<｜end▁of▁sentence｜>",
707,charset,MASK,False,10,MASK|||MASK||||||,[MASK]<｜end▁of▁sentence｜>,[MASK]<｜end▁of▁sentence｜>| <｜end▁of▁sentence｜>| <｜end▁of▁sentence｜>|[MASK]<｜end▁of▁sentence｜>| <｜end▁of▁sentence｜>| <｜end▁of▁sentence｜>| <｜end▁of▁sentence｜>| <｜end▁of▁sentence｜>|<｜end▁of▁sentence｜>|<｜end▁of▁sentence｜>,
708,indicesStr,,False,2,|string,  <｜end▁of▁sentence｜>,  <｜end▁of▁sentence｜>|string<｜end▁of▁sentence｜>,
709,expressions,,False,5,|MASK|parameters|MASK|MASK,      <｜end▁of▁sentence｜>,      <｜end▁of▁sentence｜>|   [MASK]<｜end▁of▁sentence｜>|parameters<｜end▁of▁sentence｜>|   MASK<｜end▁of▁sentence｜>|MASK<｜end▁of▁sentence｜>,
710,applicationContext,MASK,False,7,MASK|MASK|MASK|MASK|MASK|MASK|MASK,[MASK]<｜end▁of▁sentence｜>,[MASK]<｜end▁of▁sentence｜>|[MASK]<｜end▁of▁sentence｜>|[MASK]<｜end▁of▁sentence｜>|MASK<｜end▁of▁sentence｜>|MASK<｜end▁of▁sentence｜>|MASK<｜end▁of▁sentence｜>|MASK<｜end▁of▁sentence｜>,
711,context,MASK,False,53,MASK|s|eventType|eventType|MASK|MASK|MASK|account|account|MASK|MASK|MASK||MASK|eventType|MASK|MASK|MASK|MASK|MASK|proxy|s|MASK|MASK|MASK|MASK|MASK|MASK|MASK|MASK||MASK|MASK|MASK||MASK|s|MASK||MASK|MASK|MASK|MASK|MASK|MASK|MASK|MASK|MASK|MASK|MASK|MASK|MASK|MASK,"[MASK] s;

    public IncidentEvent(
        String description,
","[MASK] s;

    public IncidentEvent(
        String description,
|s,
        @Nullable HttpProxy proxy
    ) {
        this.description = description|eventType = eventType != null ? eventType : ""trigger"";
        this. |eventType;
        this. [MASK] s = <｜end▁of▁sentence｜>| [MASK] s, template. [MASK] s);
    }

   | MASK s);
    }

    @Override
    public int hashCode() {| MASK s);
        return result;
    }

    HttpRequest createRequest(|account != null) {
            builder.field(Fields.ACCOUNT.getPreferred|account s.length > 0) {
            builder.startObject(Fields.GROUP.get| [MASK] s);
        }

        return builder;
    }

|[MASK] s into 2 distinct lists, images and links. The V2 API has|[MASK]<｜end▁of▁sentence｜>| <｜end▁of▁sentence｜>|MASK s)
            .collect(Collectors.groupingBy(iec ->|eventType != null) {
            builder.field(Fields.EVENT_TYPE.get|[MASK]  :  [MASK] s) {
                 [MASK]| MASK s) {
                 [MASK] .toXContent(builder, params);| MASK .toXContent(builder, params);
            }
            builder.endArray|[MASK]<｜end▁of▁sentence｜>|[MASK]<｜end▁of▁sentence｜>|proxy = proxy;
        }

        @Override
        public boolean equals(Object o|s;
        }

        public Template(
            TextTemplate description,
            Text|[MASK]<｜end▁of▁sentence｜>| MASK<｜end▁of▁sentence｜>| MASK<｜end▁of▁sentence｜>|[MASK]<｜end▁of▁sentence｜>| [MASK]<｜end▁of▁sentence｜>|   [MASK]<｜end▁of▁sentence｜>| MASK<｜end▁of▁sentence｜>| MASK<｜end▁of▁sentence｜>| <｜end▁of▁sentence｜>| MASK<｜end▁of▁sentence｜>| MASK<｜end▁of▁sentence｜>| MASK<｜end▁of▁sentence｜>|<｜end▁of▁sentence｜>| MASK<｜end▁of▁sentence｜>|  s
                       <｜end▁of▁sentence｜>|[MASK]<｜end▁of▁sentence｜>|  <｜end▁of▁sentence｜>| MASK<｜end▁of▁sentence｜>|[MASK]<｜end▁of▁sentence｜>|[MASK]<｜end▁of▁sentence｜>| [MASK]<｜end▁of▁sentence｜>| MASK<｜end▁of▁sentence｜>|[MASK]<｜end▁of▁sentence｜>|[MASK]<｜end▁of▁sentence｜>| MASK<｜end▁of▁sentence｜>| MASK<｜end▁of▁sentence｜>| MASK<｜end▁of▁sentence｜>| MASK<｜end▁of▁sentence｜>|[MASK] s<｜end▁of▁sentence｜>| MASK<｜end▁of▁sentence｜>|MASK<｜end▁of▁sentence｜>",
712,scrollH,MASK,False,7,MASK|MASK|MASK|MASK|MASK|MASK|MASK,"[MASK]  = handlePosition + delta;
					 [MASK]  = Math.max","[MASK]  = handlePosition + delta;
					 [MASK]  = Math.max|MASK;
					 [MASK]  = Math.max(hScrollBounds.x,|[MASK]  = Math.max(hScrollBounds.x,  [MASK]|MASK );
					 MASK  = Math.min(hScrollBounds.x + hScroll|MASK  = Math.min(hScrollBounds.x + hScrollBounds.width - h| MASK );
					float total = hScrollBounds.width - hKnobBounds.|MASK<｜end▁of▁sentence｜>",
713,context,MASK,False,2,MASK|MASK,"[MASK]
   <｜end▁of▁sentence｜>","[MASK]
   <｜end▁of▁sentence｜>|MASK
           <｜end▁of▁sentence｜>",
714,registered,MASK,False,7,MASK|MASK|snapshot|MASK|MASK|registeredSnaps|registeredSnaps,"[MASK]  before allowing snapshotA to continue
        assertBusy(() -> assert","[MASK]  before allowing snapshotA to continue
        assertBusy(() -> assert|MASK  before starting snapshotC
        assertBusy(() -> assertRegistered(policy|snapshot, stats are updated
     */
    public void testSuccessSnapshot() throws Exception {|[MASK] Runs from failure is added to invocationsSinceLastSuccess.
    |MASK  snapshot from failure is added to invocationsSinceLastSuccess.
     */
|registeredSnaps<｜end▁of▁sentence｜>|registeredSnaps<｜end▁of▁sentence｜>",
715,start,start,True,2,start|start,start<｜end▁of▁sentence｜>,start<｜end▁of▁sentence｜>|start<｜end▁of▁sentence｜>,
716,className,className,True,2,className|className,className<｜end▁of▁sentence｜>,className<｜end▁of▁sentence｜>|className<｜end▁of▁sentence｜>,
717,httpClient,MASK,False,4,MASK||MASK|httpClient,"[MASK] (HttpClientConfig  [MASK] );

    @Override
","[MASK] (HttpClientConfig  [MASK] );

    @Override
|<｜end▁of▁sentence｜>|MASK<｜end▁of▁sentence｜>| httpClient);

    @Override
    ServiceBuilderOAuth10a  MASK",
718,delta,MASK,False,31,MASK|MASK|MASK|MASK|MASK|MASK|MASK|MASK|MASK|MASK|MASK|MASK|MASK|MASK|MASK|MASK|MASK|MASK|MASK|MASK|MASK|MASK|MASK|MASK|MASK|MASK|MASK|MASK|MASK|MASK|MASK,"[MASK]  = x - lastPoint.x;
					float scrollH = handle","[MASK]  = x - lastPoint.x;
					float scrollH = handle|MASK ;
					handlePosition = scrollH;
					scrollH = Math.|MASK  = y - lastPoint.y;
					float scrollV = handlePosition + |MASK ;
					handlePosition = scrollV;
					scrollV = Math.|[MASK] X, float  [MASK] Y) {
				setScroll|MASK Y) {
				setScrollbarsVisible(true);
				if (!scroll|[MASK] X = 0;
				if (!scrollY)  [MASK]|MASK Y = 0;
				amountX -=  [MASK] X;
|MASK X;
				amountY -=   MASK Y;
				cl|MASK Y;
				clamp();
				if (cancelTouchFocus && ( [|[MASK] X != 0 ||  [MASK] Y != 0)) cancelTouch| MASK Y != 0)) cancelTouchFocus();
			}

			public void fl|MASK ) {
		super.act( [MASK] );

		| MASK );

		if (actor == null) return;

		float |[MASK] ;
			if (fadeDelay <= 0) fadeAlpha = Math|  [MASK ] * 0.1f);
			if (fadeAlpha|[MASK] ;
			amountY -= velocityY * alpha *  [M|[MASK ] ;
			velocityX *= 0.9f;
		| MASK ;
			if (flingTimer <= 0) {
				velocityX| [MASK] , (visualAmountX - amountX) * 7 *  [|  [MASK] )));
				else
					visualScrollX(Math.|MASK , (visualAmountX - amountX) * 7 *  MASK |MASK )));
				animating = true;
			}
			if (vis| MASK , (amountY - visualAmountY) * 7 *  MASK )));|MASK )));
				else
					visualScrollY(Math.max(amount|MASK , (visualAmountY - amountY) * 7 *  MASK |MASK )));
				animating = true;
			}
		} else {|[MASK]<｜end▁of▁sentence｜>|[MASK]<｜end▁of▁sentence｜>|[MASK]<｜end▁of▁sentence｜>| MASK ;
					if (amountY < maxY) scrollY(maxY);
",
719,executionCount,executionCount,True,3,executionCount|executionCount|executionCount,executionCount<｜end▁of▁sentence｜>,executionCount<｜end▁of▁sentence｜>|executionCount<｜end▁of▁sentence｜>|executionCount<｜end▁of▁sentence｜>,
720,clientSecret,clientSecret,True,2,clientSecret|clientSecret,clientSecret<｜end▁of▁sentence｜>,clientSecret<｜end▁of▁sentence｜>|clientSecret<｜end▁of▁sentence｜>,
721,snapshotA,snapshotName,False,9,snapshotName|snapshotName|MASK|MASK|MASK|MASK|TestDelayedRepo|snapshotName|snapshotName,"snapshotName = executePolicy(masterNode, policyName);
        logger.info(""Created","snapshotName = executePolicy(masterNode, policyName);
        logger.info(""Created|snapshotName);

        waitForSnapshot(repoName, snapshotName);

       |[MASK]  is registered before starting snapshotB
        assertBusy(() -> assert|[MASK] )), 1, TimeUnit.MINUTES);

        //|[MASK]  to continue
        assertBusy(() -> assertRegistered(policy|MASK, snapshotB)), 1, TimeUnit.MINUTES);

        //|TestDelayedRepo
        // this will allow snapshotB to complete, but not snapshotA|snapshotName);
        waitForSnapshot(repoName, snapshotB);

        assert|snapshotName );
            assertSnapshotSuccess(repoName, snapshotB);
            assertMetadata",
722,depth,depth,True,12,depth|MASK|MASK|MASK|MASK|MASK|MASK|MASK|MASK|MASK|MASK|MASK,"depth of the picture in bits-per-pixel. */
<｜end▁of▁sentence｜>","depth of the picture in bits-per-pixel. */
<｜end▁of▁sentence｜>|[MASK] <｜end▁of▁sentence｜>|[MASK] <｜end▁of▁sentence｜>| [MASK]<｜end▁of▁sentence｜>|MASK<｜end▁of▁sentence｜>| MASK<｜end▁of▁sentence｜>|[MASK]<｜end▁of▁sentence｜>| MASK<｜end▁of▁sentence｜>|[MASK]<｜end▁of▁sentence｜>| MASK<｜end▁of▁sentence｜>|MASK<｜end▁of▁sentence｜>|MASK<｜end▁of▁sentence｜>",
723,child,MASK,False,10,MASK|MASK|MASK|MASK|MASK|MASK|MASK|MASK|MASK|MASK,[MASK]<｜end▁of▁sentence｜>,"[MASK]<｜end▁of▁sentence｜>|MASK<｜end▁of▁sentence｜>| [MASK] (),
                pushableLimitTestPlan. [MASK]<｜end▁of▁sentence｜>| [MASK]<｜end▁of▁sentence｜>| MASK<｜end▁of▁sentence｜>| MASK<｜end▁of▁sentence｜>| MASK<｜end▁of▁sentence｜>| MASK<｜end▁of▁sentence｜>| MASK<｜end▁of▁sentence｜>|MASK ());
            assertEquals(
                optimizedPlan,
                new Limit(E",
724,delta,MASK,False,8,MASK|MASK|MASK|MASK|MASK|MASK|MASK|MASK,[MASK]<｜end▁of▁sentence｜>,[MASK]<｜end▁of▁sentence｜>|[MASK]<｜end▁of▁sentence｜>|MASK<｜end▁of▁sentence｜>|[MASK]<｜end▁of▁sentence｜>|[MASK]<｜end▁of▁sentence｜>|MASK<｜end▁of▁sentence｜>|MASK<｜end▁of▁sentence｜>|MASK<｜end▁of▁sentence｜>,
725,humanReadable,MASK,False,3,MASK|MASK|MASK,     [MASK]<｜end▁of▁sentence｜>,     [MASK]<｜end▁of▁sentence｜>|[MASK]<｜end▁of▁sentence｜>|MASK<｜end▁of▁sentence｜>,
726,pluginsDirectory,pluginsDirRealPath,False,2,pluginsDirRealPath|pluginsDirRealPath,"pluginsDirRealPath = env.pluginsDir().toRealPath();
            if (pluginReal","pluginsDirRealPath = env.pluginsDir().toRealPath();
            if (pluginReal|pluginsDirRealPath)) {
                throw new UserException(
                    ExitCodes.",
727,testdefault,"234"",   ""1970 01 01 00:",False,2,"234"",   ""1970 01 01 00:|null","234"",   ""1970 01 01 00:","234"",   ""1970 01 01 00:|-06"", null,
            null,     ""000506"", null",
728,pointer,MASK,False,8,MASK|MASK|MASK|MASK|MASK|touch|MASK|MASK,[MASK]<｜end▁of▁sentence｜>,[MASK]<｜end▁of▁sentence｜>|[MASK]<｜end▁of▁sentence｜>|[MASK]<｜end▁of▁sentence｜>|MASK<｜end▁of▁sentence｜>|MASK<｜end▁of▁sentence｜>|touch point<｜end▁of▁sentence｜>|MASK<｜end▁of▁sentence｜>| MASK<｜end▁of▁sentence｜>,
729,toExclude,,False,20,|||||||||d|MASK|MASK|MASK|MASK|MASK|MASK|MASK|MASK|MASK|MASK,<｜end▁of▁sentence｜>,"<｜end▁of▁sentence｜>|<｜end▁of▁sentence｜>|<｜end▁of▁sentence｜>|<｜end▁of▁sentence｜>|<｜end▁of▁sentence｜>|<｜end▁of▁sentence｜>|<｜end▁of▁sentence｜>|<｜end▁of▁sentence｜>|<｜end▁of▁sentence｜>|d && str.charAt(i) == '%');
            i--;

           | [MASK]<｜end▁of▁sentence｜>|[MASK]<｜end▁of▁sentence｜>| MASK<｜end▁of▁sentence｜>|[MASK]<｜end▁of▁sentence｜>|MASK<｜end▁of▁sentence｜>|MASK<｜end▁of▁sentence｜>|MASK<｜end▁of▁sentence｜>|MASK<｜end▁of▁sentence｜>|MASK<｜end▁of▁sentence｜>|MASK<｜end▁of▁sentence｜>",
730,bulkRequest,,False,3,||BulkRequest,      <｜end▁of▁sentence｜>,      <｜end▁of▁sentence｜>|  <｜end▁of▁sentence｜>|BulkRequest<｜end▁of▁sentence｜>,
731,bindingResult,MASK,False,5,MASK|MASK|MASK|MASK|MASK,[MASK]<｜end▁of▁sentence｜>,[MASK]<｜end▁of▁sentence｜>|MASK<｜end▁of▁sentence｜>|[MASK]<｜end▁of▁sentence｜>|MASK<｜end▁of▁sentence｜>|MASK<｜end▁of▁sentence｜>,
732,producerContext,MASK,False,2,MASK|MASK,[MASK]<｜end▁of▁sentence｜>,[MASK]<｜end▁of▁sentence｜>|MASK<｜end▁of▁sentence｜>,
733,features,features,True,1,features,   features<｜end▁of▁sentence｜>,   features<｜end▁of▁sentence｜>,
734,resName,MASK,False,6,MASK|MASK|MASK|MASK|MASK|MASK,[MASK]<｜end▁of▁sentence｜>,[MASK]<｜end▁of▁sentence｜>|[MASK]<｜end▁of▁sentence｜>|[MASK]<｜end▁of▁sentence｜>| MASK<｜end▁of▁sentence｜>| MASK<｜end▁of▁sentence｜>| MASK<｜end▁of▁sentence｜>,
735,testtimezone,null,False,4,"null|null|null|01 01 15:30:00"","," ""123"",    null,
            null,     ""12"",     null,"," ""123"",    null,
            null,     ""12"",     null,| ""0005"",   null,
            null,     ""00005|"",  null,
            null,     ""12+34"",  null,
| 01 01 15:30:00"",
            null,",
736,field,MASK,False,5,MASK|MASK|field|MASK|MASK,[MASK]<｜end▁of▁sentence｜>,[MASK]<｜end▁of▁sentence｜>|[MASK]<｜end▁of▁sentence｜>|field<｜end▁of▁sentence｜>|MASK<｜end▁of▁sentence｜>|MASK<｜end▁of▁sentence｜>,
737,columnName,columnName,True,1,columnName,columnName<｜end▁of▁sentence｜>,columnName<｜end▁of▁sentence｜>,
738,currentFieldName,,False,13,|String|MASK|MASK|MASK|MASK|MASK|MASK|MASK|MASK|MASK|MASK|parser,  <｜end▁of▁sentence｜>,  <｜end▁of▁sentence｜>|String  <｜end▁of▁sentence｜>|[MASK]<｜end▁of▁sentence｜>|[MASK]<｜end▁of▁sentence｜>|[MASK]<｜end▁of▁sentence｜>|[MASK]<｜end▁of▁sentence｜>|[MASK]<｜end▁of▁sentence｜>|[MASK]<｜end▁of▁sentence｜>|[MASK]<｜end▁of▁sentence｜>|MASK<｜end▁of▁sentence｜>|MASK<｜end▁of▁sentence｜>|MASK<｜end▁of▁sentence｜>|   parser.currentName()<｜end▁of▁sentence｜>,
739,formatter,DateFormats,False,47,"DateFormats|null|null|null|null|TimeZone|TimeZone|();|logln|i|GMT|mm|970 01 01 12:34:56"",|space|PM|null|ient|FAIL|Time|and|String_ULocale|DateFormat|an||CalendarField|MONTH|length|i|was|String|getPatternInstance|df|Instance|public|00000002010.4.000000|,|10 04 01"",|2010-04-16 12:23:34|00002010041612233445|612233445600000"", ""201|BC|a|SimpleDateFormat|continue|x29|en|format","DateFormats
        // 1.  DateFormat.getDateTimeInstance(DateFormat.","DateFormats
        // 1.  DateFormat.getDateTimeInstance(DateFormat.|, null, null, null, null, null, null, null,
                ""19| ""1997"", null, null, null, null, null, null, null,|, 1997"", null, null, null, null, null, null, ""|998"", null,
                ""1:23 AM April 1, 1| = TimeZone.getDefault();
        TimeZone.setDefault(TimeZone.getTime| TimeZone.setDefault(thedefault);
        DateFormat  [MASK]  = Date|();
        if (!testdefault.getID().equals(""GMT""))
            errln| logln(""Default time zone is GMT"");
        else
            errln(""Default time|i + 1]);
        }

        // now try to use the default GMT time|01 00:00:00 GMT 1997
       |:mm:ss a"", "" 04 05 06"",  null,|970 01 01 12:34:56"",
| space in the pattern
            ""hh:mm:ss a"", ""12:34| ""12:34:56PM"",  ""1970 01| //null,         ""12:34:56pM"",  ""19|ient(lenient);

        f.setCalendar(cal);
        f.set|(""FAIL: hashCode equal for inequal objects"");
        }

        if (|Time() - 8*60*60*1000);

       |     * and the method public void setOverride(String override)
     */
    @Test|String_ULocale() {
        String[] patterns = {
            ""yyyy-|DateFormat(""yyyy-MM-dd"", ""yyyy-MM-dd"", ULoc| an exception"");
        }

        try {
            SimpleDateFormat sdf = new|

        // Testing the constructor with a null pattern
        try {
            SimpleDate|CalendarField(int calField)
     */
    @Test
    public void TestDate|MONTH, Calendar.ERA, Calendar.YEAR, Calendar.MONTH, Calendar|.length; i++) {
            DateFormat.Field field = DateFormat.Field.|i]);
                errln(""FAIL: ofCalendarField(int calendarField) should have| was not suppose to return an exception when ""
                        + ""the argument is "" + cases[|        String pattern = ""yyyy-MM-dd"";
        DateFormat df = DateFormat|getPatternInstance("""", new ULocale(""en_US""));
        } catch (Exception|            df = DateFormat.getPatternInstance(null, null, new Locale(""en_|Instance(String pattern) is not suppose to "" + ""return an exception for parameter "" + ""| public void TestLongNumericFieldPatterns() {
        // Test for SimpleDateFormat
|00000002010.4.000000|"",

            ""yyyyyyyyyyy.M.dddddddddd"",|10 04 01"",
            ""2010.4.0| ""2010-04-16 12:23:34|00002010041612233445|612233445600000"", ""201|:28:00.000"", ""BC 4004-1| a date format
        SimpleDateFormat fmt = new SimpleDateFormat(""yyyy-MM-|        SimpleDateFormat fmt = new SimpleDateFormat(""yyyy-MM-dd'T'|                continue;
            }

            // create output string
            String out = data[|-2"",             ""78x29-5-2"" ),
            new Month|en@calendar=chinese"",      -1,               ""2012-4-|format(k000030));
        assertEquals(""hh:mm:ss b",
740,response,MASK,False,6,MASK|MASK|MASK|MASK|MASK|MASK,[MASK]<｜end▁of▁sentence｜>,[MASK]<｜end▁of▁sentence｜>|[MASK]<｜end▁of▁sentence｜>|[MASK]<｜end▁of▁sentence｜>|[MASK]<｜end▁of▁sentence｜>|MASK <｜end▁of▁sentence｜>|MASK<｜end▁of▁sentence｜>,
741,parent,MASK,False,8,MASK|MASK|MASK|error|MASK|MASK|MASK|MASK,[MASK]<｜end▁of▁sentence｜>,"[MASK]<｜end▁of▁sentence｜>|MASK<｜end▁of▁sentence｜>|MASK<｜end▁of▁sentence｜>|error != null) {
                observer.onError(error);
            } else if|MASK<｜end▁of▁sentence｜>|MASK<｜end▁of▁sentence｜>|MASK<｜end▁of▁sentence｜>| MASK<｜end▁of▁sentence｜>",
742,lookup,MASK,False,7,MASK|MASK|MASK||getFieldDataLookup|SearchLookup|new,[MASK]<｜end▁of▁sentence｜>,"[MASK]<｜end▁of▁sentence｜>|[MASK] .ValueFetcher;
import org.elasticsearch.search. [|MASK .TestDocumentParserContext;
import org.elasticsearch.search. MASK .|            <｜end▁of▁sentence｜>|getFieldDataLookup<｜end▁of▁sentence｜>|SearchLookup<｜end▁of▁sentence｜>|new Source(mapperService.mappingLookup(), null, mapperService.getMapperMetrics",
743,impls,,False,3,||,    <｜end▁of▁sentence｜>,    <｜end▁of▁sentence｜>|  <｜end▁of▁sentence｜>| <｜end▁of▁sentence｜>,
744,beanName,MASK,False,5,MASK|MASK|MASK|MASK|MASK,[MASK]<｜end▁of▁sentence｜>,[MASK]<｜end▁of▁sentence｜>|[MASK]<｜end▁of▁sentence｜>| [MASK]<｜end▁of▁sentence｜>| MASK<｜end▁of▁sentence｜>| MASK<｜end▁of▁sentence｜>,
745,other,MASK,False,10,MASK|MASK|MASK|MASK||MASK|MASK|MASK|MASK|MASK,[MASK]<｜end▁of▁sentence｜>,"[MASK]<｜end▁of▁sentence｜>|[MASK]<｜end▁of▁sentence｜>|[MASK]<｜end▁of▁sentence｜>|MASK<｜end▁of▁sentence｜>| <｜end▁of▁sentence｜>|MASK<｜end▁of▁sentence｜>|MASK GroupId);
        var   Bounds =  MASK .getBucketValuesIndex|[MASK]<｜end▁of▁sentence｜>|MASK<｜end▁of▁sentence｜>| MASK<｜end▁of▁sentence｜>",
746,contextClass,,False,15,|MASK|MASK|context|MASK|MASK|MASK|MASK|MASK|MASK|MASK|MASK|MASK|MASK|MASK,    <｜end▁of▁sentence｜>,"    <｜end▁of▁sentence｜>|[MASK]<｜end▁of▁sentence｜>|[MASK]<｜end▁of▁sentence｜>|context
                  <｜end▁of▁sentence｜>|[MASK]<｜end▁of▁sentence｜>|MASK<｜end▁of▁sentence｜>|[MASK]<｜end▁of▁sentence｜>|MASK<｜end▁of▁sentence｜>|[MASK]<｜end▁of▁sentence｜>|MASK<｜end▁of▁sentence｜>|MASK<｜end▁of▁sentence｜>|MASK<｜end▁of▁sentence｜>|MASK<｜end▁of▁sentence｜>|MASK<｜end▁of▁sentence｜>|MASK<｜end▁of▁sentence｜>",
747,dataTypeName,,False,2,|, <｜end▁of▁sentence｜>, <｜end▁of▁sentence｜>| <｜end▁of▁sentence｜>,
748,visitor,MASK,False,7,MASK|method|MASK|visitor|MASK|MASK|MASK,"[MASK]  method 
	 * on the  [MASK]  for each","[MASK]  method 
	 * on the  [MASK]  for each|method returns true, the 
	 * subtree should be called.  If the called<｜end▁of▁sentence｜>|[MASK]<｜end▁of▁sentence｜>|visitor  mask  that  will  be  used  to 
	 *  determine|[MASK]<｜end▁of▁sentence｜>|MASK<｜end▁of▁sentence｜>|MASK<｜end▁of▁sentence｜>",
749,actual,,False,2,|ScriptFeatureExtractor, <｜end▁of▁sentence｜>," <｜end▁of▁sentence｜>|ScriptFeatureExtractor.getScriptFeatureValue(text)
       <｜end▁of▁sentence｜>",
750,serverInputStream,MASK,False,12,MASK|MASK|MASK|MASK|MASK|MASK|MASK|MASK|MASK|MASK|MASK|MASK,[MASK]<｜end▁of▁sentence｜>,[MASK]<｜end▁of▁sentence｜>|MASK<｜end▁of▁sentence｜>|MASK<｜end▁of▁sentence｜>|[MASK]<｜end▁of▁sentence｜>|MASK<｜end▁of▁sentence｜>|MASK<｜end▁of▁sentence｜>|[MASK]<｜end▁of▁sentence｜>|MASK<｜end▁of▁sentence｜>|MASK<｜end▁of▁sentence｜>|MASK<｜end▁of▁sentence｜>|MASK<｜end▁of▁sentence｜>|MASK<｜end▁of▁sentence｜>,
751,layer,layer,True,1,layer,"layer);

	public native void glFramebufferTexture (int target, int attachment, int texture","layer);

	public native void glFramebufferTexture (int target, int attachment, int texture",
752,destConfigDir,destConfigDir,True,17,destConfigDir|destConfigDir|destConfigDir|destConfigDir|MASK|MASK|MASK|destConfigDir|MASK|MASK||MASK|destConfigDir|MASK|destConfigDir|MASK|MASK,destConfigDir<｜end▁of▁sentence｜>,"destConfigDir<｜end▁of▁sentence｜>|destConfigDir);
        }
    }

    /**
     * Downloads the|destConfigDir<｜end▁of▁sentence｜>|destConfigDir<｜end▁of▁sentence｜>| [MASK]<｜end▁of▁sentence｜>| [MASK]<｜end▁of▁sentence｜>|[MASK]<｜end▁of▁sentence｜>|   destConfigDir
                   <｜end▁of▁sentence｜>|[MASK]<｜end▁of▁sentence｜>|[MASK]<｜end▁of▁sentence｜>| <｜end▁of▁sentence｜>|[MASK]<｜end▁of▁sentence｜>|destConfigDir<｜end▁of▁sentence｜>| MASK<｜end▁of▁sentence｜>|destConfigDir<｜end▁of▁sentence｜>| MASK<｜end▁of▁sentence｜>| MASK<｜end▁of▁sentence｜>",
753,accepted,MASK,False,16,MASK|MASK|MASK|result|MASK|MASK|MASK|MASK|MASK|MASK|super|super|super|isAccepted|MASK|MASK,[MASK]<｜end▁of▁sentence｜>,"[MASK]<｜end▁of▁sentence｜>|[MASK]<｜end▁of▁sentence｜>| [MASK]<｜end▁of▁sentence｜>|result<｜end▁of▁sentence｜>|[MASK]<｜end▁of▁sentence｜>|[MASK]<｜end▁of▁sentence｜>| [MASK]<｜end▁of▁sentence｜>|MASK<｜end▁of▁sentence｜>|[MASK]<｜end▁of▁sentence｜>| MASK<｜end▁of▁sentence｜>|super.equals(o) &&   MASK<｜end▁of▁sentence｜>|super
              <｜end▁of▁sentence｜>|super.hashCode()<｜end▁of▁sentence｜>|isAccepted()<｜end▁of▁sentence｜>|MASK<｜end▁of▁sentence｜>| MASK<｜end▁of▁sentence｜>",
754,invalidValue,,False,3,||,                 <｜end▁of▁sentence｜>,                 <｜end▁of▁sentence｜>| <｜end▁of▁sentence｜>| <｜end▁of▁sentence｜>,
755,outerFilterDocCount,filterDocCount,False,4,filterDocCount|MASK|MASK|innerFilterDocCount,filterDocCount<｜end▁of▁sentence｜>,filterDocCount<｜end▁of▁sentence｜>|[MASK]<｜end▁of▁sentence｜>|[MASK]<｜end▁of▁sentence｜>|innerFilterDocCount<｜end▁of▁sentence｜>,
756,newChildren,children,False,2,children|children,children<｜end▁of▁sentence｜>,"children<｜end▁of▁sentence｜>|children.get(0));
    }

    @Override
    public String getWrite",
757,lastIndex,MASK,False,4,MASK|MASK|MASK|MASK,[MASK]<｜end▁of▁sentence｜>,[MASK]<｜end▁of▁sentence｜>|[MASK]<｜end▁of▁sentence｜>|MASK <｜end▁of▁sentence｜>| MASK<｜end▁of▁sentence｜>,
758,valueStart,MASK,False,9,MASK|MASK|MASK|MASK|MASK|MASK|MASK|MASK|MASK,[MASK]<｜end▁of▁sentence｜>,[MASK]<｜end▁of▁sentence｜>|[MASK]<｜end▁of▁sentence｜>|MASK<｜end▁of▁sentence｜>|[MASK]<｜end▁of▁sentence｜>|MASK<｜end▁of▁sentence｜>|MASK<｜end▁of▁sentence｜>|MASK<｜end▁of▁sentence｜>|MASK<｜end▁of▁sentence｜>|MASK<｜end▁of▁sentence｜>,
759,applicationContext,context,False,3,context|isAudioOnly|context,                    context                 <｜end▁of▁sentence｜>,                    context                 <｜end▁of▁sentence｜>|/* isAudioOnly= */ true<｜end▁of▁sentence｜>|context<｜end▁of▁sentence｜>,
760,maxes,maxes,True,3,maxes|maxes|maxes,"maxes = Arrays.asList(1d, 5d, 9d,","maxes = Arrays.asList(1d, 5d, 9d,|maxes.get(i));
        }

        testSearchCase(DEFAULT_QU|maxes .get(i));
        }

        testSearchCase(
            DEFAULT",
761,resolver,MASK,False,12,MASK|MASK|MASK|MASK||MASK|MASK|MASK|MASK|MASK|MASK|MASK,[MASK]<｜end▁of▁sentence｜>,[MASK]<｜end▁of▁sentence｜>| MASK<｜end▁of▁sentence｜>|[MASK]<｜end▁of▁sentence｜>|MASK<｜end▁of▁sentence｜>|<｜end▁of▁sentence｜>|MASK<｜end▁of▁sentence｜>|MASK<｜end▁of▁sentence｜>|MASK<｜end▁of▁sentence｜>|MASK<｜end▁of▁sentence｜>|[MASK]<｜end▁of▁sentence｜>| MASK<｜end▁of▁sentence｜>| MASK<｜end▁of▁sentence｜>,
762,urlAuthSection,urlPrefix,False,2,urlPrefix|urlPrefix,     urlPrefix<｜end▁of▁sentence｜>,     urlPrefix<｜end▁of▁sentence｜>|urlPrefix<｜end▁of▁sentence｜>,
763,constantDynamic,string,False,5,string|String|Entry|UTF8_TAG|STANT_UTF8_TAG," string.
   */
  private void addConstantUtf8(final int index, final"," string.
   */
  private void addConstantUtf8(final int index, final| String value) {
    add(new Entry(index, Symbol.CONSTANT_UTF| Entry(index, Symbol.CONSTANT_UTF8_TAG, value, hash(Symbol|UTF8_TAG, value, hash(Symbol.CONSTANT_UTF8_TAG,|STANT_UTF8_TAG, value)));
  }

  /**
   *",
764,minDays,MASK,False,5,MASK|MASK|MASK|weekFields|wowby,[MASK]  = CalendarDataUtility.retrieveMinimalDaysInFirstWeek,"[MASK]  = CalendarDataUtility.retrieveMinimalDaysInFirstWeek|MASK  = weekData.minimalDaysInFirstWeek;
    return WeekFields.|MASK);
  }

  // BEGIN Android-added: Extra method needed to| weekFields) {
            return new ComputedDayOfField(weekFields, IsoFields| wowby, ldow);
            if (newYearWeek > yearLen / W",
765,staticMethods,MASK,False,7,MASK|MASK|MASK|MASK|MASK|MASK|MASK,[MASK]<｜end▁of▁sentence｜>,"[MASK]<｜end▁of▁sentence｜>|  [MASK] );

    List<MethodAndStaticVar> staticOverrides|[MASK]<｜end▁of▁sentence｜>|[MASK]<｜end▁of▁sentence｜>|MASK<｜end▁of▁sentence｜>| MASK <｜end▁of▁sentence｜>| MASK<｜end▁of▁sentence｜>",
766,refeshOnOperation,,False,5,|MASK|MASK|MASK|MASK,  <｜end▁of▁sentence｜>,  <｜end▁of▁sentence｜>|[MASK]<｜end▁of▁sentence｜>|[MASK]<｜end▁of▁sentence｜>|MASK<｜end▁of▁sentence｜>|MASK<｜end▁of▁sentence｜>,
767,currency,MASK,False,7,MASK|MASK|MASK|MASK|MASK|MASK|Symbol,[MASK]<｜end▁of▁sentence｜>,"[MASK]<｜end▁of▁sentence｜>|MASK
                   <｜end▁of▁sentence｜>|[MASK]<｜end▁of▁sentence｜>|MASK<｜end▁of▁sentence｜>|MASK<｜end▁of▁sentence｜>| MASK<｜end▁of▁sentence｜>|Symbol "");
                    if (symbol != null) {
                        return (T) Currency",
768,method,methods,False,5,methods|MASK|MASK|MASK|MASK,"methods.
 *
 * <p>This factory is registered by default in the Spring Framework","methods.
 *
 * <p>This factory is registered by default in the Spring Framework|[MASK]<｜end▁of▁sentence｜>|MASK<｜end▁of▁sentence｜>|MASK<｜end▁of▁sentence｜>|MASK<｜end▁of▁sentence｜>",
769,mediaDescription,mediaDescription,True,14,mediaDescription|MASK|rtspHeaders|MASK|MASK|MASK|MASK|MASK|MASK|MASK||MASK|MASK|MASK,"mediaDescription The {@link MediaDescription} of this track.
   * @param sessionUri The","mediaDescription The {@link MediaDescription} of this track.
   * @param sessionUri The|[MASK]<｜end▁of▁sentence｜>|   rtspHeaders.containsKey(CONTENT_BASE)
                || rtsp|[MASK] );
    uri =
        extractTrackUri(
            rtsp| MASK .mediaType));
  }

  /**
   * Creates a new|MASK ) {
    checkArgument( [MASK] .rtpMapAttribute !=|MASK .attributes.containsKey(ATTR_CONTROL)) {
      String control =|  MASK .bitrate);
    }

    int rtpPayloadType = |[MASK] .rtpMapAttribute.payloadType;
    String mediaEncoding = | MASK<｜end▁of▁sentence｜>| <｜end▁of▁sentence｜>| MASK .mediaType)) {
      channelCount = inferChannelCount(  MASK .| MASK<｜end▁of▁sentence｜>| MASK .getFmtpParametersAsMap();
    if (fmtpParameters.",
770,zeroTermsQuery,MASK,False,27,MASK|MASK|MASK|MASK|MASK|MASK|MASK|MASK|MASK|MASK|MASK|MASK|MASK|MatchPhraseQueryBuilder|NAME|MASK|MASK|MASK|MASK|MASK|MASK|MASK|MASK|MASK|MASK|MASK|MASK,[MASK]<｜end▁of▁sentence｜>,"[MASK]<｜end▁of▁sentence｜>|[MASK]<｜end▁of▁sentence｜>|[MASK]<｜end▁of▁sentence｜>|[MASK]<｜end▁of▁sentence｜>|[MASK]<｜end▁of▁sentence｜>| [MASK]<｜end▁of▁sentence｜>|MASK<｜end▁of▁sentence｜>| [MASK ] = [MASK] ;
        return this;
    }

|MASK<｜end▁of▁sentence｜>|[MASK]<｜end▁of▁sentence｜>|[MASK]<｜end▁of▁sentence｜>|[MASK ] = ZeroTermsQueryOption.readFromString( [MASK ]|MASK<｜end▁of▁sentence｜>|MatchPhraseQueryBuilder.this;
    }

    public MatchPhraseQueryBuilder|NAME , fieldName, value,  MASK<｜end▁of▁sentence｜>|[MASK]<｜end▁of▁sentence｜>| MASK<｜end▁of▁sentence｜>| MASK  != null
            &&  MASK<｜end▁of▁sentence｜>| MASK<｜end▁of▁sentence｜>| MASK<｜end▁of▁sentence｜>| MASK<｜end▁of▁sentence｜>| MASK<｜end▁of▁sentence｜>|[MASK]<｜end▁of▁sentence｜>|[MASK]<｜end▁of▁sentence｜>| MASK<｜end▁of▁sentence｜>| MASK<｜end▁of▁sentence｜>| MASK<｜end▁of▁sentence｜>",
771,legal,retained,False,8,retained|legal||||legal|ArgumentException|ArgumentException,"retained and which are
 * escaped.
 *
 * <p>The {@code application","retained and which are
 * escaped.
 *
 * <p>The {@code application|legal <｜end▁of▁sentence｜>| <｜end▁of▁sentence｜>| <｜end▁of▁sentence｜>|  <｜end▁of▁sentence｜>|legal<｜end▁of▁sentence｜>|ArgumentException on invalid
     *     escape sequences; false to replace them with the replacement
     *|ArgumentException(""Invalid % sequence at "" + i + "": "" + s);
                    } else",
772,searchLookup,MASK,False,6,MASK|MASK|MASK|MASK|MASK|MASK,[MASK]<｜end▁of▁sentence｜>,[MASK]<｜end▁of▁sentence｜>|[MASK]<｜end▁of▁sentence｜>| MASK<｜end▁of▁sentence｜>|[MASK ]<｜end▁of▁sentence｜>|MASK<｜end▁of▁sentence｜>| MASK<｜end▁of▁sentence｜>,
773,routingTable,routingTable,True,5,routingTable|routingTable|routingTable|state|get,     routingTable<｜end▁of▁sentence｜>,"     routingTable<｜end▁of▁sentence｜>|routingTable(routingTable)
            . [MASK]<｜end▁of▁sentence｜>|routingTable<｜end▁of▁sentence｜>|state<｜end▁of▁sentence｜>|get<｜end▁of▁sentence｜>",
774,vVector,MASK,False,12,MASK|MASK|MASK|MASK|MASK|MASK|MASK|MASK|MASK|MASK|MASK|MASK,[MASK]<｜end▁of▁sentence｜>,"[MASK]<｜end▁of▁sentence｜>|[MASK]<｜end▁of▁sentence｜>|MASK , mask);
  }

  private void addRawInputMasked(Page|MASK  = vBlock.asVector();
    if ( MASK  == null) {|MASK<｜end▁of▁sentence｜>|MASK );
  }

  private void addRawVector(IntVector  [M|[MASK]<｜end▁of▁sentence｜>|MASK<｜end▁of▁sentence｜>|MASK .getInt(valuesPosition);
      MedianAbsoluteDeviationIntAggregator|MASK<｜end▁of▁sentence｜>|MASK<｜end▁of▁sentence｜>|MASK<｜end▁of▁sentence｜>",
775,consumer,MASK,False,6,MASK|MASK|MASK|MASK|MASK|MASK,[MASK]<｜end▁of▁sentence｜>,[MASK]<｜end▁of▁sentence｜>|[MASK]<｜end▁of▁sentence｜>|MASK<｜end▁of▁sentence｜>|[MASK]<｜end▁of▁sentence｜>| MASK<｜end▁of▁sentence｜>|MASK<｜end▁of▁sentence｜>,
776,prefix,MASK,False,2,MASK|MASK,"MASK
   <｜end▁of▁sentence｜>","MASK
   <｜end▁of▁sentence｜>|MASK
            + ""$""
            + scriptName
            + ""$""
",
777,blockFactory,MASK,False,3,MASK|MASK|MASK,[MASK]<｜end▁of▁sentence｜>,[MASK]<｜end▁of▁sentence｜>|MASK<｜end▁of▁sentence｜>|MASK<｜end▁of▁sentence｜>,
778,apiSecret,apiSecret,True,3,apiSecret|apiSecret|apiSecret,apiSecret<｜end▁of▁sentence｜>,"apiSecret<｜end▁of▁sentence｜>|apiSecret(apiSecret)
                .callback(""http://localhost:8080/|apiSecret<｜end▁of▁sentence｜>",
779,tests,},False,8,}|T00|dd||dfmt|d|if|lenient,"                            }
                        } catch (ParseException e) {
                            errln(""format "" +","                            }
                        } catch (ParseException e) {
                            errln(""format "" +|5T00:00:00Z"", ""z"", ""MST"", ""| dd qqqq"",      null),
                new TestMultiPatternMatchItem(false,|
        for (TestMultiPatternMatchItem item : items) {
            sdfmt.|dfmt.setLenient(item.leniency);
            d = sdfmt.|            d = sdfmt.parse(item.parseString, p);
            if (|                if (p.getErrorIndex() != -1)
                    continue;
               |/ lenient=""+item.leniency + "" should have failed"");
            }
",
780,itemOffset,MASK,False,13,MASK|MASK|MASK|MASK|MASK|MASK|MASK|MASK|MASK|MASK|MASK|MASK|MASK,"  MASK = itemIndex - 1;
      int itemIndex<｜end▁of▁sentence｜>","  MASK = itemIndex - 1;
      int itemIndex<｜end▁of▁sentence｜>|MASK  - 1];
      int nameAndTypeItemOffset;
      switch (|[MASK]  + 1));
          addConstantMemberReference(
              itemIndex,|MASK  , charBuffer),
              classReader.readUTF8(nameAndTypeItem|[MASK] ));
          break;
        case Symbol.CONSTANT_L|[MASK] , charBuffer),
              classReader.readUTF8( [MASK|MASK  + 2, charBuffer));
          break;
        case Symbol.CONST|MASK ));
          break;
        case Symbol.CONSTANT_UTF8_|[MASK]  + 1));
          nameAndTypeItemOffset =
              classReader|MASK  - 1),
              classReader.readClass(memberRefItemOffset,|MASK  + 1));
          addConstantDynamicOrInvokeDynamicReference(
              item| MASK  + 3));
          break;
        case Symbol.CONSTANT_REF| MASK , charBuffer));
          break;
        case Symbol.CONSTANT_AR",
781,listener,MASK,False,10,MASK|MASK|MASK|MASK|MASK|MASK|MASK|MASK|MASK|MASK,[MASK]<｜end▁of▁sentence｜>,[MASK]<｜end▁of▁sentence｜>|[MASK]<｜end▁of▁sentence｜>|[MASK]<｜end▁of▁sentence｜>|[MASK]<｜end▁of▁sentence｜>|MASK<｜end▁of▁sentence｜>| MASK<｜end▁of▁sentence｜>|MASK<｜end▁of▁sentence｜>|MASK<｜end▁of▁sentence｜>|MASK<｜end▁of▁sentence｜>| MASK<｜end▁of▁sentence｜>,
782,fmtpAttributes,MASK,False,18,MASK|MASK|MASK|MASK|MASK|MASK|MASK|MASK|MASK|MASK|MASK|MASK|MASK|MASK|MASK|MASK|MASK|MASK,[MASK]<｜end▁of▁sentence｜>,[MASK]<｜end▁of▁sentence｜>|[MASK]<｜end▁of▁sentence｜>|[MASK]<｜end▁of▁sentence｜>|[MASK]<｜end▁of▁sentence｜>|[MASK]<｜end▁of▁sentence｜>|[MASK]<｜end▁of▁sentence｜>| [MASK]<｜end▁of▁sentence｜>| MASK<｜end▁of▁sentence｜>|MASK<｜end▁of▁sentence｜>|MASK<｜end▁of▁sentence｜>|MASK<｜end▁of▁sentence｜>| MASK<｜end▁of▁sentence｜>|[MASK]<｜end▁of▁sentence｜>| MASK<｜end▁of▁sentence｜>|[MASK]<｜end▁of▁sentence｜>| MASK<｜end▁of▁sentence｜>|MASK<｜end▁of▁sentence｜>| MASK<｜end▁of▁sentence｜>,
783,request,request,True,4,request|request|request|request,request<｜end▁of▁sentence｜>,request<｜end▁of▁sentence｜>|request<｜end▁of▁sentence｜>|request<｜end▁of▁sentence｜>|request<｜end▁of▁sentence｜>,
784,password,MASK,False,6,MASK|MASK|MASK|MASK|MASK|MASK,[MASK]<｜end▁of▁sentence｜>,[MASK]<｜end▁of▁sentence｜>|[MASK]<｜end▁of▁sentence｜>|[MASK]<｜end▁of▁sentence｜>|MASK<｜end▁of▁sentence｜>|MASK<｜end▁of▁sentence｜>|MASK<｜end▁of▁sentence｜>,
785,srcSize,MASK,False,4,MASK|MASK|MASK|decodingInfo,[MASK]<｜end▁of▁sentence｜>,[MASK]<｜end▁of▁sentence｜>|MASK<｜end▁of▁sentence｜>|MASK<｜end▁of▁sentence｜>|decodingInfo.getTargetSize()<｜end▁of▁sentence｜>,
786,empty,MASK,False,9,MASK|MASK|MASK|MASK|MASK|MASK|MASK|MASK|forEach,"[MASK]  = new LinkedHashMap(0);
        assertNull(""Empty LinkedHash","[MASK]  = new LinkedHashMap(0);
        assertNull(""Empty LinkedHash|MASK .get(""nothing""));
         MASK .put(""something"", ""here"");
|MASK .put(""something"", ""here"");
        assertTrue(""cannot get element"", |MASK .get(""something"") == ""here"");

        LinkedHashMap  [M|MASK  = new LinkedHashMap(0, 0.75f);
        assert|MASK .get(""nothing""));
         MASK .put(""something"", ""here"");
|MASK .put(""something"", ""here"");
        assertTrue(""cannot get element"", |MASK .get(""something"") == ""here"");
    }

    /**
    |forEach(new java.util.function.Consumer<String>() {
                    @Override
",
787,setterFunc,MASK,False,3,MASK|MASK|MASK,[MASK]<｜end▁of▁sentence｜>,[MASK]<｜end▁of▁sentence｜>|MASK<｜end▁of▁sentence｜>|MASK <｜end▁of▁sentence｜>,
788,outputBlock,MASK,False,13,MASK|MASK||MASK|Builder|MASK|MASK|MASK|MASK|MASK|MASK|MASK|MASK,[MASK]<｜end▁of▁sentence｜>,"[MASK]<｜end▁of▁sentence｜>|[MASK]<｜end▁of▁sentence｜>| <｜end▁of▁sentence｜>|MASK<｜end▁of▁sentence｜>|Builder);
        Releasables.close(bytesRefBuilder);
    }

|[MASK]<｜end▁of▁sentence｜>|[MASK]<｜end▁of▁sentence｜>|MASK<｜end▁of▁sentence｜>|MASK<｜end▁of▁sentence｜>|MASK<｜end▁of▁sentence｜>|MASK<｜end▁of▁sentence｜>|MASK <｜end▁of▁sentence｜>| MASK<｜end▁of▁sentence｜>",
789,additionalMatcherName,mask,False,3,mask|mask|mask,"   mask
                             <｜end▁of▁sentence｜>","   mask
                             <｜end▁of▁sentence｜>|mask<｜end▁of▁sentence｜>|   mask<｜end▁of▁sentence｜>",
790,names,MASK,False,2,MASK|MASK,MASK<｜end▁of▁sentence｜>,MASK<｜end▁of▁sentence｜>|MASK<｜end▁of▁sentence｜>,
791,order,MASK,False,5,MASK|MASK|MASK|MASK|MASK,[MASK]<｜end▁of▁sentence｜>,[MASK]<｜end▁of▁sentence｜>|[MASK]<｜end▁of▁sentence｜>|MASK<｜end▁of▁sentence｜>|MASK<｜end▁of▁sentence｜>|MASK<｜end▁of▁sentence｜>,
792,delegate,MASK,False,6,MASK|MASK|MASK|MASK|MASK|MASK,[MASK]<｜end▁of▁sentence｜>,[MASK]<｜end▁of▁sentence｜>|[MASK]<｜end▁of▁sentence｜>|  [MASK]<｜end▁of▁sentence｜>|[MASK]<｜end▁of▁sentence｜>|MASK<｜end▁of▁sentence｜>| MASK<｜end▁of▁sentence｜>,
793,julyStr,},False,3,}|fmt|d,"    }

    /**
     * Verify the correct behavior when parsing an array of","    }

    /**
     * Verify the correct behavior when parsing an array of| fmt.toPattern() + "" -> "" + d);
            if (!d.equals| "" -> "" + d);
            if (!d.equals(expected))
                err",
794,healthMetadata,metadata,False,2,metadata|metadata,  metadata<｜end▁of▁sentence｜>,"  metadata<｜end▁of▁sentence｜>|metadata
           <｜end▁of▁sentence｜>",
795,builders,MASK,False,4,MASK|MASK|MASK|MASK,[MASK]<｜end▁of▁sentence｜>,"[MASK]<｜end▁of▁sentence｜>|[MASK]<｜end▁of▁sentence｜>|MASK<｜end▁of▁sentence｜>| MASK );
        indicesAdmin().refresh(new RefreshRequest(idxName)).action",
796,bootstrapMethodArguments,return,False,11,return|null|hashCode|already|entry|tag|newLabelTable|labelEntries|value|final|return,"   * @return a new or already existing Symbol with the given value.
   */
 ","   * @return a new or already existing Symbol with the given value.
   */
 | != null) {
      if (entry.tag == Symbol.TYPE_TAG && entry| == hashCode && entry.value.equals(value)) {
        return entry.index;| already existing type Symbol with the given value.
   */
  int addUninitializedType| entry = get(hashCode);
    while (entry != null) {
      if|tag == Symbol.UNINITIALIZED_TYPE_TAG
          && entry.hash| = newLabelTable;
    }
    labelEntry = new LabelEntry(label, label|    labelEntries[index] = labelEntry;
    labelTable[labelCount++]| (value >> 32));
  }

  private static int hash(final int|, final String name, final String descriptor) {
    return 0x7FFFFFFF|    return 0x7FFFFFFF & (tag + value1.hashCode() *",
797,parentClass,MASK,False,7,MASK|MASK|MASK|MASK|MASK|MASK|MASK,[MASK]<｜end▁of▁sentence｜>,[MASK]<｜end▁of▁sentence｜>| [MASK]<｜end▁of▁sentence｜>|[MASK]<｜end▁of▁sentence｜>|MASK<｜end▁of▁sentence｜>|[MASK]<｜end▁of▁sentence｜>|MASK<｜end▁of▁sentence｜>|MASK<｜end▁of▁sentence｜>,
798,other,MASK,False,2,MASK|MASK,[MASK]<｜end▁of▁sentence｜>,[MASK]<｜end▁of▁sentence｜>|MASK<｜end▁of▁sentence｜>,
799,drmSessionManagerProvider,MASK,False,6,MASK|MASK|MASK|MASK|MASK|MASK,"[MASK] ;
    private LoadErrorHandlingPolicy loadErrorHandlingPolicy;
","[MASK] ;
    private LoadErrorHandlingPolicy loadErrorHandlingPolicy;
|  [MASK ]<｜end▁of▁sentence｜>|[MASK]<｜end▁of▁sentence｜>| MASK<｜end▁of▁sentence｜>|   MASK<｜end▁of▁sentence｜>| MASK ,
          loadErrorHandlingPolicy,
          playlistTrackerFactory.create",
800,usedBuiltInAnalyzers,MASK,False,15,MASK|usedAnalyzerTypes|usedAnalyzerTypes|usedBuiltInAnalyzers|MASK|usedBuiltInAnalyzers|usedBuiltInAnalyzers|usedBuiltInAnalyzers|MASK|MASK|usedBuiltInAnalyzers|MASK|usedBuiltInAnalyzers|MASK|MASK, [MASK]<｜end▁of▁sentence｜>," [MASK]<｜end▁of▁sentence｜>|usedAnalyzerTypes.keySet().removeAll(analyzerSettings.keySet());
               |usedAnalyzerTypes
                           <｜end▁of▁sentence｜>|usedBuiltInAnalyzers<｜end▁of▁sentence｜>|[MASK]<｜end▁of▁sentence｜>|usedBuiltInAnalyzers<｜end▁of▁sentence｜>|usedBuiltInAnalyzers<｜end▁of▁sentence｜>|usedBuiltInAnalyzers<｜end▁of▁sentence｜>|[MASK]<｜end▁of▁sentence｜>|[MASK]<｜end▁of▁sentence｜>|usedBuiltInAnalyzers<｜end▁of▁sentence｜>|[MASK]<｜end▁of▁sentence｜>|usedBuiltInAnalyzers<｜end▁of▁sentence｜>| MASK<｜end▁of▁sentence｜>|MASK<｜end▁of▁sentence｜>",
801,builder,MASK,False,4,MASK|MASK|MASK|MASK,[MASK]<｜end▁of▁sentence｜>,"[MASK]<｜end▁of▁sentence｜>|[MASK]<｜end▁of▁sentence｜>|MASK<｜end▁of▁sentence｜>|MASK
                   <｜end▁of▁sentence｜>",
802,matcher,,False,4,|MASK|MASK|MASK, <｜end▁of▁sentence｜>, <｜end▁of▁sentence｜>|[MASK]<｜end▁of▁sentence｜>|MASK<｜end▁of▁sentence｜>|MASK<｜end▁of▁sentence｜>,
803,counter,MASK,False,4,MASK|MASK|MASK|MASK,[MASK]<｜end▁of▁sentence｜>,[MASK]<｜end▁of▁sentence｜>|[MASK]<｜end▁of▁sentence｜>|MASK<｜end▁of▁sentence｜>|MASK<｜end▁of▁sentence｜>,
804,mediaPeriod,*/ /*,False,3,*/ /*|MASK|MASK,*/ /*<｜end▁of▁sentence｜>,*/ /*<｜end▁of▁sentence｜>|[MASK]<｜end▁of▁sentence｜>|MASK<｜end▁of▁sentence｜>,
805,responseHeaders,MASK,False,8,MASK|MASK|MASK|MASK|MASK|MASK|MASK|MASK,[MASK]<｜end▁of▁sentence｜>,[MASK]<｜end▁of▁sentence｜>|[MASK]<｜end▁of▁sentence｜>|[MASK]<｜end▁of▁sentence｜>|MASK<｜end▁of▁sentence｜>|[MASK]<｜end▁of▁sentence｜>|MASK<｜end▁of▁sentence｜>|MASK<｜end▁of▁sentence｜>|MASK<｜end▁of▁sentence｜>,
806,oldtz,leden,False,2,leden|kv,"1 01 0:00:00"", ""leden"",   ""1","1 01 0:00:00"", ""leden"",   ""1|05 01 0:00:00"", ""kv\u0",
807,buyPrice,MASK,False,12,MASK|MASK|MASK|MASK|MASK|MASK|MASK|MASK|MASK|MASK|MASK|MASK,[MASK] <｜end▁of▁sentence｜>,[MASK] <｜end▁of▁sentence｜>|[MASK]<｜end▁of▁sentence｜>|[MASK]<｜end▁of▁sentence｜>|MASK<｜end▁of▁sentence｜>|[MASK]<｜end▁of▁sentence｜>| MASK<｜end▁of▁sentence｜>|MASK<｜end▁of▁sentence｜>|MASK<｜end▁of▁sentence｜>|[MASK]<｜end▁of▁sentence｜>|MASK <｜end▁of▁sentence｜>|MASK<｜end▁of▁sentence｜>|MASK<｜end▁of▁sentence｜>,
808,activityInfo,MASK,False,4,MASK|MASK|MASK|MASK, [MASK]<｜end▁of▁sentence｜>, [MASK]<｜end▁of▁sentence｜>| MASK<｜end▁of▁sentence｜>|[MASK]<｜end▁of▁sentence｜>|MASK<｜end▁of▁sentence｜>,
809,duration,elapsedTime,False,3,elapsedTime|is|elapsedTime,elapsedTime<｜end▁of▁sentence｜>,"elapsedTime<｜end▁of▁sentence｜>|is a very rough estimate, as it<｜end▁of▁sentence｜>|elapsedTime
           <｜end▁of▁sentence｜>",
810,limit,pos,False,4,pos|the||mt,"pos.setBeginIndex(0);
                fpos.setEndIndex(0);
","pos.setBeginIndex(0);
                fpos.setEndIndex(0);
|, the
                // formatter should use the calendar type used by the
                // formatter|
                calendars[j].setTimeZone(gmt);
                calendars|mt);
                calendars[j].clear();
                ppos.setErrorIndex",
811,settingValue,MASK,False,12,MASK|MASK|MASK|MASK|MASK|MASK|MASK|MASK|MASK|MASK|MASK|MASK,[MASK]<｜end▁of▁sentence｜>,"[MASK]<｜end▁of▁sentence｜>|[MASK]<｜end▁of▁sentence｜>|MASK<｜end▁of▁sentence｜>|[MASK]<｜end▁of▁sentence｜>|MASK<｜end▁of▁sentence｜>|[MASK] ,
            Property.Deprecated
        );
        criticalDeprecatedSetting| MASK<｜end▁of▁sentence｜>|MASK<｜end▁of▁sentence｜>|[MASK]<｜end▁of▁sentence｜>|[MASK]<｜end▁of▁sentence｜>| MASK<｜end▁of▁sentence｜>|MASK<｜end▁of▁sentence｜>",
812,dirtyType,MASK,False,3,MASK|MASK|MASK,MASK = isChanged ? DirtyType.CHANGE : DirtyType.DIRTY;,MASK = isChanged ? DirtyType.CHANGE : DirtyType.DIRTY;|MASK<｜end▁of▁sentence｜>|MASK<｜end▁of▁sentence｜>,
813,position,groupCount,False,2,groupCount|DoubleBlock,groupCount<｜end▁of▁sentence｜>,groupCount<｜end▁of▁sentence｜>|DoubleBlock.class<｜end▁of▁sentence｜>,
814,className,MASK,False,12,MASK|MASK|MASK|MASK|MASK|MASK|MASK|MASK|MASK|MASK|MASK|MASK,[MASK]<｜end▁of▁sentence｜>,[MASK]<｜end▁of▁sentence｜>|[MASK]<｜end▁of▁sentence｜>|MASK<｜end▁of▁sentence｜>|[MASK]<｜end▁of▁sentence｜>|[MASK]<｜end▁of▁sentence｜>|MASK<｜end▁of▁sentence｜>|MASK <｜end▁of▁sentence｜>|MASK<｜end▁of▁sentence｜>|MASK<｜end▁of▁sentence｜>|MASK<｜end▁of▁sentence｜>|MASK<｜end▁of▁sentence｜>| MASK<｜end▁of▁sentence｜>,
815,namedXContentRegistry,MASK,False,8,MASK|MASK|MASK|MASK|MASK|MASK|MASK|MASK, [MASK]<｜end▁of▁sentence｜>," [MASK]<｜end▁of▁sentence｜>|[MASK] ,
                    clusterService,
                    bigArrays,
                    recoverySettings|[MASK]<｜end▁of▁sentence｜>| MASK , clusterService, bigArrays, recoverySettings);
            this.delayFn =|[MASK]<｜end▁of▁sentence｜>| MASK ,
                    clusterService,
                    bigArrays,
                    recoverySettings,
|MASK ,
            ClusterService clusterService,
            BigArrays bigArrays,| MASK , clusterService, bigArrays, recoverySettings);
            this.beforeResponseRun",
816,fieldType,fieldType,True,2,fieldType|SimpleDateFormat,"fieldType, int features) throws IOException {
        if (object == null) {
           ","fieldType, int features) throws IOException {
        if (object == null) {
           |SimpleDateFormat.class) {
                    out.write('{');
                    out.write",
817,ruleContext,MASK,False,9,MASK|MASK|MASK|MASK||MASK||MASK|getConfigConditions,[MASK]<｜end▁of▁sentence｜>,"[MASK]<｜end▁of▁sentence｜>|  [MASK]<｜end▁of▁sentence｜>|MASK<｜end▁of▁sentence｜>| [MASK]<｜end▁of▁sentence｜>| <｜end▁of▁sentence｜>|[MASK]<｜end▁of▁sentence｜>|
          MASK .getRequiredConfigFragments() != null
              ? Required|  MASK .getActionLookupKeyFactory()
               .create(
                   MASK|.getConfigConditions());
  }

  /**
   * Constructs an {@",
818,inputFile,MASK,False,10,MASK|MASK|MASK|MASK|MASK|MASK|MASK|MASK|MASK|MASK,[MASK]<｜end▁of▁sentence｜>,[MASK]<｜end▁of▁sentence｜>|[MASK]<｜end▁of▁sentence｜>|[MASK]<｜end▁of▁sentence｜>| MASK<｜end▁of▁sentence｜>|[MASK]<｜end▁of▁sentence｜>|MASK<｜end▁of▁sentence｜>|MASK<｜end▁of▁sentence｜>|MASK<｜end▁of▁sentence｜>|MASK<｜end▁of▁sentence｜>|MASK<｜end▁of▁sentence｜>,
819,predOwner,predOwner,True,3,predOwner|this|predOwner,predOwner<｜end▁of▁sentence｜>,"predOwner<｜end▁of▁sentence｜>|this , predOwner<｜end▁of▁sentence｜>|predOwner<｜end▁of▁sentence｜>",
820,annotation,annotation,True,9,annotation|MASK|MASK|MASK|MASK|MASK|MASK|MASK|MASK,annotation.<｜end▁of▁sentence｜>,annotation.<｜end▁of▁sentence｜>|[MASK]<｜end▁of▁sentence｜>|MASK<｜end▁of▁sentence｜>|[MASK]<｜end▁of▁sentence｜>|MASK<｜end▁of▁sentence｜>|[MASK]<｜end▁of▁sentence｜>| MASK<｜end▁of▁sentence｜>|MASK<｜end▁of▁sentence｜>|MASK<｜end▁of▁sentence｜>,
821,serializeTestFail,Item,False,10,"Item|September|dd|20""),|yyyy|Sun|yyyy|Tuesday|Sep|Sun","Item(false,      ""2013-Sep 13"",                ""yyyy","Item(false,      ""2013-Sep 13"",                ""yyyy|3-September 17"",          ""yyyy-MMMM dd"",         ""2| dd"",          ""2013-Sep 17""),
                new TestMulti| 20""),
                new TestMultiPatternMatchItem(true,       ""201|         ""yyyy EEE MMM dd"",      ""2013 Sun Sep | Sun Sep 22""),
                new TestMultiPatternMatchItem(false,      ""2| ""yyyy EEE MMM dd"",      ""2013 Tue Sep |13 Tuesday Sep 24""),
                new TestMultiPatternMatchItem(true,      | Sep 26"",            ""yyyy eee MMM dd"",      ""20|3 Sun Sep 29""),
                new TestMultiPatternMatchItem(true,       """,
822,services,services,True,3,services|services|services,"services to try in provider selection
    // null once provider is selected
    private Iterator<","services to try in provider selection
    // null once provider is selected
    private Iterator<|services =
                GetInstance.getServices(""KeyAgreement"", algorithm);
        // make|services.iterator();
        while (t.hasNext()) {
            Service s = t",
823,onlyIfAbsent,a,False,3,a|.|," (a.length > size) {
            a[size] = null;
        }"," (a.length > size) {
            a[size] = null;
        }|.
     *
     * @param a an array to fill with keys
     * @|
    /**
     * Returns a {@link Collection} view of the values contained in this map",
824,annotation,MASK,False,11,MASK|MASK|MASK|MASK|MASK|MASK|MASK|MASK|MASK|MASK|MASK,[MASK]<｜end▁of▁sentence｜>,[MASK]<｜end▁of▁sentence｜>|MASK<｜end▁of▁sentence｜>|MASK<｜end▁of▁sentence｜>|[MASK]<｜end▁of▁sentence｜>|  MASK<｜end▁of▁sentence｜>|MASK<｜end▁of▁sentence｜>|MASK<｜end▁of▁sentence｜>|[MASK]<｜end▁of▁sentence｜>|MASK<｜end▁of▁sentence｜>|[MASK]<｜end▁of▁sentence｜>|MASK<｜end▁of▁sentence｜>,
825,snapshotMetrics,MASK,False,2,MASK|MASK,[MASK]<｜end▁of▁sentence｜>,[MASK]<｜end▁of▁sentence｜>|MASK<｜end▁of▁sentence｜>,
826,backingIndices,MASK,False,4,MASK|MASK|MASK|MASK,   [MASK]<｜end▁of▁sentence｜>,   [MASK]<｜end▁of▁sentence｜>|[MASK]<｜end▁of▁sentence｜>|MASK<｜end▁of▁sentence｜>|MASK<｜end▁of▁sentence｜>,
827,bound,bound,True,2,bound|bounds,bound of the<｜end▁of▁sentence｜>,bound of the<｜end▁of▁sentence｜>|bounds<｜end▁of▁sentence｜>,
828,token,MASK,False,3,MASK|MASK|MASK,[MASK] <｜end▁of▁sentence｜>,[MASK] <｜end▁of▁sentence｜>|MASK<｜end▁of▁sentence｜>|MASK<｜end▁of▁sentence｜>,
829,amountX,amountX,True,38,amountX|MASK|MASK|MASK|MASK|MASK|MASK|velocityX|velocityX|MASK|MASK|MASK|MASK|MASK|MASK|MASK|MASK|MASK|MASK|MASK|MASK|MASK|MASK|MASK|MASK|y|width||;|MASK|MASK|;|MASK|MASK|MASK|MASK|MASK|MASK,"amountX, amountY;
	float visualAmountX, visualAmountY;
	float","amountX, amountY;
	float visualAmountX, visualAmountY;
	float| [MASK]  + actorArea.width * (x < hKnobBounds.x ?|[MASK]<｜end▁of▁sentence｜>|[MASK]  + getMouseWheelX() * scrollAmountX);
				} else| [MASK]<｜end▁of▁sentence｜>| MASK , 0, maxX));
		scrollY(overscrollY ?|MASK  -= velocityX * alpha * delta;
			amountY -= velocity|(velocityX > 0 &&  [MASK]  >= maxX + overscroll|velocityX  > overscrollDistance) velocityX = 0;
			if (amount|[MASK] ) {
				if (visualAmountX <  [MASK] )|[MASK] )
					visualScrollX(Math.min( [MASK| [MASK ] , visualAmountX + Math.max(200 * delta, (| MASK  - visualAmountX) * 7 * delta)))
				else
					| MASK , visualAmountX - Math.max(200 * delta, (visual| MASK<｜end▁of▁sentence｜>| MASK ) visualScrollX( [MASK] );
			if (visualAmountY| MASK );
			if (visualAmountY != amountY) visualScrollY(| MASK  < 0) {
					setScrollbarsVisible(true);
					 [|[MASK] <｜end▁of▁sentence｜>| MASK ) / overscrollDistance)
						* delta;
					if ( [M| MASK  > 0) scrollX(0);
					animating = true;
| MASK<｜end▁of▁sentence｜>|MASK  -= (overscrollSpeedMin
						+ (overscrollSpeedMax| MASK ) / overscrollDistance) * delta;
					if ( MASK  < max| MASK  < maxX) scrollX(maxX);
					animating = true;| y, touchable);
	}

	public void setScrollX (float amount) {
|width, actorArea.height)) {
			drawDebugChildren(shapes);
		|

//core/src/com/badlogic/gdx/scenes/scene|;
		visualAmountY = amountY;
	}

	/** Sets the visual| [MASK]<｜end▁of▁sentence｜>|[MASK]<｜end▁of▁sentence｜>| ;
		float  MASK  = this. <｜end▁of▁sentence｜>|[MASK]<｜end▁of▁sentence｜>|MASK<｜end▁of▁sentence｜>| MASK <｜end▁of▁sentence｜>| MASK<｜end▁of▁sentence｜>|MASK<｜end▁of▁sentence｜>|MASK<｜end▁of▁sentence｜>",
830,context,MASK,False,16,MASK|MASK|MASK|MASK|MASK|MASK|MASK|MASK|MASK|MASK|MASK||MASK|MASK|MASK|fieldName,[MASK]<｜end▁of▁sentence｜>,"[MASK]<｜end▁of▁sentence｜>|[MASK]<｜end▁of▁sentence｜>| MASK<｜end▁of▁sentence｜>| [MASK]<｜end▁of▁sentence｜>| MASK<｜end▁of▁sentence｜>|[MASK]<｜end▁of▁sentence｜>| [MASK]<｜end▁of▁sentence｜>| MASK<｜end▁of▁sentence｜>|[MASK]<｜end▁of▁sentence｜>|[MASK]<｜end▁of▁sentence｜>|MASK<｜end▁of▁sentence｜>| <｜end▁of▁sentence｜>| MASK<｜end▁of▁sentence｜>|[MASK]<｜end▁of▁sentence｜>|MASK<｜end▁of▁sentence｜>|fieldName,
                          MASK<｜end▁of▁sentence｜>",
831,bucket,MASK,False,11,MASK|MASK|MASK|MASK|MASK||B|MASK|||threshold,[MASK] bucket<｜end▁of▁sentence｜>,"[MASK] bucket<｜end▁of▁sentence｜>|[MASK] .zeroThreshold(), equalTo(3.0));
        assertThat(|MASK .count(), equalTo(10L));
        assertThat( MASK .is|[MASK]<｜end▁of▁sentence｜>|[MASK]<｜end▁of▁sentence｜>| <｜end▁of▁sentence｜>|B);
        assertThat(merged.zeroThreshold(), equalTo(3.0));|[MASK]
            , b -> b.scale(0).setPositiveB|  <｜end▁of▁sentence｜>|<｜end▁of▁sentence｜>|threshold of the two<｜end▁of▁sentence｜>",
832,workerOutputStream,MASK,False,15,MASK|MASK|MASK|MASK|MASK|MASK|MASK|MASK|MASK|MASK|MASK|MASK|MASK|MASK|MASK,[MASK]<｜end▁of▁sentence｜>,[MASK]<｜end▁of▁sentence｜>|[MASK]<｜end▁of▁sentence｜>|[MASK]<｜end▁of▁sentence｜>|[MASK]<｜end▁of▁sentence｜>|[MASK]<｜end▁of▁sentence｜>|MASK<｜end▁of▁sentence｜>|[MASK]<｜end▁of▁sentence｜>|[MASK]<｜end▁of▁sentence｜>|[MASK]<｜end▁of▁sentence｜>|MASK<｜end▁of▁sentence｜>|MASK<｜end▁of▁sentence｜>|MASK<｜end▁of▁sentence｜>|[MASK]<｜end▁of▁sentence｜>|MASK<｜end▁of▁sentence｜>|MASK<｜end▁of▁sentence｜>,
833,attribute,*;,False,3,*;|*; .*;|attribute,"*;
import proguard.classfile.attribute.*;
import proguard.classfile.","*;
import proguard.classfile.attribute.*;
import proguard.classfile.|*; .*;
import proguard.classfile.attribute.*;
import proguard.|attribute) {}


    public void visitCodeAttribute(Clazz clazz, Field field",
834,docIds,MASK,False,4,MASK|MASK|MASK|MASK,[MASK]<｜end▁of▁sentence｜>,"[MASK]<｜end▁of▁sentence｜>|MASK.add(i);
                docsBuilder
                   <｜end▁of▁sentence｜>|MASK<｜end▁of▁sentence｜>|MASK<｜end▁of▁sentence｜>",
835,allocator,allocator,True,2,allocator|allocator,"allocator, long startPositionUs) {
    return createPeriodInternal(id, allocator","allocator, long startPositionUs) {
    return createPeriodInternal(id, allocator|allocator,
        id,
        /* mediaPeriodId= */ id,
        /*",
836,response,MASK,False,3,MASK|MASK|MASK,[MASK]<｜end▁of▁sentence｜>,[MASK]<｜end▁of▁sentence｜>|[MASK]<｜end▁of▁sentence｜>|MASK<｜end▁of▁sentence｜>,
837,valuePerShardCounter,MASK,False,4,MASK|MASK|MASK|MASK,[MASK]<｜end▁of▁sentence｜>,[MASK]<｜end▁of▁sentence｜>|[MASK]<｜end▁of▁sentence｜>|MASK<｜end▁of▁sentence｜>| MASK<｜end▁of▁sentence｜>,
838,expectedKeys,expectedKeys,True,3,expectedKeys|expectedKeys|expectedKeys,expectedKeys<｜end▁of▁sentence｜>,expectedKeys<｜end▁of▁sentence｜>|expectedKeys<｜end▁of▁sentence｜>|expectedKeys<｜end▁of▁sentence｜>,
839,stats,MASK,False,4,MASK|MASK|stats|MASK,[MASK]<｜end▁of▁sentence｜>,[MASK]<｜end▁of▁sentence｜>|[MASK]<｜end▁of▁sentence｜>|stats/docs?human&include_segments=true&include_flush<｜end▁of▁sentence｜>|MASK<｜end▁of▁sentence｜>,
840,myMap,hm2,False,3,hm2|hm2|hm2,"hm2 = new HashMap();
        for (int i = 0; i < h","hm2 = new HashMap();
        for (int i = 0; i < h|   hm2.put(new Integer(counter), new Integer(counter));
        Linked|hm2 );
        for (int counter = 0; counter < hmSize; counter",
841,descriptor,MASK,False,12,MASK|MASK|MASK|MASK|MASK|MASK|MASK|MASK|MASK|MASK|MASK|MASK,[MASK]<｜end▁of▁sentence｜>,"[MASK]<｜end▁of▁sentence｜>|[MASK]<｜end▁of▁sentence｜>|[MASK] 
     *    <｜end▁of▁sentence｜>|[MASK]<｜end▁of▁sentence｜>|[MASK]  is not shown.
     * @since 2.12
|MASK<｜end▁of▁sentence｜>|[MASK]<｜end▁of▁sentence｜>|MASK<｜end▁of▁sentence｜>|[MASK]<｜end▁of▁sentence｜>|[MASK]<｜end▁of▁sentence｜>|MASK<｜end▁of▁sentence｜>|MASK<｜end▁of▁sentence｜>",
842,runnable,MASK,False,4,MASK|MASK|MASK|MASK,[MASK]<｜end▁of▁sentence｜>,[MASK]<｜end▁of▁sentence｜>|MASK<｜end▁of▁sentence｜>|MASK<｜end▁of▁sentence｜>|MASK<｜end▁of▁sentence｜>,
843,get_nf,u8FB0,False,2,u8FB0|u6708,u8FB0\u5E74\u56DB\u67,"u8FB0\u5E74\u56DB\u67|u6708\u521D\u4E8C"",
                                                                ",
844,fields,MASK,False,17,MASK|in|MergeState|MASK|MASK|MASK|MASK|MASK|MASK|MASK|MASK|MASK|MASK|MASK|in|filtered|filtered,[MASK] <｜end▁of▁sentence｜>,"[MASK] <｜end▁of▁sentence｜>|in     The  [MASK]  to restrict.
     * @param  [M|MergeState instance to copy.
     * @param  [MASK]  The fields|MASK .
     *<｜end▁of▁sentence｜>|[MASK]<｜end▁of▁sentence｜>| [MASK]<｜end▁of▁sentence｜>|[MASK]<｜end▁of▁sentence｜>| [MASK]<｜end▁of▁sentence｜>| MASK<｜end▁of▁sentence｜>|[MASK]<｜end▁of▁sentence｜>|[MASK]<｜end▁of▁sentence｜>| MASK<｜end▁of▁sentence｜>|[MASK]<｜end▁of▁sentence｜>| MASK<｜end▁of▁sentence｜>|in. MASK<｜end▁of▁sentence｜>|filtered* fields<｜end▁of▁sentence｜>|filtered<｜end▁of▁sentence｜>",
845,timeout,e,False,19,e|MASK|MASK|MASK|MASK|MASK|MASK|MASK|MASK|MASK|MASK|MASK|MASK|MASK|MASK|MASK|MASK|MASK|MASK,"e) {
 *           // stopping timed out
 *         }
 *       }
","e) {
 *           // stopping timed out
 *         }
 *       }
|[MASK]  the maximum time to wait
   * @throws TimeoutException if not|[MASK] ) throws TimeoutException {
    awaitHealthy(toNanos| [MASK] ), NANOSECONDS);
  }

  /**
|[MASK]  the maximum time to wait
   * @param unit the time unit of| [MASK]  argument
   * @throws TimeoutException if not all of the services|[MASK]<｜end▁of▁sentence｜>| MASK , unit);
  }

  /**
   * Waits for the {@|[MASK]<｜end▁of▁sentence｜>|MASK ) throws TimeoutException {
    awaitStopped(toNanosSatur| MASK<｜end▁of▁sentence｜>|[MASK]<｜end▁of▁sentence｜>| MASK  argument
   * @throws TimeoutException if not all of the services have stopped|[MASK]<｜end▁of▁sentence｜>| MASK , unit);
  }

  /**
   * Returns a set of all|[MASK]<｜end▁of▁sentence｜>| MASK<｜end▁of▁sentence｜>|[MASK]<｜end▁of▁sentence｜>| MASK<｜end▁of▁sentence｜>",
846,loader,MASK,False,10,MASK|MASK|MASK|MASK|MASK|MASK|MASK|MASK|MASK|MASK,[MASK]<｜end▁of▁sentence｜>,[MASK]<｜end▁of▁sentence｜>|[MASK]<｜end▁of▁sentence｜>|[MASK]<｜end▁of▁sentence｜>|[MASK]<｜end▁of▁sentence｜>|[MASK]<｜end▁of▁sentence｜>|MASK<｜end▁of▁sentence｜>|[MASK]<｜end▁of▁sentence｜>|MASK<｜end▁of▁sentence｜>|MASK<｜end▁of▁sentence｜>|MASK<｜end▁of▁sentence｜>,
847,newReplica,MASK,False,15,MASK|MASK|getTranslog|MASK|MASK|MASK|MASK|MASK|MASK|MASK|MASK|MASK|replica|MASK|MASK,[MASK]  = shards.addReplicaWithExistingPath(orgPrimary.sh,"[MASK]  = shards.addReplicaWithExistingPath(orgPrimary.sh|MASK );
            // file based recovery should be made
            assertThat( MASK .re|getTranslog(orgReplica).newSnapshot()
            ) {
                assertThat(snap|[MASK]<｜end▁of▁sentence｜>|MASK<｜end▁of▁sentence｜>|[MASK] .recoveryState().getTranslog().recoveredOperations(), equalTo| MASK<｜end▁of▁sentence｜>| MASK<｜end▁of▁sentence｜>| MASK<｜end▁of▁sentence｜>|MASK<｜end▁of▁sentence｜>|MASK<｜end▁of▁sentence｜>|MASK<｜end▁of▁sentence｜>|replica.indexSettings().isSoftDeleteEnabled() || replica.indexSettings().isSoftDe| MASK<｜end▁of▁sentence｜>| MASK .recoveryState().getIndex().fileDetails(), not(empty()));
        }",
848,request,,False,7,|MASK|MASK|request|request|request|request, <｜end▁of▁sentence｜>," <｜end▁of▁sentence｜>|[MASK]<｜end▁of▁sentence｜>|MASK<｜end▁of▁sentence｜>|request<｜end▁of▁sentence｜>|   request.addQuerystringParameter(""api_key"", apiKey)
                   <｜end▁of▁sentence｜>|request<｜end▁of▁sentence｜>|request<｜end▁of▁sentence｜>",
849,e1size,e1size,True,2,e1size|e1size,  e1size<｜end▁of▁sentence｜>,"  e1size<｜end▁of▁sentence｜>|e1size
                  <｜end▁of▁sentence｜>",
850,field,key,False,5,key|MASK|MASK|MASK|MASK,key <｜end▁of▁sentence｜>,key <｜end▁of▁sentence｜>|[MASK]<｜end▁of▁sentence｜>|MASK<｜end▁of▁sentence｜>|[MASK]<｜end▁of▁sentence｜>|MASK<｜end▁of▁sentence｜>,
851,allMethodsAndStaticVars,MASK,False,5,MASK|MASK|MASK|List|MASK,[MASK]<｜end▁of▁sentence｜>,"[MASK]<｜end▁of▁sentence｜>|MASK .add(item);
    }
    for (MethodSpec methodSpec : instance|[MASK] .add(new MethodAndStaticVar(methodSpec));
    }
|List<MethodAndStaticVar> methods = new ArrayList<>();
    methods.addAll(|MASK<｜end▁of▁sentence｜>",
852,pictureData,MASK,False,16,MASK|MASK|MASK|MASK|MASK|MASK|MASK|MASK|MASK|MASK|MASK|MASK|MASK|MASK|MASK|MASK,[MASK]<｜end▁of▁sentence｜>,"[MASK]<｜end▁of▁sentence｜>|[MASK]<｜end▁of▁sentence｜>| [MASK]<｜end▁of▁sentence｜>|MASK<｜end▁of▁sentence｜>| MASK<｜end▁of▁sentence｜>|[MASK] , width, height, mimeType);
  }

  @|[MASK]<｜end▁of▁sentence｜>| MASK<｜end▁of▁sentence｜>| MASK<｜end▁of▁sentence｜>| MASK<｜end▁of▁sentence｜>|[MASK]<｜end▁of▁sentence｜>|[MASK]<｜end▁of▁sentence｜>|MASK<｜end▁of▁sentence｜>| MASK<｜end▁of▁sentence｜>|MASK<｜end▁of▁sentence｜>|MASK<｜end▁of▁sentence｜>",
853,className,className,True,2,className|className,      className <｜end▁of▁sentence｜>,      className <｜end▁of▁sentence｜>|className<｜end▁of▁sentence｜>,
854,staticMethodsForExtensions,staticMethodsForExtensions,True,2,staticMethodsForExtensions|staticMethodsForExtensions,"staticMethodsForExtensions =
        FluentIterable.from(
                requestOptions","staticMethodsForExtensions =
        FluentIterable.from(
                requestOptions|staticMethodsForExtensions);

    Set<MethodSignature> extensionMethodSignatures =
",
855,includeQueuedWatches,includeQueuedWatches,True,3,includeQueuedWatches|includeQueuedWatches|includeQueuedWatches,"includeQueuedWatches) {
        request().includeQueuedWatches(include","includeQueuedWatches) {
        request().includeQueuedWatches(include|includeQueuedWatches( includeQueuedWatches );
        return this;
|includeQueuedWatches<｜end▁of▁sentence｜>",
856,canvas,MASK,False,2,MASK|MASK,[MASK]<｜end▁of▁sentence｜>,[MASK]<｜end▁of▁sentence｜>|MASK<｜end▁of▁sentence｜>,
857,branchInstruction,branchInstruction,True,2,branchInstruction|branchInstruction,"branchInstruction =
                            new BranchInstruction(InstructionConstants.OP_GOT","branchInstruction =
                            new BranchInstruction(InstructionConstants.OP_GOT|branchInstruction);

                        // Append a label, in case the return instruction is
",
858,minSdkVersion,minSdkVersion,True,6,minSdkVersion|whether|oldMinSdkVersion|oldMinSdkVersion|minSdkVersion|oldMinSdkVersion,"minSdkVersion"";
    private static final String XML_NODEATTR_TARGET_","minSdkVersion"";
    private static final String XML_NODEATTR_TARGET_|whether the minSdkVersion is below 14, if so, we should set the de|oldMinSdkVersion = Integer.parseInt(oldAndroidManifest.apkMeta.|oldMinSdkVersion < TypedValue.ANDROID_40_API_LE|minSdkVersion  "")
                      .append( [MASK] )
                      .append|oldMinSdkVersion)
                      .append("" is below 14, you should set",
859,interval,MASK,False,5,MASK|MASK|MASK|MASK|MASK,[MASK]<｜end▁of▁sentence｜>,[MASK]<｜end▁of▁sentence｜>|[MASK] <｜end▁of▁sentence｜>|[MASK] <｜end▁of▁sentence｜>| MASK<｜end▁of▁sentence｜>|MASK<｜end▁of▁sentence｜>,
860,oldValues,MASK,False,6,MASK|MASK|MASK|MASK|MASK|MASK,[MASK]<｜end▁of▁sentence｜>,[MASK]<｜end▁of▁sentence｜>|[MASK]<｜end▁of▁sentence｜>|MASK .size() + multimap().get(k0())<｜end▁of▁sentence｜>|MASK<｜end▁of▁sentence｜>|MASK<｜end▁of▁sentence｜>|MASK<｜end▁of▁sentence｜>,
861,texture,MASK,False,6,MASK|MASK|MASK|MASK|MASK|MASK,[MASK]<｜end▁of▁sentence｜>,[MASK]<｜end▁of▁sentence｜>|  [MASK]<｜end▁of▁sentence｜>|MASK<｜end▁of▁sentence｜>| MASK<｜end▁of▁sentence｜>|MASK <｜end▁of▁sentence｜>|MASK<｜end▁of▁sentence｜>,
862,vertexNumbers,MASK,False,4,MASK|MASK|MASK|MASK,[MASK]<｜end▁of▁sentence｜>,[MASK]<｜end▁of▁sentence｜>|[MASK]<｜end▁of▁sentence｜>|MASK<｜end▁of▁sentence｜>|MASK<｜end▁of▁sentence｜>,
863,relation,MASK,False,11,MASK|MASK|MASK|MASK|MASK|MASK|MASK|MASK|MASK|MASK|MASK,[MASK]<｜end▁of▁sentence｜>,[MASK]<｜end▁of▁sentence｜>|[MASK]<｜end▁of▁sentence｜>|[MASK]<｜end▁of▁sentence｜>|[MASK]<｜end▁of▁sentence｜>|  MASK<｜end▁of▁sentence｜>|[MASK]<｜end▁of▁sentence｜>|MASK<｜end▁of▁sentence｜>|MASK<｜end▁of▁sentence｜>|MASK<｜end▁of▁sentence｜>|MASK<｜end▁of▁sentence｜>|MASK<｜end▁of▁sentence｜>,
864,newChild,,False,2,|zoneId, <｜end▁of▁sentence｜>," <｜end▁of▁sentence｜>|, zoneId());
    }

    @Override
    public String getWriteableName",
865,validationException,MASK,False,8,MASK|MASK|MASK|MASK|MASK|MASK|MASK|MASK,[MASK]<｜end▁of▁sentence｜>,[MASK]<｜end▁of▁sentence｜>|[MASK]<｜end▁of▁sentence｜>|[MASK]<｜end▁of▁sentence｜>|[MASK]<｜end▁of▁sentence｜>|[MASK]<｜end▁of▁sentence｜>|MASK<｜end▁of▁sentence｜>|MASK<｜end▁of▁sentence｜>| MASK<｜end▁of▁sentence｜>,
866,dateText,locale,False,2,locale|if," locale);

                    tests.add(new Object[] { dateFormat, format, timeFormat"," locale);

                    tests.add(new Object[] { dateFormat, format, timeFormat| if (formattedString.contains(""n."")) { // will add ""."" after the end",
867,requestOptionsExtensionGenerator,requestOptionsExtensionGenerator,True,3,requestOptionsExtensionGenerator|MASK|MASK,requestOptionsExtensionGenerator<｜end▁of▁sentence｜>,"requestOptionsExtensionGenerator<｜end▁of▁sentence｜>|    [MASK] .getRequestOptionExtensionMethods(
                        glideExtensionClassNames))|MASK .generateStaticMethodsForExtensions(
                    glideExtensionClassNames))
           ",
868,nonPushableLimitValue,nonPushableLimitValue,True,3,nonPushableLimitValue|nonPushableLimitValue|nonPushableLimitValue,"nonPushableLimitValue = randomIntBetween(1, 10_00","nonPushableLimitValue = randomIntBetween(1, 10_00|nonPushableLimitValue<｜end▁of▁sentence｜>|nonPushableLimitValue<｜end▁of▁sentence｜>",
869,allowChunklessPreparation,MASK,False,12,MASK|MASK|MASK|MASK|MASK|MASK|MASK|MASK|MASK|MASK|MASK|mediaPeriodId,[MASK]<｜end▁of▁sentence｜>,"[MASK]<｜end▁of▁sentence｜>|  [MASK]  = false;
      useSessionKeys = false;
      timestampAd|[MASK]<｜end▁of▁sentence｜>|[MASK] ) {
      this. [MASK]  =  [MASK]| MASK  =  [MASK] ;
      return this;
    }

   |MASK ;
      return this;
    }

    /**
     * Sets the| [MASK] ,
          metadataType,
          useSessionKeys,
          timestampAd|[MASK]<｜end▁of▁sentence｜>|[MASK]<｜end▁of▁sentence｜>| MASK<｜end▁of▁sentence｜>| MASK<｜end▁of▁sentence｜>|/* mediaPeriodId= */ id,
          /* mediaPeriodIndex= */ 0,
",
870,atomicBoolean,MASK,False,8,MASK|MASK|MASK|MASK|MASK|MASK|EMPTY|intValue,[MASK]<｜end▁of▁sentence｜>,"[MASK]<｜end▁of▁sentence｜>|MASK ::set, logger);
        Settings build = Settings.builder().put(""foo.|[MASK] .get());
        build = Settings.builder().put(""foo.bar|MASK .get());
    }

    public void testSimpleUpdateOfGroupSetting()|MASK  = new AtomicReference<>(null);
        ClusterSettings.SettingUpd|MASK ::set, logger);
        Settings build = Settings.builder().put(""foo.|.EMPTY));
        assertEquals(2, c.a.intValue());
       |.intValue());

        Integer aValue = c.a;
        assertFalse(",
871,receiverClass,MASK,False,3,MASK|MASK|MASK,[MASK]<｜end▁of▁sentence｜>,[MASK]<｜end▁of▁sentence｜>|MASK<｜end▁of▁sentence｜>|MASK<｜end▁of▁sentence｜>,
872,defaultValue,map,False,2,map|I," map to a stream (that is, serializes it).
     *
     * @serial"," map to a stream (that is, serializes it).
     *
     * @serial| I/O error occurs
     */
    private void writeObject(java.io.Object",
873,inline,inline,True,5,inline||boolean|contentType|contentType,inline<｜end▁of▁sentence｜>,"inline<｜end▁of▁sentence｜>|      <｜end▁of▁sentence｜>|boolean  <｜end▁of▁sentence｜>|contentType);
        } else if (Strings.hasLength(contentType)) {
|contentType(),
                    attachment.  contentType(),
                    attachment.  contentType(),
",
874,level,MASK,False,14,MASK|MASK|MASK|MASK|MASK|MASK|MASK|MASK|MASK|MASK|MASK|MASK|MASK|MASK,[MASK]<｜end▁of▁sentence｜>,[MASK]<｜end▁of▁sentence｜>|[MASK]<｜end▁of▁sentence｜>| [MASK]<｜end▁of▁sentence｜>|[MASK]<｜end▁of▁sentence｜>|[MASK]<｜end▁of▁sentence｜>|[MASK]<｜end▁of▁sentence｜>|MASK<｜end▁of▁sentence｜>| MASK<｜end▁of▁sentence｜>|MASK<｜end▁of▁sentence｜>|MASK<｜end▁of▁sentence｜>| MASK<｜end▁of▁sentence｜>| MASK<｜end▁of▁sentence｜>|[MASK]<｜end▁of▁sentence｜>| MASK<｜end▁of▁sentence｜>,
875,onreturnMethod,MASK,False,5,MASK|MASK|MASK|MASK|MASK,[MASK] <｜end▁of▁sentence｜>,[MASK] <｜end▁of▁sentence｜>|[MASK] <｜end▁of▁sentence｜>|MASK<｜end▁of▁sentence｜>|MASK<｜end▁of▁sentence｜>|MASK<｜end▁of▁sentence｜>,
876,intValues,Integer,False,4,Integer|void|Object|stream,"Integer> fix1 = Setting.intSetting(""abc.def"", 30, 0","Integer> fix1 = Setting.intSetting(""abc.def"", 30, 0| void validate(Integer value) {
                if (value < 10) {
                    throw|?>, Object> dependencies) {
                return dependencies.get(fix0).toString();| .stream()
                    .map(e -> e.getKey().getKey() +",
877,whitelists,MASK,False,3,MASK||MASK,[MASK]<｜end▁of▁sentence｜>,"[MASK]<｜end▁of▁sentence｜>|  <｜end▁of▁sentence｜>|MASK);
        contexts.put(TestFieldScript.CONTEXT_2, MASK",
878,observer,MASK,False,2,MASK|MASK,[MASK]<｜end▁of▁sentence｜>,[MASK]<｜end▁of▁sentence｜>|MASK<｜end▁of▁sentence｜>,
879,moRef,MASK,False,3,MASK|MASK|MASK,[MASK]<｜end▁of▁sentence｜>,[MASK]<｜end▁of▁sentence｜>|MASK<｜end▁of▁sentence｜>|MASK<｜end▁of▁sentence｜>,
880,annotatedElement,MASK,False,6,MASK|MASK|MASK|MASK|MASK|MASK,[MASK]<｜end▁of▁sentence｜>,[MASK]<｜end▁of▁sentence｜>|MASK<｜end▁of▁sentence｜>|[MASK]<｜end▁of▁sentence｜>|MASK<｜end▁of▁sentence｜>|MASK<｜end▁of▁sentence｜>|MASK<｜end▁of▁sentence｜>,
881,slash,MASK,False,3,MASK|MASK|MASK,[MASK]<｜end▁of▁sentence｜>,[MASK]<｜end▁of▁sentence｜>|MASK<｜end▁of▁sentence｜>|MASK <｜end▁of▁sentence｜>,
882,doConnect,MASK,False,4,MASK|if|ps|ps,"[MASK]  = false;
        ReplayObserver<T> ps;
        //","[MASK]  = false;
        ReplayObserver<T> ps;
        //|if (ps.shouldConnect.get()) {
                // if the current subscriber-to|ps.shouldConnect.get() ) {
                ps.shouldConnect.compareAndSet(|ps ) {
            ps.shouldConnect.compareAndSet(true, false);
       ",
883,dataSource,dataSource,True,2,dataSource|dataSource,dataSource<｜end▁of▁sentence｜>,dataSource<｜end▁of▁sentence｜>|dataSource<｜end▁of▁sentence｜>,
884,rowIndices,MASK,False,12,MASK|MASK|MASK|MASK|MASK|MASK|MASK|MASK|MASK|MASK|MASK|MASK, [MASK]<｜end▁of▁sentence｜>, [MASK]<｜end▁of▁sentence｜>|[MASK]<｜end▁of▁sentence｜>| [MASK]<｜end▁of▁sentence｜>|MASK <｜end▁of▁sentence｜>|[MASK]<｜end▁of▁sentence｜>|[MASK]<｜end▁of▁sentence｜>|[MASK]<｜end▁of▁sentence｜>|MASK<｜end▁of▁sentence｜>|[MASK]<｜end▁of▁sentence｜>|[MASK]<｜end▁of▁sentence｜>|MASK <｜end▁of▁sentence｜>| MASK<｜end▁of▁sentence｜>,
885,meanTime,MASK,False,11,MASK|MASK|MASK|MASK|MASK|MASK|MASK|MASK|MASK|MASK|MASK,[MASK]<｜end▁of▁sentence｜>,"[MASK]<｜end▁of▁sentence｜>|[MASK]<｜end▁of▁sentence｜>|MASK<｜end▁of▁sentence｜>|[MASK]<｜end▁of▁sentence｜>| MASK<｜end▁of▁sentence｜>|MASK<｜end▁of▁sentence｜>|MASK<｜end▁of▁sentence｜>|MASK  = getAverage(this. MASK , numSamples) / 10|MASK<｜end▁of▁sentence｜>|MASK<｜end▁of▁sentence｜>|MASK<｜end▁of▁sentence｜>",
886,toBytes,MASK,False,12,MASK|MASK|MASK|MASK|MASK|MASK|MASK|MASK|MASK|MASK|MASK|MASK,[MASK]<｜end▁of▁sentence｜>,[MASK]<｜end▁of▁sentence｜>|[MASK]<｜end▁of▁sentence｜>|[MASK]<｜end▁of▁sentence｜>|MASK<｜end▁of▁sentence｜>|[MASK]<｜end▁of▁sentence｜>|MASK<｜end▁of▁sentence｜>|MASK<｜end▁of▁sentence｜>|MASK<｜end▁of▁sentence｜>|[MASK]<｜end▁of▁sentence｜>|MASK<｜end▁of▁sentence｜>|MASK<｜end▁of▁sentence｜>|MASK<｜end▁of▁sentence｜>,
887,yearLen,this,False,9,this|date|Pattern|icuName|if|else|MASK|MASK|MASK,", this);  // validate
                int womValid = computeWeek(startOfWeekOffset",", this);  // validate
                int womValid = computeWeek(startOfWeekOffset|date));
                if (weeks != 0) {
                    date = date.plus|Pattern(DateTimePatternGenerator.PatternType.WEEK_OF_YEAR);
| !icuName.isEmpty() ? icuName : name;
            }
            return|            if (rangeUnit == WEEKS) {  // day-of-week
               |            } else if (rangeUnit == ChronoUnit.MONTHS) {  // week|MASK<｜end▁of▁sentence｜>|MASK<｜end▁of▁sentence｜>|MASK<｜end▁of▁sentence｜>",
888,rowIndex,rowIndex,True,2,rowIndex|historyEntryID,rowIndex<｜end▁of▁sentence｜>,"rowIndex<｜end▁of▁sentence｜>|historyEntryID, rowIndex<｜end▁of▁sentence｜>",
889,ports,MASK,False,3,MASK|MASK|MASK,[MASK]<｜end▁of▁sentence｜>,"[MASK]<｜end▁of▁sentence｜>|MASK.add(address.getAddress().getAddress().hashCode())
               <｜end▁of▁sentence｜>|MASK<｜end▁of▁sentence｜>",
890,context,MASK,False,15,MASK|MASK||boot|boot|MASK|MASK|MASK|MASK|MASK|MASK|MASK|MASK|MASK|MASK,[MASK]<｜end▁of▁sentence｜>,"[MASK]<｜end▁of▁sentence｜>| MASK<｜end▁of▁sentence｜>|<｜end▁of▁sentence｜>|boot.web.servlet.context.  .ServletWebServerApplicationContext;
import org|boot<｜end▁of▁sentence｜>|[MASK]<｜end▁of▁sentence｜>|[MASK]<｜end▁of▁sentence｜>|[MASK]<｜end▁of▁sentence｜>|MASK<｜end▁of▁sentence｜>|[MASK] ) -> {
			WebTestClient webTestClient = getWeb|[MASK]<｜end▁of▁sentence｜>|MASK ) -> {
			WebTestClient webTestClient = getWebTestClient|MASK<｜end▁of▁sentence｜>|MASK<｜end▁of▁sentence｜>|MASK<｜end▁of▁sentence｜>",
891,strings,_length,False,11,_length|Zone|PDT|;|Monday|if|dk|Format|of|by|if,"_length; ++j) {
                DateFormat fmt = DateFormat.getDateTimeInstance(","_length; ++j) {
                DateFormat fmt = DateFormat.getDateTimeInstance(|Zone.getTimeZone(""PDT"");
        dfUS.setTimeZone(tz);|0 PDT"";
        String expectedUS_JDK12 = ""Monday, September|"";
        String expectedUS = ""Monday, September 15, 199| ""Monday, September 15, 1997 12:00|        if (!out.equals(expectedFRENCH_JDK12))
           |dk 1.3
        if (!out.equals(expectedFRENCH_J|Format.FULL, Locale.ARABIC);
        DateFormat dfChinese =| of 07/10/53 -0730 for pattern MM/| by formatToCharacterIterator(Number)"");
            }
        } catch (IllegalArgumentException|                if (p.getErrorIndex() != -1)
                    continue;
               ",
892,innerFilterDocCount,innerFilterDocCount,True,3,innerFilterDocCount|innerFilterDocCount|innerFilterDocCount,innerFilterDocCount<｜end▁of▁sentence｜>,"innerFilterDocCount<｜end▁of▁sentence｜>|innerFilterDocCount<｜end▁of▁sentence｜>|innerFilterDocCount * sampledDocCount / outerFilterDocCount));
                assertThat(innerFilter",
893,params,params,True,1,params,params<｜end▁of▁sentence｜>,params<｜end▁of▁sentence｜>,
894,traceThreshold,traceThreshold,True,2,traceThreshold|traceThreshold,traceThreshold<｜end▁of▁sentence｜>,traceThreshold<｜end▁of▁sentence｜>|traceThreshold<｜end▁of▁sentence｜>,
895,snapshot,MASK,False,138,MASK|MASK|MASK|IndexSettings|xpack|xpack|MASK|MASK|MASK|MASK|MASK|MASK|MASK|MASK|MASK|MASK|MASK|repositoryStateId|MASK|MASK|MASK|MASK|MASK|MASK|MASK|MASK|MASK|MASK|MASK|MASK|MASK|MASK|MASK|MASK|MASK|MASK|MASK|MASK|MASK|MASK|MASK|MASK|MASK|MASK|MASK|runs|MASK|MASK|MASK|MASK|MASK|MASK|MASK|MASK|MASK|MASK|MASK|MASK|MASK|MASK|MASK|MASK|MASK|error|client|();|SnapshotId|ForSnapshot|MASK|);|State|been|been|ListenersRepoPlugin|.|Cluster|thread|private|s|nable|MASK|MASK|MASK|MASK|MASK|MASK|MASK|MASK|MASK|MASK|MASK|MASK|MASK|MASK|MASK|MASK|MASK|MASK|MASK|MASK|MASK||MASK|MASK|MASK|MASK|MASK|MASK|MASK|MASK|MASK|MASK|MASK|MASK|MASK|MASK|MASK|MASK|MASK|MASK|MASK|MASK|MASK|MASK|||MASK|MASK|MASK|MASK|+|MASK|MASK|MASK|MASK|MASK|MASK|MASK,"[MASK] s.get.GetSnapshotsRequest;
import org.elasticsearch.","[MASK] s.get.GetSnapshotsRequest;
import org.elasticsearch.|[MASK] s.get.GetSnapshotsRequest;
import org.elasticsearch.|MASK s.status.SnapshotsStatusRequest;
import org.elasticsearch.action.|IndexSettings;
import org.elasticsearch.index.snapshots.  [MASK]|xpack.core.slm.SnapshotLifecycle;
import org.elasticsearch|xpack.core.slm.SnapshotLifecycle;
import org.elasticsearch|[MASK] s.SnapshotLifecycle;
import org.elasticsearch. [|[MASK] s.SnapshotInfo;
import org.elasticsearch. [MASK]|[MASK] s.SnapshotLifecycle;
import org.elasticsearch. [|[MASK] s.SnapshotState;
import org.elasticsearch. [MASK]|MASK s.SnapshotStats;
import org.elasticsearch. MASK s.SnapshotStats|[MASK]  is executed.
 */
@ESIntegTestCase.ClusterScope(scope| [MASK]<｜end▁of▁sentence｜>|[MASK] (SnapshotShardContext context, BlobStoreIndexShardSnapshot.File| MASK File(context, fileInfo);
        }
    }

    public static| MASK Metrics
        ) {
            return Map.of(
                TestRestart|[MASK]  finalize
     *
     * This is used to test that if|repositoryStateId(),
                fsc.snapshotId(),
                fsc.snapshot|[MASK] Info
                    beforeResponseRunnable.run();
                    fsc.| [MASK]  and a new one is created,
     * the new  [M|[MASK] Name = executePolicy(masterNode, policyName);
        logger.info|[MASK] A: "" +  [MASK] A);

        // wait until|[MASK] A);

        // wait until  [MASK] A is registered|[MASK] A is registered before starting  [MASK] B
        assertBusy|[MASK] B
        assertBusy(() -> assertRegistered(policyName,| [MASK] A)), 1, TimeUnit.MINUTES);

        //|[MASK]  while A is still running
        String  [MASK] B =|[MASK] B = executePolicy(masterNode, policyName);
        logger.info|MASK  B: "" +  MASK B);

        // wait until  MASK|MASK B);

        // wait until  MASK B is registered before allowing  M|[MASK] s are registered before allowing  [MASK] A to continue
        assert|[MASK] B to continue
        assertBusy(() -> assertRegistered(policy| [MASK] A,  [MASK] B)), 1, TimeUnit.MIN|[MASK] B)), 1, TimeUnit.MINUTES);

        //|[MASK] A
        TestDelayedRepoPlugin.removeDelay();

       |[MASK] A);
        waitForSnapshot(repoName,  [MASK]| MASK B);

        assertBusy(() -> {
            assertSnapshotSuccess(| MASK A);
            assertSnapshotSuccess(repoName,   MASK B);
           | MASK B));
            assertMetadata(policyName, 2, 0, 0|[MASK]  is registered, invocationsSinceLastSuccess is reset to 0
|[MASK] Name = executePolicy(masterNode, policyName);
        logger.info|[MASK] : "" +  [MASK] Name);

        waitForSnapshot(|[MASK] Name);

        waitForSnapshot(repoName,  [MASK| MASK Name);

        assertBusy(() -> {
            assertSnapshotSuccess(| MASK Name);
            assertMetadata(policyName, 1, 0, 0|runs is empty
     */
    public void testFailSnapshotFailStats() throws Exception {|[MASK]  fails with PARTIAL status
        NetworkDisruption networkDisruption|[MASK]  finalize, but before SLM is called back
        var runDuring|[MASK] Name = executePolicy(masterNode, policyName);
        logger.info|[MASK] : "" +  [MASK] Name);

        // restart  [|MASK Name);

        // restart  MASK  after  MASK  finalize|[MASK]  after  [MASK]  finalize, but before SLM callback|[MASK]  finalize, but before SLM callback called
        runDuringFinalize| MASK Name);
            assertMetadata(policyName, 0, 0, 0|[MASK]<｜end▁of▁sentence｜>|[MASK] Name2 = executePolicy(masterNode, policyName);
        assertNot| MASK Name,  MASK Name2);
        logger.info(""Created  MASK| MASK Name2);
        logger.info(""Created  MASK : "" +  MASK|MASK : "" +  MASK Name2);

        waitForSnapshot(repoName,|MASK Name2);

        waitForSnapshot(repoName,  MASK Name2|[MASK] Name2);

        assertBusy(() -> {
            assert| MASK Name2);
            // Check stats, this time past failure should be accounted for|[MASK]  fails with PARTIAL status
        NetworkDisruption networkDisruption|.error(""Error putting snapshot lifecycle policy"", e);
            throw e;
       | = client().execute(ExecuteSnapshotLifecycleAction.INSTANCE, executeReq).|();
        return resp.getSnapshotId().getName();
    }

    private void|SnapshotId().getName();
    }

    /**
     * Wait for the given |ForSnapshot(String repoName, String  [MASK] ) {
        assertBusy|  [MASK] ) throws InterruptedException {
        logger.info(""waiting for|);
                assertThat(""expected a  [MASK]  but none were returned"", status.|State());
                return status.getState() == SnapshotState.SUCCESS;
| been finalized,
     * but before the  [MASK]  is called back with| been called.
     */
    private static class RunDuringFinalize {

        private|ListenersRepoPlugin.onResponse() is called after  [MASK] finalize,|.
     */
    private static class RunDuringFinalize {

        private final Count|Cluster().restartNode() is not thread safe, so we need to run the restart on a| thread after the
     *  [MASK]  finalize has been called, but before|        private Runnable runnable;

        void awaitAndRun(Runnable|1s, the test will fail anyway.
                    latch2.await(1,|nable) throws InterruptedException {
            latch1.await();
            run|[MASK]<｜end▁of▁sentence｜>|[MASK]<｜end▁of▁sentence｜>|[MASK]<｜end▁of▁sentence｜>|MASK Name);
            assertMetadata(policyName, 0, 0, 0|[MASK]<｜end▁of▁sentence｜>|MASK<｜end▁of▁sentence｜>|[MASK]<｜end▁of▁sentence｜>|MASK  to complete and network disruption to stop
        runDuringFinalize.await|MASK Name);
            assertMetadata(policyName, 0, 0, 0| [MASK]<｜end▁of▁sentence｜>| [MASK]<｜end▁of▁sentence｜>|[MASK]<｜end▁of▁sentence｜>|[MASK]<｜end▁of▁sentence｜>|[MASK]<｜end▁of▁sentence｜>|[MASK]<｜end▁of▁sentence｜>|[MASK]<｜end▁of▁sentence｜>|[MASK]<｜end▁of▁sentence｜>| MASK<｜end▁of▁sentence｜>|[MASK]<｜end▁of▁sentence｜>|[MASK]<｜end▁of▁sentence｜>| [MASK]<｜end▁of▁sentence｜>|<｜end▁of▁sentence｜>|[MASK]<｜end▁of▁sentence｜>|MASK<｜end▁of▁sentence｜>|[MASK]<｜end▁of▁sentence｜>|[MASK]<｜end▁of▁sentence｜>|[MASK]<｜end▁of▁sentence｜>|[MASK]<｜end▁of▁sentence｜>|[MASK]<｜end▁of▁sentence｜>| MASK<｜end▁of▁sentence｜>|[MASK]<｜end▁of▁sentence｜>|[MASK]<｜end▁of▁sentence｜>| MASK<｜end▁of▁sentence｜>|[MASK]<｜end▁of▁sentence｜>|[MASK]<｜end▁of▁sentence｜>| MASK<｜end▁of▁sentence｜>|[MASK]<｜end▁of▁sentence｜>| MASK<｜end▁of▁sentence｜>| MASK<｜end▁of▁sentence｜>|[MASK]<｜end▁of▁sentence｜>|[MASK]<｜end▁of▁sentence｜>| MASK<｜end▁of▁sentence｜>|MASK<｜end▁of▁sentence｜>| MASK<｜end▁of▁sentence｜>|<｜end▁of▁sentence｜>|  <｜end▁of▁sentence｜>|[MASK]<｜end▁of▁sentence｜>| MASK<｜end▁of▁sentence｜>|[MASK]<｜end▁of▁sentence｜>|[MASK]  but none were returned"", s.getSnapshots().size(), equalTo|"" +<｜end▁of▁sentence｜>|[MASK]<｜end▁of▁sentence｜>|[MASK]  with name "" +  [MASK] Name + ""<｜end▁of▁sentence｜>|MASK  but it was missing"");
            }
        }, 1, TimeUnit.|MASK  Name + "" but it does not exist"");
            }
        });
   |[MASK]<｜end▁of▁sentence｜>|MASK<｜end▁of▁sentence｜>|MASK <｜end▁of▁sentence｜>",
896,supportedVersion,MASK,False,4,MASK|currentBuildIsSnapshot|MASK|createdVersion,[MASK]<｜end▁of▁sentence｜>,"[MASK]<｜end▁of▁sentence｜>|currentBuildIsSnapshot ? version<｜end▁of▁sentence｜>|MASK<｜end▁of▁sentence｜>|createdVersion + ""]"";
            }
        };
    }

    /**
",
897,originatingUser,MASK,False,3,MASK|MASK|MASK,[MASK]<｜end▁of▁sentence｜>,[MASK]<｜end▁of▁sentence｜>|MASK<｜end▁of▁sentence｜>|MASK<｜end▁of▁sentence｜>,
898,string,String,False,6,String|MASK|MASK|MASK|key|MASK,""", String.class);
    registerAlias(""string<｜end▁of▁sentence｜>",""", String.class);
    registerAlias(""string<｜end▁of▁sentence｜>|[MASK]<｜end▁of▁sentence｜>|MASK<｜end▁of▁sentence｜>|MASK <｜end▁of▁sentence｜>|key<｜end▁of▁sentence｜>|MASK<｜end▁of▁sentence｜>",
899,resFieldsMap,MASK,False,5,MASK|typeClsInfo|MASK|MASK|MASK,[MASK]<｜end▁of▁sentence｜>,"[MASK]<｜end▁of▁sentence｜>|typeClsInfo.getFieldsMap()
					.get(resName)
					.|[MASK]<｜end▁of▁sentence｜>|MASK <｜end▁of▁sentence｜>| MASK<｜end▁of▁sentence｜>",
900,screenY,MASK,False,2,MASK|MASK,[MASK]<｜end▁of▁sentence｜>,[MASK]<｜end▁of▁sentence｜>|MASK<｜end▁of▁sentence｜>,
901,charset,MASK,False,12,MASK||MASK|MASK|MASK|MASK|MASK|MASK|MASK|MASK|MASK|MASK,[MASK]<｜end▁of▁sentence｜>,[MASK]<｜end▁of▁sentence｜>| <｜end▁of▁sentence｜>|[MASK]<｜end▁of▁sentence｜>|[MASK]<｜end▁of▁sentence｜>|[MASK]<｜end▁of▁sentence｜>|[MASK]<｜end▁of▁sentence｜>| MASK<｜end▁of▁sentence｜>|MASK<｜end▁of▁sentence｜>| MASK<｜end▁of▁sentence｜>| MASK<｜end▁of▁sentence｜>|MASK<｜end▁of▁sentence｜>| MASK<｜end▁of▁sentence｜>,
902,destinationIndex,this,False,8,this||Override|call|Buffer|Truncate||ReplaySource,"            this.eagerTruncate = eagerTruncate;
        }

       ","            this.eagerTruncate = eagerTruncate;
        }

       |
        }

        @Override
        public ReplayBuffer<T> call() {| @Override
        public ReplayBuffer<T> call() {
            return new SizeAnd|> call() {
            return new SizeAndTimeBoundReplayBuffer<>(bufferSize,|Buffer<>(bufferSize, maxAge, unit, scheduler, eagerTruncate);|Truncate);
        }
    }

    static final class ReplaySource<|
        private final BufferSupplier<T> bufferFactory;

        ReplaySource|        ReplaySource(AtomicReference<ReplayObserver<T>> curr, Buffer",
903,keyColumnName,columnName,False,1,columnName,columnName<｜end▁of▁sentence｜>,columnName<｜end▁of▁sentence｜>,
904,params,MASK,False,4,MASK|MASK|parameters|MASK,[MASK]<｜end▁of▁sentence｜>,[MASK]<｜end▁of▁sentence｜>|[MASK]<｜end▁of▁sentence｜>|parameters<｜end▁of▁sentence｜>|MASK<｜end▁of▁sentence｜>,
905,valueA,valueA,True,3,valueA|valueA|valueA,valueA<｜end▁of▁sentence｜>,valueA<｜end▁of▁sentence｜>|valueA<｜end▁of▁sentence｜>|valueA<｜end▁of▁sentence｜>,
906,bigDecimal,throws,False,16,"throws|MASK|MASK|new|digits|imumFractionDigits|format|Test|void|{ ""0,000.0000"", ""00,000|000000"",|#0000.######"",|grouping|};|df|","() throws Exception {
        DecimalFormat form = (DecimalFormat) DecimalFormat.","() throws Exception {
        DecimalFormat form = (DecimalFormat) DecimalFormat.|[MASK]  to true, the result of parsing NaN

        form =|MASK  to true, the result of parsing minus infinity

        form = (Dec|00"", new DecimalFormatSymbols(Locale.US))));

        //| digits not set"", 1, format.getMinimumFractionDigits());
       |imumFractionDigits());

        // Regression for HARMONY-64| format.applyPattern(""#.##0.00"");
            fail();
        } catch| Test for method java.text.DecimalFormat.toPattern()
    public void test_| void test_applyPattern_groupingSizes() {
        DecimalFormat format = new| { ""0,000.0000"", ""00,000|000000"",
                ""#000000.000|#0000.######"",
                ""$$#00.######"",|2 grouping size
                ""#,##0.00;(#,##0.| };

        for (int i = 0; i < patterns.length; i++)|0, df.getGroupingSize());
        df.setGroupingUsed(true);|
        assertEquals(""Default multiplier"", defaultMultiplier, form.getMultiplier());",
907,queryParser,MASK,False,5,MASK|MASK|MASK|MASK|MASK,[MASK]<｜end▁of▁sentence｜>,[MASK]<｜end▁of▁sentence｜>|[MASK]<｜end▁of▁sentence｜>|[MASK]<｜end▁of▁sentence｜>|MASK<｜end▁of▁sentence｜>|MASK<｜end▁of▁sentence｜>,
908,channel,MASK,False,4,MASK|channel||channel,[MASK]<｜end▁of▁sentence｜>,[MASK]<｜end▁of▁sentence｜>|channel<｜end▁of▁sentence｜>|  <｜end▁of▁sentence｜>|channel<｜end▁of▁sentence｜>,
909,segments,MASK,False,13,MASK|MASK|MASK|MASK|that|MASK|MASK|MASK|MASK|end|MASK|list|MASK,"[MASK]  and
     *     keys.
     */
    public Factory(","[MASK]  and
     *     keys.
     */
    public Factory(|MASK  and keys.
     */
    public Factory(HlsDataSourceFactory h|[MASK] .
     *
     * <p>If {@code null} is|MASK .
     * @return This factory, for convenience.
     */
    @|that the segments in the  [MASK]<｜end▁of▁sentence｜>| [MASK]<｜end▁of▁sentence｜>| [MASK]<｜end▁of▁sentence｜>|  MASK<｜end▁of▁sentence｜>| MASK<｜end▁of▁sentence｜>|end of the<｜end▁of▁sentence｜>|[MASK ]<｜end▁of▁sentence｜>|   /* list= */  MASK<｜end▁of▁sentence｜>|MASK<｜end▁of▁sentence｜>",
910,bootstrapMethodsData,this,False,3,this|super|null," this.hashCode = hashCode;
    }

    Entry(
        final int"," this.hashCode = hashCode;
    }

    Entry(
        final int|      super(index, tag, /* owner= */ null, /* name= */ null, value| null, /* name= */ null, value, data);
      this.hashCode = hash",
911,weekDef,ValidIntValue,False,36,ValidIntValue|OfWeek|else|fieldValues|oLocalDate|containsKey|ofWeekOfMonth|else||WoWBY|int|{||;|private|checkValidIntValue||DateTimePatternGenerator||param|from|doy||MASK|MASK|MASK|MASK|MASK|MASK|MASK|MASK|MASK|MASK|MASK||rangeUnit,"ValidIntValue(newValue, this);
                final int isoDow = localizedDay","ValidIntValue(newValue, this);
                final int isoDow = localizedDay|OfWeek = [MASK] .getFirstDayOfWeek().getValue();
                final int| } else if (rangeUnit == MONTHS) {  // week-of-month| (!fieldValues.containsKey(DAY_OF_WEEK)) {
                return|oLocalDate date = null;
            if (rangeUnit == MONTHS) {|containsKey(YEAR)) {
                int year = YEAR.checkValidInt| ofWeekOfMonth(chrono, year, month, dow, resolverStyle);| } else if (rangeUnit == YEARS && fieldValues.containsKey(WEE|
                int yowby = [MASK] .weekBasedYear.checkValidIntValue|WoWBY(fieldValues, chrono, newValue, dow, resolverStyle| int womValid = computeWeek(startOfWeekOffset(1, localDow), date| {
                    throw new DateTimeException(""Invalid week-of-month: "" + wom +|
            fieldValues.remove(MONTH_OF_YEAR);
            fieldValues|;
        }

        private ChronoLocalDate resolveWoY(
                Map|        private ChronoLocalDate resolveWoY(
                Map<TemporalField,|().checkValidIntValue(fieldValues.get( [MASK] .weekBasedYear));|
                int wowby = (int) (fieldValues.get( [MASK]|(DateTimePatternGenerator.WEEK_OF_YEAR);
                return icu|
            if (rangeUnit == WEEKS) {  // day-of-week
|param field the field
         * @return the range
         */
        private ValueRange range|.from(temporal).date(temporal);
                date = date.minus|(doy, DAYS);   // Back down into previous year
                return rangeWeek| <｜end▁of▁sentence｜>|[MASK]<｜end▁of▁sentence｜>|[MASK]<｜end▁of▁sentence｜>|[MASK]<｜end▁of▁sentence｜>|[MASK]<｜end▁of▁sentence｜>| [MASK]<｜end▁of▁sentence｜>|[MASK]<｜end▁of▁sentence｜>|[MASK]<｜end▁of▁sentence｜>|MASK<｜end▁of▁sentence｜>| MASK<｜end▁of▁sentence｜>| MASK<｜end▁of▁sentence｜>|MASK<｜end▁of▁sentence｜>|<｜end▁of▁sentence｜>|rangeUnit<｜end▁of▁sentence｜>",
912,bytes,MASK,False,3,MASK|MASK|MASK,[MASK]<｜end▁of▁sentence｜>,[MASK]<｜end▁of▁sentence｜>|   MASK<｜end▁of▁sentence｜>|MASK<｜end▁of▁sentence｜>,
913,newCookies,MASK,False,4,MASK|MASK|MASK|MASK,[MASK]<｜end▁of▁sentence｜>,"[MASK]<｜end▁of▁sentence｜>|MASK.add(""name"", ResponseCookie.from(""name"", ""value"").build());|MASK<｜end▁of▁sentence｜>| MASK<｜end▁of▁sentence｜>",
914,expectedMinsOnlySearch,expectedMinsOnlySearch,True,3,expectedMinsOnlySearch|expectedMinsOnlySearch|expectedMinsOnlySearch,"expectedMinsOnlySearch = new HashMap<>();
        final Map<Double, Double>","expectedMinsOnlySearch = new HashMap<>();
        final Map<Double, Double>|expectedMinsOnlySearch.put(keys.get(i), mins.get(i|expectedMinsOnlySearch.getOrDefault(bucket.getKey(), 0d).",
915,prefixKeySetting,integerSetting,False,9,integerSetting|{|ize|ArgumentException|public|rows|class||affixKeySetting,"            integerSetting.get(Settings.builder().put(""foo.bar"", 11).","            integerSetting.get(Settings.builder().put(""foo.bar"", 11).| {
        expectThrows(
            IllegalArgumentException.class,
            () -> Setting|ize]"")));
    }

    public void testRejectNonIndexScopedNot|ArgumentException.getMessage(), equalTo(""failed to parse value [4999ms] for setting| public void testTimeValueBoundsWithDefault() {
        Setting<TimeValue> settingWithLower|rows(
            IllegalArgumentException.class,
            () -> Setting.simpleString(""foo|class,
            () -> Setting.simpleString(""foo.bar"", Property.Deprecated|
        );
        expectThrows(
            IllegalArgumentException.class,
            () -|affixKeySetting(
            ""prefix"" + ""."",
            ""suffix"",
",
916,binary,MASK,False,2,MASK|MASK,[MASK]<｜end▁of▁sentence｜>,[MASK]<｜end▁of▁sentence｜>|MASK<｜end▁of▁sentence｜>,
917,addressCount,MASK,False,2,MASK|1000000000,[MASK]<｜end▁of▁sentence｜>,[MASK]<｜end▁of▁sentence｜>|1000000000<｜end▁of▁sentence｜>,
918,headers,headers,True,2,headers|headers,"headers = new String[] {""foo=bar"", ""accept=application/xml,application/pdf","headers = new String[] {""foo=bar"", ""accept=application/xml,application/pdf|headers);

		assertConditions(condition, ""text/plain"", ""application/xml",
919,engine,MASK,False,25,MASK|MASK|MASK|MASK|MASK|MASK|MASK|SSLEngine|MASK|MASK|MASK|MASK|MASK|MASK|MASK|MASK|MASK|MASK|MASK|MASK|MASK|MASK|MASK|MASK|MASK,[MASK]<｜end▁of▁sentence｜>,"[MASK]<｜end▁of▁sentence｜>| [MASK]<｜end▁of▁sentence｜>|[MASK]<｜end▁of▁sentence｜>|MASK<｜end▁of▁sentence｜>|[MASK]<｜end▁of▁sentence｜>|[MASK]<｜end▁of▁sentence｜>| MASK<｜end▁of▁sentence｜>|SSLEngine  [MASK]<｜end▁of▁sentence｜>| MASK<｜end▁of▁sentence｜>| MASK<｜end▁of▁sentence｜>|  [MASK]<｜end▁of▁sentence｜>|MASK<｜end▁of▁sentence｜>| MASK<｜end▁of▁sentence｜>|[MASK]<｜end▁of▁sentence｜>| MASK<｜end▁of▁sentence｜>|[MASK]<｜end▁of▁sentence｜>|[MASK]<｜end▁of▁sentence｜>|MASK<｜end▁of▁sentence｜>| MASK<｜end▁of▁sentence｜>|[MASK]<｜end▁of▁sentence｜>|MASK );
            confirmedValidations.add( MASK );
        }

       | MASK );
        }

        @Override
        public void checkServerTrusted(|MASK<｜end▁of▁sentence｜>|MASK<｜end▁of▁sentence｜>|MASK<｜end▁of▁sentence｜>",
920,seenGroupIds,MASK,False,6,MASK|MASK|MASK|MASK|MASK|MASK,[MASK]<｜end▁of▁sentence｜>,[MASK]<｜end▁of▁sentence｜>|MASK<｜end▁of▁sentence｜>|[MASK]<｜end▁of▁sentence｜>|MASK<｜end▁of▁sentence｜>|MASK<｜end▁of▁sentence｜>| MASK<｜end▁of▁sentence｜>,
921,ZDATA,"00"", ""2004 01 01 01:00",False,2,"00"", ""2004 01 01 01:00|ica","00"", ""2004 01 01 01:00","00"", ""2004 01 01 01:00|ica/Phoenix"", ""2004-07-15T00",
922,beanName,beanName,True,2,beanName|beanName,beanName<｜end▁of▁sentence｜>,beanName<｜end▁of▁sentence｜>|beanName<｜end▁of▁sentence｜>,
923,currentSeed,seedRef,False,2,seedRef|seedRef,seedRef<｜end▁of▁sentence｜>,seedRef<｜end▁of▁sentence｜>|seedRef.get()<｜end▁of▁sentence｜>,
924,jsonFields,MASK,False,3,MASK||MASK,[MASK]<｜end▁of▁sentence｜>,[MASK]<｜end▁of▁sentence｜>|  <｜end▁of▁sentence｜>|MASK<｜end▁of▁sentence｜>,
925,clusterStateString,serialized,False,5,serialized|serialized|serialized|serialized|serialized,  serialized<｜end▁of▁sentence｜>,  serialized<｜end▁of▁sentence｜>|serialized<｜end▁of▁sentence｜>|serialized<｜end▁of▁sentence｜>|serialized<｜end▁of▁sentence｜>|serialized<｜end▁of▁sentence｜>,
926,split,,False,5,|split|MASK|MASK|MASK,  <｜end▁of▁sentence｜>,  <｜end▁of▁sentence｜>|split<｜end▁of▁sentence｜>|[MASK]<｜end▁of▁sentence｜>|MASK<｜end▁of▁sentence｜>| MASK<｜end▁of▁sentence｜>,
927,start,MASK,False,2,MASK|MASK,[MASK]<｜end▁of▁sentence｜>,[MASK]<｜end▁of▁sentence｜>|MASK<｜end▁of▁sentence｜>,
928,vStart,MASK,False,9,MASK|MASK|MASK|MASK|MASK|MASK|MASK|MASK|MASK,[MASK]<｜end▁of▁sentence｜>,"[MASK]<｜end▁of▁sentence｜>|[MASK]<｜end▁of▁sentence｜>|MASK<｜end▁of▁sentence｜>|MASK  = vBlock.getFirstValueIndex(valuesPosition);
        int vEnd = |MASK<｜end▁of▁sentence｜>|MASK<｜end▁of▁sentence｜>|MASK<｜end▁of▁sentence｜>|MASK<｜end▁of▁sentence｜>|MASK<｜end▁of▁sentence｜>",
929,metaData,MASK,False,7,MASK|MASK|MASK|MASK|MASK|MASK|MASK,[MASK]<｜end▁of▁sentence｜>,"[MASK]<｜end▁of▁sentence｜>|[MASK]<｜end▁of▁sentence｜>|[MASK]<｜end▁of▁sentence｜>|MASK<｜end▁of▁sentence｜>|MASK<｜end▁of▁sentence｜>|MASK<｜end▁of▁sentence｜>|MASK .get(""useKeyAsProperty""));

        overrideConfig.setKey(""key",
930,dataBuffer,MASK,False,4,MASK|exchange|MASK|MASK,[MASK]<｜end▁of▁sentence｜>,"[MASK]<｜end▁of▁sentence｜>|exchange.getResponse()
				.bufferFactory()
				.allocateBuffer()
|MASK<｜end▁of▁sentence｜>|MASK<｜end▁of▁sentence｜>",
931,actor,,False,7,|||);|||);, <｜end▁of▁sentence｜>," <｜end▁of▁sentence｜>| <｜end▁of▁sentence｜>| <｜end▁of▁sentence｜>|);
	}

	public void setActor (Actor  ) {
		Array| <｜end▁of▁sentence｜>| <｜end▁of▁sentence｜>|);
	}

	public void finish () {
		Array<Action> actions = this",
932,remoteModule,MASK,False,21,MASK|new|;|MASK|remoteOptions|MASK|MASK|MASK|MASK|MASK|MASK|MASK|MASK|MASK|MASK|MASK|MASK|MASK|);||MASK,"   [MASK] 
          , RemoteOptions remoteOptions)
      throws IOException, A","   [MASK] 
          , RemoteOptions remoteOptions)
      throws IOException, A|new RemoteModule())
            .addBlazeModule(new BlockWaitingModule())
|;
  private CommandEnvironment commandEnvironment;

  private void beforeCommand() throws Exception {|  [MASK]<｜end▁of▁sentence｜>|remoteOptions = Options.getDefaults(RemoteOptions.class);
  }

 |  [MASK] 
                  .getActionContextProvider()
                 <｜end▁of▁sentence｜>|  [MASK] 
                    .getActionContextProvider()
                    .getRemoteExecution|[MASK]<｜end▁of▁sentence｜>|[MASK]<｜end▁of▁sentence｜>|[MASK]<｜end▁of▁sentence｜>|[MASK]<｜end▁of▁sentence｜>|[MASK]<｜end▁of▁sentence｜>|[MASK]<｜end▁of▁sentence｜>|[MASK]<｜end▁of▁sentence｜>|[MASK]<｜end▁of▁sentence｜>|MASK<｜end▁of▁sentence｜>|[MASK] 
                  .getActionContextProvider()
                  .getCombinedCache|[MASK]<｜end▁of▁sentence｜>|);
    [MASK] .initialize(env<｜end▁of▁sentence｜>|  <｜end▁of▁sentence｜>|MASK<｜end▁of▁sentence｜>",
933,cmcdConfiguration,MASK,False,13,MASK|MASK|MASK|MASK|MASK||MASK|MASK|MASK|||MASK|mediaItem,"[MASK] Factory;
    private DrmSessionManagerProvider drmSessionManagerProvider;","[MASK] Factory;
    private DrmSessionManagerProvider drmSessionManagerProvider;|[MASK] Factory) {
      this. [MASK] Factory = checkNotNull(| [MASK] <｜end▁of▁sentence｜>| MASK Factory,
          ""MediaSource.Factory#setCmcdConfigurationFactory no longer|[MASK]<｜end▁of▁sentence｜>|  <｜end▁of▁sentence｜>|  MASK  .createCmcdConfiguration(mediaItem);

      return new H|[MASK] ,
          drmSessionManagerProvider.get(mediaItem),
         |[MASK] ;
  private final DrmSessionManager drmSessionManager;
 |

//exoplayer/ext-hls/src/main/java/com/|<｜end▁of▁sentence｜>| MASK<｜end▁of▁sentence｜>|mediaItem,
        localConfiguration,
        /* mediaPeriodId= */ id,
       ",
934,sameVersionEvent,event,False,2,event|event,event<｜end▁of▁sentence｜>,"event<｜end▁of▁sentence｜>|event);
    }

    @TestLogging(value = ""org.elasticsearch",
935,parentAlpha,float,False,3,float|width|MathUtils,", float width, float height) {
		scrollTo(x, y, width,",", float width, float height) {
		scrollTo(x, y, width,|.width);

		float amountY = this.amountY;
		if (|MathUtils.clamp(amountY, 0, maxY));
	}

	/**",
936,member,MASK,False,4,MASK|MASK|insert|member,"[MASK] s can be changed
     *                                in order to inline methods.
    ","[MASK] s can be changed
     *                                in order to inline methods.
    |MASK s can be changed
     *                                in order to inline methods.
     * @|insert the line numbers, possibly partly before previously
        // inserted line numbers.
        lineNumber|member) {}


    public void visitProgramClass(ProgramClass programClass)
   ",
937,patterns,indexPatterns,False,2,indexPatterns|indexPatterns,indexPatterns<｜end▁of▁sentence｜>,"indexPatterns<｜end▁of▁sentence｜>|indexPatterns
           <｜end▁of▁sentence｜>",
938,tempBuf,MASK,False,12,MASK|MASK|MASK|MASK|MASK|MASK|MASK|MASK|MASK|MASK|MASK|MASK,[MASK]<｜end▁of▁sentence｜>,[MASK]<｜end▁of▁sentence｜>|[MASK]<｜end▁of▁sentence｜>|MASK<｜end▁of▁sentence｜>|MASK<｜end▁of▁sentence｜>|[MASK]<｜end▁of▁sentence｜>|MASK<｜end▁of▁sentence｜>|[MASK]<｜end▁of▁sentence｜>|[MASK]<｜end▁of▁sentence｜>|MASK<｜end▁of▁sentence｜>|MASK<｜end▁of▁sentence｜>|[MASK]<｜end▁of▁sentence｜>| MASK<｜end▁of▁sentence｜>,
939,reverse,reverse,True,4,reverse|closeables|closeables|closeables,reverse<｜end▁of▁sentence｜>,"reverse<｜end▁of▁sentence｜>|closeables = new ArrayList<>();
            while (closeables.isEmpty() == false) {|closeables.add(closeables.pop());
            }
            IOUtils.close(|closeables );
        } finally {
            IOUtils.close(closeables);
       ",
940,resolverStyle,reduce,False,13,reduce|MASK|MASK|MASK|MASK|MASK|MASK|MASK|MASK|MASK|MASK|MASK|MASK,"; reduce to weeks in following year
                return ValueRange.of(week - newYearWeek","; reduce to weeks in following year
                return ValueRange.of(week - newYearWeek|[MASK]<｜end▁of▁sentence｜>|MASK<｜end▁of▁sentence｜>|MASK<｜end▁of▁sentence｜>|[MASK]<｜end▁of▁sentence｜>|[MASK]<｜end▁of▁sentence｜>|[MASK]<｜end▁of▁sentence｜>|[MASK]<｜end▁of▁sentence｜>|[MASK]<｜end▁of▁sentence｜>|[MASK]<｜end▁of▁sentence｜>|MASK<｜end▁of▁sentence｜>|MASK<｜end▁of▁sentence｜>|MASK<｜end▁of▁sentence｜>",
941,fieldSupplier,,False,6,|);||||,<｜end▁of▁sentence｜>,"<｜end▁of▁sentence｜>|);
                testCaseSupplier.setSignatureTypes(
                    signatureTypes(testCaseSup| <｜end▁of▁sentence｜>|<｜end▁of▁sentence｜>| <｜end▁of▁sentence｜>|<｜end▁of▁sentence｜>",
942,hitContext,MASK,False,3,MASK|MASK|MASK,[MASK]<｜end▁of▁sentence｜>,[MASK]<｜end▁of▁sentence｜>|MASK<｜end▁of▁sentence｜>|MASK<｜end▁of▁sentence｜>,
943,quantityInStock,MASK,False,12,MASK|MASK|MASK|MASK|MASK|MASK|MASK|MASK|MASK|MASK|MASK|MASK,[MASK] <｜end▁of▁sentence｜>,"[MASK] <｜end▁of▁sentence｜>|[MASK]<｜end▁of▁sentence｜>|[MASK]<｜end▁of▁sentence｜>|MASK<｜end▁of▁sentence｜>|[MASK]<｜end▁of▁sentence｜>|[MASK]<｜end▁of▁sentence｜>|MASK<｜end▁of▁sentence｜>|MASK "", nullable=false)
    public short getMASK() {
        return|[MASK]<｜end▁of▁sentence｜>|MASK <｜end▁of▁sentence｜>|MASK<｜end▁of▁sentence｜>|MASK<｜end▁of▁sentence｜>",
944,rtspHeaders,MASK,False,9,MASK|MASK|MASK|MASK|MASK|MASK|MASK|MASK|MASK,[MASK]  The {@link RtspHeaders} from the session's DESCR,"[MASK]  The {@link RtspHeaders} from the session's DESCR|   [MASK] ,
      MediaDescription mediaDescription,
      Uri             sessionUri|   MASK ,
                sessionUri,
                mediaDescription.attributes.get(ATTR_|MASK<｜end▁of▁sentence｜>|MASK<｜end▁of▁sentence｜>|[MASK]<｜end▁of▁sentence｜>|MASK<｜end▁of▁sentence｜>|MASK<｜end▁of▁sentence｜>| MASK<｜end▁of▁sentence｜>",
945,decimalFormat,UP,False,145,UP|Mode|format|11.5653);|Mode|RoundingMode||result||RoundingMode|oundingMode|HALF_DOWN|format|format|result|result|ILING|assertEquals|of|.3);|);|result|OR|OR|.5);||Mode|format|MASK|result|DecimalFormat|RoundingMode|F_UP|F_UP|0.2);|result||ASK|result|RoundingMode|MASK|Incorrect||HALF_DOWN|MASK|ASK|format|format|result|MASK|ASK|732);|of|result|after|MASK|Incorrect|result|oundingMode|);|result|EN|);|(0.255);|result|);|AssertionFailedError|format|format|AssertionFailedError|}|e|result|result|result|format|result|MASK|result|result|result|MASK|of|result|result|result|format|result|MASK|format|result|result|MASK|result|result|MASK|MASK|format|result|format|format|format|result|MASK|MASK|MASK|format|result|MASK|MASK|MASK|format|result|result|result|MASK|MASK|MASK|MASK|MASK|MASK|MASK|MASK|MASK|MASK|MASK|MASK|MASK|MASK|MASK|MASK|MASK|MASK|MASK|MASK|MASK|MASK|MASK|MASK|MASK|MASK|MASK|MASK|MASK|MASK,"UP of this DecimalFormat and test its
        // behavior
         [MASK] .","UP of this DecimalFormat and test its
        // behavior
         [MASK] .|Mode(RoundingMode.HALF_UP);
        result =  [MASK]|format(11.5653);
        assertEquals(""Incorrect RoundingMode behavior|11.5653);
        assertEquals(""Incorrect RoundingMode behavior: R|Mode.HALF_UP"", ""11.566"", result);

| RoundingMode.UP of this DecimalFormat and test its
        // behavior
         [|
         [MASK] .setRoundingMode(RoundingMode.UP);
       |566"", result);

        result =  [MASK] .format(-11|

        try {
            // when rounding is needed but RoundingMode is set to| RoundingMode behavior: RoundingMode.UNNECESSARY"", ""-11.56|oundingMode.UNNECESSARY"",
                ""11.565"", result);|.HALF_DOWN of this DecimalFormat and test its
        // behavior
| .format(11.5653);
        assertEquals(""Incorrect RoundingMode|] .format(11.5);
        assertEquals(""Incorrect RoundingMode behavior:|"", result);

        result =  [MASK] .format(11.6);| result);

        // set RoundingMode.CEILING of this DecimalFormat and|ILING);
        result =  [MASK] .format(11.3);
| assertEquals(""Incorrect RoundingMode behavior: RoundingMode.CEILING"", ""-11| of this DecimalFormat and test its
        // behavior
         [MASK] .set|.3);
        assertEquals(""Incorrect RoundingMode behavior: RoundingMode.DOWN|);

        result =  [MASK] .format(-11.5);
       | result =  [MASK] .format(0);
        assertEquals(""Incorrect RoundingMode|OR of this DecimalFormat and test its
        // behavior
         [MASK] .|OR"", ""11"", result);

        result =  [MASK] .format(-|.5);
        assertEquals(""Incorrect RoundingMode behavior: RoundingMode.FLO|
        assertEquals(""Incorrect RoundingMode behavior: RoundingMode.FLOOR"", ""|Mode(RoundingMode.HALF_EVEN);
        result =  [M|] .format(5.5);
        assertEquals(""Incorrect RoundingMode behavior: R| [MASK] .format(-5.5);
        assertEquals(""Incorrect RoundingMode|        result =  [MASK] .format(0.2);
        assertEquals(""Incorrect| DecimalFormat and test its
        // behavior
         [MASK] .setRounding|RoundingMode.HALF_UP);
        result =  [MASK] .format|F_UP"", ""6"", result);

        result =  [MASK] .format|F_UP"", ""-6"", result);

        result =  [MASK] .format|0.2);
        assertEquals(""Incorrect RoundingMode behavior: RoundingMode.H|0"", result);

        // set RoundingMode.UP of this DecimalFormat and|
        result =  [MASK] .format(5.5);
        assertEquals(""In|ASK] .format(-5.5);
        assertEquals(""Incorrect RoundingMode behavior:| result);

        result =  [MASK] .format(-0.2);
       | RoundingMode behavior: RoundingMode.UP"", ""-1"", result);

        //|         [MASK] .setRoundingMode(RoundingMode.UNNECESSARY);| ""Incorrect RoundingMode behavior: RoundingMode.UNNECESSARY"", ""1"",|
                ""Incorrect RoundingMode behavior: RoundingMode.UNNECESSARY"", ""-|.HALF_DOWN of this DecimalFormat and test its
        // behavior
| [MASK] .setRoundingMode(RoundingMode.HALF_UP);|ASK] .format(11.5653);
        assertEquals(""Incorrect R|] .format(0.124);
        assertEquals(""Incorrect RoundingMode behavior| .format(0.375);
        assertEquals(""Incorrect RoundingMode behavior after| "".47"", result);

        // set RoundingMode.HALF_D|MASK] .applyPattern("".##"");
        result =  [MASK] .format(|ASK] .format(0.255);
        assertEquals(""Incorrect RoundingMode|732);
        assertEquals(""Incorrect RoundingMode behavior after applyPattern"", "".7| of this DecimalFormat and test its
        // behavior
         [MASK] .set| result =  [MASK] .format(0.125);
        assertEquals(""In| after applyPattern"", "".13"", result);
        result =  [MASK] .format|MASK] .format(0.732);
        assertEquals(""Incorrect Rounding|(""Incorrect RoundingMode behavior after applyPattern"", "".47"", result);

       | result =  [MASK] .format(0.125);
        assertEquals(""In|oundingMode behavior after applyPattern"", "".12"", result);
        result =  [MASK|);
        result =  [MASK] .format(0.732);
       | "".46"", result);

        // set RoundingMode.CEILING of this|EN of this DecimalFormat and test its
        // behavior
         [MASK] .|"");
        result =  [MASK] .format(0.125);
       |(0.255);
        assertEquals(""Incorrect RoundingMode behavior after applyPattern| "".73"", result);
        result =  [MASK] .format(0.4|);
        assertEquals(""Incorrect RoundingMode behavior after applyPattern"", "".46"", result|AssertionFailedError>();

        public void test(String format, String expected, Number| format.format(value));
            } catch (AssertionFailedError e) {
               |format.toPattern() + "": "" + value, expected,
                        format.format(| (AssertionFailedError e) {
                failures.add(e);
            }
| }
            StringBuilder sb = new StringBuilder();
            for (AssertionFailedError e| e : failures) {
                combined.addSuppressed(e);
            }
           |result .setRoundingMode(RoundingMode.HALF_UP);
        result|result .format(11.5653);
        assertEquals(""Incorrect Rounding|result<｜end▁of▁sentence｜>|.format(0.255);
        assertEquals(""Incorrect RoundingMode behavior:|result<｜end▁of▁sentence｜>|[MASK]<｜end▁of▁sentence｜>|result<｜end▁of▁sentence｜>|result<｜end▁of▁sentence｜>|result .format(11.565);
        assertEquals(""Incorrect RoundingMode|[MASK]<｜end▁of▁sentence｜>|of<｜end▁of▁sentence｜>|result .setRoundingMode(RoundingMode.HALF_DOWN);
       |result .format(11.5653);
        assertEquals(""Incorrect Rounding|result .format(-11.3);
        assertEquals(""Incorrect RoundingMode behavior:|.format(11.6);
        assertEquals(""Incorrect RoundingMode behavior: R|result .setRoundingMode(RoundingMode.CEILING);
        result =  result|[MASK]<｜end▁of▁sentence｜>|.format(-11.5);
        assertEquals(""Incorrect RoundingMode behavior: R|result .setRoundingMode(RoundingMode.DOWN);
        result =  result .|result .format(11.3);
        assertEquals(""Incorrect RoundingMode behavior:|[MASK]<｜end▁of▁sentence｜>|result .format(0);
        assertEquals(""Incorrect RoundingMode behavior: RoundingMode|result .setRoundingMode(RoundingMode.FLOOR);
        result =  result|[MASK]<｜end▁of▁sentence｜>|[MASK]<｜end▁of▁sentence｜>|.format(0);
        assertEquals(""Incorrect RoundingMode behavior: RoundingMode.|  result .setRoundingMode(RoundingMode.HALF_EVEN);|.format(5.5);
        assertEquals(""Incorrect RoundingMode behavior: Rounding|.format(-5.5);
        assertEquals(""Incorrect RoundingMode behavior: Rounding|.format(11.5);
        assertEquals(""Incorrect RoundingMode behavior: R|result .setRoundingMode(RoundingMode.HALF_UP);
        result|[MASK]<｜end▁of▁sentence｜>|[MASK]<｜end▁of▁sentence｜>|[MASK]<｜end▁of▁sentence｜>|.format(-0.2);
        assertEquals(""Incorrect RoundingMode behavior: Rounding|result .setRoundingMode(RoundingMode.UP);
        result =  MASK .|[MASK]<｜end▁of▁sentence｜>|[MASK]<｜end▁of▁sentence｜>|MASK<｜end▁of▁sentence｜>|format<｜end▁of▁sentence｜>|result<｜end▁of▁sentence｜>|result<｜end▁of▁sentence｜>|result<｜end▁of▁sentence｜>|[MASK]<｜end▁of▁sentence｜>|[MASK]<｜end▁of▁sentence｜>|MASK .format(0.125);
        assertEquals(""Incorrect RoundingMode|MASK .format(0.255);
        assertEquals(""Incorrect RoundingMode|MASK .format(0.732);
        assertEquals(""Incorrect RoundingMode|MASK .format(0.467);
        assertEquals(""Incorrect RoundingMode|[MASK]<｜end▁of▁sentence｜>|MASK .applyPattern("".##"");
        result =  MASK .format(0.1|MASK .format(0.125);
        assertEquals(""Incorrect RoundingMode|MASK .format(0.255);
        assertEquals(""Incorrect RoundingMode|MASK .format(0.732);
        assertEquals(""Incorrect RoundingMode|MASK<｜end▁of▁sentence｜>|MASK .setRoundingMode(RoundingMode.UP);
         MASK .apply|MASK .applyPattern("".##"");
        result =  MASK .format(0.1|MASK .format(0.125);
        assertEquals(""Incorrect RoundingMode|MASK .format(0.255);
        assertEquals(""Incorrect RoundingMode|MASK .format(0.732);
        assertEquals(""Incorrect RoundingMode|[MASK]<｜end▁of▁sentence｜>|[MASK]<｜end▁of▁sentence｜>|MASK .applyPattern("".##"");
        result =  MASK .format(0.1|MASK .format(0.125);
        assertEquals(""Incorrect RoundingMode|MASK .format(0.255);
        assertEquals(""Incorrect RoundingMode|MASK .format(0.732);
        assertEquals(""Incorrect RoundingMode|MASK<｜end▁of▁sentence｜>|MASK<｜end▁of▁sentence｜>|MASK .applyPattern("".##"");
        result =  MASK .format(0.1|MASK .format(0.125);
        assertEquals(""Incorrect RoundingMode|MASK .format(0.255);
        assertEquals(""Incorrect RoundingMode|MASK .format(0.732);
        assertEquals(""Incorrect RoundingMode|MASK .format(0.467);
        assertEquals(""Incorrect RoundingMode",
946,originalNode,MASK,False,4,MASK|MASK|MASK|MASK,[MASK]<｜end▁of▁sentence｜>,[MASK]<｜end▁of▁sentence｜>|MASK<｜end▁of▁sentence｜>|MASK<｜end▁of▁sentence｜>|MASK<｜end▁of▁sentence｜>,
947,message,message,True,5,message|https|entitlements|MASK|entitlements,"message
                // when the plugin is not installed
              <｜end▁of▁sentence｜>","message
                // when the plugin is not installed
              <｜end▁of▁sentence｜>|                    + ""https://www.elastic.co/guide/en/elasticsearch/reference/|entitlements);

        // move the plugin to the plugins dir
        final Path destination|MASK<｜end▁of▁sentence｜>|entitlements );
        }
    }

    /**
     * Downloads the",
948,strategy,,False,4,|MASK|allocation|MASK,      <｜end▁of▁sentence｜>,      <｜end▁of▁sentence｜>|[MASK]<｜end▁of▁sentence｜>|allocation<｜end▁of▁sentence｜>|MASK<｜end▁of▁sentence｜>,
949,versions,MASK,False,8,MASK|MASK|MASK|MASK|transport|MASK|MASK|version,[MASK]<｜end▁of▁sentence｜>,"[MASK]<｜end▁of▁sentence｜>|MASK<｜end▁of▁sentence｜>|[MASK]<｜end▁of▁sentence｜>|MASK<｜end▁of▁sentence｜>|transport versions and system index mappings versions
     *<｜end▁of▁sentence｜>|MASK<｜end▁of▁sentence｜>|MASK<｜end▁of▁sentence｜>|version<｜end▁of▁sentence｜>",
950,field,arguments,False,2,arguments|arguments,... arguments<｜end▁of▁sentence｜>,... arguments<｜end▁of▁sentence｜>|arguments<｜end▁of▁sentence｜>,
951,pictureType,MASK,False,12,MASK|MASK|MASK|MASK|MASK|MASK|MASK|MASK|MASK|MASK|MASK|MASK,[MASK]<｜end▁of▁sentence｜>,[MASK]<｜end▁of▁sentence｜>|[MASK] <｜end▁of▁sentence｜>|[MASK]<｜end▁of▁sentence｜>|MASK<｜end▁of▁sentence｜>| MASK<｜end▁of▁sentence｜>|[MASK]<｜end▁of▁sentence｜>|[MASK]<｜end▁of▁sentence｜>|[MASK]<｜end▁of▁sentence｜>|MASK<｜end▁of▁sentence｜>| MASK<｜end▁of▁sentence｜>|MASK<｜end▁of▁sentence｜>|  MASK<｜end▁of▁sentence｜>,
952,validPerPosition,MASK,False,5,MASK|MASK|MASK|MASK|MASK,[MASK]<｜end▁of▁sentence｜>,[MASK]<｜end▁of▁sentence｜>|[MASK]<｜end▁of▁sentence｜>|MASK<｜end▁of▁sentence｜>|MASK<｜end▁of▁sentence｜>|MASK<｜end▁of▁sentence｜>,
953,contexts,MASK,False,3,MASK||MASK,[MASK]<｜end▁of▁sentence｜>,[MASK]<｜end▁of▁sentence｜>|  <｜end▁of▁sentence｜>|MASK <｜end▁of▁sentence｜>,
954,latch,MASK,False,3,MASK|MASK|MASK,[MASK]<｜end▁of▁sentence｜>,[MASK]<｜end▁of▁sentence｜>|   MASK<｜end▁of▁sentence｜>|MASK<｜end▁of▁sentence｜>,
955,vVector,MASK,False,11,MASK|MASK|MASK|MASK|MASK|MASK|MASK|MASK|MASK|MASK|MASK,[MASK]<｜end▁of▁sentence｜>,"[MASK]<｜end▁of▁sentence｜>|MASK<｜end▁of▁sentence｜>|[MASK]<｜end▁of▁sentence｜>|MASK<｜end▁of▁sentence｜>|MASK<｜end▁of▁sentence｜>|[MASK]<｜end▁of▁sentence｜>|MASK<｜end▁of▁sentence｜>|MASK ) {
    for (int groupPosition = 0; groupPosition < groups.get|MASK<｜end▁of▁sentence｜>|MASK<｜end▁of▁sentence｜>|MASK<｜end▁of▁sentence｜>",
956,listener,listener,True,2,listener|,listener<｜end▁of▁sentence｜>,listener<｜end▁of▁sentence｜>|  <｜end▁of▁sentence｜>,
957,velocityY,MASK,False,16,MASK|MASK|MASK|MASK|MASK|MASK|MASK|MASK|return|Y|isTouchScrolling|return|MASK|MASK|MASK|MASK," [MASK] ;

	boolean overscrollX = true, overscrollY"," [MASK] ;

	boolean overscrollX = true, overscrollY| [MASK]  =  Math.abs(y) > 150 && scrollY ?| [MASK]  != 0) {
					if (cancelTouchFocus) cancelTouch| MASK  );
				}
			}

			public void panStop (InputEvent|MASK  * alpha * delta;
			clamp();

			// Stop fl| MASK  = 0;
			if (amountY >= maxY + overscrollDistance|MASK  = 0;

			flingTimer -= delta;
			if (| MASK  = 0;
				setScrollbarsVisible(false);
			}
|	return !scrollY || amountY <= 0;
	}

	public boolean isBottomEdge ()|Y >= maxY;
	}

	public void setScrollbarsOnTop (boolean scrollbars| isTouchScrolling () {
		return touchScrollH || touchScrollV;
	}
|		return flickScrollListener.getGestureDetector().isPanning();
	}|[MASK]<｜end▁of▁sentence｜>|[MASK]<｜end▁of▁sentence｜>|MASK<｜end▁of▁sentence｜>|MASK  ;
	}

	/** For flick scroll, if true the actor can be",
958,outputSurfaceInfo,outputSurfaceInfo,True,1,outputSurfaceInfo,"outputSurfaceInfo,
                            @Nullable SurfaceInfo  outputSurfaceInfoForDebug);","outputSurfaceInfo,
                            @Nullable SurfaceInfo  outputSurfaceInfoForDebug);",
959,invocation,invocation,True,5,invocation|MASK|MASK|MASK|MASK,invocation<｜end▁of▁sentence｜>,invocation<｜end▁of▁sentence｜>|[MASK]<｜end▁of▁sentence｜>|[MASK]<｜end▁of▁sentence｜>|MASK<｜end▁of▁sentence｜>|MASK<｜end▁of▁sentence｜>,
960,builder,builder,True,7,builder|MASK|MASK|MASK|MASK|MASK|MASK,builder<｜end▁of▁sentence｜>,builder<｜end▁of▁sentence｜>|[MASK]<｜end▁of▁sentence｜>|[MASK]<｜end▁of▁sentence｜>|MASK<｜end▁of▁sentence｜>|MASK<｜end▁of▁sentence｜>|MASK<｜end▁of▁sentence｜>|MASK<｜end▁of▁sentence｜>,
961,resolverUtil,MASK,False,3,MASK||MASK,[MASK]<｜end▁of▁sentence｜>,"[MASK]<｜end▁of▁sentence｜>|  <｜end▁of▁sentence｜>|MASK
     <｜end▁of▁sentence｜>",
962,element,MASK,False,5,MASK|MASK|MASK|MASK|element,[MASK]<｜end▁of▁sentence｜>,"[MASK]<｜end▁of▁sentence｜>|[MASK] .AnnotationMirror;
import javax.lang.model. [M|MASK .TypeElement;
import javax.lang.model.type.TypeMirror| MASK<｜end▁of▁sentence｜>|element) {
    return """";
  }

  @Override
  protected String null",
963,carry,maxIndex,False,9,maxIndex|maxIndex|maxIndex|maxIndex|UrlValidator|http|a|Data|possible,"maxIndex = true;
      for (int testPartsIndexIndex = testPartsIndex","maxIndex = true;
      for (int testPartsIndexIndex = testPartsIndex|maxIndex ) {
            if (index < part.length - 1) {
              |maxIndex = false;
            } else {
               testPartsIndex[testParts|maxIndex = true;
            }
         }
      }


      return !| UrlValidator validator = new UrlValidator(UrlValidator.ALLOW_2_SL|http://www.google.com#frag""));
   assertFalse(urlValidator.isValid|/a/b/c#frag""));
  }

    @Test
    void| Data --------------------

   private static final String[] schemes = {""http"", ""https""|000+ possible URLs that can be
    * created by combining the following parts:",
964,pIgnoreExceptions,MASK,False,3,MASK|MASK|MASK,[MASK]<｜end▁of▁sentence｜>,[MASK]<｜end▁of▁sentence｜>|[MASK]<｜end▁of▁sentence｜>|MASK<｜end▁of▁sentence｜>,
965,errorMessage,MASK,False,18,MASK|MASK|MASK|MASK|MASK|MASK|MASK|MASK|MASK|MASK|MASK|MASK|MASK|MASK|MASK|MASK|MASK|MASK,[MASK]<｜end▁of▁sentence｜>,"[MASK]<｜end▁of▁sentence｜>|MASK<｜end▁of▁sentence｜>|MASK );
                        } else {
                            TestFmwk.println(  M|[MASK]<｜end▁of▁sentence｜>|MASK<｜end▁of▁sentence｜>|MASK<｜end▁of▁sentence｜>|[MASK]<｜end▁of▁sentence｜>|MASK  != null) {
                result.append( MASK );
            }|MASK );
            }
        } else if (tuple.parse != null &&|[MASK]<｜end▁of▁sentence｜>|MASK  != null) {
                result.append( MASK );
            }|MASK<｜end▁of▁sentence｜>|MASK<｜end▁of▁sentence｜>|MASK<｜end▁of▁sentence｜>|MASK<｜end▁of▁sentence｜>|MASK<｜end▁of▁sentence｜>|MASK<｜end▁of▁sentence｜>|MASK<｜end▁of▁sentence｜>",
966,nameAndTypeItemOffset,MASK,False,10,MASK|addConstantMemberReference|itemOffset|itemOffset|addConstantMethodHandle|memberRefItemOffset|memberRefItemOffset|addConstantDynamicOrInvokeDynamicReference|itemOffset|itemOffset,"[MASK]  =
          classReader.getItem(classReader.readUnsigned","[MASK]  =
          classReader.getItem(classReader.readUnsigned|addConstantMemberReference(
                itemIndex,
                itemTag,
                classReader.|itemOffset + 2, charBuffer),
              classReader.readUTF8(itemOffset + |itemOffset  + 2, charBuffer),
              classReader.readUTF8( itemOffset|   addConstantMethodHandle(
                  itemIndex,
                  classReader.readByte(item|memberRefItemOffset, charBuffer),
              classReader.readUTF8( memberRefItem|memberRefItemOffset  + 2, charBuffer),
              classReader.readByte(member|addConstantDynamicOrInvokeDynamicReference(
              itemTag,
              itemIndex,
|itemOffset , charBuffer),
              classReader.readUTF8( itemOffset  + 2|itemOffset  + 2, charBuffer),
              classReader.readUTF8( itemOffset",
967,columnMatcher,MASK,False,9,MASK|MASK|MASK|MASK|MASK|MASK|MASK|MASK|MASK,  [MASK]<｜end▁of▁sentence｜>,  [MASK]<｜end▁of▁sentence｜>| [MASK]<｜end▁of▁sentence｜>| MASK<｜end▁of▁sentence｜>|[MASK]<｜end▁of▁sentence｜>| MASK<｜end▁of▁sentence｜>|[MASK]<｜end▁of▁sentence｜>|MASK<｜end▁of▁sentence｜>|MASK <｜end▁of▁sentence｜>| MASK<｜end▁of▁sentence｜>,
968,androidMorEarlier,MASK,False,7,MASK|MASK|MASK|MASK|MASK|MASK|MASK,[MASK]<｜end▁of▁sentence｜>,[MASK]<｜end▁of▁sentence｜>|[MASK]<｜end▁of▁sentence｜>|MASK<｜end▁of▁sentence｜>|MASK<｜end▁of▁sentence｜>|MASK<｜end▁of▁sentence｜>|MASK<｜end▁of▁sentence｜>|MASK<｜end▁of▁sentence｜>,
969,concurrencyCompensation,concurrencyCompensation,True,2,concurrencyCompensation|qBar,concurrencyCompensation<｜end▁of▁sentence｜>,"concurrencyCompensation<｜end▁of▁sentence｜>|qBar / concurrencyCompensation;
            double qHat = qHatS",
970,clusterer,MASK,False,8,MASK|MASK|MASK|MASK|MASK|MASK|MASK|MASK,[MASK]<｜end▁of▁sentence｜>,"[MASK]<｜end▁of▁sentence｜>|[MASK]<｜end▁of▁sentence｜>|[MASK]<｜end▁of▁sentence｜>|[MASK]<｜end▁of▁sentence｜>|MASK<｜end▁of▁sentence｜>|MASK<｜end▁of▁sentence｜>|MASK .computeClusters(new Engine(project));
        assertEquals( [MASK|MASK<｜end▁of▁sentence｜>",
971,targetClass,MASK,False,3,MASK|MASK|MASK,[MASK]<｜end▁of▁sentence｜>,[MASK]<｜end▁of▁sentence｜>|MASK<｜end▁of▁sentence｜>|MASK<｜end▁of▁sentence｜>,
972,maxLength,MASK,False,2,MASK|MASK,[MASK]<｜end▁of▁sentence｜>,[MASK]<｜end▁of▁sentence｜>|MASK<｜end▁of▁sentence｜>,
973,apiKey,MASK,False,12,MASK|MASK|MASK|MASK|MASK|MASK|MASK|MASK|MASK|MASK|MASK|MASK,[MASK]<｜end▁of▁sentence｜>,[MASK]<｜end▁of▁sentence｜>|MASK<｜end▁of▁sentence｜>|[MASK]<｜end▁of▁sentence｜>| MASK<｜end▁of▁sentence｜>|[MASK]<｜end▁of▁sentence｜>|MASK<｜end▁of▁sentence｜>|[MASK]<｜end▁of▁sentence｜>|MASK<｜end▁of▁sentence｜>|[MASK]<｜end▁of▁sentence｜>|MASK<｜end▁of▁sentence｜>|MASK<｜end▁of▁sentence｜>|MASK<｜end▁of▁sentence｜>,
974,thisModuleExports,moduleExports,False,2,moduleExports|moduleExports,moduleExports<｜end▁of▁sentence｜>,moduleExports<｜end▁of▁sentence｜>|moduleExports <｜end▁of▁sentence｜>,
975,withNulls,MASK,False,4,MASK|MASK|MASK|MASK,[MASK]<｜end▁of▁sentence｜>,[MASK]<｜end▁of▁sentence｜>|   [MASK]<｜end▁of▁sentence｜>|MASK<｜end▁of▁sentence｜>|MASK<｜end▁of▁sentence｜>,
976,globalCheckpoint,MASK,False,9,MASK|MASK|MASK|MASK|MASK|MASK|replicaShard|MASK|MASK, [MASK]<｜end▁of▁sentence｜>," [MASK]<｜end▁of▁sentence｜>|MASK<｜end▁of▁sentence｜>|0,  [MASK]<｜end▁of▁sentence｜>|[MASK]<｜end▁of▁sentence｜>|[MASK]<｜end▁of▁sentence｜>|  [MASK]<｜end▁of▁sentence｜>|replicaShard.getLastKnownGlobalCheckpoint()<｜end▁of▁sentence｜>|MASK<｜end▁of▁sentence｜>| MASK<｜end▁of▁sentence｜>",
977,separator,separator,True,5,separator|separator|separator|separator|separator,"separator}. For
   * example, {@code join("": "", 1.0,","separator}. For
   * example, {@code join("": "", 1.0,|separator the text that should appear between consecutive values in the resulting
   *     string (but|separator, double... array) {
    checkNotNull(separator);
    if (|separator );
    return join(separator, asList(array));
  }
|separator<｜end▁of▁sentence｜>",
978,parsedHeuristic,MASK,False,5,MASK|MASK|MASK|MASK|MASK,"[MASK] ;
                try (XContentParser stParser = createParser(JsonX","[MASK] ;
                try (XContentParser stParser = createParser(JsonX|MASK<｜end▁of▁sentence｜>|[MASK] <｜end▁of▁sentence｜>|MASK<｜end▁of▁sentence｜>| MASK<｜end▁of▁sentence｜>",
979,otherSettings,settings,False,2,settings|settings,"settings) {
        return Settings.builder()
            .put(super.nodeSettings(","settings) {
        return Settings.builder()
            .put(super.nodeSettings(|settings))
            .put(LifecycleSettings.LIFECYCLE_",
980,expectedMap,MASK,False,5,MASK|MASK|MASK|MASK|MASK,[MASK]<｜end▁of▁sentence｜>,[MASK]<｜end▁of▁sentence｜>|[MASK]<｜end▁of▁sentence｜>|MASK<｜end▁of▁sentence｜>|MASK<｜end▁of▁sentence｜>|MASK<｜end▁of▁sentence｜>,
981,classes,,False,2,|,  <｜end▁of▁sentence｜>,  <｜end▁of▁sentence｜>| <｜end▁of▁sentence｜>,
982,nullability,MASK,False,4,MASK|MASK|MASK|MASK,[MASK]<｜end▁of▁sentence｜>,[MASK]<｜end▁of▁sentence｜>|[MASK]<｜end▁of▁sentence｜>|MASK<｜end▁of▁sentence｜>|MASK<｜end▁of▁sentence｜>,
983,metaAnnotation,,False,12,||||MASK||MASK||||MASK|,<｜end▁of▁sentence｜>,<｜end▁of▁sentence｜>| <｜end▁of▁sentence｜>| <｜end▁of▁sentence｜>| <｜end▁of▁sentence｜>| [MASK]<｜end▁of▁sentence｜>| <｜end▁of▁sentence｜>|[MASK]<｜end▁of▁sentence｜>| <｜end▁of▁sentence｜>| <｜end▁of▁sentence｜>| <｜end▁of▁sentence｜>|MASK<｜end▁of▁sentence｜>|<｜end▁of▁sentence｜>,
984,fieldsProducers,MASK,False,7,MASK|MASK|MASK|MASK|MASK|MASK|in,[MASK]<｜end▁of▁sentence｜>,"[MASK]<｜end▁of▁sentence｜>|[MASK]<｜end▁of▁sentence｜>| [MASK]<｜end▁of▁sentence｜>|MASK<｜end▁of▁sentence｜>|[MASK]<｜end▁of▁sentence｜>| MASK<｜end▁of▁sentence｜>|in.liveDocsCount,
            in.deletedDocs,
            in.",
985,returnType,MASK,False,6,MASK|MASK|MASK|MASK|MASK|MASK,[MASK]<｜end▁of▁sentence｜>,[MASK]<｜end▁of▁sentence｜>|[MASK]<｜end▁of▁sentence｜>|[MASK]<｜end▁of▁sentence｜>|MASK<｜end▁of▁sentence｜>|MASK<｜end▁of▁sentence｜>|MASK<｜end▁of▁sentence｜>,
986,object,that,False,7,that|instances|MASK|MASK|MASK|MASK|MASK,"that converts between strings and doubles using {@link
   * Double#valueOf} and","that converts between strings and doubles using {@link
   * Double#valueOf} and|instances
   * in the array. This means that if you modify the list returned by this|[MASK]<｜end▁of▁sentence｜>|[MASK]<｜end▁of▁sentence｜>|MASK<｜end▁of▁sentence｜>|MASK<｜end▁of▁sentence｜>| MASK<｜end▁of▁sentence｜>",
987,initial,MASK,False,3,MASK|MASK|MASK,[MASK]<｜end▁of▁sentence｜>,[MASK]<｜end▁of▁sentence｜>|MASK<｜end▁of▁sentence｜>|MASK<｜end▁of▁sentence｜>,
988,source,annotation,False,22,annotation|MASK|MASK|MASK|MASK|MASK|MASK|MASK|MASK|MASK|MASK|MASK|MASK|MASK|MASK|MASK|MASK|MASK|MASK|MASK|MASK|MASK,"annotation
 * type.
 *
 * <p>This class is designed to be cached so","annotation
 * type.
 *
 * <p>This class is designed to be cached so|[MASK]<｜end▁of▁sentence｜>| [MASK]<｜end▁of▁sentence｜>| [MASK]<｜end▁of▁sentence｜>| [MASK]<｜end▁of▁sentence｜>|[MASK]<｜end▁of▁sentence｜>|[MASK] , metaAnnotation.annotationType(), metaAnnotation, true, visitedAnnotationTypes);|[MASK]<｜end▁of▁sentence｜>| MASK<｜end▁of▁sentence｜>|[MASK]<｜end▁of▁sentence｜>| MASK<｜end▁of▁sentence｜>| MASK<｜end▁of▁sentence｜>| MASK<｜end▁of▁sentence｜>|[MASK]<｜end▁of▁sentence｜>| MASK<｜end▁of▁sentence｜>| MASK<｜end▁of▁sentence｜>|MASK<｜end▁of▁sentence｜>|MASK<｜end▁of▁sentence｜>|[MASK]<｜end▁of▁sentence｜>|[MASK]<｜end▁of▁sentence｜>|[MASK]<｜end▁of▁sentence｜>|MASK<｜end▁of▁sentence｜>",
989,onScriptError,MASK,False,6,MASK|MASK|MASK|MASK|MASK|MASK,[MASK]<｜end▁of▁sentence｜>,[MASK]<｜end▁of▁sentence｜>|[MASK]<｜end▁of▁sentence｜>|MASK<｜end▁of▁sentence｜>|[MASK ]<｜end▁of▁sentence｜>|MASK<｜end▁of▁sentence｜>|MASK<｜end▁of▁sentence｜>,
990,inferenceEntityId,,False,2,|id, <｜end▁of▁sentence｜>," <｜end▁of▁sentence｜>|   ""id""<｜end▁of▁sentence｜>",
991,allULocales,u010Der,False,3,"u010Der|0 06 01 0:00:00"",|Dnc","00:00"", ""\u010Der"",             ""1970","00:00"", ""\u010Der"",             ""1970|0 06 01 0:00:00"",
            ""LL|010Dnc"",             ""1970 07 01 0",
992,params,params,True,1,params,params<｜end▁of▁sentence｜>,params<｜end▁of▁sentence｜>,
993,minutesStr,pos1,False,6,pos1|for|DATA|DateFormat|DATA|NumberFormat," pos1 = new ParsePosition(0);
        Date date = sdf.parse("," pos1 = new ParsePosition(0);
        Date date = sdf.parse(| for (int i = 0; i < DATA.length; i++) {
           | DATA.length; i++) {
            fmt.setNumberFormat(DATA[i|DateFormat(DATA[i][0]);
            fmt.setNumberFormat(override);| = DATA[i][0];
            String expected = DATA[i][1];|NumberFormat(override);
            } else {
                fmt.setNumberFormat(field",
994,decompressedSize,decompressedSize,True,2,decompressedSize|decompressedSize,"decompressedSize = Math.max(2, 2 * len);
        char[]","decompressedSize = Math.max(2, 2 * len);
        char[]|decompressedSize ];

        int bytesWritten = 0;
        int unich",
995,chunkingSettingsMap,chunkingSettings,False,2,chunkingSettings|chunkingSettings,chunkingSettings<｜end▁of▁sentence｜>,chunkingSettings<｜end▁of▁sentence｜>|chunkingSettings<｜end▁of▁sentence｜>,
996,distance,MASK,False,12,MASK|MASK|MASK|MASK|MASK|MASK|MASK|MASK|MASK|MASK|MASK|MASK, [MASK]<｜end▁of▁sentence｜>," [MASK]<｜end▁of▁sentence｜>|[MASK]<｜end▁of▁sentence｜>|MASK
  * + i) mod array.length}. This is equivalent to {@code Col| [MASK]<｜end▁of▁sentence｜>|[MASK]<｜end▁of▁sentence｜>|[MASK]<｜end▁of▁sentence｜>|[MASK]<｜end▁of▁sentence｜>|MASK<｜end▁of▁sentence｜>| MASK<｜end▁of▁sentence｜>| MASK<｜end▁of▁sentence｜>|  MASK ) % length, the number of places to rotate.
    // m is the|  MASK<｜end▁of▁sentence｜>",
997,contentSupplier,,False,2,|, <｜end▁of▁sentence｜>, <｜end▁of▁sentence｜>| <｜end▁of▁sentence｜>,
998,options,downloader,False,16,downloader|MASK|MASK|MASK|MASK|MASK|MASK|MASK|MASK|MASK|MASK|MASK|MASK|addClasses|commandLine|interceptors,"downloader.RemoteDownloader;
import com.google.devtools.build.lib.","downloader.RemoteDownloader;
import com.google.devtools.build.lib.|[MASK] .Options;
import com.google.devtools.common. [M|[MASK] .Options;
import com.google.devtools.common. [M|MASK .OptionsParser.OptionsParsingResult;
import com.google.devtools|[MASK]<｜end▁of▁sentence｜>| [MASK]<｜end▁of▁sentence｜>|[MASK] .getOptions(CommonCommandOptions.class)).thenReturn(commonCommandOptions|[MASK] .getOptions(PackageOptions.class)).thenReturn(packageOptions);
|[MASK] .getOptions(ClientOptions.class)).thenReturn(clientOptions);
|[MASK] .getOptions(RemoteOptions.class)).thenReturn(remoteOptions);
|[MASK] .getOptions(AuthAndTLSOptions.class)).thenReturn(auth| MASK .getOptions(ExecutionOptions.class)).thenReturn(executionOptions);
    when| MASK<｜end▁of▁sentence｜>|addClasses(Classes(BlazeServerStartupOptions.class).build())
                    .|/* commandLine= */ ImmutableList.of(),
        /* commandEnvironment= */ null,|interceptors) ->
            InProcessChannelBuilder.forName(target).directExecutor",
999,newXml,newXml,True,4,newXml|newXml|Doc|Doc,"newXml = newAndroidManifest.xml.trim();
            final boolean isManifestChanged","newXml = newAndroidManifest.xml.trim();
            final boolean isManifestChanged|newXml);

            if (isManifestChanged) {
                Logger.d|Doc = DocumentHelper.parseText(newAndroidManifest.xml);
                final Document inc|Doc.getRootElement();
                final String packageName = newRootNode.attributeValue(",
