id,ground_truth,prediction,correct,mask_count,all_predictions,raw_prediction,all_raw_predictions,error
0,decodedCapacity,len,False,2,len|len,  len  <｜end▁of▁sentence｜>,  len  <｜end▁of▁sentence｜>|len<｜end▁of▁sentence｜>,
1,canExclude,MASK,False,4,MASK|MASK|MASK|MASK,[MASK]<｜end▁of▁sentence｜>,[MASK]<｜end▁of▁sentence｜>|[MASK]<｜end▁of▁sentence｜>| MASK<｜end▁of▁sentence｜>|MASK<｜end▁of▁sentence｜>,
2,expectedIndexName,MASK,False,4,MASK|MASK|MASK|MASK,  MASK   <｜end▁of▁sentence｜>,  MASK   <｜end▁of▁sentence｜>|MASK<｜end▁of▁sentence｜>|[MASK]<｜end▁of▁sentence｜>|MASK<｜end▁of▁sentence｜>,
3,style,style,True,61,style||Name|style|actor|actor|style|style|style|style|style|style|style|style|style|style|MASK|MASK|MASK|MASK|scrollbarHeight|MASK|see||X|0;|ScrollKnob|vScroll|;|height|() {|actor|public|direction|boolean||ocityX|VelocityY|velocityY|Y|rollY|float|overscrollSpeedMin|Max|rollDistance|MASK|MASK|MASK|MASK|MASK|MASK|MASK|MASK|link|other|other|other|MASK|other|MASK|other,"style;

	/** Actor that is scrolled. */
	public Actor getActor","style;

	/** Actor that is scrolled. */
	public Actor getActor| <｜end▁of▁sentence｜>|Name, ScrollPaneStyle.class));
	}

	/** @param actor May be null|style) {
		setStyle(style);
		setActor(actor);|actor == null) {
			actor = new Actor();
			actor.set|actor  cannot be null."");
		this.actor = actor;
		this.style =|style = style;
		setActor(actor);
		setSize(1|style ;
		this.actor = actor;
		setSize(150,|style) {
		this.style = style;
		invalidateHierarchy();|style == null) throw new IllegalArgumentException("" [style]  cannot be null."");
		this|style  cannot be null."");
		this. [MASK]  =  style ;
	|style = style;
		setStyle(style);
	}

	/** Sets the scroll|style ;
		invalidateHierarchy();
	}

	/** Returns the scroll p|style.
	 * @return The style.
	 * @see #setStyle(Scroll|style <｜end▁of▁sentence｜>|style ;
	}

	/** Sets the scroll pane's  style . Modifying the|[MASK] .background;
		Drawable hScrollKnob =  [MASK|[MASK]<｜end▁of▁sentence｜>|MASK<｜end▁of▁sentence｜>|[MASK]<｜end▁of▁sentence｜>|scrollbarHeight);
		if ( [MASK] .hScroll != null) scroll|[MASK] .vScrollKnob != null) scrollbarWidth = Math.max| * @see #setActor(Actor) */
	@Deprecated
	public void set|
		float amountY = this.amountY;
		float maxX = this|X = x;

		float amountY = this.amountY;
		if|0;
		if ( [MASK] .vScrollKnob != null) width|ScrollKnob != null) width =  [MASK] .vScrollKnob.get|] .vScroll.getMinWidth());
		return width;
	}

	public float|;
	}

	public float getScrollBarX () {
		if (!scrollX)| height of the scrolled viewport. */
	public float getScrollHeight () {
		return| () {
		return actorArea.height;
	}

	/** Returns the width of the| actor is larger than the scroll pane vertically. */
	public boolean isScrollY () {|	public boolean isScrollY () {
		return scrollY;
	}

	/** Returns true| direction. */
	public void disableScroll (boolean scrollX, boolean scrollY) {
	| boolean y) {
		disableX = x;
		disableY = y;|
	}

	public boolean isFlinging () {
		return flickScrollListener.|ocityX () {
		return velocityX;
	}

	public void setVelocity|VelocityY (float velocityY) {
		this.velocityY = velocityY| velocityY;
	}

	/** Gets the flick scroll y velocity. */
	public float|Y () {
		return velocityY;
	}

	public void setScrollbarsOnTop|rollY;
	}

	/** Returns true if overscroll is enabled in the x direction|, float speedMax) {
		overscrollDistance = distance;
		overs|		overscrollSpeedMin = speedMin;
		overscrollSpeedMax =|Max = speedMax;
	}

	/** For flick scroll, sets the overscroll|rollDistance;
	}

	public float getOverscrollSpeedMin () {
	|[MASK]<｜end▁of▁sentence｜>|[MASK]<｜end▁of▁sentence｜>|MASK<｜end▁of▁sentence｜>|MASK .hScroll<｜end▁of▁sentence｜>|MASK .vScrollKnob != null) width =  MASK .vScrollKnob|MASK<｜end▁of▁sentence｜>|MASK<｜end▁of▁sentence｜>|MASK<｜end▁of▁sentence｜>|{@link Drawable}s used to draw the scroll pane. */
	public Scroll|  other<｜end▁of▁sentence｜>|other<｜end▁of▁sentence｜>|other .corner;

			hScroll =  other .hScroll;
			|[MASK] .hScroll;
			hScrollKnob =  [MASK]|other .hScrollKnob;

			vScroll =  other .vScroll;
|MASK<｜end▁of▁sentence｜>|other<｜end▁of▁sentence｜>",
4,methodHandlesLookup,MASK,False,5,MASK|MASK|MASK|MASK|MASK,  [MASK]<｜end▁of▁sentence｜>,  [MASK]<｜end▁of▁sentence｜>|[MASK]<｜end▁of▁sentence｜>|   [MASK]<｜end▁of▁sentence｜>|MASK<｜end▁of▁sentence｜>|MASK<｜end▁of▁sentence｜>,
5,nPredicates,MASK,False,12,MASK|MASK|MASK|MASK|MASK|getProximityPosition|getProximityPosition|MASK|MASK|m_predicates|MASK|MASK,"  [MASK]  = getPredicateCount();
    if ( [MASK]  ","  [MASK]  = getPredicateCount();
    if ( [MASK]  |[MASK]<｜end▁of▁sentence｜>|[MASK]<｜end▁of▁sentence｜>|MASK ; i++)
      {
        m_proximityPositions[i|[MASK]<｜end▁of▁sentence｜>|getProximityPosition - m_predicateIndex: ""+m_predicateIndex);|getProximityPosition());
    // System.out.println(""getPredicateCount:|MASK <｜end▁of▁sentence｜>|[MASK]<｜end▁of▁sentence｜>|m_predicates.length - 1)
          {
            m_foundLast|MASK<｜end▁of▁sentence｜>|MASK<｜end▁of▁sentence｜>",
6,status,impacts,False,8,impacts|MASK|MASK|MASK|MASK|MASK|MASK|MASK,"impacts().get(0).status());
        assertEquals(
            ""Cluster has enough","impacts().get(0).status());
        assertEquals(
            ""Cluster has enough|[MASK]<｜end▁of▁sentence｜>|[MASK]<｜end▁of▁sentence｜>|[MASK]<｜end▁of▁sentence｜>|[MASK]<｜end▁of▁sentence｜>|MASK<｜end▁of▁sentence｜>|MASK (),  MASK );
            assertEquals(
                ""Cluster is close to reaching|MASK<｜end▁of▁sentence｜>",
7,mockXPackLicenseStatus,MASK,False,2,MASK|MASK,  MASK<｜end▁of▁sentence｜>,"  MASK<｜end▁of▁sentence｜>|MASK, MASK, MASK, MASK, MASK, MASK, MASK",
8,typeClsFullName,MASK,False,2,MASK|MASK,  MASK <｜end▁of▁sentence｜>,  MASK <｜end▁of▁sentence｜>|MASK<｜end▁of▁sentence｜>,
9,bytes,MASK,False,8,MASK|MASK|MASK|MASK|MASK|MASK|MASK|MASK,[MASK]<｜end▁of▁sentence｜>,[MASK]<｜end▁of▁sentence｜>|[MASK]<｜end▁of▁sentence｜>|MASK<｜end▁of▁sentence｜>|[MASK]<｜end▁of▁sentence｜>|[MASK] <｜end▁of▁sentence｜>|MASK<｜end▁of▁sentence｜>| MASK<｜end▁of▁sentence｜>|MASK <｜end▁of▁sentence｜>,
10,restoreId,MASK,False,3,MASK|MASK|MASK,  MASK   <｜end▁of▁sentence｜>,  MASK   <｜end▁of▁sentence｜>|[MASK]<｜end▁of▁sentence｜>|   MASK<｜end▁of▁sentence｜>,
11,context,context,True,3,context|context|context,context<｜end▁of▁sentence｜>,context<｜end▁of▁sentence｜>|context.getAnnotatedElement().getAnnotation(DisabledOnOs.class) == null|context<｜end▁of▁sentence｜>,
12,cache,MASK,False,20,MASK|MASK|MASK|MASK|TestingCacheLoaders|MASK|MASK|null|MASK|MASK|MASK|MASK|MASK|MASK|MASK|MASK|MASK|MASK|MASK|MASK,"[MASK] .testing.caches;

import com.google.common. [","[MASK] .testing.caches;

import com.google.common. [|[MASK] .CacheBuilder.newBuilder;
import static com.google.common.|[MASK] .CacheBuilder;
import static com.google.common. [MASK|MASK<｜end▁of▁sentence｜>|TestingCacheLoaders.exceptionLoader;
import static com.google.common. [M|MASK .CacheBuilder;
import com.google.common.  MASK .CacheLoader|MASK .CacheLoader.InvalidCacheLoadException;
import com.google.common. M|null values.
 *
 * <p>This test verifies that a {@link Loading|[MASK]<｜end▁of▁sentence｜>|[MASK]<｜end▁of▁sentence｜>|MASK );
  }

  public void testGet_expireAfterWrite_zero|[MASK]<｜end▁of▁sentence｜>|MASK<｜end▁of▁sentence｜>|MASK<｜end▁of▁sentence｜>|MASK<｜end▁of▁sentence｜>|MASK<｜end▁of▁sentence｜>|MASK<｜end▁of▁sentence｜>|MASK<｜end▁of▁sentence｜>|MASK<｜end▁of▁sentence｜>|MASK<｜end▁of▁sentence｜>",
13,relativePath,a,False,3,a|a|a,"  a = create(""a"");
    PathFragment    b = create(""b"");
   ","  a = create(""a"");
    PathFragment    b = create(""b"");
   |a.hashCode();
    int newResult = a.hashCode();
    assertThat(|a.hashCode()).isEqualTo(oldResult);
    assertThat(a.hashCode",
14,queryBuilder,queryBuilder,True,2,queryBuilder|queryBuilder,queryBuilder<｜end▁of▁sentence｜>,"queryBuilder<｜end▁of▁sentence｜>|queryBuilder );
        }
        if (args.size() > 2) {
           ",
15,printer,printer,True,2,printer|printer,"      printer,
      boolean               verbose,
      boolean               showImports,
     ","      printer,
      boolean               verbose,
      boolean               showImports,
     |printer.append(""<output file target "" + getLabel() + "">"");
 ",
16,sourceBitmapConfig,MASK,False,3,MASK|MASK|MASK,[MASK]<｜end▁of▁sentence｜>,"[MASK]<｜end▁of▁sentence｜>|MASK<｜end▁of▁sentence｜>|MASK  : FALLBACK_BITMAP_CONFIGURATION,
            MASK ",
17,millis,MASK,False,6,MASK|MASK|MASK|MASK|MASK|MASK,[MASK]<｜end▁of▁sentence｜>,[MASK]<｜end▁of▁sentence｜>|[MASK]<｜end▁of▁sentence｜>|MASK<｜end▁of▁sentence｜>|MASK<｜end▁of▁sentence｜>|MASK<｜end▁of▁sentence｜>|MASK<｜end▁of▁sentence｜>,
18,numShards,MASK,False,2,MASK|double,  MASK  <｜end▁of▁sentence｜>,"  MASK  <｜end▁of▁sentence｜>|(double) MASK);

        List<InternalMatrixStats> shardResults = new",
19,fullSchedule,MASK,False,6,MASK|MASK|MASK|MASK|MASK|MASK,  [MASK]<｜end▁of▁sentence｜>,"  [MASK]<｜end▁of▁sentence｜>|   MASK.add(update);
        }
        for (EntityEdit update : updates|   MASK <｜end▁of▁sentence｜>|   [MASK]<｜end▁of▁sentence｜>|MASK<｜end▁of▁sentence｜>|MASK<｜end▁of▁sentence｜>",
20,match,MASK,False,5,MASK|candidates|Collections|MASK|Rank,[MASK]<｜end▁of▁sentence｜>,"[MASK]<｜end▁of▁sentence｜>|candidates<｜end▁of▁sentence｜>|Collections.singletonList( [MASK] )<｜end▁of▁sentence｜>|MASK<｜end▁of▁sentence｜>|Rank = -1;
                    newRecon.judgment = Judgment.",
21,sectionLength,MASK,False,17,MASK|MASK|MASK|MASK|MASK|MASK|MASK|MASK|MASK|MASK|MASK|MASK|buffer|MASK|MASK|MASK|MASK,  [MASK]<｜end▁of▁sentence｜>,"  [MASK]<｜end▁of▁sentence｜>|( [MASK]  * 2)
       <｜end▁of▁sentence｜>|[MASK]<｜end▁of▁sentence｜>|MASK<｜end▁of▁sentence｜>|MASK<｜end▁of▁sentence｜>|[MASK]<｜end▁of▁sentence｜>|[MASK]  % 5) != 2) {
        // Section must be|MASK<｜end▁of▁sentence｜>|[MASK]<｜end▁of▁sentence｜>|[MASK]<｜end▁of▁sentence｜>|[MASK]<｜end▁of▁sentence｜>|[MASK]<｜end▁of▁sentence｜>|buffer.skipBytes(2);
        bitmapData.setPosition(0);
       |MASK <｜end▁of▁sentence｜>|MASK <｜end▁of▁sentence｜>|MASK ) {
      if ( MASK  < 19) {
        return;|MASK<｜end▁of▁sentence｜>",
22,status,status,True,3,status|status|status,status<｜end▁of▁sentence｜>,status<｜end▁of▁sentence｜>|status<｜end▁of▁sentence｜>|status<｜end▁of▁sentence｜>,
23,fooAbs,fooAbs,True,3,fooAbs|rootAbs|rootAbs,"  fooAbs = create(""/foo"");
    PathFragment rootAbs = create(""/"");
   ","  fooAbs = create(""/foo"");
    PathFragment rootAbs = create(""/"");
   |rootAbs);
    assertThat(rootAbs.getParentDirectory()).isNull();
  }|rootAbs.getParentDirectory()).isNull();

    PathFragment fooBarWizAbs",
24,request,request,True,2,request|request,  request<｜end▁of▁sentence｜>,"  request<｜end▁of▁sentence｜>|request
                   <｜end▁of▁sentence｜>",
25,requestUrl,MASK,False,4,MASK|MASK|MASK|MASK,[MASK] = null<｜end▁of▁sentence｜>,"[MASK] = null<｜end▁of▁sentence｜>|[MASK]<｜end▁of▁sentence｜>|MASK<｜end▁of▁sentence｜>|MASK);
            request.addHeader(""Content-Type"", ""application/json""<｜end▁of▁sentence｜>",
26,cmcdConfigurationFactory,cmcdConfigurationFactory,True,6,cmcdConfigurationFactory|cmcdConfigurationFactory|cmcdConfigurationFactory|cmcdConfigurationFactory|cmcdConfigurationFactory|cmcdConfigurationFactory,"cmcdConfigurationFactory;
    private @MetadataType int metadataType;
    private boolean use","cmcdConfigurationFactory;
    private @MetadataType int metadataType;
    private boolean use|cmcdConfigurationFactory) {
      this.cmcdConfigurationFactory =
          checkNotNull(|cmcdConfigurationFactory =
          checkNotNull(
              cmcdConfigurationFactory,
              ""|cmcdConfigurationFactory );
      return this;
    }

    /**
     *| cmcdConfigurationFactory == null
                ? null
                :  [MASK] .create|cmcdConfigurationFactory.createCmcdConfiguration(mediaItem);
      return new Hls",
27,formatBuilder,MASK,False,34,MASK|MASK|checkArgument|checkArgument||MASK|MASK|MASK|MASK|MASK|MASK|MASK|Does||MASK|checkArgument|checkArgument|MASK|checkArgument|MASK|MASK|if|MASK|MASK|MASK|MASK|MASK|checkArgument|Do|MASK|MASK|MASK|MASK|Process,"  [MASK] = new Format.Builder();

    if (mediaDescription.bit","  [MASK] = new Format.Builder();

    if (mediaDescription.bit| MASK.setSampleMimeType(mediaDescription.mimeType)
            .set|   checkArgument(!TextUtils.isEmpty(mimeType), ""missing mime type"");| checkArgument(channelCount != C.INDEX_UNSET);
    }

   |<｜end▁of▁sentence｜>| [MASK] , fmtpParameters, mediaEncoding, channelCount, clockRate);
       |[MASK] , fmtpParameters);
        break;
      case MimeTypes.|[MASK]<｜end▁of▁sentence｜>|[MASK] , fmtpParameters);
        break;
      case MimeTypes.|MASK<｜end▁of▁sentence｜>|[MASK]<｜end▁of▁sentence｜>| MASK<｜end▁of▁sentence｜>| // Does not require a fmtp attribute. Fall through.
      case MimeTypes.A|  <｜end▁of▁sentence｜>|[MASK]<｜end▁of▁sentence｜>|checkArgument(
        profileLevel.length() == 1, ""profile-level-id must|checkArgument .setChannelCount(channelCount);
    checkArgument .setSampleRate(sample|MASK <｜end▁of▁sentence｜>|checkArgument(configBuffer.length % 2 == 0, ""Malformat MPEG4|  [MASK]<｜end▁of▁sentence｜>| MASK<｜end▁of▁sentence｜>|if (profileLevel != null) {
       MASK .setCodecs(MPE|MASK<｜end▁of▁sentence｜>|  [MASK]<｜end▁of▁sentence｜>|[MASK]<｜end▁of▁sentence｜>|[MASK]<｜end▁of▁sentence｜>|[MASK]<｜end▁of▁sentence｜>|checkArgument(profileLevel.length() == 1, ""profile-level-id must be a|// Do nothing.
    }

    if (spsData.profileIdc ==|MASK<｜end▁of▁sentence｜>|[MASK]<｜end▁of▁sentence｜>|[MASK]<｜end▁of▁sentence｜>|MASK<｜end▁of▁sentence｜>|// Process the PPS (Picture Parameter Set).
    byte[] ppsNal",
28,desktopServicesStore,MASK,False,6,MASK|MASK|MASK|MASK|path|path,[MASK]<｜end▁of▁sentence｜>,"[MASK]<｜end▁of▁sentence｜>|[MASK] );
        assertTrue(FileSystemUtils.isDesktopServicesStore( [|MASK ), equalTo(true));

        Files.createFile( path.resolve(""|MASK );
        assertFalse(FileSystemUtils.isDesktopServicesStore( MASK )|path );
        assertFalse(FileSystemUtils.isDesktopServicesStore( MASK ));|path ));

        Files.createFile( path.resolve( ""foo.txt""",
29,roles,MASK,False,3,MASK|MASK|node,  [MASK]<｜end▁of▁sentence｜>,"  [MASK]<｜end▁of▁sentence｜>|[MASK]<｜end▁of▁sentence｜>| node.getRoles()
           <｜end▁of▁sentence｜>",
30,wasPanning,panning,False,2,panning|pointer,  panning<｜end▁of▁sentence｜>,"  panning<｜end▁of▁sentence｜>|  pointer == 0
				&& !panning
				&& !inTapRectangle
",
31,delimiter,MASK,False,4,MASK|MASK|MASK|MASK,[MASK]<｜end▁of▁sentence｜>,[MASK]<｜end▁of▁sentence｜>|MASK<｜end▁of▁sentence｜>|MASK<｜end▁of▁sentence｜>|MASK<｜end▁of▁sentence｜>,
32,events,MASK,False,4,MASK|logger|MASK|MASK,  [MASK]<｜end▁of▁sentence｜>,"  [MASK]<｜end▁of▁sentence｜>|   logger
                .setLevel(Level.TRACE)
               <｜end▁of▁sentence｜>|[MASK] .get(0), containsString(""does not exist""));
        assertThat(|MASK.get(0), containsString(""does not exist""));
        assertThat( MASK",
33,clientId,clientId,True,2,clientId|),clientId  <｜end▁of▁sentence｜>,"clientId  <｜end▁of▁sentence｜>|)
                .apiKey(clientId)
                .apiSecret(clientSecret)
",
34,integer,MASK,False,10,MASK|MASK|MASK|MASK|MASK|MASK|MASK|MASK|MASK|MASK,[MASK]<｜end▁of▁sentence｜>,"[MASK]<｜end▁of▁sentence｜>|[MASK]<｜end▁of▁sentence｜>|MASK<｜end▁of▁sentence｜>|[MASK]<｜end▁of▁sentence｜>|[MASK]<｜end▁of▁sentence｜>|MASK<｜end▁of▁sentence｜>|MASK<｜end▁of▁sentence｜>|MASK .get()] = result.getDocCount();
                if (result.get|MASK .incrementAndGet() < 5);
        long avgCount = LongStream|MASK<｜end▁of▁sentence｜>",
35,drmEventDispatcher,drmEventDispatcher,True,2,drmEventDispatcher|drmEventDispatcher,  drmEventDispatcher<｜end▁of▁sentence｜>,  drmEventDispatcher<｜end▁of▁sentence｜>|   drmEventDispatcher<｜end▁of▁sentence｜>,
36,toExcluded,MASK,False,10,MASK|MASK|MASK|MASK|len|MASK|MASK|MASK|MASK|MASK,[MASK]<｜end▁of▁sentence｜>,"[MASK]<｜end▁of▁sentence｜>|[MASK]<｜end▁of▁sentence｜>| [MASK]<｜end▁of▁sentence｜>|MASK  - 1);
        }

        if (firstEscaped == from|len * 3) - (firstEscaped - from);
        if (decodedCap|[MASK]<｜end▁of▁sentence｜>|MASK<｜end▁of▁sentence｜>|MASK<｜end▁of▁sentence｜>|MASK <｜end▁of▁sentence｜>|MASK  - i);

            charBufIdx += decodeUtf8(",
37,configurations,MASK,False,6,MASK|MASK|MASK|MASK|MASK|getConfigurations,[MASK]<｜end▁of▁sentence｜>,"[MASK]<｜end▁of▁sentence｜>|[MASK]<｜end▁of▁sentence｜>|MASK <｜end▁of▁sentence｜>|MASK<｜end▁of▁sentence｜>|MASK ;
	}

	@Input
	public List<Configuration> getMask() {
|getConfigurations()<｜end▁of▁sentence｜>",
38,unicharsRead,MASK,False,6,MASK||MASK|MASK|bytesWritten|bytesWritten,  [MASK]<｜end▁of▁sentence｜>,"  [MASK]<｜end▁of▁sentence｜>|
                MASK <｜end▁of▁sentence｜>|  MASK<｜end▁of▁sentence｜>|  MASK, 
                    byteBuffer, 0, byteBufferSize);

           |bytesWritten;
            
            // update the no. of bytes written
            totalBytes|bytesWritten<｜end▁of▁sentence｜>",
39,mediaEncoding,mimeType,False,9,mimeType|mimeType|mediaDescription|fmtpParameters|MASK|mimeType|channelCount|mask|profileLevel,mimeType = getMimeTypeFromRtpMediaType(mediaDescription.rtpMap,"mimeType = getMimeTypeFromRtpMediaType(mediaDescription.rtpMap|mimeType;
    String  encoding = mediaDescription.rtpMapAttribute.encoding;|mediaDescription.mimeType);
    String mimeType = getMimeTypeFromR|fmtpParameters.containsKey(PARAMETER_AMR_OCTET_AL|[MASK] , channelCount, clockRate);
    } else if (mimeType|mimeType<｜end▁of▁sentence｜>|channelCount);
  }

  private static int MASK = 0;

 |  mask<｜end▁of▁sentence｜>|profileLevel == null) {
      // If RTPMAP attribute does not include profile-level",
40,status,status,True,4,status|status|status|headersMap,  status<｜end▁of▁sentence｜>,"  status<｜end▁of▁sentence｜>|status<｜end▁of▁sentence｜>|status.code(),  [MASK] .reasonPhrase(), headersMap, inputStream,|headersMap, inputStream, inputStream);
    }

    /**
     * Con",
41,semanticVersion,version,False,4,version|version|stagingHash|stagingHash,  version<｜end▁of▁sentence｜>,"  version<｜end▁of▁sentence｜>|version == null) {
            throw new UserException(
                ExitCodes.CONFIG|stagingHash, pluginId);
            } else {
                baseUrl = nonReleaseUrl|stagingHash, stagingHash, pluginId);
            }
        } else {
",
42,newReceiverNodes,newReceiverNodes,True,3,newReceiverNodes|newReceiverNodes|newReceiverNodes,newReceiverNodes<｜end▁of▁sentence｜>,"newReceiverNodes<｜end▁of▁sentence｜>|newReceiverNodes, incReceivers);
                    for (Element node : incReceiver|newReceiverNodes<｜end▁of▁sentence｜>",
43,serviceTimeEWMA,MASK,False,4,MASK|getQueryNodeId|queryResult|MASK,  [MASK]<｜end▁of▁sentence｜>,  [MASK]<｜end▁of▁sentence｜>|getQueryNodeId<｜end▁of▁sentence｜>|queryResult.getQueryNodeId()<｜end▁of▁sentence｜>|MASK<｜end▁of▁sentence｜>,
44,lexer,,False,29,|MASK|MASK|MASK|MASK|MASK|MASK|MASK|MASK|MASK|MASK|MASK|MASK|size_gen_prefix__|MASK|MASK|MASK|MASK|MASK|MASK|MASK|MASK|MASK|MASK|MASK|MASK|MASK|MASK|MASK, <｜end▁of▁sentence｜>," <｜end▁of▁sentence｜>|[MASK]<｜end▁of▁sentence｜>|[MASK]<｜end▁of▁sentence｜>|[MASK]<｜end▁of▁sentence｜>|[MASK] .matchStat == JSONLexerBase.NOT_MATCH) {|[MASK] .isEnabled(Feature.InitStringFieldAsEmpty)) {
            height|[MASK]<｜end▁of▁sentence｜>|MASK<｜end▁of▁sentence｜>|MASK<｜end▁of▁sentence｜>|[MASK]<｜end▁of▁sentence｜>|[MASK]<｜end▁of▁sentence｜>|[MASK]<｜end▁of▁sentence｜>|[MASK] .matchStat == JSONLexerBase.END) {
                end|size_gen_prefix__, size_gen_deser__);
            if( M|[MASK]<｜end▁of▁sentence｜>|MASK .matchStat == JSONLexerBase.NOT_MATCH) {
               |MASK<｜end▁of▁sentence｜>|[MASK]<｜end▁of▁sentence｜>|MASK .matchStat > 0) {
                _asm_flag_0 |= 4|MASK<｜end▁of▁sentence｜>|[MASK]<｜end▁of▁sentence｜>|[MASK]<｜end▁of▁sentence｜>|[MASK]<｜end▁of▁sentence｜>|[MASK]<｜end▁of▁sentence｜>|[MASK]<｜end▁of▁sentence｜>|MASK<｜end▁of▁sentence｜>|MASK .matchStat > 0) {
                _asm_flag_0 |= 1|MASK .matchStat == JSONLexerBase.NOT_MATCH) {
               |MASK<｜end▁of▁sentence｜>",
45,context,context,True,4,context|context|MASK|MASK,"context
                                , Payload payload, HttpRequestAttachment attachment) throws IOException {
        return","context
                                , Payload payload, HttpRequestAttachment attachment) throws IOException {
        return|context<｜end▁of▁sentence｜>|[MASK]<｜end▁of▁sentence｜>|MASK .watch().id(),
                attachment.id(),
                httpRequest.host(),",
46,paths,MASK,False,10,MASK|MASK|null|null|classPath|null|classPath|null|null|null,[MASK]<｜end▁of▁sentence｜>,"[MASK]<｜end▁of▁sentence｜>|MASK _get_error;

    static {
        try {
            Class<|== null && !method_ [MASK] _get_error) {
                        Class<|null || method_<｜end▁of▁sentence｜>|  classPath<｜end▁of▁sentence｜>|null<｜end▁of▁sentence｜>|classPath
                               <｜end▁of▁sentence｜>|null<｜end▁of▁sentence｜>|null<｜end▁of▁sentence｜>|null _get = null;
                    method_ null<｜end▁of▁sentence｜>",
47,builder,MASK,False,3,MASK|mask|MASK,"  [MASK]  the  [MASK]  to use
	 */
	void","  [MASK]  the  [MASK]  to use
	 */
	void|mask to use
	 * @return  the  mask<｜end▁of▁sentence｜>|  MASK<｜end▁of▁sentence｜>",
48,consumer,updater,False,2,updater|updater,"updater = (map) -> {
            if (map.containsKey(""_","updater = (map) -> {
            if (map.containsKey(""_|updater, validator);

        // THEN affix updater is always expected to",
49,response,response,True,2,response|response,response<｜end▁of▁sentence｜>,response<｜end▁of▁sentence｜>|response<｜end▁of▁sentence｜>,
50,parsed,,False,2,|TopMetricsAggregationBuilder, <｜end▁of▁sentence｜>," <｜end▁of▁sentence｜>|TopMetricsAggregationBuilder
           <｜end▁of▁sentence｜>",
51,useKeyAsProperty,MASK,False,14,MASK|MASK|MASK|MASK|MASK|return|String|MASK|return|String|MASK|MASK|MASK|MASK,"[MASK] =false)
            external.put(""dubbo.override.","[MASK] =false)
            external.put(""dubbo.override.|[MASK] =false)
            external.put(""dubbo.override.|MASK =false)
            System.setProperty(""dubbo.override.key|[MASK]<｜end▁of▁sentence｜>|[MASK] =true)
            external.put(""dubbo.override.|            return interfaceClass;
        }

        public void setInterface(Class interfaceClass)| String getFilter() {
            return filter;
        }

        public void setFilter|[MASK]<｜end▁of▁sentence｜>|return = false)
        public String getKey() {
            return key;
        }|String<｜end▁of▁sentence｜>|[MASK] <｜end▁of▁sentence｜>|MASK <｜end▁of▁sentence｜>|MASK  = MASK ;
        }

        @Parameter(key = ""key3|MASK ;
        }

        @Parameter(key = ""key3"",  M",
52,forwardButton,MASK,False,3,MASK|MASK|MASK,  [MASK] = null<｜end▁of▁sentence｜>,  [MASK] = null<｜end▁of▁sentence｜>|MASK<｜end▁of▁sentence｜>|MASK<｜end▁of▁sentence｜>,
53,random,new,False,6,new|getRandomColor|MASK|MASK|MASK|MASK,new<｜end▁of▁sentence｜>,"new<｜end▁of▁sentence｜>|getRandomColor() {
    return COLORS.get(new Random().nextInt(COLOR|  [MASK]<｜end▁of▁sentence｜>|[MASK]<｜end▁of▁sentence｜>|MASK<｜end▁of▁sentence｜>|MASK<｜end▁of▁sentence｜>",
54,observer,downstream,False,2,downstream|downstream,"downstream, Disposable upstream<｜end▁of▁sentence｜>","downstream, Disposable upstream<｜end▁of▁sentence｜>|downstream<｜end▁of▁sentence｜>",
55,valueBlock,MASK,False,23,MASK|page|MASK|MASK|MASK|MASK|MASK|MASK|MASK|groups|MASK|MASK|MASK|MASK|groups|MASK|MASK|MASK|MASK|groups|MASK|MASK|MASK,[MASK]<｜end▁of▁sentence｜>,"[MASK]<｜end▁of▁sentence｜>|page.getBlock(channels.get(1))
     <｜end▁of▁sentence｜>|[MASK]<｜end▁of▁sentence｜>|[MASK] );
        }

        @Override
        public void add(int|MASK );
        }

        @Override
        public void add(int positionOffset|MASK );
        }

        @Override
        public void close() {
       |[MASK]<｜end▁of▁sentence｜>|[MASK]<｜end▁of▁sentence｜>|[MASK] .getFirstValueIndex(valuesPosition);
        int valueEnd = value|groups.getValueCount(valuesPosition);
        for (int valueOffset = valueStart; value|MASK<｜end▁of▁sentence｜>|MASK ) {
    BytesRef valueScratch = new BytesRef();
|MASK .isNull(valuesPosition)) {
        continue;
      }
      int|MASK .getFirstValueIndex(valuesPosition);
        int valueEnd = valueStart + |groups .getValueCount(valuesPosition);
        for (int valueOffset = valueStart; value|MASK .getBytesRef(valueOffset, valueScratch);
          MaxBytesRef|MASK ) {
    BytesRef valueScratch = new BytesRef();
|[MASK] .isNull(valuesPosition)) {
        continue;
      }
|MASK .getFirstValueIndex(valuesPosition);
      int valueEnd = valueStart + |groups .getValueCount(valuesPosition);
      for (int valueOffset = valueStart; value|MASK<｜end▁of▁sentence｜>|MASK<｜end▁of▁sentence｜>|MASK<｜end▁of▁sentence｜>",
56,calendars,"04 01"",",False,26,"04 01"",|d|SSSSSS|41612233445600000000|12:23:34.456"",|Test|Z|Z|Z|Z|T07|formatter|mm|parse|||try|compare|1];|{|Test|M|M|new|getInstance|"," 04 01"",
            ""0000000000"," 04 01"",
            ""0000000000|d"", ""fp"", ""2010 04 01"",
            ""|SSSSSS"", ""fp"", ""2010-04-16 1|41612233445600000000|12:23:34.456"",

                ""yyyyyy|Test
    public void TestISOEra() {
        String DATA[] = {
|12:00:00.000Z"",
        ""AD 4|Z"", ""AD 4004-10-23T07:0|:00Z"",
        ""CE 4004-10-23|:00:00Z"",
        ""+4004-10-|10-23T07:00:00Z""  , ""AD| formatter = new SimpleDateFormat(""yyyy-MM-dd'T'HH:mm|mm:ss'Z'"", new Locale(""en"", """", """"));
        SimpleDate|            // parse input
            Date date = null;
            try
            {
                date|
            // create expected output string
            String out = data[i + 1];

|

            // create output string
            String out = data[i + 1];

|            try
            {
                out = fmt1.format(dt1);
            }| compare
            if (!out.equals(data[i + 1]))
            {
               |1];
            if (!out.equals(expected))
            {
                errln(""|            {
                errln(""FAIL: "" + in + "" -> "" + out|Test
    public void TestParse() {
        String data[] = {
            ""2|'年M'月d'日"";
        String data[] = {
            ""2|M=hanidec;d=hanidec"";
        ULocale loc = new| new SimpleDateFormat(pattern, override, new ULocale(""zh""));

       |.getInstance(ULocale.CHINA);
        cal.set(200|
        cal.set(2007, Calendar.JULY, 16",
57,serviceKey,MASK,False,4,MASK|payload|watchId|params,"  [MASK]
        , final Payload payload
        , final String watchId
","  [MASK]
        , final Payload payload
        , final String watchId
|payload, watchId))
            .build();
    }

    public HttpRequest|watchId, String actionId, IncidentEventDefaults defaults)
        throws IOException {
|params, params, params, watchId);
        builder.field(Fields.EVENT_TYPE",
58,FAIL_STR,CharacterIterator,False,3,CharacterIterator|Must|in,"CharacterIterator(d);
            if (isVerbose()) {
                logln(""pat","CharacterIterator(d);
            if (isVerbose()) {
                logln(""pat| Must be pattern letter
                        char letter = (char) keySet.iterator().next();
| "" in patterns["" + i + ""] is "" + attr + "" but should be "" +",
59,currentOffset,offset,False,8,offset|classReader|classReader|MASK|classReader|MASK|classReader|int,"  offset = bootstrapMethodsOffset;
      for (int i = 0; i < boot","  offset = bootstrapMethodsOffset;
      for (int i = 0; i < boot|classReader.readUnsignedShort( [MASK] );
         [MASK]|classReader.readUnsignedShort(offset + 1));
        int bootstrapMethodRef|[MASK]  += 2;
        int numBootstrapArguments = classReader.read|classReader );
         [MASK]  += 2;
        int hashCode = class|[MASK]<｜end▁of▁sentence｜>|classReader );
          int bootstrapArgument = classReader.readUnsignedShort( class| int bootstrapArgument = classReader.readUnsignedShort( classReader );
            int",
60,updateDoc,MASK,False,3,MASK|MASK|MASK,  [MASK]<｜end▁of▁sentence｜>,"  [MASK]<｜end▁of▁sentence｜>|   MASK  .setJsonEntity(""{\""doc\"":{\""name\"":\""|MASK<｜end▁of▁sentence｜>",
61,dataStream,MASK,False,21,MASK|MASK|MASK|MASK|MASK||MASK|MASK|MASK|MASK|MASK||MASK|MASK|||template|MASK|MASK|MASK|backingIndexPrefix,[MASK]<｜end▁of▁sentence｜>,"[MASK]<｜end▁of▁sentence｜>|[MASK]<｜end▁of▁sentence｜>|[MASK]<｜end▁of▁sentence｜>|[MASK]<｜end▁of▁sentence｜>|[MASK]<｜end▁of▁sentence｜>| <｜end▁of▁sentence｜>|[MASK]<｜end▁of▁sentence｜>|MASK<｜end▁of▁sentence｜>|MASK<｜end▁of▁sentence｜>|MASK<｜end▁of▁sentence｜>|MASK<｜end▁of▁sentence｜>|<｜end▁of▁sentence｜>|[MASK]<｜end▁of▁sentence｜>|[MASK]<｜end▁of▁sentence｜>| <｜end▁of▁sentence｜>|<｜end▁of▁sentence｜>|template(new Template(new ComposableIndexTemplate.DataStreamTemplate()))
                .build|  MASK, int numDocs) {
        BulkRequest bulkRequest = new Bul|[MASK]<｜end▁of▁sentence｜>|MASK;
        assertThat(backingIndexPrefix.length(), greaterThan(0));|backingIndexPrefix )).actionGet();
    }

    private void indexDocs",
62,delegateHandler,handler,False,3,handler|asInstanceOf|handler,handler<｜end▁of▁sentence｜>,"handler<｜end▁of▁sentence｜>|asInstanceOf(S3HttpHandler.S3Request.class,
                   <｜end▁of▁sentence｜>|   handler<｜end▁of▁sentence｜>",
63,responseDuration,serviceTimeNanos,False,2,serviceTimeNanos|serviceTimeNanos,serviceTimeNanos<｜end▁of▁sentence｜>,serviceTimeNanos<｜end▁of▁sentence｜>|serviceTimeNanos<｜end▁of▁sentence｜>,
64,tokenStream,tokenStream,True,2,tokenStream|tokenStream,"  tokenStream, Analysis analysis, Settings settings<｜end▁of▁sentence｜>","  tokenStream, Analysis analysis, Settings settings<｜end▁of▁sentence｜>|tokenStream<｜end▁of▁sentence｜>",
65,transformState,prevState,False,2,prevState|prevState,prevState<｜end▁of▁sentence｜>,"prevState<｜end▁of▁sentence｜>|prevState);
    }

    @Override
    protected ClusterState update(Res",
66,runMode,runMode,True,2,runMode|runMode,runMode<｜end▁of▁sentence｜>,"runMode<｜end▁of▁sentence｜>|runMode == RunMode.SKIP_KNOWN_FAILURES
                            &&",
67,screenX,screenX,True,2,screenX|screenX,screenX<｜end▁of▁sentence｜>,screenX<｜end▁of▁sentence｜>|screenX<｜end▁of▁sentence｜>,
68,yValUncast,MASK,False,9,MASK|MASK|MASK|MASK|MASK|MASK|MASK|MASK|MASK,"[MASK]  = page.getBlock(channels.get(2));
    if","[MASK]  = page.getBlock(channels.get(2));
    if|MASK<｜end▁of▁sentence｜>|[MASK]<｜end▁of▁sentence｜>|MASK  = page.getBlock(channels.get(2));
    if ( M|MASK .areAllValuesNull()) {
      return;
    }
    DoubleVector|MASK ).asVector();
    Block yDelUncast = page.getBlock(ch|MASK  = page.getBlock(channels.get(2));
    if ( M|MASK .areAllValuesNull()) {
      return;
    }
    DoubleVector|MASK ).asVector();
    Block yDelUncast = page.getBlock(ch",
69,stBuilder,aggregatorFactory,False,3,aggregatorFactory|aggregatorFactory|aggregatorFactory,aggregatorFactory<｜end▁of▁sentence｜>,"aggregatorFactory<｜end▁of▁sentence｜>|aggregatorFactory
           <｜end▁of▁sentence｜>|aggregatorFactory
            .field(""text"")
            .minDocCount(20",
70,userAgent,MASK,False,11,MASK|MASK|MASK|MASK|MASK|MASK|MASK|MASK|MASK|MASK|MASK,[MASK]<｜end▁of▁sentence｜>,"[MASK]<｜end▁of▁sentence｜>|[MASK]<｜end▁of▁sentence｜>|[MASK]<｜end▁of▁sentence｜>|MASK , headers, httpVerb, completeUrl, new MultipartBody(bodyContents), callback|[MASK]<｜end▁of▁sentence｜>|MASK<｜end▁of▁sentence｜>|[MASK]<｜end▁of▁sentence｜>| MASK<｜end▁of▁sentence｜>|MASK <｜end▁of▁sentence｜>|  MASK<｜end▁of▁sentence｜>|  MASK <｜end▁of▁sentence｜>",
71,policy,MASK,False,63,MASK|MASK|MASK|MASK|Name|MASK|Name|Name|Name|MASK|MASK|MASK|MASK|Name|Name|MASK|MASK|MASK|MASK|Name|Name|MASK|Name|Name|MASK|MASK|throws|get|Wait||new|the|test||able|Name|Name|Name|MASK|MASK|MASK|MASK|Name|MASK|MASK|MASK|MASK|MASK|MASK|MASK|MASK|MASK|MASK|snapshotLifecyclePolicy|TEST_REQUEST_TIMEOUT|MASK|snapshotLifecyclePolicy|policy|slm|MASK|policy|MASK|MASK,"[MASK] Name = ""test- [MASK] "";

        internalCluster().","[MASK] Name = ""test- [MASK] "";

        internalCluster().|[MASK] "";

        internalCluster().startMasterOnlyNodes(1);
       |[MASK] Name, ""snap"", NEVER_EXECUTE_CRON_S|[MASK] Name);
        logger.info(""Created snapshot: "" + snapshotA);|Name, List.of(snapshotA)), 1, TimeUnit.MINUTES);|MASK Name);
        logger.info(""Created snapshot B: "" + snapshotB);
|Name Name, List.of(snapshotA, snapshotB)), 1, TimeUnit.|Name, 1, 0, 0);
            assertRegistered( Name Name,|Name Name, List.of(snapshotA));
        }, 1, TimeUnit.|[MASK] Name = ""test- [MASK] "";

        internalCluster().|MASK "";

        internalCluster().startMasterOnlyNodes(1);
        final String|MASK Name, ""snap"", NEVER_EXECUTE_CRON_SCHED|MASK Name);
        logger.info(""Created snapshot: "" + snapshotName);

|Name, 1, 0, 0);
            assertRegistered( Name Name,|Name Name, List.of());
        }, 1, TimeUnit.MINUTES);|MASK Name = ""test- MASK "";

        internalCluster().startMasterOnlyNodes|MASK "";

        internalCluster().startMasterOnlyNodes(1);
        final String|MASK Name, ""snap"", NEVER_EXECUTE_CRON_SCHED|MASK Name);
        logger.info(""Created snapshot: "" + snapshotName);

|Name, 0, 0, 0);
            assertRegistered( Name Name,|Name, 0, 0, 0);
        }, 1, TimeUnit.|MASK Name);
        logger.info(""Created snapshot: "" + snapshotName2);
|Name Name, 1, 1, 0);
            assertRegistered( Name Name|Name<｜end▁of▁sentence｜>|MASK Name = ""test- MASK "";

        internalCluster().startMasterOnlyNodes|MASK "";

        internalCluster().startMasterOnlyNodes(1);
        final String|) throws InterruptedException {
        SnapshotsInProgress snapshotsInProgress = clusterAdmin().|().get(0);
                assertThat(""expected a snapshot with state SUCCESS but it was| Wait for all running operations to complete.
     */
    private void awaitNoMoreRunningOper|
     * but before the SLM callback is called.
     */
    private static class| new CountDownLatch(1);
        private final CountDownLatch latch2 =| the cluster is not yet ready to
                    // receive snapshot info.
                    latch2.| test running, we need to wait for the master to be up again.
                    latch2|
        void awaitAndRun(Runnable runnable) {
            try {
|able runnable) {
            try {
                latch1.await();
|Name, ""snap"", NEVER_EXECUTE_CRON_SCHEDULE,|Name);

        // wait for snapshot to complete and network disruption to stop
        run|Name, 0, 0, 0);
            assertRegistered( Name, List|MASK Name = ""test- [MASK] "";

        internalCluster().startMaster|MASK "";

        internalCluster().startMasterOnlyNodes(1);
        final String|MASK Name, ""snap"", NEVER_EXECUTE_CRON_SCHED|MASK Name);

        // restart snapshot after snapshot finalize, but before SLM callback|Name Name, 0, 0, 0);
            assertRegistered( Name Name|  [MASK] Name, long taken, long failure, long invocationsSinceLastSuccess|[MASK] Name);
        assertNotNull(snapshotLifecycleMetadata);
|[MASK]<｜end▁of▁sentence｜>|[MASK]<｜end▁of▁sentence｜>|  MASK<｜end▁of▁sentence｜>|MASK<｜end▁of▁sentence｜>|  [MASK]<｜end▁of▁sentence｜>|[MASK]<｜end▁of▁sentence｜>|MASK<｜end▁of▁sentence｜>|MASK Name, String snapshotNamePattern, String schedule, String repoId, String indexPattern)|snapshotLifecyclePolicy<｜end▁of▁sentence｜>|   TEST_REQUEST_TIMEOUT,
                TEST_REQUEST_TIMEOUT,
|[MASK]<｜end▁of▁sentence｜>|snapshotLifecyclePolicy
       <｜end▁of▁sentence｜>|policy: "" + e);
            fail(""failed to create  [MASK]  ""|slm policy "" +  [MASK]  + "": "" + e);
        }
|MASK Name + "": "" + e);
        }
    }

    private|policy on the given node,
   <｜end▁of▁sentence｜>|MASK<｜end▁of▁sentence｜>|MASK<｜end▁of▁sentence｜>",
72,width,width,True,12,width|MASK|MASK|||MASK||MASK||||height,width<｜end▁of▁sentence｜>,"width<｜end▁of▁sentence｜>|[MASK] <｜end▁of▁sentence｜>|  [MASK]<｜end▁of▁sentence｜>|<｜end▁of▁sentence｜>| <｜end▁of▁sentence｜>|[MASK]  = in.readInt();
    this.height = in.readInt| <｜end▁of▁sentence｜>|MASK<｜end▁of▁sentence｜>| <｜end▁of▁sentence｜>| <｜end▁of▁sentence｜>| <｜end▁of▁sentence｜>|, height, depth, colors, pictureData);
  }

  /**
   *",
73,colors,colors,True,9,colors|MASK|MASK|MASK|MASK|MASK|MASK|for|MASK,"colors to the data set
       <｜end▁of▁sentence｜>","colors to the data set
       <｜end▁of▁sentence｜>|  [MASK]<｜end▁of▁sentence｜>|[MASK]<｜end▁of▁sentence｜>|MASK .add(c);

        for (int c : ColorTemplate.LIBERT|MASK .add(c);

        for (int c : ColorTemplate.LIBERT|MASK .add(c);

        for (int c : ColorTemplate.PAST|MASK <｜end▁of▁sentence｜>|for (int c : ColorTemplate.LIBERTY_COLORS)
             MASK<｜end▁of▁sentence｜>|MASK );

        //dataSet.setSelectionShift(0f);

       ",
74,extension,MASK,False,13,MASK|MASK|MASK|MASK|MASK|MASK|MASK|MASK|MASK|MASK|MASK|MASK|extension,"[MASK] ;
    if (cachedFile.getAbsolutePath().endsWith","[MASK] ;
    if (cachedFile.getAbsolutePath().endsWith| [MASK]<｜end▁of▁sentence｜>|[MASK]<｜end▁of▁sentence｜>| MASK<｜end▁of▁sentence｜>|MASK <｜end▁of▁sentence｜>|[MASK] ) {
    File file = writeTempFile(url, stream, |[MASK]<｜end▁of▁sentence｜>|[MASK]<｜end▁of▁sentence｜>|MASK<｜end▁of▁sentence｜>|MASK<｜end▁of▁sentence｜>|""."" + MASK<｜end▁of▁sentence｜>|MASK .extension() ) ;
    // Replace all non-alphanumeric characters|extension()<｜end▁of▁sentence｜>",
75,credentials,MASK,False,4,MASK|MASK|MASK|MASK,  [MASK]<｜end▁of▁sentence｜>,"  [MASK]<｜end▁of▁sentence｜>|[MASK] .getRequestMetadata(URI.create(""https://foo.example.org|[MASK] .getRequestMetadata(URI.create(""https://foo.example.org|MASK .getRequestMetadata(URI.create(""https://foo.example.org/bar",
76,missingKeys,keysToGet,False,2,keysToGet|keysToGet,  keysToGet<｜end▁of▁sentence｜>,"  keysToGet<｜end▁of▁sentence｜>|keysToGet, 10),
                enqueueingKeyForExistenceCheck));
",
77,field,and,False,48,"and|values|ss|yyyy|PDT|PT|PDT|PT|PDT|PT|mm|ln||pm|setLenient|ln|}|1970 10 01 0:00:00"",|December|1 0:00:00"",|endars|java|dateStyle|dateTimeStr|that|dateTimeStr|Position|public||Calendar|99, 11, 1, 12, 0, 0);|0, 0, 0);||u4E8C|ren|calendar|2/2012"",                  ""4/2/2012"",|2/2012"" ),|en|uC774|uC9C4|uC774|uC77C|B144|expPtn|dd|sdf|at","and minute.
         *
         * The method DateFormat.parse(String) parse the","and minute.
         *
         * The method DateFormat.parse(String) parse the|values are correct.
     */
    @Test
    public void TestTwoDigitYear|ss.SSS zzz yyyy G"",
            ""yyyy MM dd| ""yyyy MM dd HH:mm:ss.SSS"",

           |30 PDT"",
            ""y/M/d H:mm v"", ""pf|/3 3:30 PT"",
            ""y/M/d H:|3 2:30 PDT"", ""2005 04 03|05/4/3 1:30 PT"",
            // daylight savings|3 3:30 PDT"",
            ""y/M/d H:mm|/1 2:30 PT"", ""2005 10 0|:mm zzz"", ""pf"", ""2005/10/30 |ln("""");
        logln("""");
        logln("""");
        logln(""|
                ""Jan 1 2037 12:00 AM"", ""| pm"",
                ""3:00 pm"", ""3:00 pm"", ""3|setLenient(true);
        f.setLenient(lenient);

       |ln(""fail, date format hashcode not equal"");
        }
        if (!f.| }
        }

        {
            SimpleDateFormat fmt = new SimpleDateFormat(""| ""1970 10 01 0:00:00"",|0"", ""December"",  ""1970 12 01 0:|1 0:00:00"",
            ""LLL"", ""fp"", ""|endars[i].getTimeInMillis()
                            + ""\n Actual time=|.java
    @Test
    public void TestRelativeDateFormat() {
        final|                            dateStyle + "" and locale "" + loc);
                }

                // check that| "" + dateTimeStr);
                    errln(""date format is "" + dateStr);
| that dateStr is in timeStr
                if ( timeStr.toString().indexOf( dateStr| dateTimeStr.toString().indexOf( timeStr.toString() ) < 0 ) {
                   |Position.beginIndex is "" + fp.getBeginIndex() + "" for minutesStr ""|    public void TestRelativeDateFormat2() {
        ULocale loc = ULoc|
        StringBuffer sb1, sb2;
        DateFormat df1, df2;|        Calendar cal = new GregorianCalendar(tz);
        cal.set(20|99, 11, 1, 12, 0, 0);| 0, 0, 0);
        d1 = gcal.getTime();|
            public String pattern;
            public String expected;

            public ChineseDateFormatSymbol|\u4E8C"",
                                                                                ""2012\u58EC|2(ren-chen)"" ),
            new MonthPatternItem( ""en@calendar=d|calendar=dangi"",        DateFormat.SHORT, ""4/2/2"",|2/2012"",                  ""4/2/2012"",                      ""|2/2012"" ),
            new MonthPatternItem( ""en@calendar=|en@calendar=dangi"",        -3,               ""2012-4|\uC774\uC774\uC774\u|784\uC9C4\uB144bis \uC7|4\uC774\uC774\uC774\| 2\uC77C"",
                                                                                ""\uC784\u|B144 5\uC6D4 1"" ),
            new Month| expPtn, String expFmt) {
                localeID = loc;
                style|dd HH:mm B"");
        assertEquals(""yyyy-MM-dd HH:|03700, sdf.parse(""2015-11-1|13 12:00 at night"", k000000, s",
78,streamedBucket,readBucket,False,4,readBucket|readBucket|readBucket|readBucket,  readBucket<｜end▁of▁sentence｜>,"  readBucket<｜end▁of▁sentence｜>|readBucket.getKeyAsString()));
        assertThat(originalBucket.getSubset|readBucket .getSupersetDf()));
        assertThat(originalBucket.get|readBucket <｜end▁of▁sentence｜>",
79,parsed,T00,False,25,T00|ires|k|looks||DateFormat|df|expected|when|H|2010-01-10 12:30:00|u58EC|EC|Item|inese|));|result|applyPattern|MASK|MASK|a|applied|handled|MASK|given,"-01-15T00:00:00Z"", ""zzzz","-01-15T00:00:00Z"", ""zzzz|ires"", ""2004-07-15T00:00:| k = 0; k < looks_length; ++k) {
                    int timeLook =| looks[k];
                    DateFormat formatter = DateFormat.getDateTimeInstance(dateLook|
        cal.set(Calendar.MILLISECOND, 567);
| = DateFormat.getDateInstance(DateFormat.MEDIUM, cal);
           |)df;
                formatters[2].applyPattern(testPattern);
            } else|expected == null) {
                        expected = tmp;
                    } else if (!expected.equals| ""\"" when it should have returned \"""" + expected + ""\"""");
                    }
               |H:mm:ss"", ""2009-06-28 12| ""2010-01-10 12:30:00| ""2012\u58EC\u8FB0\u5E|58EC\u8FB0-4bis-2"",
                                                                                ""\u|Item( ""zh@calendar=chinese"",      -4,               ""201|inese"",      -4,               ""2012年4月2日"",          ""|));
            if(!result.toString().equals(item.expectedResult)) {
                err| result. expected - ""+item.expectedResult+""  but result was - ""+result|.applyPattern(""yyyy-MM-dd HH:mm b"");
        assertEquals(""|[MASK]<｜end▁of▁sentence｜>|[MASK]<｜end▁of▁sentence｜>|a 12-hour time and the day period don't agree with each other, time|applied
        // to the closest day period.
        sdf.applyPattern(""yy|handled<｜end▁of▁sentence｜>|  MASK<｜end▁of▁sentence｜>|given, then the day period is ignored.
        sdf.applyPattern(""yyyy-",
80,hasPostings,hasPostings,True,4,hasPostings|hasPostings|hasPostings|hasDocs,hasPostings<｜end▁of▁sentence｜>,"hasPostings<｜end▁of▁sentence｜>|hasPostings |= fi.hasPostings();
                    hasNorms |<｜end▁of▁sentence｜>|hasPostings;
            this.filteredHasDocValues = hasDocValues;
           |hasDocs() {
            return filteredHasPostings;
        }

        @",
81,array,MASK,False,14,MASK|MASK|MASK|MASK|MASK|MASK|MASK|MASK|MASK|MASK|MASK|MASK|MASK|MASK,[MASK]<｜end▁of▁sentence｜>,[MASK]<｜end▁of▁sentence｜>|[MASK]<｜end▁of▁sentence｜>|[MASK]<｜end▁of▁sentence｜>|[MASK]<｜end▁of▁sentence｜>|[MASK]<｜end▁of▁sentence｜>|[MASK]<｜end▁of▁sentence｜>|MASK<｜end▁of▁sentence｜>|MASK<｜end▁of▁sentence｜>|[MASK]<｜end▁of▁sentence｜>|MASK<｜end▁of▁sentence｜>|MASK<｜end▁of▁sentence｜>|MASK<｜end▁of▁sentence｜>|MASK<｜end▁of▁sentence｜>|MASK<｜end▁of▁sentence｜>,
82,shape,MASK,False,4,MASK|MASK|MASK|MASK,[MASK]<｜end▁of▁sentence｜>,"[MASK]<｜end▁of▁sentence｜>|MASK  );
    }

    private Geometry actual(String wkt, boolean|  MASK<｜end▁of▁sentence｜>|MASK );
    }

    private XContentParser createParser(XContentBuilder json",
83,timeStamp,currTime,False,2,currTime|currTime,"currTime) {
			lastX = x;
			lastY = y","currTime) {
			lastX = x;
			lastY = y|currTime<｜end▁of▁sentence｜>",
84,resources,MASK,False,8,MASK|MASK|MASK|MASK|MASK|MASK|MASK|MASK,[MASK]<｜end▁of▁sentence｜>,[MASK]<｜end▁of▁sentence｜>|[MASK]<｜end▁of▁sentence｜>|[MASK]<｜end▁of▁sentence｜>|[MASK]<｜end▁of▁sentence｜>| MASK<｜end▁of▁sentence｜>|MASK<｜end▁of▁sentence｜>|MASK<｜end▁of▁sentence｜>|MASK<｜end▁of▁sentence｜>,
85,project,MASK,False,17,MASK|MASK|MASK|MASK|MASK|MASK|MASK|MASK|MASK|application|MASK|MASK|createStartScripts|MASK|MASK|MASK|MASK,[MASK]<｜end▁of▁sentence｜>,"[MASK]<｜end▁of▁sentence｜>|[MASK]<｜end▁of▁sentence｜>|[MASK]<｜end▁of▁sentence｜>|MASK) -> MASK .getProjectDir().getAbsolutePath()
					.| MASK<｜end▁of▁sentence｜>|[MASK]<｜end▁of▁sentence｜>| [MASK]<｜end▁of▁sentence｜>|MASK<｜end▁of▁sentence｜>|[MASK]<｜end▁of▁sentence｜>|application as a Spring Boot application."");
		createStartScripts.setDescription(""Generates|[MASK]<｜end▁of▁sentence｜>|MASK<｜end▁of▁sentence｜>|createStartScripts.getConventionMapping()
			.map(""applicationName"", javaApplication|MASK<｜end▁of▁sentence｜>|MASK<｜end▁of▁sentence｜>|MASK<｜end▁of▁sentence｜>| MASK .copySpec().into(""lib"").from(artifactFiles(configuration));
		",
86,depthOfRdepOfRdep,rdepDepth,False,2,rdepDepth|TODO,  rdepDepth<｜end▁of▁sentence｜>,"  rdepDepth<｜end▁of▁sentence｜>|// TODO(bazel-team): rdepDepth is not used.
                                rdep",
87,override,force,False,16,"force|Data|PST|),|,              ""5/2/2012"" ),|u521D|u521D|bis|,                     ""5/2/2012"" ),|-3,               ""2012-4-22"",                    ""20|x29|x29|Format|uC774|uC784|uC6D4","            // force fallback to default timezone when fmt timezone
            // is not named
","            // force fallback to default timezone when fmt timezone
            // is not named
|Data(""yyyy-MM-dd HH:mm:ss ZZZZ"", ""2|0:00 PST"", ""2011/7/1 12:| ),
            new MonthPatternItem( ""en@calendar=chinese"",      DateFormat.|"",              ""5/2/2012"" ),
            new MonthPatternItem(|8\u521D\u4E8C"",
                                                                                ""\u5|08\u521D\u4E8C"",
                                                                                ""2|2012"",                 ""2bis/4/2012"",              ""2|"",                     ""5/2/2012"" ),
            new MonthPatternItem(|        -3,               ""2012-4-22"",                    ""20|-2"",                ""78x29-4-2"",                    ""78x|4-2"",                    ""78x29-5-1"" ),
            new|Format.LONG,  ""2012\u58EC\u8F|uC774\uC774\uC774\uC|uC784\uC9C4\uB144 \uC|44 5\uC6D4 1"" ),
            new MonthPatternItem",
88,boxedArray,MASK,False,3,MASK|MASK|MASK,  [MASK]<｜end▁of▁sentence｜>,"  [MASK]<｜end▁of▁sentence｜>|MASK
        .length
       <｜end▁of▁sentence｜>|MASK<｜end▁of▁sentence｜>",
89,bytes,MASK,False,5,MASK|inputStream|MASK|MASK|MASK,[MASK] <｜end▁of▁sentence｜>,"[MASK] <｜end▁of▁sentence｜>|inputStream =<｜end▁of▁sentence｜>|  MASK <｜end▁of▁sentence｜>|MASK );
			} catch (Exception e) {
				throw new RuntimeException(|  MASK<｜end▁of▁sentence｜>",
90,jsonFile,jsonFile,True,3,jsonFile|jsonFile|jsonFile,  jsonFile<｜end▁of▁sentence｜>,  jsonFile<｜end▁of▁sentence｜>|jsonFile <｜end▁of▁sentence｜>|jsonFile<｜end▁of▁sentence｜>,
91,merged,MASK,False,4,MASK|MASK|MASK|MASK,  [MASK]<｜end▁of▁sentence｜>,"  [MASK]<｜end▁of▁sentence｜>|[MASK]  .clear();
		  [MASK]<｜end▁of▁sentence｜>|MASK<｜end▁of▁sentence｜>|MASK<｜end▁of▁sentence｜>",
92,floatSetting,floatSetting,True,7,floatSetting|Updater|c|assertNull|Updater||Updater,"floatSetting(""foo"", 42.0f, 43.0f, Property","floatSetting(""foo"", 42.0f, 43.0f, Property|Updater.apply(Settings.EMPTY, Settings.EMPTY));
       |(c.a);
        assertNull(c.b);

        assertTrue(| assertNull(c.b);

        assertTrue(settingUpdater.apply(|Updater.apply(build, Settings.EMPTY));
        assertNotNull(c|
        assertEquals(2, c.a.intValue());
        assertEquals(1, c|Updater.apply(Settings.EMPTY, Settings.EMPTY));
       ",
93,cafti_ja_japanese_custGy,DisplayContext,False,2,DisplayContext|StringBuffer,""", DisplayContext.CAPITALIZATION_FOR_MIDDLE_OF_S",""", DisplayContext.CAPITALIZATION_FOR_MIDDLE_OF_S| StringBuffer result = new StringBuffer();
            FieldPosition fp = new FieldPosition(0",
94,model,MASK,False,3,MASK|MASK|MASK,[MASK]<｜end▁of▁sentence｜>,[MASK]<｜end▁of▁sentence｜>|MASK<｜end▁of▁sentence｜>|MASK<｜end▁of▁sentence｜>,
95,inputFrameInfo,inputFrameInfo,True,1,inputFrameInfo,"inputFrameInfo);

  /**
   * Returns the {@link FrameInfo} for the","inputFrameInfo);

  /**
   * Returns the {@link FrameInfo} for the",
96,handler,,False,20,|MASK|MASK|MASK|MASK|MASK|MASK|MASK|MASK|MASK|outputResultTreeFragment|MASK|MASK|MASK|MASK|MASK|MASK|MASK|MASK|MASK, <｜end▁of▁sentence｜>," <｜end▁of▁sentence｜>|[MASK]<｜end▁of▁sentence｜>|[MASK]<｜end▁of▁sentence｜>|[MASK]<｜end▁of▁sentence｜>|[MASK]<｜end▁of▁sentence｜>|[MASK]<｜end▁of▁sentence｜>|MASK<｜end▁of▁sentence｜>|MASK<｜end▁of▁sentence｜>|[MASK]<｜end▁of▁sentence｜>|[MASK]<｜end▁of▁sentence｜>|   outputResultTreeFragment( MASK , obj, support);
                else
                    dtm|MASK, support);
                outputResultTreeFragment .endPrefixMapping(
                    dtm|[MASK]<｜end▁of▁sentence｜>|[MASK]<｜end▁of▁sentence｜>|[MASK]<｜end▁of▁sentence｜>|MASK<｜end▁of▁sentence｜>|   MASK<｜end▁of▁sentence｜>|MASK<｜end▁of▁sentence｜>|MASK<｜end▁of▁sentence｜>|   MASK<｜end▁of▁sentence｜>",
97,includeIncubator,MASK,False,2,MASK|MASK,"  MASK,
                                                        Map<String, Set<String>> exportsByModule,
","  MASK,
                                                        Map<String, Set<String>> exportsByModule,
|MASK
         <｜end▁of▁sentence｜>",
98,threads,tests,False,12,tests|tests|tests|milliseconds|inates||main|);|);|TERMINATED||else,"tests
 * fail.
 *
 * <p>
 * The JSR166","tests
 * fail.
 *
 * <p>
 * The JSR166|tests fail.
 *
 * <li>All assertions in code running in generated tests must|tests must be run with the {@code -ea} VM option.
 *
 * <li|milliseconds, and the
 * {@code LONG_DELAY_MS} constant to|inates(Thread thread) {
//         try {
//             thread.join();
|
//         long startTime = System.nanoTime();
//         try {
//| main thread) and throws an AssertionFailedError.
     */
    void waitForThread|);
        } catch (InterruptedException fail) {
            t.interrupt();
|);
        }
    }

    /**
     * Waits for the specified time|.TERMINATED)
                t.interrupt();
        }
    }

|

    /**
     * Waits for the specified time (in milliseconds) for| else interrupts
     * the thread (in the hope that it may terminate later)",
99,refresh,MASK,False,9,MASK|refresh_interval|MASK|_all|MASK|mask|Map|the|wait_for_close,"[MASK]  to be closed.
 *
 * This test is a bit of a","[MASK]  to be closed.
 *
 * This test is a bit of a|refresh_interval\"":\""1s\"",\""index\"":{\""number_of|[MASK]<｜end▁of▁sentence｜>|_all"")));
            } catch (IOException e) {
                throw new RuntimeException(|[MASK]<｜end▁of▁sentence｜>|mask<｜end▁of▁sentence｜>|(Map<?, ?>) MASK.get(""total"");
            int listeners = (|the  MASK<｜end▁of▁sentence｜>|wait_for_close<｜end▁of▁sentence｜>",
100,additionalParams,params,False,5,params|MASK|params|setParameters|params,params<｜end▁of▁sentence｜>,params<｜end▁of▁sentence｜>|  [MASK]<｜end▁of▁sentence｜>|   params<｜end▁of▁sentence｜>|setParameters<｜end▁of▁sentence｜>|params <｜end▁of▁sentence｜>,
101,arrayPool,byteArrayPool,False,2,byteArrayPool|byteArrayPool,"  byteArrayPool)
      throws IOException {
    if (buffer == null) {
","  byteArrayPool)
      throws IOException {
    if (buffer == null) {
|byteArrayPool);
            } finally {
              ByteBufferUtil.rewind(buffer);",
102,prevState,MASK,False,5,MASK|MASK|request|state|state,[MASK]<｜end▁of▁sentence｜>,"[MASK]<｜end▁of▁sentence｜>|[MASK] .currentKeys()
            .stream()
            .filter(k -|   request.settings(),
                request.transientSettings(),
                request.persistentSettings|state, ClusterState currentState) {
        return state.state();
    }
|state<｜end▁of▁sentence｜>",
103,method,MASK,False,94,MASK|MASK|exceptionInfoVisitor|MASK|MASK|inline|inline|MASK|MASK|code|MASK|MASK|clazz|clazz|MASK|MASK|MASK|clazz|MASK|MASK|MASK|0;|MASK|MASK|MASK|if|MASK|MASK|MASK|MASK|MASK|MASK|MASK|MASK|method|MASK|MASK|codeAttribute|method|MASK|MASK|descriptor|MASK|MASK|codeAttribute|codeAttribute|code|MASK|MASK|MASK|method|MASK|MASK|MASK|MASK|MASK|MASK|new|MASK|codeAttribute|MASK|MASK|MASK|MASK|MASK|MASK|MASK|MASK|MASK|MASK|MASK|MASK|MASK|MASK|MASK|MASK|MASK|MASK|class|class|MASK|MASK|MASK|code|MASK|methods|codeAttribute|MASK|MASK|targetMethod|MASK|MASK|MASK|MASK,"[MASK] s into the code of the
 *  [MASK]  method.","[MASK] s into the code of the
 *  [MASK]  method.|[MASK] s.
 *
 * This visitor is used to inline  [MASK|  exceptionInfoVisitor = new ExceptionInfoVisitor(
                                                                 new ExceptionInfoAdder(|  [MASK] s.
     * @param inlineSingleInvocations indicates whether the| MASK s.
     * @param extraInlinedInvocationVisitor an optional extra visitor|inline  MASK s.
     * @param inlineSingleInvocations indicates whether the single|inline s.
     * @param extraInlinedInvocationVisitor an optional extra visitor for|[MASK] , CodeAttribute codeAttribute)
    {
        // TODO: Remove this|[MASK]  is invoked once or if it is short.
        if (in|code.
        try
        {
            visitCodeAttribute0(clazz,  [|MASK , codeAttribute);
        }
        catch (RuntimeException ex)
        {|MASK s:"");
            System.err.println(""  Target class   = [""+cl|      = [""+clazz.getName()+""]"");
            System.err.println(""|clazz   = [""+clazz.getName()+""]"");
                System.err.println|MASK .getName(clazz)+ MASK .getDescriptor(clazz)+""]|MASK<｜end▁of▁sentence｜>|MASK :"");
            System.err.println(""  Source         = [""+source+|   clazz.accept(new ClassPrinter());
                        MASK<｜end▁of▁sentence｜>|MASK , CodeAttribute codeAttribute)
    {
        // Remember the source if we'|  [MASK] .getName(clazz).equals(""abc"");

            targetClass|MASK .getMethod(clazz);
            targetMethod.accept(targetClass, new|0;
            variableOffset               = 0;
            inlined                      = false;
           | MASK , codeAttribute);

            // Inline the body of the code.
           |[MASK] , codeAttribute);

            // Update the code attribute if any code has|MASK , codeAttribute);
            }

            // Update the super/private/package|   if (allowAccessModification)
                    {
                        clazz.accept(clazz|[MASK]  if it is invoked once or if it is short.
        else|MASK) ==
                      (microEdition ?
                           MAXIMUM_INLINED|MASK .getName(clazz)+ MASK .getDescriptor(clazz)+""]|MASK .getDescriptor(clazz)+""] in [""+
                                   targetClass.getName|MASK  if it is a  [MASK] .
            if (clazz.|MASK );

            // Inline the body of the code.
            copyCode(|MASK , codeAttribute);

            // Update the super/private/package/protected accessing|MASK , CodeAttribute codeAttribute)
    {
        // Remember the source if we'|method.
        source = inlining ?
            clazz.getName()                                 + '|[MASK] .getName(clazz)                       +
             [MASK] .get|MASK .getDescriptor(clazz) +
            "":0:0"" :
|codeAttribute,
                                                     codeAttributeComposer);

        // Insert the line numbers|method.
     *
     * The parameters are stored in new local variables, and the parameters|[MASK] )
    {
        // The code may expand, due to expanding constant|MASK .getDescriptor(clazz);
        boolean isStatic =
            ( [M|descriptor.charAt(0) == ClassConstants.TYPE_VOID) ||
           |MASK , CodeAttribute codeAttribute)
    {
        // The code may expand, due|[MASK] , codeAttribute, 0, codeAttribute.instructions);

       |codeAttribute, codeAttributeComposer);

        // Copy the line numbers.
        copied|codeAttribute, this);

        // Insert the line numbers.
        codeAttribute.|code.
        // If the code is empty, we can't insert a line number<｜end▁of▁sentence｜>|[MASK] .getName(clazz)       +
                 [MASK] .get|MASK .getDescriptor(clazz) +
                "":0:0"" :
|[MASK]<｜end▁of▁sentence｜>|method.
        if (inlining)
        {
            String source =
               |MASK .getName(clazz)       +
                 MASK .getDescriptor(clazz|MASK .getDescriptor(clazz) +
                "":0:0"";

|[MASK] , CodeAttribute codeAttribute, int offset, Instruction instruction)
    {|MASK , CodeAttribute codeAttribute, int offset, SimpleInstruction simpleInstruction)
   |MASK<｜end▁of▁sentence｜>|MASK<｜end▁of▁sentence｜>|new  [MASK]<｜end▁of▁sentence｜>|[MASK]  is in the constant pool of the target class.
                if (constant|codeAttribute<｜end▁of▁sentence｜>|[MASK]  invocation<｜end▁of▁sentence｜>|MASK , codeAttribute, offset, constantInstruction);
                    }
                    else
                   |[MASK]  if it is a  [MASK]  in the same class.|[MASK]  if it is not abstract, or if it is abstract
            // and|MASK<｜end▁of▁sentence｜>|[MASK]  if it is abstract, native, or synchronized, or if it
|[MASK]  into itself.
            (!programMethod.getName(programClass).equals|MASK .
            // This is a hack, because the  [MASK]  can|[MASK]  that is not in the same class as the  [MASK] |[MASK]  if it is not in the same class.
            (!programClass.|[MASK]  if it doesn't invoke a  [MASK]  or a|[MASK]  if it doesn't invoke a super  [MASK]  or|MASK<｜end▁of▁sentence｜>|MASK  that is invoked from the inlined code.
            // This might happen if|[MASK]  if it doesn't branch forward.
            (!ForwardBranch|[MASK]  is allowed.
            // If the  [MASK]  is|[MASK] <｜end▁of▁sentence｜>|[MASK]  being inlined is synchronized, and the  [MASK]
|class, or if it is invoked with an empty stack.
            (!SynchronizedBlock|class is not
            // marked as synchronized, or if the  MASK  to be|[MASK]  if it doesn't catch exceptions, or if it
            // is|MASK  if it doesn't invoke a  MASK  with an empty
            //|MASK  if it doesn't have any side effects.
            !SideEffectMarker.|code.
            programMethod.instructionsAccept(programClass,  [MASK] ,|[MASK]<｜end▁of▁sentence｜>|methods.
            programMethod.attributesAccept(programClass,  [MASK] Invocation|  codeAttribute, this);

            // Update the optimization information of the target  MASK|MASK , CodeAttribute codeAttribute, LineNumberInfo lineNumberInfo)
    {
       |MASK<｜end▁of▁sentence｜>|      = [""+targetMethod.getName(targetClass)+targetMethod.getDescriptor(target|  MASK  <｜end▁of▁sentence｜>|MASK .getName(clazz)+ [MASK] .getDescriptor(clazz)|MASK .getDescriptor(clazz)+""]"");
                    System.err.println(""|MASK , CodeAttribute codeAttribute, ExceptionInfo exceptionInfo)
    {
        exceptionInfo",
104,invocation,InvocationInfo,False,8,InvocationInfo|mock||mock|Info|Info|returnedValue|," InvocationInfo;
import org.mockito.  mock<｜end▁of▁sentence｜>"," InvocationInfo;
import org.mockito.  mock<｜end▁of▁sentence｜>|  mock
           <｜end▁of▁sentence｜>| <｜end▁of▁sentence｜>|mock<｜end▁of▁sentence｜>|Info.isValidReturnType(returnedValue)) {
            throw wrongTypeReturnedBy|   Info<｜end▁of▁sentence｜>|returnedValue.getClass().getSimpleName(),
                     Info .getMethodName());
| <｜end▁of▁sentence｜>",
105,visibility,link,False,7,link|package_group|MASK|MASK|overrides|MASK|ruleContext,"{@link VisibilityProvider} and {@link RequiredConfigFragmentsProvider}
 *","{@link VisibilityProvider} and {@link RequiredConfigFragmentsProvider}
 *|  package_group}'s {@code includes} attribute.
 *
 * <p>An|[MASK] ,
      ImmutableClassToInstanceMap<TransitiveInfoProvider> overr|MASK<｜end▁of▁sentence｜>|overrides} parameter), not the information describing the {@code
   *       actual} underlying|MASK<｜end▁of▁sentence｜>|   ruleContext.getRule()
                            .getOwner()
                            .getLabel()
",
106,docCount,docCount,True,2,docCount|docCount,  docCount<｜end▁of▁sentence｜>,  docCount<｜end▁of▁sentence｜>|docCount<｜end▁of▁sentence｜>,
107,entryCount,MASK,False,2,MASK|MASK,  MASK <｜end▁of▁sentence｜>,  MASK <｜end▁of▁sentence｜>|MASK<｜end▁of▁sentence｜>,
108,scale,MASK,False,10,MASK|MASK|scale|MASK|MASK|MASK|MASK|value|value|MASK,[MASK]<｜end▁of▁sentence｜>,"[MASK]<｜end▁of▁sentence｜>|MASK<｜end▁of▁sentence｜>|scale of the decay function. This scale is used to compute the
     * final value of the|[MASK]<｜end▁of▁sentence｜>|[MASK]  parameters are
     *<｜end▁of▁sentence｜>|[MASK]<｜end▁of▁sentence｜>|[MASK]<｜end▁of▁sentence｜>|value given by the user
     * @param value
     *            the raw<｜end▁of▁sentence｜>|value
     * @return the final scale value<｜end▁of▁sentence｜>|MASK<｜end▁of▁sentence｜>",
109,skippedShards,MASK,False,14,MASK|MASK|||MASK|MASK|successfulShards|MASK|MASK|MASK|MASK|MASK|MASK|MASK,[MASK]  = 0<｜end▁of▁sentence｜>,"[MASK]  = 0<｜end▁of▁sentence｜>|  [MASK] <｜end▁of▁sentence｜>|<｜end▁of▁sentence｜>| <｜end▁of▁sentence｜>|  MASK<｜end▁of▁sentence｜>|[MASK]  = searchResponse.getSkippedShards();
            failedShards =|successfulShards,
             [MASK]<｜end▁of▁sentence｜>|MASK  = in.readVInt();
        this.failedShards = in.read|[MASK] );
        out.writeVInt(failedShards);
        if|MASK<｜end▁of▁sentence｜>|  MASK<｜end▁of▁sentence｜>|MASK 
            && failedShards == other.failedShards
            && Objects| MASK  ,
            failedShards,
            completionStatus,
            clusters
       | MASK <｜end▁of▁sentence｜>",
110,fromUser,fromUser,True,1,fromUser,"fromUser) {

        if (seekBar.getId() == R.id.seek","fromUser) {

        if (seekBar.getId() == R.id.seek",
111,additionalSettings,clusterSettings,False,2,clusterSettings|clusterSettings,  clusterSettings<｜end▁of▁sentence｜>,"  clusterSettings<｜end▁of▁sentence｜>|clusterSettings
        );
        apmIndexTemplateRegistry = new APMIndexTemplateRegistry(",
112,bgBottomHeight,MASK,False,6,MASK|MASK|bgRightWidth|MASK|scroll|return,[MASK]<｜end▁of▁sentence｜>,"[MASK]<｜end▁of▁sentence｜>|MASK<｜end▁of▁sentence｜>|bgRightWidth, bgTopHeight, MASK);
		actorArea.set(actor|MASK);

		float scrollbarHeight = 0, scrollbarWidth = 0;| scroll amount is changed. */
	protected void visualScrollX (float pixelsX) {
|	return amountY;
	}

	public void setScrollPercentX (float percent) {",
113,bootstrapMethodIndex,return,False,10,return|Symbol|Index|hashCode|Symbol|in|typeTableIndex1|2);|{|Code,   * @return the index of a new or already existing type #@link Symbol} with the,"   * @return the index of a new or already existing type #@link Symbol} with the|(Symbol.FORWARD_UNINITIALIZED_TYPE_TAG, value,|Index);
    Entry entry = get(hashCode);
    while (entry != null|hashCode == hashCode
          && entry.data == labelIndex
          && entry.value|, Symbol.FORWARD_UNINITIALIZED_TYPE_TAG, value,| in the type table of this symbol table. Does nothing if the type table
   * already contains|[typeTableIndex1].data
            : typeTable[typeTableIndex2].data;|2);
    Entry entry = get(hashCode);
    while (entry != null| {
      if (entry.tag == Symbol.MERGED_TYPE_TAG &&|Code == hashCode && entry.data == data) {
        return entry.index;
",
114,checksumUrlString,NamedComponents,False,5,NamedComponents|_COMPONENTS_FILE|PLUGIN_CLI_CLASSPATH_JAR|OT|for,"NamedComponents(classReaders);
        Path nameComponentFile = pluginRoot.resolve(""","NamedComponents(classReaders);
        Path nameComponentFile = pluginRoot.resolve(""|_COMPONENTS_FILE);
        Files.createDirectories(outputFile.getParent|PLUGIN_CLI_CLASSPATH_JAR =
            InstallPluginAction.class|OT, ""%s/%s"", System.getenv(""ES_PLUGIN_CL| for jar hell
     *
     * @param info
     * @param pluginRoot
",
115,tuple,MASK,False,34,MASK|MASK|MASK|MASK|MASK|MASK|MASK|MASK|MASK|MASK|MASK|fileLine|MASK|MASK|MASK|MASK|MASK|MASK|MASK|MASK|MASK|MASK|MASK|MASK|MASK|MASK|MASK|MASK|MASK|MASK|MASK|MASK|MASK|Utility,[MASK]<｜end▁of▁sentence｜>,"[MASK]<｜end▁of▁sentence｜>|[MASK]<｜end▁of▁sentence｜>|[MASK]<｜end▁of▁sentence｜>|MASK<｜end▁of▁sentence｜>|[MASK]<｜end▁of▁sentence｜>|MASK<｜end▁of▁sentence｜>|MASK<｜end▁of▁sentence｜>|MASK<｜end▁of▁sentence｜>|MASK<｜end▁of▁sentence｜>|MASK<｜end▁of▁sentence｜>|[MASK]<｜end▁of▁sentence｜>|fileLine<｜end▁of▁sentence｜>|[MASK]<｜end▁of▁sentence｜>|[MASK]<｜end▁of▁sentence｜>|MASK<｜end▁of▁sentence｜>|   [MASK]<｜end▁of▁sentence｜>|[MASK]<｜end▁of▁sentence｜>|MASK<｜end▁of▁sentence｜>|[MASK] .format != null &&  [MASK] .output != null|[MASK]<｜end▁of▁sentence｜>|[MASK]<｜end▁of▁sentence｜>|[MASK]<｜end▁of▁sentence｜>|MASK .output != null) {
            String errorMessage = codeUnderTest.to|MASK );
            if (errorMessage != null) {
                result.append(| MASK .toLocalizedPattern != null) {
            String errorMessage = codeUnder|MASK .output != null) {
            String errorMessage = codeUnderTest.parse|MASK .output != null) {
            String errorMessage = codeUnderTest.parse|MASK );
            if (errorMessage != null) {
                result.append(|MASK .parse != null &&  MASK .output != null) {
           |MASK .output != null) {
            String errorMessage = codeUnderTest.parse|MASK );
            if (errorMessage != null) {
                result.append(|MASK .select != null &&  MASK .output != null &&  MASK|MASK<｜end▁of▁sentence｜>|Utility.escape(fileLine)<｜end▁of▁sentence｜>",
116,ascUrl,equals,False,4,equals|file|_PERMISSIONS|CONTINUE,".equals(parentDirName) && ""MacOS"".equals(file.getFileName().toString",".equals(parentDirName) && ""MacOS"".equals(file.getFileName().toString|(file, attrs, ""bin"");
                } else if (""config"".equals(parent|_PERMISSIONS);
                } else if (""config"".equals(parentDirName))|CONTINUE;
            }
        });
    }

    /**
     *",
117,bufferSize,MASK,False,14,MASK|MASK|MASK|MASK||MASK|MASK|MASK|MASK|MASK||MASK|length|MASK,[MASK]<｜end▁of▁sentence｜>,"[MASK]<｜end▁of▁sentence｜>| [MASK]<｜end▁of▁sentence｜>|[MASK]<｜end▁of▁sentence｜>|  [MASK]<｜end▁of▁sentence｜>|<｜end▁of▁sentence｜>|[MASK] <｜end▁of▁sentence｜>|[MASK] );
    }
  }

  /** Thrown when an {@| MASK<｜end▁of▁sentence｜>|MASK<｜end▁of▁sentence｜>| MASK<｜end▁of▁sentence｜>| <｜end▁of▁sentence｜>|MASK ;
  }

  @Override
  public void onCacheFull() {|length
          <｜end▁of▁sentence｜>|  MASK<｜end▁of▁sentence｜>",
118,flushedDocs,numDocs,False,4,numDocs|numDocs|numDocs|replica,"numDocs = between(1, 100);
            for (int i = ","numDocs = between(1, 100);
            for (int i = |numDocs + nonFlushedDocs;
            shards.indexDocs( [|numDocs);
            shards.syncGlobalCheckpoint();
            shards.sync|   replica.shardId(),
                        replica.getPendingPrimaryTerm()
                );",
119,request,the,False,12,the|this|handleRequestInternal|request|request|request|request|request|request|request|request|request,"the request
 * method is not supported)</li>
 * <li>If session","the request
 * method is not supported)</li>
 * <li>If session|this controller to be
 * able to be handled by this controller. This ensures that derived
 *|handleRequestInternal()</td>
 * </tr>
 * <tr>
|request, a ServletException will be thrown</td>
 * </tr>
|request. If the value is 0 (zero),
 * no caching will be done.|request<｜end▁of▁sentence｜>|request<｜end▁of▁sentence｜>|request<｜end▁of▁sentence｜>|request<｜end▁of▁sentence｜>|request<｜end▁of▁sentence｜>|request<｜end▁of▁sentence｜>|request<｜end▁of▁sentence｜>",
120,disconnect,disconnect,True,6,disconnect|disconnect|disconnect|disconnect|disconnect|disconnect,"disconnect timeout.
		 */
		private Duration disconnect = Duration.ofSeconds","disconnect timeout.
		 */
		private Duration disconnect = Duration.ofSeconds|disconnect<｜end▁of▁sentence｜>|disconnect <｜end▁of▁sentence｜>|disconnect) {
			this.disconnect = disconnect;
		}

		public|disconnect  = disconnect ;
		}

		public Duration getKeyValue(String mask|disconnect <｜end▁of▁sentence｜>",
121,fmtRelDateTime,MM,False,2,MM|y,"MM d, yyyy"", new ULocale(""en"", ""US"", """"));
","MM d, yyyy"", new ULocale(""en"", ""US"", """"));
|(""y"", reused_nf);
        if (!fmt.getNumberFormat('",
122,tableCat,MASK,False,5,MASK|MASK|MASK||clusterName,[MASK] = null<｜end▁of▁sentence｜>,"[MASK] = null<｜end▁of▁sentence｜>|   MASK = cluster;
            } else {
                indexPattern = indexName;
|MASK<｜end▁of▁sentence｜>|
                                [MASK] ,
                                indexName,
                                IndexCompatibility.compatible(|   clusterName<｜end▁of▁sentence｜>",
123,factory,blockFactory,False,1,blockFactory,"blockFactory
       <｜end▁of▁sentence｜>","blockFactory
       <｜end▁of▁sentence｜>",
124,modulePredicate,DEFAULT_MODULE_PREDICATE,False,3,DEFAULT_MODULE_PREDICATE|modulePredicate|modulePredicate,"DEFAULT_MODULE_PREDICATE(boolean includeIncubator) {
        return","DEFAULT_MODULE_PREDICATE(boolean includeIncubator) {
        return|modulePredicate
       <｜end▁of▁sentence｜>|modulePredicate
                   <｜end▁of▁sentence｜>",
125,conditionLatch,latch2,False,3,latch2|latch|assertThat,  latch2<｜end▁of▁sentence｜>,"  latch2<｜end▁of▁sentence｜>|   latch.countDown();
                            latch2.countDown();
                            return new|   assertThat(FutureUtils.get(fut, 10, TimeUnit.SECON",
126,percentDelta,delta,False,3,delta|MASK|MASK,"  delta, Actor target<｜end▁of▁sentence｜>","  delta, Actor target<｜end▁of▁sentence｜>|[MASK]<｜end▁of▁sentence｜>|MASK<｜end▁of▁sentence｜>",
127,target,type,False,2,type|type,"  type,
			Class<?>[] interfaces, MemberCategory[] memberCategories)","  type,
			Class<?>[] interfaces, MemberCategory[] memberCategories)|type, memberCategories<｜end▁of▁sentence｜>",
128,childContext,,False,1,, <｜end▁of▁sentence｜>, <｜end▁of▁sentence｜>,
129,hasFallback,foo,False,4,foo|recatedListSetting|foo|foo,"foo.deprecated"", ""foo.deprecated"")
            .put(""foo.non_deprecated"",","foo.deprecated"", ""foo.deprecated"")
            .put(""foo.non_deprecated"",|recatedListSetting.get(settings);
        assertTrue(deprecatedListSetting.exists(settings|"", ""foo.deprecated2"")
            .put(""foo.non_deprecated"", ""foo|"", ""foo.non_deprecated1,foo.non_deprecated2"")
            .build",
130,blocks,MASK,False,4,MASK|MASK|MASK|ctx,"[MASK] , int offset, IntArrayBlock selected) {
    state.toInter","[MASK] , int offset, IntArrayBlock selected) {
    state.toInter|MASK<｜end▁of▁sentence｜>|MASK<｜end▁of▁sentence｜>| ctx.result<｜end▁of▁sentence｜>",
131,clusterName,getCluster,False,6,getCluster|MASK|MASK|MASK|MASK|MASK,getCluster<｜end▁of▁sentence｜>,getCluster<｜end▁of▁sentence｜>|[MASK]<｜end▁of▁sentence｜>|[MASK]<｜end▁of▁sentence｜>|MASK<｜end▁of▁sentence｜>|   MASK<｜end▁of▁sentence｜>|MASK<｜end▁of▁sentence｜>,
132,incXmlOutput,MASK,False,4,MASK|MASK|MASK|MASK,"  [MASK] = new File(config.mTempResultDir, TypedValue.","  [MASK] = new File(config.mTempResultDir, TypedValue.|[MASK] .exists()) {
                     [MASK] .getParentFile().mk|   MASK  .getParentFile().mkdirs();
                }
                OutputStream|MASK));
                    final XMLWriter docWriter = new XMLWriter(os);
                    doc",
133,snapshotLifecyclePolicyMetadata,MASK,False,6,MASK|MASK|MASK|MASK|MASK|MASK,  [MASK]<｜end▁of▁sentence｜>,  [MASK]<｜end▁of▁sentence｜>|[MASK]<｜end▁of▁sentence｜>|MASK <｜end▁of▁sentence｜>|MASK <｜end▁of▁sentence｜>|MASK<｜end▁of▁sentence｜>|MASK<｜end▁of▁sentence｜>,
134,reader,MASK,False,6,MASK|MASK|MASK|MASK|MASK|MASK,  [MASK]<｜end▁of▁sentence｜>,  [MASK]<｜end▁of▁sentence｜>|[MASK]<｜end▁of▁sentence｜>|MASK<｜end▁of▁sentence｜>|MASK<｜end▁of▁sentence｜>|MASK<｜end▁of▁sentence｜>|MASK<｜end▁of▁sentence｜>,
135,start,MASK,False,8,MASK|setOutput|MASK|attribute|namespace|len|len|write,[MASK]<｜end▁of▁sentence｜>,"[MASK]<｜end▁of▁sentence｜>|setOutput(String encoding)
        throws IOException {
        if (encoding == null)
|MASK sWith(""utf"")) {
                unicode = true;
            }
       |attribute(String namespace, String name, String value)
        throws IOException {
        if (!|</""+namespace+""}""+name+"">"");

        if (pending)|  len) throws IOException {
        check(false);
        indent[depth] =|0, len<｜end▁of▁sentence｜>|write a new one when necessary.
        data = data.replace(""]]>"", ""]]",
136,nodeIds,nodeIds,True,2,nodeIds|nodeIds,nodeIds<｜end▁of▁sentence｜>,"nodeIds<｜end▁of▁sentence｜>|nodeIds
            .stream()
           <｜end▁of▁sentence｜>",
137,digest,MASK,False,16,MASK|Util|MASK|MASK|MASK|MASK|MASK|MASK|MASK|MASK|MASK|MASK|MASK|MASK|MASK|MASK,[MASK]<｜end▁of▁sentence｜>,"[MASK]<｜end▁of▁sentence｜>|Util = new DigestUtil(SyscallCache.NO_CACHE, exec|[MASK]<｜end▁of▁sentence｜>|MASK);
  }

  public void addFileArtifact(ActionInput fileArt|[MASK]<｜end▁of▁sentence｜>|[MASK]<｜end▁of▁sentence｜>|[MASK]<｜end▁of▁sentence｜>|MASK ;
  }

  public Digest createScratchInput(ActionInput|[MASK]<｜end▁of▁sentence｜>|MASK Util.compute(inputFile);
    setDigest(input,  MASK|MASK .getHash());
    return  MASK ;
  }

  public|MASK ;
  }

  public Digest createScratchInputSymlink(|MASK  =  MASK Util.compute(inputFile);
    setDigest(input| MASK Util.compute(inputFile);
    setDigest(input,  MASK|MASK .getHash());
    return  MASK ;
  }

  public|MASK ;
  }

  public Digest createScratchInputSymlink(",
138,unused,channel,False,1,channel,  channel = downloader.getChannel().withChannelBlocking(ch -> new Object());,  channel = downloader.getChannel().withChannelBlocking(ch -> new Object());,
139,skipLen,totalRead,False,2,totalRead|totalRead,  totalRead<｜end▁of▁sentence｜>,"  totalRead<｜end▁of▁sentence｜>|totalRead + bufLen > length) { // reach the end
                return null;
           ",
140,fmtOffset,buf,False,10,buf|buf|pos|tzS|fmtDstOffset|tzS|tzS|tzS|fmtDstOffset|fmtDstOffset,"  buf = new StringBuffer();
        /*
         * Loop through the tzs","  buf = new StringBuffer();
        /*
         * Loop through the tzs|   buf.setLength(0);
                    buf.append(sdf.format(t|pos);
            } catch (Exception e) {
                logln(""Exception:"" + e|tzS = new UnicodeString(tz.getID());
            // String fmtDst|fmtDstOffset == null || fmtDstOffset.equals("""") || fmtDst|tzS.substring(3,  [MASK] .length());
                fmtD|tzS .substring(3,  [MASK] .length());
            }
|tzS .length());
            }
            if (fmtDstOffset == null)|fmtDstOffset + "" "" + ttz.getDisplayName() + "" ""
|fmtDstOffset + "" *** FAIL ***"");
            }

        }
",
141,constantValueAttribute,constantValueAttribute,True,2,constantValueAttribute|field,"constantValueAttribute)
    {
        // Retrieve the constant field value.
        value","constantValueAttribute)
    {
        // Retrieve the constant field value.
        value|field,
                                                      constantValueAttribute .u2constantValueIndex);
    }

",
142,isChanged,MASK,False,7,MASK|invalidationType|key|MASK|isDone|entry|invalidationType,[MASK]<｜end▁of▁sentence｜>,"[MASK]<｜end▁of▁sentence｜>|invalidationType == InvalidationType.CHANGED
        <｜end▁of▁sentence｜>|key.functionName() != null
              <｜end▁of▁sentence｜>|MASK<｜end▁of▁sentence｜>|isDone<｜end▁of▁sentence｜>|entry.isDirty()
          <｜end▁of▁sentence｜>|invalidationType == InvalidationType.CHANGED
        <｜end▁of▁sentence｜>",
143,dateString,ss,False,15,"ss|Date|getDefault|ale|else|GMT|Instance|Format|D8|u05F4|),|6000,  0,  1, 12,  0, ""\|u05D0|12-1969 00:00:00|Item",":ss zzz"", Locale.US);
        logln(""format(199",":ss zzz"", Locale.US);
        logln(""format(199| Date date;
        DateFormat formatter;
        date = new Date(859|.getDefault();
        TimeZone.setDefault(TimeZone.getTimeZone(""G|ale.setDefault(Locale.US);
        DateFormat formatter = DateFormat.| else
            errln(""FAIL: Test timezone = "" + testtimezone);
|01 00:00:00 GMT 1997
       |Instance(DateFormat.FULL, DateFormat.FULL, Locale.US);
|Format.FULL, Locale.US);
        DateFormat dfJapanese = Date|D8 \u05D1\u05D0\u05DC\|u05F4\u05D8"" ),
            new CalAndFmt| ),
            new CalAndFmtTestItem(   0, 6000,| 6000,  0,  1, 12,  0, ""\|2,  0, ""\u05D0\u05F3 \u0|12-1969 00:00:00
        DateFormat|Item {
            public String locale;
            public int style;
            public String pattern;",
144,unusedIterator,,False,4,|unusedStubs|unusedStubs|unusedStubs, <｜end▁of▁sentence｜>," <｜end▁of▁sentence｜>|unusedStubs.iterator()
           <｜end▁of▁sentence｜>|unusedStubs<｜end▁of▁sentence｜>|unusedStubs<｜end▁of▁sentence｜>",
145,fieldName,MASK,False,3,MASK|MASK|MASK,"[MASK] , String  [MASK] , String  [MASK]<｜end▁of▁sentence｜>","[MASK] , String  [MASK] , String  [MASK]<｜end▁of▁sentence｜>|[MASK]<｜end▁of▁sentence｜>|MASK<｜end▁of▁sentence｜>",
146,periodDurationUs,windowDurationUs,False,3,windowDurationUs|MASK|windowDurationUs,"  windowDurationUs =
        playlist.durationUs - playlist.startTimeUs;","  windowDurationUs =
        playlist.durationUs - playlist.startTimeUs;|/*  [MASK] = */ playlist.durationUs,
        /* windowDurationUs|windowDurationUs= */ playlist.durationUs,
        /* windowPositionInPeriodUs=",
147,usedBuiltInTokenizers,usedBuiltInTokenFilters,False,15,usedBuiltInTokenFilters|usedTokenizers|usedBuiltInTokenFilters|usedBuiltInTokenFilters|usedBuiltInTokenFilters|usedBuiltInTokenFilters|usedBuiltInTokenFilters|usedBuiltInTokenFilters|usedBuiltInTokenFilters|usedBuiltInTokenFilters|usedBuiltInTokenizers|usedBuiltInTokenFilters|usedBuiltInTokenFilters|usedBuiltInTokenFilters|usedBuiltInTokenizers,"usedBuiltInTokenFilters = new HashMap<>();
        final Map<String,","usedBuiltInTokenFilters = new HashMap<>();
        final Map<String,|  usedTokenizers.computeIfAbsent(tokenizer, IndexFeatureStats::new);
|usedBuiltInTokenFilters<｜end▁of▁sentence｜>|usedBuiltInTokenFilters.keySet().removeAll(usedBuiltInTokenFil|usedBuiltInTokenFilters, usedBuiltInAnalyzers;
    private final|usedBuiltInTokenFilters<｜end▁of▁sentence｜>|usedBuiltInTokenFilters<｜end▁of▁sentence｜>|usedBuiltInTokenFilters <｜end▁of▁sentence｜>|usedBuiltInTokenFilters<｜end▁of▁sentence｜>|usedBuiltInTokenFilters <｜end▁of▁sentence｜>|usedBuiltInTokenizers;
    }

    /**
     * Return the set|usedBuiltInTokenFilters<｜end▁of▁sentence｜>|usedBuiltInTokenFilters )
            && Objects.equals(usedBuiltIn|usedBuiltInTokenFilters<｜end▁of▁sentence｜>|usedBuiltInTokenizers);
        toXContentCollection(builder, params, ""built",
148,pOwner,MASK,False,2,MASK|MASK,  [MASK]<｜end▁of▁sentence｜>,  [MASK]<｜end▁of▁sentence｜>|MASK<｜end▁of▁sentence｜>,
149,button,MASK,False,2,MASK|MASK,[MASK]<｜end▁of▁sentence｜>,[MASK]<｜end▁of▁sentence｜>|MASK<｜end▁of▁sentence｜>,
150,parent,parent,True,11,parent|parent|MASK|MASK|MASK|MASK|child|MASK|MASK|MASK|MASK,parent<｜end▁of▁sentence｜>,"parent<｜end▁of▁sentence｜>|parent node, and the policy data.
     *
     * @param  [MASK|[MASK]  a PolicyNodeImpl that's the parent of this node, or
|[MASK]<｜end▁of▁sentence｜>|MASK<｜end▁of▁sentence｜>|[MASK] <｜end▁of▁sentence｜>|child node
     * @param validPolicy a String representing this node's valid policy OID|MASK , PolicyNodeImpl node) {
        this( [MASK] , node.|MASK<｜end▁of▁sentence｜>|MASK<｜end▁of▁sentence｜>|MASK<｜end▁of▁sentence｜>",
151,vBlock,MASK,False,23,MASK|page|MASK|MASK|MASK|MASK|MASK|MASK|MASK|groups|MASK|MASK|MASK|MASK|groups|MASK|MASK|MASK|MASK|groups|MASK|MASK|MASK,  [MASK]<｜end▁of▁sentence｜>,"  [MASK]<｜end▁of▁sentence｜>|page.getBlock(channels.get(1))
     <｜end▁of▁sentence｜>|[MASK]<｜end▁of▁sentence｜>|MASK  );
        }

        @Override
        public void add(int position|MASK<｜end▁of▁sentence｜>|MASK );
        }

        @Override
        public void close() {
       |[MASK] ) {
    for (int groupPosition = 0; groupPosition < groups|[MASK]<｜end▁of▁sentence｜>| [MASK]<｜end▁of▁sentence｜>|groups<｜end▁of▁sentence｜>| MASK<｜end▁of▁sentence｜>|MASK ) {
    for (int groupPosition = 0; groupPosition < groups.get|MASK .isNull(valuesPosition)) {
        continue;
      }
      int|MASK .getFirstValueIndex(valuesPosition);
        int vEnd = vStart + |groups .getValueCount(valuesPosition);
        for (int vOffset = vStart; v|MASK .getInt(vOffset);
          state.set(groupId, SumIntAggreg|MASK ) {
    for (int groupPosition = 0; groupPosition < groups.get|MASK .isNull(valuesPosition)) {
        continue;
      }
      int|MASK .getFirstValueIndex(valuesPosition);
      int vEnd = vStart + |groups .getValueCount(valuesPosition);
      for (int vOffset = vStart; v|MASK .getInt(vOffset);
        state.set(groupId, SumIntAggreg|MASK ) {
    if ( [MASK] .mayHaveNulls()) {
|MASK<｜end▁of▁sentence｜>",
152,fieldNamesToHighlight,MASK,False,2,MASK|MASK,  [MASK]<｜end▁of▁sentence｜>,"  [MASK]<｜end▁of▁sentence｜>|MASK
                .stream()
                .filter(f -> context.getSearchExecution",
153,unicodeFilePath,path_unicode,False,3,path_unicode|path_unicode|path_unicode,"   path_unicode = filesSetup.getPathInTestDir(""पर�","   path_unicode = filesSetup.getPathInTestDir(""पर�|path_unicode, new byte[0]);
        assertTrue(Files.exists(path|path_unicode, READ);
    }

    @Test
    public void test",
154,failuresAllowed,MASK,False,23,MASK|MASK|MASK|MASK|MASK|MASK|MASK|MASK|MASK|MASK|MASK|MASK|MASK|MASK|MASK|minScore|MASK|MASK|minScore|minScore|Objects|MASK|MASK,"  [MASK]  = (boolean) args[5];
            ChunkScorerConfig","  [MASK]  = (boolean) args[5];
            ChunkScorerConfig|   MASK ,
                    chunkScorerConfig
                );
        });

    public|[MASK] ;
    private final Float minScore<｜end▁of▁sentence｜>|MASK ,
        ChunkScorerConfig chunkScorerConfig
    ) {
       |MASK  =  [MASK] ;
        this.chunkScorerConfig = chunk|MASK  ;
        this.chunkScorerConfig = chunkScorerConfig;
|[MASK] ,
        String retrieverName,
        List<QueryBuilder>|[MASK]<｜end▁of▁sentence｜>|MASK<｜end▁of▁sentence｜>|MASK ,
        String retrieverName,
        List<QueryBuilder> preFilter|MASK  =  MASK ;
        this.retrieverName = retrieverName|MASK ;
        this.retrieverName = retrieverName;
        this|[MASK] <｜end▁of▁sentence｜>|[MASK]<｜end▁of▁sentence｜>|[MASK]<｜end▁of▁sentence｜>| minScore,
                [MASK]<｜end▁of▁sentence｜>|MASK<｜end▁of▁sentence｜>| MASK <｜end▁of▁sentence｜>|minScore != null ) {
            builder.field(MIN_SCORE_FIELD|minScore);
        }
        if (retrieverName != null) {
|Objects.equals(retrieverName, that.retrieverName)
            && Object|MASK <｜end▁of▁sentence｜>|MASK  , chunkScorerConfig);
    }

    @Override
    public",
155,lowerCaseArch,MASK,False,4,MASK|MASK|MASK|osArch,  [MASK]<｜end▁of▁sentence｜>,  [MASK]<｜end▁of▁sentence｜>|[MASK]<｜end▁of▁sentence｜>|MASK<｜end▁of▁sentence｜>|osArch<｜end▁of▁sentence｜>,
156,programClassCounter,MASK,False,3,MASK|null|MASK,  [MASK]<｜end▁of▁sentence｜>,"  [MASK]<｜end▁of▁sentence｜>|null,
                                                    null,
                                                    null,
                                                    null));

                   |MASK
                       <｜end▁of▁sentence｜>",
157,updates,MASK,False,15,MASK|MASK|MASK|MASK|MASK|MASK|MASK|MASK|MASK|MASK|updates|MASK|MASK|MASK|MASK,"[MASK] .UpdateScheduler;

import java.util.List;

","[MASK] .UpdateScheduler;

import java.util.List;

|[MASK]<｜end▁of▁sentence｜>|[MASK]<｜end▁of▁sentence｜>|[MASK] .EntityEdit;
import org.openrefine.wikibase|[MASK]<｜end▁of▁sentence｜>|[MASK]<｜end▁of▁sentence｜>|[MASK]<｜end▁of▁sentence｜>|MASK .TermedStatementEntityEdit;
import org.openrefine.wikib|[MASK]  that refer to this id.
     * 
     * The key|[MASK]  that refer to new entities,<｜end▁of▁sentence｜>|updates
     * are stored in {@link #pointerUpdates} and {@link #pointerFree|[MASK]<｜end▁of▁sentence｜>| MASK<｜end▁of▁sentence｜>|  [MASK]<｜end▁of▁sentence｜>|MASK<｜end▁of▁sentence｜>",
158,groups,MASK,False,3,MASK|MASK|MASK,  [MASK]<｜end▁of▁sentence｜>,  [MASK]<｜end▁of▁sentence｜>|[MASK]<｜end▁of▁sentence｜>|MASK<｜end▁of▁sentence｜>,
159,expectedPolicy,expectedPolicySet,False,8,expectedPolicySet|expectedPolicy|generatedByPolicyMapping|expectedPolicy|expected|expectedPolicy|expectedPolicy|expectedPolicy,expectedPolicySet a<｜end▁of▁sentence｜>,"expectedPolicySet a<｜end▁of▁sentence｜>|expectedPolicy<｜end▁of▁sentence｜>|generatedByPolicyMapping)
            mOriginalExpectedPolicySet = true;
        else if (|expectedPolicy<｜end▁of▁sentence｜>|expected policy to the expected policy set.
     * If this is the original expected policy set initialized|expectedPolicy
     *       <｜end▁of▁sentence｜>|expectedPolicy<｜end▁of▁sentence｜>|expectedPolicy );
    }

    /**
     * Removes all expected policies which don",
160,colorIndex,MASK,False,3,MASK|MASK|MASK,  MASK<｜end▁of▁sentence｜>,  MASK<｜end▁of▁sentence｜>|(MASK & 0x80)<｜end▁of▁sentence｜>|MASK<｜end▁of▁sentence｜>,
161,tokenInfos,tokens,False,5,tokens|tokens|tokens|tokens|tokens,tokens<｜end▁of▁sentence｜>,"tokens<｜end▁of▁sentence｜>|tokens, notNullValue());
        assertThat(tokens, hasSize(5));
|   tokens.stream().map(TokenInfo::getName).collect(Collectors.toUnmod|tokens .stream().map(TokenInfo::getSource).collect(Collectors.toUn|tokens .stream().map(TokenInfo::getNodeNames).collect(Collectors.to",
162,bindingResultWithError,MASK,False,3,MASK|MASK|MASK,  [MASK]<｜end▁of▁sentence｜>,"  [MASK]<｜end▁of▁sentence｜>|  MASK.rejectValue(""date"", ""error"");
	   MASK.re|MASK<｜end▁of▁sentence｜>",
163,missingId,entityId,False,3,entityId|entityId|entityId,  entityId<｜end▁of▁sentence｜>,"  entityId<｜end▁of▁sentence｜>|entityId )
                    .addContributingRowIds(entry.getValue()).build());
|entityId<｜end▁of▁sentence｜>",
164,answer,MASK,False,2,MASK|MASK,  [MASK]<｜end▁of▁sentence｜>,  [MASK]<｜end▁of▁sentence｜>|MASK<｜end▁of▁sentence｜>,
165,keygen,MASK,False,7,MASK|MASK|MASK|MASK|Class|MASK|MASK,  [MASK]<｜end▁of▁sentence｜>,"  [MASK]<｜end▁of▁sentence｜>|   [MASK]<｜end▁of▁sentence｜>|MASK<｜end▁of▁sentence｜>|[MASK]<｜end▁of▁sentence｜>|Class.forName(""android.security.keystore.KeyGenerator"")
               <｜end▁of▁sentence｜>|   MASK<｜end▁of▁sentence｜>|MASK<｜end▁of▁sentence｜>",
166,startPositionUs,NON,False,6,NON|MASK|MASK|MASK|MASK|MASK,"  // NON-NLS
     <｜end▁of▁sentence｜>","  // NON-NLS
     <｜end▁of▁sentence｜>|  [MASK]<｜end▁of▁sentence｜>|MASK
         <｜end▁of▁sentence｜>|MASK<｜end▁of▁sentence｜>|MASK<｜end▁of▁sentence｜>|MASK<｜end▁of▁sentence｜>",
167,internalTypeEnumeration,internalTypeEnumeration,True,2,internalTypeEnumeration|internalTypeEnumeration,  internalTypeEnumeration<｜end▁of▁sentence｜>,"  internalTypeEnumeration<｜end▁of▁sentence｜>|internalTypeEnumeration
                .nextType();
            parameterTypes[parameterIndex] =",
168,primaryTerm,maxSeqNo,False,6,maxSeqNo|delete|MASK|MASK|MASK|MASK,"  maxSeqNo = orgReplica.getLastSeqNo();
            final long","  maxSeqNo = orgReplica.getLastSeqNo();
            final long|// delete#1
                    [MASK] ,
                    maxSeqNo,
                   |[MASK] ,
                1,
                IndexRequest.UNSET_AUTO_|MASK ,
                1,
                IndexRequest.UNSET_AUTO_GENER|MASK ,
                1,
                IndexRequest.UNSET_AUTO_GENER| MASK<｜end▁of▁sentence｜>",
169,method,method,True,12,method|MASK|MASK|MASK|MASK|MASK|MASK|MASK|MASK|MASK|MASK|MASK,"method"");
    public static final ParseField METHOD_FIELD_MASK = new Par","method"");
    public static final ParseField METHOD_FIELD_MASK = new Par|[MASK]<｜end▁of▁sentence｜>|[MASK]  = in.readString();
        file = in.readString();
|[MASK]<｜end▁of▁sentence｜>|[MASK] );
        builder.field(FILE_FIELD.getPreferredName(),|[MASK] <｜end▁of▁sentence｜>|[MASK] <｜end▁of▁sentence｜>|[MASK ] = [MASK] ;
    }

    /**
     *|MASK <｜end▁of▁sentence｜>|MASK<｜end▁of▁sentence｜>|MASK<｜end▁of▁sentence｜>| MASK <｜end▁of▁sentence｜>",
170,moduleName,MASK,False,14,MASK|moduleClasses||MASK|moduleClasses|moduleClasses|MASK|moduleClasses|MASK|MASK|MASK|MASK|MASK|MASK,"  [MASK]  = new HashMap<>();
        try (var stream = Files.","  [MASK]  = new HashMap<>();
        try (var stream = Files.|moduleClasses, moduleExports) -> {
            for (var classFile : moduleClasses| <｜end▁of▁sentence｜>|[MASK]<｜end▁of▁sentence｜>|moduleClasses.get(classFile)<｜end▁of▁sentence｜>|moduleClasses<｜end▁of▁sentence｜>|MASK );
    }

    public static Map<String, String> loadClassTo|moduleClasses<｜end▁of▁sentence｜>|[MASK]<｜end▁of▁sentence｜>|MASK<｜end▁of▁sentence｜>|MASK<｜end▁of▁sentence｜>|MASK<｜end▁of▁sentence｜>|MASK<｜end▁of▁sentence｜>|MASK<｜end▁of▁sentence｜>",
171,routingNodes,MASK,False,21,MASK|MASK|MASK|MASK|MASK|MASK|MASK|MASK|MASK|MASK|MASK|MASK|MASK|MASK|MASK|MASK|MASK|MASK|MASK|MASK|MASK,  [MASK]<｜end▁of▁sentence｜>,"  [MASK]<｜end▁of▁sentence｜>|[MASK]<｜end▁of▁sentence｜>|[MASK]<｜end▁of▁sentence｜>|MASK .node(""node1""));
        assertThat(newState, not(equalTo(|[MASK]  = clusterState.getRoutingNodes();

        assertThat(clusterState|[MASK]<｜end▁of▁sentence｜>|[MASK]<｜end▁of▁sentence｜>|MASK  = clusterState.getRoutingNodes();

        assertThat(clusterState.r|[MASK]<｜end▁of▁sentence｜>|[MASK]<｜end▁of▁sentence｜>|[MASK]<｜end▁of▁sentence｜>|MASK .node(""node2"").numberOfShardsWithState(STARTED), lessTh|MASK .node(""node2"").numberOfShardsWithState(STARTED) +  M|MASK .node(""node2"").numberOfShardsWithState(RELOCATING),|MASK .node(""node3"").numberOfShardsWithState(STARTED), lessTh|   MASK<｜end▁of▁sentence｜>|MASK .node(""node3""));
        assertThat(newState, not(equalTo(|MASK  = clusterState.getRoutingNodes();

        assertThat(clusterState.r|MASK .node(""node1"").numberOfShardsWithState(STARTED), lessTh|MASK .node(""node1"").numberOfShardsWithState(RELOCATING),|MASK .node(""node3"").numberOfShardsWithState(STARTED), equalTo",
172,refer,MASK,False,29,MASK|MASK|MASK|MASK|MASK|MASK|MASK|MASK|MASK|MASK|MASK|MASK|MASK|MASK|MASK|MASK|export|MASK|MASK|MASK|MASK|Invoker|MASK|MASK|MASK|MASK|MASK|MASK|MASK,[MASK]<｜end▁of▁sentence｜>,"[MASK]<｜end▁of▁sentence｜>|[MASK]<｜end▁of▁sentence｜>|MASK .getInterface();
        assertThat(serviceClass.getName(), is(""org.apache|[MASK]<｜end▁of▁sentence｜>|MASK (IDemoService.class, registryUrl);
        IDemoService demo|MASK );

        String value = demoService.get(""key"");
        assertThat(|[MASK] .destroy();
    }

    @Test
    public void test|[MASK]<｜end▁of▁sentence｜>|MASK<｜end▁of▁sentence｜>|MASK<｜end▁of▁sentence｜>|[MASK]<｜end▁of▁sentence｜>|MASK (IDemoService.class, registryUrl);
            IDemoService demo|MASK<｜end▁of▁sentence｜>|[MASK]<｜end▁of▁sentence｜>|MASK (IDemoService.class, URL.valueOf(""redis://localhost:|MASK );

            demoService.set(""key"", ""value"");
        });
|export(IDemoService.class, registryUrl)));
    }

    @Test|[MASK]<｜end▁of▁sentence｜>|MASK (IDemoService.class, registryUrl);
        IDemoService demo|MASK );

        String value = demoService.get(""key"");
        assertThat(|MASK .destroy();
    }

    @Test
    public void testAuthRed|Invoker<IDemoService>  [MASK]  = PROTOCOL. [MASK|MASK (IDemoService.class,
                registryUrl
                        .addParameter(""|MASK<｜end▁of▁sentence｜>|MASK .destroy();
    }

    @Test
    public void testWrong|MASK  = PROTOCOL. MASK (IDemoService.class,
                registry|MASK (IDemoService.class,
                registryUrl
                        .addParameter(""|MASK );

        try {
            String value = demoService.get(""key"");|MASK .destroy();

        this.registryUrl = this.registryUrl.",
173,object,json,False,3,json|json|json,  json<｜end▁of▁sentence｜>,  json<｜end▁of▁sentence｜>|json<｜end▁of▁sentence｜>|json<｜end▁of▁sentence｜>,
174,heuristicIsSuperset,heuristic,False,7,heuristic|MASK|MASK|MASK|MASK|MASK|heuristic,"heuristic, SignificanceHeuristic heuristicNotSuperset) {
","heuristic, SignificanceHeuristic heuristicNotSuperset) {
|[MASK] .getScore(1, 2, 3, 4);
|[MASK]<｜end▁of▁sentence｜>|[MASK]<｜end▁of▁sentence｜>|[MASK] .getScore(2, 3, 1, 4);
|MASK<｜end▁of▁sentence｜>|heuristic.getScore(values[0], values[1], values[2], values",
175,document,document,True,9,document|MASK|mapper|new|sourceDescription|id|MASK|parsedDescription|MASK,"document""));
    }

    public void testIncludeInObjectNotAllowed2()","document""));
    }

    public void testIncludeInObjectNotAllowed2()|[MASK]<｜end▁of▁sentence｜>|mapper.getIndexReader()
           <｜end▁of▁sentence｜>|new<｜end▁of▁sentence｜>|sourceDescription(
                new TestDocumentParserContext(MappingLookup.EMPTY, source|["" + id + ""]"")
        );
        assertThat(
            ProvidedIdField|MASK<｜end▁of▁sentence｜>|parsedDescription(MASK), equalTo("" id  with id '"" + id + ""'""));|MASK.rootDoc()<｜end▁of▁sentence｜>",
176,deletedProjects,MASK,False,8,MASK|MASK|MASK|MASK|MASK|MASK|MASK|MASK,[MASK]<｜end▁of▁sentence｜>,[MASK]<｜end▁of▁sentence｜>|[MASK]<｜end▁of▁sentence｜>|  [MASK]<｜end▁of▁sentence｜>|[MASK]<｜end▁of▁sentence｜>|MASK<｜end▁of▁sentence｜>|MASK<｜end▁of▁sentence｜>|MASK<｜end▁of▁sentence｜>|MASK<｜end▁of▁sentence｜>,
177,status,status,True,6,status|MASK|status|MASK|status|status,status<｜end▁of▁sentence｜>,"status<｜end▁of▁sentence｜>|[MASK]<｜end▁of▁sentence｜>|status<｜end▁of▁sentence｜>|MASK<｜end▁of▁sentence｜>|status<｜end▁of▁sentence｜>|status);
	}

	@Test
	void setBodyFromInputStream() throws IOException {
	",
178,images,images,True,3,images|images|images,"  images
  ) {
    for (int i = 0; i < images.length","  images
  ) {
    for (int i = 0; i < images.length|images.length; i++) {
      whenProduceResultsCalledTrigger(
|images<｜end▁of▁sentence｜>",
179,fmtCal,Long,False,2,Long|AM,"        // Long.
        sdf = new SimpleDateFormat(""hh:mm:ss a","        // Long.
        sdf = new SimpleDateFormat(""hh:mm:ss a|00 AM"", sdf.format(new Date(k000000)));",
180,projects,projects,True,2,projects|projects,projects<｜end▁of▁sentence｜>,projects<｜end▁of▁sentence｜>|projects<｜end▁of▁sentence｜>,
181,context,extractorContext,False,5,extractorContext|MASK|MASK|extractorContext|extractorContext,"extractorContext
     <｜end▁of▁sentence｜>","extractorContext
     <｜end▁of▁sentence｜>|[MASK]<｜end▁of▁sentence｜>|MASK<｜end▁of▁sentence｜>| extractorContext<｜end▁of▁sentence｜>|extractorContext<｜end▁of▁sentence｜>",
182,sourceJar,,False,9,||||spec|file|file|file|file, <｜end▁of▁sentence｜>," <｜end▁of▁sentence｜>| <｜end▁of▁sentence｜>| <｜end▁of▁sentence｜>|<｜end▁of▁sentence｜>|spec.setExclude(Collections.singletonList(""**/META-INF/**|file -> spec.from(file));
			 spec Files.forEach(  file ->|file<｜end▁of▁sentence｜>|  file<｜end▁of▁sentence｜>|file<｜end▁of▁sentence｜>",
183,player,MASK,False,17,MASK|MASK|MASK|MASK|MASK|MASK|MASK|MASK|MASK|MASK||applicationContext|MASK|MASK|MASK|MASK|MASK,[MASK]<｜end▁of▁sentence｜>,"[MASK]<｜end▁of▁sentence｜>|[MASK]<｜end▁of▁sentence｜>|[MASK]<｜end▁of▁sentence｜>|[MASK]<｜end▁of▁sentence｜>|[MASK]<｜end▁of▁sentence｜>|[MASK]<｜end▁of▁sentence｜>|[MASK]<｜end▁of▁sentence｜>|[MASK]<｜end▁of▁sentence｜>|[MASK]<｜end▁of▁sentence｜>|MASK<｜end▁of▁sentence｜>|    <｜end▁of▁sentence｜>|applicationContext<｜end▁of▁sentence｜>|[MASK] .setPlayWhenReady(true);
     [MASK]<｜end▁of▁sentence｜>|[MASK] .setPlayWhenReady(true);
     [MASK]<｜end▁of▁sentence｜>|[MASK]<｜end▁of▁sentence｜>|MASK<｜end▁of▁sentence｜>|MASK<｜end▁of▁sentence｜>",
184,hasPointValues,MASK,False,4,MASK|MASK|MASK|hasPointValues,[MASK]<｜end▁of▁sentence｜>,[MASK]<｜end▁of▁sentence｜>|MASK<｜end▁of▁sentence｜>|MASK<｜end▁of▁sentence｜>|hasPointValues<｜end▁of▁sentence｜>,
185,bucketCount,MASK,False,2,MASK|MASK,"  MASK
       <｜end▁of▁sentence｜>","  MASK
       <｜end▁of▁sentence｜>|MASK)
                .mapToObj(i -> bucketFactory.apply(this,",
186,names,MASK,False,3,MASK|MASK|MASK,  [MASK]<｜end▁of▁sentence｜>,  [MASK]<｜end▁of▁sentence｜>|MASK <｜end▁of▁sentence｜>|MASK<｜end▁of▁sentence｜>,
187,dataSet,MASK,False,8,MASK|MASK|MASK|MASK|MASK|MASK|add|MASK,[MASK]<｜end▁of▁sentence｜>,"[MASK]<｜end▁of▁sentence｜>|[MASK] .setSliceSpace(3f);
         [MASK] .|[MASK] .setSliceSpace(3f);
         [MASK] .|[MASK] .setSliceSpace(3f);
         [MASK] .|MASK .setDrawValues(true);
         MASK .setValueTextSize(1|MASK .setColors(colors);

        // [MASK] .set|add a lot of colors

        // add a lot of colors

        // add a|MASK<｜end▁of▁sentence｜>",
188,requestClass,MASK,False,6,MASK|ARequest|MASK|MASK|t|MASK,[MASK]<｜end▁of▁sentence｜>,"[MASK]<｜end▁of▁sentence｜>|ARequest.class
       <｜end▁of▁sentence｜>|MASK<｜end▁of▁sentence｜>|MASK<｜end▁of▁sentence｜>|t.v1().getClass()
               <｜end▁of▁sentence｜>|MASK .getSimpleName()<｜end▁of▁sentence｜>",
189,startPositionUs,MASK,False,4,MASK|MASK|MASK|MASK,[MASK]<｜end▁of▁sentence｜>,"[MASK]<｜end▁of▁sentence｜>|MASK<｜end▁of▁sentence｜>|MASK<｜end▁of▁sentence｜>| MASK , long offsetUs)
      throws ExoPlaybackException;

  /**",
190,fieldDescriptor,descriptor,False,3,descriptor|descriptor|descriptor,"                 descriptor of the new field.
     *
     * @return this SimpleClassEditor.","                 descriptor of the new field.
     *
     * @return this SimpleClassEditor.|    descriptor)
    {
        Field field = new ProgramField(u2accessFlags,|descriptor)<｜end▁of▁sentence｜>",
191,historyEntryID,MASK,False,7,MASK|MASK|MASK|MASK|MASK|project|MASK,[MASK]<｜end▁of▁sentence｜>,"[MASK]<｜end▁of▁sentence｜>|  [MASK] <｜end▁of▁sentence｜>|MASK ) {
                this.cellIndex = cellIndex;
                this.cellCh|MASK<｜end▁of▁sentence｜>| MASK <｜end▁of▁sentence｜>|project,
                            new String[0],
                            new String[0],
                            new String|MASK );
    }

    @Override
    protected String createName(Column column",
192,buildDistTask,buildTask,False,8,buildTask|buildTask|distTaskOutput|distTaskOutput|MASK|MASK|task|task,  buildTask  <｜end▁of▁sentence｜>,"  buildTask  <｜end▁of▁sentence｜>|buildTask<｜end▁of▁sentence｜>|  distTaskOutput<｜end▁of▁sentence｜>|distTaskOutput<｜end▁of▁sentence｜>|[MASK]<｜end▁of▁sentence｜>|MASK<｜end▁of▁sentence｜>|task<｜end▁of▁sentence｜>|task.get().getOutputs().getFiles().getSingleFile();
            }

",
193,fromUser,fromUser,True,1,fromUser,"fromUser) {

        if (fromUser) {
            setData(seekBar","fromUser) {

        if (fromUser) {
            setData(seekBar",
194,processEnvironmentClass,MASK,False,3,MASK|MASK|MASK,  [MASK] <｜end▁of▁sentence｜>,  [MASK] <｜end▁of▁sentence｜>|MASK<｜end▁of▁sentence｜>|MASK<｜end▁of▁sentence｜>,
195,writeLock,MASK,False,8,MASK|readLock|MASK|httpClientsLock|writeLock|writeLock|MASK|httpClientsLock,[MASK]<｜end▁of▁sentence｜>,"[MASK]<｜end▁of▁sentence｜>|readLock<｜end▁of▁sentence｜>|[MASK]<｜end▁of▁sentence｜>|httpClientsLock. [MASK]<｜end▁of▁sentence｜>|writeLock<｜end▁of▁sentence｜>|writeLock<｜end▁of▁sentence｜>|[MASK]<｜end▁of▁sentence｜>|httpClientsLock .unlock();
        }
    }

    /**
    ",
196,numObj,,False,7,|MASK|MASK|MASK|MASK|MASK|MASK, <｜end▁of▁sentence｜>, <｜end▁of▁sentence｜>|[MASK]<｜end▁of▁sentence｜>|MASK<｜end▁of▁sentence｜>|[MASK]<｜end▁of▁sentence｜>|MASK<｜end▁of▁sentence｜>|[MASK]<｜end▁of▁sentence｜>|MASK<｜end▁of▁sentence｜>,
197,initialRoutingTable,MASK,False,2,MASK|MASK,  MASK<｜end▁of▁sentence｜>,  MASK<｜end▁of▁sentence｜>|MASK<｜end▁of▁sentence｜>,
198,methodName,name,False,3,name|name|name,"name, Class<?> clazz) {
        for (Method method : clazz.","name, Class<?> clazz) {
        for (Method method : clazz.|name<｜end▁of▁sentence｜>|name
                        + ""' do not exist in '""
                        + clazz.getSimpleName()",
199,failFast,MASK,False,4,MASK|MASK|MASK|MASK,[MASK]<｜end▁of▁sentence｜>,"[MASK]<｜end▁of▁sentence｜>|[MASK]<｜end▁of▁sentence｜>|MASK<｜end▁of▁sentence｜>|MASK  && canBeError) {
                if (failedFast(q, a))",
200,flushThreshold,MASK,False,2,MASK|b,  [MASK]<｜end▁of▁sentence｜>,"  [MASK]<｜end▁of▁sentence｜>|  // 100b
                    .put(IndexSettings.INDEX_TRANSLOG",
201,onDisabledOs,onDisabledOs,True,2,onDisabledOs|onDisabledOs,onDisabledOs       <｜end▁of▁sentence｜>,onDisabledOs       <｜end▁of▁sentence｜>|onDisabledOs<｜end▁of▁sentence｜>,
202,existingIngestPipelines,MASK,False,4,MASK|MASK|MASK|existingComposableTemplates,[MASK]<｜end▁of▁sentence｜>,"[MASK]<｜end▁of▁sentence｜>|MASK<｜end▁of▁sentence｜>|MASK<｜end▁of▁sentence｜>|existingComposableTemplates.entrySet()) {
            // we cannot mock PipelineConfiguration",
203,fields,MASK,False,6,MASK|MASK|MASK|MASK|MASK|MASK,[MASK]<｜end▁of▁sentence｜>,"[MASK]<｜end▁of▁sentence｜>|[MASK]<｜end▁of▁sentence｜>|MASK ) {
      VariableElement varElement = fragment.getVariableElement();
     |MASK<｜end▁of▁sentence｜>|MASK )) {
      return;
    }
    newline();
    for|MASK ) {
      VariableElement varElement = fragment.getVariableElement();
     ",
204,expectedShardSize,MASK,False,2,MASK|MASK,[MASK]<｜end▁of▁sentence｜>,[MASK]<｜end▁of▁sentence｜>|MASK<｜end▁of▁sentence｜>,
205,extensions,MASK,False,14,MASK|MASK|MASK|MASK|MASK|MASK|buildRequestIdOverride|MASK|MASK|MASK|MASK|MASK|MASK|MASK,"[MASK] = */ ImmutableList.of(), ignoreUserOptions);
  }
","[MASK] = */ ImmutableList.of(), ignoreUserOptions);
  }
|MASK = */ ImmutableList.of());
  }

  /**
   *|[MASK]  as if they were passed to
   * the Blaze server.|MASK  additional proto  [MASK]  to pass to the command.
   */|MASK  to pass to the command.
   */
  public final CommandEnvironment newCommand|[MASK] ) throws Exception {
    return newCommandWithExtensions(command, |/* buildRequestIdOverride= */ null,
                ConfigFlagDefinitions.NONE);|MASK  as if they were passed to
   * the Blaze server. This method|MASK  additional proto  MASK  to pass to the command.
   */
 |MASK  to pass to the command.
   * @return the new command environment.
|MASK ) throws Exception {
    return newCustomCommandWithExtensions(
        command.|[MASK] , ignoreUserOptions);
  }

  /**
   * Creat|MASK , boolean ignoreUserOptions)
      throws Exception {
    return newCustomCommandWith|MASK , ignoreUserOptions);
  }

  /**
   * Creates a",
206,currentState,MASK,False,6,MASK|MASK|MASK|MASK|ReservedClusterStateService|MASK,"  [MASK] ,
                         Metadata.Builder  [MASK] .put(","  [MASK] ,
                         Metadata.Builder  [MASK] .put(|[MASK] .blocks().hasGlobalBlock(GatewayService.STATE_NOT_|[MASK]<｜end▁of▁sentence｜>|[MASK] .getMetadata().reservedStateMetadata()<｜end▁of▁sentence｜>|ReservedClusterStateService.getReservedStateMetadata(MASK<｜end▁of▁sentence｜>|MASK<｜end▁of▁sentence｜>",
207,target,MASK,False,2,MASK|MASK,  MASK<｜end▁of▁sentence｜>,  MASK<｜end▁of▁sentence｜>|MASK<｜end▁of▁sentence｜>,
208,rightIndex,rightIndex,True,3,rightIndex|rightIndex|rightIndex,rightIndex<｜end▁of▁sentence｜>,"rightIndex<｜end▁of▁sentence｜>|rightIndex<｜end▁of▁sentence｜>|rightIndex;
                }
            }
            if (worst != parent)",
209,prefix,MASK,False,3,MASK|MASK|MASK,  [MASK]<｜end▁of▁sentence｜>,"  [MASK]<｜end▁of▁sentence｜>|MASK
                    .replaceAll(""\\."", """")
                   <｜end▁of▁sentence｜>|MASK
          + getMD5(sanitizedUrl, maxUrlLength)
",
210,configInput,mask,False,3,mask|mask|mask,mask        <｜end▁of▁sentence｜>,mask        <｜end▁of▁sentence｜>|mask<｜end▁of▁sentence｜>|mask<｜end▁of▁sentence｜>,
211,headers,responseHeaders,False,6,responseHeaders|responseHeaders|responseHeaders|responseHeaders|headers|headers,  responseHeaders<｜end▁of▁sentence｜>,"  responseHeaders<｜end▁of▁sentence｜>|responseHeaders.get(""foo"")).isEqualTo(""bar"");
		assertThat( response|responseHeaders<｜end▁of▁sentence｜>|responseHeaders<｜end▁of▁sentence｜>|headers<｜end▁of▁sentence｜>|headers<｜end▁of▁sentence｜>",
212,outputUncast,MASK,False,9,MASK|MASK|MASK|MASK|MASK|MASK|MASK|MASK|MASK,"[MASK]  = page.getBlock(channels.get(1));
    if","[MASK]  = page.getBlock(channels.get(1));
    if|MASK<｜end▁of▁sentence｜>|[MASK] ;
    assert top.getPositionCount() == output.getPositionCount|MASK  = page.getBlock(channels.get(1));
    if ( [|MASK .areAllValuesNull()) {
      return;
    }
    LongBlock|MASK ;
    assert top.getPositionCount() == output.getPositionCount();
|MASK  = page.getBlock(channels.get(1));
    if ( M|MASK .areAllValuesNull()) {
      return;
    }
    LongBlock|MASK ;
    assert top.getPositionCount() == output.getPositionCount();
",
213,exportsByModule,exportsByModule,True,2,exportsByModule|exportsByModule,"exportsByModule
       <｜end▁of▁sentence｜>","exportsByModule
       <｜end▁of▁sentence｜>|exportsByModule
                        .getOrDefault(moduleName, Collections.emptySet());
",
214,parentLeafFactory,factory,False,2,factory|factory,  factory<｜end▁of▁sentence｜>,"  factory<｜end▁of▁sentence｜>|factory
                    .newInstance(fieldName, params, searchLookup, onScriptError)",
215,nodeId,,False,27,|MASK|MASK|MASK|MASK||MASK|MASK|MASK|MASK||MASK|MASK||MASK|MASK|MASK|MASK|MASK|MASK|MASK|MASK|MASK|MASK|MASK|MASK|MASK, <｜end▁of▁sentence｜>," <｜end▁of▁sentence｜>|[MASK]<｜end▁of▁sentence｜>|   [MASK]<｜end▁of▁sentence｜>|MASK<｜end▁of▁sentence｜>|[MASK] , int outstandingRequests, long serviceRate<｜end▁of▁sentence｜>|  <｜end▁of▁sentence｜>|[MASK]<｜end▁of▁sentence｜>|[MASK]<｜end▁of▁sentence｜>|  [MASK]<｜end▁of▁sentence｜>|[MASK]<｜end▁of▁sentence｜>| <｜end▁of▁sentence｜>|[MASK]<｜end▁of▁sentence｜>| MASK<｜end▁of▁sentence｜>|<｜end▁of▁sentence｜>|MASK<｜end▁of▁sentence｜>|[MASK]<｜end▁of▁sentence｜>|[MASK]<｜end▁of▁sentence｜>|[MASK]<｜end▁of▁sentence｜>|MASK <｜end▁of▁sentence｜>|MASK<｜end▁of▁sentence｜>|MASK<｜end▁of▁sentence｜>|MASK<｜end▁of▁sentence｜>|MASK<｜end▁of▁sentence｜>|[MASK]<｜end▁of▁sentence｜>|MASK ,
            ExponentiallyWeightedMovingAverage queueSizeEWMA,|MASK<｜end▁of▁sentence｜>|MASK<｜end▁of▁sentence｜>",
216,increase,MASK,False,3,MASK|MASK|MASK,  MASK   <｜end▁of▁sentence｜>,  MASK   <｜end▁of▁sentence｜>|[MASK]  / (largestTimestamp - secondLargestTimestamp) * 1|   MASK<｜end▁of▁sentence｜>,
217,field,field,True,6,field|MASK|leafFieldName|MASK|MASK|,field<｜end▁of▁sentence｜>,"field<｜end▁of▁sentence｜>|[MASK] Name<｜end▁of▁sentence｜>|leafFieldName<｜end▁of▁sentence｜>|MASK , Map<String, Object> params, SearchLookup lookup, OnScriptError on|  MASK<｜end▁of▁sentence｜>| <｜end▁of▁sentence｜>",
218,noOffsetText,text,False,2,text|text,"text, int pos, Class<?> expected) {
        try {
            getForm","text, int pos, Class<?> expected) {
        try {
            getForm|text, text, pos).parseUnresolved(text, new ParsePosition(pos));
",
219,bufIndex,MASK,False,6,MASK|0|MASK|MASK|size|MASK,  [MASK] <｜end▁of▁sentence｜>,"  [MASK] <｜end▁of▁sentence｜>| 0<｜end▁of▁sentence｜>| MASK <｜end▁of▁sentence｜>|MASK<｜end▁of▁sentence｜>|size.get()
                                                <｜end▁of▁sentence｜>|MASK<｜end▁of▁sentence｜>",
220,resCls,MASK,False,20,MASK|MASK|MASK|MASK||Candidate|Candidate|MASK|MASK|MASK|MASK|fieldNode|MASK|MASK|root||||MASK|MASK,[MASK]<｜end▁of▁sentence｜>,"[MASK]<｜end▁of▁sentence｜>|MASK<｜end▁of▁sentence｜>|[MASK]<｜end▁of▁sentence｜>|MASK <｜end▁of▁sentence｜>| <｜end▁of▁sentence｜>|Candidate, resStorage, true);
			return  [MASK] Candidate;
|Candidate;
		}
		if (candidates.size() > 1) {|[MASK]<｜end▁of▁sentence｜>|MASK<｜end▁of▁sentence｜>|[MASK] .root()
					.getClassInfo()
					.getInnerClasses|[MASK]<｜end▁of▁sentence｜>|fieldNode.getFieldInfo().getType().equals(ArgType.INT)
					&&|[MASK]<｜end▁of▁sentence｜>|[MASK]<｜end▁of▁sentence｜>|root.getAppPackage() != null
				? root.getAppPackage() +| <｜end▁of▁sentence｜>| <｜end▁of▁sentence｜>|<｜end▁of▁sentence｜>| MASK<｜end▁of▁sentence｜>|MASK<｜end▁of▁sentence｜>",
221,listGet,method,False,3,method|method|method,"method = ListOfAnyNumbers.class.getMethod(""get"", int.class);
","method = ListOfAnyNumbers.class.getMethod(""get"", int.class);
|method)
                                .rawType())
                .isEqualTo(String.class);
|method )
                                .rawType())
                .isEqualTo(Number.class);
",
222,cipher,MASK,False,7,MASK|MASK|MASK|MASK|MASK|MASK|MASK,  [MASK]<｜end▁of▁sentence｜>,  [MASK]<｜end▁of▁sentence｜>|   MASK <｜end▁of▁sentence｜>|[MASK]<｜end▁of▁sentence｜>|MASK<｜end▁of▁sentence｜>|MASK<｜end▁of▁sentence｜>|   MASK<｜end▁of▁sentence｜>|MASK<｜end▁of▁sentence｜>,
223,month,value,False,11,value|value|MASK|MASK|MASK|MASK|MASK|MASK|MASK|MASK|MASK,value<｜end▁of▁sentence｜>,"value<｜end▁of▁sentence｜>|value.getValue());
  }

  @Override
  public void setNullableParameter(|[MASK]<｜end▁of▁sentence｜>|[MASK]<｜end▁of▁sentence｜>|MASK<｜end▁of▁sentence｜>|[MASK]<｜end▁of▁sentence｜>|MASK<｜end▁of▁sentence｜>|MASK );
  }

  @Override
  public Month getNullableResult(Call|MASK  = cs.getInt(columnIndex);
    return  MASK  ==|MASK<｜end▁of▁sentence｜>|MASK<｜end▁of▁sentence｜>",
224,warningSettingName,MASK,False,4,MASK|MASK|MASK|criticalSettingName,  [MASK]<｜end▁of▁sentence｜>,  [MASK]<｜end▁of▁sentence｜>|MASK<｜end▁of▁sentence｜>|MASK <｜end▁of▁sentence｜>|   criticalSettingName<｜end▁of▁sentence｜>,
225,synonymsIdsUsedInIndices,usedCharFilters,False,2,usedCharFilters|synonymsIdsUsed,"usedCharFilters = new HashSet<>();
        final Set<String>   usedToken","usedCharFilters = new HashSet<>();
        final Set<String>   usedToken|   synonymsIdsUsed
                   <｜end▁of▁sentence｜>",
226,groupEnd,MASK,False,12,MASK|MASK|MASK|MASK|MASK|MASK|MASK|MASK|MASK|MASK|MASK|MASK,[MASK]<｜end▁of▁sentence｜>,"[MASK]<｜end▁of▁sentence｜>|[MASK]<｜end▁of▁sentence｜>|MASK<｜end▁of▁sentence｜>|MASK<｜end▁of▁sentence｜>|MASK  = groupStart + groups.getValueCount(groupPosition);
      for (int g|MASK ; g++) {
        int groupId = groups.getInt(g);|MASK  = groupStart + groups.getValueCount(groupPosition);
      for (int g|MASK ; g++) {
        int groupId = groups.getInt(g);|MASK  = groupStart + groups.getValueCount(groupPosition);
      for (int g|MASK ; g++) {
        int groupId = groups.getInt(g);|MASK  = groupStart + groups.getValueCount(groupPosition);
      for (int g|MASK ; g++) {
        int groupId = groups.getInt(g);",
227,isManifestChanged,mask,False,3,mask|mask|config,  mask                    <｜end▁of▁sentence｜>,"  mask                    <｜end▁of▁sentence｜>|mask) {
                Logger.d(""\nManifest has no changes, skip rest dec|config.mDexRaw) {
                final StringBuilder sb = new StringBuilder();
",
228,dataStreamRemote1Alias,dataStreamRemote1Alias,True,4,dataStreamRemote1Alias|dataStreamRemote1Alias|dataStreamRemote1Alias|dataStreamRemote1Alias,dataStreamRemote1Alias<｜end▁of▁sentence｜>,"dataStreamRemote1Alias<｜end▁of▁sentence｜>|dataStreamRemote1Alias<｜end▁of▁sentence｜>|dataStreamRemote1Alias )
                    .writeIndex( randomBoolean()<｜end▁of▁sentence｜>|dataStreamRemote1Alias);

        clusterInfo.put(""remote2.datast",
229,elementValueMethodName,MASK,False,5,MASK|MASK|MASK|MASK|MASK,  [MASK]<｜end▁of▁sentence｜>,  [MASK]<｜end▁of▁sentence｜>| [MASK]<｜end▁of▁sentence｜>| MASK<｜end▁of▁sentence｜>|MASK<｜end▁of▁sentence｜>|MASK<｜end▁of▁sentence｜>,
230,parser,MASK,False,38,MASK|MASK|MASK|DefaultExtJSONParserTest|MASK|MASK|MASK|MASK|MASK|MASK|MASK|MASK|MASK|MASK|MASK|MASK|MASK|MASK|MASK|MASK|MASK|MASK|MASK|MASK|MASK|MASK|MASK|MASK|MASK|MASK|MASK|MASK|MASK|MASK|MASK|MASK|MASK|MASK,"[MASK] .DefaultExtJSONParserTest_2;

import com.alib","[MASK] .DefaultExtJSONParserTest_2;

import com.alib|[MASK]<｜end▁of▁sentence｜>|MASK<｜end▁of▁sentence｜>|DefaultExtJSONParserTest;
import com.alibaba.json.bvt<｜end▁of▁sentence｜>|[MASK]<｜end▁of▁sentence｜>|[MASK]<｜end▁of▁sentence｜>|[MASK]<｜end▁of▁sentence｜>|[MASK]<｜end▁of▁sentence｜>|MASK<｜end▁of▁sentence｜>|MASK<｜end▁of▁sentence｜>|[MASK]<｜end▁of▁sentence｜>|MASK<｜end▁of▁sentence｜>|[MASK]<｜end▁of▁sentence｜>|[MASK]<｜end▁of▁sentence｜>|[MASK]<｜end▁of▁sentence｜>|MASK<｜end▁of▁sentence｜>|MASK<｜end▁of▁sentence｜>|[MASK]<｜end▁of▁sentence｜>|MASK<｜end▁of▁sentence｜>|[MASK]<｜end▁of▁sentence｜>|[MASK] .config(Feature.AllowUnQuotedFieldNames, true);
            |[MASK]<｜end▁of▁sentence｜>|[MASK]<｜end▁of▁sentence｜>|[MASK]<｜end▁of▁sentence｜>|[MASK]<｜end▁of▁sentence｜>|[MASK]<｜end▁of▁sentence｜>|MASK<｜end▁of▁sentence｜>|[MASK]<｜end▁of▁sentence｜>|[MASK]<｜end▁of▁sentence｜>|[MASK]<｜end▁of▁sentence｜>|[MASK]<｜end▁of▁sentence｜>|[MASK] .config(Feature.AllowUnQuotedFieldNames, false);
            |[MASK]<｜end▁of▁sentence｜>|[MASK]<｜end▁of▁sentence｜>|MASK<｜end▁of▁sentence｜>|MASK<｜end▁of▁sentence｜>|MASK .config(Feature.AllowUnQuotedFieldNames, false);
             MASK|MASK<｜end▁of▁sentence｜>",
231,directories,directories,True,3,directories|directories|));,"directories =
        new BlazeDirectories(
            serverDirectories,
           ","directories =
        new BlazeDirectories(
            serverDirectories,
           |directories,
            runtime.getBlazeModule(CredentialModule.class),
|));
    return runtime.initCommandEnvironment(
        workspace,
        options,
",
232,backingIndex,MASK,False,14,MASK|MASK|MASK|MASK|MASK|MASK|MASK|MASK|MASK|MASK|MASK|MASK|MASK|Prefix,[MASK]<｜end▁of▁sentence｜>,"[MASK]<｜end▁of▁sentence｜>|[MASK] );
            assertThat(getIndexResponse.getSettings().get( [M|[MASK] ))
                .actionGet();
            assertThat(getIndexResponse.|[MASK] ), notNullValue());
            assertThat(getIndexResponse.getSettings().|MASK ).getAsBoolean(""index.hidden"", null), is(true));
            Map|MASK ).getSourceAsMap();
            assertThat(ObjectPath.eval(""properties.@|MASK<｜end▁of▁sentence｜>|MASK );
            GetIndexResponse getIndexResponse = client.admin()
                .ind|MASK ))
                .actionGet();
            assertThat(getIndexResponse.getSettings|MASK<｜end▁of▁sentence｜>|MASK<｜end▁of▁sentence｜>|MASK ).getSourceAsMap();
            assertThat(ObjectPath.eval(""properties.@|MASK = dataStream + ""*"";
        String<｜end▁of▁sentence｜>|Prefix));
            assertThat(itemResponse.getType(), equalTo(dataStream));
           ",
233,numberFormat,MASK,False,6,MASK|MASK|MASK|MASK|MASK|MASK,"[MASK]  = NumberFormat.getInstance(Locale.ENGLISH);
		","[MASK]  = NumberFormat.getInstance(Locale.ENGLISH);
		|MASK );
		assertThat(bigDecimal).isEqualTo(new BigDecimal|MASK<｜end▁of▁sentence｜>|MASK );
		assertThat(bigDecimal).isEqualTo(new BigDecimal|MASK  = NumberFormat.getInstance(Locale.ENGLISH);
		Number big|MASK );
		assertThat(bigDecimal).isEqualTo(new BigDecimal",
234,fullName,MASK,False,3,MASK|MASK|MASK,  MASK <｜end▁of▁sentence｜>,"  MASK <｜end▁of▁sentence｜>|MASK<｜end▁of▁sentence｜>|MASK);
		ClassNode rCls = createResCls(root, res",
235,replicaShard,newPrimaryShard,False,6,newPrimaryShard|newPrimaryShard|newPrimaryShard|globalCheckpoint|newPrimaryShard|newPrimaryShard,"  newPrimaryShard = newStartedShard(true);
        IndexMetadata.Builder","  newPrimaryShard = newStartedShard(true);
        IndexMetadata.Builder|newPrimaryShard, primaryShard.indexSettings().getIndexMetadata());
        recoverRe|newPrimaryShard, (r, sourceNode) -> new RecoveryTarget(r, source|globalCheckpoint, equalTo(primaryShard.getLastKnownGlobalCheckpoint()));
|newPrimaryShard
           <｜end▁of▁sentence｜>|newPrimaryShard.routingEntry().currentNodeId());
        closeShards(new",
236,project,MASK,False,8,MASK|MASK|MASK|MASK|MASK|MASK|MASK|MASK,[MASK]<｜end▁of▁sentence｜>,[MASK]<｜end▁of▁sentence｜>|[MASK]<｜end▁of▁sentence｜>|[MASK]<｜end▁of▁sentence｜>|MASK<｜end▁of▁sentence｜>|MASK<｜end▁of▁sentence｜>|MASK<｜end▁of▁sentence｜>|MASK<｜end▁of▁sentence｜>|MASK<｜end▁of▁sentence｜>,
237,rootAbs,MASK,False,3,MASK|MASK|MASK,"  [MASK] = create("""");
    PathFragment   [MASK]<｜end▁of▁sentence｜>","  [MASK] = create("""");
    PathFragment   [MASK]<｜end▁of▁sentence｜>|MASK);
    assertThat(MASK .getParentDirectory()).isNull();
  }|MASK.getParentDirectory()).isNull();
  }

  @Test
 ",
238,contentType,MASK,False,7,MASK|MASK|MASK|contentType|contentType|contentType|contentType,[MASK]<｜end▁of▁sentence｜>,"[MASK]<｜end▁of▁sentence｜>|[MASK]<｜end▁of▁sentence｜>|MASK);
        }

        if (parser.nextToken() == XContentParser|contentType<｜end▁of▁sentence｜>|contentType ) ?  contentType  : ""application/octet-stream"";
                String|contentType
                  <｜end▁of▁sentence｜>|contentType<｜end▁of▁sentence｜>",
239,clearRealmCacheRequest,MASK,False,5,MASK|MASK|MASK|MASK|MASK,[MASK]<｜end▁of▁sentence｜>,"[MASK]<｜end▁of▁sentence｜>|[MASK]<｜end▁of▁sentence｜>|[MASK] .v1().realm(), is(SecuritySystemIndices.SECUR|MASK  .v1().usernames()[0], is(""elastic""));
           |MASK <｜end▁of▁sentence｜>",
240,rLogger,rLogger,True,4,rLogger|rLogger|MASK|rLogger,  rLogger<｜end▁of▁sentence｜>,"  rLogger<｜end▁of▁sentence｜>|rLogger.getLogger(Retrier.class.getName())
               <｜end▁of▁sentence｜>|[MASK]<｜end▁of▁sentence｜>|rLogger <｜end▁of▁sentence｜>",
241,updater,Property,False,15,Property|new|Deprecation|settingValue|expectThrows|setting|MASK|MASK|MASK|MASK|map|MASK|map|MASK|MASK," Property.NodeScope,
            Property.Deprecated
        );
        final Setting<String"," Property.NodeScope,
            Property.Deprecated
        );
        final Setting<String|new Setting<?>[] { deprecatedSettingWarningOnly });
        final Setting<String>|Deprecation(settings);
        ensureNoWarnings();
        final Setting<String|, settingValue)
            .put(Setting.SKIP_DEPRECATION_SET|        expectThrows(
            IllegalArgumentException.class,
            () -> Setting.bool|.setting"", ""-2147483649"").build())
        );|[MASK]<｜end▁of▁sentence｜>|    [MASK]<｜end▁of▁sentence｜>|MASK<｜end▁of▁sentence｜>|MASK .getValue(Settings.builder().put(""prefix.foo.suffix"", 5|map updater
        final SettingUpdater<Map<String, String>>  [M|[MASK]<｜end▁of▁sentence｜>|map  is always expected to have changed (even when defaults are omitted)
        assertTrue(|MASK<｜end▁of▁sentence｜>|MASK<｜end▁of▁sentence｜>",
242,acceptHeaderValue,MASK,False,4,MASK|MASK|MASK|MASK,[MASK]<｜end▁of▁sentence｜>,[MASK]<｜end▁of▁sentence｜>|[MASK]<｜end▁of▁sentence｜>|MASK<｜end▁of▁sentence｜>|MASK<｜end▁of▁sentence｜>,
243,aggProfileShardResult,aggregationProfileResults,False,2,aggregationProfileResults|aggregationProfileResults,aggregationProfileResults<｜end▁of▁sentence｜>,"aggregationProfileResults<｜end▁of▁sentence｜>|   aggregationProfileResults,
                randomBoolean() ? SearchProfileDfsPhaseResultTests",
244,annotatedBeanClass,clazz,False,2,clazz|clazz,"clazz) {
		AnnotationConfigApplicationContext ac = new AnnotationConfigApplicationContext();","clazz) {
		AnnotationConfigApplicationContext ac = new AnnotationConfigApplicationContext();|clazz<｜end▁of▁sentence｜>",
245,vScrollKnob,vScrollKnob,True,21,"vScrollKnob|vScrollKnob|MASK|MASK|pixels|AmountX||0, 1);|1);|boolean|;|getVelocityY||vScrollKnob|vScrollKnob|vScrollKnob|vScrollKnob|vScrollKnob|vScrollKnob|vScrollKnob|vScrollKnob","vScrollKnob = style.vScrollKnob,
		[MASK]<｜end▁of▁sentence｜>","vScrollKnob = style.vScrollKnob,
		[MASK]<｜end▁of▁sentence｜>|vScrollKnob;
		bgLeftWidth = bgRightWidth = bgTopHeight =|[MASK]<｜end▁of▁sentence｜>|[MASK]<｜end▁of▁sentence｜>|(pixels, 0, maxY));
	}

	/** Returns the y scroll|AmountX;
	}

	public float getVisualScrollY () {
		return !scroll|
	public float getScrollPercentX () {
		return scrollX ? amountX / max| 0, 1);
	}

	public float getVisualScrollPercentY () {|1);
	}

	public float getScrollPercentX () {
		if (max| boolean isScrollingDisabledX () {
		return disableX;
	}

	public|;
	}

	public boolean isScrollingDisabledY () {
		return disableY| getVelocityY () {
		return velocityY;
	}

	public void set|

	public void setScrollbarsOnTop (boolean scrollbarsOnTop) {
		this|vScrollKnob != null) width = style.vScrollKnob.getMinWidth|vScrollKnob.getMinWidth();
		if (style.vScroll != null|vScrollKnob<｜end▁of▁sentence｜>|vScrollKnob<｜end▁of▁sentence｜>|vScrollKnob = vScrollKnob;
		}

		public ScrollPane|vScrollKnob <｜end▁of▁sentence｜>|vScrollKnob  =  style.vScrollKnob ;
		}

		public|vScrollKnob <｜end▁of▁sentence｜>",
246,entity,request,False,2,request|request,"request) {
		}

		@PostMapping
		void postRawHttpEntity(","request) {
		}

		@PostMapping
		void postRawHttpEntity(|request<｜end▁of▁sentence｜>",
247,fullURLStr,decodedURLStr,False,5,decodedURLStr|after|decodedURLStr|MASK|MASK,"decodedURLStr : after {@link URL#decode(String)} string
     *                      dec","decodedURLStr : after {@link URL#decode(String)} string
     *                      dec|after {@link URL#decode(String)} string
     * @param  decodedBody  |decodedURLStr<｜end▁of▁sentence｜>|[MASK]<｜end▁of▁sentence｜>|MASK <｜end▁of▁sentence｜>",
248,source,MASK,False,4,MASK|mask|MASK|MASK,[MASK]<｜end▁of▁sentence｜>,"[MASK]<｜end▁of▁sentence｜>|mask<｜end▁of▁sentence｜>|  [MASK]<｜end▁of▁sentence｜>|MASK,
            Collections.emptyMap()<｜end▁of▁sentence｜>",
249,textureId,MASK,False,2,MASK|MASK,[MASK] <｜end▁of▁sentence｜>,[MASK] <｜end▁of▁sentence｜>|MASK<｜end▁of▁sentence｜>,
250,cMemoryOwn,MASK,False,18,MASK|MASK|MASK|MASK|MASK|MASK|MASK|MASK|MASK|MASK|MASK|MASK|MASK|MASK|MASK|MASK|MASK|MASK,"[MASK] ) {
		super(className, cPtr,  [MASK","[MASK] ) {
		super(className, cPtr,  [MASK|MASK );
		swigCPtr = cPtr;
	}

	/** Construct|MASK<｜end▁of▁sentence｜>|MASK );
		construct();
	}

	/** Construct a new btAxisS|MASK<｜end▁of▁sentence｜>|MASK );
	}

	public static long getCPtr (btAxisSweep3|MASK ) {
			super(className, CollisionJNI.btAxisSwe|MASK );
		}

		/** Construct a new Edge, normally you should not need|MASK ) {
			this(""Edge"", cPtr,  MASK );
			|MASK );
			construct();
		}

		@Override
		protected|MASK ) {
			if (!destroyed) destroy();
			super.reset(|MASK );
		}

		public static long getCPtr (Edge obj) {|[MASK] ) {
			super(className, CollisionJNI.btAxis|MASK );
			swigCPtr = cPtr;
		}

	|MASK<｜end▁of▁sentence｜>|MASK );
			construct();
		}

		@Override
		protected|MASK ) {
			if (!destroyed) destroy();
			super.reset(|MASK );
		}

		public static long getCPtr (Handle obj) {",
251,writer,MASK,False,3,MASK|MASK|MASK,[MASK]<｜end▁of▁sentence｜>,[MASK]<｜end▁of▁sentence｜>|MASK <｜end▁of▁sentence｜>|MASK<｜end▁of▁sentence｜>,
252,shift,MASK,False,2,MASK|MASK,  MASK<｜end▁of▁sentence｜>,  MASK<｜end▁of▁sentence｜>|MASK<｜end▁of▁sentence｜>,
253,linkOff,mapListOff,False,1,mapListOff,"  mapListOff = buf.readInt();
		int    mapListSize = buf.","  mapListOff = buf.readInt();
		int    mapListSize = buf.",
254,testInfo,MASK,False,4,MASK|MASK|MASK|MASK,[MASK]<｜end▁of▁sentence｜>,[MASK]<｜end▁of▁sentence｜>|[MASK]<｜end▁of▁sentence｜>|MASK<｜end▁of▁sentence｜>|MASK<｜end▁of▁sentence｜>,
255,staticVariableName,MASK,False,10,MASK|MASK|MASK|MASK|MASK|MASK|MASK|MASK|MASK|MASK,[MASK]<｜end▁of▁sentence｜>,"[MASK]<｜end▁of▁sentence｜>|[MASK] )
              .addModifiers(Modifier.PRIVATE, Mod|MASK )
          .addStatement(
              ""$T.$N =\n|[MASK]<｜end▁of▁sentence｜>|MASK );
    } else {
      // Generates code that looks like:
     |MASK<｜end▁of▁sentence｜>|MASK )
              .addModifiers(Modifier.PRIVATE, Modifier.|MASK )
          .addStatement(
              ""$T.$N =\n|MASK<｜end▁of▁sentence｜>|MASK );
    } else {
      // Generates code that looks like:
     ",
256,nodes,MASK,False,25,MASK|MASK|MASK|MASK|MASK|MASK|MASK|MASK|MASK|MASK|MASK|MASK|MASK|MASK|Collections|MASK|MASK|MASK|MASK|MASK|MASK|MASK|MASK|build|);,"[MASK]  = DiscoveryNodes.builder().localNodeId(""node"").masterNodeId","[MASK]  = DiscoveryNodes.builder().localNodeId(""node"").masterNodeId|[MASK] );

        AtomicInteger calledTimes = new AtomicInteger(0|MASK );
            registry.clusterChanged(newEvent);
            assertThat(calledTimes.|MASK  = DiscoveryNodes.builder().localNodeId(""node"").masterNodeId(""node|MASK 
        );

        AtomicInteger calledTimes = new AtomicInteger(|MASK );
            registry.clusterChanged(newEvent);
            assertThat(calledTimes.|MASK  = DiscoveryNodes.builder().localNodeId(""node"").masterNodeId(""node|MASK 
        );
        AtomicInteger calledTimes = new AtomicInteger(0|MASK  = DiscoveryNodes.builder().localNodeId(""node"").masterNodeId(""node|MASK 
        );
        AtomicInteger calledTimes = new AtomicInteger(0|[MASK]  = DiscoveryNodes.builder().localNodeId(""node"").masterNodeId|[MASK]<｜end▁of▁sentence｜>|MASK );
        registry.clusterChanged(higherVersionEvent);
    }

|[MASK]<｜end▁of▁sentence｜>|Collections.emptyMap(),
             MASK 
        );
        registry.clusterChanged(|MASK<｜end▁of▁sentence｜>|MASK );
        registry.clusterChanged(event);
        assertBusy(() ->|[MASK]<｜end▁of▁sentence｜>| MASK<｜end▁of▁sentence｜>|[MASK]<｜end▁of▁sentence｜>|MASK<｜end▁of▁sentence｜>|MASK.localNodeMaster());
        when(event.localNodeId()).thenReturn(|MASK<｜end▁of▁sentence｜>|build();
    }

    private static DiscoveryNodes createMasterNode(String nodeId|);
    }

    private static DiscoveryNodes createMasterNode(String nodeId)",
257,failure,unhealthy,False,8,unhealthy|startup|unhealthy|failed|cause|failure|cause|getCause,"unhealthy() {
 *           // Something went wrong, notify a load balancer, or","unhealthy() {
 *           // Something went wrong, notify a load balancer, or|startup and shutdown, and to respond to service failure.
 *
 * <p>The|unhealthy(Service service) {}
  }

  /**
   * A listener|failed<｜end▁of▁sentence｜>|cause) {
      ServiceManagerState state = this.state.get();
      if (|failure<｜end▁of▁sentence｜>|   cause);
        }
        if (cause instanceof FailedService) {
          // This|getCause());
    }

    @Override
    public Throwable fillIn",
258,clazz,MASK,False,6,MASK|MASK|MASK|MASK|MASK|MASK,[MASK]<｜end▁of▁sentence｜>,[MASK]<｜end▁of▁sentence｜>|[MASK]<｜end▁of▁sentence｜>|[MASK]<｜end▁of▁sentence｜>|MASK<｜end▁of▁sentence｜>|MASK<｜end▁of▁sentence｜>|MASK<｜end▁of▁sentence｜>,
259,targetField,MASK,False,14,MASK|MASK|MASK|MASK|MASK|MASK|targetObject|targetField|MASK|staticField|staticField|staticField|staticField|staticField,[MASK]<｜end▁of▁sentence｜>,"[MASK]<｜end▁of▁sentence｜>|[MASK]<｜end▁of▁sentence｜>|[MASK]<｜end▁of▁sentence｜>|MASK<｜end▁of▁sentence｜>|MASK <｜end▁of▁sentence｜>|[MASK]  ;
	}

	/**
	 * Return the name of the field|targetObject.
	 * @see #setTargetClass
	 * @see #setTarget|targetField""<｜end▁of▁sentence｜>|[MASK] <｜end▁of▁sentence｜>|staticField: "" +
						""for example, 'example.MyExampleClass.MY_|staticField<｜end▁of▁sentence｜>|staticField == null) {
			throw new IllegalArgumentException(""staticField is required"");
|staticField<｜end▁of▁sentence｜>|staticField);
		if (this.fieldObject == null) {
			// Try to",
260,values,remove,False,41,remove|remove|remove|remove|MASK|entrySet|MASK||assertTrue|original|keySet|keys|keySet|keySet|keys|keys2|iterator|keySet|keys|keys|test|keySet|keys2|new|i|hm|hm|hm|entrySet|entrySet|entrySet|valueSet|valueSet|values|valueSet|values|MASK|entries|entries|entries|entries,"remove(java.lang.Object)
     */
    public void test_removeLjava_","remove(java.lang.Object)
     */
    public void test_removeLjava_|remove() {
        // Test for method void java.util.LinkedHashMap.remove|remove()
        // Test for method java.util.Collection java.util.LinkedHash|remove<｜end▁of▁sentence｜>|[MASK]  = myLinkedHashMap. [MASK] ();
        new|entrySet();
        assertTrue(""Returned collection of incorrect size()"", MASK.size|[MASK]<｜end▁of▁sentence｜>| 
                new SpliteratorTester(
                        ""Test Returned Collection From LinkedHash|   assertTrue("" [MASK] () is identical"",  MASK  ==  [M|original map should remove from the cloned map"",
                !myLinkedHashMap.contains|keySet() should be the same
        Set keys = map.keySet();
        Set|keys<｜end▁of▁sentence｜>|keySet();
        // [MASK] () and keySet() on the original Map should|keySet() does not work"",
                ""key"", keys.iterator().next());
       |  keys.iterator().next());
        assertEquals(""keySet() does not work"",
               |keys2 = map. keySet ();
        assertEquals("" keySet () does not work"",|iterator().next());
        assertTrue(""keySet() is identical"", keys2 != keys|keySet () was not cloned"",
                ""value"",  keys2.iterator().next|  keys<｜end▁of▁sentence｜>|keys);
        assertTrue(""keySet() is identical"", keys2 != keys);
|  test for clone()
        LinkedHashMap m = new LinkedHashMap();
        m|keySet () is identical"",  keys 2 != keys);
        assertEquals(""keySet|  keys2.iterator().next());
        assertEquals(""keySet() was not cloned"",| = new Object[hmSize];
        for (int i = 0; i < h|; i < hmSize; i++) {
            objArray[i] = new| hm.put(null, ""test"");
    }

    /**
     *|hm ();
        Iterator it3 = s3.iterator();
        assertTrue|hm ();
        Iterator it2 = s2.iterator();
        assertTrue|entrySet();
        Iterator it1 = s1.iterator();
        assertTrue(""|entrySet<｜end▁of▁sentence｜>|entrySet ().iterator<｜end▁of▁sentence｜>|valueSet ().forEach(null);
            fail();
        } catch(NullPointerException|valueSet ().forEach(new java.util.function.Consumer<String>() {
|values<｜end▁of▁sentence｜>|valueSet<｜end▁of▁sentence｜>|values<｜end▁of▁sentence｜>|[MASK]<｜end▁of▁sentence｜>|entries<｜end▁of▁sentence｜>|entries<｜end▁of▁sentence｜>|entries<｜end▁of▁sentence｜>|entries );
    }

    public void test_spliterator_keySet_N",
261,number,MASK,False,12,MASK|3.14159265358979323|MASK|MASK|Format|Format|Format|Format|Format|MASK|MASK|MASK,"  [MASK] = ""9874598375837","  [MASK] = ""9874598375837|""3.14159265358979323|MASK ));
	}

	@Test
	void convertBigDecimalToBigInteger2|[MASK] Format = NumberFormat.getInstance(Locale.ENGLISH);
	|Format);
		assertThat(bigDecimal).isEqualTo(new BigDecimal(|Format = NumberFormat.getInstance(Locale.ENGLISH);
		Number bigDec|Format);
		assertThat(bigDecimal).isEqualTo(new BigDecimal(|Format Format = NumberFormat.getInstance(Locale.ENGLISH);
		Number big|Format);
		assertThat(bigDecimal).isEqualTo(new BigDecimal(|[MASK]<｜end▁of▁sentence｜>|MASK
			+ "", toClass="" + targetClass;
		assertThatIllegal|MASK<｜end▁of▁sentence｜>",
262,details,MASK,False,4,MASK|MASK|MASK|MASK,[MASK]<｜end▁of▁sentence｜>,[MASK]<｜end▁of▁sentence｜>|MASK<｜end▁of▁sentence｜>|  [MASK]<｜end▁of▁sentence｜>|MASK<｜end▁of▁sentence｜>,
263,builder,MASK,False,18,MASK|MASK|MASK|MASK|MASK|MASK|MASK|MASK|MASK|MASK|MASK|MASK|MASK|MASK|MASK|int|MASK|MASK,[MASK]<｜end▁of▁sentence｜>,"[MASK]<｜end▁of▁sentence｜>|   MASK<｜end▁of▁sentence｜>|MASK <｜end▁of▁sentence｜>|[MASK]<｜end▁of▁sentence｜>|   MASK<｜end▁of▁sentence｜>|MASK<｜end▁of▁sentence｜>|[MASK]<｜end▁of▁sentence｜>|   MASK<｜end▁of▁sentence｜>|MASK<｜end▁of▁sentence｜>|[MASK]<｜end▁of▁sentence｜>|[MASK] <｜end▁of▁sentence｜>| MASK<｜end▁of▁sentence｜>|[MASK]<｜end▁of▁sentence｜>|MASK <｜end▁of▁sentence｜>|[MASK] .addParameter(randomAsciiAlphanumOfLength(3),|int parameterCount = between(1, 5);
             for (int i = 0;|   MASK<｜end▁of▁sentence｜>|MASK<｜end▁of▁sentence｜>",
264,request,channel,False,4,channel|new|request|request,channel<｜end▁of▁sentence｜>,"channel<｜end▁of▁sentence｜>|new ChannelActionListener<>(channel))
        );

        transportService.registerRequestHandler|request<｜end▁of▁sentence｜>|request) {
        return null;
    }

    @Override
    protected Cl",
265,putLifecycle,putReq,False,2,putReq|putReq,  putReq<｜end▁of▁sentence｜>,"  putReq<｜end▁of▁sentence｜>|putReq
           <｜end▁of▁sentence｜>",
266,create,includeDefault,False,4,includeDefault|includeDefault|includeDefault|includeDefault,"includeDefault, boolean  [MASK] ) {
        try {
            return getPrefix","includeDefault, boolean  [MASK] ) {
        try {
            return getPrefix|includeDefault
               <｜end▁of▁sentence｜>|includeDefault
   <｜end▁of▁sentence｜>|includeDefault<｜end▁of▁sentence｜>",
267,routingTable,MASK,False,8,MASK|MASK|MASK|MASK|MASK|MASK|globalRoutingTable|MASK,[MASK]<｜end▁of▁sentence｜>,"[MASK]<｜end▁of▁sentence｜>|[MASK]<｜end▁of▁sentence｜>|MASK<｜end▁of▁sentence｜>|MASK<｜end▁of▁sentence｜>|[MASK]<｜end▁of▁sentence｜>|   MASK<｜end▁of▁sentence｜>|globalRoutingTable<｜end▁of▁sentence｜>|MASK .build()).build();
    }

    private ClusterState buildState(",
268,aliases,MASK,False,11,MASK|MASK|MASK|MASK|MASK|MASK|MASK|MASK|MASK|put|properties,[MASK]<｜end▁of▁sentence｜>,"[MASK]<｜end▁of▁sentence｜>|[MASK]  = new HashMap<>();
                 [MASK] .put(data|[MASK]<｜end▁of▁sentence｜>|MASK  );
            CreateDataStreamAction.Request createDataStreamRequest = new CreateData|MASK<｜end▁of▁sentence｜>|MASK<｜end▁of▁sentence｜>|MASK <｜end▁of▁sentence｜>|MASK<｜end▁of▁sentence｜>|MASK<｜end▁of▁sentence｜>|put(DEFAULT_TIMESTAMP_FIELD, ""date"")
                    .put(""f"",|""properties"",
                    new ObjectMapper().writeValueAsString(
                        Map.of(",
269,actualList,actualValues,False,3,actualValues|actualValues|actualValues,    actualValues <｜end▁of▁sentence｜>,"    actualValues <｜end▁of▁sentence｜>|actualValues
               <｜end▁of▁sentence｜>|actualValues
                   <｜end▁of▁sentence｜>",
270,listener,listener,True,3,listener|MASK|MASK,"listener) {
        execute(session, listener, emptyMap());
    }

","listener) {
        execute(session, listener, emptyMap());
    }

|   [MASK]<｜end▁of▁sentence｜>|   MASK<｜end▁of▁sentence｜>",
271,service,service,True,6,service|service|service|service|service|service,service<｜end▁of▁sentence｜>,"service<｜end▁of▁sentence｜>|service
               <｜end▁of▁sentence｜>|service .getAccessToken(code);
        System.out.println(""Got the Access|service<｜end▁of▁sentence｜>|   service<｜end▁of▁sentence｜>|service<｜end▁of▁sentence｜>",
272,uniformNames,names,False,1,names,"names, IntBuffer uniformIndices);

	public native void glGetActiveUniformsiv","names, IntBuffer uniformIndices);

	public native void glGetActiveUniformsiv",
273,totalCharsWritten,totalCharsDecompressed,False,5,totalCharsDecompressed|totalCharsDecompressed|totalCharsDecompressed|totalCharsDecompressed|decompressed,"  totalCharsDecompressed  = 0;

        // not used boolean err =","  totalCharsDecompressed  = 0;

        // not used boolean err =|  totalCharsDecompressed, unicharsWritten);
            
            // update|totalCharsDecompressed <｜end▁of▁sentence｜>|totalCharsDecompressed
                  <｜end▁of▁sentence｜>|decompressed, len) == false) {
            logln(len + "" chars",
274,expected,MASK,False,10,MASK|MASK|event|MASK|MASK|events|MASK|MASK|MASK|MASK,[MASK]<｜end▁of▁sentence｜>,"[MASK]<｜end▁of▁sentence｜>|[MASK]<｜end▁of▁sentence｜>|event in the [MASK] we advance the ticker by some fraction
            // and run|[MASK]<｜end▁of▁sentence｜>|MASK<｜end▁of▁sentence｜>|events <｜end▁of▁sentence｜>|MASK<｜end▁of▁sentence｜>|MASK<｜end▁of▁sentence｜>|MASK<｜end▁of▁sentence｜>|MASK<｜end▁of▁sentence｜>",
275,reader,MASK,False,5,MASK|MASK|MASK|MASK|MASK,[MASK]<｜end▁of▁sentence｜>,[MASK]<｜end▁of▁sentence｜>|[MASK] <｜end▁of▁sentence｜>|MASK<｜end▁of▁sentence｜>|MASK<｜end▁of▁sentence｜>|MASK<｜end▁of▁sentence｜>,
276,columnIndex,columnIndex,True,4,columnIndex|columnIndex|columnIndex|columnIndex,"columnIndex) throws SQLException {
    return toPrimitiveBytes(rs.getBlob","columnIndex) throws SQLException {
    return toPrimitiveBytes(rs.getBlob|columnIndex<｜end▁of▁sentence｜>|columnIndex<｜end▁of▁sentence｜>|columnIndex<｜end▁of▁sentence｜>",
277,project,node,False,6,node|MASK|index|metadata|test|MASK,"node.DiscoveryNodes;
import org.elasticsearch.cluster.node.DiscoveryNodes","node.DiscoveryNodes;
import org.elasticsearch.cluster.node.DiscoveryNodes|  [MASK]<｜end▁of▁sentence｜>|index template with the given name is present in the cluster state to simplify the assertions in these tests|metadata(MASK).build())
            .metadata(new<｜end▁of▁sentence｜>|""test"", MASK))).build())
            .metadata(Metadata.builder(). metadata Met|MASK<｜end▁of▁sentence｜>",
278,centerY,centerY,True,2,centerY|centerY,centerY<｜end▁of▁sentence｜>,"centerY<｜end▁of▁sentence｜>|centerY) < tapRectangleHeight;
	}

	private boolean isWithinTap",
279,sparseIndexMap,MASK,False,4,MASK|MASK|MASK|MASK,[MASK]<｜end▁of▁sentence｜>,[MASK]<｜end▁of▁sentence｜>|[MASK]<｜end▁of▁sentence｜>|MASK<｜end▁of▁sentence｜>|MASK<｜end▁of▁sentence｜>,
280,vStart,MASK,False,6,MASK|MASK|MASK|MASK|MASK|MASK,[MASK]<｜end▁of▁sentence｜>,[MASK]<｜end▁of▁sentence｜>|[MASK]<｜end▁of▁sentence｜>|MASK<｜end▁of▁sentence｜>|MASK<｜end▁of▁sentence｜>|MASK<｜end▁of▁sentence｜>|MASK <｜end▁of▁sentence｜>,
281,simpleInstruction,simpleInstruction,True,3,simpleInstruction|simpleInstruction|simpleInstruction,"simpleInstruction)
    {
        // Are we inlining this instruction?
       ","simpleInstruction)
    {
        // Are we inlining this instruction?
       |simpleInstruction.opcode)
            {
                case InstructionConstants.OP_I|simpleInstruction );
    }


    public void visitBranchInstruction(Cla",
282,terms,MASK,False,11,MASK|TermsAggregationBuilder|instanceof|has|t1|instanceof|t1|t1|-> {|MASK|MASK,[MASK]<｜end▁of▁sentence｜>,"[MASK]<｜end▁of▁sentence｜>|TermsAggregationBuilder;
import org.elasticsearch.search.aggregations.met| instanceof Double) {
            return (long) (doc.doubleValue() * 10| has an invalid type"");
    }

    private void testCase(
        Consumer|t1 =  [MASK] .getBucketByKey(""1"");
                InternalVariable|instanceof "").getBuckets().get(0).getKey();
                assertEquals(|t1.getBuckets().size(), deltaError);
                assertEquals(1L,|t1 .getBuckets().get(0).getKey());
                assertEquals(1|-> {
            LongTerms.Bucket t1 =  [MASK] .get|[MASK]<｜end▁of▁sentence｜>|MASK<｜end▁of▁sentence｜>",
283,asMap,build,False,22,build|build|ref|new||i|get||foo|());|(0));|get|putList|ArgumentException|put||to|Property|Integer|(|intSetting2|prefix,"2,3"").build(), builder.build());
        assertEquals(3, ref.get().","2,3"").build(), builder.build());
        assertEquals(3, ref.get().|1,2,3"").build());
        assertEquals(3, ref.get().size());|, ref.get().size());
        assertArrayEquals(ref.get().toArray(|new String[0]), new String[] { ""1"", ""2"", ""3"" });|

        settingUpdater.apply(Settings.builder().put(""foo.bar"",| i < intValues.size(); i++) {
            assertEquals(i, intValues.|get(i).intValue());
        }

        // try to parse this really annoying|
        // try to parse this really annoying format
        builder = Settings.builder();
       |            ""foo.bar"",
            Collections.singletonList(""foo.bar""),
|());
        assertEquals(2, value.size());
        assertEquals(""1"", value.get|(0));
        assertEquals(""2"", value.get(1));

        value =|get(1));

        value = settingWithFallback.get(Settings.builder|().putList(""foo.bar"", ""1,2"").build());
        assertEquals(2|ArgumentException.class,
            () -> settingWithBothBounds.get(Settings.builder().|put(""bar"", ""20001ms"").build())
        );
        assertThat|
        );
        assertThat(illegalArgumentException.getMessage(), equalTo(""failed to parse value| to parse value [20001ms] for setting [bar], must be <= [| Property.NodeScope, Property.Dynamic);
        Setting<Integer> intSetting3 = Setting|<Integer> settingUpdater = intSetting.newUpdater(
            (s|(
            ""prefix"",
            intSetting,
            intSetting2,
            logger|, intSetting2),
            logger
        );
        assertFalse(updater.|(""prefix.foo"", 2).build();
        Settings previous = Settings.builder().put",
284,methodName,MASK,False,7,MASK|MASK|MASK|MASK|MASK|MASK|MASK,  MASK<｜end▁of▁sentence｜>,"  MASK<｜end▁of▁sentence｜>|[MASK]<｜end▁of▁sentence｜>|[MASK] )) {
            return handleStartActivities(target, method, args|MASK )) {
            return handleStartActivity(target, method, args);
       |MASK )) {
            return handleStartActivity(target, method, args);
       |MASK )) {
            return handleStartActivity(target, method, args);
       |MASK )) {
            return handleGetIntentSender(target, method, args);",
285,activityClazzName,MASK,False,8,MASK|MASK|MASK|MASK|MASK|MASK|MASK|MASK,  [MASK]<｜end▁of▁sentence｜>,"  [MASK]<｜end▁of▁sentence｜>|MASK == null || MASK.length() == 0) {
                continue;
           |   MASK<｜end▁of▁sentence｜>|MASK.substring(1) ;
            }
            if ( MASK .char|MASK<｜end▁of▁sentence｜>|[MASK]<｜end▁of▁sentence｜>|MASK )
                );
            }
            if (processVal != null && process|MASK
           <｜end▁of▁sentence｜>",
286,searchFor,MASK,False,7,MASK|MASK|MASK|MASK|MASK|MASK|MASK,[MASK]<｜end▁of▁sentence｜>,[MASK]<｜end▁of▁sentence｜>|MASK<｜end▁of▁sentence｜>|[MASK] <｜end▁of▁sentence｜>|MASK<｜end▁of▁sentence｜>|  [MASK]<｜end▁of▁sentence｜>|MASK<｜end▁of▁sentence｜>|MASK<｜end▁of▁sentence｜>,
287,chunkingSettings,chunkingSettings,True,2,chunkingSettings|new,"chunkingSettings,
        @Nullable String user,
        @Nullable String mask<｜end▁of▁sentence｜>","chunkingSettings,
        @Nullable String user,
        @Nullable String mask<｜end▁of▁sentence｜>|new ChunkingSettings(chunkingSettings)<｜end▁of▁sentence｜>",
288,groupEnd,MASK,False,12,MASK|MASK|MASK|MASK|MASK|MASK|MASK|MASK|MASK|MASK|MASK|MASK,[MASK]<｜end▁of▁sentence｜>,"[MASK]<｜end▁of▁sentence｜>|[MASK]<｜end▁of▁sentence｜>|[MASK]<｜end▁of▁sentence｜>|MASK<｜end▁of▁sentence｜>|MASK  = groupStart + groups.getValueCount(groupPosition);
      for (int g|MASK ; g++) {
        int groupId = groups.getInt(g);|MASK  = groupStart + groups.getValueCount(groupPosition);
      for (int g|MASK ; g++) {
        int groupId = groups.getInt(g);|MASK  = groupStart + groups.getValueCount(groupPosition);
      for (int g|MASK ; g++) {
        int groupId = groups.getInt(g);|MASK  = groupStart + groups.getValueCount(groupPosition);
      for (int g|MASK ; g++) {
        int groupId = groups.getInt(g);",
289,nonExistingTask,MASK,False,2,MASK|MASK,MASK<｜end▁of▁sentence｜>,MASK<｜end▁of▁sentence｜>|MASK<｜end▁of▁sentence｜>,
290,requiredSize,rootIndex,False,2,rootIndex|bucketSize,"  rootIndex = (long) bucket * bucketSize;
        long    nextIndex = root","  rootIndex = (long) bucket * bucketSize;
        long    nextIndex = root|bucketSize
            && betterThan(value, values.get(rootIndex))
",
291,backPointers,pointerUpdates,False,3,pointerUpdates|pointerUpdates|pointerUpdates,  pointerUpdates<｜end▁of▁sentence｜>,"  pointerUpdates<｜end▁of▁sentence｜>|pointerUpdates != null) {
                fullSchedule.addAll(pointerUpdates|pointerUpdates.get(update.getEntityId())
                       <｜end▁of▁sentence｜>",
292,whitelistUserControlledList,MASK,False,10,MASK|MASK|MASK|MASK|MASK|MASK|MASK|MASK|MASK|MASK,  MASK<｜end▁of▁sentence｜>,"  MASK<｜end▁of▁sentence｜>|[MASK] ));

        assertThat(Files.readString( [MASK]|[MASK] ));

        wl.add(""white-1"");
       |[MASK] ));
        assertThat(Files.readString( [MASK] ,|[MASK] , StandardCharsets.UTF_8), is(""""));

        w|MASK ));
        assertThat(Files.readString( MASK , StandardCharsets.|MASK<｜end▁of▁sentence｜>|[MASK]<｜end▁of▁sentence｜>|[MASK]<｜end▁of▁sentence｜>|MASK<｜end▁of▁sentence｜>",
293,contentType,mediaType,False,2,mediaType|mediaType,mediaType<｜end▁of▁sentence｜>,mediaType<｜end▁of▁sentence｜>|mediaType<｜end▁of▁sentence｜>,
294,className,name,False,7,name|name|name|name|name|name|name,"name;

  /** The internal name of the superclass of the class to which this symbol","name;

  /** The internal name of the superclass of the class to which this symbol|name ;
  }

  /**
   * Returns the number of entries in this symbol|name a<｜end▁of▁sentence｜>|name<｜end▁of▁sentence｜>|name = name ;
    return addConstantClass(name).index;
  }

|name ;
    return addConstantClass(name).index;
  }

  /**|name);
  }

  /**
   * Returns the number of entries in this symbol",
295,otherLat,otherLat,True,11,otherLat|MASK|MASK|MASK|MASK|MASK|MASK|MASK|MASK|MASK|MASK,"  otherLat = randomLat();
        final double    otherLon = randomLon();","  otherLat = randomLat();
        final double    otherLon = randomLon();|[MASK] , otherLat) / 1000d, script.arcDistance|[MASK]<｜end▁of▁sentence｜>|MASK , otherLon) / 1000d,
            script.arc|[MASK]<｜end▁of▁sentence｜>|MASK<｜end▁of▁sentence｜>|[MASK]<｜end▁of▁sentence｜>|MASK<｜end▁of▁sentence｜>|MASK<｜end▁of▁sentence｜>|MASK<｜end▁of▁sentence｜>|MASK<｜end▁of▁sentence｜>",
296,destBitmap,MASK,False,14,MASK|MASK||MASK|MASK|MASK|MASK|MASK|MASK|MASK|MASK|sCopyBitmap|MASK|MASK,[MASK]<｜end▁of▁sentence｜>,"[MASK]<｜end▁of▁sentence｜>|  [MASK] , sourceBitmap);
      return  [MASK] Ref.| <｜end▁of▁sentence｜>|MASK<｜end▁of▁sentence｜>|[MASK]<｜end▁of▁sentence｜>|[MASK]<｜end▁of▁sentence｜>|[MASK]<｜end▁of▁sentence｜>|MASK<｜end▁of▁sentence｜>|[MASK]<｜end▁of▁sentence｜>|MASK }.
   *
   * <p>This method is used only if {@|MASK<｜end▁of▁sentence｜>|sCopyBitmap != null &&  MASK<｜end▁of▁sentence｜>|MASK<｜end▁of▁sentence｜>|MASK<｜end▁of▁sentence｜>",
297,fieldName,fieldName,True,4,fieldName|fieldName|fieldName|fieldName,"fieldName) {
            if (filteredNames.contains( [MASK] ) ==","fieldName) {
            if (filteredNames.contains( [MASK] ) ==|fieldName<｜end▁of▁sentence｜>|fieldName
                        + ""' is not accessible in the current merge context, available ones are: ""|fieldName<｜end▁of▁sentence｜>",
298,executionServer,MASK,False,43,MASK||Registry|MASK|MASK|MASK|MASK|MASK|cacheServer|MASK|MASK|MASK|MASK|MASK|MASK|cacheServer|MASK|MASK|MASK|MASK|cacheServerCapabilitiesImpl|MASK|cacheServer|MASK|MASK|MASK|MASK|cacheServerCapabilitiesImpl|MASK|cacheServer|cacheServerCapabilitiesImpl|cacheServer|cacheServerCapabilitiesImpl|cacheServer|cacheServer|cacheServer|MASK|MASK|MASK|MASK|cacheServerCapabilitiesImpl|MASK|cacheServer,  [MASK]<｜end▁of▁sentence｜>,"  [MASK]<｜end▁of▁sentence｜>|<｜end▁of▁sentence｜>|Registry)
        .directExecutor()
        .build();
  }

  private|[MASK] CapabilitiesImpl = new CapabilitiesImpl(EXEC_AND_CAC|[MASK]  =
        createFakeServer(serverName,  [MASK]|[MASK] CapabilitiesImpl);
     [MASK] .start();

   |[MASK] .start();

    try {
      beforeCommand();

     |  MASK .shutdownNow();
         MASK .awaitTermination();
        |cacheServer.awaitTermination();
    }
  }

  @Test
|[MASK] CapabilitiesImpl = new CapabilitiesImpl(EXEC_AND_CAC|MASK  =
        createFakeServer(EXECUTION_SERVER_NAME, |MASK CapabilitiesImpl);
     MASK .start();

    CapabilitiesImpl cache|[MASK] .start();

    CapabilitiesImpl cacheServerCapabilitiesImpl = new|[MASK] CapabilitiesImpl.getRequestCount()).isEqualTo(1);
     |MASK .shutdownNow();
       MASK .awaitTermination();
    }|cacheServer.shutdownNow();

       cacheServer .awaitTermination();
   |[MASK]<｜end▁of▁sentence｜>|MASK<｜end▁of▁sentence｜>|MASK CapabilitiesImpl);
     MASK .start();

    CapabilitiesImpl cache|MASK<｜end▁of▁sentence｜>|cacheServerCapabilitiesImpl.getRequestCount()).isEqualTo(1);
      assertCirc|[MASK] .shutdownNow();
      cacheServer.shutdownNow();

|cacheServer<｜end▁of▁sentence｜>|[MASK]<｜end▁of▁sentence｜>|MASK  =
        createFakeServer(EXECUTION_SERVER_NAME, |MASK CapabilitiesImpl);
     MASK .start();

    CapabilitiesImpl cache|[MASK] .start();

    CapabilitiesImpl cacheServerCapabilitiesImpl = new|cacheServerCapabilitiesImpl.getRequestCount()).isEqualTo(1);
      assertCirc|MASK .shutdownNow();
      cacheServer.shutdownNow();

       cache|cacheServer .awaitTermination();
      cacheServer.awaitTermination();
   |cacheServerCapabilitiesImpl = new CapabilitiesImpl(EXEC_AND_CACHE_|cacheServer = createFakeServer(CACHE_SERVER_NAME, cacheServerCapabilities|cacheServerCapabilitiesImpl);
     cacheServer .start();

    try {
     |cacheServer.start();

    try {
      remoteOptions.remoteExecutor = EXEC|cacheServer.shutdownNow();
        cacheServer.awaitTermination();
    }|cacheServer .awaitTermination();
    }
  }

  @Test
|MASK<｜end▁of▁sentence｜>|MASK  =
        createFakeServer(EXECUTION_SERVER_NAME, |MASK CapabilitiesImpl);
     MASK .start();

    try {
     |[MASK] .start();

    try {
      remoteOptions.remoteExecutor =|cacheServerCapabilitiesImpl.getRequestCount()).isEqualTo(1);
      assertCirc|MASK .shutdownNow();
       cacheServer .awaitTermination();
    }|cacheServer.shutdownNow();

       cacheServer .awaitTermination();
     ",
299,support,MASK,False,4,MASK|MASK|MASK|avoid,  [MASK]<｜end▁of▁sentence｜>,"  [MASK]<｜end▁of▁sentence｜>|  MASK<｜end▁of▁sentence｜>|MASK<｜end▁of▁sentence｜>|avoid having to deal with the
     * <KBD>xmlns:</K",
300,fillIn,MASK,False,3,MASK|MASK|MASK,  [MASK]<｜end▁of▁sentence｜>,  [MASK]<｜end▁of▁sentence｜>|MASK<｜end▁of▁sentence｜>|MASK<｜end▁of▁sentence｜>,
301,chain,MASK,False,12,MASK|MASK|MASK|MASK|ResourceTransformer|MASK|MASK|nextChain|MASK|MASK|chain|nextChain,[MASK]<｜end▁of▁sentence｜>,"[MASK]<｜end▁of▁sentence｜>|[MASK]<｜end▁of▁sentence｜>|MASK <｜end▁of▁sentence｜>|[MASK]<｜end▁of▁sentence｜>|ResourceTransformer  transformer<｜end▁of▁sentence｜>|MASK<｜end▁of▁sentence｜>|MASK<｜end▁of▁sentence｜>|nextChain) {

		Assert.notNull(resolverChain, ""ResourceResolver|[MASK]<｜end▁of▁sentence｜>|MASK <｜end▁of▁sentence｜>|chain must be null, or neither is"");
		Assert.isTrue((nextChain ==|nextChain;
	}


	@Override
	public boolean hasTransformer() {
	",
302,composableTemplates,MASK,False,3,MASK|MASK|MASK,  [MASK]<｜end▁of▁sentence｜>,"  [MASK]<｜end▁of▁sentence｜>|MASK
               <｜end▁of▁sentence｜>|MASK )
            .ingestPipelines( ingestPipelines<｜end▁of▁sentence｜>",
303,indexName,indexName,True,2,indexName|synonymId,                  indexName<｜end▁of▁sentence｜>,"                  indexName<｜end▁of▁sentence｜>|synonymId),
                    id -> new SynonymsStats()
                );
               ",
304,reader,reader,True,4,reader|getReader|reader|reader,  reader<｜end▁of▁sentence｜>,  reader<｜end▁of▁sentence｜>|getReader<｜end▁of▁sentence｜>|reader.getFieldInfos()<｜end▁of▁sentence｜>|reader<｜end▁of▁sentence｜>,
305,found,MASK,False,4,MASK|MASK|DnsRecordType|DnsRecordType,[MASK]<｜end▁of▁sentence｜>,"[MASK]<｜end▁of▁sentence｜>|MASK , MASK <｜end▁of▁sentence｜>|DnsRecordType  [MASK]<｜end▁of▁sentence｜>|DnsRecordType.valueOf(t.name()));
            assertSame(t, ",
306,libraryClassPool,programClassPool,False,4,programClassPool|programClassPool|programClassPool|programClassPool,"                 programClassPool the program class pool
     * @param   [MASK]         the","                 programClassPool the program class pool
     * @param   [MASK]         the|programClassPool)
    {
        // Initialize all references to/from the edited class|programClassPool,
                                                  programClass);
        }
        else
        {
|programClassPool, programClassPool, programClass);
    }

    /**
    ",
307,numHeaders,numHeaders,True,2,numHeaders|numHeaders,numHeaders<｜end▁of▁sentence｜>,numHeaders<｜end▁of▁sentence｜>|numHeaders<｜end▁of▁sentence｜>,
308,criticalSettingName,MASK,False,4,MASK|MASK|MASK|MASK,  [MASK]<｜end▁of▁sentence｜>,"  [MASK]<｜end▁of▁sentence｜>|MASK, settingValue);
        final Setting<String> deprecatedSetting1 = Setting.|MASK<｜end▁of▁sentence｜>|   MASK,
            settingValue,
            Property.Deprecated
        );
       ",
309,error,e,False,2,e|e,"e) {
    UncheckedThrowingFuture<V> future = new Unchecked","e) {
    UncheckedThrowingFuture<V> future = new Unchecked|e<｜end▁of▁sentence｜>",
310,weeks,periods,False,31,periods|MASK|MASK|week|1)|the|for|Fields|created|WEEK_BASED_YEAR_RANGE|new|of|else|getFrom|();|week|end|OfWeekOffset|MASK|MASK|MASK|MASK|MASK|MASK|MASK|MASK|MASK|Math|MASK|MASK|week,"periods where each
 * period starts on the defined first day-of-week. The earliest","periods where each
 * period starts on the defined first day-of-week. The earliest|[MASK]<｜end▁of▁sentence｜>|MASK<｜end▁of▁sentence｜>|week of a year is referred to as week 53 of the year.
 *
 *|1)
    // because the week-of-month and week-of-year may be|the ISO-8601 standard.
     * <p>
     * The ISO|(52 for the US, 53 for the UK).
     * <p>|Fields.
     */
    private static final class ComputedDayOfField implements Temporal| created for each combination of
     * firstDayOfWeek and minimalDays.
     */| WEEK_BASED_YEAR_RANGE);
        }

       | new date
         */
        static Date newWeekBasedYearDate(Chronology chrono|-of-year, and dow
         */
        static ChronoLocalDate of(| } else if (rangeUnit == IsoFields.WEEK_BASED_YE| getFrom(temporal);
            int dow = weekDef.getFirstDayOf|();
            int dow = baseUnit.getFrom(temporal);
            return| week of week-based-year for the date
         */
        private int localizedWeekOf| end of week of previous year; return the previous year
                return weekDef.getFirstDay|OfWeekOffset(int, int)}
         * @param day the day of the month or|[MASK]<｜end▁of▁sentence｜>|[MASK]<｜end▁of▁sentence｜>|[MASK]<｜end▁of▁sentence｜>|[MASK]  * 7 + days, DAYS);
                if (resol|MASK<｜end▁of▁sentence｜>|MASK<｜end▁of▁sentence｜>|MASK<｜end▁of▁sentence｜>|MASK<｜end▁of▁sentence｜>|MASK  = Math.subtractExact(wowby, 1);
               |Math.addExact(Math.multiplyExact( MASK , 7),|[MASK]<｜end▁of▁sentence｜>|MASK .
         */
        private ValueRange rangeWeekOfWeekBasedYear(Tempor|week of following year; recompute from a week in following year
                ChronoLocalDate date",
311,attachments,MASK,False,2,MASK|MASK,"[MASK] );

	public native void glInvalidateSubFramebuffer (int target,","[MASK] );

	public native void glInvalidateSubFramebuffer (int target,|MASK, int x, int y, int width,
		int height);

	public",
312,authnState,,False,2,|null, <｜end▁of▁sentence｜>, <｜end▁of▁sentence｜>|null<｜end▁of▁sentence｜>,
313,params,MASK,False,12,MASK|MASK|MASK|MASK|MASK|MASK|MASK|MASK|MASK|MASK|MASK|MASK,[MASK]<｜end▁of▁sentence｜>,"[MASK]<｜end▁of▁sentence｜>|  [MASK]<｜end▁of▁sentence｜>|[MASK]<｜end▁of▁sentence｜>|MASK , random);
                return;
            }
            // Android-removed:|MASK<｜end▁of▁sentence｜>|MASK<｜end▁of▁sentence｜>|MASK)
            throws InvalidKeyException, InvalidAlgorithmParameterException {
        // Android|MASK , JceSecurity.RANDOM);
    }

    /**
    |MASK<｜end▁of▁sentence｜>|MASK ,
                           SecureRandom random)
        throws InvalidKeyException, InvalidAlgorithm|MASK<｜end▁of▁sentence｜>|MASK<｜end▁of▁sentence｜>",
314,instance,instance,True,3,instance|randomValueOtherThan|instance,  instance<｜end▁of▁sentence｜>,"  instance<｜end▁of▁sentence｜>|   randomValueOtherThan( [MASK] .field(), AbstractExpressionSerializationTests::|instance<｜end▁of▁sentence｜>",
315,field,MASK,False,3,MASK|MASK|MASK,  [MASK]<｜end▁of▁sentence｜>,"  [MASK]<｜end▁of▁sentence｜>|MASK<｜end▁of▁sentence｜>|MASK.get(null);
                    Map<String, String> map = (Map<",
316,groupEnd,MASK,False,12,MASK|MASK|MASK|MASK|MASK|MASK|MASK|MASK|MASK|MASK|MASK|MASK,[MASK]<｜end▁of▁sentence｜>,"[MASK]<｜end▁of▁sentence｜>|[MASK]<｜end▁of▁sentence｜>|MASK<｜end▁of▁sentence｜>|MASK<｜end▁of▁sentence｜>|MASK  = groupStart + groups.getValueCount(groupPosition);
      for (int g|MASK ; g++) {
        int groupId = groups.getInt(g);|MASK  = groupStart + groups.getValueCount(groupPosition);
      for (int g|MASK ; g++) {
        int groupId = groups.getInt(g);|MASK  = groupStart + groups.getValueCount(groupPosition);
      for (int g|MASK ; g++) {
        int groupId = groups.getInt(g);|MASK  = groupStart + groups.getValueCount(groupPosition);
      for (int g|MASK ; g++) {
        int groupId = groups.getInt(g);",
317,foobarRelative,MASK,False,21,MASK|MASK|MASK|MASK|MASK|MASK|MASK|MASK|MASK|MASK|MASK|MASK|MASK|MASK|MASK|MASK|MASK|MASK|MASK|MASK|MASK,"[MASK]  = create(""foo/bar"");

    // (path, prefix)","[MASK]  = create(""foo/bar"");

    // (path, prefix)| [MASK] )).isFalse();
    assertThat( [MASK] .starts|MASK  .startsWith(foobar)).isFalse();

    // (|[MASK] .startsWith( [MASK] )).isTrue();
   |[MASK] )).isTrue();
    assertThat( [MASK] .starts|MASK .startsWith(create(""foo""))).isTrue();
    assertThat( M|MASK<｜end▁of▁sentence｜>|[MASK]<｜end▁of▁sentence｜>|MASK )).isFalse();
    assertThat( MASK .startsWithIgnoringCase|MASK .startsWithIgnoringCase(foobar)).isFalse();

   |MASK .startsWithIgnoringCase( MASK )).isTrue();
    assertThat|MASK )).isTrue();
    assertThat( MASK .startsWithIgnoringCase|MASK .startsWithIgnoringCase(create(""foo""))).isTrue();
   |MASK .startsWithIgnoringCase(create(""""))).isTrue();

   |MASK<｜end▁of▁sentence｜>| MASK )).isTrue();
    assertThat( MASK .endsWith(foobar|MASK .endsWith(foobar)).isFalse();

    // (relative path|MASK .endsWith(foobar)).isFalse();

    // (path,|MASK )).isTrue();
    assertThat( MASK .endsWith(create(""foo|MASK .endsWith(create(""foo""))).isTrue();
    assertThat( MASK|MASK .endsWith(create(""""))).isTrue();

    // (path,",
318,atlasFilename,MASK,False,5,MASK|MASK|MASK|MASK|MASK,[MASK] <｜end▁of▁sentence｜>,[MASK] <｜end▁of▁sentence｜>|[MASK]<｜end▁of▁sentence｜>|MASK <｜end▁of▁sentence｜>|MASK <｜end▁of▁sentence｜>|MASK<｜end▁of▁sentence｜>,
319,context,MASK,False,6,MASK|MASK|MASK|MASK|MASK|MASK,[MASK]<｜end▁of▁sentence｜>,[MASK]<｜end▁of▁sentence｜>|[MASK]<｜end▁of▁sentence｜>|[MASK]<｜end▁of▁sentence｜>|MASK<｜end▁of▁sentence｜>|MASK<｜end▁of▁sentence｜>|MASK<｜end▁of▁sentence｜>,
320,decimalsBlock,decimalsBlock,True,8,decimalsBlock|MASK|decimalsBlock|MASK|decimalsBlock|decimalsBlock|decimalsBlock|decimalsBlock,decimalsBlock<｜end▁of▁sentence｜>,"decimalsBlock<｜end▁of▁sentence｜>|[MASK]<｜end▁of▁sentence｜>|decimalsBlock<｜end▁of▁sentence｜>|MASK<｜end▁of▁sentence｜>|decimalsBlock<｜end▁of▁sentence｜>|decimalsBlock.getValueCount(p)) {
          case 0:
              result|decimalsBlock<｜end▁of▁sentence｜>|decimalsBlock<｜end▁of▁sentence｜>",
321,oldDescs,MASK,False,4,MASK|MASK|MASK|MASK,[MASK]<｜end▁of▁sentence｜>,"[MASK]<｜end▁of▁sentence｜>|   MASK<｜end▁of▁sentence｜>|MASK.add(newDesc)) {
                addedDescs.add(newDesc);|MASK.size());
        MASK.clear();
        MASK.addAll(",
322,lineNumberInfo,lineNumberInfo,True,7,lineNumberInfo|inlining|inlining|MASK|MASK|MASK|MASK,"lineNumberInfo)
    {
        if (inlining)
        {
           ","lineNumberInfo)
    {
        if (inlining)
        {
           |  inlining ?
                 clazz.getName()                                 + '.' +
                 method|   inlining  .getSource() != null ?
                    inlining  .|[MASK]<｜end▁of▁sentence｜>|[MASK]<｜end▁of▁sentence｜>|[MASK]<｜end▁of▁sentence｜>|  MASK<｜end▁of▁sentence｜>",
323,headersBuilder,headers,False,8,headers|Add|headers|contents|headers|MASK|MASK|MASK,headers<｜end▁of▁sentence｜>,"headers<｜end▁of▁sentence｜>|   // Add headers
            [MASK]<｜end▁of▁sentence｜>|headers <｜end▁of▁sentence｜>|contents != null && contents.contentType() == null) {
                 [MASK]|   headers .add(OAuthConstants.CONTENT_TYPE_HEADER_NAME, Media|[MASK] .build(), contents);
            } else {
                response = client.|MASK .build(), contents);
            } else {
                response = client.execute(|MASK .build(), headers);
        }

        // Aggregate HTTP response (",
324,client,MASK,False,3,MASK|MASK|client,[MASK]<｜end▁of▁sentence｜>,[MASK]<｜end▁of▁sentence｜>|MASK <｜end▁of▁sentence｜>|client<｜end▁of▁sentence｜>,
325,configuration,MASK,False,17,MASK|MASK|MASK|MASK|MASK|MASK|MASK|MASK|MASK|MASK|MASK|MASK|MASK|MASK|MASK|MASK|MASK,  [MASK]<｜end▁of▁sentence｜>,"  [MASK]<｜end▁of▁sentence｜>|MASK<｜end▁of▁sentence｜>|MASK<｜end▁of▁sentence｜>|[MASK]<｜end▁of▁sentence｜>|[MASK] .getQueueNames() != null) {
			factory.set|[MASK]<｜end▁of▁sentence｜>|[MASK] .getAcknowledgeMode() != null) {
			factory|[MASK]<｜end▁of▁sentence｜>|[MASK] .getMaxConcurrentConsumers() != null) {
		|MASK<｜end▁of▁sentence｜>|MASK .getMaxConcurrentConsumers() != null) {
			factory|MASK<｜end▁of▁sentence｜>|[MASK]<｜end▁of▁sentence｜>|[MASK]<｜end▁of▁sentence｜>|MASK<｜end▁of▁sentence｜>|MASK<｜end▁of▁sentence｜>|MASK<｜end▁of▁sentence｜>",
326,operator,subscriptions,False,10,subscriptions|subscriptions|MASK|MASK|MASK|MASK|MASK|MASK|MASK|MASK,"subscriptions;

import static org.junit.Assert.*;

import java.util.","subscriptions;

import static org.junit.Assert.*;

import java.util.|subscriptions.FlowableConcatMapSingle;
import io.reactivex.rxjava|  [MASK] <｜end▁of▁sentence｜>|[MASK]<｜end▁of▁sentence｜>|[MASK] .getAndIncrement();

        ts.cancel();

|[MASK] .addAndGet(1);

         [MASK] .on|[MASK]<｜end▁of▁sentence｜>|[MASK] .queue.remove(1);

         [MASK] .get|MASK .getAndIncrement();

        MASK .getAndIncrement|MASK<｜end▁of▁sentence｜>",
327,checkLicense,checkLicense,True,5,checkLicense|checkLicense|checkLicenseTask|checkLicense|checkLicenseTask,checkLicense<｜end▁of▁sentence｜>,"checkLicense<｜end▁of▁sentence｜>|checkLicense);
            task.dependsOn(checkLicense);
            task.depends|checkLicenseTask = project.getTasks().register(""checkLicense"", task -> {
           |checkLicense"", task -> {
            task.dependsOn(checkExtraction);
|checkLicenseTask<｜end▁of▁sentence｜>",
328,seekPoint,seekPoint,True,3,seekPoint|MASK|MASK,seekPoint<｜end▁of▁sentence｜>,"seekPoint<｜end▁of▁sentence｜>|[MASK] , seekPoint<｜end▁of▁sentence｜>|MASK, seekPoint<｜end▁of▁sentence｜>",
329,array,MASK,False,175,"MASK|MASK|MASK|MASK|MASK|MASK|MASK|MASK|MASK|MASK|MASK|MASK|MASK|MASK|MASK|MASK|MASK|MASK|MASK|sequence|MASK|MASK|MASK|MASK|MASK|MASK|MASK|MASK|MASK|MASK|MASK|MASK|MASK|MASK|MASK|MASK|MASK|MASK|MASK|code|MASK|MASK|MASK|MASK|MASK|target|MASK|MASK|MASK|MASK|code|MASK|MASK|MASK|MASK|MASK|target|code|code|MASK|MASK|MASK|code|code|MASK|MASK|MASK|MASK|MASK|MASK|MASK|out|MASK|MASK|MASK|code|code|MASK|MASK|code|MASK|MASK|code|code|code|code|MASK|MASK|MASK|MASK|MASK|MASK|code|MASK|MASK|minLength|minLength|MASK|MASK|values|of|value|it|MASK|MASK|MASK|the|util|return|fA|xX|fFdD||completeDec|(?:\\.#|#\\.)"",|Pattern|a|D|as|p|throwing|p|return|throws|since|expressions|return|be|java|return|since|length||MASK|MASK|MASK|MASK|distance|return|MASK|MASK|MASK|distance|MASK|MASK|MASK|MASK|MASK|MASK|MASK|MASK|array|array|array|MASK|MASK|MASK|MASK|MASK|MASK|MASK|MASK|this|MASK|MASK|MASK|MASK||MASK|MASK|MASK|MASK|MASK|MASK|MASK","[MASK] }.
   *
   * @param  [MASK] ","[MASK] }.
   *
   * @param  [MASK] |[MASK]  an  [MASK]  of {@code double} values, possibly|[MASK]  of {@code double} values, possibly empty
   * @param target|MASK [i] == target} for some value of {@code i}
   */
|[MASK] , double value) {
    checkNotNull( [MASK] , ""|MASK ) {
      if (value == target) {
        return true;
     |MASK }. Note
   * that this always returns {@code -1} when {@code|[MASK]  an  [MASK]  of {@code double} values, possibly|[MASK]  of {@code double} values, possibly empty
   * @param target|[MASK]<｜end▁of▁sentence｜>|MASK , double target) {
    return indexOf( [MASK] , target,|[MASK] , target, 0,  [MASK] .length);
 |[MASK] .length);
  }

  // TODO(kevinb):|MASK , double target) {
    return indexOf( MASK , target, 0|MASK<｜end▁of▁sentence｜>|[MASK] }. Note that this always returns {@code -1} when {@code target|[MASK]<｜end▁of▁sentence｜>|[MASK]  an  [MASK]  of {@code double} values, possibly|[MASK]  of {@code double} values, possibly empty
   * @param target|sequence to search for as a sub-sequence of {@code  MASK }
   * @|MASK }.
   * @return the start position of the first occurrence of the sequence {@|MASK , double[] target) {
    return indexOf(  MASK , target,|MASK, ""MASK"");
    checkNotNull(target, ""target"");
    if|MASK"");
    checkNotNull(target, ""target"");
    if (target.length|MASK<｜end▁of▁sentence｜>|MASK<｜end▁of▁sentence｜>|MASK }, or
   * {@code -1} if there is no such occurrence.
|MASK  the  MASK  to search for the sequence {@code target}
   *|MASK  of {@code double} values, possibly empty
   * @param target a primitive|MASK [i] == target}, or {@code -1} if no
   *    |MASK , double target) {
    checkNotNull(  MASK , ""  MASK| MASK , target, 0,  [MASK] .length);
  }
|MASK .length);
  }

  // TODO(kevinb): consider making|MASK , double target, int start, int end) {
    for (int i =|MASK [i] == target) {
        return i;
      }
    }|[MASK] }, using the same rules of comparison as {@link
   * Math#min|[MASK]  a <i>nonempty</i>  [MASK] |[MASK]  of {@code double} values
   * @return the value present in|MASK } that is less than or equal to every other value in
   *     the |{@code  MASK}
   * @throws IllegalArgumentException if {@code  MASK|MASK} is empty
   */
  @GwtIncompatible(
      ""Available|MASK ) {
    checkArgument( [MASK] .length > 0);
   |  MASK<｜end▁of▁sentence｜>|MASK<｜end▁of▁sentence｜>| MASK<｜end▁of▁sentence｜>|  target);
    }
    return min;
  }

  /**
  |MASK }, using the same rules of comparison as
   * {@link Math#max(double|MASK  a <i>nonempty</i>  MASK  of {@code double|MASK  of {@code double} values
   * @return the value present in {@code|MASK } that is greater than or equal to every other value
   *     in the |code   code 
   * @throws IllegalArgumentException if {@code  MASK } is empty|MASK } is empty
   */
  @GwtIncompatible(
      ""Available|MASK , double target) {
    checkArgument( MASK .length > 0);
| MASK .length > 0);
    double max =  MASK [0];
    for| MASK<｜end▁of▁sentence｜>|MASK<｜end▁of▁sentence｜>|  target<｜end▁of▁sentence｜>|{@code double}  [MASK] s, using the same rules of comparison as
|{@code double} value.
   *
   * <p>If {@code |[MASK] 
   *     {@code {a, b, c}}.
  |[MASK]  an  [MASK]  of {@code double} values, possibly|[MASK] s
   * @return a single  [MASK]  containing all|{@code double}  MASK  containing the values of {@code  MASK }
|{@code  MASK }
   * @throws NullPointerException if {@code  M|MASK} is not
   *     in the range [0, 2<sup>|MASK ) {
    checkNotNull(MASK);
    int totalLength = 0;|[MASK]  :  [MASK] s) {
      length +=  [M|MASK s) {
      length += [MASK] .length;
    }
|MASK .length;
    }
    return Arrays.copyOf(length);
|MASK  :  [MASK] s) {
      System. [MASK]|MASK s) {
      System.arraycopy(MASK, 0, result,|out.println(Arrays.toString(result));
      System.arraycopy(  M|[MASK] , 0, result, pos,  [MASK] .length);| 0,  MASK .length);
    }
    return result;
  }| MASK .length;
    }
    return result;
  }

  /**|code  MASK s must fit in an int"",
        result);
    return (int|{@code List} of {@code double} values, backed by the specified  [MASK|MASK }.
   *
   * @since 16.0
   */|MASK} is empty, an empty  code  is returned.
   *
   *|code  MASK  is returned, containing the values of
   * {@code  [M|[MASK] }.
   *
   * @param  MASK  a <|[MASK]  an  [MASK]  of {@code double} values, possibly|code  [MASK]  to pad
   * @param minLength the minimum length the|code is returned
   * @param padding an extra amount to ""grow"" the  [M|code  code 
   * @return a new  code  containing the same values as {@|code  [MASK]  containing the values of {@code  [MASK] }, with|MASK } is shorter than {@code minLength}
   */
  public static double[]|[MASK] , int minLength, int padding) {
    checkArgument(minLength|  [MASK]<｜end▁of▁sentence｜>|MASK , minLength, padding);
  }

  /**
   * Returns a|  MASK ;
  }

  /**
   * Returns a  code  containing|MASK  the source  code 
   * @return a string containing the values of {@|code  MASK  of {@code double} values, possibly empty
   * @return a|MASK ) {
    checkNotNull(separator);
    if ( [MASK]|[MASK] .length == 0) {
      return """";
    }

   |minLength * 12);
    builder.append( [MASK] [0]);|minLength);
    for (int i = 0; i < minLength; i++)|MASK .length; i++) {
      builder.append(separator).append(|MASK [i]);
    }
    return builder.toString();
  }

|values in descending order.
   *
   * <p>Note that this method uses|of the values is a prefix of the other, treats the shorter  [MASK]  as|value<｜end▁of▁sentence｜>|it
   *<｜end▁of▁sentence｜>|[MASK] } between {@code fromIndex} inclusive and {@code toIndex}
  |[MASK] ) {
    checkNotNull( [MASK] );
    sortDesc|MASK);
    Arrays.sort(MASK);
  }

  /**| the regex for
     * RE2J (which does).
     */
    return java|util.regex.Pattern.
     */
    return java.util.regex.Pattern.| return java.util.regex.Pattern.compile(""^-?(?:\\d+\\|fA-F]+#)"";
    String hexFloat = hex + ""(?:|xX]"" + hex + ""[pP]?"";
    String octal = ""(|fFdD]?"";
    String octal = ""(?:\\d+#|
        ""(?:[+-]?(?:\\d+#(?:\\.\\| + completeDec + ""|"" + completeHex + "")"";
    return java.util| ""(?:\\.#|#\\.)"",
            ""(?:[.]|[|Pattern);
  }

  /**
   * Returns a string representation of the specified {@|a href=""http://en.wikipedia.org/wiki/Dash"">dash|D'</code>) is treated as a negative sign. The ASCII character
  | as a negative sign. The ASCII character
   * {@code '+'} (<code|   * <p>The string must be a valid floating point literal.
   *
  |   * throwing an {@link IllegalArgumentException} if the string is not a valid double-precision|   * <p>The returned {@code double} value is the same as the one returned by|return the {@code double} value represented by the string, or {@code null} if parsing| * @throws NullPointerException if {@code string} is null
   * @since 1| @since 1.0
   */
  public static Double parseDouble(String string)| expressions
  public static Double parseDouble(String string) {
    if (string == null|      return Double.valueOf(string);
    }
    return null;
  }| be more efficient to use a regex instead of a regex matcher
      return Double.valueOf|      // java.util.regex.Pattern.
      return Double.valueOf(string);|        return Double.valueOf(string);
      } catch (NumberFormatException e) {| since 1.0, so we
        // can't be sure that it will always|length} (modulo {@code length}).
   *
   * <p>For example|
   * [MASK]<｜end▁of▁sentence｜>|[MASK]<｜end▁of▁sentence｜>|[MASK]<｜end▁of▁sentence｜>|MASK<｜end▁of▁sentence｜>|MASK } of ""distance"" places, so that the first element is moved
   * to|), distance)}, but is considerably faster and avoids allocations
   * and garbage collection.
|return .length}, or
   *     {@code toIndex > fromIndex}
   *|MASK<｜end▁of▁sentence｜>|MASK );
    checkPositionIndexes(fromIndex, toIndex,  [MASK|MASK<｜end▁of▁sentence｜>|distance == 0) {
      return;
    }

    if (distance == 0|[MASK]<｜end▁of▁sentence｜>|MASK , newFirstIndex, toIndex);
    reverse( MASK , fromIndex,|MASK , 0, toIndex);
  }

  /**
   * Returns|[MASK]  containing the same values as {@code  MASK }, but guaranteed to be|MASK<｜end▁of▁sentence｜>|  [MASK]<｜end▁of▁sentence｜>|  MASK [i] = ((Number) checkNotNull(boxedArray[i])).|MASK ;
  }

  /**
   * Returns an  MASK  containing|array.
   *
   * <p>This is a view of the specified array<｜end▁of▁sentence｜>|array to back the list
   * @return a list view of the  [MASK]|array's elements
   * @throws NullPointerException if {@code backingArray} is null|[MASK]<｜end▁of▁sentence｜>|[MASK]<｜end▁of▁sentence｜>|MASK);
    }

    DoubleArrayAsList(double[]  [MASK|MASK<｜end▁of▁sentence｜>|MASK , int start, int end) {
      this.MASK = MASK;|MASK<｜end▁of▁sentence｜>|MASK<｜end▁of▁sentence｜>|MASK [start + index];
    }

    @Override
    public Double get|this);
    }

    @Override
    public boolean contains(Object target) {|[MASK]<｜end▁of▁sentence｜>|[MASK]<｜end▁of▁sentence｜>|MASK<｜end▁of▁sentence｜>|[MASK]<｜end▁of▁sentence｜>| <｜end▁of▁sentence｜>|MASK<｜end▁of▁sentence｜>|[MASK]<｜end▁of▁sentence｜>|MASK<｜end▁of▁sentence｜>|[MASK]<｜end▁of▁sentence｜>|[MASK]<｜end▁of▁sentence｜>|MASK<｜end▁of▁sentence｜>| MASK<｜end▁of▁sentence｜>",
330,content,MASK,False,6,MASK|MASK|MASK|MASK|MASK|MASK,[MASK]<｜end▁of▁sentence｜>,[MASK]<｜end▁of▁sentence｜>|   [MASK]<｜end▁of▁sentence｜>|MASK<｜end▁of▁sentence｜>|MASK<｜end▁of▁sentence｜>|MASK<｜end▁of▁sentence｜>|MASK <｜end▁of▁sentence｜>,
331,options,MASK,False,12,MASK|MASK|MASK|MASK|MASK|MASK|MASK|MASK|MASK|MASK|MASK|options,[MASK]<｜end▁of▁sentence｜>,"[MASK]<｜end▁of▁sentence｜>|MASK<｜end▁of▁sentence｜>|[MASK]<｜end▁of▁sentence｜>|MASK<｜end▁of▁sentence｜>|[MASK] )))
        .thenReturn(new ModelLoader.LoadData<>(|MASK ))
            .fetcher);
  }

  @Test
|[MASK]<｜end▁of▁sentence｜>|[MASK]<｜end▁of▁sentence｜>|MASK<｜end▁of▁sentence｜>|MASK<｜end▁of▁sentence｜>|MASK<｜end▁of▁sentence｜>|options<｜end▁of▁sentence｜>",
332,width,width,True,68,width|width|height|height|height|height|height|height|height|width|width|deprecated|Actor||see|);|ctor|ctor|null|. */|Called|protected|}|y||izontally|protected|));|the|pixels|scroll|0;||ScrollListener|x|height|X|getMinHeight|style|Scroll|the||ScrollY|disableX|<= 0;|Y|-1;||ing|scroll|return|public||MASK|MASK|MASK|actorArea|height|actorArea|height|width|width|width|width|width|width|width|width,"width or height is less than the size of this scroll pane,
 * it is set to","width or height is less than the size of this scroll pane,
 * it is set to|width * (x < hKnobBounds.x ? -1 : 1));
				|height - hKnobBounds.height, scrollH);
					float total = hScroll|height, scrollH);
					float total = hScrollBounds. [MASK] |height<｜end▁of▁sentence｜>|height;
					if (total != 0) setScrollPercentX((scrollH -|height - hKnobBounds.height) > actorArea. [MASK]  * |height) > actorArea. [MASK]  * 0.1f)) && //|height * 0.1f))) && //
				(!touchScrollV || (scroll|width<｜end▁of▁sentence｜>|width  - bgLeftWidth - bgRightWidth, height - bgTopHeight - bgBottomHeight|	/** @deprecated Use {@link #getActor()}. */
	@Deprecated
	public @|Actor(Actor) */
	@Deprecated
	public void removeActor (Actor|
	public void removeActor (Actor actor) {
		throw new UnsupportedOperation| @see #setActor(Actor) */
	@Deprecated
	public void addA|);
		return true;
	}

	public void removeActorAt (int index)|ctor(actor, unfocus);
	}

	public void removeAllActors () {
	|ctor getActorAt (int index) {
		return actor;
	}

	public| null;
		return actor;
	}

	public Actor removeActorBefore (A|. */
	public void setScrollX (float amount) {
		amountX = amount| Called whenever the y scroll amount is changed. */
	protected void scrollY (float pixels|	protected void visualScrollX (float pixelsX) {
		this.visualAmountX|	}

	/** Called whenever the visual y scroll amount is changed. */
	protected void| y scroll amount is changed. */
	protected void visualScrollY (float pixelsY) {|
		this.visualAmountY = pixelsY;
	}

	/** Returns the current|izontally. */
	public float getScrollX () {
		return amountX;
|protected float getMouseWheelX () {
		return 0;
	}

	/**|));
	}

	/** Returns the amount to scroll vertically when the mouse wheel is scrolled| the amount to scroll vertically when the mouse wheel is scrolled. */
	protected float get| pixels. */
	public float getScrollX () {
		return amountX;
	}
| scroll amount. */
	public void setScrollPercentX (float percentX) {
	| 0;
		return MathUtils.clamp(getVisualScrollX() / maxX|
			removeListener(flickScrollListener);
	}

	public boolean isFlick|ScrollListener);
	}

	public boolean isFlickScroll () {
		return flick|(x, y, 0, 0,  [MASK] , height);
| height, true);
	}

	/** Sets the scroll offset so the specified rectangle is fully in|X, 0, maxX));

		float amountY = this.amountY|.getMinHeight());
		return height;
	}

	public float getScrollBarWidth| style.vScrollKnob.getMinWidth();
		if (style.vScroll !|Scroll != null)  [MASK]  = Math.max( [MASK] | the scroll pane. */
	public float getScrollArea () {
		return actorArea.|
	}

	/** Returns the  [MASK]  of the scrolled viewport.|ScrollY () {
		return scrollY;
	}

	/** Returns true if the actor|	disableX = x;
		disableY = y;
	}

	/** Returns| <= 0;
	}

	public boolean isBottomEdge () {
		return !scrollY|Y || amountY >= maxY;
	}

	public boolean isScrolling () {
| -1;
	}

	public void setDragging (boolean dragging) {
	|
	}

	public boolean isFlinging () {
		return flickScrollListener.|ing () {
		return flickScrollListener.getGestureDetector().isF| scroll y velocity. */
	public float getVelocityY () {
		return velocityY|	return velocityY;
	}

	public void setScrollbarsOnTop (boolean scrollbarsOn|		public ScrollPaneStyle () {
		}

		public ScrollPaneStyle (|
		public ScrollPaneStyle (ScrollPaneStyle style) {
			this.background =|[MASK]<｜end▁of▁sentence｜>|[MASK]<｜end▁of▁sentence｜>|MASK<｜end▁of▁sentence｜>|actorArea. [MASK]  - actorArea. [MASK] ) / 2|height - actorArea. [MASK]<｜end▁of▁sentence｜>|actorArea. [MASK]  - actorArea.height);
		amountX =|height);
		scrollX(MathUtils.clamp(amountX, 0,|width = 0;
		if (style.vScrollKnob != null) width =|width<｜end▁of▁sentence｜>|width  = Math.max(width, style.vScroll.getMinWidth());
		return|width <｜end▁of▁sentence｜>|width;
	}

	/** Returns the width of the scrolled viewport. */
	public|width<｜end▁of▁sentence｜>|width;
	}

	/** Returns the width of the scrolled viewport. */
	public|width, actorArea.height)) {
			shapes.setColor(0, ",
333,orientation,result,False,4,result|MASK|MASK|MASK,"result from the first of {@code parsers} that returns true when MPF is detected,","result from the first of {@code parsers} that returns true when MPF is detected,|              [MASK]<｜end▁of▁sentence｜>|MASK<｜end▁of▁sentence｜>|MASK <｜end▁of▁sentence｜>",
334,totalBytes,freeBytes,False,5,freeBytes|getFreeBytes|MASK|MASK|MASK,freeBytes<｜end▁of▁sentence｜>,freeBytes<｜end▁of▁sentence｜>|getFreeBytes<｜end▁of▁sentence｜>|[MASK]<｜end▁of▁sentence｜>|MASK<｜end▁of▁sentence｜>|MASK<｜end▁of▁sentence｜>,
335,mockClient,getTaskInfoListOfOne,False,8,getTaskInfoListOfOne|MASK|MASK|MASK|mockClient|MASK|MASK|mockClient,"getTaskInfoListOfOne;
import static org.elasticsearch.xpack.ml.","getTaskInfoListOfOne;
import static org.elasticsearch.xpack.ml.|[MASK]<｜end▁of▁sentence｜>|[MASK]<｜end▁of▁sentence｜>|MASK<｜end▁of▁sentence｜>|  mockClient<｜end▁of▁sentence｜>|[MASK] ).client();
        doReturn(null).when( [MASK]|MASK ).settings();
        doReturn(mockClient).when( MASK ).client();|mockClient
        );
    }

    private static TransportPutTrainedModelAction create",
336,suppressPositionProjection,isSeekable,False,3,isSeekable|MASK|isDynamic,isSeekable<｜end▁of▁sentence｜>,"isSeekable<｜end▁of▁sentence｜>|/*  [MASK] = */ true,
        manifest,
        mediaItem,
|isDynamic= */ true,
        MASK,
        manifest,
        mediaItem,",
337,nameStart,MASK,False,19,MASK|MASK|MASK|MASK|MASK|MASK|MASK|MASK|MASK|MASK|MASK|MASK|MASK|MASK|MASK|valueStart|MASK|MASK|MASK,[MASK]<｜end▁of▁sentence｜>,"[MASK]<｜end▁of▁sentence｜>|[MASK] <｜end▁of▁sentence｜>|    [MASK]<｜end▁of▁sentence｜>|MASK <｜end▁of▁sentence｜>|[MASK]<｜end▁of▁sentence｜>|   MASK<｜end▁of▁sentence｜>|MASK <｜end▁of▁sentence｜>|MASK<｜end▁of▁sentence｜>|MASK<｜end▁of▁sentence｜>|   MASK<｜end▁of▁sentence｜>|MASK<｜end▁of▁sentence｜>|MASK<｜end▁of▁sentence｜>|   MASK<｜end▁of▁sentence｜>|MASK<｜end▁of▁sentence｜>|MASK<｜end▁of▁sentence｜>|valueStart <｜end▁of▁sentence｜>|MASK<｜end▁of▁sentence｜>|MASK , valueStart - 1, false, tempBuf);
            value = valueStart|MASK<｜end▁of▁sentence｜>",
338,expectedChecksum,,False,5,|into|terminal|Dir|from,"
    private void jarHellCheck(PluginDescriptor info, Path pluginRoot, Path pluginsDir","
    private void jarHellCheck(PluginDescriptor info, Path pluginRoot, Path pluginsDir| into {@code pluginsDir}.
     *
     * @param pluginInfo the plugin descriptor
| terminal.println(VERBOSE, ""Moving plugin-security.policy to plugins dir"");|Dir().resolve(info.getName()),
            destination
        );

        // move the| from the plugin to the destination.
     *
     * @param pluginRoot the root of",
339,PF_LENGTH,,False,3,|ale|full,"
     */
    @Test
    public void TestDateFormatCalendar() {
        Date","
     */
    @Test
    public void TestDateFormatCalendar() {
        Date|ale.US);
        if (time == null) {
            errln(""FAIL| full = DateFormat.getDateTimeInstance(DateFormat.FULL, DateFormat.FULL",
340,userPassedSupplier,MASK,False,4,MASK|MASK|MASK|MASK,[MASK]<｜end▁of▁sentence｜>,[MASK]<｜end▁of▁sentence｜>|MASK<｜end▁of▁sentence｜>|MASK<｜end▁of▁sentence｜>|MASK<｜end▁of▁sentence｜>,
341,transFactory,factory,False,2,factory|factory,factory <｜end▁of▁sentence｜>,"factory <｜end▁of▁sentence｜>|factory
                    .newTransformer()
                    .newTransformer();
            DOMSource dom",
342,hudson,MASK,False,14,MASK|MASK|MASK|MASK|MASK|MASK|MASK|MASK|MASK|MASK|MASK|MASK|MASK|MASK,"[MASK] .model.Descriptor.ExtensionList;

import edu.umd","[MASK] .model.Descriptor.ExtensionList;

import edu.umd|[MASK]<｜end▁of▁sentence｜>|[MASK]<｜end▁of▁sentence｜>|[MASK]<｜end▁of▁sentence｜>|[MASK]<｜end▁of▁sentence｜>|[MASK]<｜end▁of▁sentence｜>|[MASK]<｜end▁of▁sentence｜>|MASK .tasks.Publisher;
import  MASK<｜end▁of▁sentence｜>|[MASK]<｜end▁of▁sentence｜>|[MASK]<｜end▁of▁sentence｜>|MASK <｜end▁of▁sentence｜>|MASK <｜end▁of▁sentence｜>|[MASK]<｜end▁of▁sentence｜>|MASK<｜end▁of▁sentence｜>",
343,constructedUserInfo,MASK,False,2,MASK|MASK,  [MASK]<｜end▁of▁sentence｜>,"  [MASK]<｜end▁of▁sentence｜>|MASK.hasEmptyPassword(), equalTo(true));
    }

    public void",
344,event,trigger,False,7,trigger|MASK|MASK|MASK||new|name,"trigger.defaults"";
    private static final String INCIDENT_DEFAULTS_SET","trigger.defaults"";
    private static final String INCIDENT_DEFAULTS_SET|[MASK]<｜end▁of▁sentence｜>|[MASK]<｜end▁of▁sentence｜>|MASK<｜end▁of▁sentence｜>| <｜end▁of▁sentence｜>|new IncidentEventRequestBuilder()
           <｜end▁of▁sentence｜>|name<｜end▁of▁sentence｜>",
345,targetSize,,False,2,|decodingInfo, <｜end▁of▁sentence｜>, <｜end▁of▁sentence｜>|  decodingInfo.getTargetSize()<｜end▁of▁sentence｜>,
346,searchProfileQueryPhaseResult,MASK,False,3,MASK|MASK|MASK,[MASK]<｜end▁of▁sentence｜>,"[MASK]<｜end▁of▁sentence｜>|   MASK.setSearchProfileDfsPhaseResult(null);
        } else {|MASK<｜end▁of▁sentence｜>",
347,minSettings,new,False,2,new|put,""") : new IllegalArgumentException(""illegal"");
        });
        try {
            predicateSetting",""") : new IllegalArgumentException(""illegal"");
        });
        try {
            predicateSetting|().put(""foo.bar.1.value"", ""1"").put(""foo.bar.",
348,observer,MASK,False,3,MASK|s|MASK,"  [MASK]
                       <｜end▁of▁sentence｜>","  [MASK]
                       <｜end▁of▁sentence｜>|   s.onSubscribe(Disposable.empty());
                                moRef.set(|MASK );
                            moRef.set( MASK );
                            s.onNext(",
349,messageConverter,MASK,False,7,MASK||MASK|MASK|MASK|MASK|MASK,[MASK]<｜end▁of▁sentence｜>,[MASK]<｜end▁of▁sentence｜>| <｜end▁of▁sentence｜>|MASK<｜end▁of▁sentence｜>|[MASK]<｜end▁of▁sentence｜>|MASK <｜end▁of▁sentence｜>|[MASK]<｜end▁of▁sentence｜>|MASK<｜end▁of▁sentence｜>,
350,fileNAK,url,False,3,url|url|bad,"  url = ""http://example.rocks/"";
        assertTrue(urlValidator.","  url = ""http://example.rocks/"";
        assertTrue(urlValidator.|url));
        url = ""http://example.rocks:0/"";
        assert|""bad ^ domain.com/label/test"");
        assertFalse(urlValidator.is",
351,codeUnderTestIdObj,MASK,False,3,MASK|codeUnderTest|codeUnderTest,[MASK]<｜end▁of▁sentence｜>,"[MASK]<｜end▁of▁sentence｜>|  codeUnderTest.Id()
                 <｜end▁of▁sentence｜>|codeUnderTest.Id()
                       <｜end▁of▁sentence｜>",
352,passwordHash,password,False,3,password|MASK|elastic,"password()));
    }

    public void testBlankPasswordInIndexImpliesDefaultPassword","password()));
    }

    public void testBlankPasswordInIndexImpliesDefaultPassword|  MASK<｜end▁of▁sentence｜>|""elastic"", MASK, MASK, MASK, MASK, MASK, MASK",
353,taken,MASK,False,6,MASK|MASK|failure|MASK|failed|MASK,"[MASK] , long failure, long invocationsSinceLastSuccess) {
        var","[MASK] , long failure, long invocationsSinceLastSuccess) {
        var|[MASK]<｜end▁of▁sentence｜>|failure<｜end▁of▁sentence｜>|MASK<｜end▁of▁sentence｜>|failed <｜end▁of▁sentence｜>|MASK<｜end▁of▁sentence｜>",
354,tableName,tableName,True,2,tableName|tableName,"tableName
			, String keyColumnName) {
		return ""select "" + key","tableName
			, String keyColumnName) {
		return ""select "" + key|tableName + "" where "" + keyColumnName + "" is null"";
	}

	@",
355,strict,MASK,False,10,MASK|MASK|MASK|MASK|MASK|MASK|mask|MASK|MASK|MASK,[MASK]<｜end▁of▁sentence｜>,"[MASK]<｜end▁of▁sentence｜>|[MASK]<｜end▁of▁sentence｜>|[MASK]<｜end▁of▁sentence｜>|[MASK]<｜end▁of▁sentence｜>|MASK<｜end▁of▁sentence｜>|[MASK] <｜end▁of▁sentence｜>|mask<｜end▁of▁sentence｜>|MASK<｜end▁of▁sentence｜>|  MASK <｜end▁of▁sentence｜>|MASK
                      <｜end▁of▁sentence｜>",
356,driverContext,MASK,False,8,MASK|MASK|MASK|MASK|MASK|CentroidPointAggregator|MASK|MASK,[MASK]<｜end▁of▁sentence｜>,"[MASK]<｜end▁of▁sentence｜>|MASK<｜end▁of▁sentence｜>|MASK <｜end▁of▁sentence｜>|MASK ;
  }

  @Override
  public void init(GroupingAggreg|MASK ) {
    return new SpatialCentroidGeoPointDocValuesGroupingAggreg|CentroidPointAggregator.GroupingCentroidState.create(  ),  [MASK|MASK );
  }

  @Override
  public void init(GroupingAggreg|MASK<｜end▁of▁sentence｜>",
357,amountX,amountX,True,2,amountX|amountX,amountX<｜end▁of▁sentence｜>,amountX<｜end▁of▁sentence｜>|amountX<｜end▁of▁sentence｜>,
358,response,rawResponse,False,2,rawResponse|rawResponse,"rawResponse) {
        return new SalesforceToken(accessToken, tokenType, expires","rawResponse) {
        return new SalesforceToken(accessToken, tokenType, expires|rawResponse<｜end▁of▁sentence｜>",
359,missed,MASK,False,12,MASK|if|MASK|MASK|MASK|if|MASK|MASK|MASK|if|MASK|MASK,[MASK]<｜end▁of▁sentence｜>,"[MASK]<｜end▁of▁sentence｜>|if (failFast && canBeError) {
                if (failedFast(q, a|MASK );
            if ( MASK  == 0) {
                break;
|MASK<｜end▁of▁sentence｜>|MASK<｜end▁of▁sentence｜>|if (q.isEmpty()) {
                break;
            }

             [MASK|MASK<｜end▁of▁sentence｜>|[MASK]<｜end▁of▁sentence｜>|  MASK<｜end▁of▁sentence｜>|if (done) {
                errorOrComplete(a);
                return;
            }|MASK<｜end▁of▁sentence｜>|MASK<｜end▁of▁sentence｜>",
360,unused,MASK,False,7,MASK|assertThat|unused|MASK|MASK|unused|MASK,"[MASK]  = provider;
    factory = null;
    injector = null;","[MASK]  = provider;
    factory = null;
    injector = null;|   assertThat(MASK).isInstanceOf(InternalMethodHandles.MethodHandleProvider.class|unused<｜end▁of▁sentence｜>|[MASK]<｜end▁of▁sentence｜>|MASK<｜end▁of▁sentence｜>|unused<｜end▁of▁sentence｜>|MASK<｜end▁of▁sentence｜>",
361,existing,existing,True,4,existing|MASK|MASK|MASK,existing<｜end▁of▁sentence｜>,existing<｜end▁of▁sentence｜>|[MASK]<｜end▁of▁sentence｜>|MASK<｜end▁of▁sentence｜>|MASK<｜end▁of▁sentence｜>,
362,valueString,name,False,1,name,name<｜end▁of▁sentence｜>,name<｜end▁of▁sentence｜>,
363,source,MASK,False,3,MASK|MASK|test,  MASK<｜end▁of▁sentence｜>,"  MASK<｜end▁of▁sentence｜>|MASK<｜end▁of▁sentence｜>|""test.Test""<｜end▁of▁sentence｜>",
364,buffer,int,False,16,int|int|int|buffer|buffer|length|MASK|MASK|MASK|MASK|MASK|MASK|MASK|MASK|MASK|int,"(int srcX0, int srcY0, int srcX1, int srcY1","(int srcX0, int srcY0, int srcX1, int srcY1|(int mode, int first, int count);

	public native void glClear (int mask|int StorageMultisample (int target, int samples, int internalformat, int width, int|buffer, int offset, int size);

	public native void glBindBufferRange (int target|buffer);

	public native void glBindBufferRange (int target, int index, int |length);

	public native void glBeginConditionalRender (int id, int mode);
|[MASK] , int draw [MASK] , IntBuffer value);

	public native|[MASK] , IntBuffer value);

	public native void glClearBufferuiv (|[MASK] , int draw [MASK] , IntBuffer value);

	public native|MASK , IntBuffer value);

	public native void glClearBufferfi (int  M|[MASK] , int draw [MASK] , FloatBuffer value);

	public|MASK , FloatBuffer value);

	public native void glClearBufferfv (int|MASK , int draw MASK , FloatBuffer value);

	public native void glClear|MASK , FloatBuffer value);

	public native void glUniformMatrix2x3|[MASK]<｜end▁of▁sentence｜>|(int target, int numAttachments, IntBuffer attachments);

	public native void",
365,interval,MASK,False,2,MASK|MASK,  [MASK]<｜end▁of▁sentence｜>,  [MASK]<｜end▁of▁sentence｜>|MASK<｜end▁of▁sentence｜>,
366,onthrowMethod,MASK,False,5,MASK|MASK|onthrowMethod|MASK|onthrowMethod,[MASK]<｜end▁of▁sentence｜>,"[MASK]<｜end▁of▁sentence｜>|[MASK] <｜end▁of▁sentence｜>|onthrowMethod) {
        this. MASK  =  onthrowMethod;
    }|MASK  =  onthrowMethod ;
    }

    public AsyncMethodInfo(|onthrowMethod <｜end▁of▁sentence｜>",
367,projectIndex,MASK,False,8,MASK|securityIndex|MASK|MASK|MASK|MASK|MASK|MASK,  [MASK]<｜end▁of▁sentence｜>,"  [MASK]<｜end▁of▁sentence｜>|securityIndex);
        when( [MASK] .isAvailable(SecurityIndexManager.Av|[MASK] .isAvailable(SecurityIndexManager.Availability.MAIN_SHAR|[MASK]<｜end▁of▁sentence｜>|[MASK]<｜end▁of▁sentence｜>|MASK<｜end▁of▁sentence｜>|[MASK]<｜end▁of▁sentence｜>|MASK ).prepareIndexIfNeededThenExecute(any(Consumer.class), any(Run",
368,bgRightWidth,bgRightWidth,True,5,"bgRightWidth|bgRightWidth|bgRightWidth|in|0, 1);",bgRightWidth<｜end▁of▁sentence｜>,"bgRightWidth<｜end▁of▁sentence｜>|bgRightWidth<｜end▁of▁sentence｜>|bgRightWidth, height - bgTopHeight - bgBottomHeight);

		if (actor| in pixels, where 0 is the top of the scroll pane. */
	public float get| 0, 1);
	}

	public float getScrollPercentX () {
",
369,moduleName,String,False,3,String|typeCount|return," String type2 = typeTable[typeTableIndex2].value;
    return addTypeInternal"," String type2 = typeTable[typeTableIndex2].value;
    return addTypeInternal|typeCount, Symbol.MERGED_TYPE_TAG, commonSuperTypeIndex, hash|    return commonSuperTypeIndex;
  }

  /**
   * Adds a",
370,stagingHash,MASK,False,7,MASK|MASK|semanticVersion|MASK|MASK|MASK|that,"  [MASK]  , final boolean isSnapshot, final String pluginId, final String platform","  [MASK]  , final boolean isSnapshot, final String pluginId, final String platform|[MASK]<｜end▁of▁sentence｜>|semanticVersion.startsWith(""7."")
            || semanticVersion.startsWith(""|[MASK] , pluginId);
            } else {
                baseUrl = nonRelease|MASK , pluginId);
            }
        } else {
            baseUrl = String|MASK <｜end▁of▁sentence｜>| that your system is not waiting for random numbers.""
                    : ""Ensure that your system is",
371,supersetSize,MASK,False,12,MASK|MASK|MASK|MASK|MASK|MASK|MASK|MASK|MASK|subsetSize|MASK|MASK,[MASK]<｜end▁of▁sentence｜>,"[MASK]<｜end▁of▁sentence｜>|MASK<｜end▁of▁sentence｜>|MASK<｜end▁of▁sentence｜>|[MASK]<｜end▁of▁sentence｜>|[MASK]<｜end▁of▁sentence｜>|MASK<｜end▁of▁sentence｜>|MASK<｜end▁of▁sentence｜>|[MASK]<｜end▁of▁sentence｜>|[MASK]<｜end▁of▁sentence｜>|subsetSize""));
        }
        try {
            int idx = randomInt(3);|MASK<｜end▁of▁sentence｜>|MASK ""));
        }
        try {
            int idx = randomInt(3",
372,equal,MASK,False,8,MASK||int|int|MASK|MASK|MASK|MASK,[MASK]<｜end▁of▁sentence｜>,[MASK]<｜end▁of▁sentence｜>| <｜end▁of▁sentence｜>|  int   <｜end▁of▁sentence｜>|int<｜end▁of▁sentence｜>|[MASK]<｜end▁of▁sentence｜>|MASK<｜end▁of▁sentence｜>|MASK<｜end▁of▁sentence｜>|MASK<｜end▁of▁sentence｜>,
373,clazz,MASK,False,28,MASK|MASK|fieldType|MASK|MASK|MASK|fieldType|MASK|MASK|MASK|MASK|MASK|MASK|MASK|MASK|MASK|MASK|MASK|MASK|MASK|Class|MASK|MASK|MASK|MASK|MASK|MASK|MASK,  [MASK]<｜end▁of▁sentence｜>,"  [MASK]<｜end▁of▁sentence｜>|MASK.getName();
        } else if (objClass == String.class) {
|  fieldType<｜end▁of▁sentence｜>|[MASK]  == UUID.class) {
            if (lexer.token()|[MASK]<｜end▁of▁sentence｜>|[MASK]  == JSONObject.class) {
                    return (T) jsonObject|fieldType );
            }

            if (objVal instanceof JSONArray) {
               |[MASK]  == Boolean.class) {
            return (T) Boolean.value|[MASK]  == Date.class) {
            return (T) new Date(|[MASK]  == Date.class) {
            return (T) new Date(|[MASK]  == Charset.class) {
            return (T) Charset|[MASK]  == Charset.class) {
            return (T) Charset|[MASK]<｜end▁of▁sentence｜>|[MASK]  == Date.class) {
            return (T) new Date(|[MASK]<｜end▁of▁sentence｜>|MASK<｜end▁of▁sentence｜>|[MASK]<｜end▁of▁sentence｜>| MASK  == TimeZone.class) {
            return (T) TimeZone.get|MASK  == JSONStreamAware.class) {
            return (T) parser.|[MASK]<｜end▁of▁sentence｜>|   Class<?>   [MASK]<｜end▁of▁sentence｜>|[MASK]  == JSONStreamAware.class) {
            return (T)|[MASK]  == JSONStreamAware.class) {
            return (T)|[MASK]  == JSONStreamAware.class) {
            return (T)|MASK  == Map.Entry.class) {
            return (T) new Map.|MASK  == JSONStreamAware.class) {
            return (T) new JSON|MASK<｜end▁of▁sentence｜>|MASK.getName());
    }

    public void write(JSONSerializer serializer,",
374,indexMetadata,MASK,False,18,MASK|MASK|MASK|MASK|MASK|MASK|MASK|new|new|MASK|MASK|MASK|MASK|MASK|MASK|MASK|MASK|MASK,[MASK]<｜end▁of▁sentence｜>,"[MASK]<｜end▁of▁sentence｜>|[MASK]<｜end▁of▁sentence｜>|[MASK]<｜end▁of▁sentence｜>|[MASK]<｜end▁of▁sentence｜>|[MASK]<｜end▁of▁sentence｜>|[MASK]<｜end▁of▁sentence｜>|MASK <｜end▁of▁sentence｜>|   new RecoverySource.GatewayRecoverySource(restoreId, indexId)
|new RestoreInProgress.Entry(
                                new ShardId( [MASK]<｜end▁of▁sentence｜>|[MASK]<｜end▁of▁sentence｜>|MASK<｜end▁of▁sentence｜>|MASK<｜end▁of▁sentence｜>|[MASK]<｜end▁of▁sentence｜>|MASK , false))
            .routingTable(RoutingTable.builder(TestSh|MASK ))
            .build();

        logger.info(""Adding one node|MASK<｜end▁of▁sentence｜>|MASK<｜end▁of▁sentence｜>|MASK ))
            .nodes(DiscoveryNodes.builder().add(newNode(""",
375,certificates,certificate,False,6,certificate|certificates|certificates|certificates|certificates|certificates,"certificate chain for certificate-based cluster authentication.
			 */
			private @Nullable String ","certificate chain for certificate-based cluster authentication.
			 */
			private @Nullable String |certificates;

			/**
			 * PEM-formatted certificate chain for certificate-|certificates<｜end▁of▁sentence｜>|certificates<｜end▁of▁sentence｜>|certificates<｜end▁of▁sentence｜>|certificates <｜end▁of▁sentence｜>",
376,bufferSize,MASK,False,17,MASK|MASK|MASK|MASK|unit|unit|MASK|MASK|MASK|MASK|MASK|MASK|MASK|MASK|MASK|MASK|MASK,"[MASK]  the maximum number of elements to hold
     * @return the new Connect","[MASK]  the maximum number of elements to hold
     * @return the new Connect|[MASK]<｜end▁of▁sentence｜>|MASK < 0) {
            return createFrom(source);
        }
        return|MASK , eagerTruncate));
    }

    /**
     * Creates|unit the unit of measure of the age amount
     * @param  MASK<｜end▁of▁sentence｜>|unit, final int  MASK , boolean eagerTruncate) {
        return create(|MASK<｜end▁of▁sentence｜>|[MASK]<｜end▁of▁sentence｜>|[MASK]<｜end▁of▁sentence｜>|MASK<｜end▁of▁sentence｜>| MASK <｜end▁of▁sentence｜>| MASK <｜end▁of▁sentence｜>|[MASK] <｜end▁of▁sentence｜>|MASK<｜end▁of▁sentence｜>|MASK<｜end▁of▁sentence｜>|MASK <｜end▁of▁sentence｜>|MASK<｜end▁of▁sentence｜>",
377,listener,MASK,False,5,MASK||||onSuccess,  [MASK]<｜end▁of▁sentence｜>,"  [MASK]<｜end▁of▁sentence｜>| 
            MASK
       <｜end▁of▁sentence｜>| <｜end▁of▁sentence｜>| <｜end▁of▁sentence｜>|   .onSuccess(new PutDatafeedAction.Response(false, ""Machine Learning is not",
378,strategy,allocationService,False,8,allocationService|MASK|MASK|MASK|MASK|MASK|MASK|MASK,  allocationService<｜end▁of▁sentence｜>,"  allocationService<｜end▁of▁sentence｜>|[MASK]<｜end▁of▁sentence｜>|[MASK]<｜end▁of▁sentence｜>|[MASK]<｜end▁of▁sentence｜>|[MASK]<｜end▁of▁sentence｜>|[MASK]<｜end▁of▁sentence｜>|MASK .reroute(clusterState, ""reroute"", ActionListener.noop());
| MASK<｜end▁of▁sentence｜>",
379,vPath,name,False,3,name|name|name,"name, int mode, ZipExtraField[] extra)
      throws IOException {
    if","name, int mode, ZipExtraField[] extra)
      throws IOException {
    if|  name<｜end▁of▁sentence｜>|name<｜end▁of▁sentence｜>",
380,webSocketClient,MASK,False,6,MASK|MASK|MASK|MASK|MASK|MASK,[MASK]<｜end▁of▁sentence｜>,[MASK]<｜end▁of▁sentence｜>|[MASK]<｜end▁of▁sentence｜>|[MASK]<｜end▁of▁sentence｜>|MASK<｜end▁of▁sentence｜>|MASK<｜end▁of▁sentence｜>|MASK<｜end▁of▁sentence｜>,
381,toBeReturned,MASK,False,4,MASK|MASK|MASK|MASK,[MASK]<｜end▁of▁sentence｜>,[MASK]<｜end▁of▁sentence｜>|MASK<｜end▁of▁sentence｜>|MASK<｜end▁of▁sentence｜>|MASK<｜end▁of▁sentence｜>,
382,array,array,True,2,array|array,"  array) {
      return standardToArray(array);
    }

    @","  array) {
      return standardToArray(array);
    }

    @|array<｜end▁of▁sentence｜>",
383,batch,Returns,False,17,Returns|y|amountX|clamp|amountY||clamp|Y|}|scrollbarHeight|getMinHeight|0;|the|the|isScrollY|disableX|boolean," Returns the amount to scroll horizontally when the flick scroll is used. */
	"," Returns the amount to scroll horizontally when the flick scroll is used. */
	| y, float width, float height) {
		float scrollX = getScrollX();|amountX = x;

		float amountY = this.amountY;
	|.clamp(amountX, 0, maxX));

		float amountY|amountY;
		if (centerVertical)
			amountY = y + (|
		else
			amountY = MathUtils.clamp(amountY, y,|.clamp(amountY, y, y + height - actorArea.height);
	|Y));
	}

	/** Sets the scroll offset so the specified rectangle is fully in view,|	}

	/** Sets the maximum scroll value in the x direction. */
	public void setMax| scrollbarHeight = 0;
		if (style.hScrollKnob != null)|.getMinHeight());
		return height;
	}

	public float getScrollBarWidth| 0;
		float width = 0;
		if (style.vScrollKn| the scrollbar in the x direction. */
	public float getScrollBarWidth (float scrollPer| the width of the scroll pane. */
	public float getWidth () {
		return get| isScrollY () {
		return scrollY;
	}

	/** Returns true if the|) disableX = false;
		if (y == disableY) disableY = false;| boolean isScrollingDisabledY () {
		return disableY;
	}

	/**",
384,expectedLatn,sym2,False,3,sym2|);|s,"= sym2.hashCode()) {
            errln(""FAIL: hashCode not equal","= sym2.hashCode()) {
            errln(""FAIL: hashCode not equal|);
        sym2 = (DateFormatSymbols)sym.clone();
        if (|s(GregorianCalendar.class, Locale.CHINA);
        sym",
385,sampleEntry,MASK,False,5,MASK|MASK|MASK|MASK|MASK,  [MASK]<｜end▁of▁sentence｜>,  [MASK]<｜end▁of▁sentence｜>|[MASK] .id != null &&  [MASK] .name != null|[MASK]<｜end▁of▁sentence｜>|[MASK]<｜end▁of▁sentence｜>|MASK<｜end▁of▁sentence｜>,
386,expected,MASK,False,6,MASK|MASK|MASK|MASK|MASK|MASK,[MASK]<｜end▁of▁sentence｜>,[MASK]<｜end▁of▁sentence｜>|MASK <｜end▁of▁sentence｜>|  [MASK]<｜end▁of▁sentence｜>|MASK <｜end▁of▁sentence｜>|MASK<｜end▁of▁sentence｜>|MASK <｜end▁of▁sentence｜>,
387,unstubbedIterator,allIterator,False,4,allIterator|allIterator|allIterator|allIterator,allIterator <｜end▁of▁sentence｜>,"allIterator <｜end▁of▁sentence｜>|allIterator  .hasNext()) {
                InvocationMatcher stubbed =  [MASK|allIterator<｜end▁of▁sentence｜>|allIterator <｜end▁of▁sentence｜>",
388,builder,new,False,9,new|MASK|MASK|MASK|MASK|MASK|MASK|MASK|MASK,"new array of the right size, and copy the values from the original array
    // into it","new array of the right size, and copy the values from the original array
    // into it|  [MASK] = new StringBuilder(array.length * 12);
    |[MASK]<｜end▁of▁sentence｜>| MASK .append(separator).append(array[i]);
    }
    return|MASK .toString();
  }

  /**
   * Returns a string containing the|MASK<｜end▁of▁sentence｜>|[MASK]<｜end▁of▁sentence｜>| MASK .append("", "")
             <｜end▁of▁sentence｜>|MASK
         <｜end▁of▁sentence｜>",
389,request,request,True,13,request|request|request|template|MASK|MASK|MASK|MASK|MASK|MASK|MASK||MASK,"request parameters
 * (indices, search type, indices options, search source, template)
","request parameters
 * (indices, search type, indices options, search source, template)
|request is deprecated. ""
            + ""Please use the [types] field instead."";|request body into an inline search template,
        // this way if any Watcher related context variables|template request from the specified XContentParser.
     *
     * @param parser the X|[MASK]<｜end▁of▁sentence｜>|[MASK]<｜end▁of▁sentence｜>|[MASK]<｜end▁of▁sentence｜>|[MASK]<｜end▁of▁sentence｜>|MASK<｜end▁of▁sentence｜>|MASK<｜end▁of▁sentence｜>|  [MASK]<｜end▁of▁sentence｜>| <｜end▁of▁sentence｜>|MASK  ;
    }

    @Override
    public String toString() {",
390,queueSize,MASK,False,17,MASK|responseTimeNanos|queueEWMA|responseTimeNanos|MASK|MASK|||queueEWMA|MASK|MASK|MASK|clientNum|MASK|MASK|MASK|MASK,[MASK]<｜end▁of▁sentence｜>,"[MASK]<｜end▁of▁sentence｜>|responseTimeNanos);
                ExponentiallyWeightedMovingAverage responseEW|queueEWMA.addValue((double)  [MASK] );
                ns.|responseTimeNanos);
                ns. [MASK] .addValue((double)|  [MASK] <｜end▁of▁sentence｜>|MASK<｜end▁of▁sentence｜>|<｜end▁of▁sentence｜>| <｜end▁of▁sentence｜>|queueEWMA
                   <｜end▁of▁sentence｜>|[MASK]<｜end▁of▁sentence｜>|MASK <｜end▁of▁sentence｜>|  [MASK]<｜end▁of▁sentence｜>|clientNum);
            sb.append("", queue EWMA: "").append(String|[MASK]<｜end▁of▁sentence｜>|MASK <｜end▁of▁sentence｜>| MASK<｜end▁of▁sentence｜>| MASK ;
            this.responseTime = responseTimeEWMA;
            this.",
391,idleStateHandler,MASK,False,23,MASK|MASK|MASK|MASK|MASK|MASK|MASK|MASK|channel|MASK|MASK|MASK|MASK|MASK|MASK|MASK|MASK|MASK|MASK|Advance|Advance|Advance|Advance,[MASK]<｜end▁of▁sentence｜>,"[MASK]<｜end▁of▁sentence｜>|[MASK] , IdleStateEvent.FIRST_READER_IDLE_STATE|[MASK]<｜end▁of▁sentence｜>|MASK<｜end▁of▁sentence｜>|[MASK]<｜end▁of▁sentence｜>|MASK<｜end▁of▁sentence｜>|[MASK]<｜end▁of▁sentence｜>|MASK<｜end▁of▁sentence｜>|   channel.writeAndFlush(expected[i]);
                    channel.flush();
                   |[MASK]<｜end▁of▁sentence｜>|[MASK]<｜end▁of▁sentence｜>|MASK<｜end▁of▁sentence｜>|MASK<｜end▁of▁sentence｜>|[MASK]<｜end▁of▁sentence｜>|[MASK]<｜end▁of▁sentence｜>|MASK<｜end▁of▁sentence｜>|MASK<｜end▁of▁sentence｜>|MASK<｜end▁of▁sentence｜>|MASK<｜end▁of▁sentence｜>|// Advance the ticker by some fraction and run() the task.
             [MASK|Advance<｜end▁of▁sentence｜>|// Advance the ticker by half the amount and it should yield
            // in an Id|Advance .tick(1L, TimeUnit.NANOSECONDS);
",
392,aabbMax,MASK,False,8,MASK|MASK|MASK|MASK|MASK|MASK|MASK|MASK,[MASK]<｜end▁of▁sentence｜>,"[MASK]<｜end▁of▁sentence｜>|MASK<｜end▁of▁sentence｜>|[MASK]<｜end▁of▁sentence｜>|MASK , btDispatcher.getCPtr(dispatcher), dispatcher);
	}|[MASK]<｜end▁of▁sentence｜>|MASK );
	}

	public void rayTest (Vector3 rayFrom, Vector3 ray|MASK<｜end▁of▁sentence｜>|MASK );
	}

	public void unQuantize (btBroadphaseProxy proxy,",
393,listSize,numThreads,False,5,numThreads|numThreads|MASK|MASK|MASK,"numThreads = min(DEFAULT_THREAD_COUNT,  [MASK] );
","numThreads = min(DEFAULT_THREAD_COUNT,  [MASK] );
|numThreads * 1024, DEFAULT_THREAD_COUNT);
      long|[MASK]
          // is a 32-bit signed integer, so we can|MASK) / numThreads);
          int endIndex = (int) (((i|MASK ) / numThreads);
          executor.execute(
              () ->",
394,ownerType,rawType_1,False,3,rawType_1|rawType_1|rawType,  rawType_1<｜end▁of▁sentence｜>,"  rawType_1<｜end▁of▁sentence｜>|rawType_1;
            }

            @Override
            public Type getDeclaring|rawType, otherParamType.getRawType())
                                && equals(rawType_1",
395,modulesExports,MASK,False,3,MASK|MASK|MASK,[MASK]<｜end▁of▁sentence｜>,"[MASK]<｜end▁of▁sentence｜>|   MASK
                           <｜end▁of▁sentence｜>|MASK<｜end▁of▁sentence｜>",
396,secretSettings,MASK,False,3,MASK|serviceSettings|MASK,  MASK    <｜end▁of▁sentence｜>,"  MASK    <｜end▁of▁sentence｜>|serviceSettings.serviceName(), [MASK]<｜end▁of▁sentence｜>|MASK<｜end▁of▁sentence｜>",
397,positionCount,docCount,False,6,docCount|MASK|MASK|MASK|docCount|docCount,      docCount<｜end▁of▁sentence｜>,      docCount<｜end▁of▁sentence｜>|[MASK]<｜end▁of▁sentence｜>|[MASK]<｜end▁of▁sentence｜>|MASK<｜end▁of▁sentence｜>|docCount<｜end▁of▁sentence｜>|docCount<｜end▁of▁sentence｜>,
398,elements,mask,False,2,mask|L,"  mask,
                                           Iterable<Long> iterate
                                      <｜end▁of▁sentence｜>","  mask,
                                           Iterable<Long> iterate
                                      <｜end▁of▁sentence｜>|1L, 10L<｜end▁of▁sentence｜>",
399,classVisitor,classVisitor,True,2,classVisitor|classVisitor,classVisitor<｜end▁of▁sentence｜>,classVisitor<｜end▁of▁sentence｜>|classVisitor<｜end▁of▁sentence｜>,
400,ruleClass,MASK,False,13,MASK|MASK|MASK|MASK|MASK|MASK|MASK|MASK|MASK|MASK|MASK|MASK|MASK,[MASK]<｜end▁of▁sentence｜>,[MASK]<｜end▁of▁sentence｜>|MASK<｜end▁of▁sentence｜>|[MASK]<｜end▁of▁sentence｜>|[MASK]<｜end▁of▁sentence｜>|[MASK]<｜end▁of▁sentence｜>|[MASK]<｜end▁of▁sentence｜>|[MASK]<｜end▁of▁sentence｜>|[MASK]<｜end▁of▁sentence｜>|MASK<｜end▁of▁sentence｜>|[MASK]<｜end▁of▁sentence｜>|[MASK]<｜end▁of▁sentence｜>| MASK<｜end▁of▁sentence｜>|   MASK<｜end▁of▁sentence｜>,
401,expectedIndexCount,MASK,False,2,MASK|1);,  MASK  <｜end▁of▁sentence｜>,"  MASK  <｜end▁of▁sentence｜>| 1);
        checkIndexCount(""index_denied"",   0);
        check",
402,management,management,True,6,management|management|management|management|management|management,"management service.
		 */
		private Duration management = Duration.ofSeconds(","management service.
		 */
		private Duration management = Duration.ofSeconds(|management<｜end▁of▁sentence｜>|management;
		}

		public void setManagement(Duration management) {
			this|management ) {
			this.management = management ;
		}

	}

	public|management  = management ;
		}

	}

	public static class Security {

	|management  ;
		}

		public Duration getManagement() {
			return this",
403,renderTimeNs,presentationTimeUs,False,5,presentationTimeUs|Listener|presentationTimeUs|presentationTimeUs|presentationTimeUs,presentationTimeUs} and {@code  [MASK]<｜end▁of▁sentence｜>,"presentationTimeUs} and {@code  [MASK]<｜end▁of▁sentence｜>|Listener#onOutputFrameAvailableForRendering(long)
   * available for rendering} and|presentationTimeUs<｜end▁of▁sentence｜>|presentationTimeUs
   *     The presentation time of the frame, in microseconds.
|presentationTimeUs);

  /**
   * Returns the {@link ColorInfo} for",
404,pname,MASK,False,16,MASK|MASK|MASK|MASK|MASK|MASK|MASK|MASK|MASK|MASK|MASK|MASK|MASK|MASK|MASK|MASK,"[MASK] , IntBuffer params);

	public native void glGetQueryiv (int","[MASK] , IntBuffer params);

	public native void glGetQueryiv (int|[MASK] , IntBuffer params);

	public native void glGetQueryObjectui6|[MASK] , Buffer params);

	public native void glGetBufferPointerv (|[MASK]<｜end▁of▁sentence｜>|[MASK] , IntBuffer params);

	public native void glVertexAttribI1|[MASK] , IntBuffer params);

	public native void glGetActiveUniforms|  MASK , IntBuffer params);

	public native void glGetActiveUniformBlockName|[MASK] , LongBuffer params);

	public native void glGetBufferParameteri6|MASK , LongBuffer params);

	public native void glGetBufferParameteri64v|[MASK]<｜end▁of▁sentence｜>|[MASK]<｜end▁of▁sentence｜>|[MASK] , float param);

	public native void glSamplerParameterf (int|MASK<｜end▁of▁sentence｜>|[MASK] , IntBuffer params);

	public native void glGetSamplerParameterI|MASK , FloatBuffer params);

	public native void glGetSamplerParameterIiv|MASK , int param);

	public native void glProgramParameteriv (int program, int",
405,platformUrl,MASK,False,6,MASK|MASK|MASK|*/|the|return,"[MASK]  = String.format(Locale.ROOT, ""%s/%s","[MASK]  = String.format(Locale.ROOT, ""%s/%s|[MASK] )) {
            return  [MASK] ;
        }
|MASK ;
        }
        return  baseUrl ;
    }

    /**|     */
    private InputStream pluginZipInputStream(final Path zip) throws IOException {
| the plugin ZIP.
     *
     * @return the public key ID of the signing|return the public key ID of the signing key that is expected to have signed the official plugin.
",
406,context,MASK,False,3,MASK|SearchExecutionContext|MASK,  [MASK]<｜end▁of▁sentence｜>,"  [MASK]<｜end▁of▁sentence｜>|   ((SearchExecutionContext) MASK)
                   <｜end▁of▁sentence｜>|MASK<｜end▁of▁sentence｜>",
407,topUncast,MASK,False,9,MASK|MASK|MASK|MASK|MASK|MASK|MASK|MASK|MASK,"[MASK]  = page.getBlock(channels.get(0));
    if","[MASK]  = page.getBlock(channels.get(0));
    if|[MASK] .areAllValuesNull()) {
      return;
    }
   |[MASK] ;
    Block outputUncast = page.getBlock(channels.|MASK  = page.getBlock(channels.get(0));
    if ( M|MASK .areAllValuesNull()) {
      return;
    }
    Float|MASK<｜end▁of▁sentence｜>|MASK  = page.getBlock(channels.get(0));
    if ( M|MASK .areAllValuesNull()) {
      return;
    }
    Float|MASK ;
    Block outputUncast = page.getBlock(channels.get(",
408,expectedCount,expectedCount,True,2,expectedCount|expectedCount,"expectedCount) throws IOException {
        final Map<String, Object> result = getAsMap","expectedCount) throws IOException {
        final Map<String, Object> result = getAsMap|expectedCount<｜end▁of▁sentence｜>",
409,dfLatn,,False,3,|rb|fail,"

        f = DateFormat.getDateInstance(DateFormat.FULL);
       ","

        f = DateFormat.getDateInstance(DateFormat.FULL);
       | rb.getDateFormatSymbols();
        logln(""date: "" + sym.|(""fail, date format symbols not equal"");
        }

        f = DateFormat.",
410,usedBuiltInCharFilters,usedBuiltInCharFilters,True,15,usedBuiltInCharFilters|usedCharFilters|usedBuiltInCharFilters|usedBuiltInCharFilters|usedBuiltInCharFilters|usedBuiltInCharFilters|usedBuiltInCharFilters|usedBuiltInCharFilters|MASK|usedBuiltInCharFilters|usedBuiltInCharFilters|MASK|MASK|MASK|usedBuiltInCharFilters,usedBuiltInCharFilters<｜end▁of▁sentence｜>,"usedBuiltInCharFilters<｜end▁of▁sentence｜>|usedCharFilters.computeIfAbsent(charFilter, IndexFeatureStats::new);
|   usedBuiltInCharFilters <｜end▁of▁sentence｜>|   usedBuiltInCharFilters <｜end▁of▁sentence｜>|usedBuiltInCharFilters<｜end▁of▁sentence｜>|usedBuiltInCharFilters<｜end▁of▁sentence｜>|usedBuiltInCharFilters<｜end▁of▁sentence｜>|usedBuiltInCharFilters <｜end▁of▁sentence｜>|   [MASK] = Collections.unmodifiableSet(new LinkedHashSet<>(|usedBuiltInCharFilters );
        out.writeCollection( usedBuiltInToken|usedBuiltInCharFilters<｜end▁of▁sentence｜>|[MASK]<｜end▁of▁sentence｜>|MASK  )
            && Objects.equals(usedBuiltInCharFilters,|MASK <｜end▁of▁sentence｜>|usedBuiltInCharFilters<｜end▁of▁sentence｜>",
411,upstream,MASK,False,6,MASK|MASK|MASK|MASK|MASK|MASK,"[MASK] ) {
                return  [MASK] .concatMapSingle(new","[MASK] ) {
                return  [MASK] .concatMapSingle(new|MASK .concatMapSingle(new Function<Integer, Single<Integer>>() {
                   |[MASK]<｜end▁of▁sentence｜>|MASK<｜end▁of▁sentence｜>|MASK<｜end▁of▁sentence｜>|MASK .concatMapSingleDelayError(new Function<Integer, Single<Integer>>() {",
412,newEntries,next,False,4,next||param|or,".next;
    }
    constantPool.putByte(tag).putLong(value",".next;
    }
    constantPool.putByte(tag).putLong(value|
   * table.
   *
   * @param index the constant pool index of the|param index the constant pool index of the new Symbol.
   * @param tag one of {@| or {@link Symbol#CONSTANT_DOUBLE_TAG}.
   * @param",
413,request,MASK,False,16,MASK||||||MASK|MASK|MASK|MASK|MASK|MASK|MASK|MASK|MASK|MASK,[MASK]<｜end▁of▁sentence｜>,"[MASK]<｜end▁of▁sentence｜>| <｜end▁of▁sentence｜>| <｜end▁of▁sentence｜>| <｜end▁of▁sentence｜>| <｜end▁of▁sentence｜>| <｜end▁of▁sentence｜>|  [MASK]<｜end▁of▁sentence｜>|[MASK]<｜end▁of▁sentence｜>|MASK  );
        assertEquals( MASK .hashCode(),  MASK  .hash|[MASK]<｜end▁of▁sentence｜>|MASK<｜end▁of▁sentence｜>| MASK<｜end▁of▁sentence｜>|MASK , copy);
        assertEquals(copy,  MASK );
        assertEquals(copy|MASK<｜end▁of▁sentence｜>|MASK , mutant);
        assertNotEquals(MASK , mutant);
       |MASK );
        assertNotEquals( MASK .hashCode(), mutant.hashCode",
414,database,MASK,False,7,MASK|MASK||index|) {||MASK,[MASK]<｜end▁of▁sentence｜>,"[MASK]<｜end▁of▁sentence｜>|MASK<｜end▁of▁sentence｜>| <｜end▁of▁sentence｜>|  index used by the connection factory
		 *<｜end▁of▁sentence｜>|  ) {
			Assert.hasLength(host, ""'host' must not be empty| <｜end▁of▁sentence｜>| MASK  index used by the connection factory
		 */
		int getDatabase();

",
415,observer,MASK,False,15,MASK|s|downstream|downstream|downstream|downstream|downstream|downstream|MASK|MASK|MASK|MASK|MASK|MASK|MASK,[MASK]<｜end▁of▁sentence｜>,"[MASK]<｜end▁of▁sentence｜>|s = new AtomicReference<>(EMPTY);
    }

    @Sup|downstream) {
        if (source.get() != null) {
            source|downstream<｜end▁of▁sentence｜>|   downstream<｜end▁of▁sentence｜>|   downstream<｜end▁of▁sentence｜>|   downstream<｜end▁of▁sentence｜>|   downstream<｜end▁of▁sentence｜>|[MASK]<｜end▁of▁sentence｜>|MASK<｜end▁of▁sentence｜>|MASK<｜end▁of▁sentence｜>|[MASK]<｜end▁of▁sentence｜>|[MASK]<｜end▁of▁sentence｜>|MASK<｜end▁of▁sentence｜>|MASK<｜end▁of▁sentence｜>",
416,cMemoryOwn,MASK,False,6,MASK|MASK|MASK|MASK|MASK|MASK,[MASK]<｜end▁of▁sentence｜>,[MASK]<｜end▁of▁sentence｜>|MASK<｜end▁of▁sentence｜>|MASK<｜end▁of▁sentence｜>|MASK<｜end▁of▁sentence｜>|MASK<｜end▁of▁sentence｜>|MASK<｜end▁of▁sentence｜>,
417,desturi,MASK,False,6,MASK|uri|MASK|the|MASK|MASK,[MASK]<｜end▁of▁sentence｜>,"[MASK]<｜end▁of▁sentence｜>|uri<｜end▁of▁sentence｜>|[MASK]<｜end▁of▁sentence｜>|the uri
                //<｜end▁of▁sentence｜>|MASK<｜end▁of▁sentence｜>|MASK<｜end▁of▁sentence｜>",
418,bucket,code,False,78,code|MASK|MASK|code|MASK|MASK|following|element|MASK|code|last|next|root|first|MASK|MASK||MASK|MASK|MASK|MASK|MASK|MASK|1;|MASK|MASK|MASK|MASK|MASK|Size|MASK|MASK|MASK|MASK|MASK|MASK|MASK|MASK|MASK||MASK|MASK|MASK|MASK|MASK|MASK|MASK|MASK|MASK|MASK|MASK|MASK|MASK|MASK|MASK|MASK|MASK|MASK|MASK|MASK|MASK|MASK|MASK|MASK|MASK|MASK||Root|Root|MASK|MASK|MASK|MASK|MASK|MASK|MASK|MASK|MASK,{@code  [MASK] } and stores them in a {@code DoubleArray}<｜end▁of▁sentence｜>,"{@code  [MASK] } and stores them in a {@code DoubleArray}<｜end▁of▁sentence｜>|  [MASK]<｜end▁of▁sentence｜>|[MASK]<｜end▁of▁sentence｜>|{@code  [MASK] }s.
     * <p>
     *|[MASK]<｜end▁of▁sentence｜>|[MASK]<｜end▁of▁sentence｜>|following rules:
     * </p>
     * <p>
     *    |element in the  [MASK]  s, there are  [MASK] Size elements|[MASK]  slots are organized as a min heap structure.
     *         The root|{@code  [MASK] Size} elements.
     *         In gather mode,|last<｜end▁of▁sentence｜>|next element is the offset to the next slot to be filled.
     *         </p>|root of the heap is the minimum value in the  [MASK] ,
     *        |first  [MASK]  slots.
     *         </p>
     *         <|MASK<｜end▁of▁sentence｜>|MASK = Size;
        this.  MASK Size = Size;
        this.| <｜end▁of▁sentence｜>|[MASK]  .
     *     The  [MASK]  is the index|  [MASK]<｜end▁of▁sentence｜>|[MASK]  *  [MASK] Size;
        // If we are in|  [MASK]<｜end▁of▁sentence｜>|[MASK]<｜end▁of▁sentence｜>|[MASK]<｜end▁of▁sentence｜>|1;
        if (values.size() < requiredSize) {
            grow( [|[MASK]<｜end▁of▁sentence｜>|[MASK] Size;
        assert next >= 0 && next <   [MASK]|[MASK] s [0 <= "" + next + "" < "" +  [MASK]| MASK Size + ""]"";
        values.set(next, value);
        if|MASK, true);
            heapify(rootIndex,  [MASK] Size);|Size);
        } else {
            setNextGatherOffset(rootIndex, next -|[MASK] .
     * <p>
     *     This is the number of|MASK Size;
    }

    /**
     * Get the number of  [|[MASK] .
     * Returns [0, 0] if the  [M|[MASK]  has never been collected.
     */
    public Tuple<Long|[MASK]<｜end▁of▁sentence｜>|[MASK]  *  MASK Size;
        if (rootIndex >= values.|MASK<｜end▁of▁sentence｜>|MASK<｜end▁of▁sentence｜>|[MASK]<｜end▁of▁sentence｜>| <｜end▁of▁sentence｜>|MASK<｜end▁of▁sentence｜>|MASK<｜end▁of▁sentence｜>| MASK <｜end▁of▁sentence｜>| MASK<｜end▁of▁sentence｜>|MASK -> {
            var bounds = this.getBucketValuesIndexes( [|MASK );
            var size = bounds.v2() - bounds.v1();
|[MASK]  in heap mode?
     */
    private boolean inHeapMode|MASK ) {
        return heapMode.get( [MASK] );
    }|MASK );
    }

    /**
     * Set the heap mode for a |[MASK]  rooted
     * at {@code rootIndex}.
     */
|MASK  rooted
     * at {@code rootIndex}.
     */
    private|[MASK] s.
     * <p>
     * This is done by alloc|[MASK] s.
     * <p>
     * This is a bit tricky|[MASK]<｜end▁of▁sentence｜>|MASK s.
     * <p>
     * This is a bit tricky to explain|MASK ) {
        long oldMax = values.size();
        long newSize =|[MASK] Size == 0;
        assert oldMax %  [MASK]<｜end▁of▁sentence｜>|[MASK] Size) *  [MASK] Size, PageCacheRecycler.|[MASK] Size);
        values = bigArrays.resize(values, newSize|[MASK] Size.
        // This is to avoid allocating extra memory for partial |MASK Size - 1) /  [MASK] Size;
        values = big| MASK Size;
        newSize = newSize *  [MASK]<｜end▁of▁sentence｜>| MASK<｜end▁of▁sentence｜>|[MASK]<｜end▁of▁sentence｜>|  MASK<｜end▁of▁sentence｜>|  MASK  : 0,  [MASK]<｜end▁of▁sentence｜>| <｜end▁of▁sentence｜>|Root += getBucketSize()) {
            setNextGatherOffset( [MASK]|Root, nextOffset);
            nextOffset--;
        }
    }

   |{MASK}<｜end▁of▁sentence｜>|[MASK]<｜end▁of▁sentence｜>|[MASK]<｜end▁of▁sentence｜>|[MASK]<｜end▁of▁sentence｜>| [MASK]<｜end▁of▁sentence｜>|[MASK] 
     * @param parent Index within the  [MASK] |MASK 
     * @param heapSize Number of values that belong to the heap.
|MASK<｜end▁of▁sentence｜>|MASK<｜end▁of▁sentence｜>",
419,object,value,False,2,value|value,"value) {
            script.emitFromObject(value);
        }

        public","value) {
            script.emitFromObject(value);
        }

        public|value<｜end▁of▁sentence｜>",
420,superType,MASK,False,2,MASK|MASK,  MASK<｜end▁of▁sentence｜>,  MASK<｜end▁of▁sentence｜>|MASK<｜end▁of▁sentence｜>,
421,pathSet,MASK,False,6,MASK|MASK|MASK|MASK|MASK|MASK,[MASK]<｜end▁of▁sentence｜>,"[MASK]<｜end▁of▁sentence｜>|[MASK]<｜end▁of▁sentence｜>|MASK  );
        }
    }

    @Test
    public void test|  MASK<｜end▁of▁sentence｜>|MASK<｜end▁of▁sentence｜>|MASK<｜end▁of▁sentence｜>",
422,resolverChain,MASK,False,13,MASK|MASK|MASK|MASK|MASK|MASK|MASK|MASK|MASK|MASK|MASK|MASK|MASK,[MASK]<｜end▁of▁sentence｜>,"[MASK]<｜end▁of▁sentence｜>|[MASK]<｜end▁of▁sentence｜>|MASK<｜end▁of▁sentence｜>|[MASK]  =  [MASK] ;
		this.transformer = (transform|MASK<｜end▁of▁sentence｜>|MASK<｜end▁of▁sentence｜>|[MASK]<｜end▁of▁sentence｜>|[MASK]<｜end▁of▁sentence｜>|MASK<｜end▁of▁sentence｜>|MASK<｜end▁of▁sentence｜>|[MASK]<｜end▁of▁sentence｜>|MASK<｜end▁of▁sentence｜>|MASK ;
	}

	@Override
	public ResourceTransformer getTransformer() {
",
423,section,dexDataBuffer,False,2,dexDataBuffer|dexDataBuffer,"  dexDataBuffer,
                                  DexDataBuffer.Offset offset,
                                  TableOf","  dexDataBuffer,
                                  DexDataBuffer.Offset offset,
                                  TableOf|dexDataBuffer
                .readCallSiteId()
               <｜end▁of▁sentence｜>",
424,originalBucket,bucket,False,4,bucket|MASK|MASK|MASK,  bucket<｜end▁of▁sentence｜>,"  bucket<｜end▁of▁sentence｜>|[MASK] .getKeyAsString(), equalTo(streamedBucket.getKey|MASK .getKeyAsString(), equalTo(streamedBucket.getKeyAsString|MASK .getSubsetDf(), equalTo(streamedBucket.getSubset",
425,expected,,False,2,|XYEncodingUtils, <｜end▁of▁sentence｜>," <｜end▁of▁sentence｜>|XYEncodingUtils.encode(randomValue)));
        assertThat(decode.apply(encoded),",
426,executor,executor,True,1,executor,"executor) {
            threadFail(""unexpected task submission"");
        }
    }","executor) {
            threadFail(""unexpected task submission"");
        }
    }",
427,idpMetadataCertificates,metadataSigningCertificates,False,2,metadataSigningCertificates|metadataSigningCertificates,  metadataSigningCertificates<｜end▁of▁sentence｜>,"  metadataSigningCertificates<｜end▁of▁sentence｜>|metadataSigningCertificates );
        doc1.certificates.setServiceProviderX50",
428,height,height,True,63,height|height|height|height|height|height|height|height|height|height|height|Use|UnsupportedOperationException|return|removeActorAt|actor|boolean|);|getMouseWheelX|setScrollY|maxY|by||Y|visualAmountX|scrollY||return|Utils|public|boolean|possible|s|float|MASK|ViewportWidth|the|scrollY|disableY|velocityY|dragged|*/|crollX|crollY|crollSpeedMax|crollDistance|hScroll|Knob|MASK|MASK|height|height|height|height|height|MASK|MASK|MASK|MASK|MASK|height|height|height,"height
 * is less than the size of this scroll pane,
 * it is set to","height
 * is less than the size of this scroll pane,
 * it is set to|height * (y < vKnobBounds.y ? 1 : -1));
				|height  - vKnobBounds.height, scrollV);
					float total = v|height )) {
						lastPoint.set(x, y);
						handle|height<｜end▁of▁sentence｜>|height , scrollV);
					float total = vScrollBounds. height  - vKn|height  - vKnobBounds. height )))) //
		// Scroll smoothly when|height  - vKnobBounds. height )))) //
			|| //
			//|height  - vKnobBounds. height )))) {
			float delta = Math|height<｜end▁of▁sentence｜>|height - bgTopHeight - bgBottomHeight);

		float scrollbarHeight = 0|Use ScrollPane#setActor."");
	}

	/** @deprecated ScrollPane may| UnsupportedOperationException(""Use ScrollPane#setActor."");
	}

	/** @| return false;
		setActor(null);
		return true;
	}
|removeActorAt(index, unfocus);
		if (actor == this.actor)| (actor == this.actor) setActor(null);
		return actor;
	}| boolean touchDown) {
		if (actor == null) return null;
		if (|);
	}

	public boolean contains (float x, float y) {
		return x| getMouseWheelX () {
		return 0;
	}

	/** Returns the| setScrollY (float pixels) {
		scrollY(MathUtils.clamp(|0, maxY));
	}

	/** Returns the y scroll position in pixels, where | by dragging the
	 * scrollbar. */
	public void setScrollPercentX (|
		visualAmountY = amountY;
	}

	/** Returns the visual x|Y;
	}

	/** Returns the visual x scroll position in pixels, where 0 is| ? 0 : visualAmountX;
	}

	public float getVisualScrollY () {| !scrollY ? 0 : visualAmountY;
	}

	public float getScrollPer|
	public float getScrollPercentX () {
		return !scrollX ? 0 :| == 0) return 0;
		return MathUtils.clamp(visualAmountY|Utils.clamp(visualAmountY / maxY, 0, 1);
|	public boolean isFlickScroll () {
		return flickScroll;
	}

	public| (boolean flickScrollTap) {
		if (this.flickScrollTap| possible. Coordinates are in the scroll pane actor's coordinate system. */
	public void|'s coordinate system. */
	public void scrollTo (float x, float y, float width|float  [MASK]  = this. [MASK] ;
		if (centerVert| [MASK] ;
	}

	public float getScrollBarWidth () {
		if|ViewportWidth () {
		return actorArea.width;
	}

	/** Returns the| the scroll pane is currently scrolling horizontally. */
	public boolean isScrollX| scrollY;
	}

	/** Returns true if the actor is larger than the scroll pane| == disableY) return;
		disableX = x;
		disableY =| velocityY;
	}

	public void setScrollbarsOnTop (boolean scrollbarsOnTop| dragged by the user. */
	public void setDragging (boolean dragging) {
	| */
	public void setOverscroll (boolean overscroll) {
		this.|crollX;
		this.overscrollY = overscrollY;
	}|crollY = overscrollY;
	}

	/** Returns true if overscroll|crollSpeedMax = speedMax;
	}

	/** Returns the overscroll distance in|crollDistance () {
		return overscrollDistance;
	}

	public float get|hScroll = hScroll;
			this.hScrollKnob = hScrollKnob;|Knob = hScrollKnob;
			this.vScroll = vScroll;
		|[MASK] , boolean centerHorizontal, boolean centerVertical) {
		validate|MASK <｜end▁of▁sentence｜>|height, float   MASK , boolean centerHorizontal, boolean centerVertical) {
	|height - actorArea. [MASK]  - [MASK]<｜end▁of▁sentence｜>|height<｜end▁of▁sentence｜>|height <｜end▁of▁sentence｜>|height  );
		scrollY(MathUtils.clamp(amountY, 0|[MASK]<｜end▁of▁sentence｜>|[MASK]<｜end▁of▁sentence｜>|MASK<｜end▁of▁sentence｜>|MASK  , style.hScrollKnob.getMinHeight());
		if (style|MASK <｜end▁of▁sentence｜>|height<｜end▁of▁sentence｜>|height;
	}

	/** Returns the width of the scrolled viewport in pixels. */|height<｜end▁of▁sentence｜>",
429,rhsElem,MASK,False,6,MASK|MASK||MASK|MASK|new,  [MASK] <｜end▁of▁sentence｜>,"  [MASK] <｜end▁of▁sentence｜>|MASK<｜end▁of▁sentence｜>| <｜end▁of▁sentence｜>|MASK<｜end▁of▁sentence｜>|MASK
                                                   <｜end▁of▁sentence｜>|new<｜end▁of▁sentence｜>",
430,actualLatn,)) {,False,3,)) {|Calendar|DateFormatSymbols,")) {
            errln(""fail, date format symbols not equal"");
        }

",")) {
            errln(""fail, date format symbols not equal"");
        }

|Calendar.getInstance(foo), foo);
        sym2 = (DateFormatSymbols)sym|DateFormatSymbols(new ChineseCalendar(), Locale.CHINA);
        sym.",
431,addArr,addArr,True,2,addArr|addArr,addArr<｜end▁of▁sentence｜>,"addArr<｜end▁of▁sentence｜>|addArr);
        Assert.assertArrayEquals(new int[]{0, -2,",
432,oninvokeInstance,MASK,False,5,MASK|MASK|MASK|MASK|MASK,[MASK]<｜end▁of▁sentence｜>,[MASK]<｜end▁of▁sentence｜>|[MASK] <｜end▁of▁sentence｜>|  MASK<｜end▁of▁sentence｜>|MASK<｜end▁of▁sentence｜>|MASK<｜end▁of▁sentence｜>,
433,target,notView,False,2,notView|notView,  notView<｜end▁of▁sentence｜>,  notView<｜end▁of▁sentence｜>|notView<｜end▁of▁sentence｜>,
434,buffer,MASK,False,3,MASK|MASK|MASK,  [MASK]<｜end▁of▁sentence｜>,  [MASK]<｜end▁of▁sentence｜>|MASK<｜end▁of▁sentence｜>|MASK <｜end▁of▁sentence｜>,
435,parentDirName,MASK,False,3,MASK|MASK|MASK,  [MASK]<｜end▁of▁sentence｜>,"  [MASK]<｜end▁of▁sentence｜>|MASK )) {
                    setFileAttributes(file, BIN_DIR_PERMS|MASK<｜end▁of▁sentence｜>",
436,processor,failProcessor,False,3,failProcessor|failProcessor|processor,failProcessor<｜end▁of▁sentence｜>,"failProcessor<｜end▁of▁sentence｜>|   failProcessor
                        .setField(""field"", ""value"")
                       <｜end▁of▁sentence｜>|  processor<｜end▁of▁sentence｜>",
437,referencingUpdates,MASK,False,8,MASK|MASK|MASK|MASK|MASK|MASK|MASK|MASK,[MASK]<｜end▁of▁sentence｜>,"[MASK]<｜end▁of▁sentence｜>|[MASK]<｜end▁of▁sentence｜>|[MASK]<｜end▁of▁sentence｜>|MASK .entrySet()) {
                ItemEdit pointerUpdate = entry.getValue().build();|MASK<｜end▁of▁sentence｜>|MASK<｜end▁of▁sentence｜>|   MASK<｜end▁of▁sentence｜>|MASK<｜end▁of▁sentence｜>",
438,snapshotShardSizeInfo,MASK,False,2,MASK|MASK,"  MASK = new RestoreInProgress.Entry(
            restoreId,
            snapshot","  MASK = new RestoreInProgress.Entry(
            restoreId,
            snapshot|MASK
        );
        clusterState = service.reroute(clusterState, ""rer",
439,inferenceEntityId,MASK,False,7,MASK|MASK|key|MASK|MASK|model|MASK,[MASK]<｜end▁of▁sentence｜>,"[MASK]<｜end▁of▁sentence｜>|[MASK] ()<｜end▁of▁sentence｜>|key);
            log.trace(
                ""Returning [{}] from cache."",
|[MASK]<｜end▁of▁sentence｜>|MASK ()
                    )
                );

            var model = service.parsePersisted|model(),
                unparsedModel.version(),
                unparsedModel.modelType| MASK<｜end▁of▁sentence｜>",
440,entry,MASK,False,5,MASK|MASK|MASK|MASK|MASK,[MASK]<｜end▁of▁sentence｜>,[MASK]<｜end▁of▁sentence｜>|[MASK]<｜end▁of▁sentence｜>|MASK <｜end▁of▁sentence｜>|MASK<｜end▁of▁sentence｜>|MASK<｜end▁of▁sentence｜>,
441,parsedate,Format,False,7,"Format|df|null|when|FB0|B0|,      -4,               ""2012年4月2日"",          ""2","Format.getDateInstance(DateFormat.MEDIUM, cal);
            if (","Format.getDateInstance(DateFormat.MEDIUM, cal);
            if (|df;
                formatters[2].applyPattern(testPattern);
            } else {| == null) {
                        expected = tmp;
                    } else if (!expected.equals(| ""\"" when it should have returned \"""" + expected + ""\"""");
                    }
               |FB0\u5E74\u56DB\u6708|B0-4bis-2"",
                                                                                ""\u58EC\u8F|"",      -4,               ""2012年4月2日"",          ""2",
442,aggregationToJsonProcessor,processor,False,3,processor|processor|DataExtractorUtils,processor<｜end▁of▁sentence｜>,"processor<｜end▁of▁sentence｜>|   processor
                .setAfterKey(afterKey)
                .setInterval(interval)|DataExtractorUtils.getDataExtractor()
           <｜end▁of▁sentence｜>",
443,newIndex,newIndex,True,2,newIndex|oldOffset,newIndex<｜end▁of▁sentence｜>,"newIndex<｜end▁of▁sentence｜>|oldOffset, newIndex, newOffset);
    }

    @Override
    protected",
444,printer,printer,True,2,printer|printer,"      printer,
                   StarlarkSemantics semantics) {
    printer.append(""","      printer,
                   StarlarkSemantics semantics) {
    printer.append(""|printer.append(""<alias target "" + actionLookupKey.getLabel() + """,
445,message,index,False,3,index|MASK|new,"index"", index.getName());
            map.put(""elasticsearch.slowlog.type"",","index"", index.getName());
            map.put(""elasticsearch.slowlog.type"",|  MASK<｜end▁of▁sentence｜>|new RuntimeException(MASK)<｜end▁of▁sentence｜>",
446,sampleToCompute,MASK,False,2,MASK|MASK,      [MASK]<｜end▁of▁sentence｜>,      [MASK]<｜end▁of▁sentence｜>|MASK<｜end▁of▁sentence｜>,
447,eventType,MASK,False,31,MASK|MASK|MASK|MASK|MASK|MASK|MASK|MASK|trigger|account|MASK||MASK|clientUrl|clientUrl|MASK|account|account|account|account|MASK|account|actionId|MASK|MASK|MASK|MASK|MASK|MASK|MASK|MASK,"  [MASK] ;
    final boolean attachPayload;
    @Nullable
   ","  [MASK] ;
    final boolean attachPayload;
    @Nullable
   |  [MASK]<｜end▁of▁sentence｜>| MASK  =  MASK ;
    }

    public IncidentEvent(
       |MASK ) ?  [MASK]  : ""trigger"";
    }

   |MASK  : null;
    }

    public static class Fields {
       |MASK , template.  [MASK] )
            && Objects.equals(account|MASK )
            && Objects.equals(account, template.account)
            &&|MASK , contexts);
        result = 31 * result + (description != null ?|""trigger"");
        builder.field(Fields.DESCRIPTION.getPreferredName(),|account;
        final TextTemplate  [MASK] ;
        final Boolean attachPayload|  [MASK]<｜end▁of▁sentence｜>|<｜end▁of▁sentence｜>|  MASK  ;
            this.incidentKey = incidentKey;
            this.|clientUrl, template.clientUrl)
                && Objects.equals( <｜end▁of▁sentence｜>|clientUrl )
                && Objects.equals(account, template.account )
                &&|MASK<｜end▁of▁sentence｜>|account = this.account != null ? engine.render(this.account, model) :|account<｜end▁of▁sentence｜>|account <｜end▁of▁sentence｜>|account<｜end▁of▁sentence｜>| MASK<｜end▁of▁sentence｜>|account != null) {
                builder.field(Fields.ACCOUNT.getPreferred|   actionId<｜end▁of▁sentence｜>|[MASK]<｜end▁of▁sentence｜>|   [MASK]<｜end▁of▁sentence｜>|MASK <｜end▁of▁sentence｜>|[MASK]<｜end▁of▁sentence｜>|MASK <｜end▁of▁sentence｜>|MASK<｜end▁of▁sentence｜>| MASK  ;
                return this;
            }

            public Builder setDescription(|MASK<｜end▁of▁sentence｜>",
448,settingKey,mask,False,2,mask|mask,mask<｜end▁of▁sentence｜>,mask<｜end▁of▁sentence｜>|mask<｜end▁of▁sentence｜>,
449,idleTask,commandEndTime,False,5,commandEndTime|MASK|MASK|MASK|MASK,"commandEndTime= */ 0,
        /* commandStartTimeInMs= */ 0","commandEndTime= */ 0,
        /* commandStartTimeInMs= */ 0|[MASK]<｜end▁of▁sentence｜>|[MASK] .getGarbageCollector().getRoot().getDelay())
       |MASK<｜end▁of▁sentence｜>|MASK .getGarbageCollector().getPolicy())
        .isEqualTo(",
450,deltaX,deltaX,True,4,deltaX|setScrollX|deltaX|deltaX,"deltaX, float deltaY) {
				setScrollbarsVisible(true);
			","deltaX, float deltaY) {
				setScrollbarsVisible(true);
			|setScrollX(amountX + deltaX);
				if (!scrollY) setScrollY|deltaX ;
				amountY -= deltaY ;
				clamp();
|deltaX != 0 || deltaY != 0)) cancelTouchFocus();
			}
",
451,pathFragmentString,path,False,2,path|path,"path) throws Exception {
    PathFragment pathFragment = create(path);
    PathFragment","path) throws Exception {
    PathFragment pathFragment = create(path);
    PathFragment|path );
    PathFragment b = create( path );
    PathFragment c = create(",
452,context,MASK,False,5,MASK|MASK|MASK|context|context,[MASK]<｜end▁of▁sentence｜>,"[MASK]<｜end▁of▁sentence｜>|MASK .bean.override.mockito.MockReset;
import org.springframework.|MASK .bean.override.mockito.MockResetStrategiesIntegrationTests.|context<｜end▁of▁sentence｜>|context.getRequiredTestMethod().get().get().getName();

			// Should not have",
453,description,description,True,20,description|MASK||description|MASK||MASK|MASK|MASK|MASK|MASK|MASK|MASK|||MASK|MASK|MASK|MASK|MASK,"description"");

    public static final String CALENDAR_ID_PREFIX = ""","description"");

    public static final String CALENDAR_ID_PREFIX = ""|[MASK]<｜end▁of▁sentence｜>| <｜end▁of▁sentence｜>|description of the calendar
     *<｜end▁of▁sentence｜>|  [MASK]<｜end▁of▁sentence｜>|<｜end▁of▁sentence｜>|[MASK] <｜end▁of▁sentence｜>|[MASK]<｜end▁of▁sentence｜>|[MASK]<｜end▁of▁sentence｜>|  [MASK]<｜end▁of▁sentence｜>|[MASK]<｜end▁of▁sentence｜>|  MASK <｜end▁of▁sentence｜>|MASK<｜end▁of▁sentence｜>| <｜end▁of▁sentence｜>| <｜end▁of▁sentence｜>|  MASK <｜end▁of▁sentence｜>|  MASK ) {
            this. [MASK]  =  [MASK] ;| MASK  = MASK ;
            return this;
        }

        public Builder set| MASK <｜end▁of▁sentence｜>| MASK<｜end▁of▁sentence｜>",
454,newThr,,False,6,|i|throw|WithState|count|objectAddress,"

        private class KeyIterator implements Iterator<K> {
            int cursor;
","

        private class KeyIterator implements Iterator<K> {
            int cursor;
| i = 0; i < tab.length; ++i) {
                    Node<K,| throw new ConcurrentModificationException();
            }
        }

        private class Key|WithState:(NSFastEnumerationState *)state
        - forObject:(id)object|                                             count:(NSUInteger)len
        - {
        -     return [self size|>objectAddress; e < state->objectAddress + objCount; ++e)
           ",
455,leftIndex,leftIndex,True,3,leftIndex|leftIndex|leftIndex,leftIndex<｜end▁of▁sentence｜>,leftIndex<｜end▁of▁sentence｜>|leftIndex<｜end▁of▁sentence｜>|leftIndex <｜end▁of▁sentence｜>,
456,image,MASK,False,11,MASK|MASK|MASK|common|MASK||s||s|i|s,"[MASK] pipeline.producers;

import com.facebook. [MASK","[MASK] pipeline.producers;

import com.facebook. [MASK|[MASK] pipeline.common.Consumer;
import com.facebook. [MASK]|[MASK]<｜end▁of▁sentence｜>|common.ResizeOptions.Rotation;
import com.facebook. MASK pipeline.common|MASK pipeline.common.ResizeOptions;
import com.facebook. MASK pipeline.| <｜end▁of▁sentence｜>|s.length; i++) {
      final EncodedImage  [MASK]  | <｜end▁of▁sentence｜>|  s[i];
      whenProduceResultsCalledTrigger(
          mTh|i == 0 && s [MASK] == null) {
                consumer.onFailure(|s[i]<｜end▁of▁sentence｜>",
457,parentIndex,MASK,False,3,MASK|rootIndex|MASK,  [MASK]<｜end▁of▁sentence｜>,  [MASK]<｜end▁of▁sentence｜>|rootIndex + parent * 2 + 1<｜end▁of▁sentence｜>|MASK<｜end▁of▁sentence｜>,
458,proxyThreads,threads,False,4,threads|||threads,  threads<｜end▁of▁sentence｜>,  threads<｜end▁of▁sentence｜>| <｜end▁of▁sentence｜>|<｜end▁of▁sentence｜>|threads<｜end▁of▁sentence｜>,
459,title,name,False,3,name|MASK|MASK,name<｜end▁of▁sentence｜>,name<｜end▁of▁sentence｜>|[MASK]<｜end▁of▁sentence｜>|MASK<｜end▁of▁sentence｜>,
460,spawn,MASK,False,18,MASK|MASK|MASK|MASK|MASK|MASK|MASK|MASK|MASK|MASK|MASK|MASK|MASK|MASK|MASK|MASK|MASK|MASK,"[MASK]  = createSpawn(getTrueCommand());
    executor.get","[MASK]  = createSpawn(getTrueCommand());
    executor.get|[MASK] , createContext());

    if (OS.getCurrent() !=|[MASK]<｜end▁of▁sentence｜>|MASK<｜end▁of▁sentence｜>|[MASK] ;
    if (OS.getCurrent() == OS.WINDOW|[MASK]<｜end▁of▁sentence｜>|[MASK]<｜end▁of▁sentence｜>|MASK );
    assertThat(out()).isEqualTo(""Hello, world."" + System.|[MASK]  = createSpawn(CMD_EXE, ""/c"", ""|[MASK]<｜end▁of▁sentence｜>|MASK<｜end▁of▁sentence｜>|MASK );
    assertThat(out()).isEqualTo(
        executor.getExec|[MASK] ;
    if (OS.getCurrent() == OS.WINDOW|MASK );
    HashSet<String> environment = Sets.newHashSet(out().|MASK  = createSpawn(CMD_EXE, ""/c"", ""echo O|MASK  = createSpawn(CMD_EXE, ""/c"", ""echo O|MASK<｜end▁of▁sentence｜>|MASK<｜end▁of▁sentence｜>",
461,incReceiverNodes,incReceiverNodes,True,2,incReceiverNodes|incReceiverNodes,"incReceiverNodes = getIncrementReceiverNodes(packageName, newReceiverNodes","incReceiverNodes = getIncrementReceiverNodes(packageName, newReceiverNodes|incReceiverNodes) {
                        incAppNode.add(node.detach());
",
462,transportVersions,MASK,False,3,MASK|MASK|IntStream,  MASK<｜end▁of▁sentence｜>,"  MASK<｜end▁of▁sentence｜>|MASK<｜end▁of▁sentence｜>|IntStream.range(0, randomIntBetween(2, 10))
           ",
463,returnedRecord,,False,13,|MASK|MASK|MASK|MASK|MASK|MASK|MASK|MASK|MASK|MASK|MASK|MASK, <｜end▁of▁sentence｜>," <｜end▁of▁sentence｜>|[MASK]<｜end▁of▁sentence｜>|  [MASK]<｜end▁of▁sentence｜>|[MASK]<｜end▁of▁sentence｜>|[MASK] .getFirstFirstName());
      assertEquals(record.getFrom(), |MASK<｜end▁of▁sentence｜>|[MASK]<｜end▁of▁sentence｜>|MASK<｜end▁of▁sentence｜>|[MASK]<｜end▁of▁sentence｜>|[MASK]<｜end▁of▁sentence｜>|MASK<｜end▁of▁sentence｜>|MASK<｜end▁of▁sentence｜>|MASK<｜end▁of▁sentence｜>",
464,parsedInferenceConfig,MASK,False,2,MASK|MASK,[MASK]<｜end▁of▁sentence｜>,"[MASK]<｜end▁of▁sentence｜>|MASK);
    }

    public void testParseInferenceConfigFromModelPackage_",
465,regex,concurrent,False,5,concurrent|concurrent|MASK|MASK|MASK,"concurrent.atomic.AtomicInteger;
import java.util.concurrent.atomic.","concurrent.atomic.AtomicInteger;
import java.util.concurrent.atomic.|concurrent .TimeUnit;
import java.util.concurrent .atomic .AtomicInteger|  MASK<｜end▁of▁sentence｜>|MASK<｜end▁of▁sentence｜>|MASK);
    }

    /**
     * Returns the number of milliseconds",
466,expectedCollection,MASK,False,12,MASK|MASK|MASK|MASK|MASK|MASK|MASK|MASK|MASK|MASK|MASK|MASK,[MASK]<｜end▁of▁sentence｜>,"[MASK]<｜end▁of▁sentence｜>|[MASK]<｜end▁of▁sentence｜>|[MASK]<｜end▁of▁sentence｜>|MASK<｜end▁of▁sentence｜>|MASK<｜end▁of▁sentence｜>|[MASK]<｜end▁of▁sentence｜>|MASK<｜end▁of▁sentence｜>|MASK .isEmpty(), multimap().containsKey(key));
    }
  }|MASK<｜end▁of▁sentence｜>|MASK<｜end▁of▁sentence｜>|MASK<｜end▁of▁sentence｜>|MASK .isEmpty(), multimap().containsKey(key));
    }
  }",
467,invocationOnMock,MASK,False,4,MASK|MASK|MASK|MASK,[MASK]<｜end▁of▁sentence｜>,"[MASK]<｜end▁of▁sentence｜>|[MASK]<｜end▁of▁sentence｜>|MASK ) {
                GlideUrl glideUrl = (GlideUrl)  [|MASK<｜end▁of▁sentence｜>",
468,selected,evaluateIntermediate,False,5,evaluateIntermediate|MASK|MASK|MASK|MASK,"evaluateIntermediate(Block[] blocks, int offset, IntArrayBlock  [MASK]","evaluateIntermediate(Block[] blocks, int offset, IntArrayBlock  [MASK]|[MASK] ,
      GroupingAggregatorEvaluationContext ctx) {
    state|MASK<｜end▁of▁sentence｜>|MASK ) {
    state.toFinal(blocks, offset,  MASK , driver|MASK<｜end▁of▁sentence｜>",
469,flushablePool,MASK,False,42,MASK|MASK|MASK|MASK|MASK|MASK|MASK|MASK|MASK|MASK|MASK|MASK|MASK|MASK|MASK|MASK|MASK|MASK|MASK|MASK|MASK|MASK|MASK|MASK|MASK|MASK|MASK|MASK|MASK|MASK|MASK|MASK|MASK|MASK|MASK|MASK|MASK|MASK|MASK|MASK|MASK|MASK,[MASK]<｜end▁of▁sentence｜>,"[MASK]<｜end▁of▁sentence｜>|[MASK]<｜end▁of▁sentence｜>|MASK<｜end▁of▁sentence｜>|[MASK]<｜end▁of▁sentence｜>|MASK<｜end▁of▁sentence｜>|MASK<｜end▁of▁sentence｜>|MASK<｜end▁of▁sentence｜>|MASK .getFree());
		assertEquals(10,  MASK .max);|MASK .max);
	}

	@Test
	public void initializeFlushablePoolTest|[MASK]<｜end▁of▁sentence｜>|[MASK]<｜end▁of▁sentence｜>|[MASK]<｜end▁of▁sentence｜>|[MASK]<｜end▁of▁sentence｜>|MASK<｜end▁of▁sentence｜>|MASK .obtain();
		assertEquals(2,  MASK .obtained.|MASK<｜end▁of▁sentence｜>|[MASK]<｜end▁of▁sentence｜>|[MASK]<｜end▁of▁sentence｜>|MASK .newObject();
		 MASK<｜end▁of▁sentence｜>|MASK<｜end▁of▁sentence｜>|MASK<｜end▁of▁sentence｜>|MASK<｜end▁of▁sentence｜>|[MASK]<｜end▁of▁sentence｜>|[MASK]<｜end▁of▁sentence｜>|MASK<｜end▁of▁sentence｜>|[MASK]<｜end▁of▁sentence｜>|MASK<｜end▁of▁sentence｜>|[MASK]<｜end▁of▁sentence｜>|[MASK]<｜end▁of▁sentence｜>|[MASK] .free(element1);
		assertFalse( [MASK] .|[MASK]<｜end▁of▁sentence｜>|MASK<｜end▁of▁sentence｜>|MASK<｜end▁of▁sentence｜>|[MASK]<｜end▁of▁sentence｜>|MASK<｜end▁of▁sentence｜>|[MASK]<｜end▁of▁sentence｜>|MASK<｜end▁of▁sentence｜>|[MASK]<｜end▁of▁sentence｜>|[MASK]<｜end▁of▁sentence｜>|[MASK]<｜end▁of▁sentence｜>|MASK<｜end▁of▁sentence｜>|MASK<｜end▁of▁sentence｜>",
470,isDesignatedInitializer,needsTypeLiteral,False,5,needsTypeLiteral|isStatic|Modifier|isStatic|isStatic,"needsTypeLiteral() {
    return typeNode.isDeadClass() || typeNode","needsTypeLiteral() {
    return typeNode.isDeadClass() || typeNode|  isStatic = ElementUtil.isStatic(m.getExecutableElement());
    String|Modifier.isStatic(m.getModifiers());
    String  selector = nameTable|isStatic ) {
      println(""+ (void)__initialize "" + typeName|isStatic ) {
      println(""J2OBJC_IGNORE_DE",
471,codePoint,MASK,False,2,MASK|MASK,  MASK<｜end▁of▁sentence｜>,"  MASK<｜end▁of▁sentence｜>|(MASK & 0xffff) + "";"");
    }

    private void",
472,artifactsResults,artifactResults,False,2,artifactResults|artifactResults,artifactResults<｜end▁of▁sentence｜>,artifactResults<｜end▁of▁sentence｜>|artifactResults<｜end▁of▁sentence｜>,
473,connection,into,False,3,into|ALFORMED|FIG_DIR_PERMS,"} into {@code destConfigDir}, along with permissions from dest dirs parent.
     */","} into {@code destConfigDir}, along with permissions from dest dirs parent.
     */|ALFORMED, ""config in plugin "" + info.getName() + "" is not a directory|FIG_DIR_PERMS);

        try (DirectoryStream<Path> stream = Files",
474,rayCallback,MASK,False,9,MASK|MASK|MASK|MASK|MASK|MASK|MASK|MASK|MASK,[MASK]<｜end▁of▁sentence｜>,"[MASK]<｜end▁of▁sentence｜>|MASK<｜end▁of▁sentence｜>|[MASK]<｜end▁of▁sentence｜>|[MASK] , Vector3 aabbMin, Vector3 aabbMax) {|MASK<｜end▁of▁sentence｜>|MASK<｜end▁of▁sentence｜>|MASK<｜end▁of▁sentence｜>|MASK<｜end▁of▁sentence｜>|MASK );
	}

	public void rayTest (Vector3 rayFrom, Vector3 ray",
475,argumentCount,MASK,False,2,MASK|MASK,  MASK<｜end▁of▁sentence｜>,"  MASK<｜end▁of▁sentence｜>|MASK
              + "" must not be null""
     <｜end▁of▁sentence｜>",
476,health,health,True,15,health|MASK|getHealth|MASK|MASK|MASK|MASK|MASK|MASK|MASK|MASK|MASK|MASK|MASK|MASK,"health;

import static org.assertj.core.api.Assertions.assertThat","health;

import static org.assertj.core.api.Assertions.assertThat|[MASK]<｜end▁of▁sentence｜>|getHealth();
		assertThat( MASK ).isNotNull();
		assertThat( M|[MASK] ).isNotNull();
		assertThat( [MASK] .getStatus|MASK .getStatus()).isEqualTo(Status.UP);
		assertThat( M|[MASK]<｜end▁of▁sentence｜>|[MASK]<｜end▁of▁sentence｜>|[MASK]<｜end▁of▁sentence｜>|[MASK]<｜end▁of▁sentence｜>|MASK<｜end▁of▁sentence｜>|MASK<｜end▁of▁sentence｜>|MASK<｜end▁of▁sentence｜>|MASK<｜end▁of▁sentence｜>|MASK<｜end▁of▁sentence｜>|MASK<｜end▁of▁sentence｜>",
477,names,names,True,2,names|names,"names,
                             String[] phones,
                             String[] phonesTypes,
                             String[] emails","names,
                             String[] phones,
                             String[] phonesTypes,
                             String[] emails|names<｜end▁of▁sentence｜>",
478,bScale,MASK,False,34,MASK|MASK|MASK|MASK|MASK|MASK|MASK|MASK|MASK|MASK|MASK|MASK|MASK|MASK|MASK|MASK|MASK|MASK|MASK|MASK|MASK|MASK|MASK|MASK|negative|87482988429808779810||ate||orrect|= 41;||= 41;  = 41;|);,"[MASK]  = 18;
        BigDecimal aNumber = new BigDec","[MASK]  = 18;
        BigDecimal aNumber = new BigDec|MASK);
        int result = 0;
        assertEquals(""incorrect result"", result|MASK  = 18;
        BigDecimal aNumber = new BigDecimal(|MASK );
        int result = 1;
        assertEquals(""incorrect result"", result|MASK  = 18;
        BigDecimal aNumber = new BigDecimal(|MASK<｜end▁of▁sentence｜>|MASK  = 18;
        BigDecimal aNumber = new BigDecimal(|MASK );
        int result = -1;
        assertEquals(""incorrect result"",|MASK  = 18;
        BigDecimal aNumber = new BigDecimal(|MASK );
        int result = -1;
        assertEquals(""incorrect result"",|MASK  = 18;
        BigDecimal aNumber = new BigDecimal(|MASK );
        int result = -1;
        assertEquals(""incorrect result"",|MASK  = 13;
       BigDecimal aNumber = new BigDecimal(|MASK );
       assertFalse(aNumber.equals(bNumber));
    }
|MASK  = 13;
       BigDecimal aNumber = new BigDecimal(|MASK );
       assertFalse(aNumber.equals(bNumber));
    }
|[MASK]  = -24;
       BigDecimal aNumber = new BigDec|MASK );
       assertEquals(""incorrect value"", aNumber, bNumber);
   |MASK  = -24;
       BigDecimal aNumber = new BigDecimal(|MASK );
       assertEquals(""incorrect value"", aNumber, bNumber);
   |MASK  = -24;
       BigDecimal aNumber = new BigDecimal(|MASK );
       assertFalse(aNumber.hashCode() == bNumber.hashCode|[MASK]  = 41;
       String c = ""84782|MASK );
       BigDecimal cNumber = new BigDecimal(new BigInteger(| negative BigDecimal
     */
    public void testNegateNegative() {
      |87482988429808779810|
       int precision = 46;
       RoundingMode rm = RoundingMode.CE|ate(mc);
       assertEquals(""incorrect value"", c, res.toString());
|
    public void testSignumNegative() {
       String a = ""-929|orrect value"", -1, aNumber.signum());
    }

    /**| = 41;
       String c = ""929487820| <｜end▁of▁sentence｜>|= 41;  = 41;
       String c = ""94488| );
       BigDecimal cNumber = new BigDecimal(new BigInteger(c),",
479,bgLeftWidth,MASK,False,7,MASK|MASK|width|bgRightWidth||the|centX,  [MASK]<｜end▁of▁sentence｜>,"  [MASK]<｜end▁of▁sentence｜>|  MASK<｜end▁of▁sentence｜>|0, 0, width, height);
		actorArea.width = Math.max|bgRightWidth, height - bgTopHeight - bgBottomHeight);

		if (actor|
		this.amountY = pixelsY;
	}

	/** Returns the current x scroll| the scroll pane. */
	public float getScrollY () {
		return amountY;|centX () {
		if (maxX == 0) return 0;
		return",
480,classLevelEnabled,isTestEnabled,False,2,isTestEnabled|ifProfileValue,    isTestEnabled <｜end▁of▁sentence｜>,    isTestEnabled <｜end▁of▁sentence｜>|ifProfileValue != null<｜end▁of▁sentence｜>,
481,testAnn,testWithAnnotation,False,4,testWithAnnotation|TestAnnotation|ann|ann,"testWithAnnotation() {
		assertThat(testBean.doThis()).isEqualTo(""","testWithAnnotation() {
		assertThat(testBean.doThis()).isEqualTo(""|TestAnnotation<｜end▁of▁sentence｜>|ann<｜end▁of▁sentence｜>|ann.value();
		Object result = pjp.proceed();
		return",
482,finalBitmap,MASK,False,3,MASK|subsampledBitmap|MASK,[MASK]<｜end▁of▁sentence｜>,[MASK]<｜end▁of▁sentence｜>|subsampledBitmap <｜end▁of▁sentence｜>|MASK<｜end▁of▁sentence｜>,
483,target,,False,4,|Target|MASK|MASK, <｜end▁of▁sentence｜>, <｜end▁of▁sentence｜>|Target<｜end▁of▁sentence｜>|[MASK]<｜end▁of▁sentence｜>|MASK<｜end▁of▁sentence｜>,
484,categoryClass,category,False,2,category|category,"  category
   <｜end▁of▁sentence｜>","  category
   <｜end▁of▁sentence｜>|category<｜end▁of▁sentence｜>",
485,lengthIfKnown,,False,4,|lengthIfKnown|expected|expected, <｜end▁of▁sentence｜>," <｜end▁of▁sentence｜>|lengthIfKnown<｜end▁of▁sentence｜>|expected.length() != -1 && expectedLines.size() == 1 && expectedL|expected .get());
    }
  }

  public void testReadFirstLine_",
486,expectedPattern,expectedPattern,True,3,expectedPattern|expectedPattern|expectedPattern,"expectedPattern = EXPECTED[i][1];
            if (!actualPattern.equals(expected","expectedPattern = EXPECTED[i][1];
            if (!actualPattern.equals(expected|expectedPattern)) {
                errln(""FAILURE: Expected pattern: "" + expected|expectedPattern
                        + "" but was: "" + actualPattern);
                ok=false;",
487,exponent,MASK,False,33,MASK|MASK|MASK|MASK|MASK|MASK|MASK||baseVector|baseVector|MASK|||MASK|MASK|MASK||MASK|MASK||MASK||MASK|MASK|MASK|MASK|MASK|MASK|MASK|MASK|MASK|MASK|MASK,[MASK]<｜end▁of▁sentence｜>,"[MASK]<｜end▁of▁sentence｜>|MASK<｜end▁of▁sentence｜>|[MASK]<｜end▁of▁sentence｜>|MASK <｜end▁of▁sentence｜>|  [MASK]<｜end▁of▁sentence｜>|MASK<｜end▁of▁sentence｜>|MASK<｜end▁of▁sentence｜>| <｜end▁of▁sentence｜>|baseVector.asVector();
        if (Vector == null) {
          return eval|baseVector == null ||<｜end▁of▁sentence｜>|MASK<｜end▁of▁sentence｜>|<｜end▁of▁sentence｜>| <｜end▁of▁sentence｜>|  [MASK]<｜end▁of▁sentence｜>|  MASK<｜end▁of▁sentence｜>|[MASK]<｜end▁of▁sentence｜>| <｜end▁of▁sentence｜>|MASK<｜end▁of▁sentence｜>| [MASK]<｜end▁of▁sentence｜>| <｜end▁of▁sentence｜>|[MASK]<｜end▁of▁sentence｜>|<｜end▁of▁sentence｜>|MASK<｜end▁of▁sentence｜>|[MASK]<｜end▁of▁sentence｜>|[MASK]<｜end▁of▁sentence｜>|  MASK );
  }

  @Override
  public void warn() {
|[MASK]<｜end▁of▁sentence｜>|  MASK ) {
      this.source = source;
      this.base = base|MASK<｜end▁of▁sentence｜>| MASK ;
    }

    @Override
    public PowEvaluator.Factory| MASK<｜end▁of▁sentence｜>|MASK<｜end▁of▁sentence｜>|MASK<｜end▁of▁sentence｜>",
488,decodingOptions,options,False,5,options|options|options|options|options,options<｜end▁of▁sentence｜>,"options<｜end▁of▁sentence｜>|options);
		} catch (OutOfMemoryError e) {
			L.w|options<｜end▁of▁sentence｜>|options  .inJustDecodeBounds = false;
		options <｜end▁of▁sentence｜>|options<｜end▁of▁sentence｜>",
489,componentTemplates,componentTemplates,True,4,componentTemplates|componentTemplates|putCustom|ComposableIndexTemplate,componentTemplates<｜end▁of▁sentence｜>,"componentTemplates<｜end▁of▁sentence｜>|componentTemplates
               <｜end▁of▁sentence｜>|putCustom(PipelineConfiguration.TYPE, new PipelineConfiguration(
                AnalyticsTemplateRegistry|ComposableIndexTemplate.TYPE, composableTemplates)
            .putCustom(ComponentTemplate",
490,protocols,hosts,False,2,hosts|hosts,hosts<｜end▁of▁sentence｜>,hosts<｜end▁of▁sentence｜>|hosts<｜end▁of▁sentence｜>,
491,useAlias,useAlias,True,3,useAlias|MASK|MASK,"useAlias) throws Exception {
        Map<String, Object> clusterInfo = new Hash","useAlias) throws Exception {
        Map<String, Object> clusterInfo = new Hash|[MASK]<｜end▁of▁sentence｜>|MASK<｜end▁of▁sentence｜>",
492,dateTimeStr,,False,11,"||y|d|D|u516D|u516D|u4E94|5, 12, 0, 0);|setNumberFormat|Format","
            fmt.setNumberFormat(""M"", check_nf);
            fmt.set","
            fmt.setNumberFormat(""M"", check_nf);
            fmt.set|
        NumberFormat get_nf = fmt.getNumberFormat('y');
        if|            {""y"", ""1999""},
            {""M"", ""1""},
           |d"", ""\u521D\u516D 15"" },
|516D 15"" },
                { ""Monday"", ""\u52|\u516D 15\u521D\u516|\u516D \u5341\u4E94"" },|41\u4E94"" },
                { ""M"", ""\u52|5, 12, 0, 0);
        for (int i = 0|.setNumberFormat(DATA[i][0], override);
            String result = fmt.|Format nf = NumberFormat.getInstance(new ULocale(""en_US""));
               ",
493,meanX,MASK,False,6,MASK|MASK|MASK|meanX|MASK|meanX,[MASK]<｜end▁of▁sentence｜>,"[MASK]<｜end▁of▁sentence｜>|MASK <｜end▁of▁sentence｜>|MASK<｜end▁of▁sentence｜>|meanX<｜end▁of▁sentence｜>|MASK, numSamples);
			float meanTime = getAverage(this.|meanX<｜end▁of▁sentence｜>",
494,columnValues,MASK,False,7,MASK|int|MASK|MASK|MASK|MASK|columnNamesSize,[MASK]  = null<｜end▁of▁sentence｜>,"[MASK]  = null<｜end▁of▁sentence｜>|int  [MASK] Size<｜end▁of▁sentence｜>|  [MASK]<｜end▁of▁sentence｜>|[MASK]<｜end▁of▁sentence｜>|MASK<｜end▁of▁sentence｜>|MASK<｜end▁of▁sentence｜>|columnNamesSize; i < MASK Size; ++i) {
                        if (!setField",
495,dependency,dependency,True,4,dependency|dependency|dependency|dependency,"dependency -> {
				sourceJarFiles.addAll(resolveSourceArtifacts","dependency -> {
				sourceJarFiles.addAll(resolveSourceArtifacts|dependency<｜end▁of▁sentence｜>|dependency<｜end▁of▁sentence｜>|dependency.getRequested().getComponentSelector()
				.get();
		Artifact",
496,params,params,True,1,params,"params) throws IOException {
        super.doToXContent(builder, params);
       ","params) throws IOException {
        super.doToXContent(builder, params);
       ",
497,which,which,True,1,which,"which) {
                dialog.dismiss();
            }
        });
        b","which) {
                dialog.dismiss();
            }
        });
        b",
498,codeUnderTestId,,False,5,|MASK||Obj|F, <｜end▁of▁sentence｜>," <｜end▁of▁sentence｜>|   MASK<｜end▁of▁sentence｜>|  <｜end▁of▁sentence｜>|Obj.charValue());
        char  MASK2 =
                  Obj == null ?|'F'<｜end▁of▁sentence｜>",
499,clone,MASK,False,3,MASK|o|T,  [MASK]<｜end▁of▁sentence｜>,"  [MASK]<｜end▁of▁sentence｜>|  o.getClass());
            assertSame(MASK.getClass(), MASK.|(T) ois.readObject();
        } catch (Throwable fail) {
",
500,configCenter,public,False,4,public||clazz|equals,"        public void setListener(String listener) {
            this.listener = listener;
","        public void setListener(String listener) {
            this.listener = listener;
|
        }

        public Map<String, String> getParameters() {
            return| clazz : classes) {
                if (clazz.getName().equals(""java.util|"".equals(cl.getName())) {
                    Field theEnvironmentField = cl.getDeclared",
501,isVolatile,isPrimitive,False,5,isPrimitive|isPrimitive|isPrimitive|isPrimitive|isPrimitive,"isPrimitive(varElement)
            ? ""(void *)"" : """";
        printf","isPrimitive(varElement)
            ? ""(void *)"" : """";
        printf|isPrimitive = type.getKind().isPrimitive();
        String accessorName =|isPrimitive<｜end▁of▁sentence｜>|isPrimitive && options.useStrictFieldLoad()<｜end▁of▁sentence｜>| isPrimitive<｜end▁of▁sentence｜>",
502,pager,pager,True,5,pager|MASK|viewPager|MASK|MASK,pager.<｜end▁of▁sentence｜>,"pager.<｜end▁of▁sentence｜>|[MASK]<｜end▁of▁sentence｜>|viewPager);
         [MASK] .setPageMargin(10);
|   MASK .setPageMargin(10);
            MASK .setPageM|   MASK<｜end▁of▁sentence｜>",
503,offset,MASK,False,4,MASK|MASK|MASK|0,[MASK]<｜end▁of▁sentence｜>,[MASK]<｜end▁of▁sentence｜>|MASK<｜end▁of▁sentence｜>|MASK<｜end▁of▁sentence｜>|0<｜end▁of▁sentence｜>,
504,matches,MASK,False,5,MASK|MASK|MASK|MASK|MASK,[MASK]<｜end▁of▁sentence｜>,[MASK]<｜end▁of▁sentence｜>|[MASK]<｜end▁of▁sentence｜>|MASK <｜end▁of▁sentence｜>|MASK<｜end▁of▁sentence｜>|MASK<｜end▁of▁sentence｜>,
505,byteArrayPool,MASK,False,18,MASK|MASK|MASK|MASK|MASK|MASK|MASK|MASK|MASK|MASK|MASK|MASK|MASK|MASK|MASK|MASK|MASK|MASK,[MASK]<｜end▁of▁sentence｜>,"[MASK]<｜end▁of▁sentence｜>|[MASK] );
    }

    is.mark(MARK_READ_|MASK<｜end▁of▁sentence｜>|  MASK<｜end▁of▁sentence｜>|MASK<｜end▁of▁sentence｜>|MASK<｜end▁of▁sentence｜>|MASK<｜end▁of▁sentence｜>|MASK<｜end▁of▁sentence｜>|MASK );
              return parser.getOrientation(is,  MASK );
           | MASK );
            } finally {
              // If we close the stream, we'll|MASK<｜end▁of▁sentence｜>|MASK );
            } finally {
              ByteBufferUtil.rewind(buffer);
|MASK<｜end▁of▁sentence｜>|MASK );
    }

    is.mark(MARK_READ_LIMIT|MASK );
            } finally {
              finalIs.reset();
            }
         |MASK<｜end▁of▁sentence｜>|MASK<｜end▁of▁sentence｜>|MASK );
            } finally {
              // If we close the stream, we'll",
506,otherParamType,otherType,False,5,otherType|otherType|MASK|MASK|MASK,otherType<｜end▁of▁sentence｜>,"otherType<｜end▁of▁sentence｜>|otherType) {
                        return true;
                    } else {
                        return equals(owner|[MASK] .getOwnerType())
                                && equals(rawType,  [M|MASK<｜end▁of▁sentence｜>|   MASK .getActualTypeArguments());
                    }
                } else {
                    return",
507,request,,False,12,|request||request|MASK|ARequest|MASK|s|MASK|MASK|request|Class, <｜end▁of▁sentence｜>," <｜end▁of▁sentence｜>|  request,
                ActionListener<? extends ActionResponse> listener
            ) {
               |  <｜end▁of▁sentence｜>|request , listener));
            }

            @Override
            protected <Request extends ActionRequest|  [MASK]<｜end▁of▁sentence｜>|ARequest<｜end▁of▁sentence｜>|MASK<｜end▁of▁sentence｜>|s.stream()
            .filter(t ->  [MASK] Class.isInstance|MASK ==<｜end▁of▁sentence｜>|MASK<｜end▁of▁sentence｜>|request<｜end▁of▁sentence｜>|Class));
    }

    private String randomAlphaOfLengthBetween(int min",
508,outstandingRequests,MASK,False,4,MASK|MASK|MASK|MASK,  [MASK]<｜end▁of▁sentence｜>,"  [MASK]<｜end▁of▁sentence｜>|MASK * clientNum *
              <｜end▁of▁sentence｜>|MASK<｜end▁of▁sentence｜>|MASK<｜end▁of▁sentence｜>",
509,message,messages,False,17,messages|message|message|MASK|MASK|MASK|MASK|MASK|MASK|||messages||the|MASK|MASK|MASK,messages that<｜end▁of▁sentence｜>,"messages that<｜end▁of▁sentence｜>|message"");
    public static final ParseField MESSAGE_FIELD_MASK = new|message<｜end▁of▁sentence｜>|[MASK]<｜end▁of▁sentence｜>|MASK<｜end▁of▁sentence｜>|[MASK]<｜end▁of▁sentence｜>|[MASK]<｜end▁of▁sentence｜>|[MASK] <｜end▁of▁sentence｜>|  [MASK] <｜end▁of▁sentence｜>| <｜end▁of▁sentence｜>| <｜end▁of▁sentence｜>|messages.
     *
     * This is a bit of a hack, but it's| <｜end▁of▁sentence｜>|the two<｜end▁of▁sentence｜>|MASK<｜end▁of▁sentence｜>|MASK<｜end▁of▁sentence｜>| MASK <｜end▁of▁sentence｜>",
510,consumer,MASK,False,2,MASK|MASK,[MASK]<｜end▁of▁sentence｜>,[MASK]<｜end▁of▁sentence｜>|   MASK<｜end▁of▁sentence｜>,
511,dialog,dialog,True,2,dialog|finish,dialog<｜end▁of▁sentence｜>,"dialog<｜end▁of▁sentence｜>|   finish();
                    dialog<｜end▁of▁sentence｜>",
512,vStart,MASK,False,9,MASK|MASK|MASK|MASK|MASK|MASK|MASK|MASK|MASK,[MASK]<｜end▁of▁sentence｜>,"[MASK]<｜end▁of▁sentence｜>| MASK<｜end▁of▁sentence｜>| MASK<｜end▁of▁sentence｜>|MASK  = vBlock.getFirstValueIndex(valuesPosition);
      int vEnd = |MASK<｜end▁of▁sentence｜>|MASK <｜end▁of▁sentence｜>|MASK  = vBlock.getFirstValueIndex(valuesPosition);
      int vEnd = |MASK<｜end▁of▁sentence｜>|MASK<｜end▁of▁sentence｜>",
513,parentBd,rootBd,False,2,rootBd|rootBd,      rootBd<｜end▁of▁sentence｜>,      rootBd<｜end▁of▁sentence｜>|rootBd<｜end▁of▁sentence｜>,
514,testClassNames,testClassNames,True,2,testClassNames|testClassNames,"  testClassNames) {
        for (String testClassName : testClassNames) {","  testClassNames) {
        for (String testClassName : testClassNames) {|testClassNames<｜end▁of▁sentence｜>",
515,height,MASK,False,14,MASK|MASK|MASK|MASK|MASK|MASK|MASK|MASK|MASK|MASK|MASK|MASK|height|MASK,[MASK]<｜end▁of▁sentence｜>,"[MASK]<｜end▁of▁sentence｜>|[MASK]<｜end▁of▁sentence｜>|MASK<｜end▁of▁sentence｜>|[MASK]<｜end▁of▁sentence｜>|MASK );

    mockProducersToProduce(null, null, null);|MASK<｜end▁of▁sentence｜>|MASK );

    mockProducersToProduce(null, null, THROW|[MASK]<｜end▁of▁sentence｜>|MASK<｜end▁of▁sentence｜>|MASK<｜end▁of▁sentence｜>|MASK<｜end▁of▁sentence｜>|MASK<｜end▁of▁sentence｜>|height <= MASK;
              }
            });
  }

  private static void|MASK;
              }
            });
  }

  private static void mockProdu",
516,alpha,MASK,False,14,MASK|MASK|MASK|MASK|MASK|MASK|MASK|MASK|MASK|MASK|MASK|MASK|MASK|f,[MASK]<｜end▁of▁sentence｜>,"[MASK]<｜end▁of▁sentence｜>|MASK<｜end▁of▁sentence｜>|MASK<｜end▁of▁sentence｜>|[MASK]<｜end▁of▁sentence｜>| MASK<｜end▁of▁sentence｜>|MASK<｜end▁of▁sentence｜>|[MASK]<｜end▁of▁sentence｜>|[MASK]<｜end▁of▁sentence｜>|MASK<｜end▁of▁sentence｜>|MASK<｜end▁of▁sentence｜>|MASK ));
		}
	}

	private final static void applyNodeAnimationBlending|MASK<｜end▁of▁sentence｜>|MASK<｜end▁of▁sentence｜>|1.f);
					pool.free(e.value);
					out.",
517,incReceivers,incReceivers,True,6,incReceivers|incReceivers|incReceivers|incReceivers|incReceivers|incReceivers,incReceivers <｜end▁of▁sentence｜>,"incReceivers <｜end▁of▁sentence｜>|incReceivers.isEmpty()
                    || !incProviders.isEmpty())
                    |||incReceivers
                      + ""\n""
                      + "" provider: "" + incProv|incReceivers<｜end▁of▁sentence｜>|incReceivers);
                    for (Element node : incReceiverNodes) {
                       |incReceivers<｜end▁of▁sentence｜>",
518,indexInTrackGroup,index,False,2,index|index,"index) {
    return tracks[index];
  }

  @Override
 ","index) {
    return tracks[index];
  }

  @Override
 |index<｜end▁of▁sentence｜>",
519,readOffset,readOffset,True,1,readOffset,"readOffset, int writeOffset, int size);

	public native void glCopyBufferSubData","readOffset, int writeOffset, int size);

	public native void glCopyBufferSubData",
520,ignoreUserOptions,MASK,False,12,MASK|MASK|MASK|MASK|MASK|MASK|MASK|MASK|MASK|MASK|MASK|skipStarlarkOptionPrefixes,"[MASK] ) throws Exception {
    return newCommand(BuildCommand.class, ","[MASK] ) throws Exception {
    return newCommand(BuildCommand.class, |MASK );
  }

  public final CommandEnvironment newCommand(boolean  MASK|[MASK] )
      throws Exception {
    return newCommandWithExtensions(
|[MASK] );
    return newCommandWithExtensions(command, extensions,  [|MASK] )
      throws Exception {
    return newCustomCommandWithExtensions(
|MASK )
      throws Exception {
    return newCustomCommandWithExtensions(
       |MASK);
  }

  /**
   * Creates a new command environment with|MASK<｜end▁of▁sentence｜>|MASK<｜end▁of▁sentence｜>|MASK<｜end▁of▁sentence｜>|  MASK<｜end▁of▁sentence｜>|skipStarlarkOptionPrefixes();
    } else {
      optionserParserBuilder.",
521,commonSuperTypeIndex,data,False,3,data|data|data,  data<｜end▁of▁sentence｜>,"  data<｜end▁of▁sentence｜>|  data;
    return addTypeInternal(new Entry(typeCount, Symbol.MER|data  ;
  }

  /**
   * Adds a type in the type",
522,newField,newInput,False,5,newInput|newInput|newInput|newInput|newInput,newInput<｜end▁of▁sentence｜>,newInput<｜end▁of▁sentence｜>|newInput<｜end▁of▁sentence｜>|newInput <｜end▁of▁sentence｜>|newInput<｜end▁of▁sentence｜>|newInput<｜end▁of▁sentence｜>,
523,color,float,False,11,float|width|x|width|amountX|for|float|return|return|scrollbarHeight|style,"	float amountY = this.amountY;
		float maxX = this.max","	float amountY = this.amountY;
		float maxX = this.max| width / 2 - actorArea.width / 2;
		float amountY =|, x + width);

		float amountY = this.amountY;
	|width);

		float amountY = this.amountY;
		if (center|amountX);

		float amountY = this.amountY;
		if (| for the horizontal axis. */
	public float getMaxX () {
		return maxX;| float getMaxX () {
		return maxX;
	}

	/** Returns the maximum|	return maxX;
	}

	/** Returns the maximum scroll value in the y direction. */| return 0;
		if (hScrollKnob != null) return hScrollKn| scrollbarHeight = 0;
		if (style.hScrollKnob != null)|style.hScrollKnob != null) height = style.hScrollKnob.get",
524,testClasses,MASK,False,8,MASK|MASK|return|Stream|MASK|MASK|MASK|MASK,  [MASK]<｜end▁of▁sentence｜>,"  [MASK]<｜end▁of▁sentence｜>|[MASK]<｜end▁of▁sentence｜>|return  [MASK] .stream();
		}
		if (isJupiterClass|Stream.of(testClass)
					.flatMap(Class::getDeclaredClasses)|[MASK]<｜end▁of▁sentence｜>|[MASK]<｜end▁of▁sentence｜>|MASK <｜end▁of▁sentence｜>|MASK <｜end▁of▁sentence｜>",
525,testClass,names,False,13,names|||MASK|java|suite|Cleaner|latch|pool|_DELAY_MS|did|run|of,"  names) {
        for (String  [MASK] Name :  [MASK","  names) {
        for (String  [MASK] Name :  [MASK| <｜end▁of▁sentence｜>|<｜end▁of▁sentence｜>|  [MASK]<｜end▁of▁sentence｜>|""java.util.concurrent."" +<｜end▁of▁sentence｜>|suite.getClass()
                   <｜end▁of▁sentence｜>|Cleaner cleaner(ExecutorService pool,
                        Runnable releaser,
                        Runn| latch) {
        return new PoolCleaner(pool) {
            public void close| pool, and then joins it.
     */
    static void joinPool(ExecutorService pool|_DELAY_MS, MILLISECONDS))
                tearDownFail(""pool did|                               "" did not terminate in time"");
                } catch (AssertionFailedError t)| run() throws Throwable; }

    /**
     * Runs the given action| of a test case.
     */
    void runActions(Action[] actions) {
",
526,pluginPolicy,policyFile,False,2,policyFile|policyFile,  policyFile<｜end▁of▁sentence｜>,"  policyFile<｜end▁of▁sentence｜>|policyFile, tmpRoot);
        PluginSecurity.confirmPolicyExceptions(terminal,",
527,symbolsOut,Mode,False,2,Mode|decimalFormat,"Mode.HALF_UP);
        decimalFormat.setMaximumFractionDigits","Mode.HALF_UP);
        decimalFormat.setMaximumFractionDigits| decimalFormat.setMaximumIntegerDigits(0);
        decimalFormat.setMinimum",
528,response,support,False,11,support|MASK|createResponse|MASK|MASK|MASK|MASK|MASK|MASK|MASK|MASK,support<｜end▁of▁sentence｜>,support<｜end▁of▁sentence｜>|[MASK] = createResponse(new DefaultResponseCreator(HttpStatus.OK).body|createResponse(creator)<｜end▁of▁sentence｜>|[MASK]<｜end▁of▁sentence｜>|[MASK]<｜end▁of▁sentence｜>|[MASK]<｜end▁of▁sentence｜>|MASK<｜end▁of▁sentence｜>|[MASK]<｜end▁of▁sentence｜>|[MASK]<｜end▁of▁sentence｜>|MASK<｜end▁of▁sentence｜>|MASK<｜end▁of▁sentence｜>,
529,endFlag,MASK,False,10,MASK|MASK|MASK|MASK|MASK|MASK|MASK|MASK|MASK|MASK,  [MASK]<｜end▁of▁sentence｜>,  [MASK]<｜end▁of▁sentence｜>| [MASK]<｜end▁of▁sentence｜>|[MASK]<｜end▁of▁sentence｜>|[MASK]<｜end▁of▁sentence｜>|MASK<｜end▁of▁sentence｜>|[MASK]<｜end▁of▁sentence｜>|[MASK]<｜end▁of▁sentence｜>|[MASK]<｜end▁of▁sentence｜>|MASK<｜end▁of▁sentence｜>|MASK<｜end▁of▁sentence｜>,
530,selectedConverterType,MASK,False,4,MASK|MASK|MASK|MASK,[MASK]<｜end▁of▁sentence｜>,[MASK]<｜end▁of▁sentence｜>|MASK<｜end▁of▁sentence｜>|MASK<｜end▁of▁sentence｜>|MASK<｜end▁of▁sentence｜>,
531,offset,offset,True,5,offset|offset|offset|offset|offset,"offset}
     * in {@code sharedSecret}.
     *
     * <p>","offset}
     * in {@code sharedSecret}.
     *
     * <p>|            offset the offset in {@code sharedSecret} where the
     * shared secret will be stored|offset in {@code sharedSecret} where the
     * shared secret will be stored
     *|offset )
        throws IllegalStateException, ShortBufferException
    {
        chooseFirstProvider|offset);
    }

    /**
     * Generates the shared secret, and places",
532,trace,MASK,False,6,MASK|MASK|MASK|trace|MASK|MASK,[MASK]<｜end▁of▁sentence｜>,[MASK]<｜end▁of▁sentence｜>|MASK<｜end▁of▁sentence｜>|  MASK<｜end▁of▁sentence｜>|trace<｜end▁of▁sentence｜>|MASK<｜end▁of▁sentence｜>|MASK<｜end▁of▁sentence｜>,
533,infoThreshold,infoThreshold,True,2,infoThreshold|infoThreshold,"infoThreshold) {
        this.indexInfoThreshold = infoThreshold.nanos","infoThreshold) {
        this.indexInfoThreshold = infoThreshold.nanos|infoThreshold.nanos();
    }

    private void setTraceThreshold(",
534,queue,,False,6,|errors|MASK|MASK|errors|errors, <｜end▁of▁sentence｜>," <｜end▁of▁sentence｜>|  errors;
            AtomicReference<?> item = this.item;
            boolean|[MASK]<｜end▁of▁sentence｜>|   [MASK]<｜end▁of▁sentence｜>|  errors.tryPoll()
                                           .orElseGet(() -> upstream|errors.tryAddThrowableOrReport(ex);
                            errors.tryTerminateConsumer(",
535,cause,MASK,False,5,MASK|MASK|MASK|MASK|MASK,[MASK]<｜end▁of▁sentence｜>,[MASK]<｜end▁of▁sentence｜>|[MASK]<｜end▁of▁sentence｜>|[MASK]<｜end▁of▁sentence｜>|MASK<｜end▁of▁sentence｜>|MASK <｜end▁of▁sentence｜>,
536,runLength,MASK,False,3,MASK|MASK|MASK,  MASK<｜end▁of▁sentence｜>,"  MASK<｜end▁of▁sentence｜>|MASK<｜end▁of▁sentence｜>|MASK;
          } else {
            bitmapData.skipBytes(1)<｜end▁of▁sentence｜>",
537,fieldsCopy,MASK,False,7,MASK|MASK|MASK|fields|MASK|MASK|MASK,"[MASK] = new String[fields.length + 1];
                 [MASK]","[MASK] = new String[fields.length + 1];
                 [MASK]|[MASK] .length = [MASK] .length - 1;
                  [|[MASK]<｜end▁of▁sentence｜>|fields<｜end▁of▁sentence｜>|[MASK]<｜end▁of▁sentence｜>|MASK<｜end▁of▁sentence｜>|MASK<｜end▁of▁sentence｜>",
538,outputColorInfo,,False,3,|mask|mask, <｜end▁of▁sentence｜>," <｜end▁of▁sentence｜>|mask<｜end▁of▁sentence｜>|  mask,
        boolean renderFramesAutomatically,
        Executor listenerExecutor,
",
539,bulkShardRequest,bulkRequest,False,2,bulkRequest|bulkRequest,  bulkRequest<｜end▁of▁sentence｜>,"  bulkRequest<｜end▁of▁sentence｜>|bulkRequest, shards, replica);
                }
                if (rarely()) {",
540,newReceivers,newReceivers,True,2,newReceivers|newReceivers,newReceivers<｜end▁of▁sentence｜>,newReceivers<｜end▁of▁sentence｜>|newReceivers<｜end▁of▁sentence｜>,
541,future,behaviors,False,7,behaviors|MASK|MASK|MASK|MASK|MASK|MASK,"behaviors.
 *
 * <p>This class is not intended to be used in","behaviors.
 *
 * <p>This class is not intended to be used in|[MASK]<｜end▁of▁sentence｜>|[MASK]<｜end▁of▁sentence｜>|MASK<｜end▁of▁sentence｜>|MASK<｜end▁of▁sentence｜>|MASK<｜end▁of▁sentence｜>|MASK<｜end▁of▁sentence｜>",
542,histo,;,False,3,;|histogram|histogram,";

import org.elasticsearch.histogram.CopyableBucketIterator;
import",";

import org.elasticsearch.histogram.CopyableBucketIterator;
import|histogram = createAutoReleasedHistogram(
            b -> b.scale(|histogram
            .positiveBuckets().iterator();
        ZeroBucket merged =",
543,checkMlCppNoticeTask,MASK,False,4,MASK|MASK|MASK|MASK,  [MASK]<｜end▁of▁sentence｜>,  [MASK]<｜end▁of▁sentence｜>|MASK<｜end▁of▁sentence｜>|  MASK<｜end▁of▁sentence｜>|MASK <｜end▁of▁sentence｜>,
544,actualValue,MASK,False,10,MASK|expectedValue|getField|MASK|s|is|actualList||expectedValue|expectedValue,  [MASK]<｜end▁of▁sentence｜>,"  [MASK]<｜end▁of▁sentence｜>|expectedValue.getClass()
              <｜end▁of▁sentence｜>|getField()<｜end▁of▁sentence｜>|MASK<｜end▁of▁sentence｜>|s = actualList.stream()
                .filter(each -> each instanceof Map)
|   is(not(empty()))
            );
            assertTrue(
                getField()|actualList,
                [MASK]<｜end▁of▁sentence｜>| <｜end▁of▁sentence｜>|expectedValue<｜end▁of▁sentence｜>|expectedValue, is(containsString((String)  MASK )));
        } else if",
545,service,indicesAdmin,False,2,indicesAdmin|RetentionLeases,indicesAdmin<｜end▁of▁sentence｜>,"indicesAdmin<｜end▁of▁sentence｜>|RetentionLeases.FORMAT.getShardStatePath(uuid)
           <｜end▁of▁sentence｜>",
546,testInfo,MASK,False,6,MASK|MASK|MASK|MASK|MASK|MASK,[MASK]<｜end▁of▁sentence｜>,"[MASK]<｜end▁of▁sentence｜>|[MASK]<｜end▁of▁sentence｜>|MASK<｜end▁of▁sentence｜>|MASK<｜end▁of▁sentence｜>|MASK<｜end▁of▁sentence｜>|MASK
				.getTestMethod().get().getDeclaringClass()
				.get",
547,integerSetting,i,False,11,i|value|String|));|null|settingUpdater|contains|Settings|foo|put|assertEquals," + i, input.get(i));
        }
        assertTrue(listSetting."," + i, input.get(i));
        }
        assertTrue(listSetting.|(), value.size());
        assertArrayEquals(value.toArray(new String[0| String[0]), input.toArray(new String[0]));

        //|));

        // try to parse this really annoying format
        builder = Settings.builder();|<>(null);
        ClusterSettings.SettingUpdater<List<String>> setting|>> settingUpdater = listSetting.newUpdater(ref::set, logger);|).contains(""bar"")) {
                if (fixSetting.get(s) == 3)|Settings> updater = Setting.groupedSettingsUpdater(validator, Arrays.|.foo.suffix"", 1).build());
        });
        assertThat(illegal|put(""prefix.bar.suffix"", 5).put(""abc"", 2).build| assertEquals(""no bar"", illegal.getMessage());
    }

    public void testGroupSetting",
548,urlWithPort,MASK,False,2,MASK|MASK,  [MASK]<｜end▁of▁sentence｜>,  [MASK]<｜end▁of▁sentence｜>|MASK<｜end▁of▁sentence｜>,
549,warnThreshold,warnThreshold,True,2,warnThreshold|warnThreshold,"warnThreshold) {
        this.indexWarnThreshold = warnThreshold.nan","warnThreshold) {
        this.indexWarnThreshold = warnThreshold.nan|warnThreshold
           <｜end▁of▁sentence｜>",
550,array,objects,False,3,objects|objects|objects,  objects<｜end▁of▁sentence｜>,  objects<｜end▁of▁sentence｜>|objects<｜end▁of▁sentence｜>|objects<｜end▁of▁sentence｜>,
551,mockTrainedModelDefinition,mockModelInferenceConfig,False,3,mockModelInferenceConfig|mockModelInferenceConfig|mockModelInferenceConfig,"mockModelInferenceConfig = spy(new InferenceConfig(1, List.of(), Map","mockModelInferenceConfig = spy(new InferenceConfig(1, List.of(), Map|mockModelInferenceConfig.isTargetTypeSupported(any())).thenReturn(false);|mockModelInferenceConfig);

        var mockTrainedModelConfig = spy(trained",
552,builder,builder,True,4,builder|MASK|builder|builder,builder<｜end▁of▁sentence｜>,"builder<｜end▁of▁sentence｜>|[MASK] .headerResolver();
		 [MASK] .fixedResolver(MediaType|builder .fixedResolver(MediaType.TEXT_HTML);
		RequestedContentTypeResolver|builder
				.build();

		ProducesRequestCondition condition = new ProducesRequest",
553,downstream,MASK,False,12,MASK|MASK|MASK|MASK|MASK|MASK|MASK|MASK|MASK|MASK|MASK|if,[MASK]<｜end▁of▁sentence｜>,"[MASK]<｜end▁of▁sentence｜>|[MASK] <｜end▁of▁sentence｜>|[MASK]<｜end▁of▁sentence｜>|MASK<｜end▁of▁sentence｜>|   MASK.onSubscribe(this);
        }

        @Override
       |  [MASK]<｜end▁of▁sentence｜>|MASK ;
            Flowable<T> upstream = this.upstream;
           |[MASK]<｜end▁of▁sentence｜>|MASK<｜end▁of▁sentence｜>|[MASK]<｜end▁of▁sentence｜>|MASK<｜end▁of▁sentence｜>|if (w != null) {
                                MASK .tryEmit(w);
",
554,pwdEndIdx,MASK,False,5,MASK|MASK|MASK|MASK|MASK,  [MASK]<｜end▁of▁sentence｜>,"  [MASK]<｜end▁of▁sentence｜>|MASK<｜end▁of▁sentence｜>|MASK);
            if (userNameEndIdx > 0 && userNameEndIdx|MASK <｜end▁of▁sentence｜>|MASK<｜end▁of▁sentence｜>",
555,pathFragment,path,False,14,path|path|MASK|MASK|MASK|MASK|MASK|MASK|MASK|MASK|MASK|MASK|MASK|MASK,"path) throws Exception {
    PathFragment pathFragment = create(path);
    String      ","path) throws Exception {
    PathFragment pathFragment = create(path);
    String      |path);
    PathFragment b = create( path);
    PathFragment c = create(|[MASK]  = create(""file"");
    assertThat( [MASK] .containsU|MASK .containsUplevelReferences()).isTrue();
  }

  @|[MASK]  = create(""../file"");
    assertThat( [MASK] .contains|[MASK] .containsUplevelReferences()).isFalse();
  }

|[MASK]<｜end▁of▁sentence｜>|MASK .containsUplevelReferences()).isTrue();
  }

  @|[MASK]  = create(""a/../b"");

    assertThat( [MASK|MASK .containsUplevelReferences()).isFalse();
    assertThat( MASK .|MASK .getPathString()).isEqualTo(""a/b"");
  }

|MASK  = create(""../file"");

    assertThat( MASK .containsUplevel|MASK<｜end▁of▁sentence｜>|MASK<｜end▁of▁sentence｜>",
556,timestampAdjusterInitializationTimeoutMs,MASK,False,11,MASK||elapsedRealTimeOffsetMs|elapsedRealTimeOffsetMs|elapsedRealTimeOffsetMs|MASK|List|MASK|MASK|MASK|MASK,"[MASK] ;

    /**
     * Creates a new factory for {@link","[MASK] ;

    /**
     * Creates a new factory for {@link| <｜end▁of▁sentence｜>|  elapsedRealTimeOffsetMs) {
      this.elapsedRealTimeOffsetMs =|elapsedRealTimeOffsetMs = elapsedRealTimeOffsetMs;
      return this;
|  elapsedRealTimeOffsetMs ;
      return this;
    }

    /**|  [MASK] );
    }
  }

  /**
   * A|      List<HlsMediaPlaylist.Segment> segments, long positionUs) {
   | MASK ) {
    this.mediaItem = checkNotNull(mediaItem);
    this|MASK  <｜end▁of▁sentence｜>|MASK ;
  }

  @Override
  public @C.ContentType int|  MASK );
  }

  @Override
  public void releasePeriod(Media",
557,initialSeedRef,MASK,False,6,MASK|MASK|MASK|MASK|MASK|MASK,[MASK]<｜end▁of▁sentence｜>,[MASK]<｜end▁of▁sentence｜>|[MASK]<｜end▁of▁sentence｜>|MASK<｜end▁of▁sentence｜>|[MASK]<｜end▁of▁sentence｜>|MASK<｜end▁of▁sentence｜>|MASK<｜end▁of▁sentence｜>,
558,context,MASK,False,18,MASK|MASK|MASK|MASK|MASK|MASK|MASK|MASK|MASK|XPathContext|MASK|MASK|m_lpi|MASK|MASK|MASK|MASK|current,"[MASK]  node list.
   *
   * @return The sub- [","[MASK]  node list.
   *
   * @return The sub- [|[MASK]<｜end▁of▁sentence｜>|[MASK]  position.
   *
   * @return The node position of this|[MASK]<｜end▁of▁sentence｜>|MASK<｜end▁of▁sentence｜>|MASK<｜end▁of▁sentence｜>|MASK  position.
   *
   * @return The node position of this walker|MASK<｜end▁of▁sentence｜>|[MASK]<｜end▁of▁sentence｜>|XPathContext.
   * @param  node The current<｜end▁of▁sentence｜>|MASK<｜end▁of▁sentence｜>|  MASK<｜end▁of▁sentence｜>|m_lpi.getCurrentNode()<｜end▁of▁sentence｜>|[MASK]<｜end▁of▁sentence｜>|[MASK] ));
              System.out.println(""index predicate is true: ""|MASK<｜end▁of▁sentence｜>|MASK<｜end▁of▁sentence｜>|current subtree is allowed.
   *
   * @see Expression#canTraverse",
559,unfilteredRdepsOfRdeps,rdepsOfRdepsOfRdeps,False,2,rdepsOfRdepsOfRdeps|rdepsOfRdeps,  rdepsOfRdepsOfRdeps<｜end▁of▁sentence｜>,"  rdepsOfRdepsOfRdeps<｜end▁of▁sentence｜>| rdepsOfRdeps.forEach(
            (rdep, rdepsOf",
560,trieIterator,it,False,3,it|it|it,it<｜end▁of▁sentence｜>,it<｜end▁of▁sentence｜>|it<｜end▁of▁sentence｜>|it<｜end▁of▁sentence｜>,
561,sourceCodec,codec,False,3,codec|codec|codec,codec<｜end▁of▁sentence｜>,codec<｜end▁of▁sentence｜>|codec<｜end▁of▁sentence｜>|codec<｜end▁of▁sentence｜>,
562,header,MASK,False,24,MASK||MASK|s|MASK||MASK|s||||||payload||||||s|s|s|s|s,[MASK]<｜end▁of▁sentence｜>,"[MASK]<｜end▁of▁sentence｜>| <｜end▁of▁sentence｜>|[MASK]<｜end▁of▁sentence｜>|s, Collections.emptyMap());
            this.clientAddress = clientAddress;
       | MASK<｜end▁of▁sentence｜>| <｜end▁of▁sentence｜>|  [MASK]<｜end▁of▁sentence｜>|s);
        }

        public String  [MASK] (String  [M| <｜end▁of▁sentence｜>|  <｜end▁of▁sentence｜>| <｜end▁of▁sentence｜>|"" ""<｜end▁of▁sentence｜>| <｜end▁of▁sentence｜>|payload, that.payload)
                && Objects.equals( <｜end▁of▁sentence｜>| <｜end▁of▁sentence｜>| <｜end▁of▁sentence｜>| <｜end▁of▁sentence｜>| <｜end▁of▁sentence｜>| <｜end▁of▁sentence｜>|s, clientAddress);
        }

        public Request build() {
            return new|s(Map<String, List<String>>   [MASK] s) {
           |s) {
            this.s =   s s;
            return this;
       |s = s s;
            return this;
        }

        public RequestBuilder |s;
            return this;
        }

        public RequestBuilder  s s(",
563,execRoot,MASK,False,5,MASK|localExecutionOptions|execRoot|Path|fileSystem,[MASK]<｜end▁of▁sentence｜>,"[MASK]<｜end▁of▁sentence｜>|   localExecutionOptions,
                    resourceManager,
                    (env, binTools1, fall|  execRoot<｜end▁of▁sentence｜>|   Path.create(
                    execRoot.getPathString(),
                    PathFragment.create|   /* fileSystem= */ execRoot
               <｜end▁of▁sentence｜>",
564,candidate,Count,False,3,Count|Count|i,"Count;
            // Android-changed: Detect changes to modCount early.
            for","Count;
            // Android-changed: Detect changes to modCount early.
            for|Count early.
            for (int i = 0; (i < tab.length && mod|0; (i < tab.length && modCount == mc); ++i) {
",
565,parts,trailingParts,False,4,trailingParts|parts|parts|parts,"trailingParts, startPositionUs);
    if (part != null) {
","trailingParts, startPositionUs);
    if (part != null) {
|  parts, long positionUs) {
    @Nullable HlsMediaPlaylist.Part closest|parts .size(); i++) {
      HlsMediaPlaylist.Part part =  [|parts<｜end▁of▁sentence｜>",
566,evict,false,False,7,false|param||null|link|return|;," false, true)) == null ?
                null : e.value;
    }

"," false, true)) == null ?
                null : e.value;
    }

|     * @param [MASK]  if false, the table is in creation mode.
|
                if (p instanceof TreeNode)
                    node = ((TreeNode<K,V|] = null;
        }
        return a;
    }

    /**
| {@link #keySet()} if you need a smaller array.
     *
     *| { return keySet.iterator(); }
        public final boolean contains(Object o) { return|;
            else
                replacement = p;
            if (replacement.parent !=",
567,newest,e,False,4,e|e|MASK|MASK,"e = m.entrySet().iterator().next();
        assertEquals(""KEY"", e.get","e = m.entrySet().iterator().next();
        assertEquals(""KEY"", e.get|   e<｜end▁of▁sentence｜>|  [MASK] .getKey());
        assertEquals(""VALUE"",  [MASK]|MASK .getValue());
        assertEquals(""WOMBAT"", MASK .getKey());",
568,fromArchive,MASK,False,2,MASK|MASK,  [MASK]<｜end▁of▁sentence｜>,  [MASK]<｜end▁of▁sentence｜>|MASK<｜end▁of▁sentence｜>,
569,repeatedValuesString,MASK,False,2,MASK|MASK,  MASK<｜end▁of▁sentence｜>,"  MASK<｜end▁of▁sentence｜>|MASK
                  <｜end▁of▁sentence｜>",
570,indexId,indexId,True,3,indexId|true|new,indexId  <｜end▁of▁sentence｜>,"indexId  <｜end▁of▁sentence｜>|true),
                        new RecoverySource.SnapshotRecoverySource(restoreId, snapshot, Index|new ShardId(indexMetadata.getIndex(), 0), shardSize))
       ",
571,start,MASK,False,4,MASK|MASK|MASK|MASK,[MASK]<｜end▁of▁sentence｜>,[MASK]<｜end▁of▁sentence｜>|MASK<｜end▁of▁sentence｜>|MASK<｜end▁of▁sentence｜>|MASK<｜end▁of▁sentence｜>,
572,restRequest,request,False,3,request|request|request,request<｜end▁of▁sentence｜>,"request<｜end▁of▁sentence｜>|request.getParser()
               <｜end▁of▁sentence｜>|   request.param(ConnectorUpdateActionRequest.CONNECTOR_ID_PARAM),",
573,expected,entries,False,3,entries|entries|entries,"  entries = getMap().entrySet().toArray(new Entry[0]);
    assertEquals","  entries = getMap().entrySet().toArray(new Entry[0]);
    assertEquals|entries [getNullLocation()] = entry(null, v3());
    expectContents|entries);
  }

  @MapFeature.Require({SUPPORTS",
574,other,other,True,3,other|other|other,other<｜end▁of▁sentence｜>,"other<｜end▁of▁sentence｜>|other.query) && Objects.equals(options, other.options);
    }
|other<｜end▁of▁sentence｜>",
575,qualifiedName,ruleName,False,3,ruleName|ruleName|ruleName,ruleName<｜end▁of▁sentence｜>,"ruleName<｜end▁of▁sentence｜>|ruleName<｜end▁of▁sentence｜>|ruleName)
   <｜end▁of▁sentence｜>",
576,avgCount,MASK,False,4,MASK|MASK|MASK|MASK,[MASK]<｜end▁of▁sentence｜>,[MASK]<｜end▁of▁sentence｜>|[MASK]<｜end▁of▁sentence｜>|MASK<｜end▁of▁sentence｜>|MASK<｜end▁of▁sentence｜>,
577,innerAgg,agg,False,2,agg|agg,agg<｜end▁of▁sentence｜>,agg<｜end▁of▁sentence｜>|agg<｜end▁of▁sentence｜>,
578,buffer,MASK,False,3,MASK|MASK|MASK,  [MASK]<｜end▁of▁sentence｜>,"  [MASK]<｜end▁of▁sentence｜>|MASK<｜end▁of▁sentence｜>|MASK.readUtf8());
  }

  private static class WireStream",
579,targetR,targetR,True,2,targetR|targetR,targetR<｜end▁of▁sentence｜>,targetR<｜end▁of▁sentence｜>|targetR<｜end▁of▁sentence｜>,
580,statusPerLine,testPartsIndex,False,3,testPartsIndex|System|10) {,"  testPartsIndex[] = {0, 1, 2, 3, ","  testPartsIndex[] = {0, 1, 2, 3, |System.out.print(""testPartsIndex: "");
      }
      for (int|10) {
               System.out.println();
               printed = 0;
           ",
581,builder,requestBuilder,False,2,requestBuilder|requestBuilder,requestBuilder<｜end▁of▁sentence｜>,"requestBuilder<｜end▁of▁sentence｜>|requestBuilder
            .nodeId(node.getId())
           <｜end▁of▁sentence｜>",
582,configLocations,configLocations,True,2,configLocations|configLocations,configLocations<｜end▁of▁sentence｜>,configLocations<｜end▁of▁sentence｜>|configLocations<｜end▁of▁sentence｜>,
583,entries,MASK,False,34,MASK|MASK|MASK|MASK|MASK|MASK|MASK|MASK|MASK|MASK|MASK|MASK|MASK|MASK|MASK|MASK|MASK|MASK|MASK|MASK|MASK|MASK|MASK|MASK|MASK|MASK|MASK|MASK|MASK|MASK|MASK|MASK|MASK|MASK,"[MASK] ) {
                Map<String, String> map = populate(new","[MASK] ) {
                Map<String, String> map = populate(new|[MASK] );
                return Collections.checkedMap(map, String.class,|[MASK] ) {
                SortedMap<String, String> map = populate|MASK );
                return Collections.checkedSortedMap(map, String.class,|[MASK]<｜end▁of▁sentence｜>|MASK<｜end▁of▁sentence｜>|[MASK]<｜end▁of▁sentence｜>|MASK<｜end▁of▁sentence｜>|[MASK]<｜end▁of▁sentence｜>| MASK<｜end▁of▁sentence｜>|[MASK]<｜end▁of▁sentence｜>|MASK<｜end▁of▁sentence｜>|MASK<｜end▁of▁sentence｜>|MASK<｜end▁of▁sentence｜>|[MASK]<｜end▁of▁sentence｜>|MASK<｜end▁of▁sentence｜>|[MASK]<｜end▁of▁sentence｜>|MASK<｜end▁of▁sentence｜>|[MASK]<｜end▁of▁sentence｜>|MASK<｜end▁of▁sentence｜>|MASK<｜end▁of▁sentence｜>|MASK<｜end▁of▁sentence｜>|[MASK]<｜end▁of▁sentence｜>|MASK<｜end▁of▁sentence｜>|[MASK]<｜end▁of▁sentence｜>|MASK<｜end▁of▁sentence｜>|[MASK]<｜end▁of▁sentence｜>|MASK<｜end▁of▁sentence｜>|MASK<｜end▁of▁sentence｜>| MASK<｜end▁of▁sentence｜>|MASK<｜end▁of▁sentence｜>|MASK );
  }

  private static <T, M extends Map<T,|MASK<｜end▁of▁sentence｜>|MASK<｜end▁of▁sentence｜>",
584,suite,for,False,19,for|allTests|tests|MASK|MASK|MASK|MASK|MASK|MASK|MASK|MASK|MASK|MASK|MASK|MASK|MASK|MASK|MASK|tests,"for a {@link Map} implementation in the {@link java.util} package.
 *
","for a {@link Map} implementation in the {@link java.util} package.
 *
|  allTests() {
    return new TestsForMapsInJavaUtil().allTests|  tests<｜end▁of▁sentence｜>|[MASK] .addTest(testsForCheckedMap());
     [MASK]|[MASK] .addTest(testsForCheckedSortedMap());
     [M|[MASK] .addTest(testsForCheckedSortedMap());
     [M|[MASK] .addTest(testsForCheckedSortedMap());
     [M|[MASK] .addTest(testsForHashMap());
     [MASK] .|[MASK] .addTest(testsForHashtable());
     [MASK]|[MASK]<｜end▁of▁sentence｜>|[MASK] .addTest(testsForTreeMapNatural());
     [MASK|MASK .addTest(testsForTreeMapWithComparator());
     MASK .|[MASK] .addTest(testsForConcurrentSkipListMap());
    return tests|MASK .addTest(testsForUnmodifiableSortedMap());
     MASK .|[MASK] .addTest(testsForEnumMap());
     [MASK] .|[MASK] .addTest(testsForConcurrentSkipListMap());
    return tests|MASK .addTest(testsForConcurrentSkipListMap());
     MASK .add|MASK .addTest(testsForConcurrentSkipListMap());
    return  [M|tests;
  }

  private static final Map<Class<?>, Collection<",
585,encodedURLStr,MASK,False,8,MASK||MASK|MASK|MASK|MASK|MASK|MASK,[MASK] <｜end▁of▁sentence｜>,"[MASK] <｜end▁of▁sentence｜>| <｜end▁of▁sentence｜>|[MASK]<｜end▁of▁sentence｜>|[MASK]<｜end▁of▁sentence｜>|MASK <｜end▁of▁sentence｜>|MASK .toUpperCase().indexOf(""%2F"");// '/'
            if (|MASK<｜end▁of▁sentence｜>|MASK <｜end▁of▁sentence｜>",
586,admin,MASK,False,20,MASK|user|||userSecurity|MASK|MASK|MASK|MASK|MASK|MASK|MASK|MASK||userSecurity||Sql||assertTrue|,"[MASK]  () {
        return new SecurityConfig(RestSqlIT.SSL_","[MASK]  () {
        return new SecurityConfig(RestSqlIT.SSL_|user<｜end▁of▁sentence｜>|<｜end▁of▁sentence｜>| <｜end▁of▁sentence｜>|userSecurity("""")<｜end▁of▁sentence｜>|  [MASK] .keystoreLocation(),
                   [MASK] .keyst|MASK<｜end▁of▁sentence｜>|[MASK]<｜end▁of▁sentence｜>|[MASK]<｜end▁of▁sentence｜>|[MASK]<｜end▁of▁sentence｜>|[MASK]<｜end▁of▁sentence｜>|MASK Sql, user, userSql, cli -> {
                assertEquals(""[?|MASK<｜end▁of▁sentence｜>| <｜end▁of▁sentence｜>|userSecurity(user))) {
                customizer.accept(cli);
                assertTrue(|  <｜end▁of▁sentence｜>|Sql));
                assertEquals(""[?1l>[?1000l[?|  <｜end▁of▁sentence｜>|   assertTrue(expected.hasNext());
                    assertEquals(expected.next(), line);
| <｜end▁of▁sentence｜>",
587,aggBuilder,MASK,False,10,"MASK|MASK|MASK|MASK|MASK|?""));|Type|Type|MASK|MASK","[MASK]  = new CategorizeTextAggregationBuilder(""my_agg"", T","[MASK]  = new CategorizeTextAggregationBuilder(""my_agg"", T|MASK  ,
                new TextFieldMapper.TextFieldType(TEXT_FIELD_NAME|[MASK]  = new CategorizeTextAggregationBuilder(""my_agg"", T|MASK<｜end▁of▁sentence｜>|[MASK]  = new CategorizeTextAggregationBuilder(""my_agg"", T|?""));
            assertThat(histo.getBuckets().get(6).getDoc|Type(TEXT_FIELD_NAME, randomBoolean(), false),
                longField(NUMER|Type ,
                new TextFieldMapper.TextFieldType(TEXT_FIELD_NAME, random|MASK<｜end▁of▁sentence｜>|MASK <｜end▁of▁sentence｜>",
588,constantPoolOffset,attributOffset,False,3,attributOffset|attributOffset|attributOffset,"  attributOffset = classReader.getFirstAttributeOffset();
    int    attributLength","  attributOffset = classReader.getFirstAttributeOffset();
    int    attributLength|attributOffset;
    int constantPoolLength = classReader.getItemCount();
   |attributOffset, constantPoolLength);

    // Copy the bootstrap methods binary content.",
589,length,MASK,False,8,MASK|int||add||c1|find|,[MASK]<｜end▁of▁sentence｜>,"[MASK]<｜end▁of▁sentence｜>|int [MASK]<｜end▁of▁sentence｜>| <｜end▁of▁sentence｜>|   /* add the code points in the current Joining_Group range */
                MASK<｜end▁of▁sentence｜>| <｜end▁of▁sentence｜>|  c1<｜end▁of▁sentence｜>|  /* find the index of the code point in the mirrors[] table */
            int M| <｜end▁of▁sentence｜>",
590,methodSpecBuilder,MASK,False,16,MASK|MASK|MASK|MASK|MASK|MASK|MASK|MASK|MASK|MASK|MASK|MASK|MASK|MASK|MASK|MASK,[MASK]<｜end▁of▁sentence｜>,"[MASK]<｜end▁of▁sentence｜>|[MASK] , ""new $T("", processorUtil.getParameters(staticMethod));|[MASK]<｜end▁of▁sentence｜>|MASK 
       <｜end▁of▁sentence｜>|[MASK] .addTypeVariable(
          TypeVariableName.get(typeParameterElement|[MASK]<｜end▁of▁sentence｜>|MASK<｜end▁of▁sentence｜>|[MASK]<｜end▁of▁sentence｜>| MASK
            .addAnnotation(processorUtil.nonNull())
           <｜end▁of▁sentence｜>|MASK<｜end▁of▁sentence｜>|MASK <｜end▁of▁sentence｜>|MASK 
          .beginControlFlow(""if ($T.$N == null)"",|MASK<｜end▁of▁sentence｜>|MASK<｜end▁of▁sentence｜>|MASK 
        .addAnnotation(processorUtil.nonNull())
       <｜end▁of▁sentence｜>|MASK<｜end▁of▁sentence｜>",
591,commits,commits,True,2,commits|commits,commits <｜end▁of▁sentence｜>,"commits <｜end▁of▁sentence｜>|commits.stream()
            .sorted(Comparator.comparing(IndexCom",
592,myCompressor,MASK,False,4,MASK|MASK|MASK|MASK,[MASK]<｜end▁of▁sentence｜>,"[MASK]<｜end▁of▁sentence｜>|  [MASK] .compress(chars, 0, len, unichars|MASK  = new UnicodeCompressor();
        UnicodeDecompressor myDe|MASK .compress(chars, 0, len, unicharsRead,
",
593,coreOptions,coreOptions,True,2,coreOptions|coreOptions,"coreOptions   coreOptions   = Options.getDefaults(CoreOptions.class);
    Common","coreOptions   coreOptions   = Options.getDefaults(CoreOptions.class);
    Common|coreOptions);
    when(options.getOptions(CommonCommandOptions.class)).thenReturn",
594,putDataStreamRequest,,False,2,|CreateDataStreamAction, <｜end▁of▁sentence｜>," <｜end▁of▁sentence｜>|CreateDataStreamAction.Request.class,
            new RestToXContentListener<>(channel",
595,prefix,Pending,False,19,Pending|MASK|MASK|MASK|MASK|MASK|MASK|MASK|MASK|MASK|MASK|MASK|MASK|namespace|namespace|MASK|handler|MASK|MASK,"Pending flag, but it was never used.
                // I think. . . . This","Pending flag, but it was never used.
                // I think. . . . This|[MASK]<｜end▁of▁sentence｜>|[MASK]<｜end▁of▁sentence｜>|[MASK]<｜end▁of▁sentence｜>|[MASK]<｜end▁of▁sentence｜>|MASK<｜end▁of▁sentence｜>|[MASK]<｜end▁of▁sentence｜>| MASK<｜end▁of▁sentence｜>|MASK<｜end▁of▁sentence｜>|[MASK]<｜end▁of▁sentence｜>|MASK<｜end▁of▁sentence｜>|MASK<｜end▁of▁sentence｜>|MASK<｜end▁of▁sentence｜>|namespace node<｜end▁of▁sentence｜>|namespace
     * node, or it might be a namespace node that has been excluded<｜end▁of▁sentence｜>|MASK<｜end▁of▁sentence｜>|handler.getNamespaceURIFromPrefix( MASK<｜end▁of▁sentence｜>|MASK<｜end▁of▁sentence｜>|MASK<｜end▁of▁sentence｜>",
596,test_date,chen,False,2,chen|C,"-chen)"", ""Fifth Month 2, 2012(ren-chen)""","-chen)"", ""Fifth Month 2, 2012(ren-chen)""|7C"" ),
            new MonthPatternItem( ""ko@calendar=dangi"",",
597,parser,MASK,False,10,MASK|MASK|MASK|MASK|name|name|name|MASK|MASK|MASK,[MASK]<｜end▁of▁sentence｜>,"[MASK]<｜end▁of▁sentence｜>|[MASK]<｜end▁of▁sentence｜>|[MASK]<｜end▁of▁sentence｜>|  [MASK]<｜end▁of▁sentence｜>|name, equalTo(""tm""));
        assertThat( [MASK]<｜end▁of▁sentence｜>|name .nextToken(), equalTo(XContentParser.Token.FIELD_NAME));
       |name<｜end▁of▁sentence｜>|MASK<｜end▁of▁sentence｜>|MASK .nextToken(), equalTo(XContentParser.Token.START_OBJECT));|MASK<｜end▁of▁sentence｜>",
598,weekData,icuWeekData,False,3,icuWeekData|icuWeekData|calendar,  icuWeekData<｜end▁of▁sentence｜>,"  icuWeekData<｜end▁of▁sentence｜>|icuWeekData<｜end▁of▁sentence｜>|calendar.getMinimalDaysInFirstWeek();
    return WeekFields.of(d",
599,trainedModelConfigBuilder,MASK,False,6,MASK|MASK|TrainedModelConfig|MASK|MASK|TrainedModelConfig,[MASK]<｜end▁of▁sentence｜>,"[MASK]<｜end▁of▁sentence｜>|[MASK]<｜end▁of▁sentence｜>|TrainedModelConfig.Builder()
            .setModelId(packageConfig.getPackaged|MASK<｜end▁of▁sentence｜>|MASK<｜end▁of▁sentence｜>|TrainedModelConfig.builder()
            .setModelId(""inferenceEntityId"")
",
600,marker,MASK,False,3,MASK|MASK|MASK,  [MASK]<｜end▁of▁sentence｜>,  [MASK]<｜end▁of▁sentence｜>|MASK <｜end▁of▁sentence｜>|MASK .readString()<｜end▁of▁sentence｜>,
601,secret,key,False,9,key|MASK|MASK|MASK|MASK|MASK|MASK|MASK|MASK,"key-2""));
    }

    @Test
    public void testAppendParameters2","key-2""));
    }

    @Test
    public void testAppendParameters2|[MASK]<｜end▁of▁sentence｜>|[MASK]<｜end▁of▁sentence｜>|MASK<｜end▁of▁sentence｜>|[MASK]<｜end▁of▁sentence｜>| MASK<｜end▁of▁sentence｜>| MASK ) {
            this.  MASK  =  MASK ;
        }
| MASK  =  MASK ;
        }
    }

    private static class Par|MASK ;
        }
    }

    private static class ConfigCenterConfig extends Abstract",
602,options,MASK,False,6,MASK|MASK|MASK|MASK|MASK|MASK,[MASK]<｜end▁of▁sentence｜>,[MASK]<｜end▁of▁sentence｜>|[MASK]<｜end▁of▁sentence｜>|MASK<｜end▁of▁sentence｜>|MASK<｜end▁of▁sentence｜>|[MASK]<｜end▁of▁sentence｜>|MASK<｜end▁of▁sentence｜>,
603,targetClass,MASK,False,16,MASK|MASK|MASK|MASK|MASK|a|targetObject|staticField|MASK|staticField|targetField|targetObject|targetClass|targetClass|targetClass|ReflectionUtils,[MASK]<｜end▁of▁sentence｜>,"[MASK]<｜end▁of▁sentence｜>|  [MASK] <｜end▁of▁sentence｜>|[MASK]<｜end▁of▁sentence｜>|MASK  ;
	}

	/**
	 * Return the target class on which the field|MASK<｜end▁of▁sentence｜>|a fully qualified class plus static field name.
	 * @see #setTargetClass
	|targetObject"" nor ""targetField""
	 * have been specified.
	 * This allows|staticField != null && this.targetField<｜end▁of▁sentence｜>|[MASK]<｜end▁of▁sentence｜>|staticField <｜end▁of▁sentence｜>|targetField in combination with targetObject"");
			}

			if (this.targetObject|targetObject<｜end▁of▁sentence｜>|targetClass<｜end▁of▁sentence｜>|  targetClass<｜end▁of▁sentence｜>|targetClass);
		this.fieldObject = ClassUtils.getField(targetClass, this|ReflectionUtils.findField(targetClass, this.targetField);
		if (this",
604,exception,MASK,False,8,MASK|JedisDataException|MASK|MASK|MASK|MASK|MASK|error,[MASK]<｜end▁of▁sentence｜>,"[MASK]<｜end▁of▁sentence｜>|JedisDataException;
import redis.clients.jedis.<｜end▁of▁sentence｜>|[MASK]<｜end▁of▁sentence｜>|   [MASK]<｜end▁of▁sentence｜>|MASK<｜end▁of▁sentence｜>|MASK<｜end▁of▁sentence｜>|MASK);

        this.registryUrl = newRedisUrl(usesAuthentication,|error<｜end▁of▁sentence｜>",
605,tables,tables,True,7,tables||Output|Output|Output|Output|tables,tables<｜end▁of▁sentence｜>,"tables<｜end▁of▁sentence｜>| <｜end▁of▁sentence｜>|Output, containsString(""catalog""));
                assertThat( Output, containsString(""name""));
|Output Output, containsString(""schema""));
                assertThat( Output Output, containsString(""name""));|Output Output, containsString(""schema""));
                assertThat( Output Output, containsString(""table""));|Output Output, containsString(""kind""));
                assertEquals(""---------------+---------------+---------------|tables<｜end▁of▁sentence｜>",
606,oldIndex,MASK,False,4,MASK|MASK|MASK|MASK,[MASK]<｜end▁of▁sentence｜>,[MASK]<｜end▁of▁sentence｜>|[MASK]<｜end▁of▁sentence｜>|  MASK<｜end▁of▁sentence｜>|MASK<｜end▁of▁sentence｜>,
607,builder,MASK,False,18,MASK|MASK|MASK|MASK|MASK|MASK|MASK|MASK|MASK|MASK|MASK|MASK|MASK|MASK|MASK|toXContentCollection|MASK|MASK,[MASK]<｜end▁of▁sentence｜>,"[MASK]<｜end▁of▁sentence｜>|[MASK]<｜end▁of▁sentence｜>|[MASK]<｜end▁of▁sentence｜>|   [MASK]<｜end▁of▁sentence｜>|MASK<｜end▁of▁sentence｜>|   MASK<｜end▁of▁sentence｜>|[MASK] , params, ""char_filters"", usedCharFilters);
       |[MASK] , params, ""tokenizer_types"", usedTokenizers);
        to|[MASK] , params, ""token_filters"", usedTokenFilters);
       |[MASK]<｜end▁of▁sentence｜>|[MASK] , params, ""built_in_char_filters"", usedBuilt|[MASK]<｜end▁of▁sentence｜>|[MASK]<｜end▁of▁sentence｜>|MASK<｜end▁of▁sentence｜>|   [MASK] .field(""synonyms"");
         [MASK] .map|toXContentCollection( MASK , params, ""synonyms_set"", usedSyn|MASK<｜end▁of▁sentence｜>|MASK ;
    }

    public static class IndexFeatureStats implements ToXContentFragment",
608,response,MASK,False,8,MASK|MASK|MASK|MASK|MASK|MASK|MASK|MASK,[MASK]<｜end▁of▁sentence｜>,"[MASK]<｜end▁of▁sentence｜>|MASK <｜end▁of▁sentence｜>|  [MASK]<｜end▁of▁sentence｜>|[MASK]<｜end▁of▁sentence｜>|MASK .getIndex(), containsString(expectedIndexName));

        if (refesh|[MASK]<｜end▁of▁sentence｜>|MASK<｜end▁of▁sentence｜>|MASK<｜end▁of▁sentence｜>",
609,deprecationHandler,MASK,False,10,MASK|MASK|MASK|MASK|MASK|MASK|MASK|MASK|MASK|MASK,[MASK]<｜end▁of▁sentence｜>,"[MASK]<｜end▁of▁sentence｜>|MASK<｜end▁of▁sentence｜>|MASK<｜end▁of▁sentence｜>|[MASK] )) {
            return MultiTermQuery.CONSTANT_SCO|[MASK]<｜end▁of▁sentence｜>|MASK<｜end▁of▁sentence｜>|MASK<｜end▁of▁sentence｜>|[MASK] )) {
                return new MultiTermQuery.TopTermsRew|MASK )) {
                return new MultiTermQuery.TopTermsBoostRew|MASK<｜end▁of▁sentence｜>",
610,allocation,command,False,8,command|RoutingNodes|RoutingNodes|strategy|strategy|MASK|strategy|strategy,"command;

import org.elasticsearch.action.ActionListener;
import org.elastic","command;

import org.elasticsearch.action.ActionListener;
import org.elastic|RoutingNodes;
import org.elasticsearch.cluster.routing.RoutingNodesHelper|RoutingNodes .command.AllocationService;
import org.elasticsearch.cluster.r|strategy<｜end▁of▁sentence｜>|strategy.reroute(clusterState, ""reroute"", ActionListener.noop());
|[MASK]<｜end▁of▁sentence｜>|strategy<｜end▁of▁sentence｜>|strategy<｜end▁of▁sentence｜>",
611,newFinalizeContext,final,False,2,final|final,"  final SnapshotId snapshotId = fsc.snapshotInfo().snapshotId();
","  final SnapshotId snapshotId = fsc.snapshotInfo().snapshotId();
|final);
        }
    }

    /**
     * Test that SLM stats",
612,upstream,MASK,False,4,MASK|MASK|MASK|MASK,"[MASK] ) {
                return  [MASK] .switchMapSingle(new","[MASK] ) {
                return  [MASK] .switchMapSingle(new|MASK .switchMapSingle(new Function<Integer, Single<Integer>>() {
                   |MASK<｜end▁of▁sentence｜>|MASK .switchMapSingleDelayError(new Function<Integer, Single<Integer>>() {",
613,storedFields,fields,False,2,fields|fields,"fields, BlockLoader.Builder builder) throws IOException {
        delegate.read(docId,","fields, BlockLoader.Builder builder) throws IOException {
        delegate.read(docId,|fields<｜end▁of▁sentence｜>",
614,description,description,True,2,description|description,"description) {
            description.appendText(""a finite double value"");
        }

","description) {
            description.appendText(""a finite double value"");
        }

|description.appendText(""a finite double value"");
        }

        @Override
       ",
615,invocation,stubbing,False,4,stubbing|internal|invocation|invocation,stubbing.model<｜end▁of▁sentence｜>,"stubbing.model<｜end▁of▁sentence｜>|internal.stubbing.answers<｜end▁of▁sentence｜>|  invocation<｜end▁of▁sentence｜>|invocation)
                        .getInvocationInfo();

        // then
        assertThat(",
616,factory,MASK,False,13,MASK|MASK|MASK|MASK|MASK||InternalMethodHandles|MASK|injector|Ref|factory|MASK|MASK,[MASK]<｜end▁of▁sentence｜>,"[MASK]<｜end▁of▁sentence｜>|   MASK
               <｜end▁of▁sentence｜>|[MASK]  =
        new InternalFactory<String>() {
          @Override
|MASK<｜end▁of▁sentence｜>|[MASK]<｜end▁of▁sentence｜>| <｜end▁of▁sentence｜>|InternalMethodHandles.constantFactoryGetHandle(injector)<｜end▁of▁sentence｜>|MASK <｜end▁of▁sentence｜>|injector = null;
    dep = null;
    Asserts.awaitClear|Ref);
  }

  @Test
  public void providerMaker_makes|factory.
      // This is a reference to the factory that is captured by the provider.
|MASK<｜end▁of▁sentence｜>|MASK<｜end▁of▁sentence｜>",
617,observer,downstream,False,2,downstream|downstream,"  downstream, Disposable d) {
        FlatMapSingleObserver<T, R","  downstream, Disposable d) {
        FlatMapSingleObserver<T, R|downstream<｜end▁of▁sentence｜>",
618,securityEnabled,MASK,False,6,MASK|getUsage|true|MASK|MASK|MASK,[MASK]<｜end▁of▁sentence｜>,"[MASK]<｜end▁of▁sentence｜>|getUsage().get(""security.enabled"")<｜end▁of▁sentence｜>|true<｜end▁of▁sentence｜>|[MASK]<｜end▁of▁sentence｜>|MASK
          <｜end▁of▁sentence｜>|MASK<｜end▁of▁sentence｜>",
619,usedTokenizerTypes,usedTokenizerTypes,True,3,usedTokenizerTypes|usedTokenizerTypes|usedTokenizerTypes,usedTokenizerTypes<｜end▁of▁sentence｜>,"usedTokenizerTypes<｜end▁of▁sentence｜>|usedTokenizerTypes, indexTokenizerTypes);
                aggregateSynonymsStats(
|   usedTokenizerTypes.values(),
                usedTokenFilterTypes.values(),
                used",
620,uniquePluginIds,maskedIds,False,2,maskedIds|plugin,"  maskedIds = new HashSet<>();
        final Set<String>    installedIds","  maskedIds = new HashSet<>();
        final Set<String>    installedIds|plugin.getId() == null) {
                throw new UserException(ExitCodes.US",
621,sourceFilePath,MASK,False,7,MASK|MASK|MASK|MASK|MASK|MASK|MASK,"  [MASK]  = [MASK] String;
    String<｜end▁of▁sentence｜>","  [MASK]  = [MASK] String;
    String<｜end▁of▁sentence｜>|[MASK]<｜end▁of▁sentence｜>|  [MASK]<｜end▁of▁sentence｜>|MASK<｜end▁of▁sentence｜>|MASK.startsWith(cwdPath) && MASK.startsWith(c|MASK<｜end▁of▁sentence｜>|MASK );
  }

  private String getTypeName() {
    return name",
622,suite,only,False,7,only|suite|MASK|MASK|MASK|MASK|MASK,"only
  @SuppressWarnings(""rawtypes"")
  @AndroidIncompatible //","only
  @SuppressWarnings(""rawtypes"")
  @AndroidIncompatible //|  suite() {
    return new TestSuite(ForwardingCollectionTest.class);|  [MASK]<｜end▁of▁sentence｜>|[MASK]<｜end▁of▁sentence｜>|[MASK]<｜end▁of▁sentence｜>|MASK<｜end▁of▁sentence｜>|MASK<｜end▁of▁sentence｜>",
623,newPreFilterQueryBuilders,preFilterQueryBuilders,False,2,preFilterQueryBuilders|preFilterQueryBuilders,"  preFilterQueryBuilders,
        String retrieverName,
        Float min","  preFilterQueryBuilders,
        String retrieverName,
        Float min|preFilterQueryBuilders,
            chunkScorerConfig,
            windowSizeSupplier
",
624,localDataStream,MASK,False,6,MASK|MASK|MASK|REMOTE_CLUSTER_1|MASK|MASK,"[MASK] = (String) testClusterInfo.get(""local.datastream"");","[MASK] = (String) testClusterInfo.get(""local.datastream"");|[MASK] ,
                REMOTE_CLUSTER_1 + "":""|MASK ,
                REMOTE_CLUSTER_1 + "":"" + remote|REMOTE_CLUSTER_1 + "":"" + remoteDataStream1.sub|MASK  = (String) testClusterInfo.get(""local.datastream"");
       |MASK ,
                Alias + "":"" + remoteDataStream1Alias,
               ",
625,contextBuilders,,False,5,|builders|highlightContext|fieldContext|, <｜end▁of▁sentence｜>," <｜end▁of▁sentence｜>|builders<｜end▁of▁sentence｜>|highlightContext.fields()
                   <｜end▁of▁sentence｜>| fieldContext.builders
                       <｜end▁of▁sentence｜>| <｜end▁of▁sentence｜>",
626,length,MASK,False,48,MASK|length|length|length|length|length|length|MASK|length|length|length|MASK|MASK|length|MASK|length|length|MASK|minimum|length|length|length|length|length|length|MASK|length|length|length|length|length|code|This|}|If|length|This|length|length|MASK|MASK|MASK|MASK|MASK|length|length|length|non,"[MASK] );
  }

  // TODO(kevinb): consider making","[MASK] );
  }

  // TODO(kevinb): consider making|length) == target}.
   *
   * <p>Note that this always returns {@|length == 0) {
      return -1;
    }

    if (target|length -
          <｜end▁of▁sentence｜>|length) {
      for (int i = 0; i < target. [MASK]|length<｜end▁of▁sentence｜>|length );
  }

  /**
   * Returns the index of the last occurrence of|[MASK]  > 0);
    double min = array[0];
    for|length ; i++) {
      min = Math.min(min, array[i]);|length<｜end▁of▁sentence｜>|length ; i++) {
      max = Math.max(max, array[i]);|  [MASK]  = arrays. [MASK] ;
    long   [MASK| MASK  += array. [MASK] ;
    }
    double[] result =|length ;
    }
    double[] result = new double[checkNoOverflow(M|MASK)];
    int pos = 0;
    for (double[] array : arrays|length);
    }
    return result;
  }

  /**
   *|length ;
    }
    return result;
  }

  /**
   *|[MASK]  {@code minLength}.
   *
   * <p>If|minimum  MASK . If the array
   * already has a minimum  MASK <｜end▁of▁sentence｜>|length of the returned array
   * @param padding an extra amount to ""grow"" the array|length
   *     of {@code array}
   * @throws NullPointerException if {@|length < minLength) ? Arrays.copyOf(array, minLength + padding) :|length  == 0) {
      return """";
    }

    // For pre|length);
    if (array. length  == 0) {
      return builder.|length ; i++) {
      builder.append(separator).append(array[i|MASK<｜end▁of▁sentence｜>|length<｜end▁of▁sentence｜>|length < right. length ? -1 : 1;
    }

    @Override|length;
    }

    @Override
    public String toString() {
     |length);
  }

  /**
   * Sorts the elements of {@code array|length );
    Arrays.sort(array, fromIndex, toIndex);
    reverse|code
   *     string} is not a valid {@code double}
   * @throws|): This is a bit of a hack. We should be able to use
      // java.| }

  /**
   * Parses the specified string as a double-precision|If {@code distance} is 0, the array is returned unmodified.
   *|length<｜end▁of▁sentence｜>|This<｜end▁of▁sentence｜>|length<｜end▁of▁sentence｜>|length<｜end▁of▁sentence｜>|  MASK  = 0;
    int    len<｜end▁of▁sentence｜>|[MASK]<｜end▁of▁sentence｜>|MASK <｜end▁of▁sentence｜>|MASK<｜end▁of▁sentence｜>|MASK
           : m;
    m = (m < 0) ? m +  |length<｜end▁of▁sentence｜>|length<｜end▁of▁sentence｜>|length<｜end▁of▁sentence｜>|non-numeric value
   * @throws NumberFormatException if {@code string} is empty",
627,location,MASK,False,10,MASK|MASK|MASK|MASK|MASK|MASK|pname|MASK|MASK|MASK,"[MASK] , int count, boolean transpose, FloatBuffer value);

	public","[MASK] , int count, boolean transpose, FloatBuffer value);

	public|[MASK] , int count, boolean transpose, FloatBuffer value);

	public|[MASK]<｜end▁of▁sentence｜>|[MASK]<｜end▁of▁sentence｜>|[MASK]<｜end▁of▁sentence｜>|MASK , int count, boolean transpose, FloatBuffer value);

	public native void|pname, IntBuffer params);

	public native void glVertexAttribI4uiv|[MASK] , int count, IntBuffer value);

	public native void glUniform|[MASK]<｜end▁of▁sentence｜>|MASK , int count, IntBuffer value);

	public native void glUniform2u",
628,warningMessage,MASK,False,3,MASK|MASK|MASK,  MASK<｜end▁of▁sentence｜>,"  MASK<｜end▁of▁sentence｜>|MASK));
        assertWarnings( [MASK] );
    }

|MASK);
    }

    public void testVerifyMlNodesAndModelArchitect",
629,oauthVerifier,verifier,False,2,verifier|verifier,verifier  <｜end▁of▁sentence｜>,verifier  <｜end▁of▁sentence｜>|verifier<｜end▁of▁sentence｜>,
630,fieldNumber,fieldNum,False,3,fieldNum|fieldNum|fieldNum,"fieldNum) throws IOException {
            FieldInfo res = super.fieldInfo(fieldNum);","fieldNum) throws IOException {
            FieldInfo res = super.fieldInfo(fieldNum);|fieldNum<｜end▁of▁sentence｜>|fieldNum
                        + ""' is not accessible in the current ""
                        + ""merge context,",
631,serializer,com,False,10,com|MASK|NameFilter|SerializeWriter|MASK|MASK|a|MASK|MASK|MASK,com.alibaba.fastjson. [MASK]<｜end▁of▁sentence｜>,"com.alibaba.fastjson. [MASK]<｜end▁of▁sentence｜>|[MASK]<｜end▁of▁sentence｜>|NameFilter;
import com.alibaba.fastjson. [MASK]<｜end▁of▁sentence｜>|SerializeWriter<｜end▁of▁sentence｜>|[MASK]<｜end▁of▁sentence｜>|[MASK]<｜end▁of▁sentence｜>|a.setId(0);
         MASK<｜end▁of▁sentence｜>|MASK<｜end▁of▁sentence｜>|MASK<｜end▁of▁sentence｜>|   MASK<｜end▁of▁sentence｜>",
632,endIndex,endIndex,True,2,endIndex|endIndex,endIndex   = (int) ((i + 1) * listSize) / numThreads;,"endIndex   = (int) ((i + 1) * listSize) / numThreads;|  endIndex),
                          e ->
                              Pair.of(
                                  e.",
633,version,,False,3,||ICU, <｜end▁of▁sentence｜>," <｜end▁of▁sentence｜>| <｜end▁of▁sentence｜>|2.1, ICU 53 */
    private static final int IX_JG",
634,response,MASK,False,8,MASK|MASK|MASK|MASK|MASK|MASK|MASK|MASK,[MASK]<｜end▁of▁sentence｜>,"[MASK]<｜end▁of▁sentence｜>|[MASK]<｜end▁of▁sentence｜>|MASK<｜end▁of▁sentence｜>|MASK );
    }

    @Override
    public void doDelete(HttpServlet|MASK<｜end▁of▁sentence｜>|MASK , e.getMessage());
                return;
            }
        }

       |MASK.setStatus(HttpServletResponse.SC_OK);
        MASK.set|MASK<｜end▁of▁sentence｜>",
635,rootDir,licensePath,False,2,licensePath|licensePath,"  licensePath = licensePathProvider.get();
            File    MASK      <｜end▁of▁sentence｜>","  licensePath = licensePathProvider.get();
            File    MASK      <｜end▁of▁sentence｜>|licensePath.toPath().resolve(""elasticsearch-"" + VersionProperties.getElasticsearch()",
636,proxy,proxy,True,10,"proxy|proxy|proxy|proxy||entry|,|ExitCodes|config|destConfigDir","proxy;
    private String stagingHash<｜end▁of▁sentence｜>","proxy;
    private String stagingHash<｜end▁of▁sentence｜>|proxy) {
        this.proxy = proxy;
    }

    /**
    |proxy = proxy;
    }

    /**
     * Downloads a zip from the|proxy;
    }

    /**
     * Downloads a zip from the url,|
                        PLUGIN_MALFORMED,
                        ""This plugin was built with an| entry.getName() + ""' outside of the plugin directory.""
                    );
                }

|"",
                destination,
                pluginName
            );
            throw new UserException(Exit|ExitCodes.USAGE, message);
        }
    }

    private static|, ""config in plugin "" + info.getName() + "" is not a directory"");
       |(destConfigDir, CONFIG_DIR_PERMS);

        try (DirectoryStream",
637,webServer,webServer,True,3,webServer|webServer|webServer,webServer<｜end▁of▁sentence｜>,"webServer<｜end▁of▁sentence｜>|webServer<｜end▁of▁sentence｜>|webServer
			.getPort();
		return WebTestClient.bindToServer()
",
638,idleHttpConnectionTimeout,MASK,False,5,MASK|MASK|MASK|MASK|MASK,[MASK]<｜end▁of▁sentence｜>,[MASK]<｜end▁of▁sentence｜>|[MASK] <｜end▁of▁sentence｜>|MASK <｜end▁of▁sentence｜>|MASK<｜end▁of▁sentence｜>|MASK <｜end▁of▁sentence｜>,
639,attrs,attrs,True,1,attrs,"attrs) throws IOException {
                if (attrs.isRegularFile() == false","attrs) throws IOException {
                if (attrs.isRegularFile() == false",
640,elapsedRealtimeUs,MASK,False,2,MASK|MASK,[MASK] The bitmask of {@link PlayerMessage.Target}s to which the rend,[MASK] The bitmask of {@link PlayerMessage.Target}s to which the rend|MASK<｜end▁of▁sentence｜>,
641,targetOffsetUs,MASK,False,6,MASK|Select|MASK|MASK|MASK|Util,  [MASK] <｜end▁of▁sentence｜>,"  [MASK] <｜end▁of▁sentence｜>|// Select start offset only if the playlist has a start offset.
       [MASK]|[MASK]<｜end▁of▁sentence｜>|MASK<｜end▁of▁sentence｜>|MASK<｜end▁of▁sentence｜>|Util.constrainValue(
        playlist.targetDurationUs,
        /* min=",
642,metaAnnotations,metaAnnotations,True,2,metaAnnotations|metaAnnotations,  metaAnnotations<｜end▁of▁sentence｜>,  metaAnnotations<｜end▁of▁sentence｜>|metaAnnotations<｜end▁of▁sentence｜>,
643,header,header,True,11,header|header||MASK||MASK|MASK|MASK|s||Count,header<｜end▁of▁sentence｜>,"header<｜end▁of▁sentence｜>|header<｜end▁of▁sentence｜>| <｜end▁of▁sentence｜>|  [MASK] header<｜end▁of▁sentence｜>|  <｜end▁of▁sentence｜>|MASK<｜end▁of▁sentence｜>|[MASK]<｜end▁of▁sentence｜>|MASK <｜end▁of▁sentence｜>|s, options.getHeaders());
    }

    public void testSetHeaders() {|   <｜end▁of▁sentence｜>|Count; i++) {
                builder.addParameter(randomAsciiAlphanum",
644,timeout,MASK,False,4,MASK|MASK|MASK|MASK,[MASK]<｜end▁of▁sentence｜>,[MASK]<｜end▁of▁sentence｜>|MASK<｜end▁of▁sentence｜>|MASK<｜end▁of▁sentence｜>|MASK<｜end▁of▁sentence｜>,
645,formatter,formatter,True,3,formatter|formatter|formatter,"  formatter) {
    formatter.format(""Error: %s"", getMessage());","  formatter) {
    formatter.format(""Error: %s"", getMessage());| formatter.format(""  %s"", source)
           <｜end▁of▁sentence｜>|formatter<｜end▁of▁sentence｜>",
646,instanceMethod,,False,17,|sForExtensions|MASK|MASK|MASK|MASK|MASK|MASK|MASK|MASK|MASK|MASK|MASK|MASK|staticMethodName|staticMethodName|MASK, <｜end▁of▁sentence｜>," <｜end▁of▁sentence｜>|sForExtensions);
    methodsForExtensions.addAll(staticMethodsForExtensions|  [MASK]
 <｜end▁of▁sentence｜>| [MASK]<｜end▁of▁sentence｜>|  [MASK]<｜end▁of▁sentence｜>|[MASK] .getSimpleName().toString();
    String staticMethodName = staticMethod|MASK Name.startsWith(""dont"")) {
        staticMethodName = ""no|MASK<｜end▁of▁sentence｜>|MASK<｜end▁of▁sentence｜>|MASK<｜end▁of▁sentence｜>|MASK<｜end▁of▁sentence｜>|MASK<｜end▁of▁sentence｜>|  MASK<｜end▁of▁sentence｜>|MASK<｜end▁of▁sentence｜>|staticMethodName,
              equivalentInstanceMethodName,
              ""autoClone()"")
|staticMethodName<｜end▁of▁sentence｜>|MASK<｜end▁of▁sentence｜>",
647,emails,emails,True,2,emails|emails,emails<｜end▁of▁sentence｜>,emails<｜end▁of▁sentence｜>|emails<｜end▁of▁sentence｜>,
648,screenY,MASK,False,8,MASK|MASK|MASK|MASK|MASK|MASK|MASK|MASK,[MASK]<｜end▁of▁sentence｜>,[MASK]<｜end▁of▁sentence｜>|[MASK]<｜end▁of▁sentence｜>|[MASK]<｜end▁of▁sentence｜>|MASK<｜end▁of▁sentence｜>|MASK<｜end▁of▁sentence｜>|MASK<｜end▁of▁sentence｜>|MASK<｜end▁of▁sentence｜>|MASK<｜end▁of▁sentence｜>,
649,subsetSize,MASK,False,12,MASK|MASK|MASK|MASK|MASK|MASK|MASK|subsetFreq|MASK|MASK|MASK|MASK,[MASK]<｜end▁of▁sentence｜>,"[MASK]<｜end▁of▁sentence｜>|MASK<｜end▁of▁sentence｜>|[MASK]<｜end▁of▁sentence｜>|[MASK]<｜end▁of▁sentence｜>|[MASK]<｜end▁of▁sentence｜>|MASK<｜end▁of▁sentence｜>|MASK<｜end▁of▁sentence｜>|subsetFreq > supersetFreq""));
        }
        try {
            heur|[MASK]<｜end▁of▁sentence｜>|MASK<｜end▁of▁sentence｜>|MASK<｜end▁of▁sentence｜>|MASK ""));
        }
        try {
            heuristic.getScore(",
650,params,MASK,False,7,MASK|MASK|MASK|MASK|MASK|MASK|MASK,[MASK]<｜end▁of▁sentence｜>,[MASK]<｜end▁of▁sentence｜>|[MASK]<｜end▁of▁sentence｜>|MASK<｜end▁of▁sentence｜>|MASK<｜end▁of▁sentence｜>|MASK<｜end▁of▁sentence｜>|MASK<｜end▁of▁sentence｜>| MASK<｜end▁of▁sentence｜>,
651,inner,MASK,False,13,MASK|MASK|MASK|MASK|MASK|MASK|MASK|MASK|MASK|MASK|MASK|MASK|MASK,[MASK]<｜end▁of▁sentence｜>,[MASK]<｜end▁of▁sentence｜>|[MASK]<｜end▁of▁sentence｜>|   [MASK]<｜end▁of▁sentence｜>|[MASK]<｜end▁of▁sentence｜>|MASK<｜end▁of▁sentence｜>|   MASK<｜end▁of▁sentence｜>|[MASK]<｜end▁of▁sentence｜>|MASK<｜end▁of▁sentence｜>|   MASK<｜end▁of▁sentence｜>|[MASK]<｜end▁of▁sentence｜>|MASK<｜end▁of▁sentence｜>|  MASK <｜end▁of▁sentence｜>|MASK<｜end▁of▁sentence｜>,
652,content,MASK,False,6,MASK|MASK|MASK|MASK|MASK|MASK,  [MASK]<｜end▁of▁sentence｜>,  [MASK]<｜end▁of▁sentence｜>|[MASK]<｜end▁of▁sentence｜>|MASK<｜end▁of▁sentence｜>|MASK<｜end▁of▁sentence｜>|MASK<｜end▁of▁sentence｜>|MASK<｜end▁of▁sentence｜>,
653,parsers,MASK,False,32,MASK|MASK|MASK|MASK|MASK|MASK|MASK|MASK|MASK|MASK|code|MASK|MASK|MASK|MASK|MASK|MASK|MASK|MASK|MASK|MASK|parrs|code|MASK|MASK|MASK|MASK|MASK|MASK|MASK|MASK|MASK,[MASK]<｜end▁of▁sentence｜>,"[MASK]<｜end▁of▁sentence｜>|[MASK]<｜end▁of▁sentence｜>|MASK<｜end▁of▁sentence｜>| MASK<｜end▁of▁sentence｜>|MASK<｜end▁of▁sentence｜>|MASK<｜end▁of▁sentence｜>|MASK<｜end▁of▁sentence｜>|[MASK]<｜end▁of▁sentence｜>| MASK<｜end▁of▁sentence｜>|[MASK] } that returns something other than {@link
   * ImageHeaderParser#UN|{@code MASK}<｜end▁of▁sentence｜>|MASK<｜end▁of▁sentence｜>| MASK<｜end▁of▁sentence｜>|MASK<｜end▁of▁sentence｜>|MASK<｜end▁of▁sentence｜>|MASK<｜end▁of▁sentence｜>|MASK<｜end▁of▁sentence｜>|MASK<｜end▁of▁sentence｜>|MASK<｜end▁of▁sentence｜>|MASK<｜end▁of▁sentence｜>|MASK } that returns true when MPF is detected, if
   * any..
  |parrs list is empty, or none of the  [MASK]  returns a valid
|code<｜end▁of▁sentence｜>|MASK ,
      @Nullable final ByteBuffer buffer,
      @NonNull ArrayPool byte|[MASK] ,
        new JpegMpfReader() {
          @Override
|MASK<｜end▁of▁sentence｜>|MASK<｜end▁of▁sentence｜>|MASK<｜end▁of▁sentence｜>|MASK<｜end▁of▁sentence｜>|MASK<｜end▁of▁sentence｜>|MASK<｜end▁of▁sentence｜>|MASK<｜end▁of▁sentence｜>",
654,beans,servletRegistrationBeans,False,2,servletRegistrationBeans|servletRegistrationBeans,servletRegistrationBeans<｜end▁of▁sentence｜>,"servletRegistrationBeans<｜end▁of▁sentence｜>|servletRegistrationBeans
				.values()
			<｜end▁of▁sentence｜>",
655,parameterObject,parameterObject,True,1,parameterObject,"parameterObject);

  /**
   * Returns the bound SQL for the given parameter object.","parameterObject);

  /**
   * Returns the bound SQL for the given parameter object.",
656,environmentValue,MASK,False,2,MASK|MASK,  [MASK]<｜end▁of▁sentence｜>,"  [MASK]<｜end▁of▁sentence｜>|MASK )) {
				return true;
			}
			if (ObjectUtils.",
657,flingTime,r,False,18,r|r2|event|{|flickScroll|r|overscrollDistance|if|r|//|RightEdge|return|isScrolling|return|isPanning|flingTime|flingTime|flingTime,"  r,  [MASK] r2,  [MASK] r3, ","  r,  [MASK] r2,  [MASK] r3, |r2 = 1f, r3 = 1f, r4 = 1f;
	|event, x, y, deltaX, deltaY);
				}
			}

|{
						event.stop();
						setScrollbarsVisible(true);
					|flickScroll && flickScrollListener.getGestureDetector().isFlick())| 1 - r /  [MASK] ;
			amountX -= velocityX|(overscrollDistance + overscrollSpeedMin) * delta;
			alpha =|if (overscrollX && scrollX) {
				if (amountX < 0)|r <= 0) {
				velocityX = 0;
				velocityY|//
		// Scroll smoothly when grabbing the scrollbar if one pixel of scrollbar movement|RightEdge () {
		return !scrollX || amountX >= maxX;
	}
|		return !scrollY || amountY >= maxY;
	}

	public boolean isSc| isScrolling () {
		return scrollX || scrollY;
	}

	public boolean|		return draggingPointer >= 0;
	}

	public int getDraggingPointer () {|isPanning() || isFlingingX() || isFlingingY();
	}|flingTime) {
		this.flingTime = flingTime;
	}
|flingTime = flingTime;
	}

	/** For flick scroll, sets the|flingTime ;
	}

	/** For flick scroll, sets the amount of time in",
658,client,rest,False,3,rest|nodeClient|nodeClient,"rest.RestChannelConsumer;
import org.elasticsearch.client<｜end▁of▁sentence｜>","rest.RestChannelConsumer;
import org.elasticsearch.client<｜end▁of▁sentence｜>|  nodeClient,
                                                 RestChannelConsumer restChannelConsumer<｜end▁of▁sentence｜>|nodeClient
            .execute(PutCCMConfigurationAction.INSTANCE, putReq,",
659,string,MASK,False,2,MASK|MASK,  MASK<｜end▁of▁sentence｜>,  MASK<｜end▁of▁sentence｜>|MASK<｜end▁of▁sentence｜>,
660,searchResponse,MASK,False,8,MASK|MASK|MASK|MASK|MASK|MASK|MASK|MASK,[MASK]<｜end▁of▁sentence｜>,"[MASK]<｜end▁of▁sentence｜>|[MASK]<｜end▁of▁sentence｜>|MASK .getAggregations();
            if (aggregations == null) {
               |[MASK]<｜end▁of▁sentence｜>|MASK<｜end▁of▁sentence｜>|MASK<｜end▁of▁sentence｜>|MASK );
        } finally {
             MASK .decRef();
        }
|MASK .decRef();
        }
    }

    @Override
    public",
661,future,MASK,False,19,MASK|MASK|completeWithValue_propagates|MASK|var|MASK|Future|MASK|MASK|MASK|MASK|MASK|MASK|MASK|MASK|MASK|MASK|MASK|MASK,[MASK]<｜end▁of▁sentence｜>,"[MASK]<｜end▁of▁sentence｜>|MASK
                   <｜end▁of▁sentence｜>|completeWithValue_propagates() throws Exception {
    var setValue = new Atomic|[MASK]<｜end▁of▁sentence｜>|var  [MASK]  = new FutureValue(""key"", (unusedA, unusedB|[MASK]<｜end▁of▁sentence｜>|Future value<｜end▁of▁sentence｜>|[MASK]<｜end▁of▁sentence｜>|[MASK]<｜end▁of▁sentence｜>|[MASK]<｜end▁of▁sentence｜>|MASK<｜end▁of▁sentence｜>|[MASK]<｜end▁of▁sentence｜>|MASK<｜end▁of▁sentence｜>|[MASK]<｜end▁of▁sentence｜>|MASK<｜end▁of▁sentence｜>|MASK<｜end▁of▁sentence｜>|MASK<｜end▁of▁sentence｜>|MASK<｜end▁of▁sentence｜>|MASK<｜end▁of▁sentence｜>",
662,range,property,False,5,property|MASK|MASK|MASK|array,"property values in
       <｜end▁of▁sentence｜>","property values in
       <｜end▁of▁sentence｜>|  [MASK]<｜end▁of▁sentence｜>|MASK<｜end▁of▁sentence｜>|MASK
                    .startCodePoint, MASK
                   <｜end▁of▁sentence｜>|array  <｜end▁of▁sentence｜>",
663,columnValuesSize,columnValuesSize,True,3,columnValuesSize|columnValuesSize|columnNamesSize,  columnValuesSize<｜end▁of▁sentence｜>,  columnValuesSize<｜end▁of▁sentence｜>|columnValuesSize<｜end▁of▁sentence｜>|columnNamesSize - 1<｜end▁of▁sentence｜>,
664,animating,touchScrollH,False,11,touchScrollH|if|if|MASK|MASK|MASK|MASK|MASK|MASK|scrollX|changing,touchScrollH = flickScrollListener.getGestureDetector().isTouchScrollH,"touchScrollH = flickScrollListener.getGestureDetector().isTouchScrollH|if (fadeAlphaSeconds > 0) fadeAlphaSeconds -= delta;|if (overscrollX && scrollX) {
				if (amountX < 0)|[MASK]<｜end▁of▁sentence｜>|[MASK]<｜end▁of▁sentence｜>|[MASK]  = true;
				} else if (amountX > maxX) {|[MASK]  = true;
				}
			}
			if (overscroll|[MASK]  = true;
				} else if (amountY > maxY) {|MASK  = true;
				}
			}
		}

		if (touch|scrollX) {
			if (scrollX) {
				float scrollPercent =|  changing the scroll amount. */
	public void setScroll (float pixelsX, float pixelsY",
665,plugin,indices,False,3,indices|plugin|factory,indices.analysis<｜end▁of▁sentence｜>,"indices.analysis<｜end▁of▁sentence｜>|  plugin<｜end▁of▁sentence｜>|factory()
           <｜end▁of▁sentence｜>",
666,client,xpack,False,3,xpack|nodeClient|nodeClient,"xpack.core.ccm.CcmConfiguration;
import org.elasticsearch.client","xpack.core.ccm.CcmConfiguration;
import org.elasticsearch.client|nodeClient<｜end▁of▁sentence｜>|nodeClient
            .execute(
                DeleteCCMConfigurationAction.INSTANCE,
               ",
667,buffer,MASK,False,41,MASK|MASK|MASK|MASK|MASK|MASK|MASK|MASK|MASK|MASK|MASK|MASK|MASK|MASK|MASK|MASK|Section|MASK|MASK|MASK|MASK|MASK|MASK|MASK|MASK|MASK|MASK|MASK|MASK|MASK|MASK|MASK|MASK|MASK|bitmapData|MASK|MASK|MASK|bitmapWidth|MASK|MASK,[MASK]<｜end▁of▁sentence｜>,"[MASK]<｜end▁of▁sentence｜>|MASK <｜end▁of▁sentence｜>| [MASK]<｜end▁of▁sentence｜>|MASK<｜end▁of▁sentence｜>|[MASK]<｜end▁of▁sentence｜>|[MASK]<｜end▁of▁sentence｜>|[MASK]<｜end▁of▁sentence｜>|[MASK]<｜end▁of▁sentence｜>|MASK<｜end▁of▁sentence｜>|MASK<｜end▁of▁sentence｜>| MASK<｜end▁of▁sentence｜>|[MASK]<｜end▁of▁sentence｜>|[MASK]<｜end▁of▁sentence｜>|[MASK]<｜end▁of▁sentence｜>| MASK<｜end▁of▁sentence｜>|MASK<｜end▁of▁sentence｜>| // Section is too large.
         [MASK]<｜end▁of▁sentence｜>|[MASK]<｜end▁of▁sentence｜>|[MASK]<｜end▁of▁sentence｜>|MASK<｜end▁of▁sentence｜>|   MASK<｜end▁of▁sentence｜>|[MASK]<｜end▁of▁sentence｜>|[MASK] .skipBytes(2);
      int entryCount = sectionLength / |[MASK]<｜end▁of▁sentence｜>|MASK<｜end▁of▁sentence｜>|[MASK]<｜end▁of▁sentence｜>| MASK<｜end▁of▁sentence｜>| MASK<｜end▁of▁sentence｜>|[MASK]<｜end▁of▁sentence｜>|[MASK]<｜end▁of▁sentence｜>|MASK<｜end▁of▁sentence｜>|[MASK]<｜end▁of▁sentence｜>|[MASK]<｜end▁of▁sentence｜>|MASK<｜end▁of▁sentence｜>|bitmapData<｜end▁of▁sentence｜>|MASK<｜end▁of▁sentence｜>|[MASK]<｜end▁of▁sentence｜>|MASK<｜end▁of▁sentence｜>|bitmapWidth =  MASK .readUnsignedShort();
      bitmapHeight =  M|[MASK]<｜end▁of▁sentence｜>|MASK .readUnsignedShort();
      bitmapHeight =  MASK<｜end▁of▁sentence｜>",
668,inputsSize,inputSize,False,3,inputSize|inputSize|inputSize,"  inputSize
                                                       <｜end▁of▁sentence｜>","  inputSize
                                                       <｜end▁of▁sentence｜>|inputSize <｜end▁of▁sentence｜>|inputSize<｜end▁of▁sentence｜>",
669,oinput,ed,False,5,ed||throw|);|Exception,"ed incorrect RoundingMode"",
                decimalFormat.getRoundingMode(), RoundingMode.","ed incorrect RoundingMode"",
                decimalFormat.getRoundingMode(), RoundingMode.|

        // set RoundingMode.HALF_UP of this DecimalFormat
| throw NullPointerException
            decimalFormat.setRoundingMode(null);
            fail(""|"");
        } catch (NullPointerException e) {
            // expected
        }
|Exception e) {
            // expected
        }
    }

    public void test",
670,rtpPayloadType,clockRate,False,2,clockRate|The,"  clockRate = mediaDescription.rtpMapAttribute.clockRate;
    int    channel","  clockRate = mediaDescription.rtpMapAttribute.clockRate;
    int    channel|// The track's associated {@link RtpPayloadFormat}.
       <｜end▁of▁sentence｜>",
671,quartScratch,quartMask,False,2,quartMask|quartMask,  quartMask<｜end▁of▁sentence｜>,"  quartMask<｜end▁of▁sentence｜>|quartMask));
    page.setBlock(channels.get(0) + intermediate",
672,offset,bucketSize,False,6,bucketSize|nextOffset|nextOffset|MASK|offset|MASK,"bucketSize-th element.
     *         <p>
     *             When the bucket","bucketSize-th element.
     *         <p>
     *             When the bucket|nextOffset) {
        values.set(rootIndex, nextOffset);
    }
|nextOffset);
    }

    /**
     * Swap the data at two indices|[MASK] s"" for
     * the newly allocated buckets.
     * <|offset<｜end▁of▁sentence｜>|MASK<｜end▁of▁sentence｜>",
673,itemIndex,MASK,False,13,MASK|MASK|classReader|itemTag|MASK|classReader|MASK|classReader|itemOffset|itemTag|classReader|itemTag|MASK,"  MASK = 0;
    while ( [MASK]  < constantPoolCount) {","  MASK = 0;
    while ( [MASK]  < constantPoolCount) {|MASK <<｜end▁of▁sentence｜>|classReader.readUnsignedShort(constantPoolOffset));
      int itemTag = input|  itemTag,
                 classReader.readClass(nameAndTypeItemOffset, charBuffer|[MASK] , itemTag, classReader.readInt(itemOffset));
          break|  classReader.readUTF8(nameAndTypeItemOffset, charBuffer),
                 class|MASK , itemTag, classReader.readLong(itemOffset));
          break;
|classReader.readUTF8(itemOffset, charBuffer));
          break;
        case|itemOffset, charBuffer));
          break;
        case Symbol.CONSTANT_CLASS| itemTag,
                classReader.readUTF8(nameAndTypeItemOffset, charBuffer|classReader.readByte(itemOffset),
              classReader.readClass(memberRefItem|itemTag,
               classReader.readUTF8(itemOffset, charBuffer),
              | MASK <<= 1;
    }

    // Add the constant pool items in the",
674,classLoader,classLoader,True,1,classLoader,classLoader<｜end▁of▁sentence｜>,classLoader<｜end▁of▁sentence｜>,
675,classLoader,classLoader,True,2,classLoader|classLoader,  classLoader <｜end▁of▁sentence｜>,  classLoader <｜end▁of▁sentence｜>|classLoader<｜end▁of▁sentence｜>,
676,scoreDoc,MASK,False,12,MASK|s|||MASK|MASK|MASK|MASK|MASK|MASK|MASK|MASK,"  [MASK]  =  [MASK] rankResults.getFirst();
        assert","  [MASK]  =  [MASK] rankResults.getFirst();
        assert|s.length; i++) {
            ScoreDoc  [MASK]  = | <｜end▁of▁sentence｜>| <｜end▁of▁sentence｜>|  [MASK]<｜end▁of▁sentence｜>|MASK<｜end▁of▁sentence｜>|[MASK]<｜end▁of▁sentence｜>|[MASK]<｜end▁of▁sentence｜>|  MASK<｜end▁of▁sentence｜>|MASK<｜end▁of▁sentence｜>|MASK<｜end▁of▁sentence｜>|MASK<｜end▁of▁sentence｜>",
677,staplerResponse,staplerResponse,True,4,staplerResponse|staplerResponse|staplerResponse|staplerResponse,"staplerResponse
       <｜end▁of▁sentence｜>","staplerResponse
       <｜end▁of▁sentence｜>|staplerResponse.setContentType(""text/json"");
             staplerResponse.|staplerResponse<｜end▁of▁sentence｜>|staplerResponse<｜end▁of▁sentence｜>",
678,columnIndex,MASK,False,4,MASK|columnName|MASK|columnName,[MASK]<｜end▁of▁sentence｜>,[MASK]<｜end▁of▁sentence｜>|columnName<｜end▁of▁sentence｜>|MASK<｜end▁of▁sentence｜>|columnName<｜end▁of▁sentence｜>,
679,binTools,binTools,True,3,binTools|env|processWrapper,  binTools<｜end▁of▁sentence｜>,"  binTools<｜end▁of▁sentence｜>|  env,
                fallbackTmpDir,
                /* processWrapper= */ null,|   /* processWrapper= */ null,
                    Mockito.mock(RunfilesTreeUpd",
680,service,MASK,False,10,MASK|MASK|MASK|MASK|MASK|MASK|MASK|MASK|MASK|MASK,[MASK]<｜end▁of▁sentence｜>,[MASK]<｜end▁of▁sentence｜>|[MASK]<｜end▁of▁sentence｜>|[MASK]<｜end▁of▁sentence｜>|[MASK]<｜end▁of▁sentence｜>|MASK<｜end▁of▁sentence｜>|MASK<｜end▁of▁sentence｜>|MASK<｜end▁of▁sentence｜>|MASK<｜end▁of▁sentence｜>|MASK<｜end▁of▁sentence｜>|MASK<｜end▁of▁sentence｜>,
681,aByte,MASK,False,12,MASK|MASK|MASK|byteBuffer|MASK|MASK|MASK|MASK|MASK|MASK|MASK|byteBuffer,  [MASK]<｜end▁of▁sentence｜>,"  [MASK]<｜end▁of▁sentence｜>|[MASK]<｜end▁of▁sentence｜>|[MASK]<｜end▁of▁sentence｜>|byteBuffer[curByteIndex++]) & 0xFF) + "" "");
                        break|[MASK]<｜end▁of▁sentence｜>|[MASK]<｜end▁of▁sentence｜>|[MASK]<｜end▁of▁sentence｜>|   MASK<｜end▁of▁sentence｜>|MASK<｜end▁of▁sentence｜>|MASK<｜end▁of▁sentence｜>|MASK<｜end▁of▁sentence｜>|byteBuffer<｜end▁of▁sentence｜>",
682,schemaName,schemaName,True,3,schemaName|schemaName|schemaName,"schemaName) {
		return schemaName;
	}

	@Override
	public @Nullable","schemaName) {
		return schemaName;
	}

	@Override
	public @Nullable|schemaName<｜end▁of▁sentence｜>|schemaName  : getDefaultSchema());
	}

	@Override
	public @Nullable String meta",
683,secondImage,MASK,False,6,MASK|MASK|MASK|MASK|MASK|MASK,[MASK]<｜end▁of▁sentence｜>,[MASK]<｜end▁of▁sentence｜>|MASK<｜end▁of▁sentence｜>|MASK<｜end▁of▁sentence｜>|MASK<｜end▁of▁sentence｜>|MASK<｜end▁of▁sentence｜>|MASK<｜end▁of▁sentence｜>,
684,describableType,MASK,False,12,MASK|MASK|MASK|MASK|MASK|MASK|MASK|MASK|MASK|MASK|MASK|MASK,[MASK]<｜end▁of▁sentence｜>,"[MASK]<｜end▁of▁sentence｜>|MASK == ViewDescriptor.class) {
            return (DescriptorExtensionList) new ViewDescriptor|MASK <｜end▁of▁sentence｜>|MASK<｜end▁of▁sentence｜>|MASK );
    }

    /**
     * Creates a new instance.
|[MASK]<｜end▁of▁sentence｜>|MASK<｜end▁of▁sentence｜>|MASK<｜end▁of▁sentence｜>|MASK<｜end▁of▁sentence｜>|MASK<｜end▁of▁sentence｜>|MASK;
    }

    /**
     * Creates a new instance.
|MASK<｜end▁of▁sentence｜>",
685,warnings,MASK,False,7,MASK|MASK|MASK|MASK|MASK|MASK|MASK,[MASK]<｜end▁of▁sentence｜>,[MASK]<｜end▁of▁sentence｜>|[MASK]<｜end▁of▁sentence｜>|MASK<｜end▁of▁sentence｜>|MASK<｜end▁of▁sentence｜>|  MASK<｜end▁of▁sentence｜>|MASK<｜end▁of▁sentence｜>|MASK<｜end▁of▁sentence｜>,
686,charsetObj,charset,False,3,charset|charset|ByteBuffer,  charset<｜end▁of▁sentence｜>,"  charset<｜end▁of▁sentence｜>|charset);

		assertThat(IOUtils.toByteArray(createResponse(creat|ByteBuffer.wrap(content.getBytes(charset))
				.flip()
",
687,listeners,MASK,False,3,MASK|waiting|MASK,  [MASK]<｜end▁of▁sentence｜>,  [MASK]<｜end▁of▁sentence｜>|waiting<｜end▁of▁sentence｜>|MASK<｜end▁of▁sentence｜>,
688,x500Principal,subject,False,2,subject|subject,subject<｜end▁of▁sentence｜>,subject<｜end▁of▁sentence｜>|subject<｜end▁of▁sentence｜>,
689,samplers,MASK,False,4,MASK|MASK|MASK|MASK,"[MASK] );

	public native void glDeleteSamplers (int count, int","[MASK] );

	public native void glDeleteSamplers (int count, int|[MASK] );

	public native void glDeleteSamplers (int count, int|[MASK] );

	public native void glDeleteSamplers (int count, int|MASK );

	public native boolean glIsSampler (int sampler);

	public",
690,attributes,for,False,11,for|MASK|MASK|MASK|MASK|MASK|MASK|MASK|MASK|MASK|MASK,"for use in the {@code native-image} build configuration.
 *
 * This class is","for use in the {@code native-image} build configuration.
 *
 * This class is|[MASK]<｜end▁of▁sentence｜>|[MASK]<｜end▁of▁sentence｜>|[MASK]<｜end▁of▁sentence｜>|MASK  ;
	}

	private Map<String, Object> toAttributes(ResourcePattern|[MASK]<｜end▁of▁sentence｜>|MASK<｜end▁of▁sentence｜>|MASK<｜end▁of▁sentence｜>|MASK<｜end▁of▁sentence｜>|MASK<｜end▁of▁sentence｜>|MASK<｜end▁of▁sentence｜>",
691,element,,False,28,|MASK|MASK|MASK|MASK|MASK|MASK|MASK|MASK|annotations|MASK|MASK|MASK|MASK|MASK|MASK|MASK|MASK|MASK|MASK|MASK|MASK|MASK|MASK|MASK|Expected|MASK|MASK,"
     *  [MASK]<｜end▁of▁sentence｜>","
     *  [MASK]<｜end▁of▁sentence｜>|[MASK] ,
            Class<? extends Annotation>... expectedAnnotations) {|[MASK]<｜end▁of▁sentence｜>|[MASK]<｜end▁of▁sentence｜>|[MASK]<｜end▁of▁sentence｜>|MASK , AnnotationC.class);

        try {
             MASK .is|MASK<｜end▁of▁sentence｜>|[MASK]<｜end▁of▁sentence｜>|MASK<｜end▁of▁sentence｜>|annotations<｜end▁of▁sentence｜>|[MASK]<｜end▁of▁sentence｜>|MASK<｜end▁of▁sentence｜>|[MASK]<｜end▁of▁sentence｜>|[MASK]<｜end▁of▁sentence｜>|MASK<｜end▁of▁sentence｜>|MASK .getDeclaredAnnotation(null);
            fail();
        } catch (Null|[MASK]<｜end▁of▁sentence｜>|[MASK]<｜end▁of▁sentence｜>|[MASK]<｜end▁of▁sentence｜>|MASK<｜end▁of▁sentence｜>|MASK<｜end▁of▁sentence｜>|MASK<｜end▁of▁sentence｜>|[MASK]<｜end▁of▁sentence｜>|MASK<｜end▁of▁sentence｜>|MASK<｜end▁of▁sentence｜>|"" + ""Expected "" + expected + "" for "" +  [MASK]  + "" and ""|MASK.getClass().getSimpleName()
              <｜end▁of▁sentence｜>|MASK<｜end▁of▁sentence｜>",
692,fileInfo,fileInfo,True,2,fileInfo|fileInfo,"fileInfo,
                                    byte[] data,
                                    int offset,
                                    int length
   ","fileInfo,
                                    byte[] data,
                                    int offset,
                                    int length
   |fileInfo);
        }
    }

    public static class SnapshotLifec",
693,builder,builder,True,19,builder|MASK|MASK|MASK|MASK|MASK|builder|MASK|MASK|MASK|builder||MASK|MASK|MASK|MASK|MASK|MASK|builder,builder<｜end▁of▁sentence｜>,"builder<｜end▁of▁sentence｜>|  [MASK]<｜end▁of▁sentence｜>|MASK, XContentType.JSON<｜end▁of▁sentence｜>|MASK.string()<｜end▁of▁sentence｜>|[MASK]<｜end▁of▁sentence｜>|[MASK] (clusterState.metadata())
            .settings<｜end▁of▁sentence｜>|builder<｜end▁of▁sentence｜>|[MASK]<｜end▁of▁sentence｜>|MASK<｜end▁of▁sentence｜>|  [MASK]<｜end▁of▁sentence｜>|builder<｜end▁of▁sentence｜>| <｜end▁of▁sentence｜>|[MASK]<｜end▁of▁sentence｜>|[MASK]<｜end▁of▁sentence｜>|[MASK]<｜end▁of▁sentence｜>|MASK<｜end▁of▁sentence｜>|MASK<｜end▁of▁sentence｜>| MASK .build();
    }

    private static Settings indexSettings(IndexVersion version|builder<｜end▁of▁sentence｜>",
694,model,,False,8,|MASK|MASK|expiryTimestamp|MASK|MASK|MASK|MASK, <｜end▁of▁sentence｜>," <｜end▁of▁sentence｜>|[MASK]<｜end▁of▁sentence｜>|MASK , ""model""<｜end▁of▁sentence｜>|expiryTimestamp = timeout == null ? null : Instant.now(clock).plus(timeout|MASK<｜end▁of▁sentence｜>|MASK<｜end▁of▁sentence｜>|[MASK]<｜end▁of▁sentence｜>|MASK<｜end▁of▁sentence｜>",
695,resource,resource,True,4,resource|resource|resource|resource,"resource;

import static org.springframework.web.servlet.resource.ResourceTransformer","resource;

import static org.springframework.web.servlet.resource.ResourceTransformer|resource<｜end▁of▁sentence｜>|resource) :
				this.nextChain.transform(request, resource) );
	}
|resource<｜end▁of▁sentence｜>",
696,playlistParserFactory,MASK,False,11,MASK|playlistTrackerFactory|MASK|MASK|MASK|MASK|MASK|MASK|HlsPlaylistParserFactory|MASK|MASK,"  [MASK] ;
    private HlsPlaylistTracker.Factory playlistTrack","  [MASK] ;
    private HlsPlaylistTracker.Factory playlistTrack|playlistTrackerFactory = DefaultHlsPlaylistTracker.FACTORY;
     |[MASK]<｜end▁of▁sentence｜>|MASK<｜end▁of▁sentence｜>|[MASK]<｜end▁of▁sentence｜>| MASK <｜end▁of▁sentence｜>|MASK<｜end▁of▁sentence｜>|MASK ;
      @Nullable
      CmcdConfiguration cmcdConfiguration =
          cm| HlsPlaylistParserFactory  MASK  = this. MASK ;
          HlsPlay|MASK , streamKeys);
      }
      @Nullable
      CmcdConfiguration cm|MASK ,
              playlistTrackerFactory,
              allowChunklessPreparation",
697,isBaseSection,MASK,False,2,MASK|MASK,MASK<｜end▁of▁sentence｜>,MASK<｜end▁of▁sentence｜>|MASK<｜end▁of▁sentence｜>,
698,setToCheck,dirtySet,False,2,dirtySet|dirtySet,  dirtySet<｜end▁of▁sentence｜>,"  dirtySet<｜end▁of▁sentence｜>|dirtySet.add(key)
            || (isChanged && dirtySet.remove(",
699,logger,MASK,False,17,MASK|MASK|MASK|MASK|MASK|MASK|logger|test|MASK|MASK|remote|MASK|MASK|MASK|MASK|MASK|MASK,[MASK]<｜end▁of▁sentence｜>,"[MASK]<｜end▁of▁sentence｜>|[MASK]
   * after this method returns.
   *
   * <p|[MASK]<｜end▁of▁sentence｜>|[MASK]  to install.
   *
   * @throws IllegalStateException if|[MASK]<｜end▁of▁sentence｜>|[MASK]<｜end▁of▁sentence｜>|logger for testing.
   *
   * <p>This can be called multiple times,|test is run.
   *
   * @param  [MASK]  The |MASK<｜end▁of▁sentence｜>|MASK<｜end▁of▁sentence｜>|remote logger<｜end▁of▁sentence｜>|[MASK]<｜end▁of▁sentence｜>|[MASK]<｜end▁of▁sentence｜>| MASK <｜end▁of▁sentence｜>|MASK<｜end▁of▁sentence｜>|MASK<｜end▁of▁sentence｜>| MASK<｜end▁of▁sentence｜>",
700,moduleClasses,MASK,False,3,MASK|moduleExports|modulePaths,[MASK]<｜end▁of▁sentence｜>,"[MASK]<｜end▁of▁sentence｜>|moduleExports.stream().filter(e -> e.startsWith(""java.lang|modulePaths<｜end▁of▁sentence｜>",
701,formattedString,MT,False,16,MT|p|);|item|mt|item||Result|item|ErrorIndex|parse|);|result|expectedResult|atted|,"MT""));
        cal.setTime(d);

        for (TestMultiPatternMatch","MT""));
        cal.setTime(d);

        for (TestMultiPatternMatch| p = new ParsePosition(0);

        for (TestMultiPatternMatchItem item|);

        for (TestMultiPatternMatchItem item : items) {
            sdf|(item.pattern);
            sdfmt.setBooleanAttribute(BooleanAttribute.PARSE|mt.setBooleanAttribute(BooleanAttribute.PARSE_ALLOW_WHITESPACE|, item.leniency);
            d.setTime(cal.getTime());
           |
            d.setTime(cal.getTime());
            sdfmt.format(|Result == null) {
                if (p.getErrorIndex() != -1)|"" + item.leniency
                            + "" should have failed"");
            }
            if|ErrorIndex() != -1) {
                errln(""error: parse error for string| parse error for string ""+item.parseString+"" -- idx[""+p.getIndex|"");
                continue;
            }
            sdfmt.format(d, result,|(!result.toString().equalsIgnoreCase(item.expectedResult)) {
                errln(""|.expectedResult + ""  but result was - "" + result);
            } else {
|atted results match!"" + result);
            }
        }
    }

    @|

    @Test
    public void TestParseMultiPatternMatch2() {
        //",
702,retrieverBuilder,innerRetriever,False,4,innerRetriever|innerRetriever|innerRetriever|innerRetriever,"  innerRetriever = (RetrieverBuilder) args[0];
            String inference","  innerRetriever = (RetrieverBuilder) args[0];
            String inference|   innerRetriever,
                    inferenceId,
                    inferenceText,
                    field,|  innerRetriever,
        String inferenceId,
        String inferenceText,
       |innerRetriever), new RetrieverSource(
            innerRetriever.getRet",
703,update,update,True,4,update|updateRequest|MASK|actionRespond,"update.UpdateRequest;
import org.elasticsearch.action.update.UpdateResponse;
","update.UpdateRequest;
import org.elasticsearch.action.update.UpdateResponse;
|updateRequest<｜end▁of▁sentence｜>|[MASK] .doc().sourceAsMap();
        assertThat(docMap.get(|actionRespond(UpdateRequest.class, null)
           <｜end▁of▁sentence｜>",
704,upsertMap,MASK,False,3,MASK|MASK|MASK,"  [MASK] = update.upsertRequest().sourceAsMap();
        assertThat(","  [MASK] = update.upsertRequest().sourceAsMap();
        assertThat(|[MASK]<｜end▁of▁sentence｜>|MASK  .get(User.Fields.PASSWORD.getPreferredName()), equalTo",
705,beansMap,applicationConfigs,False,3,applicationConfigs|applicationConfigs|applicationConfigs,applicationConfigs<｜end▁of▁sentence｜>,"applicationConfigs<｜end▁of▁sentence｜>|applicationConfigs
                .entrySet()
                .stream()
                .filter(entry|applicationConfigs .get(""dubbo-consumer-2.7.x"")
",
706,compositeFieldScript,MASK,False,3,MASK|MASK|MASK,      [MASK]<｜end▁of▁sentence｜>,"      [MASK]<｜end▁of▁sentence｜>|   MASK
                                .setFieldName(fieldName)
                                .setParams(params|MASK  , ctx<｜end▁of▁sentence｜>",
707,charset,charset,True,10,charset|charset|MASK|MASK||MASK|MASK|MASK|MASK|MASK,"charset.Charset;
import java.nio.charset.StandardCharsets;","charset.Charset;
import java.nio.charset.StandardCharsets;|charset<｜end▁of▁sentence｜>|  [MASK] <｜end▁of▁sentence｜>|[MASK]<｜end▁of▁sentence｜>| <｜end▁of▁sentence｜>|MASK<｜end▁of▁sentence｜>|[MASK]<｜end▁of▁sentence｜>|MASK<｜end▁of▁sentence｜>|MASK<｜end▁of▁sentence｜>|MASK<｜end▁of▁sentence｜>",
708,indicesStr,MASK,False,2,MASK|MASK,  MASK<｜end▁of▁sentence｜>,"  MASK<｜end▁of▁sentence｜>|MASK.replaceAll(""\\s+""<｜end▁of▁sentence｜>",
709,expressions,,False,5,|MASK|parameters|parameters|parameters,     <｜end▁of▁sentence｜>,"     <｜end▁of▁sentence｜>|[MASK] .add(filter());
             [MASK]<｜end▁of▁sentence｜>|parameters<｜end▁of▁sentence｜>|   parameters<｜end▁of▁sentence｜>|parameters<｜end▁of▁sentence｜>",
710,applicationContext,MASK,False,7,MASK|MASK|MASK|MASK|MASK|MASK|getObject,[MASK]<｜end▁of▁sentence｜>,[MASK]<｜end▁of▁sentence｜>|[MASK]<｜end▁of▁sentence｜>|[MASK]<｜end▁of▁sentence｜>|MASK<｜end▁of▁sentence｜>|MASK<｜end▁of▁sentence｜>|MASK<｜end▁of▁sentence｜>|).getObject( MASK<｜end▁of▁sentence｜>,
711,context,MASK,False,53,MASK|MASK|eventType|eventType|MASK|MASK|MASK|account|account|s|contexts||The|s|account|links|s|links|MASK||MASK|s|MASK|MASK|MASK||MASK||MASK|MASK||MASK|s|account|||s|MASK||s|||s|);||s|s|s|s|contexts|the|the|contexts,"[MASK] s;

    public IncidentEvent(
        String description,
","[MASK] s;

    public IncidentEvent(
        String description,
|  [MASK]<｜end▁of▁sentence｜>|eventType = eventType;
        this. <｜end▁of▁sentence｜>|  eventType;
        this. [MASK] s =   <｜end▁of▁sentence｜>|[MASK] s, template. [MASK] s);
    }

   |[MASK] s);
    }

    public static IncidentEvent parse(String|MASK s);
        return result;
    }

    public HttpRequest createRequest|account != null) {
            builder.field(Fields.ACCOUNT.getPreferred|account != null) {
            builder.field(Fields.ACCOUNT.getPreferred|s);
        }

        return builder;
    }

    public static class|contexts<｜end▁of▁sentence｜>| <｜end▁of▁sentence｜>|  The v1 api has a contexts field that is a list of contexts, and the v2|s)
            .filter(iec -> iec.type == IncidentEventContext|account s != null &&  account s.length > 0) {
            toXContent|  :  links) {
                builder.startObject();
                builder.field(Fields|s) {
                 links.toXContent(builder, params);
            }
           |   links<｜end▁of▁sentence｜>|  [MASK] s;
        final HttpProxy proxy;

        public Template(| <｜end▁of▁sentence｜>|[MASK]<｜end▁of▁sentence｜>| s;
            this.proxy = proxy;
        }

        @Override
       |[MASK]<｜end▁of▁sentence｜>| MASK<｜end▁of▁sentence｜>|MASK<｜end▁of▁sentence｜>| <｜end▁of▁sentence｜>|[MASK]<｜end▁of▁sentence｜>|  <｜end▁of▁sentence｜>| MASK] s.length;
                for (int i = 0; i < this.| MASK<｜end▁of▁sentence｜>|  <｜end▁of▁sentence｜>| MASK<｜end▁of▁sentence｜>|s, proxy);
        }

        public static Template parse(XContentParser parser)|account != null) {
                builder.field(Fields.ACCOUNT.getPreferred| <｜end▁of▁sentence｜>| <｜end▁of▁sentence｜>|   :   s[i]
                           <｜end▁of▁sentence｜>|  [MASK]<｜end▁of▁sentence｜>|  <｜end▁of▁sentence｜>|s, proxy);
        }

        public static class Builder {

            final Text| <｜end▁of▁sentence｜>| <｜end▁of▁sentence｜>|s.add( [MASK] );
                return this;
            }

           |  );
                return this;
            }

            public Builder addContexts(In| <｜end▁of▁sentence｜>|s.toArray(new IncidentEventContext.Template[this. s.size()]);|s.toArray(new IncidentEventContext.Template[this. s.size()]);|s.size()]);
                return new Template(description, eventType, incidentKey, client|s, proxy);
            }
        }
    }

    public static class Inc|contexts"");
        ParseField CONTEXT_DEPRECATED = new ParseField|the field name [MASK]
        // s<｜end▁of▁sentence｜>|the <｜end▁of▁sentence｜>|contexts<｜end▁of▁sentence｜>",
712,scrollH,scrollX,False,7,scrollX|scrollX|scrollX|scrollX|scrollX|scrollX|scrollX,"scrollX = handlePosition + delta;
					handlePosition = scrollX;
					","scrollX = handlePosition + delta;
					handlePosition = scrollX;
					|scrollX;
					scrollX = Math.max(hScrollBounds.x, scroll|scrollX = Math.max(hScrollBounds.x, scrollX);
					scroll|scrollX );
					scrollX  = Math.min(hScrollBounds.x + h|scrollX  = Math.min(hScrollBounds.x + hScrollBounds.width - h|scrollX );
					setScrollPercentX((scrollX - hScrollBounds.x|1 - (scrollX - hScrollBounds.x) / total);
					lastPoint",
713,context,context,True,2,context|context,"  context,
                                                   LeafShapeFieldData<GeoShapeValues> previous
   ","  context,
                                                   LeafShapeFieldData<GeoShapeValues> previous
   |context
            .reader()
           <｜end▁of▁sentence｜>",
714,registered,MASK,False,7,MASK|MASK|is|MASK|is|registeredSnapshots|registeredSnapshots,"[MASK]  before starting snapshotB
        assertBusy(() -> assertRegistered","[MASK]  before starting snapshotB
        assertBusy(() -> assertRegistered|MASK  before allowing snapshotB to continue
        assertBusy(() -> assertRegistered|is successful,
     *  [MASK]  snapshot from success is added to invoc|  [MASK] Runs from failure is added to invocationsSinceLastSuccess.
|  is added to invocationsSinceLastSuccess.
     */
    public void testFail|registeredSnapshots<｜end▁of▁sentence｜>|registeredSnapshots.getSnapshotsByPolicy(policyName).stream().map(SnapshotId",
715,start,MASK,False,2,MASK|MASK,  [MASK]<｜end▁of▁sentence｜>,  [MASK]<｜end▁of▁sentence｜>|MASK<｜end▁of▁sentence｜>,
716,className,className,True,2,className|className,  className<｜end▁of▁sentence｜>,  className<｜end▁of▁sentence｜>|className<｜end▁of▁sentence｜>,
717,httpClient,MASK,False,4,MASK||httpClient|httpClient,"[MASK] (String  [MASK] );

    @Override
    Service","[MASK] (String  [MASK] );

    @Override
    Service| <｜end▁of▁sentence｜>|httpClient<｜end▁of▁sentence｜>| httpClient);

    @Override
    ServiceBuilderOAuth10a  httpClient",
718,delta,MASK,False,31,MASK|MASK|MASK|MASK|scrollAmountX|scrollAmountY|scrollX|scrollY|scrollAmountX|scrollAmountY|MASK|MASK|MASK|MASK|MASK|MASK|MASK|MASK|MASK|MASK|MASK|MASK|MASK|MASK|MASK|MASK|MASK|MASK|MASK|MASK|MASK,"[MASK]  = x - lastPoint.x;
					float scrollH = handle","[MASK]  = x - lastPoint.x;
					float scrollH = handle|[MASK]<｜end▁of▁sentence｜>|MASK  = y - lastPoint.y;
					float scrollV = handlePosition + |MASK<｜end▁of▁sentence｜>|scrollAmountX, float scrollAmountY) {
				event.stop();
				|scrollAmountY) {
				event.stop();
				setScrollbarsVisible(|scrollX(scrollAmountX);
				if (!scrollY)  scrollY(scrollAmount|scrollY Y = 0;
				setScrollX(amountX + scrollAmountX);|scrollAmountX X;
				amountY -= scrollAmountY Y;
				|scrollAmountY Y;
				clamp();
				if (cancelTouchFocus && (|[MASK]<｜end▁of▁sentence｜>|MASK<｜end▁of▁sentence｜>|  MASK<｜end▁of▁sentence｜>|MASK );
		flickScrollListener.getGestureDetector().update(|[MASK]<｜end▁of▁sentence｜>|MASK / fadeAlphaSeconds);
			if (fadeAlpha <= 0)|[MASK]<｜end▁of▁sentence｜>|MASK ;
			clamp();

			if (flingTimer <= 0)|MASK ;
			if (flingTimer <= 0) {
				velocityX|[MASK] , (amountX - visualAmountX) * 7 *  [M|MASK )));
				else
					visualScrollX(Math.max(amount|MASK , (visualAmountX - amountX) * 7 *  MASK |MASK<｜end▁of▁sentence｜>|MASK<｜end▁of▁sentence｜>|MASK<｜end▁of▁sentence｜>|MASK , (visualAmountY - amountY) * 7 *  MASK |MASK )));
				animating = true;
			}
		} else if|MASK ;
					if (amountX < 0) scrollX(0);
					|MASK ;
					if (amountX < maxX) scrollX(maxX);
|MASK ;
					if (amountY > 0) scrollY(0);
					|MASK ;
					if (amountY < maxY) scrollY(maxY);
",
719,executionCount,MASK,False,3,MASK|MASK|MASK,         [MASK] <｜end▁of▁sentence｜>,         [MASK] <｜end▁of▁sentence｜>|MASK<｜end▁of▁sentence｜>|MASK<｜end▁of▁sentence｜>,
720,clientSecret,clientSecret,True,2,clientSecret|clientSecret,clientSecret<｜end▁of▁sentence｜>,"clientSecret<｜end▁of▁sentence｜>|clientSecret )
                .scope( ""profile""<｜end▁of▁sentence｜>",
721,snapshotA,snapshotName,False,9,snapshotName|snapshotName|snapshot|snapshotName|snapshotB|snapshotName|repo|snapshotName|snapshotName,"snapshotName = executePolicy(masterNode, policyName);
        logger.info(""Created","snapshotName = executePolicy(masterNode, policyName);
        logger.info(""Created|snapshotName);

        waitForSnapshot(repoName, snapshotName);

       |snapshot is registered before starting snapshotB
        assertBusy(() -> assertRegistered(|snapshotName)), 1, TimeUnit.MINUTES);

        // remove delay|snapshotB to be registered
        assertBusy(() -> assertRegistered(policyName|snapshotName, snapshotB)), 1, TimeUnit.MINUTES);

       |repo finalize runnable to allow it to finish
        TestDelayedRepoPlugin.|snapshotName);

        assertBusy(() -> {
            assertSnapshotSuccess(|snapshotName );
            assertMetadata(policyName, 1, 0, 0",
722,depth,space,False,12,space|MASK|MASK|MASK|MASK|MASK|MASK|MASK|MASK|MASK|MASK|MASK,space<｜end▁of▁sentence｜>,space<｜end▁of▁sentence｜>|[MASK] <｜end▁of▁sentence｜>|  [MASK]<｜end▁of▁sentence｜>|[MASK]<｜end▁of▁sentence｜>|MASK <｜end▁of▁sentence｜>|MASK  <｜end▁of▁sentence｜>|MASK<｜end▁of▁sentence｜>|MASK <｜end▁of▁sentence｜>| MASK <｜end▁of▁sentence｜>| MASK <｜end▁of▁sentence｜>| MASK<｜end▁of▁sentence｜>|MASK<｜end▁of▁sentence｜>,
723,child,plan,False,10,plan|plan|MASK|MASK|left|MASK|left|left|left|MASK,  plan<｜end▁of▁sentence｜>,"  plan<｜end▁of▁sentence｜>|plan<｜end▁of▁sentence｜>|[MASK]<｜end▁of▁sentence｜>|[MASK]<｜end▁of▁sentence｜>|left(), UnaryPlan.class). [MASK] (),
                new Limit(|MASK (),
                new Limit(EMPTY, new Literal(EMP|left ());
            assertEquals(as(optimizedPlan. right (), UnaryPlan.|left<｜end▁of▁sentence｜>|left<｜end▁of▁sentence｜>|MASK ());
            assertTrue(optimizedPlan.duplicated());
            assert",
724,delta,MASK,False,8,MASK|MASK|i|MASK|MASK|it|MASK|MASK,[MASK]<｜end▁of▁sentence｜>,"[MASK]<｜end▁of▁sentence｜>|[MASK]<｜end▁of▁sentence｜>|i<｜end▁of▁sentence｜>|[MASK]<｜end▁of▁sentence｜>|MASK<｜end▁of▁sentence｜>|it is zero, the counter is unchanged. It is illegal to
     * increment the counter if|MASK<｜end▁of▁sentence｜>|MASK );
    }

    /**
     * Returns whether this object is immutable",
725,humanReadable,MASK,False,3,MASK|MASK|MASK,  MASK<｜end▁of▁sentence｜>,  MASK<｜end▁of▁sentence｜>|[MASK]<｜end▁of▁sentence｜>|MASK<｜end▁of▁sentence｜>,
726,pluginsDirectory,pluginRealPath,False,2,pluginRealPath|pluginRealPath,"  pluginRealPath = Paths.get(uri).toRealPath();
            if (","  pluginRealPath = Paths.get(uri).toRealPath();
            if (|pluginRealPath.toString())) {
                throw new UserException(
                    ExitCodes",
727,testdefault,"23456"", ""1970 01 01 01",False,2,"23456"", ""1970 01 01 01|null","23456"", ""1970 01 01 01","23456"", ""1970 01 01 01|"",  null,
            null,     ""00:05"",  null,
",
728,pointer,MASK,False,8,MASK|MASK|MASK|MASK|MASK|button|MASK|MASK,[MASK]<｜end▁of▁sentence｜>,"[MASK]<｜end▁of▁sentence｜>|[MASK]<｜end▁of▁sentence｜>|MASK<｜end▁of▁sentence｜>|MASK<｜end▁of▁sentence｜>|MASK<｜end▁of▁sentence｜>|button.
		// This is a bit of a hack, but it's the only way|MASK<｜end▁of▁sentence｜>| MASK<｜end▁of▁sentence｜>",
729,toExclude,MASK,False,20,MASK|MASK|MASK|MASK|len|MASK|MASK|MASK|MASK|MASK|MASK|MASK|MASK|MASK|MASK|MASK|MASK|MASK|MASK|MASK,"[MASK] d, boolean isPath, TempBuf tempBuf) {
        if","[MASK] d, boolean isPath, TempBuf tempBuf) {
        if|[MASK]<｜end▁of▁sentence｜>| [MASK]<｜end▁of▁sentence｜>|MASK<｜end▁of▁sentence｜>|len * 3) / 2;
        if (buf.length < decodedCap|MASK<｜end▁of▁sentence｜>|MASK<｜end▁of▁sentence｜>|  MASK<｜end▁of▁sentence｜>|MASK<｜end▁of▁sentence｜>| MASK d && str.charAt(i) == '%');
            i--;
|[MASK]<｜end▁of▁sentence｜>|[MASK]<｜end▁of▁sentence｜>|MASK<｜end▁of▁sentence｜>| MASK<｜end▁of▁sentence｜>| MASK<｜end▁of▁sentence｜>|MASK<｜end▁of▁sentence｜>|MASK<｜end▁of▁sentence｜>|MASK<｜end▁of▁sentence｜>|MASK<｜end▁of▁sentence｜>|MASK<｜end▁of▁sentence｜>",
730,bulkRequest,MASK,False,3,MASK|MASK|MASK,  [MASK]<｜end▁of▁sentence｜>,"  [MASK]<｜end▁of▁sentence｜>|   MASK
                   <｜end▁of▁sentence｜>|MASK<｜end▁of▁sentence｜>",
731,bindingResult,MASK,False,5,MASK|MASK|MASK|MASK|MASK,[MASK]<｜end▁of▁sentence｜>,"[MASK]<｜end▁of▁sentence｜>|MASK);
		mav.addObject(BindingResult.MODEL_KEY_PRE|[MASK]<｜end▁of▁sentence｜>|MASK <｜end▁of▁sentence｜>|MASK<｜end▁of▁sentence｜>",
732,producerContext,producerContext,True,2,producerContext|producerContext,producerContext<｜end▁of▁sentence｜>,producerContext<｜end▁of▁sentence｜>|producerContext<｜end▁of▁sentence｜>,
733,features,features,True,1,features,"  features) {
        if (object == null) {
            serializer.out.","  features) {
        if (object == null) {
            serializer.out.",
734,resName,MASK,False,6,MASK|MASK|name|MASK|fieldNode|MASK,  MASK  <｜end▁of▁sentence｜>,"  MASK  <｜end▁of▁sentence｜>|MASK<｜end▁of▁sentence｜>|name<｜end▁of▁sentence｜>|[MASK]<｜end▁of▁sentence｜>|fieldNode.getName()<｜end▁of▁sentence｜>|MASK );
				fieldNode.getFieldInfo().setAlias( MASK<｜end▁of▁sentence｜>",
735,testtimezone,null,False,4,"null|null|null|01 01 19:30:00"","," ""123"",    null,
            null,     ""12"",     null,"," ""123"",    null,
            null,     ""12"",     null,| ""00:05"",  null,
            null,     ""00:0|"",  null,
            null,     ""12+34"",  null,
| 01 01 19:30:00"",
            ""ah",
736,field,MASK,False,5,MASK|MASK|field|MASK|MASK,[MASK]<｜end▁of▁sentence｜>,"[MASK]<｜end▁of▁sentence｜>|MASK<｜end▁of▁sentence｜>|field can be made private.
     *
     * @param  [MASK] |MASK<｜end▁of▁sentence｜>|MASK<｜end▁of▁sentence｜>",
737,columnName,columnName,True,1,columnName,"columnName) throws SQLException {
    return null;
  }

  @Override","columnName) throws SQLException {
    return null;
  }

  @Override",
738,currentFieldName,MASK,False,13,MASK|String|MASK|MASK|MASK|MASK|MASK|MASK|MASK|MASK|MASK|MASK|parser,  [MASK]<｜end▁of▁sentence｜>,"  [MASK]<｜end▁of▁sentence｜>|   String field<｜end▁of▁sentence｜>|[MASK] , parser.getDeprecationHandler())) {
                    try {
                       |[MASK]<｜end▁of▁sentence｜>|[MASK]<｜end▁of▁sentence｜>|MASK<｜end▁of▁sentence｜>|MASK <｜end▁of▁sentence｜>|[MASK]<｜end▁of▁sentence｜>|MASK<｜end▁of▁sentence｜>|MASK<｜end▁of▁sentence｜>|MASK  , parser.getDeprecationHandler())) {
                    if (token == X|MASK<｜end▁of▁sentence｜>|   parser.currentName()
                           <｜end▁of▁sentence｜>",
739,formatter,DateFormats,False,47,"DateFormats|May|null|null|null|;|TimeZone|();|logln|i|GMT|mm|970 01 01 12:34:56"",|space|PM|null|ient|fail|Time|*|String_ULocale|DateFormat|a||CalendarField|YEAR|length|i|was|try|getPatternInstance|df|Instance|public|00000002010.04.01"", ""2|,|10 04 01"",|2010-04-16 12:23:34|00002010041612233445|61223344560000000000|Z|a|for|}|x29|en|format",DateFormats for each of the 4 patterns in the patternChars<｜end▁of▁sentence｜>,"DateFormats for each of the 4 patterns in the patternChars<｜end▁of▁sentence｜>|, ""5 May 1997"", null, null, null, null, ""0| ""1/1/1997"", null, null, ""1/1/1|, 1997"", null, null, null, null, ""April 30|998"", null,
                ""1998-01-01"",|;
        Date date;
        DateFormat  [MASK] ;
        date =| TimeZone.setDefault(thedefault);
        DateFormat fmt = DateFormat.getDate|();
        if (!testdefault.equals(thedefault)) {
            errln(""FA| logln(""GMT is the default time zone"");
        else
            errln(""FA|i + 1]);
        }

        // try to parse the date
        SimpleDate|01 00:00:00 GMT 1997
       |:mm:ss a"", "" 04 05 06"",  null,|970 01 01 12:34:56"",
| space
            ""hh:mm:ss a"", ""12:34:56| ""12:34:56 PM"",  ""1970 01| //null,         ""12.34.56PM"",  ""197|ient(true);
        f.setLenient(lenient);

        f.|(""fail, date format hashcode not equal"");
        }
        if (!f.equals|Time() - 1000 * 60 * 60 * 8);|     *
     * The constructor should return a SimpleDateFormat instance with the given pattern,
|String_ULocale() {
        ULocale loc = new ULocale(""en|DateFormat(""yyyy-MM-dd"", ""yyyy-MM-dd"", new U| a clone of itself"");
        }
    }

    /*
     * Tests|
    }

    /*
     * Tests the constructor public SimpleDateFormat(String|CalendarField(int calendarField)
     */
    @Test
    public void TestDate|YEAR, Calendar.IS_LEAP_MONTH, Calendar.IS_LEAP|.length; i++) {
            DateFormat.Field field = DateFormat.Field.|i]);
            } catch (IllegalArgumentException e) {
                errln(""FAIL| was not suppose to return an exception when ""
                        + ""calling it with a calendar field|        try {
            DateFormat.getPatternInstance("""", null);
        } catch (|getPatternInstance("""", new Locale(""en_US"", ""US""));
            df =|            df = DateFormat.getPatternInstance(null, null, new Locale(""en_|Instance(String pattern) was not suppose to return an exception when constructing a new DateFormat object| public void TestNumericFieldPatterns() {
        // Test the numeric field patterns
|00000002010.04.01"", ""2|"",

            ""yyyyyyyyyyy.M.dddddddddd"",|10 04 01"",
            ""2010.4.0| ""2010-04-16 12:23:34|00002010041612233445|61223344560000000000|:00:00.000Z"",
        ""AD 400| a DateFormat instance
        DateFormat df = DateFormat.getDateTimeInstance(DateFormat.|        for (int i = 0; i < numData; i++) {
            try|            }

            // create output string
            String out = data[i + 1];|-2"",             ""78x29-5-2"" ),
            new Month|en@calendar=chinese"",      -1,               ""29/4/20|format(k000030));
        assertEquals(""hh:mm:ss b",
740,response,body,False,6,body|MASK|response|response|response|MASK,body of a response<｜end▁of▁sentence｜>,"body of a response<｜end▁of▁sentence｜>|[MASK]<｜end▁of▁sentence｜>|response the current response
	 * @param [MASK]<｜end▁of▁sentence｜>|response
	 * @return the body that was passed in or a modified (possibly new)|response<｜end▁of▁sentence｜>|MASK<｜end▁of▁sentence｜>",
741,parent,MASK,False,8,MASK|MASK|new|MASK|MASK|MASK|MASK|MASK,[MASK]<｜end▁of▁sentence｜>,"[MASK]<｜end▁of▁sentence｜>|MASK<｜end▁of▁sentence｜>|new CacheDisposable<T>(observer, MASK<｜end▁of▁sentence｜>|[MASK]<｜end▁of▁sentence｜>|MASK<｜end▁of▁sentence｜>|MASK<｜end▁of▁sentence｜>|MASK<｜end▁of▁sentence｜>|MASK<｜end▁of▁sentence｜>",
742,lookup,MASK,False,7,MASK|MASK|ValueFetcher|lookup|getFieldDataLookup|lookup|valueFetcher,[MASK]<｜end▁of▁sentence｜>,"[MASK]<｜end▁of▁sentence｜>| [MASK]<｜end▁of▁sentence｜>|ValueFetcher;
import org.elasticsearch.search.aggregations.bucket|lookup<｜end▁of▁sentence｜>|getFieldDataLookup<｜end▁of▁sentence｜>|lookup<｜end▁of▁sentence｜>|valueFetcher
                .getSource(context, 0)
                .getSource",
743,impls,MASK,False,3,MASK|MASK|MASK,  [MASK]<｜end▁of▁sentence｜>,  [MASK]<｜end▁of▁sentence｜>|   MASK<｜end▁of▁sentence｜>|MASK<｜end▁of▁sentence｜>,
744,beanName,MASK,False,5,MASK|beanName|staticField|beanName|staticField,[MASK]<｜end▁of▁sentence｜>,[MASK]<｜end▁of▁sentence｜>|  beanName<｜end▁of▁sentence｜>|staticField<｜end▁of▁sentence｜>|beanName<｜end▁of▁sentence｜>|staticField<｜end▁of▁sentence｜>,
745,other,MASK,False,10,MASK|GroupId|MASK|||MASK||MASK||MASK,"[MASK] BucketId} into {@code [MASK] BucketId}.
","[MASK] BucketId} into {@code [MASK] BucketId}.
|GroupId} into {@code groupId}.
     * <p>
     *     The|  MASK<｜end▁of▁sentence｜>| <｜end▁of▁sentence｜>| <｜end▁of▁sentence｜>| [MASK] .getBucketValuesIndexes( [MASK] GroupId);
| <｜end▁of▁sentence｜>|  [MASK]<｜end▁of▁sentence｜>| <｜end▁of▁sentence｜>|  MASK .values.get(i), groupId);
        }
    }
",
746,contextClass,MASK,False,15,MASK|MASK|MASK|context|MASK|MASK|MASK|MASK|MASK|MASK|MASK|MASK|MASK|MASK|MASK,"[MASK]
     *    <｜end▁of▁sentence｜>","[MASK]
     *    <｜end▁of▁sentence｜>|[MASK]<｜end▁of▁sentence｜>|MASK<｜end▁of▁sentence｜>|context + ""' in thread '"" + Thread.currentThread().getName() + ""'"");
        }|[MASK]<｜end▁of▁sentence｜>|MASK <｜end▁of▁sentence｜>|MASK <｜end▁of▁sentence｜>|MASK<｜end▁of▁sentence｜>|MASK<｜end▁of▁sentence｜>|MASK<｜end▁of▁sentence｜>|MASK<｜end▁of▁sentence｜>|MASK<｜end▁of▁sentence｜>|MASK );
                        }
                        continue OUTER; // veto-ed. not shown|MASK<｜end▁of▁sentence｜>|MASK , e);
                    continue OUTER; // veto-ed. not shown
",
747,dataTypeName,dataTypeName,True,2,dataTypeName|dataTypeName,"dataTypeName) {
        return new EsqlIllegalArgumentException(""illegal data type [""","dataTypeName) {
        return new EsqlIllegalArgumentException(""illegal data type [""|dataTypeName + ""]"");
    }

    public static EsqlIllegalArgumentException",
748,visitor,MASK,False,7,MASK|MASK|MASK|mask|MASK|DTMIterator|MASK,[MASK]  method<｜end▁of▁sentence｜>,[MASK]  method<｜end▁of▁sentence｜>|MASK<｜end▁of▁sentence｜>|  [MASK]<｜end▁of▁sentence｜>|mask method<｜end▁of▁sentence｜>|[MASK]<｜end▁of▁sentence｜>|DTMIterator.FILTER_ACCEPT == MASK<｜end▁of▁sentence｜>|MASK<｜end▁of▁sentence｜>,
749,actual,MASK,False,2,MASK|MASK,  [MASK]<｜end▁of▁sentence｜>,"  [MASK]<｜end▁of▁sentence｜>|MASK);
    }

    public void testScriptId(String text) {
",
750,serverInputStream,MASK,False,12,MASK|MASK|MASK|MASK|MASK|MASK|MASK|MASK|MASK|MASK|MASK|MASK,[MASK]<｜end▁of▁sentence｜>,"[MASK]<｜end▁of▁sentence｜>|MASK<｜end▁of▁sentence｜>|MASK<｜end▁of▁sentence｜>|[MASK]<｜end▁of▁sentence｜>|MASK );
    multiplexer.setProcessFactory(params -> new FakeSub|MASK<｜end▁of▁sentence｜>|MASK<｜end▁of▁sentence｜>|MASK );
    multiplexer.setProcessFactory(params -> new FakeSub|MASK<｜end▁of▁sentence｜>|MASK<｜end▁of▁sentence｜>|MASK<｜end▁of▁sentence｜>|MASK<｜end▁of▁sentence｜>",
751,layer,layer,True,1,layer,"layer);

	public native void glFramebufferTextureLayer (int target, int attachment, int","layer);

	public native void glFramebufferTextureLayer (int target, int attachment, int",
752,destConfigDir,destConfigDir,True,17,destConfigDir|destConfigDir|destConfigDir|destConfigDir|destConfigDir|destConfigDir||MASK||||MASK|destConfigDir||destConfigDir||,"destConfigDir,
        List<Path> deleteOnFailure
    ) throws Exception {
","destConfigDir,
        List<Path> deleteOnFailure
    ) throws Exception {
|destConfigDir);
        }
    }

    /**
     * Moves the|destConfigDir}, along with permissions from dest dirs parent.
     *
     * @|destConfigDir<｜end▁of▁sentence｜>|destConfigDir<｜end▁of▁sentence｜>|destConfigDir<｜end▁of▁sentence｜>| <｜end▁of▁sentence｜>|   [MASK] .resolve(tmpConfigDir.getParent()),
                PosixFile| <｜end▁of▁sentence｜>| <｜end▁of▁sentence｜>|<｜end▁of▁sentence｜>|[MASK]<｜end▁of▁sentence｜>|destConfigDir<｜end▁of▁sentence｜>| <｜end▁of▁sentence｜>| destConfigDir
                   <｜end▁of▁sentence｜>| <｜end▁of▁sentence｜>|<｜end▁of▁sentence｜>",
753,accepted,MASK,False,16,MASK|isDebug|isDebug|result|MASK|MASK|MASK|MASK|MASK|MASK|isAccepted|isAccepted|isAccepted|isAccepted|MASK|MASK,"  [MASK] ;
            boolean isAccepted<｜end▁of▁sentence｜>","  [MASK] ;
            boolean isAccepted<｜end▁of▁sentence｜>|isDebug<｜end▁of▁sentence｜>|isDebug , new AnalyticsEvent(in)<｜end▁of▁sentence｜>|result<｜end▁of▁sentence｜>|[MASK]<｜end▁of▁sentence｜>|  [MASK]<｜end▁of▁sentence｜>|MASK<｜end▁of▁sentence｜>|MASK ;
        }

        public Response(StreamInput in) throws IOException {
|MASK<｜end▁of▁sentence｜>|MASK<｜end▁of▁sentence｜>|isAccepted()<｜end▁of▁sentence｜>|isAccepted()
              <｜end▁of▁sentence｜>|isAccepted()<｜end▁of▁sentence｜>|isAccepted()<｜end▁of▁sentence｜>|MASK<｜end▁of▁sentence｜>|MASK<｜end▁of▁sentence｜>",
754,invalidValue,randomValue,False,3,randomValue|randomValue|randomValue,  randomValue<｜end▁of▁sentence｜>,"  randomValue<｜end▁of▁sentence｜>|randomValue);
        assertThat(e.getMessage(), endsWith(""must be between "" + min|randomValue));
        assertThat(e.getMessage(), endsWith(""must be between "" + min",
755,outerFilterDocCount,filterDocCount,False,4,filterDocCount|filterDocCount|filterDocCount|sampledDocCount,"  filterDocCount = agg.getDocCount();
            SingleBucketAggregation inner","  filterDocCount = agg.getDocCount();
            SingleBucketAggregation inner|filterDocCount, equalTo(0L));
            } else {
                // subag|filterDocCount , equalTo(innerFilterDocCount));
                // sampled doc count is NOT|sampledDocCount<｜end▁of▁sentence｜>",
756,newChildren,newChildren,True,2,newChildren|newChildren,"newChildren) {
        return new ExtendedStats(source(), newChildren.get(0","newChildren) {
        return new ExtendedStats(source(), newChildren.get(0|newChildren.get(0));
    }

    @Override
    public Extended",
757,lastIndex,MASK,False,4,MASK|depthForOverflowCheck|keysToGet|keysToGet,  [MASK]<｜end▁of▁sentence｜>,"  [MASK]<｜end▁of▁sentence｜>|depthForOverflowCheck <｜end▁of▁sentence｜>|(keysToGet.size() - 1)<｜end▁of▁sentence｜>|keysToGet.size() - 1);
      if (lastParent == null) {",
758,valueStart,MASK,False,9,MASK|MASK|MASK|MASK|MASK|MASK|MASK|MASK|MASK,[MASK]<｜end▁of▁sentence｜>,"[MASK]<｜end▁of▁sentence｜>|MASK<｜end▁of▁sentence｜>|MASK<｜end▁of▁sentence｜>|MASK  = valueBlock.getFirstValueIndex(valuesPosition);
      int valueEnd = |MASK<｜end▁of▁sentence｜>| MASK ; valueOffset < valueEnd; valueOffset++) {
          BytesRef value|MASK  = valueBlock.getFirstValueIndex(valuesPosition);
      int valueEnd = |MASK<｜end▁of▁sentence｜>|MASK<｜end▁of▁sentence｜>",
759,applicationContext,context,False,3,context|context|context,  context<｜end▁of▁sentence｜>,  context<｜end▁of▁sentence｜>|context<｜end▁of▁sentence｜>|context<｜end▁of▁sentence｜>,
760,maxes,maxes,True,3,maxes|maxes|maxes,"maxes = Arrays.asList(1d, 3d, 7d,","maxes = Arrays.asList(1d, 3d, 7d,|maxes.get(i));
        }

        testSearchCase(
            DEFAULT|maxes .get(i));
        }

        testSearchCase(
            DEFAULT",
761,resolver,MASK,False,12,MASK|channel|MASK|MASK|Group|Group|Group|||MASK|AddressResolver|AddressResolver,[MASK]<｜end▁of▁sentence｜>,"[MASK]<｜end▁of▁sentence｜>|channel.ChannelHandlerContext<｜end▁of▁sentence｜>|  [MASK]<｜end▁of▁sentence｜>|  [MASK]<｜end▁of▁sentence｜>|Group = Objects.requireNonNull( [MASK] Group, "" [MASK]|Group, "" [MASK] Group"");
    }

    public AddressResolverGroup<|Group"");
    }

    @Override
    public String name() {
        return|<｜end▁of▁sentence｜>|<｜end▁of▁sentence｜>|[MASK]<｜end▁of▁sentence｜>|AddressResolver<｜end▁of▁sentence｜>|   AddressResolver .resolve(remoteAddress).addListener((FutureListener<SocketAddress>) future",
762,urlAuthSection,MASK,False,2,MASK|MASK,MASK      <｜end▁of▁sentence｜>,MASK      <｜end▁of▁sentence｜>|MASK<｜end▁of▁sentence｜>,
763,constantDynamic,string,False,5,string|String|Entry|UTF8_TAG|STANT_UTF8_TAG," string.
   */
  private void addConstantUtf8(final int index, final"," string.
   */
  private void addConstantUtf8(final int index, final| String value) {
    add(new Entry(index, Symbol.CONSTANT_UTF| Entry(index, Symbol.CONSTANT_UTF8_TAG, value, hash(Symbol|UTF8_TAG, value, hash(Symbol.CONSTANT_UTF8_TAG,|STANT_UTF8_TAG, value)));
  }

  /**
   *",
764,minDays,MASK,False,5,MASK|MASK|MASK|weekFields|offset,"[MASK]  = weekData.minimalDaysInFirstWeek;
    // Android","[MASK]  = weekData.minimalDaysInFirstWeek;
    // Android|  MASK<｜end▁of▁sentence｜>|MASK);
  }

  //-----------------------------------------------------------------------
  /**
   * Obtain| weekFields) {
            return new ComputedDayOfField(weekFields, DayOfWeek| offset, wowby);
            if (newYearWeek < 0) {
                new",
765,staticMethods,MASK,False,7,MASK|MASK||staticMethodsForExtensions|ThatReturnRequestOptions|staticMethodsForExtensions|staticMethodsForExtensions,[MASK]<｜end▁of▁sentence｜>,"[MASK]<｜end▁of▁sentence｜>|MASK ForExtensions);

    List<MethodAndStaticVar> staticOverrides| <｜end▁of▁sentence｜>|staticMethodsForExtensions =
        FluentIterable.from(
                requestOptions|ThatReturnRequestOptions) {
      if (element.getAnnotation(Deprecated.class)| staticMethodsForExtensions.add(
            new MethodAndStaticVar(
                MethodSpec|staticMethodsForExtensions;
  }

  private List<MethodAndStaticVar>",
766,refeshOnOperation,MASK,False,5,MASK|MASK|MASK|MASK|MASK,  [MASK]<｜end▁of▁sentence｜>,  [MASK]<｜end▁of▁sentence｜>|[MASK]<｜end▁of▁sentence｜>|[MASK]<｜end▁of▁sentence｜>| MASK<｜end▁of▁sentence｜>| MASK<｜end▁of▁sentence｜>,
767,currency,MASK,False,7,MASK|MASK|MASK|val|MASK|MASK|symbol,  [MASK]<｜end▁of▁sentence｜>,"  [MASK]<｜end▁of▁sentence｜>|MASK <｜end▁of▁sentence｜>|  [MASK]<｜end▁of▁sentence｜>|val<｜end▁of▁sentence｜>|MASK<｜end▁of▁sentence｜>|MASK<｜end▁of▁sentence｜>|symbol"");
                    if (symbol != null) {
                        return (T) Currency",
768,method,methods,False,5,methods|MASK|MASK|MASK|MASK,"methods.
 *
 * <p>This implementation is not thread-safe.
 *
","methods.
 *
 * <p>This implementation is not thread-safe.
 *
|[MASK]<｜end▁of▁sentence｜>|MASK<｜end▁of▁sentence｜>|MASK<｜end▁of▁sentence｜>|MASK<｜end▁of▁sentence｜>",
769,mediaDescription,MASK,False,14,MASK|MASK|rtspHeaders|MASK|MASK|MASK|MEDIA_TYPE_AUDIO|MASK|MASK|MASK|MASK|MASK|MASK|MASK,"[MASK]
   *   <｜end▁of▁sentence｜>","[MASK]
   *   <｜end▁of▁sentence｜>|  [MASK]<｜end▁of▁sentence｜>|   rtspHeaders.attributes.containsKey(CONTENT_BASE), ""missing attribute|MASK<｜end▁of▁sentence｜>|MASK .rtpMapAttribute.payloadType),
            rtspHeaders .attributes|MASK ) {
    return new RtpPayloadFormat(
        MASK .rt|MEDIA_TYPE_AUDIO.equals( [MASK] .mediaType))|MASK<｜end▁of▁sentence｜>|[MASK]<｜end▁of▁sentence｜>|MASK<｜end▁of▁sentence｜>|MASK<｜end▁of▁sentence｜>|MASK .mediaType)) {
      channelCount =
          inferChannelCount( [M|MASK<｜end▁of▁sentence｜>|MASK .rtpMapAttribute.getFmtpParametersAsMap();
    switch (",
770,zeroTermsQuery,,False,27,|analyzer|out|MASK|MASK|MASK|MASK|MASK|MASK|queryName|queryName|MASK|queryName|this|queryName|MASK|MASK|MASK|MASK|MASK|MASK|MASK|MASK|MASK|MASK|MASK|MASK,<｜end▁of▁sentence｜>,"<｜end▁of▁sentence｜>|analyzer = in.readOptionalString();
        [MASK] = ZeroTerms|out<｜end▁of▁sentence｜>|[MASK]<｜end▁of▁sentence｜>|[MASK]<｜end▁of▁sentence｜>|[MASK]<｜end▁of▁sentence｜>|[MASK] "" +
                ""<｜end▁of▁sentence｜>|[MASK] <｜end▁of▁sentence｜>| MASK <｜end▁of▁sentence｜>|queryName(String queryName) {
        this.queryName = queryName;
       |queryName) {
        this.queryName = queryName;
        return this;
|  [MASK]  = MASK ;
        return  [MASK] ( [M|queryName);
        return  [MASK] ( [MASK] Option);
   |this;
    }

    public String  queryName () {
        return this.|queryName String);
    }

    public String  [MASK] () {
|[MASK] <｜end▁of▁sentence｜>|[MASK] ;
    }

    public MatchPhraseQueryBuilder  queryName|[MASK] <｜end▁of▁sentence｜>|[MASK] );
        }
        if (queryName != null) {
|  MASK <｜end▁of▁sentence｜>| MASK <｜end▁of▁sentence｜>| MASK );
    }

    @Override
    protected boolean doEquals(Query other|  MASK<｜end▁of▁sentence｜>|[MASK]<｜end▁of▁sentence｜>|MASK<｜end▁of▁sentence｜>|MASK<｜end▁of▁sentence｜>|MASK );
        matchQuery.boost(boost);
        matchQuery.queryName(",
771,legal,allowed,False,8,allowed|legal|sequences|MASK|isRetained|legal|legal|legal,"allowed in the encoded
 *  form.
 *
 * <p>The default implementation uses","allowed in the encoded
 *  form.
 *
 * <p>The default implementation uses|legal [MASK]<｜end▁of▁sentence｜>|%} sequences.
     *
     * @param s the string to validate.
    |  MASK,
            Charset charset<｜end▁of▁sentence｜>|isRetained(ch)
                    || MASK<｜end▁of▁sentence｜>|legal  character in "" + MASK, i);
            }
        }
    }|legal<｜end▁of▁sentence｜>|legal<｜end▁of▁sentence｜>",
772,searchLookup,lookup,False,6,lookup|lookup|lookup|lookup|lookup|lookup,lookup<｜end▁of▁sentence｜>,lookup<｜end▁of▁sentence｜>|lookup.getField(leafFieldName)<｜end▁of▁sentence｜>|lookup<｜end▁of▁sentence｜>|lookup<｜end▁of▁sentence｜>|lookup<｜end▁of▁sentence｜>|lookup<｜end▁of▁sentence｜>,
773,routingTable,routingTable,True,5,routingTable|routingTable|routingTable|allocationService|get,  routingTable<｜end▁of▁sentence｜>,"  routingTable<｜end▁of▁sentence｜>|routingTable(routingTable)
            . [MASK]<｜end▁of▁sentence｜>|routingTable )
            .shards(
                Arrays.asList(
                   |allocationService (strategy)
            .reroute<｜end▁of▁sentence｜>|get<｜end▁of▁sentence｜>",
774,vVector,MASK,False,12,MASK|MASK|MASK|MASK|MASK|MASK|MASK|MASK|MASK|MASK|MASK|MASK,[MASK]<｜end▁of▁sentence｜>,[MASK]<｜end▁of▁sentence｜>|[MASK]<｜end▁of▁sentence｜>|[MASK]<｜end▁of▁sentence｜>|[MASK]<｜end▁of▁sentence｜>|MASK<｜end▁of▁sentence｜>|MASK <｜end▁of▁sentence｜>|[MASK]<｜end▁of▁sentence｜>|[MASK]<｜end▁of▁sentence｜>|MASK<｜end▁of▁sentence｜>|MASK <｜end▁of▁sentence｜>|MASK<｜end▁of▁sentence｜>|MASK<｜end▁of▁sentence｜>,
775,consumer,MASK,False,6,MASK|MASK|MASK|MASK|MASK|MASK,  [MASK]<｜end▁of▁sentence｜>,"  [MASK]<｜end▁of▁sentence｜>| [MASK]<｜end▁of▁sentence｜>| MASK<｜end▁of▁sentence｜>|  MASK<｜end▁of▁sentence｜>|MASK<｜end▁of▁sentence｜>|MASK );
  }
}

//imagepipeline/src/test/java",
776,prefix,mask,False,2,mask|mask,"  mask
   <｜end▁of▁sentence｜>","  mask
   <｜end▁of▁sentence｜>|mask
            + ""$""
            + scriptName
          <｜end▁of▁sentence｜>",
777,blockFactory,builder,False,3,builder|builder|builder,"  builder
       <｜end▁of▁sentence｜>","  builder
       <｜end▁of▁sentence｜>|builder
                    .newConstantNullBlock(selected.getPositionCount());
        }

|builder
           <｜end▁of▁sentence｜>",
778,apiSecret,apiSecret,True,3,apiSecret|withSecret|apiSecret,apiSecret<｜end▁of▁sentence｜>,"apiSecret<｜end▁of▁sentence｜>|withSecret(apiSecret)
                .withCallback(""oob"")
                .withScope|apiSecret<｜end▁of▁sentence｜>",
779,tests,},False,8,}|T00|dd||dfmt|d|if|lenient,"                            }
                        } catch (ParseException e) {
                            errln(""format "" +","                            }
                        } catch (ParseException e) {
                            errln(""format "" +|5T00:00:00Z"", ""z"", ""MST"", ""| dd qqqq"",      null),
                new TestMultiPatternMatchItem(false,|
        for (TestMultiPatternMatchItem item : items) {
            sdfmt.|dfmt.setBooleanAttribute(BooleanAttribute.PARSE_ALLOW_WHITESP|            d = sdfmt.parse(item.parseString, p);
            if (|                if (p.getErrorIndex() != -1)
                    continue;
               |/ lenient="" + item.leniency
                            + "" should have failed"");
           ",
780,itemOffset,itemTag,False,13,itemTag|itemIndex|MASK|memberRefItemOffset|itemIndex|MASK|MASK|itemIndex|memberRefItemOffset|itemIndex|memberRefItemOffset|memberRefItemOffset|MASK,"itemTag = inputBytes[ [MASK]  - 1];
      int nameAnd","itemTag = inputBytes[ [MASK]  - 1];
      int nameAnd|itemIndex - 1];
      int nameAndTypeItemOffset;
      switch (item|[MASK]  + 1));
          addConstantUtf8Reference(
              item|memberRefItemOffset, charBuffer),
              classReader.readUTF8(nameAndType|itemIndex));
          break;
        case Symbol.CONSTANT_STRING_TAG:|[MASK] <｜end▁of▁sentence｜>|MASK + 2, charBuffer),
              classReader.readUTF8(nameAndType|itemIndex ));
          break;
        case Symbol.CONSTANT_STRING_TAG|memberRefItemOffset + 2));
          addConstantMethodRef(
              itemIndex,
|itemIndex),
              classReader.readClass(memberRefItemOffset, charBuffer),
|memberRefItemOffset + 2));
          addConstantDynamicOrInvokeDynamicReference(
             |memberRefItemOffset + 3));
          break;
        case Symbol.CONSTANT_|MASK , charBuffer));
          break;
        case Symbol.CONSTANT_EN",
781,listener,MASK,False,10,MASK|MASK|MASK|MASK|MASK|MASK|MASK|MASK|MASK|MASK,[MASK]<｜end▁of▁sentence｜>,"[MASK]<｜end▁of▁sentence｜>|[MASK]<｜end▁of▁sentence｜>|[MASK]<｜end▁of▁sentence｜>|   [MASK]<｜end▁of▁sentence｜>|[MASK] )
           <｜end▁of▁sentence｜>|   MASK<｜end▁of▁sentence｜>|MASK<｜end▁of▁sentence｜>|MASK<｜end▁of▁sentence｜>|MASK<｜end▁of▁sentence｜>|MASK<｜end▁of▁sentence｜>",
782,fmtpAttributes,MASK,False,18,MASK|MASK|MASK|MASK|MASK|MASK|MASK|MASK|MASK|MASK|MASK|MASK|MASK|MASK|MASK|MASK|MASK|MASK,[MASK]<｜end▁of▁sentence｜>,"[MASK]<｜end▁of▁sentence｜>|[MASK]<｜end▁of▁sentence｜>|[MASK] ) {
    @Nullable String configInput =  [MASK] .get|[MASK]<｜end▁of▁sentence｜>|[MASK]<｜end▁of▁sentence｜>|[MASK]<｜end▁of▁sentence｜>|[MASK] .containsKey(PARAMETER_H264_SPROP_|[MASK]<｜end▁of▁sentence｜>|MASK<｜end▁of▁sentence｜>|MASK ) {
    checkArgument( MASK .containsKey(PARAMETER_H|[MASK]<｜end▁of▁sentence｜>|[MASK]<｜end▁of▁sentence｜>| MASK .containsKey(PARAMETER_H265_SPROP_MAX_|[MASK]<｜end▁of▁sentence｜>|[MASK] .containsKey(PARAMETER_H265_SPROP_|[MASK]<｜end▁of▁sentence｜>|MASK<｜end▁of▁sentence｜>|MASK<｜end▁of▁sentence｜>",
783,request,request,True,4,request|request|request|request,request<｜end▁of▁sentence｜>,"request<｜end▁of▁sentence｜>|request.getURI()
					.getPath().pathWithinApplication().value();
		|request.mutate().path(path.substring(basePath.length())).build()|request<｜end▁of▁sentence｜>",
784,password,keystore,False,6,keystore|MASK|MASK|MASK|MASK|MASK,keystore password<｜end▁of▁sentence｜>,keystore password<｜end▁of▁sentence｜>|[MASK]<｜end▁of▁sentence｜>|[MASK]<｜end▁of▁sentence｜>|MASK<｜end▁of▁sentence｜>|[MASK]<｜end▁of▁sentence｜>|MASK<｜end▁of▁sentence｜>,
785,srcSize,targetSize,False,4,targetSize|subsampledBitmap|subsampledBitmap|targetSize,  targetSize<｜end▁of▁sentence｜>,"  targetSize<｜end▁of▁sentence｜>|subsampledBitmap.getWidth()<｜end▁of▁sentence｜>|subsampledBitmap.getWidth() , subsampledBitmap.getHeight()<｜end▁of▁sentence｜>|targetSize<｜end▁of▁sentence｜>",
786,empty,MASK,False,9,MASK|MASK|MASK|hm|MASK|MASK|MASK|hm|forEach,"[MASK]  = new LinkedHashMap(5);
        assertNull(""Empty hasht","[MASK]  = new LinkedHashMap(5);
        assertNull(""Empty hasht|[MASK] .get(""nothing""));
         [MASK] .put(""something"",|[MASK]<｜end▁of▁sentence｜>|hm<｜end▁of▁sentence｜>|MASK<｜end▁of▁sentence｜>|MASK .get(""nothing""));
         MASK .put(""something"", ""here"");
|MASK .put(""something"", ""here"");
        assertTrue(""cannot get element"", |hm .get(""something"") == ""here"");
    }

    /**
    |forEach(new java.util.function.Consumer<String>() {
                    @Override
",
787,setterFunc,MASK,False,3,MASK|MASK|MASK,  [MASK]<｜end▁of▁sentence｜>,"  [MASK]<｜end▁of▁sentence｜>|MASK<｜end▁of▁sentence｜>|MASK, varName);
          }
        }
      }
    }
 ",
788,outputBlock,MASK,False,13,MASK|MASK|MASK|MASK|Builder||MASK|||||Block|Block,[MASK]<｜end▁of▁sentence｜>,"[MASK]<｜end▁of▁sentence｜>|  [MASK]<｜end▁of▁sentence｜>|  [MASK] =<｜end▁of▁sentence｜>|  MASK<｜end▁of▁sentence｜>|Builder);
    }

    @Override
    public void addInferenceRequest(Inf|  <｜end▁of▁sentence｜>|[MASK]<｜end▁of▁sentence｜>|  <｜end▁of▁sentence｜>|  <｜end▁of▁sentence｜>| <｜end▁of▁sentence｜>| <｜end▁of▁sentence｜>|  Block.getBlockType() == Block.BlockType.BYTES_REF
               |Block<｜end▁of▁sentence｜>",
789,additionalMatcherName,MASK,False,3,MASK|MASK|MASK,[MASK]<｜end▁of▁sentence｜>,[MASK]<｜end▁of▁sentence｜>|MASK<｜end▁of▁sentence｜>|   MASK<｜end▁of▁sentence｜>,
790,names,MASK,False,2,MASK|MASK,MASK<｜end▁of▁sentence｜>,MASK<｜end▁of▁sentence｜>|MASK<｜end▁of▁sentence｜>,
791,order,MASK,False,5,MASK|MASK|MASK|MASK|MASK,[MASK]<｜end▁of▁sentence｜>,"[MASK]<｜end▁of▁sentence｜>|[MASK]<｜end▁of▁sentence｜>|[MASK] <｜end▁of▁sentence｜>| MASK  ;
	}

	@Override
	public int getMask() {
		return| MASK <｜end▁of▁sentence｜>",
792,delegate,MASK,False,6,MASK|collection|collection|collection|MASK|collection,[MASK]<｜end▁of▁sentence｜>,[MASK]<｜end▁of▁sentence｜>|  collection<｜end▁of▁sentence｜>|collection<｜end▁of▁sentence｜>|collection<｜end▁of▁sentence｜>|MASK<｜end▁of▁sentence｜>|collection<｜end▁of▁sentence｜>,
793,julyStr,},False,3,}|fmt|d,"    }

    /**
     * Verify the correct behavior when parsing an array of","    }

    /**
     * Verify the correct behavior when parsing an array of| fmt.toPattern() + "" -> "" + d);
            if (d == null| "" -> "" + d);
            if (d == null || !d.equals(",
794,healthMetadata,healthMetadata,True,2,healthMetadata|healthMetadata,          healthMetadata<｜end▁of▁sentence｜>,"          healthMetadata<｜end▁of▁sentence｜>|healthMetadata
           <｜end▁of▁sentence｜>",
795,builders,MASK,False,4,MASK|MASK|MASK|MASK,  [MASK]<｜end▁of▁sentence｜>,"  [MASK]<｜end▁of▁sentence｜>|MASK<｜end▁of▁sentence｜>|MASK<｜end▁of▁sentence｜>|MASK);
    }

    private void createRepository(String repoName, String type",
796,bootstrapMethodArguments,return,False,11,return|null|hashCode|already|entry|tag|newLabelTable|labelEntries|value|final|return,"   * @return a new or already existing Symbol with the given value.
   */
 ","   * @return a new or already existing Symbol with the given value.
   */
 | != null) {
      if (entry.tag == Symbol.TYPE_TAG && entry| == hashCode && entry.value.equals(value)) {
        return entry.index;| already existing type Symbol with the given value.
   */
  int addUninitializedType| entry = get(hashCode);
    while (entry != null) {
      if|tag == Symbol.UNINITIALIZED_TYPE_TAG
          && entry.hash| = newLabelTable;
    }
    labelTable[labelCount++] = new Label|    labelEntries[index] = labelEntry;
    labelTable[labelCount++]| (value >> 32));
  }

  private static int hash(final int|, final String value1, final String value2) {
    return 0x7FFFF|    return 0x7FFFFFFF & (tag + value1.hashCode() *",
797,parentClass,MASK,False,7,MASK|MASK|MASK|android|MASK|MASK|MASK,[MASK]<｜end▁of▁sentence｜>,"[MASK]<｜end▁of▁sentence｜>|[MASK]<｜end▁of▁sentence｜>|MASK  .getAlias() <｜end▁of▁sentence｜>|""android.content.res.Resources""<｜end▁of▁sentence｜>|  [MASK]<｜end▁of▁sentence｜>|MASK<｜end▁of▁sentence｜>|MASK <｜end▁of▁sentence｜>",
798,other,params,False,2,params|params,params<｜end▁of▁sentence｜>,"params<｜end▁of▁sentence｜>|params
                .getParams());
    }

    public void addAll(ParameterList",
799,drmSessionManagerProvider,MASK,False,6,MASK|this|MASK|MASK|MASK|drmSessionManager,"[MASK] ;
    private @MetadataType int metadataType;
    private boolean use","[MASK] ;
    private @MetadataType int metadataType;
    private boolean use| this.playlistParserFactory = new DefaultHlsPlaylistParserFactory();
        this.|MASK<｜end▁of▁sentence｜>|MASK<｜end▁of▁sentence｜>| MASK <｜end▁of▁sentence｜>| drmSessionManager,
            loadErrorHandlingPolicy,
            playlistTrackerFactory",
800,usedBuiltInAnalyzers,MASK,False,15,MASK|Map|usedAnalyzers|usedSynonyms|usedBuiltInAnalyzers|usedBuiltInAnalyzers|usedBuiltInAnalyzers|usedBuiltInAnalyzers|MASK|usedBuiltInAnalyzers|usedBuiltInAnalyzers|usedBuiltInAnalyzers|usedBuiltInAnalyzers|usedBuiltInAnalyzers|usedBuiltInAnalyzers,  [MASK]<｜end▁of▁sentence｜>,"  [MASK]<｜end▁of▁sentence｜>|   Map<String, Settings> tokenizerSettings = indexSettings.getGroups(""index.analysis|usedAnalyzers.computeIfAbsent(analyzer, IndexFeatureStats::new);
|   usedSynonyms.values(),
            usedSynonyms.keySet()|usedBuiltInAnalyzers;
    private final Set<IndexFeatureStats> [M|usedBuiltInAnalyzers<｜end▁of▁sentence｜>|usedBuiltInAnalyzers = sort(usedBuiltInAnalyzers);
       |usedBuiltInAnalyzers <｜end▁of▁sentence｜>|[MASK]<｜end▁of▁sentence｜>|usedBuiltInAnalyzers  );
        out.writeMap(usedSynonym|usedBuiltInAnalyzers ;
    }

    public Map<String, Index|usedBuiltInAnalyzers<｜end▁of▁sentence｜>|usedBuiltInAnalyzers <｜end▁of▁sentence｜>|usedBuiltInAnalyzers<｜end▁of▁sentence｜>|usedBuiltInAnalyzers );
        builder.field(""synonyms"");
       ",
801,builder,MASK,False,4,MASK|MASK|MASK|MASK,[MASK]<｜end▁of▁sentence｜>,"[MASK]<｜end▁of▁sentence｜>|[MASK]<｜end▁of▁sentence｜>|MASK<｜end▁of▁sentence｜>|MASK.getUrls(dubboURLsJSON)
                   <｜end▁of▁sentence｜>",
802,matcher,MASK,False,4,MASK|MASK|MASK|MASK,[MASK] = Matchers.anything()<｜end▁of▁sentence｜>,"[MASK] = Matchers.anything()<｜end▁of▁sentence｜>|   [MASK]<｜end▁of▁sentence｜>|MASK<｜end▁of▁sentence｜>|MASK,
                fieldTypedData.name(),
                fieldTypedData.name",
803,counter,MASK,False,4,MASK|mask|MASK|mask,[MASK]<｜end▁of▁sentence｜>,[MASK]<｜end▁of▁sentence｜>|mask<｜end▁of▁sentence｜>|MASK<｜end▁of▁sentence｜>|mask<｜end▁of▁sentence｜>,
804,mediaPeriod,eventDispatcher,False,3,eventDispatcher|period|period,"  eventDispatcher= */ null, /* drmEventDispatcher= */ null);
   ","  eventDispatcher= */ null, /* drmEventDispatcher= */ null);
   |period) {
    ((HlsMediaPeriod)  [MASK] ).release();
|  period ).release();
  }

  @Override
  public void releasePeriods",
805,responseHeaders,MASK,False,8,MASK|MASK|MASK|MASK|MASK|MASK|MASK|MASK,[MASK]<｜end▁of▁sentence｜>,[MASK]<｜end▁of▁sentence｜>|[MASK] .getContentType()).isEqualTo(MediaType.APPLICATION_|[MASK]<｜end▁of▁sentence｜>|MASK<｜end▁of▁sentence｜>|[MASK]<｜end▁of▁sentence｜>|[MASK]<｜end▁of▁sentence｜>|MASK<｜end▁of▁sentence｜>|MASK<｜end▁of▁sentence｜>,
806,oldtz,Lundi,False,2,Lundi|u00F,"1 01 0:00:00"", ""Lundi"",   ""","1 01 0:00:00"", ""Lundi"",   ""|05 01 0:00:00"", ""\u00F",
807,buyPrice,MASK,False,12,MASK|MASK|MASK|MASK|MASK|MASK|MASK|MASK|MASK|MASK|MASK|MASK,[MASK] <｜end▁of▁sentence｜>,"[MASK] <｜end▁of▁sentence｜>|[MASK]<｜end▁of▁sentence｜>|[MASK]<｜end▁of▁sentence｜>|MASK <｜end▁of▁sentence｜>|MASK , double msrp, Set<OrderDetail> orderDetails) {
       this.|MASK<｜end▁of▁sentence｜>|MASK<｜end▁of▁sentence｜>|MASK"", nullable=false, precision=22, scale=0)
    public|[MASK] <｜end▁of▁sentence｜>|[MASK]<｜end▁of▁sentence｜>|MASK<｜end▁of▁sentence｜>|MASK<｜end▁of▁sentence｜>",
808,activityInfo,MASK,False,4,MASK|MASK|origInfo|origInfo,[MASK]<｜end▁of▁sentence｜>,[MASK]<｜end▁of▁sentence｜>|MASK<｜end▁of▁sentence｜>|  origInfo<｜end▁of▁sentence｜>|origInfo<｜end▁of▁sentence｜>,
809,duration,MASK,False,3,MASK|is|MASK,  [MASK] <｜end▁of▁sentence｜>,"  [MASK] <｜end▁of▁sentence｜>|is a very rough estimate of the time it takes to process
                // all updates, but it|MASK);
                logger.debug(
                    ""Completed draining and submitting [",
810,limit,pos,False,4,pos|the||mt,"pos.setBeginIndex(0);
                fpos.setEndIndex(0);
","pos.setBeginIndex(0);
                fpos.setEndIndex(0);
|, the output
                // should be the same as the reference string
                formatters[j|
                calendars[j].setTimeZone(gmt);
                calendars|mt);
                calendars[j].clear();
                ppos.setErrorIndex",
811,settingValue,MASK,False,12,MASK|MASK|MASK|MASK|MASK|MASK|MASK|MASK|MASK|MASK|MASK|MASK,[MASK]<｜end▁of▁sentence｜>,"[MASK]<｜end▁of▁sentence｜>|[MASK]<｜end▁of▁sentence｜>|MASK );
        final Setting<String> deprecatedSetting1 = Setting.simpleString(|[MASK] ).build();
        undeprecatedSetting1.checkDeprecation(settings|MASK ).build();
        undeprecatedSetting1.checkDeprecation(settings);
|[MASK] ,
            Property.Deprecated
        );
        criticalDeprecatedSetting|MASK<｜end▁of▁sentence｜>|MASK<｜end▁of▁sentence｜>|MASK );
        final Settings settings = Settings.builder().put(settingName,  M|[MASK]<｜end▁of▁sentence｜>|MASK<｜end▁of▁sentence｜>|MASK )
            .put(settingName + "".deprecation.skip_deprecated_",
812,dirtyType,MASK,False,3,MASK|MASK|markedDirtyResult,  MASK = isChanged ? MarkedDirtyResult.MASK_CHANGE : Mark,  MASK = isChanged ? MarkedDirtyResult.MASK_CHANGE : Mark|MASK<｜end▁of▁sentence｜>|  markedDirtyResult.getDirtyType()<｜end▁of▁sentence｜>,
813,position,group,False,2,group|ElementType,"  group) {
        ExpectedWork work = new ExpectedWork(false);
       ","  group) {
        ExpectedWork work = new ExpectedWork(false);
       |ElementType.DOUBLE<｜end▁of▁sentence｜>",
814,className,MASK,False,12,MASK|MASK|MASK|MASK|MASK|MASK|MASK|MASK|MASK|MASK|MASK|MASK,[MASK]<｜end▁of▁sentence｜>,[MASK]<｜end▁of▁sentence｜>|[MASK]<｜end▁of▁sentence｜>|[MASK]<｜end▁of▁sentence｜>|[MASK]<｜end▁of▁sentence｜>|MASK<｜end▁of▁sentence｜>|MASK<｜end▁of▁sentence｜>|MASK <｜end▁of▁sentence｜>|MASK<｜end▁of▁sentence｜>|MASK<｜end▁of▁sentence｜>|MASK<｜end▁of▁sentence｜>|MASK<｜end▁of▁sentence｜>|MASK<｜end▁of▁sentence｜>,
815,namedXContentRegistry,MASK,False,8,MASK|MASK|MASK|MASK|MASK|MASK|MASK|MASK,"[MASK] ,
            ClusterService clusterService,
            BigArrays bigAr","[MASK] ,
            ClusterService clusterService,
            BigArrays bigAr|[MASK]<｜end▁of▁sentence｜>|[MASK]<｜end▁of▁sentence｜>|[MASK] , clusterService, bigArrays, recoverySettings);
            this.delay|MASK<｜end▁of▁sentence｜>| MASK<｜end▁of▁sentence｜>|MASK ,
            ClusterService clusterService,
            BigArrays bigArrays,|MASK , clusterService, bigArrays, recoverySettings);
            this.beforeResponseRun",
816,fieldType,features,False,2,features|InetSocketAddress,"  features) {
        SerializeWriter out = serializer.out;

        if","  features) {
        SerializeWriter out = serializer.out;

        if|  InetSocketAddress.class
                        && object.getClass() !=   Inet",
817,ruleContext,MASK,False,9,MASK|MASK|MASK|MASK|MASK|MASK|MASK|MASK|MASK,[MASK]<｜end▁of▁sentence｜>,"[MASK]<｜end▁of▁sentence｜>| [MASK] 
            .getRule()
            .getOwner()
            .|MASK<｜end▁of▁sentence｜>|[MASK]<｜end▁of▁sentence｜>|[MASK]<｜end▁of▁sentence｜>|  [MASK]<｜end▁of▁sentence｜>|MASK 
             <｜end▁of▁sentence｜>|[MASK]<｜end▁of▁sentence｜>|MASK<｜end▁of▁sentence｜>",
818,inputFile,MASK,False,10,MASK|MASK|MASK|MASK|MASK|MASK|MASK|MASK|MASK|MASK,[MASK]<｜end▁of▁sentence｜>,"[MASK]<｜end▁of▁sentence｜>|[MASK]<｜end▁of▁sentence｜>|[MASK]<｜end▁of▁sentence｜>|MASK );
    setDigest(input, digest.getHash());
    return digest|[MASK]<｜end▁of▁sentence｜>|MASK .getParentDirectory()<｜end▁of▁sentence｜>|MASK<｜end▁of▁sentence｜>|[MASK]<｜end▁of▁sentence｜>|MASK<｜end▁of▁sentence｜>|MASK<｜end▁of▁sentence｜>",
819,predOwner,predOwner,True,3,predOwner|m_lpi|predOwner,  predOwner<｜end▁of▁sentence｜>,  predOwner<｜end▁of▁sentence｜>|m_lpi.getXPathContext()<｜end▁of▁sentence｜>|predOwner<｜end▁of▁sentence｜>,
820,annotation,annotation,True,9,annotation|MASK|MASK|MASK|MASK||Type|TYPE|Type,annotation<｜end▁of▁sentence｜>,"annotation<｜end▁of▁sentence｜>|[MASK]<｜end▁of▁sentence｜>|MASK<｜end▁of▁sentence｜>|MASK<｜end▁of▁sentence｜>|MASK.annotationType().getName()));
      }
      if ( key.getAnnotationType| <｜end▁of▁sentence｜>|Type != null) {
          name.append("", [MASK] ="").append|TYPE<｜end▁of▁sentence｜>|Type.getName()));
        } else {
          name.append("", TYPE ="").append",
821,serializeTestFail,Item,False,10,"Item|Sep|dd|20""),|yyyy|Sunday|yyyy|Tue|Sep|Sun","Item(false,      ""2013-Sep 13"",                ""yyyy","Item(false,      ""2013-Sep 13"",                ""yyyy|3-Sep 17"",                ""yyyy-MMM dd"",          ""2| dd"",          ""2013-Sep 17""),
                new TestMulti| 20""),
                new TestMultiPatternMatchItem(true,       ""201|         ""yyyy EEE MMM dd"",      ""2013 Sunday Sep | Sunday Sep 22""),
                new TestMultiPatternMatchItem(true,       ""2| ""yyyy EEE MMM dd"",      ""2013 Tue Sep |13 Tue Sep 24""),
                new TestMultiPatternMatchItem(false,| Sep 26"",            ""yyyy eee MMM dd"",      ""20|3 Sun Sep 29""),
                new TestMultiPatternMatchItem(true,       """,
822,services,services,True,3,services|services|GetInstance,services<｜end▁of▁sentence｜>,"services<｜end▁of▁sentence｜>|services<｜end▁of▁sentence｜>|GetInstance.getServices(""KeyAgreement"", algorithm)
               <｜end▁of▁sentence｜>",
823,onlyIfAbsent,a,False,3,a|.|," (a.length > size) {
            a[size] = null;
        }"," (a.length > size) {
            a[size] = null;
        }|.
     *
     * @param <T> type of array elements
     * @|
    /**
     * Returns a {@link Collection} view of the values contained in this map",
824,annotation,MASK,False,11,MASK|MergedAnnotations|MergedAnnotations|MASK|MASK|MASK|MASK|MASK|MASK|MASK|String,[MASK]<｜end▁of▁sentence｜>,"[MASK]<｜end▁of▁sentence｜>|MergedAnnotations<｜end▁of▁sentence｜>|MergedAnnotations<｜end▁of▁sentence｜>|[MASK]<｜end▁of▁sentence｜>|MASK<｜end▁of▁sentence｜>|MASK<｜end▁of▁sentence｜>|MASK<｜end▁of▁sentence｜>|[MASK]<｜end▁of▁sentence｜>|MASK<｜end▁of▁sentence｜>|[MASK]<｜end▁of▁sentence｜>|String.format(""Disabled on OS = %s, architecture = %s, reason = %",
825,snapshotMetrics,MASK,False,2,MASK|MASK,"[MASK] 
        ) {
            return Map.of(
                TestDelay","[MASK] 
        ) {
            return Map.of(
                TestDelay|MASK 
        ) {
            return Map.of(
                TestRestartBefore",
826,backingIndices,MASK,False,4,MASK|MASK|MASK|MASK,[MASK]<｜end▁of▁sentence｜>,[MASK]<｜end▁of▁sentence｜>|[MASK]<｜end▁of▁sentence｜>|MASK<｜end▁of▁sentence｜>|MASK <｜end▁of▁sentence｜>,
827,bound,bound,True,2,bound|bounds,"bound of the stdDeviation
     */
    double getStdDeviationBound(Bounds","bound of the stdDeviation
     */
    double getStdDeviationBound(Bounds|bounds);

    /**
     * The upper or lower  bound s of the std",
828,token,MASK,False,3,MASK|MASK|MASK,"[MASK] = null;
        parser.nextToken()<｜end▁of▁sentence｜>","[MASK] = null;
        parser.nextToken()<｜end▁of▁sentence｜>|MASK<｜end▁of▁sentence｜>|MASK<｜end▁of▁sentence｜>",
829,amountX,amountX,True,38,amountX|amountX|setScrollX|amountX|MASK|amountX|if|MASK|MASK|MASK|MASK|MASK|visualAmountX|MASK|visualAmountX|amountX|amountX|MASK|MASK|maxX|MASK|MASK|MASK|maxX|MASK|y|width||MASK|amountY|MASK|width|MASK|MASK|x|MASK|MASK|MASK,  amountX<｜end▁of▁sentence｜>,"  amountX<｜end▁of▁sentence｜>|amountX + actorArea.width * (x < hKnobBounds.x ? -1|   setScrollX(amountX + deltaX);
				}

			public void pan|amountX + getMouseWheelX() * scrollAmountX);
					clamp();|[MASK] , -overscrollDistance, maxX + overscrollDistance)
|amountX <｜end▁of▁sentence｜>|if (overscrollX) {
				velocityX = overscrollSpeedMin|[MASK]  < -overscrollDistance) velocityX = 0;
			if (|[MASK]  < 0) velocityX = 0;
			if ( [MASK|[MASK]<｜end▁of▁sentence｜>|MASK )
					visualScrollX(Math.min( [MASK] ,|[MASK]  , visualAmountX + Math.max(200 * delta,|visualAmountX -  [MASK] ) * 7 * delta)));
				else|MASK <｜end▁of▁sentence｜>|visualAmountX<｜end▁of▁sentence｜>|amountX) {
				if (visualAmountX < amountX)
					vis|amountX);
			animating = true;
		}

		if (anim|[MASK]<｜end▁of▁sentence｜>|[MASK]  -= (overscrollSpeedMin + (overscrollSpeedMax|(maxX -  [MASK] ) / overscrollDistance)
						* delta|[MASK]  < 0) scrollX(0);
					animating = true|[MASK]<｜end▁of▁sentence｜>|MASK  -= (overscrollSpeedMin
						+ (overscrollSpeedMax|maxX<｜end▁of▁sentence｜>|MASK  <｜end▁of▁sentence｜>| y, touchable);
	}

	public boolean contains (float x, float y) {|width, actorArea.height)) {
			drawChildren(shapes, 1);|

//core/src/com/badlogic/gdx/scenes/scene|[MASK] <｜end▁of▁sentence｜>|amountY<｜end▁of▁sentence｜>|  [MASK]  = x;
		float    [MASK]<｜end▁of▁sentence｜>|width;
		float  MASK  = this.height;
		float  M|[MASK]  = x + (width - actorArea.width) / 2;
|MASK<｜end▁of▁sentence｜>|x<｜end▁of▁sentence｜>|MASK <｜end▁of▁sentence｜>|[MASK] <｜end▁of▁sentence｜>|MASK<｜end▁of▁sentence｜>",
830,context,MASK,False,16,MASK|MASK|MASK|MASK|MASK|MASK|MASK|MASK|MASK|highlightContext|||MASK|MASK|MASK|fieldType,"[MASK] , SearchHighlightContext highlightContext, Query query) {
        return get","[MASK] , SearchHighlightContext highlightContext, Query query) {
        return get|[MASK]<｜end▁of▁sentence｜>|[MASK]<｜end▁of▁sentence｜>|[MASK]<｜end▁of▁sentence｜>|MASK<｜end▁of▁sentence｜>|[MASK]<｜end▁of▁sentence｜>|  [MASK]<｜end▁of▁sentence｜>|MASK<｜end▁of▁sentence｜>|[MASK]<｜end▁of▁sentence｜>|highlightContext.fields()) {
                    HighlightField highlightField = highlightFields.get(field| <｜end▁of▁sentence｜>| <｜end▁of▁sentence｜>| MASK<｜end▁of▁sentence｜>|[MASK]<｜end▁of▁sentence｜>|   MASK<｜end▁of▁sentence｜>|fieldType.isStored()<｜end▁of▁sentence｜>",
831,bucket,MASK,False,11,"MASK|MASK|MASK|MASK|B||B|[0,1]|MASK||bucket","[MASK] A = ZeroBucket.create(3.0, 10","[MASK] A = ZeroBucket.create(3.0, 10|[MASK]<｜end▁of▁sentence｜>|MASK .zeroThreshold(), equalTo(3.0));
    }

   |[MASK]<｜end▁of▁sentence｜>|B = ZeroBucket.create(3.5, 20);
        Z| <｜end▁of▁sentence｜>|B);
        assertThat(merged.zeroThreshold(), equalTo(3.0));|[0,1]
            .setPositiveBucket(1, 42)|MASK = ZeroBucket.create(3.0, 10);
       |<｜end▁of▁sentence｜>|bucket<｜end▁of▁sentence｜>",
832,workerOutputStream,MASK,False,15,MASK|MASK|MASK|MASK|MASK|MASK|MASK|MASK|MASK|MASK|MASK|MASK|MASK|MASK|MASK,[MASK]<｜end▁of▁sentence｜>,[MASK]<｜end▁of▁sentence｜>|MASK<｜end▁of▁sentence｜>|[MASK]<｜end▁of▁sentence｜>|[MASK]<｜end▁of▁sentence｜>|[MASK]<｜end▁of▁sentence｜>|MASK<｜end▁of▁sentence｜>|[MASK]<｜end▁of▁sentence｜>|MASK<｜end▁of▁sentence｜>|[MASK]<｜end▁of▁sentence｜>|MASK<｜end▁of▁sentence｜>|[MASK]<｜end▁of▁sentence｜>|MASK<｜end▁of▁sentence｜>|[MASK]<｜end▁of▁sentence｜>|MASK<｜end▁of▁sentence｜>|MASK<｜end▁of▁sentence｜>,
833,attribute,*;,False,3,*;|*;|attribute,"*;
import proguard.classfile.visitor.*;
import proguard.evaluation","*;
import proguard.classfile.visitor.*;
import proguard.evaluation|*;
import proguard.classfile.visitor.*;
import proguard.evaluation|attribute)
    {
        // Do nothing.
    }


    public void",
834,docIds,MASK,False,4,MASK|MASK|MASK|MASK,[MASK]<｜end▁of▁sentence｜>,"[MASK]<｜end▁of▁sentence｜>|   MASK  .add(docVector.shards().getInt(i));
                   |MASK<｜end▁of▁sentence｜>|MASK<｜end▁of▁sentence｜>",
835,allocator,allocator,True,2,allocator|allocator,"allocator,
      @Nullable TransferListener mediaTransferListener) {
    return createPeriod","allocator,
      @Nullable TransferListener mediaTransferListener) {
    return createPeriod|   allocator,
            startPositionUs,
            /* isSeekable= */ true",
836,response,response,True,3,response|response|response,response<｜end▁of▁sentence｜>,response<｜end▁of▁sentence｜>|response<｜end▁of▁sentence｜>|response<｜end▁of▁sentence｜>,
837,valuePerShardCounter,MASK,False,4,MASK|MASK|MASK|shardResults,[MASK]<｜end▁of▁sentence｜>,[MASK]<｜end▁of▁sentence｜>|MASK <｜end▁of▁sentence｜>|MASK<｜end▁of▁sentence｜>|shardResults.size()<｜end▁of▁sentence｜>,
838,expectedKeys,expectedKeys,True,3,expectedKeys|expectedKeys|expectedKeys,expectedKeys<｜end▁of▁sentence｜>,"expectedKeys<｜end▁of▁sentence｜>|expectedKeys<｜end▁of▁sentence｜>|expectedKeys);
        SpliteratorTester.testSpliteratorNPE(keys.",
839,stats,MASK,False,4,MASK|MASK|refresh|MASK,"  [MASK]  = entityAsMap(client().performRequest(new Request(""GET","  [MASK]  = entityAsMap(client().performRequest(new Request(""GET|   MASK <｜end▁of▁sentence｜>|refresh"")));
            } catch (IOException e) {
                throw new RuntimeException(|MASK.get(""indices"");
            Map<?, ?> theIndex = (Map",
840,myMap,m,False,3,m|hm2|hm2,"m = new HashMap();
        m.put(""KEY"", ""VALUE"");
        Linked","m = new HashMap();
        m.put(""KEY"", ""VALUE"");
        Linked|   hm2.put(objArray[counter], objArray[counter]);
        Linked|hm2);
        for (int counter = 0; counter < hmSize; counter",
841,descriptor,link,False,12,link|link|MASK|MASK|MASK|MASK|link|link|MASK|MASK|MASK|MASK,{@link Descriptor} type<｜end▁of▁sentence｜>,"{@link Descriptor} type<｜end▁of▁sentence｜>|{@link Descriptor}
     *                 <｜end▁of▁sentence｜>|[MASK] 
     *    <｜end▁of▁sentence｜>|[MASK]<｜end▁of▁sentence｜>|MASK<｜end▁of▁sentence｜>|MASK<｜end▁of▁sentence｜>|link<｜end▁of▁sentence｜>|link<｜end▁of▁sentence｜>|MASK <｜end▁of▁sentence｜>|MASK<｜end▁of▁sentence｜>|MASK<｜end▁of▁sentence｜>|MASK );

    /**
     * Decides if the given  link  should be",
842,runnable,MASK,False,4,MASK|MASK|MASK|MASK,[MASK]<｜end▁of▁sentence｜>,"[MASK]<｜end▁of▁sentence｜>|MASK<｜end▁of▁sentence｜>|MASK<｜end▁of▁sentence｜>| MASK
          .newInstance()
          .run();
  }

  public",
843,get_nf,u8FB0,False,2,u8FB0|u6708,u8FB0\u5E74\u56DB\u67,"u8FB0\u5E74\u56DB\u67|u6708\u521D\u4E8C"",
                                                                ",
844,fields,MASK,False,17,MASK|in|MergeState|MASK|MASK|MASK|MASK|MASK|MASK|MASK|MASK|MASK|MASK|MASK|in|FieldInfos|fields,[MASK]<｜end▁of▁sentence｜>,"[MASK]<｜end▁of▁sentence｜>|in  The  [MASK]  to copy from.
     * @param<｜end▁of▁sentence｜>|MergeState to restrict.
     * @param  [MASK]  The fields<｜end▁of▁sentence｜>|MASK .
     * @throws IOException<｜end▁of▁sentence｜>|  MASK<｜end▁of▁sentence｜>|MASK<｜end▁of▁sentence｜>|[MASK]<｜end▁of▁sentence｜>|MASK]<｜end▁of▁sentence｜>|MASK<｜end▁of▁sentence｜>|[MASK]<｜end▁of▁sentence｜>|[MASK]<｜end▁of▁sentence｜>|MASK<｜end▁of▁sentence｜>|MASK );
        }
        var docMaps = new Terms[in.docM|MASK<｜end▁of▁sentence｜>|in.fieldInfos,
            in.fieldInfos,
            in.fieldInf|FieldInfos <｜end▁of▁sentence｜>|fields we're referring to
        // and which fields we're not referring to
       ",
845,timeout,e,False,19,e|MASK|MASK|MASK|MASK|MASK|MASK|MASK|MASK|MASK|MASK|MASK|MASK|MASK|MASK|MASK|MASK|MASK|MASK,"e) {
 *           // stopping timed out
 *         }
 *       }
","e) {
 *           // stopping timed out
 *         }
 *       }
|[MASK]  the maximum time to wait
   * @param unit the time unit of|[MASK]<｜end▁of▁sentence｜>|MASK), NANOSECONDS);
  }

  /**
   *|MASK  the maximum time to wait
   * @param unit the time unit of the |[MASK]  argument
   * @throws TimeoutException if not all of the services| MASK , TimeUnit unit) throws TimeoutException {
    awaitHealthy(toN|MASK , unit);
  }

  /**
   * Returns a {@link List|MASK  the maximum time to wait
   * @param unit the time unit of the |MASK<｜end▁of▁sentence｜>|MASK<｜end▁of▁sentence｜>|MASK<｜end▁of▁sentence｜>|MASK<｜end▁of▁sentence｜>|MASK , TimeUnit unit) throws TimeoutException {
    state.awaitStopped|MASK , unit);
  }

  /**
   * Waits for the all|[MASK] , TimeUnit unit) throws TimeoutException {
      monitor.enter();|[MASK]<｜end▁of▁sentence｜>|MASK<｜end▁of▁sentence｜>|MASK<｜end▁of▁sentence｜>",
846,loader,MASK,False,10,MASK|MASK|MASK|MASK|MASK|MASK|MASK|MASK|MASK|MASK,[MASK]<｜end▁of▁sentence｜>,[MASK]<｜end▁of▁sentence｜>|[MASK]<｜end▁of▁sentence｜>|[MASK]<｜end▁of▁sentence｜>|[MASK]<｜end▁of▁sentence｜>|[MASK]<｜end▁of▁sentence｜>|[MASK]<｜end▁of▁sentence｜>|MASK<｜end▁of▁sentence｜>|MASK<｜end▁of▁sentence｜>|MASK<｜end▁of▁sentence｜>|MASK<｜end▁of▁sentence｜>,
847,newReplica,MASK,False,15,MASK|replica|getTranslog|MASK|MASK|MASK|replica|MASK|MASK|MASK|MASK|replica|replica|MASK|MASK,[MASK]  = shards.addReplicaWithExistingPath(orgPrimary.sh,"[MASK]  = shards.addReplicaWithExistingPath(orgPrimary.sh|replica);
            // file based recovery should be made
            assertThat(replica.re|getTranslog(orgPrimary).newSnapshot()
            ) {
                assertThat(snapshot|[MASK]<｜end▁of▁sentence｜>|MASK );
            shards.assertAllEqual(numDocs);
            assertThat(|[MASK] .recoveryState().getTranslog().recoveredOperations(), equalTo|replica ).totalOperations(), equalTo(softDeletesEnabled ? 0 : numD|[MASK] .commitStats().getUserData().get(Translog.TRANSLOG|MASK .getHistoryUUID(), not(equalTo(historyUUID)));
            // translog|  MASK<｜end▁of▁sentence｜>|MASK<｜end▁of▁sentence｜>|replica<｜end▁of▁sentence｜>|replica.indexSettings().isSoftDeleteEnabled() && snapshot.totalOperations() > 0|[MASK] .recoveryState().getTranslog().recoveredOperations(), equalTo|MASK .recoveryState().getIndex().fileDetails(), not(empty()));
        }",
848,request,MASK,False,7,MASK|MASK|MASK|request|request|request|request,[MASK] <｜end▁of▁sentence｜>,"[MASK] <｜end▁of▁sentence｜>|[MASK]<｜end▁of▁sentence｜>|MASK<｜end▁of▁sentence｜>|request<｜end▁of▁sentence｜>|   request.addQuerystringParameter(""api_key"", apiKey);
            request|request<｜end▁of▁sentence｜>|request<｜end▁of▁sentence｜>",
849,e1size,e1size,True,2,e1size|e1size,"  e1size = countEnumerationElements(e1);
        assertThat(""expect one","  e1size = countEnumerationElements(e1);
        assertThat(""expect one|e1size, is(1));
        assertThat(""expect one more element from the updated class",
850,field,mask,False,5,mask|MASK|MASK|MASK|MASK,mask<｜end▁of▁sentence｜>,mask<｜end▁of▁sentence｜>|[MASK]<｜end▁of▁sentence｜>|[MASK]<｜end▁of▁sentence｜>|[MASK]<｜end▁of▁sentence｜>|MASK<｜end▁of▁sentence｜>,
851,allMethodsAndStaticVars,staticOverrides,False,5,staticOverrides|MASK|MASK|MASK|MASK,staticOverrides<｜end▁of▁sentence｜>,"staticOverrides<｜end▁of▁sentence｜>| [MASK] .add(new MethodAndStaticVar(item));
    }
   | MASK .add(item);
    }
    for (MethodSpec methodSpec : instance|  MASK .addAll(staticOverrides);

    List<MethodAndStatic|MASK ) {
      if (methodAndStaticVar.method != null) {
",
852,pictureData,MASK,False,16,MASK|MASK|MASK|MASK|MASK|mimeType|MASK|MASK|MASK|MASK|MASK|MASK|MASK|MASK|MASK|MASK,[MASK]<｜end▁of▁sentence｜>,"[MASK]<｜end▁of▁sentence｜>|[MASK]<｜end▁of▁sentence｜>| [MASK]<｜end▁of▁sentence｜>| MASK <｜end▁of▁sentence｜>|  MASK<｜end▁of▁sentence｜>|mimeType, description, width, height, depth, colors<｜end▁of▁sentence｜>|[MASK]<｜end▁of▁sentence｜>| MASK<｜end▁of▁sentence｜>|MASK<｜end▁of▁sentence｜>| MASK<｜end▁of▁sentence｜>|  [MASK]<｜end▁of▁sentence｜>|MASK<｜end▁of▁sentence｜>|[MASK]<｜end▁of▁sentence｜>|MASK<｜end▁of▁sentence｜>| MASK<｜end▁of▁sentence｜>|MASK<｜end▁of▁sentence｜>",
853,className,className,True,2,className|className,  className   <｜end▁of▁sentence｜>,  className   <｜end▁of▁sentence｜>|className<｜end▁of▁sentence｜>,
854,staticMethodsForExtensions,staticMethodsForExtensions,True,2,staticMethodsForExtensions|staticMethodsForExtensions,staticMethodsForExtensions<｜end▁of▁sentence｜>,"staticMethodsForExtensions<｜end▁of▁sentence｜>|staticMethodsForExtensions);

    List<MethodAndStaticVar> staticOverrides",
855,includeQueuedWatches,includeQueuedWatches,True,3,includeQueuedWatches|includeQueuedWatches|includeQueuedWatches,"includeQueuedWatches) {
        request().includeQueuedWatches(include","includeQueuedWatches) {
        request().includeQueuedWatches(include|includeQueuedWatches(includeQueuedWatches);
        return this;
|includeQueuedWatches<｜end▁of▁sentence｜>",
856,canvas,canvas,True,2,canvas|canvas,  canvas<｜end▁of▁sentence｜>,"  canvas<｜end▁of▁sentence｜>| canvas
          .setBitmap(sourceBitmap)
         <｜end▁of▁sentence｜>",
857,branchInstruction,branchInstruction,True,2,branchInstruction|branchInstruction,  branchInstruction<｜end▁of▁sentence｜>,"  branchInstruction<｜end▁of▁sentence｜>|branchInstruction);

                        return;
                    }

                    // Are we not at",
858,minSdkVersion,minSdkVersion,True,6,minSdkVersion|whether|oldMinSdkVersion|oldMinSdkVersion|minSdkVersion|oldMinSdkVersion,"minSdkVersion"";
    private static final String XML_NODEATTR_MAX_SDK","minSdkVersion"";
    private static final String XML_NODEATTR_MAX_SDK|whether the minSdkVersion is changed.
            // if it is, we need to check|  oldMinSdkVersion = Integer.parseInt(oldAndroidManifest.apkMeta|oldMinSdkVersion < Configuration.MIN_SDK_VERSION) {
                announceWarning|minSdkVersion is "" + oldMinSdkVersion + "", ""
                            + ""but|oldMinSdkVersion)
                      .append("" is below 14, you should set",
859,interval,MASK,False,5,MASK|MASK|MASK|MASK|MASK,[MASK]<｜end▁of▁sentence｜>,"[MASK]<｜end▁of▁sentence｜>|MASK <｜end▁of▁sentence｜>|MASK <｜end▁of▁sentence｜>|MASK<｜end▁of▁sentence｜>|MASK  ;
			}

			public Duration getDelayAfterFailure() {
",
860,oldValues,MASK,False,6,MASK|MASK|MASK|MASK|MASK|MASK,[MASK]<｜end▁of▁sentence｜>,"[MASK]<｜end▁of▁sentence｜>|[MASK]<｜end▁of▁sentence｜>|MASK <｜end▁of▁sentence｜>|MASK<｜end▁of▁sentence｜>|[MASK]<｜end▁of▁sentence｜>|MASK .size(), multimap().size());
    assertTrue(multimap().",
861,texture,MASK,False,6,MASK|MASK|MASK|MASK|MASK|MASK,[MASK]<｜end▁of▁sentence｜>,"[MASK]<｜end▁of▁sentence｜>|MASK<｜end▁of▁sentence｜>|[MASK] , atlasRegions, regions));
		}
		layout.|MASK<｜end▁of▁sentence｜>|MASK<｜end▁of▁sentence｜>|MASK<｜end▁of▁sentence｜>",
862,vertexNumbers,MASK,False,4,MASK|MASK|vertex|MASK,  [MASK]<｜end▁of▁sentence｜>,"  [MASK]<｜end▁of▁sentence｜>|   MASK.put(vertex,  [MASK] .size());
            vertex.|  vertex.getMask()
                                           .size());
            vertex.toXContent(|MASK  );
            builder.endObject();
        }
        builder.endArray",
863,relation,randomBoolean,False,11,randomBoolean|MASK|MASK|MASK|pushableLimitTestPlan|MASK|MASK|MASK|MASK|MASK|MASK,"randomBoolean;
import static org.elasticsearch.xpack.esql.optimizer.","randomBoolean;
import static org.elasticsearch.xpack.esql.optimizer.|[MASK]<｜end▁of▁sentence｜>|[MASK]<｜end▁of▁sentence｜>|[MASK] );
            UnaryPlan pushableLimitTestPlan = pushableLimitTestCase|  pushableLimitTestPlan.child()
               <｜end▁of▁sentence｜>| MASK<｜end▁of▁sentence｜>| MASK<｜end▁of▁sentence｜>|MASK );
            LogicalPlan nonPushableLimitTestPlan = nonPushable|MASK<｜end▁of▁sentence｜>|MASK<｜end▁of▁sentence｜>|MASK );
            Limit lowerLimit = new Limit(EMPTY, new Liter",
864,newChild,child,False,2,child|child,"  child, int               fromIdx, int               toIdx,
                                     Expression   ","  child, int               fromIdx, int               toIdx,
                                     Expression   |child, zoneId());
    }

    @Override
    public DayOfMonth clone",
865,validationException,MASK,False,8,MASK|MASK|MASK|MASK|MASK|MASK|MASK|MASK,  [MASK]<｜end▁of▁sentence｜>,  [MASK]<｜end▁of▁sentence｜>|[MASK]<｜end▁of▁sentence｜>|[MASK]<｜end▁of▁sentence｜>|[MASK]<｜end▁of▁sentence｜>|MASK <｜end▁of▁sentence｜>|MASK<｜end▁of▁sentence｜>|MASK<｜end▁of▁sentence｜>|MASK<｜end▁of▁sentence｜>,
866,dateText,locale,False,2,locale|if," locale);

                    tests.add(new Object[] { dateFormat, format, timeFormat"," locale);

                    tests.add(new Object[] { dateFormat, format, timeFormat| if (formattedString.contains(""N "")) { // will add ""."" after the end",
867,requestOptionsExtensionGenerator,requestOptionsExtensionGenerator,True,3,requestOptionsExtensionGenerator|MASK|MASK,  requestOptionsExtensionGenerator<｜end▁of▁sentence｜>,"  requestOptionsExtensionGenerator<｜end▁of▁sentence｜>|   [MASK] .getRequestOptionExtensionMethods(
                        glideExtensionClassNames))|   MASK .generateStaticMethodsForExtensions(
                        glideExtensionClassNames))
",
868,nonPushableLimitValue,MASK,False,3,MASK|MASK|precedingLimitValue,  [MASK]<｜end▁of▁sentence｜>,  [MASK]<｜end▁of▁sentence｜>|[MASK]<｜end▁of▁sentence｜>|precedingLimitValue<｜end▁of▁sentence｜>,
869,allowChunklessPreparation,MASK,False,12,MASK|useSessionKeys|MASK|MASK|MASK|MASK|MASK|MASK|MASK|MASK|MASK|metadataType,[MASK] <｜end▁of▁sentence｜>,"[MASK] <｜end▁of▁sentence｜>|useSessionKeys = false;
      timestampAdjusterInitializationTimeoutMs = C.TIME|[MASK] <｜end▁of▁sentence｜>|MASK ) {
      this. [MASK]  =  [MASK] ;
|MASK  =  [MASK] ;
      return this;
    }

   |MASK ;
      return this;
    }

    /**
     * Sets the|  [MASK] ,
             metadataType,
             useSessionKeys,
             timestamp|MASK ;
  private final @MetadataType int metadataType;
  private final boolean use|MASK ,
      @MetadataType int metadataType,
      boolean useSessionKeys,
|MASK <｜end▁of▁sentence｜>|MASK ;
    this.metadataType = metadataType;
    this.useSessionKeys|metadataType,
        useSessionKeys,
        timestampAdjusterInitializationTimeoutMs);",
870,atomicBoolean,MASK,False,8,MASK|MASK|MASK|MASK|MASK|MASK|EMPTY|intValue,[MASK]<｜end▁of▁sentence｜>,"[MASK]<｜end▁of▁sentence｜>|[MASK]<｜end▁of▁sentence｜>|[MASK] .get());
        build = Settings.builder().put(""foo.bar|MASK .get());
    }

    public void testSimpleUpdateWithDefault() {|MASK  = new AtomicReference<>(null);
        ClusterSettings.SettingUpd|MASK ::set, logger);
        Settings build = Settings.builder().put(""foo.|.EMPTY));
        assertEquals(2, c.a.intValue());
       |.intValue());

        Integer aValue = c.a;
        assertFalse(",
871,receiverClass,unbox,False,3,unbox|unbox|unbox,"unbox, String name) {
        MethodHandle handle = TYPE_OP_MAPPING","unbox, String name) {
        MethodHandle handle = TYPE_OP_MAPPING|unbox<｜end▁of▁sentence｜>|unbox + ""]"");
        }
        return handle;
    }

   ",
872,defaultValue,map,False,2,map|I," map to the specified stream.
     *
     * @param out the stream to which to"," map to the specified stream.
     *
     * @param out the stream to which to| I/O error occurs
     */
    @Override
    public void writeObject(Object",
873,inline,inline,True,5,inline|MASK|MASK|MASK|isMasked,inline<｜end▁of▁sentence｜>,"inline<｜end▁of▁sentence｜>|[MASK]<｜end▁of▁sentence｜>|MASK<｜end▁of▁sentence｜>|MASK<｜end▁of▁sentence｜>|isMasked(),
                    attachment.contentType()
                );
            } else if (",
874,level,level,True,14,level|MASK|MASK|MASK|MASK|MASK|MASK||MASK|message|message|MASK||,"level"");
    public static final ParseField MASK = new ParseField(""  mask","level"");
    public static final ParseField MASK = new ParseField(""  mask|[MASK]<｜end▁of▁sentence｜>|[MASK]<｜end▁of▁sentence｜>|[MASK]<｜end▁of▁sentence｜>|[MASK]<｜end▁of▁sentence｜>|[MASK] <｜end▁of▁sentence｜>|[MASK] <｜end▁of▁sentence｜>|<｜end▁of▁sentence｜>| MASK ;
    }

    public String getMask() {
        return  M|message.equals(other.message)
            && clazz.equals(other.clazz|message )
            && clazz .equals(other.clazz )
            && method .|MASK<｜end▁of▁sentence｜>| <｜end▁of▁sentence｜>| <｜end▁of▁sentence｜>",
875,onreturnMethod,MASK,False,5,MASK|MASK|MASK|MASK|MASK,[MASK]<｜end▁of▁sentence｜>,[MASK]<｜end▁of▁sentence｜>|[MASK] <｜end▁of▁sentence｜>|[MASK]<｜end▁of▁sentence｜>|MASK<｜end▁of▁sentence｜>| MASK <｜end▁of▁sentence｜>,
876,intValues,Integer,False,4,Integer|void|Object|stream,"Integer> fix1 = Setting.intSetting(""abc.tuv"", 20, ","Integer> fix1 = Setting.intSetting(""abc.tuv"", 20, | void validate(Integer value, Integer defaultValue) {
                if (value < 10)|?>, Object> context) {
                return ""abc.qrx"";
            }| .stream()
                    .map(e -> e.getKey() + ""=""",
877,whitelists,MASK,False,3,MASK|MASK|MASK,  [MASK]<｜end▁of▁sentence｜>,"  [MASK]<｜end▁of▁sentence｜>|   MASK
                    .add(WhitelistLoader.loadFromResourceFiles(P|MASK<｜end▁of▁sentence｜>",
878,observer,observer,True,2,observer|observer,observer<｜end▁of▁sentence｜>,observer<｜end▁of▁sentence｜>|observer<｜end▁of▁sentence｜>,
879,moRef,MASK,False,3,MASK|MASK|TestHelper,  [MASK]<｜end▁of▁sentence｜>,"  [MASK]<｜end▁of▁sentence｜>|   MASK<｜end▁of▁sentence｜>|   TestHelper.assertUndeliverable(errors, 0, TestException.class",
880,annotatedElement,MASK,False,6,MASK|MASK|MASK|MASK|MASK|MASK,[MASK]<｜end▁of▁sentence｜>,[MASK]<｜end▁of▁sentence｜>|[MASK]<｜end▁of▁sentence｜>|[MASK]<｜end▁of▁sentence｜>|MASK<｜end▁of▁sentence｜>|MASK<｜end▁of▁sentence｜>|MASK<｜end▁of▁sentence｜>,
881,slash,MASK,False,3,MASK|MASK|MASK,  [MASK]<｜end▁of▁sentence｜>,"  [MASK]<｜end▁of▁sentence｜>|MASK
     <｜end▁of▁sentence｜>|MASK);
      if (dir.length() > 0) {
        super.zip",
882,doConnect,MASK,False,4,MASK|boolean|ps|ps,[MASK] = false<｜end▁of▁sentence｜>,"[MASK] = false<｜end▁of▁sentence｜>|   boolean MASK ;
            // if the current subscriber-to-source is not connected|ps.isDisposed()<｜end▁of▁sentence｜>|ps != null ) {
            ps.shouldConnect.compareAndSet(true, false",
883,dataSource,dataSource,True,2,dataSource|dataSource,dataSource<｜end▁of▁sentence｜>,"dataSource<｜end▁of▁sentence｜>|dataSource );
	}


	@Test
	@Timeout(1)
	void modifyTest",
884,rowIndices,MASK,False,12,MASK|MASK|pool|Pool|MASK|MASK|MASK|MASK|MASK|MASK|MASK|MASK,[MASK] <｜end▁of▁sentence｜>,"[MASK] <｜end▁of▁sentence｜>|  [MASK]
   <｜end▁of▁sentence｜>|= pool.newList(MASK);
        _ [MASK] .addAll(| Pool.get();
        _ MASK  =   pool.add(MASK);
   |[MASK]<｜end▁of▁sentence｜>|[MASK]<｜end▁of▁sentence｜>|MASK<｜end▁of▁sentence｜>|MASK<｜end▁of▁sentence｜>|  [MASK]<｜end▁of▁sentence｜>|   MASK<｜end▁of▁sentence｜>|   MASK <｜end▁of▁sentence｜>|MASK<｜end▁of▁sentence｜>",
885,meanTime,MASK,False,11,MASK|MASK|MASK|MASK|MASK|MASK|MASK|MASK|MASK|MASK|MASK,  [MASK]<｜end▁of▁sentence｜>,"  [MASK]<｜end▁of▁sentence｜>|MASK <｜end▁of▁sentence｜>|MASK<｜end▁of▁sentence｜>|[MASK]<｜end▁of▁sentence｜>|[MASK]<｜end▁of▁sentence｜>|MASK  == 0) return 0;
			return meanX /  MASK|MASK<｜end▁of▁sentence｜>|MASK<｜end▁of▁sentence｜>|MASK<｜end▁of▁sentence｜>|MASK<｜end▁of▁sentence｜>|MASK<｜end▁of▁sentence｜>",
886,toBytes,MASK,False,12,MASK|MASK|MASK|MASK|MASK|MASK|MASK|MASK|MASK|MASK|MASK|MASK,[MASK]<｜end▁of▁sentence｜>,[MASK]<｜end▁of▁sentence｜>|[MASK]<｜end▁of▁sentence｜>|[MASK]<｜end▁of▁sentence｜>|MASK<｜end▁of▁sentence｜>|[MASK]<｜end▁of▁sentence｜>|MASK<｜end▁of▁sentence｜>|MASK<｜end▁of▁sentence｜>|MASK<｜end▁of▁sentence｜>|[MASK]<｜end▁of▁sentence｜>|[MASK]<｜end▁of▁sentence｜>|MASK<｜end▁of▁sentence｜>|MASK<｜end▁of▁sentence｜>,
887,yearLen,WEEK_OF_MONTH_RANGE,False,9,WEEK_OF_MONTH_RANGE|date|DateTimePattern|icuName|if|else|MASK|MASK|week,", WEEK_OF_MONTH_RANGE);
                int days = localD",", WEEK_OF_MONTH_RANGE);
                int days = localD|date));
                int days = localDow - localizedDayOfWeek(date);  //|DateTimePattern(DateTimePatternGenerator.Field.WEEK_OF_YEAR);
| !icuName.isEmpty() ? icuName : name;
            } else {
|            if (temporal.isSupported(DAY_OF_WEEK))|            } else if (rangeUnit == ChronoUnit.MONTHS) {  // week|  MASK<｜end▁of▁sentence｜>|MASK<｜end▁of▁sentence｜>|week - newYearWeek, ChronoUnit.WEEKS);
                date = date.",
888,rowIndex,rowIndex,True,2,rowIndex|_engineConfig,rowIndex<｜end▁of▁sentence｜>,rowIndex<｜end▁of▁sentence｜>|_engineConfig<｜end▁of▁sentence｜>,
889,ports,MASK,False,3,MASK|MASK|MASK,  [MASK]<｜end▁of▁sentence｜>,"  [MASK]<｜end▁of▁sentence｜>|   MASK.add(address.getPort());
        }
        assertThat( [M|MASK.contains(9300));
        assertThat(MASK.contains(9",
890,context,MASK,False,15,MASK|test|AnnotationConfigServletWebServerApplicationContext|boot|context|MASK|MASK|MASK|MASK|MASK|MASK|MASK|MASK|MASK|MASK,[MASK]<｜end▁of▁sentence｜>,"[MASK]<｜end▁of▁sentence｜>|test.context.SpringBootTest;
import org.springframework.boot.test.context|AnnotationConfigServletWebServerApplicationContext;
import org.springframework.boot.web.server.|boot.web.server.servlet.ServletWebServerApplicationContext;
import org.springframework|context.annotation<｜end▁of▁sentence｜>|[MASK]<｜end▁of▁sentence｜>|[MASK] );
			webTestClient.get().uri(""/actuator/|[MASK]<｜end▁of▁sentence｜>|MASK<｜end▁of▁sentence｜>|MASK<｜end▁of▁sentence｜>|MASK<｜end▁of▁sentence｜>|MASK<｜end▁of▁sentence｜>|MASK<｜end▁of▁sentence｜>|MASK<｜end▁of▁sentence｜>|MASK<｜end▁of▁sentence｜>",
891,strings,_length,False,11,_length|Zone|PDT|;|Mon|if|dk|Format|of|by|if,"_length; ++j) {
                DateFormat fmt = DateFormat.getDateInstance(","_length; ++j) {
                DateFormat fmt = DateFormat.getDateInstance(|Zone.getTimeZone(""PDT"");
        dfFrench.setTimeZone(tz);|0 PDT"";
        String expectedUS_JDK12 = ""Mon Sep 1|"";
        String expectedUS_JDK12 = ""Mon Sep 15 0| ""Mon Sep 15 00:00:00 PDT 19|        if (!out.equals(expectedFRENCH_JDK12))
           |dk 1.3
        if (out.equals(expectedFRENCH_J|Format.FULL, Locale.ARABIC);
        DateFormat dfEn = Date| of 07/10/53 -0730 for pattern MM/| by formatToCharacterIterator(Number)"");
            }
        } catch (IllegalArgumentException|                if (p.getErrorIndex() != -1)
                    continue;
               ",
892,innerFilterDocCount,innerFilterDocCount,True,3,innerFilterDocCount|innerFilterDocCount|long,  innerFilterDocCount<｜end▁of▁sentence｜>,  innerFilterDocCount<｜end▁of▁sentence｜>|innerFilterDocCount<｜end▁of▁sentence｜>|(long) (sampledDocCount * 0.25)<｜end▁of▁sentence｜>,
893,params,params,True,1,params,params<｜end▁of▁sentence｜>,params<｜end▁of▁sentence｜>,
894,traceThreshold,traceThreshold,True,2,traceThreshold|traceThreshold,"traceThreshold) {
        this.indexTraceThreshold = traceThreshold.nanos","traceThreshold) {
        this.indexTraceThreshold = traceThreshold.nanos|traceThreshold<｜end▁of▁sentence｜>",
895,snapshot,MASK,False,138,MASK|MASK|MASK|blobstore|xpack|MASK|MASK|MASK|MASK|MASK|MASK|restarting|MASK|finalizeSnapshot|finalizeSnapshot|Metrics|finalizing|repositoryMetaVersion|snapshot|snapshot|MASK|MASK|MASK|MASK|SLM|A|snapshot|MASK|MASK|MASK|MASK|MASK|A|B|MASK|B|B|B|B|successful|MASK|MASK|MASK|Name|Name|is|MASK|MASK|MASK|MASK|MASK|MASK|MASK|Name|MASK|MASK|Name|Name2|MASK|MASK|Name2|Name2|MASK|Failed|client|();|SnapshotId|ForSnapshot|MASK|);|State|been|been|ListenersRepoPlugin|.|Cluster|thread||s|nable|MASK|ForSnapshot|MASK|Name|s|able|MASK|MASK|Name|MASK|MASK|getSnapshotLifecycleMetadata|MASK|MASK|MASK|MASK|MASK|MASK|MASK|MASK|new|MASK|MASK|new|MASK|MASK|MASK|MASK|MASK|MASK|MASK|MASK|MASK|MASK|MASK|MASK|MASK|MASK|MASK|MASK|MASK|MASK|MASK|MASK|snapshotName||name|MASK|MASK|MASK|MASK|MASK|MASK|MASK|MASK|policy|the|policy,"[MASK] s.get.GetSnapshotsRequest;
import org.elasticsearch.","[MASK] s.get.GetSnapshotsRequest;
import org.elasticsearch.|MASK s.get.GetSnapshotsResponse;
import org.elasticsearch.action.|MASK s.status.SnapshotsStatusResponse;
import org.elasticsearch.action.|blobstore.<｜end▁of▁sentence｜>|xpack.core.action.ActionRequest;
import org.elasticsearch.xpack.|[MASK] s.RegisteredPolicy;
import org.elasticsearch. [MASK|[MASK] s.Snapshot;
import org.elasticsearch. [MASK] s|MASK s.SnapshotInfo;
import org.elasticsearch. MASK s.SnapshotMissing|MASK s.SnapshotInfo.SnapshotInfoBuilder;
import org.elasticsearch. MASK|MASK s.SnapshotState;
import org.elasticsearch. MASK s.SnapshotInfo|MASK s.SnapshotState.SnapshotStateType;
import org.elasticsearch. MASK|restarting the cluster.
 *
 * This test is not run in the normal test suite|  [MASK]<｜end▁of▁sentence｜>|finalizeSnapshot(FinalizeSnapshotContext fsc) {
            var newFinalizeContext =|finalizeSnapshot(context, fileInfo);
        }
    }

    public static|Metrics
        ) {
            return Map.of(
                TestRestartBeforeListeners|finalizing a  [MASK]  and then waiting for it to be registered.
    |repositoryMetaVersion(),
                fsc,
                () -> {
                    // run the|snapshot<｜end▁of▁sentence｜>|snapshot,
     * it is not inferred to be a failure
     */
   |[MASK] Name = executePolicy(masterNode, policyName);
        logger.info|[MASK] : "" +  [MASK] A);

        // wait until |[MASK] A);
        logger.info(""Created  MASK  B: ""|[MASK] A is registered before starting  [MASK] B
        assertBusy|SLM callback
        assertBusy(() -> assertRegistered(policyName, List.|A)), 1, TimeUnit.MINUTES);

        // wait until  M|snapshot
        String  [MASK] B = executePolicy(masterNode, policyName|[MASK] B = executePolicy(masterNode, policyName);
        logger.info|MASK B: "" +  MASK B);

        // wait until both  MASK|MASK B);

        // wait until both  [MASK] s are registered before|[MASK]  are registered before allowing  [MASK] B to continue
        assert|[MASK] A to continue
        assertBusy(() -> assertRegistered(policy|A,  [MASK] B)), 1, TimeUnit.MINUTES);
|B)), 1, TimeUnit.MINUTES);

        // remove delay from |[MASK]  allowing it to finish
        TestDelayedRepoPlugin.removeDelay|B);

        assertBusy(() -> {
            assertSnapshotSuccess(repoName|B A);

        assertBusy(() -> {
            assertSnapshotSuccess(repo|B A);
            assertMetadata(policyName, 1, 0, 0);|B B);
            assertMetadata(policyName, 1, 0, 0);|successful  [MASK]  with a master restart,
     * registered  [M|MASK A = executePolicy(masterNode, policyName);
        logger.info(""Created|MASK Name: "" +  Name);

        // wait until  MASK Name is registered|MASK Name);

        // wait until  MASK A is registered before starting  SL|Name);

        assertBusy(() -> {
            assertSnapshotSuccess(repoName|Name);
            assertMetadata(policyName, 1, 0, 0);
|is empty
     */
    public void testFailSnapshot() throws Exception {
        final String|[MASK]  fails with PARTIAL status
        NetworkDisruption networkDisruption|[MASK]<｜end▁of▁sentence｜>|[MASK] Name = executePolicy(masterNode, policyName);
        logger.info|MASK : "" +  MASK Name);

        // restart  MASK  after |MASK Name);

        // restart  [MASK]  after  [MASK|[MASK]  after  [MASK]  finalize, but before SLM callback|[MASK]<｜end▁of▁sentence｜>|Name);
            assertMetadata(policyName, 0, 0, 0);
|[MASK] Name));
        }, 1, TimeUnit.MINUTES);
|[MASK] Name = executePolicy(masterNode, policyName);
        logger.info|Name,  Name2);
        logger.info(""Created  Name : "" +  Name2|Name2);
        logger.info(""Created  [MASK] : "" +  [M|MASK : "" +  MASK Name2);

        // wait for  MASK |MASK Name2);

        // restart  MASK  after  MASK  final|Name2);

        assertBusy(() -> {
            assertSnapshotSuccess(repo|Name2);
            assertMetadata(policyName, 1, 1, 0);|MASK  fails with PARTIAL status
        NetworkDisruption networkDisruption = isol|(""Failed to create snapshot policy "" + policyName, e);
            throw new RuntimeException(| = client().execute(ExecuteSnapshotLifecycleAction.INSTANCE, executeReq).|();
        return resp.getSnapshotId();
    }

    private void waitFor|SnapshotId();
    }

    private void waitForSnapshot(String repoName, String|ForSnapshot(String repoName, String  [MASK] Name) throws InterruptedException {|  [MASK] Name) throws InterruptedException {
        SnapshotsStatusResponse status =|);
                assertThat(""expected a  [MASK]  but it was not successful"", status|State());
                while (!SnapshotState.SUCCESS.equals(status.getState()))| been finalized,
     * but before the SLM callback is called.
     */
| been called.
     */
    private static class RunDuringFinalize {
        private final|ListenersRepoPlugin.setOnResponse() is used to wire in a lambda
    |.
     */
    private static class RunDuringFinalize {
        private final CountDown|Cluster() is not available until after the cluster is restarted.
     */
    private static| thread.
     */
    private static class RunDuringFinalize {
        private final Count|
        Runnable finalizeThreadRunnable() {
            return () -> {|1s, the test will be able to run the callback.
                    latch2.aw|nable) {
            try {
                latch1.await();
                run|[MASK] Name = executePolicy(masterNode, policyName);

        // wait|ForSnapshot  after  MASK  finalize, but before SLM callback called
        run|MASK<｜end▁of▁sentence｜>|Name);
            assertMetadata(policyName, 0, 0, 0);
|s  fails with PARTIAL status
        NetworkDisruption networkDisruption = isolate|able  finalize, but before SLM is called back
        var runDuringFinalize =|MASK Name = executePolicy(masterNode, policyName);

        // restart  For|MASK  finalize to complete and network disruption to stop
        runDuringFinalize.|Name Name);
            assertMetadata(policyName, 0, 0, 0);|[MASK]<｜end▁of▁sentence｜>|[MASK]<｜end▁of▁sentence｜>|getSnapshotLifecycleMetadata().getPolicyMetadata().get(policyName);
        var|[MASK]<｜end▁of▁sentence｜>|[MASK] LifecyclePolicyMetadata.getLastSuccess());
        } else {|MASK<｜end▁of▁sentence｜>|MASK<｜end▁of▁sentence｜>|MASK<｜end▁of▁sentence｜>| MASK<｜end▁of▁sentence｜>|[MASK] Name) throws SnapshotMissingException {
        GetSnapshotsResponse  [|[MASK] sStatusResponse = clusterAdmin().prepareGetSnapshots(TEST_REQUEST_|new SnapshotsRequest(TEST_REQUEST_TIMEOUT)
            .setSnapshotIds( |MASK sStatusResponse.getSnapshots().get(0);
    }

   |[MASK]<｜end▁of▁sentence｜>|new SnapshotId(repo,  [MASK] Name));
    }

   |[MASK] ) {
        try {
            SnapshotInfo  [MASK]|[MASK]<｜end▁of▁sentence｜>|[MASK] );
            assertEquals(SnapshotState.SUCCESS,  [MASK|[MASK]<｜end▁of▁sentence｜>|MASK Info.successfulShards());
            assertEquals(0,  MASK Info.|[MASK]<｜end▁of▁sentence｜>|[MASK]  exists and is state SUCCESS"");
        } catch (SnapshotMissing|[MASK]  with name "" +  [MASK]  + "" but it does yet not|[MASK]  + "" but it does yet not exist"");
        }
    }
|[MASK] Name<｜end▁of▁sentence｜>|[MASK]<｜end▁of▁sentence｜>|MASK );
            assertEquals(SnapshotState.PARTIAL,  MASK Info.state());|[MASK]<｜end▁of▁sentence｜>|MASK Info.failedShards());
            assertEquals(0,  MASK Info.success|MASK<｜end▁of▁sentence｜>|MASK<｜end▁of▁sentence｜>|MASK  with name "" +  MASK  + "" but it does yet not exist"");
       |MASK  + "" but it does yet not exist"");
        }
    }

   |[MASK]<｜end▁of▁sentence｜>|MASK<｜end▁of▁sentence｜>|snapshotName, String schedule, String repoId, String indexPattern) {
        createSnapshot|  <｜end▁of▁sentence｜>|name.
     *
     * @param node
     * @param policyId
    |MASK Name) throws Exception {
        assertBusy(() -> {
            try {|MASK<｜end▁of▁sentence｜>|[MASK]  with name "" +  [MASK] Name + "" but it was not|[MASK]  to be completed, got: "" + status.getState());
               |[MASK]<｜end▁of▁sentence｜>|[MASK]  with name "" +  [MASK] Name + "" but it does not|MASK  with name "" +  MASK  + "" but it does yet not exist"");
           |MASK  + "" but it does yet not exist"");
            }
        });
    }|policy has been finalized, but before the SLM callback
     * which processes  [M|the  [MASK]  is created.
     *
     * This is a workaround|policy<｜end▁of▁sentence｜>",
896,supportedVersion,MASK,False,4,MASK|MASK|MASK|createdVersion,      [MASK]<｜end▁of▁sentence｜>,"      [MASK]<｜end▁of▁sentence｜>|MASK != null : ""mask cannot be null"";
        assert createdVersion != null|MASK<｜end▁of▁sentence｜>|createdVersion + "","" + MASK + ""]"";
            }
        };
   ",
897,originatingUser,MASK,False,3,MASK|MASK|MASK,[MASK]<｜end▁of▁sentence｜>,[MASK]<｜end▁of▁sentence｜>|MASK<｜end▁of▁sentence｜>|MASK<｜end▁of▁sentence｜>,
898,string,String,False,6,String|alias|alias|alias|alias|alias,"String"", String.class);
    registerAlias(""string"", String.class);
   ","String"", String.class);
    registerAlias(""string"", String.class);
   |alias) {
    return (Class<T>) resolveAlias(alias, T.|alias<｜end▁of▁sentence｜>|alias.trim()
         <｜end▁of▁sentence｜>|alias<｜end▁of▁sentence｜>|alias + ""'. Cause: "" + e, e);
    }
  }
",
899,resFieldsMap,MASK,False,5,MASK|MASK|MASK|MASK|MASK,[MASK]<｜end▁of▁sentence｜>,[MASK]<｜end▁of▁sentence｜>|MASK<｜end▁of▁sentence｜>|[MASK]<｜end▁of▁sentence｜>|MASK<｜end▁of▁sentence｜>|MASK<｜end▁of▁sentence｜>,
900,screenY,screenY,True,2,screenY|screenY,screenY<｜end▁of▁sentence｜>,screenY<｜end▁of▁sentence｜>|screenY<｜end▁of▁sentence｜>,
901,charset,MASK,False,12,MASK|StandardCharsets|MASK|MASK|MASK|MASK|MASK|MASK|MASK|out|MASK|MASK,[MASK]<｜end▁of▁sentence｜>,"[MASK]<｜end▁of▁sentence｜>|StandardCharsets;

import static java.nio.charset.StandardCharsets<｜end▁of▁sentence｜>|[MASK]<｜end▁of▁sentence｜>|[MASK] );
                    escapeStart = -1;
                } else {
                   | MASK );
        }
    }

    public final String encode(String s,|[MASK]<｜end▁of▁sentence｜>| MASK<｜end▁of▁sentence｜>|MASK<｜end▁of▁sentence｜>|MASK<｜end▁of▁sentence｜>| 0, out.size()<｜end▁of▁sentence｜>|MASK<｜end▁of▁sentence｜>| MASK<｜end▁of▁sentence｜>",
902,destinationIndex,this,False,8,this||Override|call|Buffer|Truncate||ReplaySource,"            this.eagerTruncate = eagerTruncate;
        }

       ","            this.eagerTruncate = eagerTruncate;
        }

       |
        }

        @Override
        public ReplayBuffer<T> call() {| @Override
        public ReplayBuffer<T> call() {
            return new SizeAnd|> call() {
            return new SizeAndTimeBoundReplayBuffer<>(bufferSize,|Buffer<>(bufferSize, maxAge, unit, scheduler, eagerTruncate);|Truncate);
        }
    }
}

//rxjava-replay|
        private final BufferSupplier<T> bufferFactory;

        ReplaySource|        ReplaySource(AtomicReference<ReplayObserver<T>> curr, Buffer",
903,keyColumnName,columnName,False,1,columnName,columnName<｜end▁of▁sentence｜>,columnName<｜end▁of▁sentence｜>,
904,params,MASK,False,4,MASK|dsaKeyPairGenerator|key|MASK,  [MASK]<｜end▁of▁sentence｜>,"  [MASK]<｜end▁of▁sentence｜>|dsaKeyPairGenerator == null) {
            throw new InvalidParameterException(""Incorrect |key pair generator<｜end▁of▁sentence｜>|MASK;
    }

    public void initialize(int modlen, SecureRandom",
905,valueA,valueA,True,3,valueA|valueA|valueA,valueA<｜end▁of▁sentence｜>,valueA<｜end▁of▁sentence｜>|valueA<｜end▁of▁sentence｜>|valueA<｜end▁of▁sentence｜>,
906,bigDecimal,throws,False,16,"throws|MASK|MASK|dfs|digits|imumFractionDigits|format|regression|void|{|000000"", ""#000000.00000|0.######"",|grouping|icu|df|","() throws Exception {
        DecimalFormat form = (DecimalFormat) DecimalFormat.","() throws Exception {
        DecimalFormat form = (DecimalFormat) DecimalFormat.|  [MASK]<｜end▁of▁sentence｜>|MASK  to true, the result of parsing minus infinity

        form = (Dec|00"", dfs)));

        // case 2: Try to construct object using incorrect| digits not set"", 0, format.getMinimumFractionDigits());
       |imumFractionDigits());

        // Regression for HARMONY-64| format.applyPattern(""#.##0.00"");
            fail();
        } catch| regression test for HARMONY-878
    public void test_applyPattern_| void test_setGroupingSize() {
        DecimalFormat format = new DecimalFormat| {
                ""0.00"",
                ""0.000"",
               |000000"", ""#000000.00000|0.######"",
                ""$0.####"", ""%0.###"", ""#0| 2 grouping sizes
                ""#,##0.00;(#,##0| // icu only. icu supports two grouping sizes
        };

        for (|0, df.getGroupingSize());
        df.setGroupingSize(1);|
        assertEquals(""Wrong default multiplier"", defaultMultiplier, form.getMultipl",
907,queryParser,MASK,False,5,MASK|MASK|MASK|MASK|MASK,[MASK]<｜end▁of▁sentence｜>,[MASK]<｜end▁of▁sentence｜>|[MASK]<｜end▁of▁sentence｜>|[MASK]<｜end▁of▁sentence｜>|MASK<｜end▁of▁sentence｜>|MASK<｜end▁of▁sentence｜>,
908,channel,,False,4,|channel||channel, <｜end▁of▁sentence｜>, <｜end▁of▁sentence｜>|channel<｜end▁of▁sentence｜>|  <｜end▁of▁sentence｜>|channel<｜end▁of▁sentence｜>,
909,segments,MASK,False,13,MASK|MASK|MASK|link|that|MASK|trailingParts|MASK|trailingParts|end|segments|segments|segmentIndex,[MASK]<｜end▁of▁sentence｜>,"[MASK]<｜end▁of▁sentence｜>|MASK<｜end▁of▁sentence｜>|[MASK]<｜end▁of▁sentence｜>|  {@link Extractor}s for the  MASK .
     * @return This factory|that the window is always in the future.
    // The window start time is the same as|[MASK]<｜end▁of▁sentence｜>|trailingParts<｜end▁of▁sentence｜>|[MASK]<｜end▁of▁sentence｜>|trailingParts<｜end▁of▁sentence｜>|end of the playlist.
   *
   * @param [MASK] The list|segments, long positionUs) {
    @Nullable HlsMediaPlaylist.Segment closest|   segments
                    .iterator()
                    .map(HlsMediaPlaylist.Segment::|segmentIndex == segments.size()
            ? segments.get(segments.size()",
910,bootstrapMethodsData,this,False,3,this|super|null," this.hashCode = hashCode;
    }

    Entry(final int index,"," this.hashCode = hashCode;
    }

    Entry(final int index,|      super(index, tag, /* owner= */ null, /* name= */ null, value| null, /* name= */ null, value, data);
      this.hashCode = hash",
911,weekDef,ValidIntValue,False,36,ValidIntValue|OfWeek|else|fieldValues|oLocalDate|containsKey|chrono|else||WoWBY|int|{||;|private|getMinimum||DateTimePatternGenerator||param|from|doy|getFirstDayOfWeek|MASK|DAY_OF_WEEK|MASK|MASK|MASK|MASK|weekOfWeekBasedYear|MASK|MASK|MASK|MASK|getMinimalDaysInFirstWeek|range,"ValidIntValue(newValue, this);
                return ofDayOfWeekField( [M","ValidIntValue(newValue, this);
                return ofDayOfWeekField( [M|OfWeek = startOfWeekOffset(checkedValue, newValue);
                return ofWeekBased| } else if (rangeUnit == MONTHS) {  // week-of-month| (!fieldValues.containsKey(DAY_OF_WEEK)) {
                throw|oLocalDate date = Chronology.from(partialTemporal).date(partialTempor|containsKey( [MASK] .weekOfMonth)) {
                // build date from week| chrono.date(year, month, 1);
                } else if (rangeUnit| } else if (rangeUnit == YEARS && fieldValues.containsKey(WEE|
                // week-of-week-based-year
                int wowby = [|WoWBY(fieldValues, chrono, newValue, dow, resolverStyle| int days = localDow - localizedDayOfWeek(date);  // safe from overflow
| {
                    // If strict mode and the month of the date does not match the month of the|
            fieldValues.remove(MONTH_OF_YEAR);
            return date|;
        }

        private ChronoLocalDate resolveWoY(
                Map|        private ChronoLocalDate resolveWoY(
                Map<TemporalField,|().getMinimum();
            int wowby = [MASK] .weekOfWeek|
                long weeks = Math.subtractExact(woy, localizedWeekOfWeek|(DateTimePatternGenerator.Field.WEEK_OF_YEAR);
                if|
            if (temporal.isSupported(DAY_OF_WEEK|param field the field
         * @return the week range
         */
        private ValueRange|.from(temporal).date(temporal);
                date = date.minus|(doy, DAYS);   // Back down into previous year
                return rangeWeek|  .getFirstDayOfWeek().getValue();
                int isoDow = Math.|[MASK]<｜end▁of▁sentence｜>|DAY_OF_WEEK)) {  // week-of-week-based-|  [MASK]<｜end▁of▁sentence｜>|[MASK]<｜end▁of▁sentence｜>|[MASK]<｜end▁of▁sentence｜>|[MASK] .weekOfWeekBasedYear);
                long weeks = Math.subt|  .weekOfWeekBasedYear.range().checkValidIntValue(
                        fieldValues.|[MASK]<｜end▁of▁sentence｜>|MASK .weekOfWeekBasedYear);  // validate
                date = ofWeekBasedYear|MASK .weekOfWeekBasedYear);
            fieldValues.remove(DAY_OF|MASK .weekOfWeekBasedYear);
            return date;
        }

       |  .getMinimalDaysInFirstWeek());
            if (week >= newYearWeek|range.toString() + ""]"";
        }

        @Override
        public int",
912,bytes,MASK,False,3,MASK|MASK|MASK,  MASK<｜end▁of▁sentence｜>,"  MASK<｜end▁of▁sentence｜>|   MASK
                                , 0,  [MASK] .length, address2.|MASK.length, address2.getAddress(), address2.getPort()));
                }",
913,newCookies,cookies,False,4,cookies|cookies|name|cookies,cookies<｜end▁of▁sentence｜>,"cookies<｜end▁of▁sentence｜>| cookies.add(""name"", ResponseCookie.from(""name"", ""value"").build());
|""name"", cookie)).build();
		StepVerifier.create(result)
			|cookies.get(""name"")
						.stream()
						.map(ResponseCookie",
914,expectedMinsOnlySearch,expectedMinsOnlySearch,True,3,expectedMinsOnlySearch|expectedMinsOnlySearch|expectedMinsOnlySearch,"expectedMinsOnlySearch = new HashMap<>();
        final Map<Double, Double>","expectedMinsOnlySearch = new HashMap<>();
        final Map<Double, Double>|   expectedMinsOnlySearch.put(keys.get(i), mins.get(|expectedMinsOnlySearch.getOrDefault(bucket.getKey(), 0d).",
915,prefixKeySetting,integerSetting,False,9,integerSetting|{|ize|ArgumentException|public|rows|class||affixKeySetting,"            integerSetting.get(Settings.builder().put(""foo.bar"", ""11"").","            integerSetting.get(Settings.builder().put(""foo.bar"", ""11"").| {
        Setting<String> setting = Setting.simpleString(""foo.bar"", Property.|ize]"")));
    }

    public void testRejectNonIndexScopedNot|ArgumentException.getMessage(), equalTo(""failed to parse value [4999ms] for setting| public void testTimeValueBoundsWithDefault() {
        Setting<TimeValue> settingWithLower|rows(IllegalArgumentException.class, () -> Setting.simpleString(""foo.bar"",|class,
            () -> Setting.simpleString(""foo.bar"", Property.Deprecated|
        );
        expectThrows(
            IllegalArgumentException.class,
            () -|affixKeySetting(
            ""prefix"",
            ""suffix"",
            (key",
916,binary,MASK,False,2,MASK|MASK,[MASK]<｜end▁of▁sentence｜>,[MASK]<｜end▁of▁sentence｜>|MASK<｜end▁of▁sentence｜>,
917,addressCount,MASK,False,2,MASK|10,  MASK   <｜end▁of▁sentence｜>,  MASK   <｜end▁of▁sentence｜>|10<｜end▁of▁sentence｜>,
918,headers,headers,True,2,headers|headers,"headers = new String[] {""Accept""};
		ProducesRequestCondition condition = new Produ","headers = new String[] {""Accept""};
		ProducesRequestCondition condition = new Produ|headers, null);

		assertThat(condition.getProducibleMediaTypes()).is",
919,engine,MASK,False,25,MASK|MASK|MASK|MASK|MASK|MASK|MASK|SSLEngine|MASK|SSLEngine|MASK|MASK|MASK|MASK|MASK|MASK|MASK|MASK|MASK|MASK|MASK|MASK|MASK|MASK|MASK,[MASK]<｜end▁of▁sentence｜>,"[MASK]<｜end▁of▁sentence｜>|[MASK]<｜end▁of▁sentence｜>|[MASK]<｜end▁of▁sentence｜>|[MASK]<｜end▁of▁sentence｜>|[MASK]<｜end▁of▁sentence｜>|[MASK]<｜end▁of▁sentence｜>|MASK<｜end▁of▁sentence｜>|   SSLEngine<｜end▁of▁sentence｜>| MASK<｜end▁of▁sentence｜>|SSLEngine  [MASK]<｜end▁of▁sentence｜>|[MASK]<｜end▁of▁sentence｜>|MASK .getWantClientAuth() || MASK<｜end▁of▁sentence｜>|MASK<｜end▁of▁sentence｜>|[MASK]<｜end▁of▁sentence｜>|MASK<｜end▁of▁sentence｜>|[MASK]<｜end▁of▁sentence｜>|MASK<｜end▁of▁sentence｜>|MASK<｜end▁of▁sentence｜>|MASK<｜end▁of▁sentence｜>|[MASK] )
                throws CertificateException {
            trustManager.checkClientTr|[MASK] );
            confirmedValidations.add( [MASK] );
       | MASK );
        }

        @Override
        public void checkServerTrusted(|MASK )
                throws CertificateException {
            trustManager.checkServerTrusted(|MASK );
            confirmedValidations.add( MASK );
        }

       | MASK<｜end▁of▁sentence｜>",
920,seenGroupIds,MASK,False,6,MASK|MASK|MASK|MASK|MASK|MASK,"[MASK] ,
      Page page) {
    IntBlock vBlock = page.","[MASK] ,
      Page page) {
    IntBlock vBlock = page.|MASK<｜end▁of▁sentence｜>|[MASK] ) {
    if (MASK.isAll()) {
      state|MASK<｜end▁of▁sentence｜>|MASK<｜end▁of▁sentence｜>|MASK );
  }

  @Override
  public void selectedMayContainUn",
921,ZDATA,"00"", ""2004 01 01 01:00",False,2,"00"", ""2004 01 01 01:00|ica","00"", ""2004 01 01 01:00","00"", ""2004 01 01 01:00|ica/Phoenix"", ""2004-07-15T00",
922,beanName,eventName,False,2,eventName|eventName,eventName<｜end▁of▁sentence｜>,eventName<｜end▁of▁sentence｜>|eventName<｜end▁of▁sentence｜>,
923,currentSeed,seedRef,False,2,seedRef|initialSeedRef,seedRef<｜end▁of▁sentence｜>,seedRef<｜end▁of▁sentence｜>|initialSeedRef.get()<｜end▁of▁sentence｜>,
924,jsonFields,MASK,False,3,MASK|MASK|MASK,  [MASK]<｜end▁of▁sentence｜>,"  [MASK]<｜end▁of▁sentence｜>|   MASK.putAll(index.getSlowLogFields().indexFields());
               |MASK<｜end▁of▁sentence｜>",
925,clusterStateString,MASK,False,5,MASK|MASK|MASK|MASK|MASK,  [MASK]<｜end▁of▁sentence｜>,  [MASK]<｜end▁of▁sentence｜>|MASK<｜end▁of▁sentence｜>|[MASK]<｜end▁of▁sentence｜>|MASK<｜end▁of▁sentence｜>|MASK<｜end▁of▁sentence｜>,
926,split,MASK,False,5,MASK|split|MASK|MASK|MASK,  [MASK]<｜end▁of▁sentence｜>,  [MASK]<｜end▁of▁sentence｜>|split<｜end▁of▁sentence｜>|MASK<｜end▁of▁sentence｜>|MASK<｜end▁of▁sentence｜>|MASK<｜end▁of▁sentence｜>,
927,start,MASK,False,2,MASK|MASK,[MASK]<｜end▁of▁sentence｜>,"[MASK]<｜end▁of▁sentence｜>|MASK , int end, int count, int type, int offset);

	public native void",
928,vStart,MASK,False,9,MASK|MASK|MASK|MASK|MASK|MASK|MASK|MASK|MASK,[MASK]<｜end▁of▁sentence｜>,"[MASK]<｜end▁of▁sentence｜>| [MASK]<｜end▁of▁sentence｜>| MASK<｜end▁of▁sentence｜>|MASK  = vBlock.getFirstValueIndex(valuesPosition);
      int vEnd = |MASK  + vBlock.getValueCount(valuesPosition);
        for (int vOffset = | MASK ; vOffset < vEnd; vOffset++) {
          int vValue =|MASK  = vBlock.getFirstValueIndex(valuesPosition);
      int vEnd = |MASK<｜end▁of▁sentence｜>|MASK ; vOffset < vEnd; vOffset++) {
        int vValue =",
929,metaData,MASK,False,7,MASK|MASK|MASK|MASK|MASK|MASK|MASK,  [MASK]<｜end▁of▁sentence｜>,"  [MASK]<｜end▁of▁sentence｜>|[MASK]<｜end▁of▁sentence｜>|MASK<｜end▁of▁sentence｜>|MASK .get(""escape""));
        Assertions.assertEquals(""override-config"", |MASK .get(""exclude""));
        Assertions.assertEquals(""value-from-env|MASK .get(""id""));
        Assertions.assertNull(  MASK .get|MASK .get(""useKeyAsProperty""));
    }

    @Test
   ",
930,dataBuffer,MASK,False,4,MASK|exchange|MASK|MASK,[MASK]<｜end▁of▁sentence｜>,"[MASK]<｜end▁of▁sentence｜>|exchange.getResponse()
				.bufferFactory()
				.allocateBuffer()
|MASK<｜end▁of▁sentence｜>|MASK<｜end▁of▁sentence｜>",
931,actor,MASK,False,7,MASK|MASK|action|getActor|actor|actor|actor,[MASK]<｜end▁of▁sentence｜>,[MASK]<｜end▁of▁sentence｜>|[MASK]<｜end▁of▁sentence｜>|action <｜end▁of▁sentence｜>|getActor()<｜end▁of▁sentence｜>|actor<｜end▁of▁sentence｜>|actor<｜end▁of▁sentence｜>|actor<｜end▁of▁sentence｜>,
932,remoteModule,MASK,False,21,MASK|new|MASK|MASK|remoteOptions||MASK|MASK|MASK|MASK|MASK|MASK|MASK|MASK|MASK|MASK|MASK|MASK|);||MASK,"  [MASK]
      , RemoteOptions remoteOptions)
      throws IOException, Abr","  [MASK]
      , RemoteOptions remoteOptions)
      throws IOException, Abr|new BlockWaitingModule())
            .addBlazeModule(
                new Bla|[MASK] ;
  private RemoteOptions remoteOptions;
  private EventBus eventBus| [MASK]<｜end▁of▁sentence｜>|remoteOptions = Options.getDefaults(RemoteOptions.class);
  }

 | 
          (GrpcRemoteDownloader) 
              [MASK] 
                 |    [MASK] 
                      .getActionContextProvider()
                      .getRemoteExecution|[MASK] 
                  .getActionContextProvider()
                  .getRemoteExecutionClient|[MASK] 
                  .getActionContextProvider()
                  .getRemoteExecutionClient|[MASK]<｜end▁of▁sentence｜>|[MASK]<｜end▁of▁sentence｜>|[MASK]<｜end▁of▁sentence｜>|[MASK]<｜end▁of▁sentence｜>|[MASK]<｜end▁of▁sentence｜>|[MASK]<｜end▁of▁sentence｜>|[MASK]<｜end▁of▁sentence｜>|[MASK] 
                  .getActionContextProvider()
                  .getCombinedCache|MASK<｜end▁of▁sentence｜>|);
    remoteOptions.remoteExecutor = EXECUTION_SERVER_NAME;
   |  <｜end▁of▁sentence｜>|MASK<｜end▁of▁sentence｜>",
933,cmcdConfiguration,cmcdConfigurationFactory,False,13,cmcdConfigurationFactory|cmcdConfigurationFactory|MASK|cmcdConfigurationFactory|MASK|mediaItem|mediaItem|playlistParserFactory|MASK||MASK|checkNotNull|mediaItem,"cmcdConfigurationFactory;
    private @MetadataType int metadataType;
    private boolean use","cmcdConfigurationFactory;
    private @MetadataType int metadataType;
    private boolean use|cmcdConfigurationFactory) {
      this.cmcdConfigurationFactory =
          checkNotNull(|[MASK]  =  [MASK] ;
      return this;
    }
|cmcdConfigurationFactory);
      return this;
    }

    @CanIgnoreReturn|[MASK]  =  [MASK] ;
      CmcdConfiguration  [M| mediaItem.localConfiguration.cmcdConfigurationFactory == null
                ? null
                : |mediaItem.localConfiguration.cmcdConfigurationFactory.createCmcdConfiguration(mediaItem);| playlistParserFactory,
          playlistTrackerFactory,
          drmSessionManagerProvider|[MASK] ;
  private final DrmSessionManager drmSessionManager;
 |

//exoplayer2/src/main/java/com/google/android/|MASK <｜end▁of▁sentence｜>|checkNotNull(MASK);
    this.drmSessionManager = drmSessionManager;|mediaItem,
        MASK<｜end▁of▁sentence｜>",
934,sameVersionEvent,event,False,2,event|event,"event = createClusterChangedEvent(
            Collections.emptyMap(),
            Collections.","event = createClusterChangedEvent(
            Collections.emptyMap(),
            Collections.|event);
    }

    @TestLogging(value = ""org.elasticsearch",
935,parentAlpha,float,False,3,float|width|MathUtils,", float width, float height) {
		float scrollX = getScrollX();
",", float width, float height) {
		float scrollX = getScrollX();
|.width);

		float amountY = this.amountY;
		if (|MathUtils.clamp(amountY, 0, maxY));
	}

	/**",
936,member,MASK,False,4,MASK|MASK|insert|member,[MASK]<｜end▁of▁sentence｜>,"[MASK]<｜end▁of▁sentence｜>|MASK<｜end▁of▁sentence｜>|insert the line numbers, if we're inlining a method.
        source = in|member)
    {
        member.constantPoolEntryAccept(this);
    }
",
937,patterns,indexPatterns,False,2,indexPatterns|indexPatterns,indexPatterns<｜end▁of▁sentence｜>,"indexPatterns<｜end▁of▁sentence｜>|indexPatterns )
                .indexTemplate(
                    Template.builder()
                        .ali",
938,tempBuf,MASK,False,12,MASK|MASK|MASK|MASK|MASK|MASK|MASK|MASK|MASK|MASK|MASK|MASK,[MASK]<｜end▁of▁sentence｜>,"[MASK]<｜end▁of▁sentence｜>|[MASK] );
                    nameStart = i + 1;
                    break;
               |MASK<｜end▁of▁sentence｜>|MASK<｜end▁of▁sentence｜>|MASK<｜end▁of▁sentence｜>|MASK<｜end▁of▁sentence｜>|  [MASK]<｜end▁of▁sentence｜>|MASK );
            value = decodeComponent(str, valueStart, valueEnd, false|MASK<｜end▁of▁sentence｜>|MASK<｜end▁of▁sentence｜>|[MASK]<｜end▁of▁sentence｜>|MASK<｜end▁of▁sentence｜>",
939,reverse,order,False,4,order|closeables|closeables|closeables,"order as opened
    private Stack<Closeable> closeables;

    @Before
","order as opened
    private Stack<Closeable> closeables;

    @Before
|  closeables<｜end▁of▁sentence｜>|   closeables.pop().close();
                }
            closeables.clear();
           |closeables.pop());
        } catch (IOException e) {
            logger.error(""",
940,resolverStyle,reduce,False,13,reduce|MASK|MASK|localDow|MASK|MASK|MASK|MASK|MASK|MASK|MASK|MASK|MASK,"; reduce to weeks in following year
                week = week - newYearWeek + 1;
","; reduce to weeks in following year
                week = week - newYearWeek + 1;
|[MASK] );
                }
                if (rangeUnit == YEARS)|MASK );
                }
                if (rangeUnit == WEEK_BASED_|localDow,  MASK<｜end▁of▁sentence｜>|[MASK]<｜end▁of▁sentence｜>|[MASK]<｜end▁of▁sentence｜>|[MASK]  == ResolverStyle.STRICT && date.getLong(MON|MASK<｜end▁of▁sentence｜>|[MASK]<｜end▁of▁sentence｜>|[MASK]<｜end▁of▁sentence｜>|MASK<｜end▁of▁sentence｜>|[MASK]<｜end▁of▁sentence｜>| MASK <｜end▁of▁sentence｜>",
941,fieldSupplier,,False,6,|valuesSupplier|MASK|MASK|MASK|MASK, <｜end▁of▁sentence｜>," <｜end▁of▁sentence｜>|valuesSupplier.get()
               <｜end▁of▁sentence｜>|  [MASK]<｜end▁of▁sentence｜>|[MASK]<｜end▁of▁sentence｜>|() -> MASK<｜end▁of▁sentence｜>|MASK .typedData()
                .stream()
                .filter(typedData ->",
942,hitContext,hit,False,3,hit|hit|hit,  hit<｜end▁of▁sentence｜>,"  hit<｜end▁of▁sentence｜>|hit<｜end▁of▁sentence｜>|   hit
                        .hit()
                        .highlightFields(highlightFields)
                        .",
943,quantityInStock,MASK,False,12,MASK|MASK|MASK|MASK|MASK|MASK|MASK|MASK|MASK|MASK|MASK|MASK,[MASK]<｜end▁of▁sentence｜>,"[MASK]<｜end▁of▁sentence｜>|[MASK]<｜end▁of▁sentence｜>|MASK<｜end▁of▁sentence｜>|MASK <｜end▁of▁sentence｜>|MASK , double buyPrice, double msrp, Set<OrderDetail> orderDetails) {|MASK<｜end▁of▁sentence｜>|MASK<｜end▁of▁sentence｜>|MASK"", nullable=false, precision=0)
    public short getMask() {|MASK <｜end▁of▁sentence｜>|MASK<｜end▁of▁sentence｜>|MASK<｜end▁of▁sentence｜>|MASK<｜end▁of▁sentence｜>",
944,rtspHeaders,MASK,False,9,MASK|MASK|MASK|MASK|MASK|MASK|MASK|MASK|MASK,"[MASK]
  * <｜end▁of▁sentence｜>","[MASK]
  * <｜end▁of▁sentence｜>|MASK
     <｜end▁of▁sentence｜>|   MASK.get(CONTENT_BASE)
                    .orElseThrow(
|MASK<｜end▁of▁sentence｜>|MASK<｜end▁of▁sentence｜>|[MASK]<｜end▁of▁sentence｜>|[MASK]<｜end▁of▁sentence｜>|[MASK]<｜end▁of▁sentence｜>|MASK<｜end▁of▁sentence｜>",
945,decimalFormat,UP,False,145,UP|Mode|format|11.5655);|Mode|RoundingMode||result||RoundingMode|oundingMode|HALF_DOWN|format|format|result|result|ILING|assertEquals|of|.3);|);|result|OR|OR|.5);||Mode|format|MASK|result|DecimalFormat|RoundingMode|F_UP|F_UP|0.2);|result||ASK|result|RoundingMode|MASK|Incorrect||HALF_DOWN|MASK|ASK|format|format|result|MASK|ASK|732);|of|result|after|MASK|Incorrect|result|oundingMode|);|result|EN|);|(0.255);|result|);|AssertionFailedError||format|AssertionFailedError|}|failure|result|MASK|MASK|format|result|MASK|MASK|result|MASK|11.565);|of|format|MASK|MASK|format|format|MASK|MASK|format|MASK|MASK|0);|format|MASK|MASK|format|format|MASK|MASK|format|format|MASK|MASK|format|format|MASK|MASK|MASK|format|format|MASK|format|format|MASK|MASK|MASK|MASK|MASK|MASK|MASK|MASK|MASK|MASK|MASK|MASK|MASK|MASK|MASK|MASK|MASK|MASK|MASK|MASK|MASK|MASK|MASK|MASK|MASK|MASK|MASK|MASK|MASK|MASK,"UP of this DecimalFormat and test its
        // behavior
         [MASK] .","UP of this DecimalFormat and test its
        // behavior
         [MASK] .|Mode(RoundingMode.HALF_UP);
        result =  [MASK]|format(11.5653);
        assertEquals(""Incorrect RoundingMode behavior|11.5655);
        assertEquals(""Incorrect RoundingMode behavior: R|Mode.HALF_UP"", ""11.566"", result);

| RoundingMode.UP of this DecimalFormat and test its
        // behavior
         [|
         [MASK] .setRoundingMode(RoundingMode.UP);
       |566"", result);

        result =  [MASK] .format(-11|

        try {
            // when rounding is needed but RoundingMode is set to| RoundingMode behavior: RoundingMode.UNNECESSARY"", ""-11"", result);|oundingMode.UNNECESSARY"",
                ""11.565"", result);|.HALF_DOWN of this DecimalFormat and test its
        // behavior
| .format(11.5653);
        assertEquals(""Incorrect RoundingMode|] .format(11.5);
        assertEquals(""Incorrect RoundingMode behavior:|"", result);

        result =  [MASK] .format(11.6);| result);

        // set RoundingMode.CEILING of this DecimalFormat and|ILING);
        result =  [MASK] .format(11.3);
| assertEquals(""Incorrect RoundingMode behavior: RoundingMode.CEILING"", ""-11| of this DecimalFormat and test its
        // behavior
         [MASK] .set|.3);
        assertEquals(""Incorrect RoundingMode behavior: RoundingMode.DOWN|);

        result =  [MASK] .format(-11.5);
       | result =  [MASK] .format(0);
        assertEquals(""Incorrect RoundingMode|OR of this DecimalFormat and test its
        // behavior
         [MASK] .|OR"", ""11"", result);

        result =  [MASK] .format(-|.5);
        assertEquals(""Incorrect RoundingMode behavior: RoundingMode.FLO|
        assertEquals(""Incorrect RoundingMode behavior: RoundingMode.FLOOR"", ""|Mode(RoundingMode.HALF_EVEN);
        result =  [M|] .format(11.3);
        assertEquals(""Incorrect RoundingMode behavior:| [MASK] .format(-5.5);
        assertEquals(""Incorrect RoundingMode|        result =  [MASK] .format(0.2);
        assertEquals(""Incorrect| DecimalFormat and test its
        // behavior
         [MASK] .setRounding|RoundingMode.HALF_UP);
        result =  [MASK] .format|F_UP"", ""6"", result);

        result =  [MASK] .format|F_UP"", ""-6"", result);

        result =  [MASK] .format|0.2);
        assertEquals(""Incorrect RoundingMode behavior: RoundingMode.H|0"", result);

        // set RoundingMode.UP of this DecimalFormat and|
        result =  [MASK] .format(5.5);
        assertEquals(""In|ASK] .format(-5.5);
        assertEquals(""Incorrect RoundingMode behavior:| result);

        result =  [MASK] .format(-0.2);
       | RoundingMode behavior: RoundingMode.UP"", ""-1"", result);

        //|         [MASK] .setRoundingMode(RoundingMode.UNNECESSARY);| ""Incorrect RoundingMode behavior: RoundingMode.UNNECESSARY"", ""1"",|
                ""Incorrect RoundingMode behavior: RoundingMode.UNNECESSARY"", ""-|.HALF_DOWN of this DecimalFormat and test its
        // behavior
| [MASK] .setRoundingMode(RoundingMode.HALF_UP);|ASK] .format(11.5653);
        assertEquals(""Incorrect R|] .format(0.126);
        assertEquals(""Incorrect RoundingMode behavior| .format(0.375);
        assertEquals(""Incorrect RoundingMode behavior after| "".47"", result);
        result =  [MASK] .format(0.1|MASK] .applyPattern("".##"");
        result =  [MASK] .format(|ASK] .format(0.255);
        assertEquals(""Incorrect RoundingMode|732);
        assertEquals(""Incorrect RoundingMode behavior after applyPattern"", "".7| of this DecimalFormat and test its
        // behavior
         [MASK] .set| result =  [MASK] .format(0.125);
        assertEquals(""In| after applyPattern"", "".13"", result);
        result =  [MASK] .format|MASK] .format(0.732);
        assertEquals(""Incorrect Rounding|(""Incorrect RoundingMode behavior after applyPattern"", "".47"", result);

       | result =  [MASK] .format(0.125);
        assertEquals(""In|oundingMode behavior after applyPattern"", "".12"", result);
        result =  [MASK|);
        result =  [MASK] .format(0.732);
       | "".47"", result);

        // set RoundingMode.CEILING of this|EN of this DecimalFormat and test its
        // behavior
         [MASK] .|"");
        result =  [MASK] .format(0.125);
       |(0.255);
        assertEquals(""Incorrect RoundingMode behavior after applyPattern| "".74"", result);
        result =  [MASK] .format(0.4|);
        assertEquals(""Incorrect RoundingMode behavior after applyPattern"", "".47"", result|AssertionFailedError>();

        public void assertFormat(String expected, String actual)|
                        format.format(value));
            } catch (AssertionFailedError e) {|format.toPattern() + "": "" + value, expected,
                        format.format(| (AssertionFailedError e) {
                failures.add(e);
            }
| }
            throw failures.get(0);
        }
    }

    public| failure : failures) {
                combined.add(failure);
            }
            throw|  result<｜end▁of▁sentence｜>|[MASK] .format(11.5653);
        assertEquals(""In|[MASK] .format(11.5653);
        assertEquals(""In|.format(0);
        assertEquals(""Incorrect RoundingMode behavior: RoundingMode.|result<｜end▁of▁sentence｜>|[MASK] .format(11.5653);
        assertEquals(""In|[MASK] .format(11.5653);
        assertEquals(""In|result .setRoundingMode(RoundingMode.UNNECESSARY);
        result = |[MASK] .format(11.565);
        assertEquals(""Incorrect| 11.565);
        assertEquals(""Incorrect RoundingMode behavior: R|of<｜end▁of▁sentence｜>|format .setRoundingMode(RoundingMode.HALF_DOWN);
       |[MASK] .format(11.3);
        assertEquals(""Incorrect Rounding|MASK .format(-11.565);
        assertEquals(""Incorrect Rounding|.format(0);
        assertEquals(""Incorrect RoundingMode behavior: RoundingMode.|format .setRoundingMode(RoundingMode.CEILING);
        result =  format|[MASK] .format(11.3);
        assertEquals(""Incorrect Rounding|MASK .format(-11.5);
        assertEquals(""Incorrect RoundingMode behavior|format .setRoundingMode(RoundingMode.DOWN);
        result =  MASK|MASK .format(11.3);
        assertEquals(""Incorrect RoundingMode behavior|MASK .format(-11.5);
        assertEquals(""Incorrect RoundingMode behavior| 0);
        assertEquals(""Incorrect RoundingMode behavior: RoundingMode.DOWN|format<｜end▁of▁sentence｜>|MASK .format(11.3);
        assertEquals(""Incorrect RoundingMode behavior|MASK .format(-11.5);
        assertEquals(""Incorrect RoundingMode behavior|0); .format(0);
        assertEquals(""Incorrect RoundingMode behavior: Rounding|format .setRoundingMode(RoundingMode.HALF_EVEN);
|MASK .format(11.3);
        assertEquals(""Incorrect RoundingMode behavior|MASK .format(-5.5);
        assertEquals(""Incorrect RoundingMode behavior:|0); .format(0);
        assertEquals(""Incorrect RoundingMode behavior: Rounding|format .setRoundingMode(RoundingMode.HALF_UP);
        result|[MASK] .format(11.3);
        assertEquals(""Incorrect Rounding|MASK .format(-5.5);
        assertEquals(""Incorrect RoundingMode behavior:|0); .format(0);
        assertEquals(""Incorrect RoundingMode behavior: Rounding|0); .format(0);
        assertEquals(""Incorrect RoundingMode behavior: Rounding|[MASK]<｜end▁of▁sentence｜>|[MASK] .format(11.5653);
        assertEquals(""In|[MASK]<｜end▁of▁sentence｜>|0); .format(0);
        assertEquals(""Incorrect RoundingMode behavior: Rounding|0); .format(0);
        assertEquals(""Incorrect RoundingMode behavior: Rounding|[MASK]<｜end▁of▁sentence｜>|11.565); .format(11.565);
        assertEquals| 732); .format(-1.0);
        assertEquals(
                ""In|[MASK]<｜end▁of▁sentence｜>|[MASK]<｜end▁of▁sentence｜>|MASK .format(1.0);
        assertEquals(""Incorrect RoundingMode behavior after|[MASK] .format(0.255);
        assertEquals(""Incorrect R|[MASK] .format(0.732);
        assertEquals(""Incorrect R|MASK .format(0.467);
        assertEquals(""Incorrect RoundingMode|MASK<｜end▁of▁sentence｜>|MASK .applyPattern("".##"");
        result =  MASK .format(0.1|[MASK] .format(0.125);
        assertEquals(""Incorrect R|[MASK] .format(0.255);
        assertEquals(""Incorrect R|[MASK] .format(0.255);
        assertEquals(""Incorrect R|MASK .format(0.467);
        assertEquals(""Incorrect RoundingMode|[MASK]<｜end▁of▁sentence｜>|MASK .applyPattern("".##"");
        result =  MASK .format(0.1|MASK .format(0.125);
        assertEquals(""Incorrect RoundingMode|[MASK] .format(0.255);
        assertEquals(""Incorrect R|[MASK] .format(0.255);
        assertEquals(""Incorrect R|MASK .format(0.467);
        assertEquals(""Incorrect RoundingMode|MASK<｜end▁of▁sentence｜>|MASK .applyPattern("".##"");
        result =  MASK .format(0.1|[MASK]<｜end▁of▁sentence｜>|[MASK] .format(0.255);
        assertEquals(""Incorrect R|[MASK] .format(0.255);
        assertEquals(""Incorrect R|MASK .format(0.467);
        assertEquals(""Incorrect RoundingMode|MASK<｜end▁of▁sentence｜>|MASK .applyPattern("".##"");
        result =  MASK .format(0.1|[MASK] .format(0.125);
        assertEquals(""Incorrect R|[MASK] .format(0.255);
        assertEquals(""Incorrect R|MASK .format(0.732);
        assertEquals(""Incorrect RoundingMode|MASK .format(0.467);
        assertEquals(""Incorrect RoundingMode",
946,originalNode,MASK,False,4,MASK|MASK|MASK|MASK,[MASK]<｜end▁of▁sentence｜>,[MASK]<｜end▁of▁sentence｜>|MASK<｜end▁of▁sentence｜>|MASK<｜end▁of▁sentence｜>| MASK<｜end▁of▁sentence｜>,
947,message,message,True,5,message|https|entitlements|pluginNameFromFile|pluginNameFromFile,"message
                pluginId = pluginDescriptor.getName();
            } catch (final UserException e","message
                pluginId = pluginDescriptor.getName();
            } catch (final UserException e|                    + ""https://www.elastic.co/guide/en/elasticsearch/reference/|entitlements, info.getName(), tmpRoot, terminal);

        // install the plugin|  pluginNameFromFile = Files.readString(destination);
            final String    plugin|pluginNameFromFile);
        }
    }

    /**
     * Returns the",
948,strategy,allocation,False,4,allocation|allocation|allocation|allocation,"allocation = createAllocationService(Settings.EMPTY, () -> clusterInfo);","allocation = createAllocationService(Settings.EMPTY, () -> clusterInfo);|allocation.reroute(clusterState, ""reroute"", ActionListener.noop());
|allocation, clusterState);

        assertEquals(1, clusterState.getRoutingNodes|allocation.reroute(clusterState, ""reroute"", ActionListener.noop());
",
949,versions,MASK,False,8,MASK|MASK|MASK|MASK|versions|MASK|MASK|version,[MASK]<｜end▁of▁sentence｜>,"[MASK]<｜end▁of▁sentence｜>|[MASK]<｜end▁of▁sentence｜>|[MASK]<｜end▁of▁sentence｜>|MASK<｜end▁of▁sentence｜>|versions in a CompatibilityVersions object
    *<｜end▁of▁sentence｜>|MASK<｜end▁of▁sentence｜>|MASK<｜end▁of▁sentence｜>|version""));
    }

    public void testPreventJoinClusterWithUnsupportedSystemIndex",
950,field,,False,2,|, <｜end▁of▁sentence｜>, <｜end▁of▁sentence｜>| <｜end▁of▁sentence｜>,
951,pictureType,MASK,False,12,MASK|MASK||MASK|in|MASK|MASK|MASK|MASK|MASK|MASK|MASK,[MASK] <｜end▁of▁sentence｜>,"[MASK] <｜end▁of▁sentence｜>|  [MASK]<｜end▁of▁sentence｜>|<｜end▁of▁sentence｜>|MASK<｜end▁of▁sentence｜>|= in.readInt();
    this.mimeType = castNonNull(in.|MASK, mimeType, description, width, height, depth, colors);
  }|[MASK] <｜end▁of▁sentence｜>|MASK <｜end▁of▁sentence｜>|MASK<｜end▁of▁sentence｜>|MASK<｜end▁of▁sentence｜>|MASK<｜end▁of▁sentence｜>|MASK <｜end▁of▁sentence｜>",
952,validPerPosition,MASK,False,5,MASK|MASK|MASK|MASK|positionalErrorMessageSupplier,[MASK]<｜end▁of▁sentence｜>,[MASK]<｜end▁of▁sentence｜>|   MASK<｜end▁of▁sentence｜>|MASK<｜end▁of▁sentence｜>|MASK.get(i) == null || MASK.get(i).contains(Data|positionalErrorMessageSupplier<｜end▁of▁sentence｜>,
953,contexts,MASK,False,3,MASK|MASK|MASK,[MASK]<｜end▁of▁sentence｜>,"[MASK]<｜end▁of▁sentence｜>|   MASK
                   <｜end▁of▁sentence｜>|MASK<｜end▁of▁sentence｜>",
954,latch,MASK,False,3,MASK|MASK|MASK,  [MASK]<｜end▁of▁sentence｜>,  [MASK]<｜end▁of▁sentence｜>|   MASK<｜end▁of▁sentence｜>|   MASK<｜end▁of▁sentence｜>,
955,vVector,vBlock,False,11,vBlock|seenGroupIds|MASK|MASK|MASK|MASK|MASK|MASK|MASK|MASK|MASK,vBlock<｜end▁of▁sentence｜>,"vBlock<｜end▁of▁sentence｜>|seenGroupIds.getSeenGroupIds()
      <｜end▁of▁sentence｜>|[MASK] );
      }

      @Override
      public void add(int|MASK<｜end▁of▁sentence｜>|MASK<｜end▁of▁sentence｜>|[MASK] ) {
    for (int groupPosition = 0; groupPosition < groups|MASK<｜end▁of▁sentence｜>|MASK ) {
    for (int groupPosition = 0; groupPosition < groups.get|MASK .getInt(valuesPosition);
        state.set(groupId, SumIntAggreg|MASK ) {
    for (int groupPosition = 0; groupPosition < groups.get|MASK .getInt(valuesPosition);
      state.set(groupId, SumIntAggreg",
956,listener,listener,True,2,listener|,"listener
    ) throws Exception {
        listener.onResponse(new ClusterGetSettings","listener
    ) throws Exception {
        listener.onResponse(new ClusterGetSettings|  
        listener
           <｜end▁of▁sentence｜>",
957,velocityY,MASK,False,16,MASK|velocityY|velocityY|velocityY|velocityY|velocityY|velocityY|velocityY|return|Y|isTouchScrollH|return|velocityY|velocityY|velocityY|velocityY,"[MASK] ;

	/** @param actor May be null. */
	public Scroll","[MASK] ;

	/** @param actor May be null. */
	public Scroll|velocityY = Math.abs(y) > 150 && scrollY ? -y|velocityY != 0) {
					float scrollH = handlePosition + velocityX|velocityY);
				}
			}

			public void panStop (InputEvent|velocityY<｜end▁of▁sentence｜>|velocityY<｜end▁of▁sentence｜>|velocityY<｜end▁of▁sentence｜>|velocityY<｜end▁of▁sentence｜>|	return !scrollY || amountY <= 0;
	}

	public boolean isBottomEdge ()|Y >= maxY;
	}

	public boolean isScrolling () {
		return scroll| isTouchScrollH () {
		return touchScrollH;
	}

	public boolean is|		return flickScrollListener.getGestureDetector().isPanning();
	}|velocityY<｜end▁of▁sentence｜>|velocityY = velocityY ;
	}

	/** For flick scroll, if true the|velocityY <｜end▁of▁sentence｜>|velocityY ;
	}

	/** Sets the flick scroll velocity. */
	public void",
958,outputSurfaceInfo,outputSurfaceInfo,True,1,outputSurfaceInfo,"outputSurfaceInfo);

  /**
   * Returns the output {@link Surface},","outputSurfaceInfo);

  /**
   * Returns the output {@link Surface},",
959,invocation,stubbing,False,5,stubbing|MASK|MASK|MASK|MASK,"stubbing.InvocationOnMock;
import org.mockito.stubbing.","stubbing.InvocationOnMock;
import org.mockito.stubbing.|[MASK]<｜end▁of▁sentence｜>|[MASK]<｜end▁of▁sentence｜>|MASK<｜end▁of▁sentence｜>|MASK<｜end▁of▁sentence｜>",
960,builder,MASK,False,7,MASK|MASK|MASK|MASK|MASK|MASK|MASK,  [MASK]<｜end▁of▁sentence｜>,  [MASK]<｜end▁of▁sentence｜>|   [MASK]<｜end▁of▁sentence｜>|[MASK]<｜end▁of▁sentence｜>|[MASK]<｜end▁of▁sentence｜>|MASK<｜end▁of▁sentence｜>|   MASK<｜end▁of▁sentence｜>|MASK<｜end▁of▁sentence｜>,
961,resolverUtil,MASK,False,3,MASK|MASK|MASK,[MASK]<｜end▁of▁sentence｜>,[MASK]<｜end▁of▁sentence｜>|   [MASK]<｜end▁of▁sentence｜>|MASK<｜end▁of▁sentence｜>,
962,element,MASK,False,5,MASK|MASK|MASK|MASK|element," [MASK] .Element;
import javax.lang.model. [MASK] ."," [MASK] .Element;
import javax.lang.model. [MASK] .|[MASK] .ElementKind;
import javax.lang.model. [MASK]| MASK .JniTypeElement;
import javax.lang.model. MASK .J| MASK .VariableElement;
import javax.lang.model.type. MASK<｜end▁of▁sentence｜>|element) {
    return """";
  }

  @Override
  protected String get",
963,carry,MASK,False,9,MASK|MASK|MASK|MASK|UrlValidator|http|a|data|00000000000000000000,  [MASK]<｜end▁of▁sentence｜>,"  [MASK]<｜end▁of▁sentence｜>|MASK<｜end▁of▁sentence｜>|[MASK]  = true;
            } else {
               testPartsIndex[test|MASK<｜end▁of▁sentence｜>| UrlValidator validator = new UrlValidator();
   assertTrue(validator.is|http://www.apache.org/test/index.html#fragment""));
   assertTrue|/a/b/c#frag""));
   assertFalse(urlValidator.isValid(""| data --------------------

   private static final String[] testUrlParts = {
      |00000000000000000000",
964,pIgnoreExceptions,pIgnoreExceptions,True,3,pIgnoreExceptions|pIgnoreExceptions|pIgnoreExceptions,pIgnoreExceptions<｜end▁of▁sentence｜>,pIgnoreExceptions<｜end▁of▁sentence｜>|pIgnoreExceptions<｜end▁of▁sentence｜>|pIgnoreExceptions<｜end▁of▁sentence｜>,
965,errorMessage,MASK,False,18,MASK|MASK|MASK|MASK|MASK|MASK|MASK|MASK|MASK|MASK|MASK|MASK|MASK|MASK|MASK|MASK|MASK|MASK,  [MASK]<｜end▁of▁sentence｜>,"  [MASK]<｜end▁of▁sentence｜>|MASK<｜end▁of▁sentence｜>|MASK<｜end▁of▁sentence｜>|[MASK]<｜end▁of▁sentence｜>|[MASK]<｜end▁of▁sentence｜>|MASK<｜end▁of▁sentence｜>|[MASK]<｜end▁of▁sentence｜>|MASK  != null) {
                result.append( MASK );
            }|MASK );
            }
        } else if (tuple.toPattern != null|[MASK]<｜end▁of▁sentence｜>|MASK  != null) {
                result.append( MASK );
            }|MASK );
            }
        } else if (tuple.toPattern != null|[MASK]<｜end▁of▁sentence｜>|MASK  != null) {
                result.append( MASK );
            }|MASK );
            }
        } else if (tuple.select != null)|MASK  = codeUnderTest.plural(tuple);
            if ( MASK |MASK<｜end▁of▁sentence｜>|MASK<｜end▁of▁sentence｜>",
966,nameAndTypeItemOffset,itemLength,False,10,itemLength|addConstantFieldReference|MASK|MASK|int|MASK|MASK|addConstantDynamicOrInvokeDynamicReference|itemOffset|itemOffset,"itemLength = classReader.readInt(itemOffset);
      int itemTag = inputBytes","itemLength = classReader.readInt(itemOffset);
      int itemTag = inputBytes| addConstantFieldReference(
                itemIndex,
                itemTag,
                classReader.|[MASK] , charBuffer));
          break;
        case Symbol.CONSTANT|MASK + 2, charBuffer));
          break;
        case Symbol.CONSTANT| int memberRefClass =
              classReader.getItem(memberRefItemOffset);
         |MASK , charBuffer),
              classReader.readUTF8( MASK  + 2|MASK  + 2, charBuffer),
              classReader.readByte(memberRefItem|   addConstantDynamicOrInvokeDynamicReference(
                  itemTag,
                  itemIndex,|itemOffset, charBuffer),
              classReader.readUTF8( MASK , charBuffer|itemOffset + 4, charBuffer),
              classReader.readUTF8(  itemOffset",
967,columnMatcher,MASK,False,9,MASK|MASK|MASK|MASK|MASK|MASK|isOdbcClient|isOdbcClient|MASK,[MASK]<｜end▁of▁sentence｜>,"[MASK]<｜end▁of▁sentence｜>|[MASK]<｜end▁of▁sentence｜>| MASK <｜end▁of▁sentence｜>|[MASK]<｜end▁of▁sentence｜>|MASK<｜end▁of▁sentence｜>|MASK<｜end▁of▁sentence｜>|isOdbcClient
                    && (type == SHORT || type == INTEGER || type|isOdbcClient && MASK != null && MASK.matcher(name).mat|MASK<｜end▁of▁sentence｜>",
968,androidMorEarlier,MASK,False,7,MASK|MASK|sslhe|MASK|MASK|MASK|sslhe,[MASK]<｜end▁of▁sentence｜>,"[MASK]<｜end▁of▁sentence｜>|[MASK] ) {
        fail();
      }
    } catch (SSLHand|sslhe.getCause() instanceof CertificateException<｜end▁of▁sentence｜>|MASK<｜end▁of▁sentence｜>|MASK<｜end▁of▁sentence｜>|MASK<｜end▁of▁sentence｜>|sslhe<｜end▁of▁sentence｜>",
969,concurrencyCompensation,MASK,False,2,MASK|queueAdjustmentFactor,  MASK  <｜end▁of▁sentence｜>,"  MASK  <｜end▁of▁sentence｜>|queueAdjustmentFactor * qBar;
            // EWMA of service time
",
970,clusterer,,False,8,|MASK|MASK|MASK|Json|MASK|MASK|MASK, <｜end▁of▁sentence｜>," <｜end▁of▁sentence｜>|[MASK]<｜end▁of▁sentence｜>|[MASK]<｜end▁of▁sentence｜>|[MASK] .getJsonRepresentation()<｜end▁of▁sentence｜>|Json);
    }

    @Test
    public void testSerializeBinning|  MASK<｜end▁of▁sentence｜>|   MASK<｜end▁of▁sentence｜>|MASK .getJsonRepresentation().size(), 2);
    }

   ",
971,targetClass,MASK,False,3,MASK|MASK|MASK,  [MASK]<｜end▁of▁sentence｜>,  [MASK]<｜end▁of▁sentence｜>|MASK.getName()<｜end▁of▁sentence｜>|MASK<｜end▁of▁sentence｜>,
972,maxLength,mask,False,2,mask|mask,mask<｜end▁of▁sentence｜>,mask<｜end▁of▁sentence｜>|mask<｜end▁of▁sentence｜>,
973,apiKey,MASK,False,12,MASK|MASK|MASK|MASK|MASK|MASK|MASK|MASK|MASK|MASK|MASK|MASK,[MASK]<｜end▁of▁sentence｜>,"[MASK]<｜end▁of▁sentence｜>|[MASK]<｜end▁of▁sentence｜>|MASK<｜end▁of▁sentence｜>|MASK<｜end▁of▁sentence｜>|MASK<｜end▁of▁sentence｜>|MASK<｜end▁of▁sentence｜>|MASK<｜end▁of▁sentence｜>|[MASK]<｜end▁of▁sentence｜>|MASK<｜end▁of▁sentence｜>|MASK .toCharArray()))
        );
    }

    public static OpenA|MASK<｜end▁of▁sentence｜>|MASK<｜end▁of▁sentence｜>",
974,thisModuleExports,MASK,False,2,MASK|MASK,[MASK]<｜end▁of▁sentence｜>,[MASK]<｜end▁of▁sentence｜>|MASK<｜end▁of▁sentence｜>,
975,withNulls,MASK,False,4,MASK|MASK|MASK|List,[MASK]<｜end▁of▁sentence｜>,[MASK]<｜end▁of▁sentence｜>|[MASK]<｜end▁of▁sentence｜>|   MASK<｜end▁of▁sentence｜>|(List<Object>) MASK.toArray()<｜end▁of▁sentence｜>,
976,globalCheckpoint,MASK,False,9,"MASK|final|1, 10000000000000000|MASK|MASK|MASK|replicaShard|MASK|maxSeqNo",[MASK]<｜end▁of▁sentence｜>,"[MASK]<｜end▁of▁sentence｜>|   final long [MASK]<｜end▁of▁sentence｜>|1, 10000000000000000|[MASK] );
                primaryShard.flush(new FlushRequest());
           |MASK );
                primaryShard.updateGlobalCheckpointForShard(primaryShard|  [MASK]<｜end▁of▁sentence｜>|replicaShard.getLastKnownGlobalCheckpoint()<｜end▁of▁sentence｜>|MASK<｜end▁of▁sentence｜>|maxSeqNo));
        assertThat(replicaShard.getLastKnownGlobalCheck",
977,separator,}.,False,5,}.|separator|separator|separator|separator,"}.
   *
   * <p>For example, {@code Doubles.join(""","}.
   *
   * <p>For example, {@code Doubles.join(""|separator the text that should appear between consecutive values in the resulting string
   * @param array|separator, double... array) {
    checkNotNull(separator);
    if (|separator, ""separator"");
    checkNotNull(array, ""array"");
    if|separator ).append(array[i]);
    }
    return builder.toString();
",
978,parsedHeuristic,MASK,False,5,MASK|MASK|MASK|MASK|MASK,"[MASK] ;
                [MASK]<｜end▁of▁sentence｜>","[MASK] ;
                [MASK]<｜end▁of▁sentence｜>|[MASK]<｜end▁of▁sentence｜>|[MASK]  = significanceHeuristic<｜end▁of▁sentence｜>|   MASK<｜end▁of▁sentence｜>|MASK<｜end▁of▁sentence｜>",
979,otherSettings,settings,False,2,settings|settings,"settings) {
        return Settings.builder()
            .put(super.nodeSettings(","settings) {
        return Settings.builder()
            .put(super.nodeSettings(|settings<｜end▁of▁sentence｜>",
980,expectedMap,MASK,False,5,MASK|MASK|MASK|MASK|MASK,  [MASK]<｜end▁of▁sentence｜>,"  [MASK]<｜end▁of▁sentence｜>|[MASK]<｜end▁of▁sentence｜>|MASK
                   <｜end▁of▁sentence｜>|MASK
                  <｜end▁of▁sentence｜>|MASK<｜end▁of▁sentence｜>",
981,classes,classes,True,2,classes|classes,"  classes = {
                    Class.forName(""java.lang.ProcessEnvironment""),
                   ","  classes = {
                    Class.forName(""java.lang.ProcessEnvironment""),
                   |classes<｜end▁of▁sentence｜>",
982,nullability,MASK,False,4,MASK|MASK|MASK|MASK,[MASK]<｜end▁of▁sentence｜>,[MASK]<｜end▁of▁sentence｜>|[MASK]<｜end▁of▁sentence｜>|MASK<｜end▁of▁sentence｜>|MASK<｜end▁of▁sentence｜>,
983,metaAnnotation,,False,12,|MASK||MASK|MASK|MASK|MASK|MASK|MASK|MASK|MASK|MASK, <｜end▁of▁sentence｜>," <｜end▁of▁sentence｜>|  [MASK] <｜end▁of▁sentence｜>|<｜end▁of▁sentence｜>|[MASK]<｜end▁of▁sentence｜>|MASK<｜end▁of▁sentence｜>|MASK.annotationType(), MASK, true, visitedAnnotationTypes<｜end▁of▁sentence｜>|[MASK]<｜end▁of▁sentence｜>|MASK<｜end▁of▁sentence｜>|MASK <｜end▁of▁sentence｜>|MASK<｜end▁of▁sentence｜>|MASK<｜end▁of▁sentence｜>|MASK<｜end▁of▁sentence｜>",
984,fieldsProducers,MASK,False,7,MASK|MASK|MASK|MASK|MASK|MASK|in,[MASK]<｜end▁of▁sentence｜>,"[MASK]<｜end▁of▁sentence｜>|[MASK]<｜end▁of▁sentence｜>|MASK<｜end▁of▁sentence｜>|   MASK<｜end▁of▁sentence｜>|[MASK]<｜end▁of▁sentence｜>|MASK<｜end▁of▁sentence｜>|in.fieldInfos,
            in.fieldInfos,
            in.fieldInf",
985,returnType,MASK,False,6,MASK|MASK|MASK|MASK|MASK|MASK,[MASK]<｜end▁of▁sentence｜>,[MASK]<｜end▁of▁sentence｜>|[MASK]<｜end▁of▁sentence｜>|[MASK]<｜end▁of▁sentence｜>|MASK<｜end▁of▁sentence｜>|MASK<｜end▁of▁sentence｜>|MASK<｜end▁of▁sentence｜>,
986,object,that,False,7,that|values|MASK|MASK|MASK|MASK|MASK,"that converts between strings and doubles using {@link
   * Double#valueOf} and","that converts between strings and doubles using {@link
   * Double#valueOf} and|values.
   *
   * <p>The returned list is <i>not<|  [MASK]<｜end▁of▁sentence｜>|[MASK]<｜end▁of▁sentence｜>|MASK <｜end▁of▁sentence｜>|MASK <｜end▁of▁sentence｜>|MASK  );
    }

    @Override
    public int compareTo(@Nullable",
987,initial,MASK,False,3,MASK|MASK|deserialized,  [MASK]<｜end▁of▁sentence｜>,  [MASK]<｜end▁of▁sentence｜>|MASK<｜end▁of▁sentence｜>|deserialized<｜end▁of▁sentence｜>,
988,source,type,False,22,type|MASK|MASK|MASK|MASK|MASK|MASK|MASK|MASK|MASK|MASK|meta|meta|MASK|metaAnnotation|MASK|MASK|this|MASK|MASK|MASK|MASK,type of<｜end▁of▁sentence｜>,"type of<｜end▁of▁sentence｜>|[MASK]<｜end▁of▁sentence｜>|[MASK]<｜end▁of▁sentence｜>|[MASK]<｜end▁of▁sentence｜>|MASK <｜end▁of▁sentence｜>|[MASK]<｜end▁of▁sentence｜>|MASK<｜end▁of▁sentence｜>|[MASK]<｜end▁of▁sentence｜>|MASK<｜end▁of▁sentence｜>|[MASK]<｜end▁of▁sentence｜>|MASK , annotationType, ann, meta,
					AnnotationUtils.getMirro|meta ? ""meta-annotation @"" : ""annotation @"") +
						annotationType.getName|""meta-annotation @"" : ""annotation @"") +
						annotationType.getName(), ex|[MASK]<｜end▁of▁sentence｜>|metaAnnotation.annotationType(),
						metaAnnotation.annotationType().getName(), metaAnnotation.|[MASK]<｜end▁of▁sentence｜>|MASK<｜end▁of▁sentence｜>|this.repeatableContainers.findMapping( MASK , metaAnnotation)<｜end▁of▁sentence｜>|[MASK]<｜end▁of▁sentence｜>|MASK<｜end▁of▁sentence｜>|[MASK]<｜end▁of▁sentence｜>|MASK<｜end▁of▁sentence｜>",
989,onScriptError,MASK,False,6,MASK|OnScriptError|OnScriptError|OnScriptError|OnScriptError|OnScriptError,[MASK]<｜end▁of▁sentence｜>,"[MASK]<｜end▁of▁sentence｜>|OnScriptError  [MASK]<｜end▁of▁sentence｜>|OnScriptError.FAIL<｜end▁of▁sentence｜>|OnScriptError);

        boolean isResultDeterministic();

        boolean is|OnScriptError<｜end▁of▁sentence｜>|OnScriptError<｜end▁of▁sentence｜>",
990,inferenceEntityId,userOverride,False,2,userOverride|id,"  userOverride
    ) {
        return new OpenAiEmbeddingsModel(","  userOverride
    ) {
        return new OpenAiEmbeddingsModel(|   ""id""<｜end▁of▁sentence｜>",
991,allULocales,u010Derv,False,3,"u010Derv|0 06 01 0:00:00"",|Dvn","00:00"", ""\u010Derv"",            ""1970","00:00"", ""\u010Derv"",            ""1970|0 06 01 0:00:00"",
            ""LL|010Dvn\u00E1"",       ""1970 ",
992,params,params,True,1,params,"params) throws IOException {
        return toXContent(builder, params, false);
   ","params) throws IOException {
        return toXContent(builder, params, false);
   ",
993,minutesStr,ppos,False,6,ppos|for|DATA|DateFormat|DATA|NumberFormat," ppos = new ParsePosition(0);
        Date d = sdf.parse("," ppos = new ParsePosition(0);
        Date d = sdf.parse(| for (int i = 0; i < DATA.length; i++) {
           | DATA.length; i++) {
            fmt.setNumberFormat(DATA[i|DateFormat(DATA[i][0], DATA[i][1], new ULocale| = DATA[i][0];
            String expected = DATA[i][1];|NumberFormat(override);
                String result = fmt.format(test_date);
",
994,decompressedSize,unicharBufferSize,False,2,unicharBufferSize|unicharBufferSize,"unicharBufferSize = 2;//byteBufferSize;
        char[] unichar","unicharBufferSize = 2;//byteBufferSize;
        char[] unichar|unicharBufferSize);

        // for looping
        int byteBufferSize = ",
995,chunkingSettingsMap,MASK,False,2,MASK|Map,  [MASK]<｜end▁of▁sentence｜>,"  [MASK]<｜end▁of▁sentence｜>|(Map<String, Object>) args[2]<｜end▁of▁sentence｜>",
996,distance,MASK,False,12,MASK|code||code|MASK|MASK|array|code|MASK|MASK|MASK|MASK,[MASK]<｜end▁of▁sentence｜>,"[MASK]<｜end▁of▁sentence｜>|{@code [MASK] } places to the right, and the last element is moved to|
   *<｜end▁of▁sentence｜>|  code )}, but is considerably faster and avoids allocation and garbage collection.
   *
|[MASK]<｜end▁of▁sentence｜>|[MASK]<｜end▁of▁sentence｜>|0, array.length);
  }

  /**
   * Performs a right|  code )}, but is
   * considerably faster and avoids allocations and garbage collection.|MASK<｜end▁of▁sentence｜>| MASK ) {
    checkNotNull(array);
    checkPositionIndexes(0,|MASK) mod length, where MASK is the number of places to rotate the array
   |MASK
          <｜end▁of▁sentence｜>",
997,contentSupplier,bodyContents,False,2,bodyContents|bodyContents,"bodyContents, OAuthAsyncRequestCallback<T> callback,
            OAuthRequest.Response","bodyContents, OAuthAsyncRequestCallback<T> callback,
            OAuthRequest.Response|bodyContents
                    .get()
                    .toByteArray();
            response = client.",
998,options,disk,False,16,disk|MASK|MASK|MASK|optionsParsingResult|MASK|MASK|MASK|MASK|MASK|MASK|MASK|MASK|setOptions|OptionsParser|interceptors,"disk.DiskCacheGarbageCollectorIdleTask.IdlePeriod;
import com","disk.DiskCacheGarbageCollectorIdleTask.IdlePeriod;
import com|[MASK]<｜end▁of▁sentence｜>|[MASK]<｜end▁of▁sentence｜>|MASK<｜end▁of▁sentence｜>|optionsParsingResult<｜end▁of▁sentence｜>|[MASK] .getOptions(CoreOptions.class)).thenReturn(coreOptions);
|[MASK] .getOptions(CommonCommandOptions.class)).thenReturn(commonCommandOptions|[MASK] .getOptions(PackageOptions.class)).thenReturn(packageOptions);
|[MASK] .getOptions(ClientOptions.class)).thenReturn(clientOptions);
|[MASK] .getOptions(ExecutionOptions.class)).thenReturn(executionOptions);
|[MASK] .getOptions(AuthAndTLSOptions.class)).thenReturn(auth|[MASK] .getOptions(ExecutionOptions.class)).thenReturn(executionOptions);
|MASK .getOptions(TestOptions.class)).thenReturn(testOptions);
    when|setOptions(optionsParsingResult).build())
            .setCommandEnvironment(
               |   OptionsParser.builder()
                .setOptions(
                    ImmutableMap.of(|interceptors) ->
            InProcessChannelBuilder.forName(target).directExecutor",
999,newXml,newXml,True,4,newXml|newXml|oldXmlDoc|oldXmlDoc,  newXml <｜end▁of▁sentence｜>,"  newXml <｜end▁of▁sentence｜>|newXml );

            if (isManifestChanged) {
                Logger.d|  oldXmlDoc = DocumentHelper.parseText(oldAndroidManifest.xml);
               |  oldXmlDoc.getRootElement();
                final Element incRootNode = incXmlDoc",
