id,ground_truth,prediction,correct,mask_count,all_predictions,raw_prediction,all_raw_predictions,error
0,decodedCapacity,bufLen,False,2,bufLen|bufLen,  bufLen <|endoftext|>,  bufLen <|endoftext|>|bufLen<|endoftext|>,
1,canExclude,MASK,False,4,MASK|||&&,[MASK]<|endoftext|>,[MASK]<|endoftext|>| <|endoftext|>| <|endoftext|>|&& <|endoftext|>,
2,expectedIndexName,MASK,False,4,MASK|MASK|MASK|MASK,             [MASK] <|endoftext|>,             [MASK] <|endoftext|>|[MASK]<|endoftext|>|[MASK]<|endoftext|>| MASK<|endoftext|>,
3,style,MASK,False,61,MASK|MASK|MASK|MASK|MASK|MASK|MASK|MASK|MASK|MASK|MASK|MASK|MASK|MASK|style|MASK|MASK|MASK|MASK|MASK|MASK|MASK|MASK|() {|scrollY|is|. */|crollSpeedMin|crollSpeedMax|. */|for|forceScrollY|boolean|If|to|fadeScrollBars|fadeDelaySeconds|return|bars|TouchEnabled|the|scrollbarsOnTop|OnTop|Knobs|scroll|MASK|MASK|MASK|MASK|MASK|MASK|MASK|MASK|link|style|MASK|MASK|MASK|MASK|MASK|MASK, [MASK]  = new ScrollPaneStyle()<|fim_pad|><|fim_pad|><|fim_pad|><|fim_pad|><|fim_pad|><|fim_pad|><|fim_pad|><|fim_pad|><|fim_pad|><|fim_pad|>," [MASK]  = new ScrollPaneStyle()<|fim_pad|><|fim_pad|><|fim_pad|><|fim_pad|><|fim_pad|><|fim_pad|><|fim_pad|><|fim_pad|><|fim_pad|><|fim_pad|>|[MASK] <|fim_pad|><|fim_pad|><|fim_pad|><|fim_pad|><|fim_pad|><|fim_pad|><|fim_pad|><|fim_pad|><|fim_pad|><|fim_pad|><|fim_pad|><|fim_pad|><|fim_pad|><|fim_pad|><|fim_pad|><|fim_pad|>|[MASK] <|fim_pad|><|fim_pad|><|fim_pad|><|fim_pad|><|fim_pad|><|fim_pad|><|fim_pad|><|fim_pad|><|fim_pad|><|fim_pad|><|fim_pad|><|fim_pad|><|fim_pad|><|fim_pad|><|fim_pad|><|fim_pad|>|[ MASK] ) {
		setStyle( [MASK] );
		setActor(actor);
		set|[MASK]<|endoftext|>| [MASK]  cannot be null."");
		this. [MASK]  =  [MASK]|[MASK]  =  [MASK] ;
		setActor(actor);
		setSize(1|MASK <|fim_pad|><|fim_pad|><|fim_pad|><|fim_pad|><|fim_pad|><|fim_pad|><|fim_pad|><|fim_pad|><|fim_pad|><|fim_pad|><|fim_pad|><|fim_pad|><|fim_pad|><|fim_pad|><|fim_pad|><|fim_pad|><|fim_pad|><|fim_pad|>|[MASK]  [MASK]  [MASK]  [MASK]  [MASK] |[MASK]<|endoftext|>|[MASK]<|fim_pad|><|fim_pad|><|fim_pad|><|fim_pad|><|fim_pad|><|fim_pad|><|fim_pad|><|fim_pad|><|fim_pad|><|fim_pad|><|fim_pad|><|fim_pad|><|fim_pad|><|fim_pad|><|fim_pad|><|fim_pad|><|fim_pad|>|[MASK]  =  [MASK] ;
		invalidateHierarchy();
	}

	/** Returns|MASK<|fim_pad|><|fim_pad|><|fim_pad|><|fim_pad|><|fim_pad|><|fim_pad|><|fim_pad|><|fim_pad|><|fim_pad|><|fim_pad|><|fim_pad|><|fim_pad|><|fim_pad|><|fim_pad|><|fim_pad|><|fim_pad|><|fim_pad|><|fim_pad|><|fim_pad|>|[MASK]  used by this scroll pane. This allows you to modify the   [MASK]|style<|fim_pad|><|fim_pad|><|fim_pad|><|fim_pad|><|fim_pad|><|fim_pad|><|fim_pad|><|fim_pad|><|fim_pad|><|fim_pad|><|fim_pad|><|fim_pad|><|fim_pad|><|fim_pad|><|fim_pad|><|fim_pad|><|fim_pad|><|fim_pad|><|fim_pad|>|MASK ;
	}

	public Actor getActor () {
		return actor;
	}

	/** Sets the|[MASK] .background, hScroll =  [MASK] .hScroll, vScroll =|[MASK] .hScrollKnob, vScrollKnob =  [MASK] .v|MASK<|fim_pad|><|fim_pad|><|fim_pad|><|fim_pad|><|fim_pad|><|fim_pad|><|fim_pad|><|fim_pad|><|fim_pad|><|fim_pad|><|fim_pad|><|fim_pad|><|fim_pad|><|fim_pad|><|fim_pad|><|fim_pad|><|fim_pad|><|fim_pad|><|fim_pad|>|MASK] .hScroll != null) scrollbarHeight = Math.max(scrollbarHeight,  [MASK|[MASK]<|fim_pad|><|fim_pad|><|fim_pad|><|fim_pad|><|fim_pad|><|fim_pad|><|fim_pad|><|fim_pad|><|fim_pad|><|fim_pad|><|fim_pad|><|fim_pad|><|fim_pad|><|fim_pad|><|fim_pad|><|fim_pad|><|fim_pad|>|MASK<|fim_pad|><|fim_pad|><|fim_pad|><|fim_pad|><|fim_pad|><|fim_pad|><|fim_pad|><|fim_pad|><|fim_pad|><|fim_pad|><|fim_pad|><|fim_pad|><|fim_pad|><|fim_pad|><|fim_pad|><|fim_pad|><|fim_pad|><|fim_pad|><|fim_pad|>|MASK<|fim_pad|><|fim_pad|><|fim_pad|><|fim_pad|><|fim_pad|><|fim_pad|><|fim_pad|><|fim_pad|><|fim_pad|><|fim_pad|><|fim_pad|><|fim_pad|><|fim_pad|><|fim_pad|><|fim_pad|><|fim_pad|><|fim_pad|><|fim_pad|><|fim_pad|>| () {
		return !scrollY || amountY <= 0;
	}

	public boolean isBottom| !scrollY || amountY >= maxY;
	}

	/** Sets whether the scrollbars are visible| * is 100 pixels and 1 second. */
	public void setOverscroll (|. */
	public void setOverscrollDistance (float overscrollDistance, float speed) {
	|crollSpeedMin = speedMin;
		overscrollSpeedMax = speedMax;
	}

	|crollSpeedMax = speedMax;
	}

	/** Sets the time in seconds for which the scroll|. */
	public void setForceScroll (boolean forceX, boolean forceY) {
		force|for flick scroll). */
	public void setForceScroll (boolean forceScrollX, boolean forceScrollY|	forceScrollY = y;
	}

	public boolean isForceScrollX () {
		return force| boolean isForceScrollX () {
		return forceScrollX;
	}

	public boolean isForceScroll|/** If true, the scrollbars will fade out when not scrolling. Default is true. */
	public| to animate back to the actor's bounds when scrolling is stopped. */
	public void setFlingTime|fadeScrollBars) {
			fadeAlpha = fadeAlphaSeconds;
			fadeDelay = fade| fadeDelaySeconds;
	}

	/** When true the scrollbars are drawn on top of the scroll|	return fadeScrollBars;
	}

	/** When true the scrollbars are drawn on top of the|bars will be visible when scrolling and hidden when not scrolling. Default is true. */
	public void set|TouchEnabled (boolean scrollBarTouchEnabled) {
		this.scrollBarTouchEnabled = scrollBarTouch| * the scroll pane's bounds, so it may be drawn under the scrollbars. */
	public void| scrollbarsOnTop) {
		if (this.scrollbarsOnTop == scrollbarsOnTop)|OnTop;
	}

	public boolean getScrollbarsOnTop () {
		return scrollbarsOnTop|Knobs () {
		return variableSizeKnobs;
	}

	public void setVariableSizeKnobs| scroll knob sizes will be variable depending on the size of the scroll pane and the size of the actor|[MASK]<|endoftext|>|MASK<|file_sep|><|fim_prefix|>/README.md
package com.badlogic.gdx.scenes.scene2d.ui;

import com.badlogic|MASK<|endoftext|>|MASK<|endoftext|>|[MASK]<|endoftext|>|MASK<|file_sep|><|fim_prefix|>/README.md
package com.badlogic.gdx.scenes.scene2d.ui;

import com.badlogic|MASK<|endoftext|>|MASK<|endoftext|>|{@link ScrollPaneStyle} contains the {@link Drawable} used to draw the scroll pane. The|style<|endoftext|>|[MASK]<|file_sep|><|fim_prefix|>/README.md
package com.badlogic.gdx.graphics.g3d.particles.values|MASK<|endoftext|>|[MASK]<|endoftext|>|MASK<|endoftext|>|[MASK]<|endoftext|>|MASK<|endoftext|>",
4,methodHandlesLookup,,False,5,|MASK|MASK|MASK|MASK,<|endoftext|>,<|endoftext|>|[MASK]<|endoftext|>|[MASK]<|endoftext|>|MASK<|endoftext|>|MASK<|endoftext|>,
5,nPredicates,MASK,False,12,MASK|MASK|MASK|MASK|MASK|getPredicateCount|MASK|MASK|MASK|MASK|MASK|MASK,[MASK]<|endoftext|>,[MASK]<|endoftext|>|[MASK]<|endoftext|>|MASK<|endoftext|>|[MASK]<|endoftext|>|[MASK]<|endoftext|>|getPredicateCount()<|endoftext|>|[MASK]<|endoftext|>|MASK<|endoftext|>|[MASK]<|endoftext|>|MASK<|endoftext|>|[MASK]<|endoftext|>|MASK <|endoftext|>,
6,status,MASK,False,8,MASK||MASK|);|MASK|);|MASK|); );, [MASK]<|endoftext|>," [MASK]<|endoftext|>|<|endoftext|>| [MASK] (),  [MASK] );
            assertEquals(
                ""Cluster is close to reaching the|  );
            assertEquals(
                ""Cluster is close to reaching the configured maximum number of shards for index|[MASK]<|endoftext|>|);
            assertEquals(
                ""Cluster is close to reaching the configured maximum number of shards for search nodes| MASK<|endoftext|>|  ); );
            assertEquals(
                ""Cluster is close to reaching the configured maximum number of shards for",
7,mockXPackLicenseStatus,mockLicenseStatus,False,2,mockLicenseStatus|mockLicenseStatus,"mockLicenseStatus
          <|file_sep|>/x-pack/plugin/src/test/java/org/elasticsearch/xpack/security/transport","mockLicenseStatus
          <|file_sep|>/x-pack/plugin/src/test/java/org/elasticsearch/xpack/security/transport|mockLicenseStatus, null, null, null, null, null, null, null, null,",
8,typeClsFullName,,False,2,|typeName,    <|endoftext|>,    <|endoftext|>|typeName<|endoftext|>,
9,bytes,MASK,False,8,MASK|MASK|MASK|MASK|MASK|MASK|MASK|MASK,[MASK]<|endoftext|>,"[MASK]<|endoftext|>|MASK<|endoftext|>|MASK<|endoftext|>|[MASK]<|endoftext|>| [MASK]  ;
		}

		@SuppressWarnings(""unused"")
		public void setBytes(byte|[ MASK ]<|endoftext|>| MASK<|endoftext|>| MASK<|endoftext|>",
10,restoreId,snapshotShardSizeInfo,False,3,snapshotShardSizeInfo|snapshot|snapshotShardSizeInfo,"snapshotShardSizeInfo = new SnapshotShardSizeInfo(
            Map.of(new InternalSnapshots","snapshotShardSizeInfo = new SnapshotShardSizeInfo(
            Map.of(new InternalSnapshots|snapshot, snapshotShardSizeInfo<|endoftext|>|   snapshotShardSizeInfo,
                                snapshot,
                                RestoreInProgress.State.STARTED,
                                false,
",
11,context,context,True,3,context|MASK|context,context<|endoftext|>,context<|endoftext|>|[MASK]<|endoftext|>|context<|endoftext|>,
12,cache,MASK,False,20,MASK|MASK|MASK|MASK|MASK|MASK|MASK|a|MASK|MASK|MASK|MASK|MASK|MASK|MASK|MASK|MASK|MASK|MASK|MASK,[MASK]<|endoftext|>,"[MASK]<|endoftext|>|[MASK]<|endoftext|>|MASK<|endoftext|>|MASK<|endoftext|>|MASK<|endoftext|>|MASK .CacheBuilder;
import com.google.common. MASK .CacheLoader;
import com.google.common.|MASK .RemovalCause;
import com.google.common. MASK .RemovalNotification;
import com.google|a cache with a maximum size of zero.
 *
 * <p>Tests for   a cache with|[MASK]<|endoftext|>|[MASK]<|endoftext|>| MASK<|endoftext|>|[MASK]<|endoftext|>|[MASK]<|endoftext|>|MASK<|endoftext|>|[MASK]<|endoftext|>|MASK<|endoftext|>|MASK<|endoftext|>|MASK<|endoftext|>|MASK<|endoftext|>|MASK<|endoftext|>",
13,relativePath,MASK,False,3,MASK|MASK|MASK,"  [MASK]  = create(""../relative/path"");
    PathFragment rootPath = create(""/"");

","  [MASK]  = create(""../relative/path"");
    PathFragment rootPath = create(""/"");

|[MASK]<|fim_pad|><|fim_pad|><|fim_pad|><|fim_pad|><|fim_pad|><|fim_pad|><|fim_pad|><|fim_pad|><|fim_pad|><|fim_pad|><|fim_pad|><|fim_pad|><|fim_pad|><|fim_pad|><|fim_pad|><|fim_pad|><|fim_pad|>| MASK <|fim_pad|><|fim_pad|><|fim_pad|><|fim_pad|><|fim_pad|><|fim_pad|><|fim_pad|><|fim_pad|><|fim_pad|><|fim_pad|><|fim_pad|><|fim_pad|><|fim_pad|><|fim_pad|><|fim_pad|><|fim_pad|><|fim_pad|><|fim_pad|>",
14,queryBuilder,queryBuilder,True,2,queryBuilder|queryBuilder,"queryBuilder
              <|file_sep|>/x-pack/plugin/src/test/java/org/elasticsearch/xpack/security/transport/","queryBuilder
              <|file_sep|>/x-pack/plugin/src/test/java/org/elasticsearch/xpack/security/transport/|queryBuilder);
        } else {
            match.replaceQueryBuilder(
                TRANSLATOR_HANDLER.asQuery(L",
15,printer,p,False,2,p|p,"p) {
    p.append(""<output file target "" + getLabel() + "">"");
  }

","p) {
    p.append(""<output file target "" + getLabel() + "">"");
  }

|p
          .append(""<output file target "")
          .append(getLabel())
          .append(""",
16,sourceBitmapConfig,,False,3,|config|config,<|endoftext|>,"<|endoftext|>|config
               <|endoftext|>|config<|endoftext|>",
17,millis,MASK,False,6,MASK|MASK|MASK|MASK|MASK|MASK,[MASK]<|endoftext|>,[MASK]<|endoftext|>|[MASK]<|endoftext|>|MASK <|endoftext|>|[MASK]<|endoftext|>|MASK<|endoftext|>|MASK<|endoftext|>,
18,numShards,numShards,True,2,numShards|numShards,numShards<|endoftext|>,"numShards<|endoftext|>|numShards);
        logger.info(
            ""numValues: {}, numShards: {}, values",
19,fullSchedule,[,False,6,[|MASK|MASK|MASK|MASK|MASK,[<|endoftext|>,[<|endoftext|>|[MASK]<|endoftext|>|MASK<|endoftext|>|MASK<|endoftext|>|MASK<|endoftext|>|MASK<|endoftext|>,
20,match,,False,5,|id|id||confidence,<|endoftext|>,"<|endoftext|>|id = id;
                    newRecon. [MASK] Score = 100;
                   |id<|endoftext|>|<|endoftext|>|confidence = 100;
                    newRecon.<|endoftext|>",
21,sectionLength,MASK,False,17,MASK|MASK|MASK|MASK|MASK|MASK|MASK|MASK|MASK|MASK|MASK|MASK|MASK|MASK|MASK|MASK|MASK,[MASK]<|endoftext|>,"[MASK]<|endoftext|>|MASK <|endoftext|>|[MASK]<|endoftext|>|[MASK]<|endoftext|>|MASK<|endoftext|>|[MASK]<|endoftext|>|MASK]<|endoftext|>|MASK<|endoftext|>|MASK<|endoftext|>|MASK<|endoftext|>| [MASK]<|endoftext|>|[MASK]<|endoftext|>|MASK  -= 7;
      }

      int position = bitmapData.getPosition();
      int limit =|MASK<|endoftext|>| MASK <|endoftext|>|MASK<|endoftext|>| MASK<|endoftext|>",
22,status,status,True,3,status|status|status,status<|endoftext|>,"status<|endoftext|>|status<|endoftext|>|status  );
            }
          }

          @Override
          protected void onFailureImpl(Throwable t) {
",
23,fooAbs,fooBarWizRoot,False,3,fooBarWizRoot|fooBarAbs|fooBarWizRoot,"fooBarWizRoot = create(""/foo/bar/wiz"");
    PathFragment fooBarRoot =","fooBarWizRoot = create(""/foo/bar/wiz"");
    PathFragment fooBarRoot =|fooBarAbs);
    assertThat(fooBarWizAbs.getParentDirectory()).isEqualTo(fooBarAbs);
   |fooBarWizRoot  .getParentDirectory()).isEqualTo(fooBarWizRoot);
    assertThat(root",
24,request,request,True,2,request|request,request<|endoftext|>,request<|endoftext|>|request <|endoftext|>,
25,requestUrl,,False,4,|MASK|MASK|MASK,<|endoftext|>,<|endoftext|>|[MASK]<|endoftext|>|MASK<|endoftext|>| MASK <|endoftext|>,
26,cmcdConfigurationFactory,MASK,False,6,MASK|MASK|MASK|MASK||, [MASK] <|fim_pad|><|fim_pad|><|fim_pad|><|fim_pad|><|fim_pad|><|fim_pad|><|fim_pad|><|fim_pad|><|fim_pad|><|fim_pad|><|fim_pad|><|fim_pad|><|fim_pad|><|fim_pad|><|fim_pad|><|fim_pad|>," [MASK] <|fim_pad|><|fim_pad|><|fim_pad|><|fim_pad|><|fim_pad|><|fim_pad|><|fim_pad|><|fim_pad|><|fim_pad|><|fim_pad|><|fim_pad|><|fim_pad|><|fim_pad|><|fim_pad|><|fim_pad|><|fim_pad|>| [MASK]  ) {
      this. [MASK]  = checkNotNull( [MASK]|MASK<|endoftext|>|MASK  );
      return this;
    }

    @CanIgnoreReturnValue
    @Override
   |<|endoftext|>|<|endoftext|>",
27,formatBuilder,,False,34,|||MASK||MASK|MASK|MASK|MASK|MASK|MASK|MASK|MASK|MASK|MASK|MASK|MASK|MASK||MASK|MASK|MASK|MASK|MASK|MASK|MASK|MASK|MASK|MASK|MASK||||,<|endoftext|>,<|endoftext|>|<|endoftext|>|<|endoftext|>|  [MASK]<|endoftext|>|<|endoftext|>|[MASK]<|endoftext|>|[MASK]<|endoftext|>|[MASK]<|endoftext|>|[MASK]<|endoftext|>|MASK<|endoftext|>|[MASK]<|endoftext|>|MASK<|endoftext|>|MASK<|endoftext|>|MASK<|endoftext|>|[MASK]<|endoftext|>|[MASK]<|endoftext|>|MASK<|endoftext|>|[MASK]<|endoftext|>|<|endoftext|>| [MASK]<|endoftext|>|[MASK]<|endoftext|>|[MASK]<|endoftext|>|[MASK]<|endoftext|>|[MASK]<|endoftext|>|[MASK]<|endoftext|>|[MASK]<|endoftext|>|MASK<|endoftext|>| [MASK]<|endoftext|>| [MASK]<|endoftext|>|MASK<|endoftext|>|<|endoftext|>|<|endoftext|>|<|endoftext|>|<|endoftext|>,
28,desktopServicesStore,MASK,False,6,MASK|MASK|MASK|MASK|MASK|MASK,[MASK]<|endoftext|>,[MASK]<|endoftext|>|[MASK]<|endoftext|>|[MASK]<|endoftext|>|[MASK]<|endoftext|>|MASK<|endoftext|>|MASK<|endoftext|>,
29,roles,,False,3,|MASK|MASK,<|endoftext|>,<|endoftext|>|[MASK]<|endoftext|>|MASK<|endoftext|>,
30,wasPanning,handled,False,2,handled|inTapRectangle,"  handled = false;
		if ( [MASK]  && !panning) handled = listener","  handled = false;
		if ( [MASK]  && !panning) handled = listener|!inTapRectangle && !pinching && !handled && !panning) handled = listener.tap",
31,delimiter,MASK,False,4,MASK|MASK|MASK|MASK,[MASK]<|endoftext|>,[MASK]<|endoftext|>|MASK<|endoftext|>|MASK<|endoftext|>|MASK  || ch == '\n' || ch == '\r' || ch == '\f',
32,events,,False,4,|MASK|MASK|MASK,<|endoftext|>,"<|endoftext|>|   [MASK]<|endoftext|>|[MASK]<|endoftext|>| MASK .get(0), containsString(""does not exist""));
        assertThat(  MASK<|endoftext|>",
33,clientId,clientId,True,2,clientId|clientId,clientId   <|endoftext|>,"clientId   <|endoftext|>|clientId
               <|endoftext|>",
34,integer,MASK,False,10,MASK|MASK|MASK|MASK|MASK|MASK|MASK|MASK|MASK|MASK,[MASK]<|endoftext|>,"[MASK]<|endoftext|>|[MASK]<|endoftext|>|MASK<|endoftext|>|[MASK]<|endoftext|>|[MASK]<|endoftext|>|MASK<|endoftext|>|[MASK]<|endoftext|>|MASK .get()] = result.getDocCount();
                if (result.getDocCount() > |MASK<|endoftext|>|MASK .get();
        assertThat(avgCount, allOf(greaterThanOrEqualTo(20L), less",
35,drmEventDispatcher,drmEventDispatcher,True,2,drmEventDispatcher|drmEventDispatcher,drmEventDispatcher<|endoftext|>,"drmEventDispatcher<|endoftext|>|drmEventDispatcher,
        drmSessionManager.getMediaKeys(),
        playlistTracker.getMultivariantPlaylist",
36,toExcluded,MASK,False,10,MASK|MASK|MASK|MASK|MASK|MASK|MASK|MASK|MASK|MASK,[MASK]<|endoftext|>,"[MASK]<|endoftext|>|[MASK]<|endoftext|>|MASK<|endoftext|>|MASK <|endoftext|>|MASK<|endoftext|>|MASK<|endoftext|>|MASK<|endoftext|>|MASK <|endoftext|>|MASK <|endoftext|>|MASK  && str.charAt(i) == '%');

            charBufIdx += decodeUtf8(buf,",
37,configurations,MASK,False,6,MASK|MASK|MASK|MASK|MASK|MASK, [MASK]<|endoftext|>, [MASK]<|endoftext|>|[MASK]<|endoftext|>|[MASK] <|endoftext|>| MASK<|endoftext|>|MASK<|endoftext|>|MASK <|endoftext|>,
38,unicharsRead,MASK,False,6,MASK|MASK|MASK|MASK|MASK|MASK,"[MASK]  = new int[1];
        int[] bytesRead = new int[1];
","[MASK]  = new int[1];
        int[] bytesRead = new int[1];
|[MASK] <|fim_pad|><|fim_pad|><|fim_pad|><|fim_pad|><|fim_pad|><|fim_pad|><|fim_pad|><|fim_pad|><|fim_pad|><|fim_pad|><|fim_pad|><|fim_pad|><|fim_pad|><|fim_pad|><|fim_pad|><|fim_pad|>|MASK  = new int[1];
        int[] bytesRead = new int[1];
        
       |MASK, byteBuffer, 0, byteBufferSize);

            // copy the current set of bytes into|[MASK]<|fim_pad|><|fim_pad|><|fim_pad|><|fim_pad|><|fim_pad|><|fim_pad|><|fim_pad|><|fim_pad|><|fim_pad|><|fim_pad|><|fim_pad|><|fim_pad|><|fim_pad|><|fim_pad|><|fim_pad|><|fim_pad|><|fim_pad|>|MASK<|fim_pad|><|fim_pad|><|fim_pad|><|fim_pad|><|fim_pad|><|fim_pad|><|fim_pad|><|fim_pad|><|fim_pad|><|fim_pad|><|fim_pad|><|fim_pad|><|fim_pad|><|fim_pad|><|fim_pad|><|fim_pad|><|fim_pad|><|fim_pad|><|fim_pad|>",
39,mediaEncoding,,False,9,|encodingName||MASK|MASK|MASK|MASK||,<|endoftext|>,<|endoftext|>|encodingName<|endoftext|>|<|endoftext|>|[MASK]<|endoftext|>| [MASK]<|endoftext|>| MASK<|endoftext|>| MASK <|endoftext|>|<|endoftext|>|<|endoftext|>,
40,status,status,True,4,status|status|MASK|aggregatedResponse,"             status    = aggregatedResponse.status();
        final int                      statusCode= status.code();
        final String","             status    = aggregatedResponse.status();
        final int                      statusCode= status.code();
        final String|status ();
        final String      reason  = aggregatedResponse.reasonPhrase<|endoftext|>|[MASK]<|endoftext|>|aggregatedResponse.status()<|endoftext|>",
41,semanticVersion,MASK,False,4,MASK|MASK|MASK|MASK,"[MASK]  = getSemanticVersion(pluginId);
        if ( [MASK]  == null","[MASK]  = getSemanticVersion(pluginId);
        if ( [MASK]  == null|MASK  == null) {
            throw new UserException(
                ExitCodes.CONFIG,
                ""attempt|[MASK]<|fim_pad|><|fim_pad|><|fim_pad|><|fim_pad|><|fim_pad|><|fim_pad|><|fim_pad|><|fim_pad|><|fim_pad|><|fim_pad|><|fim_pad|><|fim_pad|><|fim_pad|><|fim_pad|><|fim_pad|><|fim_pad|><|fim_pad|>| MASK <|fim_pad|><|fim_pad|><|fim_pad|><|fim_pad|><|fim_pad|><|fim_pad|><|fim_pad|><|fim_pad|><|fim_pad|><|fim_pad|><|fim_pad|><|fim_pad|><|fim_pad|><|fim_pad|><|fim_pad|><|fim_pad|><|fim_pad|><|fim_pad|>",
42,newReceiverNodes,newReceiverNodes,True,3,newReceiverNodes|newReceiverNodes|newReceiverNodes,"newReceiverNodes  = newAppNode.elements(XML_NODENAME_RECEIVER);
                    final List<Element","newReceiverNodes  = newAppNode.elements(XML_NODENAME_RECEIVER);
                    final List<Element|newReceiverNodes <|fim_pad|><|fim_pad|><|fim_pad|><|fim_pad|><|fim_pad|><|fim_pad|><|fim_pad|><|fim_pad|><|fim_pad|><|fim_pad|><|fim_pad|><|fim_pad|><|fim_pad|><|fim_pad|><|fim_pad|><|fim_pad|>|newReceiverNodes<|endoftext|>",
43,serviceTimeEWMA,MASK,False,4,MASK|nodeQueueSize|MASK|MASK,  [MASK]<|endoftext|>,"  [MASK]<|endoftext|>|nodeQueueSize<|endoftext|>|MASK<|endoftext|>|MASK  );
            } else {
                collector.addNodeStatistics(nodeId, queueSize, responseDuration,",
44,lexer,lexer,True,29,lexer|MASK|MASK|MASK|MASK|MASK|MASK|MASK|MASK|MASK|MASK|MASK|MASK|MASK|MASK|MASK|MASK|MASK|MASK|MASK|MASK|MASK|MASK|MASK|MASK|MASK|MASK|MASK|MASK,lexer<|endoftext|>,"lexer<|endoftext|>|[MASK]<|endoftext|>|[MASK]<|endoftext|>|[MASK]<|endoftext|>|MASK<|endoftext|>|[MASK]<|endoftext|>|[MASK]<|endoftext|>|MASK<|endoftext|>|MASK<|endoftext|>|[MASK]<|endoftext|>|[MASK] .matchStat == JSONLexerBase.NOT_MATCH) {
                restFlag = true;
|[MASK]<|endoftext|>|MASK<|endoftext|>|MASK<|endoftext|>|MASK<|endoftext|>|MASK<|endoftext|>|MASK<|endoftext|>|[MASK]<|endoftext|>|MASK<|endoftext|>|MASK<|endoftext|>|MASK<|endoftext|>|[MASK]<|endoftext|>|MASK<|endoftext|>|MASK<|endoftext|>|MASK<|endoftext|>|MASK<|endoftext|>|MASK<|endoftext|>|MASK<|endoftext|>|MASK<|endoftext|>",
45,context,context,True,4,context|context|MASK|MASK,context<|endoftext|>,"context<|endoftext|>|context , payload);
        model.putAll(attachment.getParams()<|endoftext|>|[MASK]<|endoftext|>|MASK<|endoftext|>",
46,paths,MASK,False,10,MASK|MASK|MASK|MASK|MASK|MASK|MASK|MASK|MASK|MASK,[MASK]<|endoftext|>,"[MASK]<|endoftext|>|MASK<|endoftext|>|[MASK] _get != null) {
                        return (T) method_ [MASK] _|MASK _get_error) {
                        Class<?>  [MASK]  = TypeUtils.loadClass(""| [MASK]  = TypeUtils.loadClass(""java.nio.file.Paths"");
                        method_ [MASK| MASK  _get =  [MASK] .getMethod(""get"", String.class);
                    }
                   |[MASK] <|fim_pad|><|fim_pad|><|fim_pad|><|fim_pad|><|fim_pad|><|fim_pad|><|fim_pad|><|fim_pad|><|fim_pad|><|fim_pad|><|fim_pad|><|fim_pad|><|fim_pad|><|fim_pad|><|fim_pad|><|fim_pad|>|MASK<|endoftext|>|MASK<|endoftext|>|MASK _get_error = true;
                } catch (SecurityException ex) {
                    method_ MASK",
47,builder,,False,3,|builder|builder, <|endoftext|>, <|endoftext|>|builder<|endoftext|>|builder<|endoftext|>,
48,consumer,updater,False,2,updater|updater,"updater = (map) -> {};
        final BiConsumer<String, String> validator = (s","updater = (map) -> {};
        final BiConsumer<String, String> validator = (s|updater, logger, validator);

        // THEN affix updater is always expected to have changed (",
49,response,response,True,2,response|response,response<|endoftext|>,response<|endoftext|>|response<|endoftext|>,
50,parsed,builder,False,2,builder|builder,builder<|endoftext|>,builder<|endoftext|>|builder <|fim_pad|><|fim_pad|><|fim_pad|><|fim_pad|><|fim_pad|><|fim_pad|><|fim_pad|><|fim_pad|><|fim_pad|><|fim_pad|><|fim_pad|><|fim_pad|><|fim_pad|><|fim_pad|><|fim_pad|><|fim_pad|><|fim_pad|><|fim_pad|>,
51,useKeyAsProperty,MASK,False,14,MASK|MASK|MASK|MASK|MASK|MASK||MASK|||MASK|MASK||,"[MASK]  =false)
            external.put(""dubbo.override.key"", ""external"");
           ","[MASK]  =false)
            external.put(""dubbo.override.key"", ""external"");
           |[MASK] <|fim_pad|><|fim_pad|><|fim_pad|><|fim_pad|><|fim_pad|><|fim_pad|><|fim_pad|><|fim_pad|><|fim_pad|><|fim_pad|><|fim_pad|><|fim_pad|><|fim_pad|><|fim_pad|><|fim_pad|><|fim_pad|>|[MASK]  =false)
            external.put(""dubbo.override.key1"", ""external"");
|[MASK] <|endoftext|>|[MASK]<|endoftext|>|[MASK] <|endoftext|>|<|endoftext|>|[MASK]<|endoftext|>|<|endoftext|>|<|endoftext|>|[MASK]<|endoftext|>|MASK<|endoftext|>|<|endoftext|>|<|endoftext|>",
52,forwardButton,MASK,False,3,MASK|MASK|MASK, [MASK] <|file_sep|><|fim_prefix|>/gdx/src/com/badlogic/gdx/graphics/g2d, [MASK] <|file_sep|><|fim_prefix|>/gdx/src/com/badlogic/gdx/graphics/g2d|MASK<|endoftext|>|MASK <|endoftext|>,
53,random,COLOR,False,6,COLOR|||MASK|MASK|MASK,[COLOR]  [MASK]  [MASK]  [MASK]  [MASK] ,[COLOR]  [MASK]  [MASK]  [MASK]  [MASK] | <|endoftext|>| <|endoftext|>|[MASK]<|endoftext|>|MASK<|endoftext|>|MASK<|endoftext|>,
54,observer,downstream,False,2,downstream|downstream,"downstream) {
        source.subscribe(new DetachObserver<>(downstream));
    }

    static final","downstream) {
        source.subscribe(new DetachObserver<>(downstream));
    }

    static final|downstream <|fim_pad|><|fim_pad|><|fim_pad|><|fim_pad|><|fim_pad|><|fim_pad|><|fim_pad|><|fim_pad|><|fim_pad|><|fim_pad|><|fim_pad|><|fim_pad|><|fim_pad|><|fim_pad|><|fim_pad|><|fim_pad|><|fim_pad|>",
55,valueBlock,MASK,False,23,MASK|MASK|MASK|MASK|MASK|MASK|MASK|MASK|MASK|MASK|MASK|MASK|MASK|MASK|MASK|MASK|MASK|MASK|MASK|MASK|MASK|MASK|MASK," [MASK]  = (BytesRefBlock) page.getBlock(channels.get(0));
    if"," [MASK]  = (BytesRefBlock) page.getBlock(channels.get(0));
    if|[MASK]<|endoftext|>|[MASK] <|file_sep|><|fim_prefix|>/x-pack/plugin/core/src/test/java/org/elasticsearch/xpack/core/security|[MASK] );
        }

        @Override
        public void add(int positionOffset, IntBig|[MASK]<|endoftext|>|MASK<|endoftext|>|[MASK]<|endoftext|>|[MASK]<|endoftext|>|[MASK]<|endoftext|>|[MASK]<|endoftext|>|MASK<|endoftext|>|[MASK]<|endoftext|>|[MASK]<|endoftext|>|[MASK]<|endoftext|>|[MASK]<|endoftext|>|MASK<|endoftext|>|[MASK]<|endoftext|>|[MASK]<|endoftext|>|[MASK]<|endoftext|>|MASK<|endoftext|>|MASK<|endoftext|>|[MASK] <|endoftext|>| MASK <|fim_pad|><|fim_pad|><|fim_pad|><|fim_pad|><|fim_pad|><|fim_pad|><|fim_pad|><|fim_pad|><|fim_pad|><|fim_pad|><|fim_pad|><|fim_pad|><|fim_pad|><|fim_pad|><|fim_pad|><|fim_pad|><|fim_pad|><|fim_pad|>",
56,calendars,Z,False,26,Z|catch|();|0);|e00|u65e5|);|2) {|expected|yyyy||Format|setter|fmt|NumberFormat|d|u4e07|y|D|u521D|D|u521D|Mdd|u4E94|ULocale|cal,"00Z"",
        ""4004-10-23T07:","00Z"",
        ""4004-10-23T07:| catch (ParseException e)
            {
                errln(""FAIL: parse failed for "" + in);
|();
        cal.set(2010, Calendar.JANUARY, 1);

       |0);
        StringBuffer buf = new StringBuffer();
        sdf.format(cal,buf,pos);
        String result =|e00\u4e00\u5e74\u516d\u6|\u65e5"";
        if (!res1.equals(expected)) {
            errln(""FAIL|);
        }

        cal.clear(Calendar.MILLISECOND);
        cal.set(2009,|2) {
            errln((String)""FAIL: -> "" + time1 + "" expected ->| "" expected -> "" + cal.toString());
        }
    }

    @Test
    public void Test|/yyyy"", new ULocale(""en_US""));
        fmt.setNumberFormat(new DecimalFormat(""000|
        NumberFormat nf = NumberFormat.getInstance();
        fmt.setNumberFormat(nf);
        Number|Format(""y"");
            if (!check_nf.equals(get_nf)) {
                errln(""FAIL:| setter of NumberFormat are not working properly"");
        }
    }

    @Test
    public void|        fmt.setNumberFormat(""y"", reused_nf);
        NumberFormat get_nf = fmt.getNumberFormat| NumberFormat get_nf = fmt.getNumberFormat('y');
        if (!get_nf.equals(reused_nf|1d\u671f\u65e5\u671f\u4e|1\u4e07\u4e8c\u5341\u4e0|y"", ""\u521D\u516D \u5341\u|D \u5341\u4E94"" },
                { ""d"", ""\| ""\u521D\u516D 15"" },
                { ""MM|D 15\u65E5"" },
                { ""Mdd"", ""\u5|"", ""\u521D\u516D \u5341\u4| { ""Mdd"", ""\u521D\u516D \u53|41\u4E94"" },
                { ""M"", ""\u521D| ULocale(""zh_CN""));
        override.setGroupingUsed(false);
        override.setMinimumIntegerDigits(| cal.set(2009, 11, 15, 0, ",
57,serviceKey,MASK,False,4,MASK|MASK|MASK|incidentKey,[MASK] <|fim_pad|><|fim_pad|><|fim_pad|><|fim_pad|><|fim_pad|><|fim_pad|><|fim_pad|><|fim_pad|><|fim_pad|><|fim_pad|><|fim_pad|><|fim_pad|><|fim_pad|><|fim_pad|><|fim_pad|><|fim_pad|>,"[MASK] <|fim_pad|><|fim_pad|><|fim_pad|><|fim_pad|><|fim_pad|><|fim_pad|><|fim_pad|><|fim_pad|><|fim_pad|><|fim_pad|><|fim_pad|><|fim_pad|><|fim_pad|><|fim_pad|><|fim_pad|><|fim_pad|>|[MASK] <|fim_pad|><|fim_pad|><|fim_pad|><|fim_pad|><|fim_pad|><|fim_pad|><|fim_pad|><|fim_pad|><|fim_pad|><|fim_pad|><|fim_pad|><|fim_pad|><|fim_pad|><|fim_pad|><|fim_pad|><|fim_pad|>|  MASK <|fim_pad|><|fim_pad|><|fim_pad|><|fim_pad|><|fim_pad|><|fim_pad|><|fim_pad|><|fim_pad|><|fim_pad|><|fim_pad|><|fim_pad|><|fim_pad|><|fim_pad|><|fim_pad|><|fim_pad|><|fim_pad|><|fim_pad|>|incidentKey);
        builder.field(Fields.DESCRIPTION.getPreferredName(), description);
        builder.field(",
58,FAIL_STR,be,False,3,be|formatToCharacterIterator|df," be present for a Chinese calendar leap date""
                    + cdf.format(leapMonthDate));
       "," be present for a Chinese calendar leap date""
                    + cdf.format(leapMonthDate));
       | formatToCharacterIterator(Calendar) returned null"");
            }
        } catch (Exception e) {
           | = df.formatToCharacterIterator(d);
            if (acit == null) {
                errln",
59,currentOffset,MASK,False,8,MASK|MASK|MASK|MASK|MASK|MASK|MASK|MASK,"[MASK]  = bootstrapMethodsOffset;
      for (int i = 0; i <","[MASK]  = bootstrapMethodsOffset;
      for (int i = 0; i <|[MASK]  + 2;
        int hashCode = classReader.readConst(bootstrapMethodRef|MASK  );
         [MASK]  += 2;
        int numBootstrapArguments = classReader|[MASK]  += 2;
        int numBootstrapArguments = classReader.readUnsignedShort(| MASK );
         [MASK]  += 2;
        int hashCode = classReader.readConst(|MASK  += 2;
        int hashCode = classReader.readConst(bootstrapMethodRef, char| MASK  - bootstrapMethodsOffset );
           [MASK]  += 2;
          hashCode ^= class|MASK<|fim_pad|><|fim_pad|><|fim_pad|><|fim_pad|><|fim_pad|><|fim_pad|><|fim_pad|><|fim_pad|><|fim_pad|><|fim_pad|><|fim_pad|><|fim_pad|><|fim_pad|><|fim_pad|><|fim_pad|><|fim_pad|><|fim_pad|><|fim_pad|><|fim_pad|>",
60,updateDoc,request,False,3,request|request|request,"request = new Request(""POST"", ""test/_update/1"");
        request.setJsonEntity(""{\""","request = new Request(""POST"", ""test/_update/1"");
        request.setJsonEntity(""{\""|request.setJsonEntity(""{\""doc\"":{\""name\"":\""test\""}}"");
        closeWhileListenerEngaged(start|request<|endoftext|>",
61,dataStream,MASK,False,21,MASK|[|MASK|MASK|MASK|MASK|MASK|MASK|MASK|MASK|MASK|MASK|MASK|MASK|MASK|MASK|mappings|MASK|MASK|MASK|MASK,[MASK]<|endoftext|>,"[MASK]<|endoftext|>|[<|endoftext|>|[MASK]<|endoftext|>|[MASK]<|endoftext|>|[ MASK ]<|endoftext|>|[ MASK<|endoftext|>|[ MASK ]<|endoftext|>|[ MASK<|endoftext|>|MASK<|endoftext|>|MASK<|endoftext|>|MASK<|endoftext|>|MASK<|endoftext|>|[ MASK<|endoftext|>|[ MASK<|endoftext|>|[ MASK ]<|endoftext|>|MASK<|endoftext|>|mappings(new Template(new ComposableIndexTemplate.DataStreamTemplate()))
                .build()
        );
       |MASK<|endoftext|>|MASK<|endoftext|>|MASK  + ""-""<|file_sep|>/x-pack/plugin/core/src/test/java/org/elasticsearch/xpack/core/security/|MASK + ""*"")).actionGet();
    }

    void indexDocs(Client client, String  MASK )",
62,delegateHandler,MASK,False,3,MASK|MASK|MASK, [MASK]<|endoftext|>, [MASK]<|endoftext|>|[MASK]<|endoftext|>|MASK <|fim_pad|><|fim_pad|><|fim_pad|><|fim_pad|><|fim_pad|><|fim_pad|><|fim_pad|><|fim_pad|><|fim_pad|><|fim_pad|><|fim_pad|><|fim_pad|><|fim_pad|><|fim_pad|><|fim_pad|><|fim_pad|><|fim_pad|><|fim_pad|>,
63,responseDuration,elapsedNanos,False,2,elapsedNanos|elapsedNanos,elapsedNanos<|endoftext|>,elapsedNanos<|endoftext|>|elapsedNanos <|fim_pad|><|fim_pad|><|fim_pad|><|fim_pad|><|fim_pad|><|fim_pad|><|fim_pad|><|fim_pad|><|fim_pad|><|fim_pad|><|fim_pad|><|fim_pad|><|fim_pad|><|fim_pad|><|fim_pad|><|fim_pad|>,
64,tokenStream,in,False,2,in|in,in<|endoftext|>,in<|endoftext|>|in<|endoftext|>,
65,transformState,prevState,False,2,prevState|prevState,prevState<|endoftext|>,"prevState<|endoftext|>|prevState);
    }

    @Override
    protected TransformState apply(ReservedClusterStateHandler<?> handler",
66,runMode,runMode,True,2,runMode|runMode,runMode<|endoftext|>,"runMode<|endoftext|>|runMode
                          <|endoftext|>",
67,screenX,screenX,True,2,screenX|screenX,screenX<|endoftext|>,screenX<|endoftext|>|screenX<|endoftext|>,
68,yValUncast,MASK,False,9,MASK|MASK|MASK|MASK|MASK|MASK|MASK|MASK|MASK,[MASK]<|endoftext|>,"[MASK]<|endoftext|>|[MASK]<|endoftext|>|[MASK]<|endoftext|>|[MASK]<|endoftext|>|MASK .areAllValuesNull()) {
      return;
    }
    DoubleVector yVal = ((|MASK ).asVector();
    Block yDelUncast = page.getBlock(channels.get(3));
|[MASK]<|endoftext|>|MASK .areAllValuesNull()) {
      return;
    }
    DoubleVector yVal = ((|MASK ).asVector();
    Block yDelUncast = page.getBlock(channels.get(3));
",
69,stBuilder,sigTermsAggBuilder,False,3,sigTermsAggBuilder|MASK|sigTermsAggBuilder,"sigTermsAggBuilder = significantTerms(""testagg"");
        sigTermsAggBuilder.significance","sigTermsAggBuilder = significantTerms(""testagg"");
        sigTermsAggBuilder.significance|   [MASK]<|endoftext|>|sigTermsAggBuilder
            .significanceHeuristic(significanceHeuristic)
            .field",
70,userAgent,MASK,False,11,MASK|MASK|MASK|MASK|MASK|MASK|MASK|MASK|MASK|MASK|,[MASK]<|endoftext|>,"[MASK]<|endoftext|>|[MASK]<|endoftext|>|[MASK]<|endoftext|>|[MASK]<|endoftext|>|[MASK]<|endoftext|>| MASK<|endoftext|>|MASK<|endoftext|>| MASK<|endoftext|>|MASK<|endoftext|>|[MASK] <|endoftext|>|
                    MASK  + "" "" +   MASK  + ""/"" +   MASK  + "" """,
71,policy,MASK,False,63,MASK|MASK|MASK|MASK|MASK|MASK|MASK|MASK|MASK|MASK|MASK|MASK|MASK|MASK|MASK|MASK|MASK|MASK|MASK|MASK|MASK|MASK|MASK|MASK|MASK|MASK|MASK|MASK|MASK|MASK|MASK|MASK|MASK|MASK|MASK|MASK|MASK|MASK|MASK|MASK|MASK|MASK|MASK|MASK|MASK|MASK|MASK|MASK|MASK|MASK|MASK||MASK|MASK|MASK|MASK|MASK|MASK|MASK|MASK|MASK|MASK|MASK,"[MASK] Name = ""test- [MASK] "";

        internalCluster().startMasterOnlyNodes","[MASK] Name = ""test- [MASK] "";

        internalCluster().startMasterOnlyNodes|[MASK] "";

        internalCluster().startMasterOnlyNodes(1);
        final String masterNode|[MASK] Name, ""snap"", NEVER_EXECUTE_CRON_SCHEDULE, repoName, idxName);

|[MASK] Name);
        logger.info(""Created snapshot A: "" + snapshotA);

        //|[MASK]<|fim_pad|><|fim_pad|><|fim_pad|><|fim_pad|><|fim_pad|><|fim_pad|><|fim_pad|><|fim_pad|><|fim_pad|><|fim_pad|><|fim_pad|><|fim_pad|><|fim_pad|><|fim_pad|><|fim_pad|><|fim_pad|><|fim_pad|>|[ MASK]<|fim_pad|><|fim_pad|><|fim_pad|><|fim_pad|><|fim_pad|><|fim_pad|><|fim_pad|><|fim_pad|><|fim_pad|><|fim_pad|><|fim_pad|><|fim_pad|><|fim_pad|><|fim_pad|><|fim_pad|><|fim_pad|><|fim_pad|>|[MASK]<|fim_pad|><|fim_pad|><|fim_pad|><|fim_pad|><|fim_pad|><|fim_pad|><|fim_pad|><|fim_pad|><|fim_pad|><|fim_pad|><|fim_pad|><|fim_pad|><|fim_pad|><|fim_pad|><|fim_pad|><|fim_pad|><|fim_pad|>| MASK Name, 2, 0, 0);
            assertRegistered( MASK Name, List| MASK Name, List.of());
        }, 1, TimeUnit.MINUTES);
    }

    /**
    |MASK Name = ""test- [MASK] "";

        internalCluster().startMasterOnlyNodes(1|MASK "";

        internalCluster().startMasterOnlyNodes(1);
        final String masterNode = internal|[MASK] Name, ""snap"", NEVER_EXECUTE_CRON_SCHEDULE, repoName, idxName);

|[ MASK] Name);
        logger.info(""Created snapshot: "" + snapshotName);

        waitForSnapshot|[MASK] Name, 1, 0, 0);
            assertRegistered( MASK Name| MASK Name, List.of());
        }, 1, TimeUnit.MINUTES);
    }

    /**
    |[MASK] Name = ""test- [MASK] "";

        internalCluster().startMasterOnlyNodes|[MASK] "";

        internalCluster().startMasterOnlyNodes(1);
        final String masterNode|[MASK] Name, ""snap"", NEVER_EXECUTE_CRON_SCHEDULE, repoName, idxName);

|[MASK] Name);
        logger.info(""Created snapshot: "" + snapshotName);

        // restart|[MASK] Name, 0, 1, 1);
            assertRegistered( MASK Name|[MASK] Name, List.of(snapshotName));
        }, 1, TimeUnit.MINUTES);

       |[MASK] Name);
        assertNotEquals(snapshotName, snapshotName2);
        logger.info(""|[MASK] Name, 1, 1, 1);
            assertRegistered( MASK Name|[MASK]<|endoftext|>|[MASK] Name = ""test- [MASK] "";

        internalCluster().startMasterOnlyNodes|MASK "";

        internalCluster().startMasterOnlyNodes(1);
        final String masterNode = internal|[MASK]<|endoftext|>|[MASK] Name);
        logger.info(""Created snapshot: "" + snapshotName);

        // restart|[MASK] Name, 0, 0, 0);
            assertRegistered( [MASK|[MASK]<|endoftext|>|[MASK]<|endoftext|>|[MASK] Name, 1, 1, 0);
            assertRegistered( [MASK|[MASK]<|endoftext|>|[MASK] Name = ""test- [MASK] "";

        internalCluster().startMasterOnlyNodes|[MASK]<|endoftext|>|[MASK]<|endoftext|>|[MASK] Name);

        // restart snapshot after snapshot finalize, but before SLM callback called
|[MASK] Name, 0, 0, 0);
            assertRegistered( [MASK|[MASK] Name = ""test- [MASK] "";

        internalCluster().startMasterOnlyNodes|MASK<|endoftext|>|[MASK]<|endoftext|>|[MASK]<|endoftext|>|[MASK] Name, 0, 1, 1);
        }, 1, TimeUnit|[MASK]<|endoftext|>|[MASK]<|endoftext|>|[ MASK<|endoftext|>|[MASK]<|file_sep|><|fim_prefix|>/x-pack/plugin/test/ql/src/test/java/org/elasticsearch/xpack/|MASK<|file_sep|>/x-pack/plugin/core/src/test/java/org/elasticsearch/xpack/core/security/transport/ssl|MASK<|file_sep|><|fim_prefix|>/x-pack/plugin/core/src/test/java/org/elasticsearch/xpack/core/security/transport/|[MASK]<|endoftext|>|MASK<|endoftext|>|<|endoftext|>|MASK<|file_sep|><|fim_prefix|>/x-pack/plugin/ql/src/main/java/org/elasticsearch/xpack/ql/analysis| MASK <|endoftext|>|   [MASK]<|endoftext|>|[MASK] 
        );
        putLifecycle.setSnapshotLifecyclePolicy(
           <|endoftext|>|MASK <|endoftext|>|"" +  [MASK]  + "" got: "" + e);
            fail(""failed to| [MASK]  MASK "", e);
        }
    }

    private void createRepository(String repoName|MASK Name + "" got: "" + e);
        }
    }

    private void createRepository(String| MASK  with the given id
     *<|endoftext|>|MASK<|file_sep|><|fim_prefix|>/x-pack/plugin/ql/src/main/java/org/elasticsearch/xpack/ql/analysis|MASK<|endoftext|>",
72,width,width,True,12,width|MASK|MASK|description|description|MASK||MASK|MASK|MASK|MASK|MASK,width <|endoftext|>,"width <|endoftext|>|[MASK] <|endoftext|>|[MASK] <|endoftext|>|description = description;
    this. [MASK]<|endoftext|>|description  ;
    this. [MASK]  =   [MASK] <|endoftext|>| [MASK]<|endoftext|>|<|endoftext|>| [MASK] <|endoftext|>|MASK<|endoftext|>| MASK<|endoftext|>| MASK<|endoftext|>| MASK <|endoftext|>",
73,colors,colors,True,9,colors||MASK|MASK|MASK|MASK|MASK|MASK|MASK,colors<|endoftext|>,colors<|endoftext|>|<|endoftext|>|[MASK]<|endoftext|>|[MASK]<|endoftext|>|[MASK]<|endoftext|>|MASK<|endoftext|>|MASK<|endoftext|>|MASK<|endoftext|>| MASK<|endoftext|>,
74,extension,MASK,False,13,MASK|MASK|||MASK|[|MASK|[|MASK|[|MASK|MASK|extension, [MASK]  = null<|endoftext|>," [MASK]  = null<|endoftext|>|[MASK]<|endoftext|>|<|endoftext|>|<|endoftext|>| [MASK]<|endoftext|>|[<|endoftext|>|[MASK]<|endoftext|>|[<|endoftext|>|MASK<|endoftext|>|[<|endoftext|>|[ MASK ]<|endoftext|>| MASK<|endoftext|>|extension()<|file_sep|><|fim_prefix|>/gradle.properties
package com.airbnb.lottie;

import android.content.Context",
75,credentials,,False,4,|MASK|MASK|MASK,<|endoftext|>,"<|endoftext|>|[MASK]<|endoftext|>|[MASK] .getRequestMetadata(URI.create(""https://foo.example.org""))).isNotEmpty();
|MASK<|endoftext|>",
76,missingKeys,missingKeys,True,2,missingKeys|missingKeys,missingKeys<|endoftext|>,"missingKeys<|endoftext|>|missingKeys, Iterables.limit(missingKeys<|endoftext|>",
77,field,of,False,48,"of|FieldPosition|MASK|FIELD_COUNT|PST|H|PDT|PT|2004/10/31 1:30"",|.|PT|}|null|cal|cover|whoops|DateFormatSymbols|09 01 0:00:00"",|1 0:00:00"",|duben|does|d3|}|calendarField|Test|_MONTH|public|en_US|Tests|9)|HH|2015.07.01"",|Str0|calendar|);|);|!= 0) {|locale|date|Calendar|MONTH|_LEAP_MONTH|parse|ERA|style|midnight|in|sdf","of day, and the timezone
         * offset on minute of hour.  <|fim_pad|><|fim_pad|><|fim_pad|><|fim_pad|>","of day, and the timezone
         * offset on minute of hour.  <|fim_pad|><|fim_pad|><|fim_pad|><|fim_pad|>|FieldPosition  [MASK]  and AttributedCharacterIterator
     * returned by format()|  [MASK]  values for above DateFormats on aug13
        // Fields are given|FIELD_COUNT
        //  [MASK]  values are the expected output for the above DateFormats|0/31 1:30 PST"", ""2004 10 | H:mm v"", ""pf"", ""2004/10/31 1|2004 10 31 01:30 PDT"", ""2|10/31 1:30 PT"",
             ""y/M/d H:mm"",|2004/10/31 1:30"",

            ""y/M|.
            // ""y/M/d H:mm zzz"", ""pf"", ""2004|1 1:30 PT"", ""2004 10 31 | }
        }
    }

    @Test
    public void TestGenericTime2() {
        //| null)
                            errln(""FAIL: Expected parse success for <"" + s + "">"");
               |0"", cal.getTime());
        cal.clear();
        cal.set(100 + 19| cover gmt+hhmm
            try {
                d = fmt.parse(""07/1|(""whoops GMT+blecch"");
            }

            // cover bad text after GMT-.
| DateFormatSymbols.getDateFormatBundle(loc);
            ResourceBundle resb4 = DateFormatSymbols.getDateFormatBundle(ul|09 01 0:00:00"",
            ""LLL"", ""fp|1 0:00:00"",
            ""LLL"", ""fp"", ""19| 16:36:31"", ""2004 duben 10| + "" does not match index of minutes string "" +
                            minutesStrIndex + "" in datetime format| d3;
        SimpleDateFormat sdf = new SimpleDateFormat(""yyyy-MM-dd'T'HH:mm:ss.SSS| }

    /*
     * Tests the constructor public SimpleDateFormat(String pattern, String override, ULocale loc)
| calendarField)
     */
    @Test
    public void TestSimpleDateFormat_Field_ofCalendarField_int| Test for valid calendar fields
        for (int i = 0; i < DATEFORMAT_FIELDS|_MONTH)
        int calendarField = ChineseCalendar.IS_LEAP_MONTH;
        DateFormat.Field field = DateFormat| public void TestGetPatternInstance() {
        // Tests when if (calendarField == ChineseCalendar.IS|en_US""));
            df = DateFormat.getPatternInstance(null, null, new Locale(""en_US""));
| * Tests the method public final static DateFormat getDateTimeInstance
     */
    @Test
    public|9)
     */
    @Test
    public void TestVeryLongNumericPattern() {
        //|            ""HH:mm:ss zzzz"",    ""10:20:30 UTC|2015.07.01"",
            ""yyyy-MM-dd"", ""20|Str0;
                dateString[1] = dateStr1;
                dateString[2] = date|calendar=dangi"",        DateFormat.SHORT, ""\uC784\uC9C4\uB1|);
                dfmt.format(rootChineseCalendar, result, fpos);
                String expected = item.date|);
                String expected = item.dateString[idate];
                if ( !result.toString().equals(expected| != 0) {
                    errln(""FAIL: "" + item.locale + "" "" + item| + locale + "" style "" + item.style + "" date "" + date + ""; expected "" +| date "" + date.year + ""-"" + date.month + ""-"" + date.day + "" is "" +|( Calendar.ERA, 0 );
                    rootChineseCalendar.set( date.year, date.month-|.MONTH, 0 );
                    rootChineseCalendar.set( Calendar.DAY_OF_MONTH, 1 );
                   |_LEAP_MONTH, 0 );
                    rootChineseCalendar.set( Calendar.DAY_OF_MONTH, 1|.parse(item.dateString[idate], rootChineseCalendar, ppos);
                    if (ppos.getIndex|.ERA);
                    int year = rootChineseCalendar.get(Calendar.YEAR);
                    int month = rootChinese|.style, locale);
            sdfmt.setCalendar(cal);
            String pattern = sdfmt.toPattern();
|1-13 12:37 midnight"", k003700,|-13 09:00 in the morning""));
        assertEquals(""yyyy-MM-dd HH|00000, sdf.parse(""2015-11-13 ",
78,streamedBucket,readBucket,False,4,readBucket|MASK|MASK|MASK,  readBucket  <|fim_pad|><|fim_pad|><|fim_pad|><|fim_pad|><|fim_pad|><|fim_pad|><|fim_pad|><|fim_pad|><|fim_pad|><|fim_pad|><|fim_pad|><|fim_pad|><|fim_pad|><|fim_pad|><|fim_pad|><|fim_pad|>,"  readBucket  <|fim_pad|><|fim_pad|><|fim_pad|><|fim_pad|><|fim_pad|><|fim_pad|><|fim_pad|><|fim_pad|><|fim_pad|><|fim_pad|><|fim_pad|><|fim_pad|><|fim_pad|><|fim_pad|><|fim_pad|><|fim_pad|>|[MASK] .getKeyAsString()));
        assertThat(originalBucket.getSupersetDf(), equalTo( [|[MASK]<|endoftext|>|MASK .getSubsetDf()));
        assertThat(readBucket.getKeyAsString(), equalTo( MASK .getKeyAsString",
79,parsed,Z,False,25,"Z|T00|null|null|}|int|pos|ppos|calendars|Symbols|cdfSymbols|en|2/2012"",                 ""4/2/2012"",|MonthPatternItem|dangi|ient|isCalendarLenient|MASK|MASK||||file_sep||with","00:00Z"", ""Z"", ""-0300"", ""-3:0","00:00Z"", ""Z"", ""-0300"", ""-3:0|5T00:00:00Z"", ""ZZZZ"", ""GMT-0|998"", null, null, null, null, null, null, null, ""1|01"", null,
                ""1:23:45 AM April 1, |        }
        acit = cdf.formatToCharacterIterator(leapMonthDate);
        keys =| (int j = 0; j < calendars.length; j++) {
                buf.setLength(|pos.setBeginIndex(0);
                fpos.setEndIndex(0);
                calendars[j].|            ppos.setIndex(0);
            calendars[i].setTime(d);

            // Normal case|, calendars[i], ppos);
            if (ppos.getErrorIndex() != -1) {
|Symbols.getLeapMonth(1).contentEquals("""") ) {
                errln(""FAIL: ChineseDateFormat| \"""" + cdfSymbols.getLeapMonth(0) + ""\"", \"""" + cdfSymbols.getLeap|( ""en@calendar=dangi"",        DateFormat.SHORT, ""3/2/20|2/2012"",                 ""4/2/2012"",                 ""| MonthPatternItem( ""zh@calendar=dangi"",        DateFormat.LONG,  ""\u5|=dangi"",        -3,               ""2012-3bis-2"",                |ient(true);

        assertTrue(""isLeninent after setLenient(TRUE)"", fmt.isLenient());
|(""isCalendarLenient after setLenient(TRUE)"", fmt.isCalendarLenient());
        assertTrue(""|[MASK]  as close to the
        // given day period as possible.
        sdf.apply|[MASK]  with 'h'.
        // This unfortunately means we have to tolerate ""0 midnight|<|endoftext|>|<|endoftext|>| <|endoftext|>| <|file_sep|><|fim_prefix|>/icu4j/main/src/com/ibm/icu/impl/data/TimeZone|<|endoftext|>|with a 12-hour time other than 12:00, choose
        //",
80,hasPostings,MASK,False,4,MASK|MASK|MASK|hasPostings,[MASK]<|endoftext|>,[MASK]<|endoftext|>|[MASK]<|endoftext|>|MASK <|endoftext|>|hasPostings<|endoftext|>,
81,array,MASK,False,14,MASK|MASK|MASK|MASK|MASK|MASK|MASK|MASK|MASK|MASK|MASK|MASK|MASK|MASK,[MASK]<|endoftext|>,[MASK]<|endoftext|>|[MASK]<|endoftext|>|[MASK]<|endoftext|>| MASK<|endoftext|>|[MASK]<|endoftext|>|[MASK]<|endoftext|>|MASK<|endoftext|>| MASK<|endoftext|>|[MASK]<|endoftext|>|MASK<|endoftext|>| MASK<|endoftext|>|MASK<|endoftext|>|MASK<|endoftext|>| MASK<|endoftext|>,
82,shape,MASK,False,4,MASK|MASK|MASK|MASK,[MASK]<|endoftext|>,[MASK]<|endoftext|>|[MASK]<|endoftext|>|[MASK]<|endoftext|>|MASK <|file_sep|><|fim_prefix|>/x-pack/plugin/src/test/java/org/elasticsearch/xpack/security/transport/ssl,
83,timeStamp,currTime,False,2,currTime|currTime,currTime<|endoftext|>,currTime<|endoftext|>|currTime<|endoftext|>,
84,resources,MASK,False,8,MASK|MASK|MASK|MASK|MASK||MASK|MASK,[MASK]<|endoftext|>,[MASK]<|endoftext|>|[MASK]<|endoftext|>|[MASK]<|endoftext|>|  MASK<|endoftext|>|[MASK]  = null<|endoftext|>|<|endoftext|>|MASK<|endoftext|>| MASK<|endoftext|>,
85,project,MASK,False,17,MASK|MASK|MASK|Callable|MASK|MASK|MASK|MASK|MASK|MASK|MASK|MASK|MASK|MASK|MASK||MASK,[MASK]<|endoftext|>,"[MASK]<|endoftext|>|[MASK]<|endoftext|>| [MASK]<|endoftext|>|Callable<String> ) ( () -> distribution.getDistributionBaseName().get() + ""-boot""));
	|[MASK]<|endoftext|>|[MASK]<|endoftext|>|[MASK]<|endoftext|>| MASK<|endoftext|>|[MASK]<|endoftext|>|MASK  MASK<|endoftext|>|[MASK]<|endoftext|>|[MASK]<|endoftext|>|MASK<|endoftext|>|MASK<|endoftext|>|[MASK]<|endoftext|>|<|endoftext|>| MASK<|endoftext|>",
86,depthOfRdepOfRdep,rdepDepth,False,2,rdepDepth|rdepDepth,"rdepDepth
                <|endoftext|>","rdepDepth
                <|endoftext|>|rdepDepth
                           <|endoftext|>",
87,override,Symbols,False,16,"Symbols|(1) + ""\"""");|public|calendar|4/2"",           ""2012/5/2"" ),|bis|),|Date|locale|String|);|now|ppos|0 );|Calendar|rootChineseCalendar","Symbols.getZoneStrings
            DateFormatSymbols datsym = DateFormatSymbols.getInstance();
            String[][] zone","Symbols.getZoneStrings
            DateFormatSymbols datsym = DateFormatSymbols.getInstance();
            String[][] zone|(1) + ""\"""");
            }
        }
    }

    @Test
    public void Test|            public ChineseCalTestDate(int era, int year, int month, int isLeapMonth,|@calendar=chinese"", DateFormat.SHORT, ""2012/4/2"",|4/2"",           ""2012/5/2"" ),
            new MonthPattern|3bis-2"",                ""78x29-4-2"",                      ""7|"" ),
            new MonthPatternItem( ""ko@calendar=dangi"",        DateFormat.SHORT,|Date date: dates) {
                rootChineseCalendar.set(date.era, date.year, date.month|: "" + locale + "" "" + item.style + "" "" + result.toString() + "" !=|String[idate] + ""\"", got \"""" + result.toString() + ""\"""");
                }
                idate|"");
                }
                idate++;
            }
        }
    }

    @Test
    public void|, now try to parse it
                    ParsePosition ppos = new ParsePosition(0);
                   |                    ppos.setIndex(0);
                    rootChineseCalendar.clear();
                    rootChineseCalendar.set(|0 );
                    rootChineseCalendar.set( Calendar.MONTH, 0 );
                    rootChineseCalendar.set(|Calendar.set( Calendar.DAY_OF_MONTH, 1 );
                    rootChineseCalendar.set( Calendar.ERA| = rootChineseCalendar.get(Calendar.YEAR);
                    int month = rootChineseCalendar.get(Calendar.MONTH) +",
88,boxedArray,,False,3,||,<|endoftext|>,<|endoftext|>|<|endoftext|>| <|endoftext|>,
89,bytes,MASK,False,5,MASK|MASK|MASK|MASK|mask, [MASK]  = null<|file_sep|><|fim_prefix|>/jadx-core/src/main/java/jadx/core/dex/, [MASK]  = null<|file_sep|><|fim_prefix|>/jadx-core/src/main/java/jadx/core/dex/| [MASK]<|endoftext|>|MASK<|endoftext|>| MASK <|endoftext|>|mask<|file_sep|><|fim_prefix|>/jadx-core/src/main/java/jadx/core/dex/impls/instrs,
90,jsonFile,,False,3,|exists|,<|endoftext|>,"<|endoftext|>|.exists()) {
      return  ;
    }
    File zipFile = new File(parentDir(), filename|<|endoftext|>",
91,merged,MASK,False,4,MASK|MASK|MASK|MASK,[MASK]<|endoftext|>,[MASK]<|endoftext|>|[MASK] <|endoftext|>|MASK<|endoftext|>|MASK <|endoftext|>,
92,floatSetting,floatSetting,True,7,floatSetting|floatSetting|MASK|floatSetting|MASK|MASK|MASK,"floatSetting(""foo"", 42.0f, 43.0f, Property","floatSetting(""foo"", 42.0f, 43.0f, Property|floatSetting (""fallback_setting"", defaultFallbackValue);
        Setting<Float>  [MASK]  =|[MASK]  = Setting. [MASK] (""float_setting"", fallbackSetting, Float.MIN_VALUE|floatSetting<|fim_pad|><|fim_pad|><|fim_pad|><|fim_pad|><|fim_pad|><|fim_pad|><|fim_pad|><|fim_pad|><|fim_pad|><|fim_pad|><|fim_pad|><|fim_pad|><|fim_pad|><|fim_pad|><|fim_pad|><|fim_pad|><|fim_pad|><|fim_pad|>|[MASK] .get(Settings.builder().build()), equalTo(defaultFallbackValue));

        // Only float_setting|[MASK] .get(Settings.builder().put(""fallback_setting"", explicitFallbackValue).build()),
           |MASK .get(Settings.builder().put(""float_setting"", explicitFloatValue).build()),
            equalTo(exp",
93,cafti_ja_japanese_custGy,I,False,2,I|true," ""I g\u00E5r"" ),
        };
        for (TestContextItem item"," ""I g\u00E5r"" ),
        };
        for (TestContextItem item| true;
            }
            if (!serializeTestFail) {
                StringBuffer result = new StringBuffer();
               ",
94,model,MASK,False,3,MASK|MASK|MASK,[MASK]<|endoftext|>,[MASK]<|endoftext|>|[MASK]<|endoftext|>|MASK<|endoftext|>,
95,inputFrameInfo,frameInfo,False,1,frameInfo,"frameInfo);

  /**
   * Sets the {@link OnOutputFrameAvailableForRenderingListener}.
  ","frameInfo);

  /**
   * Sets the {@link OnOutputFrameAvailableForRenderingListener}.
  ",
96,handler,MASK,False,20,MASK|MASK|MASK|MASK|MASK|MASK|MASK|MASK|MASK|MASK|MASK|MASK|MASK|MASK|MASK|MASK|MASK|MASK|MASK|MASK, [MASK]<|endoftext|>," [MASK]<|endoftext|>|[MASK]<|endoftext|>|[MASK]<|endoftext|>|[MASK]<|endoftext|>|[MASK]<|endoftext|>|[MASK]<|endoftext|>|MASK<|endoftext|>| MASK<|endoftext|>|[MASK]<|endoftext|>|[MASK]<|endoftext|>|MASK<|endoftext|>| MASK , support<|endoftext|>|[MASK]<|endoftext|>|[MASK]<|endoftext|>|[MASK]<|endoftext|>|[MASK]<|endoftext|>| MASK<|endoftext|>|[MASK]<|endoftext|>| MASK<|endoftext|>|MASK<|endoftext|>",
97,includeIncubator,,False,2,|,<|endoftext|>,<|endoftext|>|  <|endoftext|>,
98,threads,tests,False,12,tests|tests|tests|threads|final|Throw|a|StringTask|String|callable|try|latch,"tests
 * will<|endoftext|>","tests
 * will<|endoftext|>|tests must use
 * the forms {@link #assertEquals}, {@link #assertTrue},
 * {@link|tests must eventually throw {@code junit.framework.AssertionFailedError}
 * (typically via a {@code|threads, iterations, delays,
 * iterations<|fim_pad|><|fim_pad|><|fim_pad|><|fim_pad|><|fim_pad|><|fim_pad|><|fim_pad|><|fim_pad|><|fim_pad|><|fim_pad|><|fim_pad|><|fim_pad|>| final Class<?> exceptionClass;

        <T extends Throwable> ThreadShouldThrow(Class<T> exceptionClass|Throw(Class<T> exceptionClass) {
            this.exceptionClass = exceptionClass;
        }

        public| ""a test string"";

    public static class StringTask implements Callable<String> {
        public String call| StringTask(String value) { this.value = value; }
        public String call() { return value| String call() { return value; }
    }

    public static class CheckedInterruptedCallableString
|> callable(String s) {
        return new StringTask(s);
    }

    public Callable<String>| try {
                    latch.await();
                    return TEST_STRING;
                } catch (InterruptedException fail) {
                   | latch) {
        return new CheckedRunnable() {
            public void realRun() {
                latch.count",
99,refresh,MASK,False,9,MASK|MASK|MASK|MASK|MASK|MASK|MASK|MASK|wait_for," [MASK]  to complete before closing the index. This
 * test is a bit of a"," [MASK]  to complete before closing the index. This
 * test is a bit of a|[MASK] \"":{\"" [MASK]  [MASK]  [MASK]  [MASK|[MASK]  to start waiting
        assertBusy(() -> {
            Map<String, Object>| [MASK] <|endoftext|>|[MASK]<|endoftext|>| [MASK] <|endoftext|>|MASK <|endoftext|>| MASK  to return a FORBIDDEN
             * error, but that's not the point of|wait_for <|endoftext|>",
100,additionalParams,params,False,5,params|MASK|params|additionalParams|params,params<|endoftext|>,params<|endoftext|>|[MASK]<|endoftext|>|params <|endoftext|>|additionalParams(params) //<|endoftext|>|params<|endoftext|>,
101,arrayPool,byteArrayPool,False,2,byteArrayPool|byteArrayPool,"byteArrayPool
     <|endoftext|>","byteArrayPool
     <|endoftext|>|byteArrayPool<|endoftext|>",
102,prevState,MASK,False,5,MASK|MASK|MASK|MASK|MASK,[MASK]<|endoftext|>,[MASK]<|endoftext|>|[MASK]<|endoftext|>|   MASK<|endoftext|>|[MASK]<|endoftext|>| MASK<|endoftext|>,
103,method,MASK,False,94,MASK|MASK|exceptionInfoAdder|MASK|MASK|MASK|MASK|MASK|inliner|inliner|MASK|MASK|fim_pad|MASK|MASK|MASK|MASK|MASK|MASK|MASK|MASK|0;|MASK|MASK|MASK|MASK|MASK|MASK|MASK|MASK|MASK|MASK|MASK|MASK|MASK|MASK|MASK|MASK|MASK|MASK|MASK|MASK|MASK|MASK|MASK|MASK|inlined|MASK|MASK|MASK|MASK|MASK|MASK|MASK|MASK|MASK|MASK|MASK|MASK|MASK|MASK|MASK|MASK|MASK|MASK|MASK|MASK|MASK|MASK|MASK|MASK|MASK|MASK|MASK|MASK|MASK|MASK|target|class|to|MASK|MASK|MASK|MASK|MASK|MASK|this|MASK|MASK|file_sep||MASK|MASK|MASK,"[MASK] s and short  [MASK] s.
 * <p>
 * Short  [","[MASK] s and short  [MASK] s.
 * <p>
 * Short  [|[MASK]<|fim_pad|><|fim_pad|><|fim_pad|><|fim_pad|><|fim_pad|><|fim_pad|><|fim_pad|><|fim_pad|><|fim_pad|><|fim_pad|><|fim_pad|><|fim_pad|><|fim_pad|><|fim_pad|><|fim_pad|><|fim_pad|><|fim_pad|>|exceptionInfoAdder     = new ExceptionInfoAdder(targetClass, codeAttributeComposer);
    private|MASK s.
     * @param inlineSingleInvocations indicates whether the single invocations
     *| MASK<|fim_pad|><|fim_pad|><|fim_pad|><|fim_pad|><|fim_pad|><|fim_pad|><|fim_pad|><|fim_pad|><|fim_pad|><|fim_pad|><|fim_pad|><|fim_pad|><|fim_pad|><|fim_pad|><|fim_pad|><|fim_pad|><|fim_pad|><|fim_pad|><|fim_pad|>|MASK<|fim_pad|><|fim_pad|><|fim_pad|><|fim_pad|><|fim_pad|><|fim_pad|><|fim_pad|><|fim_pad|><|fim_pad|><|fim_pad|><|fim_pad|><|fim_pad|><|fim_pad|><|fim_pad|><|fim_pad|><|fim_pad|><|fim_pad|><|fim_pad|><|fim_pad|>|MASK<|fim_pad|><|fim_pad|><|fim_pad|><|fim_pad|><|fim_pad|><|fim_pad|><|fim_pad|><|fim_pad|><|fim_pad|><|fim_pad|><|fim_pad|><|fim_pad|><|fim_pad|><|fim_pad|><|fim_pad|><|fim_pad|><|fim_pad|><|fim_pad|><|fim_pad|>|[MASK]<|fim_pad|><|fim_pad|><|fim_pad|><|fim_pad|><|fim_pad|><|fim_pad|><|fim_pad|><|fim_pad|><|fim_pad|><|fim_pad|><|fim_pad|><|fim_pad|><|fim_pad|><|fim_pad|><|fim_pad|><|fim_pad|><|fim_pad|>|inliner has stabilized.
        // Catch any unexpected exceptions from the actual visiting  [MASK] .
|inliner<|fim_pad|><|fim_pad|><|fim_pad|><|fim_pad|><|fim_pad|><|fim_pad|><|fim_pad|><|fim_pad|><|fim_pad|><|fim_pad|><|fim_pad|><|fim_pad|><|fim_pad|><|fim_pad|><|fim_pad|><|fim_pad|><|fim_pad|><|fim_pad|>|[MASK]<|fim_pad|><|fim_pad|><|fim_pad|><|fim_pad|><|fim_pad|><|fim_pad|><|fim_pad|><|fim_pad|><|fim_pad|><|fim_pad|><|fim_pad|><|fim_pad|><|fim_pad|><|fim_pad|><|fim_pad|><|fim_pad|><|fim_pad|>|[MASK]<|fim_pad|><|fim_pad|><|fim_pad|><|fim_pad|><|fim_pad|><|fim_pad|><|fim_pad|><|fim_pad|><|fim_pad|><|fim_pad|><|fim_pad|><|fim_pad|><|fim_pad|><|fim_pad|><|fim_pad|><|fim_pad|><|fim_pad|>| <|fim_pad|><|fim_pad|><|fim_pad|><|fim_pad|><|fim_pad|><|fim_pad|><|fim_pad|><|fim_pad|><|fim_pad|><|fim_pad|><|fim_pad|><|fim_pad|><|fim_pad|><|fim_pad|><|fim_pad|><|fim_pad|><|fim_pad|><|fim_pad|><|fim_pad|>|   [MASK]  = [""+clazz.getName()+"".""+ [MASK] .getName(clazz)+ [|[MASK] .getName(clazz)+ [MASK] .getDescriptor(clazz)+""]"");
            }
           |MASK<|fim_pad|><|fim_pad|><|fim_pad|><|fim_pad|><|fim_pad|><|fim_pad|><|fim_pad|><|fim_pad|><|fim_pad|><|fim_pad|><|fim_pad|><|fim_pad|><|fim_pad|><|fim_pad|><|fim_pad|><|fim_pad|><|fim_pad|><|fim_pad|><|fim_pad|>| MASK : [""+clazz.getName()+"".""+ [MASK] .getName(clazz)+ [MASK] .get|[MASK]<|fim_pad|><|fim_pad|><|fim_pad|><|fim_pad|><|fim_pad|><|fim_pad|><|fim_pad|><|fim_pad|><|fim_pad|><|fim_pad|><|fim_pad|><|fim_pad|><|fim_pad|><|fim_pad|><|fim_pad|><|fim_pad|><|fim_pad|>|MASK<|fim_pad|><|fim_pad|><|fim_pad|><|fim_pad|><|fim_pad|><|fim_pad|><|fim_pad|><|fim_pad|><|fim_pad|><|fim_pad|><|fim_pad|><|fim_pad|><|fim_pad|><|fim_pad|><|fim_pad|><|fim_pad|><|fim_pad|><|fim_pad|><|fim_pad|>|   [MASK]<|fim_pad|><|fim_pad|><|fim_pad|><|fim_pad|><|fim_pad|><|fim_pad|><|fim_pad|><|fim_pad|><|fim_pad|><|fim_pad|><|fim_pad|><|fim_pad|><|fim_pad|><|fim_pad|><|fim_pad|><|fim_pad|>| MASK ;
            inlining                         = true;
            inliningMethods.push( [MASK] )<|fim_pad|>|0;
            variableOffset                 = codeAttribute.u2maxLocals;
            inlining                       =| MASK , codeAttribute);

            // Mark the  [MASK]  as being invoked.
            code|[MASK]<|fim_pad|><|fim_pad|><|fim_pad|><|fim_pad|><|fim_pad|><|fim_pad|><|fim_pad|><|fim_pad|><|fim_pad|><|fim_pad|><|fim_pad|><|fim_pad|><|fim_pad|><|fim_pad|><|fim_pad|><|fim_pad|><|fim_pad|>|MASK , codeAttribute);

                // Update the access flags.
                int accessFlags = targetMethod.get|MASK .accept(clazz, accessMethodMarker);

            // Update the exception handlers.
            codeAttribute.exceptions|[MASK]  if it is invoked once or if it is short.
        if ((inlineSingle|MASK , codeAttribute<|fim_pad|><|fim_pad|><|fim_pad|><|fim_pad|><|fim_pad|><|fim_pad|><|fim_pad|><|fim_pad|><|fim_pad|><|fim_pad|><|fim_pad|><|fim_pad|><|fim_pad|><|fim_pad|><|fim_pad|><|fim_pad|>|[MASK]<|fim_pad|><|fim_pad|><|fim_pad|><|fim_pad|><|fim_pad|><|fim_pad|><|fim_pad|><|fim_pad|><|fim_pad|><|fim_pad|><|fim_pad|><|fim_pad|><|fim_pad|><|fim_pad|><|fim_pad|><|fim_pad|><|fim_pad|>|MASK<|fim_pad|><|fim_pad|><|fim_pad|><|fim_pad|><|fim_pad|><|fim_pad|><|fim_pad|><|fim_pad|><|fim_pad|><|fim_pad|><|fim_pad|><|fim_pad|><|fim_pad|><|fim_pad|><|fim_pad|><|fim_pad|><|fim_pad|><|fim_pad|><|fim_pad|>|MASK  invocation.
            inlining = false;

            // Update the estimated code length, taking into|[MASK] );

            // Mark the  MASK  invocation as inlined.
            inliningMethods|MASK , codeAttribute);

            // Update the code attribute if any code has been inlined.
           | MASK , CodeAttribute codeAttribute, LineNumberTableAttribute lineNumberTableAttribute)
    {
        lineNumberTable|MASK  that is inlined.
        // This will be used to set the source of the line|[MASK] .getName(clazz)                           +
             [MASK] .getDescriptor(clazz)                     +|[MASK]<|fim_pad|><|fim_pad|><|fim_pad|><|fim_pad|><|fim_pad|><|fim_pad|><|fim_pad|><|fim_pad|><|fim_pad|><|fim_pad|><|fim_pad|><|fim_pad|><|fim_pad|><|fim_pad|><|fim_pad|><|fim_pad|><|fim_pad|>| MASK , codeAttribute, this);

        // Make sure we at least have some entry at the start|MASK<|endoftext|>|MASK , CodeAttribute codeAttribute<|fim_pad|><|fim_pad|><|fim_pad|><|fim_pad|><|fim_pad|><|fim_pad|><|fim_pad|><|fim_pad|><|fim_pad|><|fim_pad|><|fim_pad|><|fim_pad|><|fim_pad|><|fim_pad|>|[MASK]<|endoftext|>|MASK<|endoftext|>|MASK<|endoftext|>|[MASK] , codeAttribute, this);

        // Append a label just after the code.
       |[MASK]<|endoftext|>|MASK , codeAttribute, this);

        // Make sure we at least have some entry at the start|inlined
        //  [MASK]  code, so that the line numbers can be inserted|[MASK]<|endoftext|>|[MASK]<|endoftext|>|MASK  to mark the end of the
        // inlined code, so that the line numbers|MASK  in the source code.
        // This is needed to make sure that the line numbers are|[MASK]<|endoftext|>|MASK<|endoftext|>|MASK<|endoftext|>|MASK<|endoftext|>|MASK<|endoftext|>|MASK<|endoftext|>|MASK  [MASK]  [MASK]  [MASK]  [MASK]  [MASK|[MASK]  is invoked from the same class.
                if (programClass.equals(targetClass))
|[MASK] , codeAttribute, exceptionInfoAdder);

                // Check if the  [MASK|MASK  inlined?
                if (inlined)
                {
                    if (extraInlinedInvocation|MASK , codeAttribute, offset, constantInstruction);

                        // The invocation itself is no longer necessary.
|MASK s that are marked as such.
            !KeepMarker.isKept(programMethod)                                                     &&|MASK  if it is invoked once or if it is short.
            (inlineSingleInvocations ?
|MASK<|endoftext|>|MASK  if it is not synchronized, etc.
            (accessFlags & (ClassConstants.ACC|[MASK]  into a non-<init>  [MASK]  in the
           |  MASK  in the
            // same class.
            (!programMethod.getName(programClass).equals|[MASK]  into itself.
            (!programMethod.equals(targetMethod) ||
             !programClass|MASK  if it isn't already inlined.
            !inlined                                                                               &&

            DEBUG(""|MASK]  if it is not a  MASK ] from a class with a
            // higher|[MASK]  if it is not a super  [MASK] .
            !SuperInvocationMarker|MASK <|endoftext|>|MASK <|fim_pad|><|fim_pad|><|fim_pad|><|fim_pad|><|fim_pad|><|fim_pad|><|fim_pad|><|fim_pad|><|fim_pad|><|fim_pad|><|fim_pad|><|fim_pad|><|fim_pad|><|fim_pad|><|fim_pad|><|fim_pad|><|fim_pad|><|fim_pad|>|MASK  if it doesn't branch backward.
            (!BackwardBranchMarker.branchesBackward(program|MASK  is allowed.
            // This is the case if the target class is the same as the|MASK  from a subclass if it doesn't access
            // private code (with invokespecial),|target  [MASK]  is synchronized, the  [MASK]<|endoftext|>|class or a subclass.
            (!SynchronizedBlockMethodMarker.hasSynchronizedBlock(programMethod) ||
|to be inlined is a
            // synchronized block and the invocation is not covered by a catch|MASK  if it doesn't catch exceptions, or if it
            // is invoked with an empty|MASK  if it doesn't have a non-empty stack
            // after the last instruction.
           |MASK  if it doesn't have any side effects.
            !SideEffectMethodMarker.mayHave|MASK  into the target  MASK  body.
            programMethod.attributesAccept(programClass, this);

|MASK<|endoftext|>|MASK s.
            if (inlined)
            {
                // Increment the invocation count of referenced |this,<|file_sep|><|fim_prefix|>/src/main/java/com/programmerare/coordinate_converter/CoordinateConverter.java
|MASK<|endoftext|>|MASK<|endoftext|>| <|file_sep|><|fim_prefix|>/src/main/java/org/jf/baksmali/CodeItem.java
package org|<|endoftext|>|MASK<|file_sep|><|fim_prefix|>/src/main/java/org/jboss/shrinkwrap/resolver/impl/strategy/merge|MASK<|file_sep|><|fim_prefix|>/src/main/java/org/jboss/shrinkwrap/resolver/impl/strategy/merge|MASK<|file_sep|><|fim_prefix|>/src/main/java/org/jf/baksmali/CodeItem.java
package org",
104,invocation,internal,False,8,internal|MASK|MASK|MASK|MASK|MASK|MASK|MASK,"internal.invocation.InvocationInfo;
import org.mockito.invocation<|endoftext|>","internal.invocation.InvocationInfo;
import org.mockito.invocation<|endoftext|>| [MASK]<|endoftext|>| [MASK]<|endoftext|>|MASK<|endoftext|>|MASK<|endoftext|>|MASK Info.getMock().getClass().getSimpleName(),
                     [MASK] Info.getMock().getClass().getSimpleName|MASK Info.getMethodName(),
                     MASK<|endoftext|>|MASK<|endoftext|>",
105,visibility,visibility,True,7,visibility|package_group|MASK|MASK|MASK|MASK|ruleContext,"visibility. The {@link AliasProvider} is always set to indicate that this is an
 * alias","visibility. The {@link AliasProvider} is always set to indicate that this is an
 * alias|   package_group}'s {@code includes} attribute. This is enforced by the {@code
 *|[MASK]<|endoftext|>|[MASK]<|endoftext|>|MASK<|file_sep|><|fim_prefix|>/third_party/java/jdk/langtools/jdk/javadoc/internal/doclets/toolkit|MASK<|endoftext|>|   ruleContext.getRule().getPackage(),
                        ruleContext.getRule().getVisibility(),
                        rule",
106,docCount,docCount,True,2,docCount|docCount,docCount <|endoftext|>,docCount <|endoftext|>|docCount<|endoftext|>,
107,entryCount,,False,2,|,    <|endoftext|>,    <|endoftext|>|<|endoftext|>,
108,scale,MASK,False,10,MASK|MASK|parameter|MASK|parameter|MASK|MASK|parameter|parameter|MASK,[MASK]<|endoftext|>,"[MASK]<|endoftext|>|[MASK]<|endoftext|>|parameter of the decay function is the  [MASK]  parameter. This
     * parameter is|[MASK]<|endoftext|>|parameter are
   <|endoftext|>|[MASK]  parameter is used to compute the  [MASK]  parameter for the decay
|[MASK]<|endoftext|>|parameter  MASK  given by the user
     * @param value
     *            the value|parameter
     * @return the adjusted  MASK  parameter
     *<|endoftext|>|MASK<|endoftext|>",
109,skippedShards,MASK,False,14,MASK|MASK|MASK|MASK|MASK|MASK|MASK|MASK|MASK|MASK|MASK|MASK|MASK|MASK,[MASK] <|endoftext|>,[MASK] <|endoftext|>|[MASK]<|endoftext|>|[MASK]<|endoftext|>|MASK<|endoftext|>|[MASK]<|endoftext|>|[MASK]<|endoftext|>| MASK<|endoftext|>| [MASK]<|endoftext|>|MASK<|endoftext|>|[ MASK] <|endoftext|>|[MASK]<|endoftext|>|[MASK]<|endoftext|>| MASK<|endoftext|>| MASK<|endoftext|>,
110,fromUser,fromUser,True,1,fromUser,fromUser<|endoftext|>,fromUser<|endoftext|>,
111,additionalSettings,settings,False,2,settings|settings,              settings<|endoftext|>,"              settings<|endoftext|>|settings
       <|fim_pad|><|fim_pad|><|fim_pad|><|fim_pad|><|fim_pad|><|fim_pad|><|fim_pad|><|fim_pad|><|fim_pad|><|fim_pad|><|fim_pad|><|fim_pad|><|fim_pad|><|fim_pad|><|fim_pad|><|fim_pad|><|fim_pad|>",
112,bgBottomHeight,MASK,False,6,MASK|MASK|MASK|MASK|MASK|MASK,"[MASK]  = 0;
		if (bg != null) {
			bgLeftWidth","[MASK]  = 0;
		if (bg != null) {
			bgLeftWidth|[MASK]  = bg.getBottomHeight();
		}
		float width = getWidth(), height|[MASK] <|fim_pad|><|fim_pad|><|fim_pad|><|fim_pad|><|fim_pad|><|fim_pad|><|fim_pad|><|fim_pad|><|fim_pad|><|fim_pad|><|fim_pad|><|fim_pad|><|fim_pad|><|fim_pad|><|fim_pad|><|fim_pad|>|MASK  );

		if (scrollbarsOnTop) actorArea.y += bgTopHeight;
	|[MASK]  : height - bgTopHeight - scrollbarHeight;
				hScrollBounds.set(x|MASK  : actorArea.y;
				vScrollBounds.set(x, y, scrollbarWidth, actor",
113,bootstrapMethodIndex,typeTable,False,10,typeTable|;|link|created|WARD_UNINITIALIZED_TYPE_TAG|Label|labelEntries|{|null|Capacity," == typeTable.length) {
      Entry[] newTypeTable = new Entry[2 * typeTable"," == typeTable.length) {
      Entry[] newTypeTable = new Entry[2 * typeTable|;
    return put(entry).index;
  }

  // -----------------------------------------------------------------------------------------------
  // Label table entries|link Symbol#data} field for a {@link Symbol#UNINITIALIZED_TYPE_TAG} type Symbol| created an uninitialized type.
   * @return the {@link LabelEntry} corresponding to the given label|WARD_UNINITIALIZED_TYPE_TAG}.
   * @return the {@link LabelEntry} corresponding to the| Label label) {
    int hashCode = label.hashCode();
    LabelEntry entry = labelTable.get(hash| = labelEntries.length;
      int newCapacity = currentCapacity * 2;
      LabelEntry[]| {
        LabelEntry currentEntry = labelEntries[i];
        while (currentEntry != null) {
| null) {
          int newHash = System.identityHashCode(currentEntry.label) % newCapacity;
         |Capacity;
          LabelEntry nextEntry = currentEntry.next;
          currentEntry.next = newLabelEntries",
114,checksumUrlString,move,False,5,move|move|Path|Root|tmpRoot,"        // move the plugin files into the plugins dir
        final Path destination = env.pluginsDir().","        // move the plugin files into the plugins dir
        final Path destination = env.pluginsDir().| // move the plugin files into place
        Files.move(tmpRoot, destination, StandardCopyOption.|<Path> deleteOnFailure
    ) throws IOException {
        final Path binDir = tmpRoot.resolve|Root.resolve(""bin"");
        Path tmpConfigDir = tmpRoot.resolve(""config"");
        if (| = tmpRoot.resolve(""config"");
        if (Files.exists(tmpConfigDir)) {
            deleteOn",
115,tuple,MASK,False,34,MASK|MASK|MASK|MASK|MASK|MASK|MASK|MASK|MASK|MASK|MASK|fileLineNumber|MASK|MASK|MASK|MASK|MASK|MASK|MASK|MASK|MASK|MASK|MASK|MASK|MASK|MASK|MASK|MASK|MASK|MASK|MASK|MASK|MASK|MASK,[MASK]<|endoftext|>,"[MASK]<|endoftext|>|[MASK]<|endoftext|>|[MASK]<|endoftext|>|[MASK]<|endoftext|>|[MASK]<|endoftext|>|MASK<|endoftext|>|[MASK]<|endoftext|>|MASK<|endoftext|>|MASK<|endoftext|>|MASK<|endoftext|>| [MASK]<|endoftext|>|fileLineNumber = 0;
                         [MASK]<|endoftext|>| [MASK]<|endoftext|>| [MASK]<|endoftext|>|[MASK]<|endoftext|>|[MASK]<|endoftext|>|MASK<|endoftext|>|MASK<|endoftext|>|[MASK]<|endoftext|>|[MASK]<|endoftext|>|MASK<|endoftext|>|[MASK] .toPattern != null ||  [MASK] .toLocalizedPattern != null)| [MASK]<|endoftext|>|MASK );
            if (errorMessage != null) {
                result.append(errorMessage);
            }
        } else|[MASK]<|endoftext|>|MASK .output != null) {
            String errorMessage = codeUnderTest.parse( MASK );
            if (|MASK .outputCurrency == null) {
            String errorMessage = codeUnderTest.parse( MASK );
            if|[MASK]<|endoftext|>|[MASK]<|endoftext|>|MASK<|endoftext|>| MASK<|endoftext|>| MASK<|endoftext|>| MASK<|endoftext|>|MASK .toString()<|endoftext|>",
116,ascUrl,);,False,4,);|if|) {|ConfigDir,");
                    setFileAttributes(destFile, CONFIG_FILES_PERMS);
                    if (destConfigDirAttributes",");
                    setFileAttributes(destFile, CONFIG_FILES_PERMS);
                    if (destConfigDirAttributes| if (destConfigDirAttributes != null) {
                        setOwnerGroup(destFile, destConfigDir|) {
                        setOwnerGroup(destFile, destConfigDirAttributes);
                    }
                }
            }
|ConfigDir); // clean up what we just copied
    }

    private static void setOwnerGroup",
117,bufferSize,MASK,False,14,MASK|MASK|MASK|MASK|MASK|MASK|MASK|MASK|MASK|MASK|MASK|MASK|MASK|MASK, [MASK] <|endoftext|>, [MASK] <|endoftext|>|  [MASK]<|endoftext|>|[MASK]<|endoftext|>|[MASK]<|endoftext|>|[MASK]<|endoftext|>|MASK<|endoftext|>| MASK <|endoftext|>|[MASK] <|endoftext|>|[MASK]<|endoftext|>|MASK <|endoftext|>|MASK<|endoftext|>|MASK <|file_sep|><|fim_prefix|>/ExoPlayer/ExoPlayer/ExoPlayer/src/main/java/com|MASK<|endoftext|>|MASK<|endoftext|>,
118,flushedDocs,MASK,False,4,MASK|nonFlushedDocs|numDocs|replica,"[MASK]  = 10;
            final int nonFlushedDocs = randomIntBetween","[MASK]  = 10;
            final int nonFlushedDocs = randomIntBetween|nonFlushedDocs
                + randomIntBetween(0, MASK - 1)
                +|numDocs, MASK );
            shards.flush();
            shards.indexDocs(nonFlushedDocs);
            final|replica.shardId(),
                    replica.getPendingPrimaryTerm()
                );
            } else {
               ",
119,request,a,False,12,a|this|MASK|request|request|MASK|MASK|MASK|MASK|MASK|MASK|MASK,"a method is not
 * supported)</li>
 * <li>Check if session is required (","a method is not
 * supported)</li>
 * <li>Check if session is required (|this controller</td>
 * </tr>
 * <tr>
 * <td>cacheSeconds</|[MASK]<|endoftext|>|request<|endoftext|>|request<|endoftext|>|[MASK]<|endoftext|>|[ MASK ]<|endoftext|>|[ MASK ] , response<|endoftext|>|MASK<|endoftext|>|[MASK]<|endoftext|>| MASK<|endoftext|>|MASK<|endoftext|>",
120,disconnect,disconnect,True,6,disconnect|MASK|MASK|MASK|MASK|MASK,"disconnect timeout.
		 */
		private Duration  [MASK]  = Duration.ofSeconds(10","disconnect timeout.
		 */
		private Duration  [MASK]  = Duration.ofSeconds(10| [MASK]<|endoftext|>| [MASK]  ;
		}

		public void setDisconnect(Duration  [MASK] ) {
| [MASK] <|endoftext|>| MASK<|endoftext|>| MASK<|endoftext|>",
121,fmtRelDateTime,override,False,2,override|;,", override);
            }

            String result = fmt.format(test_date);
            String expected = DATA[i",", override);
            }

            String result = fmt.format(test_date);
            String expected = DATA[i|;
                this.input = dateStr;
                this.startPos = 0;
                this.resPos",
122,tableCat,MASK,False,5,MASK|MASK|MASK|MASK|MASK,[MASK]  = indexPattern<|endoftext|>,[MASK]  = indexPattern<|endoftext|>|[MASK]<|endoftext|>|MASK<|endoftext|>|[MASK]<|endoftext|>|   MASK<|endoftext|>,
123,factory,factory,True,1,factory,factory<|endoftext|>,factory<|endoftext|>,
124,modulePredicate,DEFAULT_MODULE_PREDICATE_WITH_INCUBATOR,False,3,DEFAULT_MODULE_PREDICATE_WITH_INCUBATOR|modulePredicate|modulePredicate,DEFAULT_MODULE_PREDICATE_WITH_INCUBATOR =<|endoftext|>,"DEFAULT_MODULE_PREDICATE_WITH_INCUBATOR =<|endoftext|>|modulePredicate<|endoftext|>|modulePredicate
                   <|endoftext|>",
125,conditionLatch,MASK,False,3,MASK|MASK|MASK,  [MASK]<|endoftext|>,"  [MASK]<|endoftext|>|[MASK]<|endoftext|>|MASK .await();
        seedHostsResolver.close();
        latch.countDown();
        assertThat(Future",
126,percentDelta,delta,False,3,delta|MASK|MASK,delta<|endoftext|>,delta<|endoftext|>|[MASK]<|endoftext|>|MASK<|endoftext|>,
127,target,target,True,2,target|target,target<|endoftext|>,"target<|endoftext|>|target, memberCategories<|endoftext|>",
128,childContext,context_0,False,1,context_0,"context_0 = parser.getContext();
        context_0 = parser.setContext(context_0, instance","context_0 = parser.getContext();
        context_0 = parser.setContext(context_0, instance",
129,hasFallback,bar,False,4,bar|value|value|value,"bar"", value.get(0));

        value = settingWithFallback.get(Settings.builder().put(""foo","bar"", value.get(0));

        value = settingWithFallback.get(Settings.builder().put(""foo|(""2"", value.get(1));

        value = settingWithFallback.get(Settings.builder().putList|(""3"", value.get(0));
        assertEquals(""4"", value.get(1));

        value| value.get(1));

        value = settingWithFallback.get(Settings.builder().putList(""foo.bar",
130,blocks,MASK,False,4,MASK|MASK||ctx,[MASK]<|endoftext|>,"[MASK]<|endoftext|>|[MASK]<|endoftext|>|<|endoftext|>|   ctx.outputBlockBuilder(BytesRefBlock.newBlockBuilder(selected.getPositionCount(), driverContext.blockFactory()),",
131,clusterName,clusterName,True,6,clusterName|MASK|MASK|MASK|catalog|MASK,clusterName<|endoftext|>,"clusterName<|endoftext|>|[MASK]<|endoftext|>|[MASK]<|endoftext|>|MASK<|endoftext|>|   // catalog
                            MASK<|endoftext|>|MASK<|endoftext|>",
132,incXmlOutput,incManifestFile,False,4,incManifestFile|incManifestFile|incManifestFile|incManifestFile,"incManifestFile
                  <|fim_pad|><|fim_pad|><|fim_pad|><|fim_pad|><|fim_pad|><|fim_pad|><|fim_pad|><|fim_pad|><|fim_pad|><|fim_pad|><|fim_pad|><|fim_pad|><|fim_pad|><|fim_pad|><|fim_pad|>","incManifestFile
                  <|fim_pad|><|fim_pad|><|fim_pad|><|fim_pad|><|fim_pad|><|fim_pad|><|fim_pad|><|fim_pad|><|fim_pad|><|fim_pad|><|fim_pad|><|fim_pad|><|fim_pad|><|fim_pad|><|fim_pad|>|incManifestFile
                     .getParentFile()
                    <|fim_pad|><|fim_pad|><|fim_pad|><|fim_pad|><|fim_pad|><|fim_pad|><|fim_pad|><|fim_pad|><|fim_pad|><|fim_pad|>|incManifestFile <|fim_pad|><|fim_pad|><|fim_pad|><|fim_pad|><|fim_pad|><|fim_pad|><|fim_pad|><|fim_pad|><|fim_pad|><|fim_pad|><|fim_pad|><|fim_pad|><|fim_pad|><|fim_pad|><|fim_pad|><|fim_pad|>|incManifestFile ));
                    final XMLWriter docWriter = new XMLWriter(os);
                    docWriter.write",
133,snapshotLifecyclePolicyMetadata,policyStats,False,6,policyStats|MASK|MASK|MASK|MASK|MASK,"policyStats = snapshotLifecycleMetadata.getStats().getMetrics().get(policyName);
        assertStats(snapshot","policyStats = snapshotLifecycleMetadata.getStats().getMetrics().get(policyName);
        assertStats(snapshot|[MASK] );
            assertEquals(taken,  [MASK] .getSnapshotTakenCount());
           |[MASK]<|endoftext|>|[ MASK]<|endoftext|>|MASK<|endoftext|>|MASK .getInvocationsSinceLastSuccess());
    }

    private void assertMetadata(String policyName,",
134,reader,MASK,False,6,MASK|MASK|MASK|MASK|MASK|MASK,[MASK]<|endoftext|>,[MASK]<|endoftext|>|[MASK]<|endoftext|>|MASK<|endoftext|>|MASK<|endoftext|>|MASK<|endoftext|>| MASK<|endoftext|>,
135,start,MASK,False,8,MASK|MASK|MASK|MASK|elementStack|MASK|MASK|write,[MASK]<|endoftext|>,"[MASK]<|endoftext|>|  [MASK]  [MASK]  [MASK]  [MASK]  [MASK]|MASK<|endoftext|>|MASK<|endoftext|>|""+elementStack[depth * 3]+"" ""+elementStack[depth * 3 + 2|MASK<|endoftext|>| MASK<|endoftext|>|write out the CDATA in pieces, creating
        // a new one when necessary.
        data",
136,nodeIds,dataNodeIds,False,2,dataNodeIds|dataNodeIds,dataNodeIds<|endoftext|>,"dataNodeIds<|endoftext|>|dataNodeIds
           <|endoftext|>",
137,digest,,False,16,||MASK|MASK|MASK|MASK|MASK|MASK|MASK|MASK|MASK|MASK|MASK|MASK|MASK|MASK,<|endoftext|>,<|endoftext|>| <|endoftext|>| [MASK] <|endoftext|>|MASK <|endoftext|>|[MASK]<|endoftext|>|MASK<|endoftext|>|[MASK]<|endoftext|>|MASK<|endoftext|>|[MASK]<|endoftext|>|MASK<|endoftext|>|MASK<|endoftext|>|MASK<|endoftext|>|[MASK]<|endoftext|>|MASK<|endoftext|>|MASK<|endoftext|>| MASK<|endoftext|>,
138,unused,downloaderChannel,False,1,downloaderChannel,downloaderChannel <|fim_pad|><|fim_pad|><|fim_pad|><|fim_pad|><|fim_pad|><|fim_pad|><|fim_pad|><|fim_pad|><|fim_pad|><|fim_pad|><|fim_pad|><|fim_pad|><|fim_pad|><|fim_pad|><|fim_pad|><|fim_pad|>,downloaderChannel <|fim_pad|><|fim_pad|><|fim_pad|><|fim_pad|><|fim_pad|><|fim_pad|><|fim_pad|><|fim_pad|><|fim_pad|><|fim_pad|><|fim_pad|><|fim_pad|><|fim_pad|><|fim_pad|><|fim_pad|><|fim_pad|>,
139,skipLen,MASK,False,2,MASK|MASK,  [MASK]<|endoftext|>,"  [MASK]<|endoftext|>|MASK < offset) { // reach the end
                return null;
            }

            MessageDigest md",
140,fmtOffset,MASK,False,10,MASK|MASK|MASK|tzS|MASK|MASK|MASK|MASK|MASK|MASK,"[MASK]  = new StringBuffer("""");
            FieldPosition pos = new FieldPosition(0);

           ","[MASK]  = new StringBuffer("""");
            FieldPosition pos = new FieldPosition(0);

           |   [MASK]  = sdf.format(today,  [MASK] , pos);
            } catch|MASK <|fim_pad|><|fim_pad|><|fim_pad|><|fim_pad|><|fim_pad|><|fim_pad|><|fim_pad|><|fim_pad|><|fim_pad|><|fim_pad|><|fim_pad|><|fim_pad|><|fim_pad|><|fim_pad|><|fim_pad|><|fim_pad|><|fim_pad|><|fim_pad|>|tzS =  [MASK] .toUnicodeString();
            String tzS  =  [|[MASK] <|fim_pad|><|fim_pad|><|fim_pad|><|fim_pad|><|fim_pad|><|fim_pad|><|fim_pad|><|fim_pad|><|fim_pad|><|fim_pad|><|fim_pad|><|fim_pad|><|fim_pad|><|fim_pad|><|fim_pad|><|fim_pad|>|[MASK]  .substring(3);
                fmtDstOffset =  [MASK] .substring|[MASK] <|fim_pad|><|fim_pad|><|fim_pad|><|fim_pad|><|fim_pad|><|fim_pad|><|fim_pad|><|fim_pad|><|fim_pad|><|fim_pad|><|fim_pad|><|fim_pad|><|fim_pad|><|fim_pad|><|fim_pad|><|fim_pad|>|MASK <|fim_pad|><|fim_pad|><|fim_pad|><|fim_pad|><|fim_pad|><|fim_pad|><|fim_pad|><|fim_pad|><|fim_pad|><|fim_pad|><|fim_pad|><|fim_pad|><|fim_pad|><|fim_pad|><|fim_pad|><|fim_pad|><|fim_pad|><|fim_pad|>|[MASK]  + (fmtDstOffset != null ? "" ok"" : "" ?""));
           | MASK  + "" *** FAIL ***"");
            }
        }
    }

    /**
     * Test the",
141,constantValueAttribute,constantValueAttribute,True,2,constantValueAttribute|constantValueAttribute,"constantValueAttribute)
    {
        // Retrieve the initial static field value.
        value = CONSTANT_VALUE","constantValueAttribute)
    {
        // Retrieve the initial static field value.
        value = CONSTANT_VALUE|constantValueAttribute
                                                     .getConstantValueIndex());
    }


    public void visitCodeAttribute(Cl",
142,isChanged,MASK,False,7,MASK|MASK|MASK|MASK|isDone|MASK|MASK,[MASK]<|endoftext|>,"[MASK]<|endoftext|>|[MASK]<|endoftext|>|MASK  && entry.isChanged()
              || (!  MASK  && entry.isDirty() && !|[MASK]<|endoftext|>|isDone() && entry.isChanged() &&  [MASK]  && !entry.isChangedDue|MASK<|endoftext|>| MASK<|endoftext|>",
143,dateString,String,False,15,"String|DateFormat|ULL|DateFormat|heure|n|expectedArab|actualArab|TestItem|15,  0,  1, 12, 0, ""\|u662D|u5E74|u67085|u5EFF|items","            String temp = fmt.format(greenwichdate);
            logln(DATA[i] + temp);
","            String temp = fmt.format(greenwichdate);
            logln(DATA[i] + temp);
| DateFormat.getDateInstance(DateFormat.FULL, Locale.FRANCE);
        DateFormat dfGerman = DateFormat.getDateInstance|ULL, DateFormat.FULL, Locale.FRANCE);
        DateFormat dfGerman = DateFormat.getDateTimeInstance(|        DateFormat dfGerman = DateFormat.getDateTimeInstance(DateFormat.FULL, DateFormat.FULL, Locale.G|0 heure normale du Pacifique"";
        String expectedFRENCH_JDK13 = ""|n = ""9:52 PM"";

        String out = dfArab.format(date);
       | expectedArab + "" Got "" + actualArab);
        }

        if (!actualLatn| + actualArab);
        }

        if (!actualLatn.equals(expectedLatn)) {
           |TestItem[] cafti_zh_chinese_custUshort = {
            //                     era   | 15,  0,  1, 12, 0, ""\|, 12,  0, ""\u662D\u548C|4\u5E74\u6B63\u67081"" ),
           |)2\u67085\u65E5"" ),
            new CalAndFmt|6708\u5EFF\u4E00\u65E5"" ), //|: items) {
            ULocale locale = new ULocale(item.localeID);
            DateFormat dfmt",
144,unusedIterator,unusedIterator,True,4,unusedIterator|MASK|MASK|unusedIterator,unusedIterator<|endoftext|>,unusedIterator<|endoftext|>|[MASK]<|endoftext|>|MASK<|endoftext|>|   unusedIterator<|endoftext|>,
145,fieldName,MASK,False,3,MASK|MASK|MASK,"[MASK] , CharArraySet stopwords<|endoftext|>","[MASK] , CharArraySet stopwords<|endoftext|>|[MASK]<|endoftext|>|MASK<|endoftext|>",
146,periodDurationUs,MASK,False,3,MASK|MASK|windowDurationUs,[MASK]<|endoftext|>,"[MASK]<|endoftext|>|/*  [MASK] = */ MASK<|endoftext|>|windowDurationUs= */ playlist.durationUs,
        /* windowPositionInPeriodUs= */ 0",
147,usedBuiltInTokenizers,usedBuiltInTokenizers,True,15,usedBuiltInTokenizers|usedBuiltInTokenizers|usedBuiltInTokenizers|usedBuiltInTokenizers|MASK|MASK|MASK|MASK|MASK|MASK|MASK|MASK|MASK|MASK|MASK,usedBuiltInTokenizers<|endoftext|>,"usedBuiltInTokenizers<|endoftext|>|usedBuiltInTokenizers
                           <|endoftext|>|usedBuiltInTokenizers<|endoftext|>|usedBuiltInTokenizers<|endoftext|>|[MASK] <|endoftext|>|[MASK] <|endoftext|>|[MASK]<|endoftext|>|MASK<|endoftext|>|MASK<|endoftext|>|MASK<|endoftext|>|MASK <|endoftext|>|[MASK]<|endoftext|>|MASK <|endoftext|>| MASK<|endoftext|>| MASK <|endoftext|>",
148,pOwner,,False,2,|fim_pad,<|endoftext|>,<|endoftext|>| <|fim_pad|><|fim_pad|><|fim_pad|><|fim_pad|><|fim_pad|><|fim_pad|><|fim_pad|><|fim_pad|><|fim_pad|><|fim_pad|><|fim_pad|><|fim_pad|><|fim_pad|><|fim_pad|><|fim_pad|><|fim_pad|><|fim_pad|><|fim_pad|><|fim_pad|>,
149,button,MASK,False,2,MASK|MASK,[MASK]<|endoftext|>,[MASK]<|endoftext|>|MASK<|endoftext|>,
150,parent,parent,True,11,parent|parent|MASK|MASK|MASK|MASK|parent|MASK|MASK|MASK|MASK,"parent  [MASK]  and zero or more children
    // every node has one valid policy","parent  [MASK]  and zero or more children
    // every node has one valid policy|parent of this node. The constructor also takes the associated data
     * for this node, as|[MASK]  a PolicyNode that's the new  [MASK]  of the node,|[MASK]<|endoftext|>|[MASK]<|endoftext|>|[MASK]<|endoftext|>|parent  of the new node, or
     *               null if this node is the tree's|[MASK]<|endoftext|>| MASK<|endoftext|>|[MASK] <|endoftext|>| MASK<|endoftext|>",
151,vBlock,,False,23,||MASK|MASK|MASK|MASK|MASK|MASK|MASK|MASK|MASK|MASK|MASK|MASK|MASK|MASK|MASK|MASK|MASK|MASK|MASK||MASK,<|endoftext|>,<|endoftext|>|<|endoftext|>|[MASK]<|endoftext|>|[MASK]<|endoftext|>|[MASK]<|endoftext|>|MASK<|endoftext|>|[MASK]<|endoftext|>|[MASK]<|endoftext|>|[MASK]<|endoftext|>| [MASK]<|endoftext|>| [MASK]<|endoftext|>|[MASK]<|endoftext|>|[MASK]<|endoftext|>|[MASK]<|endoftext|>|[MASK]<|endoftext|>|  MASK<|endoftext|>|[MASK]<|endoftext|>|[MASK]<|endoftext|>|[MASK]<|endoftext|>|[MASK]<|endoftext|>|  MASK<|endoftext|>|<|endoftext|>|MASK<|endoftext|>,
152,fieldNamesToHighlight,MASK,False,2,MASK|MASK,[MASK]<|endoftext|>,"[MASK]<|endoftext|>|MASK
            {
                if (fieldName.equals(""_source"")) {
                    sourceRequired = true;
                   ",
153,unicodeFilePath,unicodeFilePath,True,3,unicodeFilePath|unicodeFilePath|unicodeFilePath,  unicodeFilePath<|endoftext|>,"  unicodeFilePath<|endoftext|>|unicodeFilePath );
        assertTrue(Files.exists( unicodeFilePath )<|endoftext|>|unicodeFilePath );

        // File with unicode name and attribute.
        Path  unicodeFilePath2  =",
154,failuresAllowed,MASK,False,23,MASK|MASK|MASK|MASK|MASK|MASK|minScore|MASK|MASK|minScore|MASK|MASK|mask|mask|mask|MASK|MASK|MASK|MASK|MASK||MASK|MASK,[MASK]<|endoftext|>,"[MASK]<|endoftext|>|MASK<|endoftext|>|[MASK] ;
    private final Float minScore;
    private final String retrieverName;
   |[MASK]<|endoftext|>|[MASK]<|endoftext|>|[MASK]<|endoftext|>|minScore,
        boolean  [MASK]<|endoftext|>|[MASK]<|endoftext|>|[MASK]<|endoftext|>|minScore,
         boolean  [MASK] <|endoftext|>|MASK<|endoftext|>|MASK<|endoftext|>|[mask]<|endoftext|>|mask<|endoftext|>|mask<|endoftext|>| MASK<|endoftext|>| [MASK] <|endoftext|>| [MASK]<|endoftext|>|[MASK]  != null<|endoftext|>| MASK <|endoftext|>|<|endoftext|>| MASK<|endoftext|>| MASK <|endoftext|>",
155,lowerCaseArch,lowerCaseOsArch,False,4,lowerCaseOsArch|MASK|MASK|MASK,lowerCaseOsArch<|endoftext|>,lowerCaseOsArch<|endoftext|>|[MASK]<|endoftext|>|MASK<|endoftext|>|MASK<|endoftext|>,
156,programClassCounter,programClassCounter,True,3,programClassCounter|programClassCounter|programClassCounter,"programClassCounter =
                        new ClassCounter();

                    programClassPool.accept(
                        visitorFactory
                           ","programClassCounter =
                        new ClassCounter();

                    programClassPool.accept(
                        visitorFactory
                           |   programClassCounter,
                                                        null,
                                                        null,
                                                        null));

                    if ( [MASK]|programClassCounter
                           <|endoftext|>",
157,updates,MASK,False,15,MASK|MASK|MASK|MASK|MASK|MASK|MASK|MASK|MASK|MASK|MASK|MASK|MASK|MASK|MASK,[MASK]<|endoftext|>,"[MASK]<|endoftext|>|[MASK]<|endoftext|>|MASK<|endoftext|>|MASK<|endoftext|>|[MASK]<|endoftext|>|MASK<|endoftext|>|MASK<|endoftext|>|MASK<|endoftext|>|[MASK]  which are supposed to be applied to the entity
     * with that id.|MASK  that refer to new entities, in the order that they were supplied to us.
     *|MASK<|endoftext|>|[MASK]<|endoftext|>|MASK <|endoftext|>|[MASK]<|endoftext|>| MASK<|endoftext|>",
158,groups,MASK,False,3,MASK|MASK|MASK,  [MASK]<|endoftext|>,"  [MASK]<|endoftext|>|[MASK]<|endoftext|>|MASK
           <|endoftext|>",
159,expectedPolicy,MASK,False,8,MASK|MASK|MASK|MASK|MASK|MASK|MASK|MASK,[MASK]<|endoftext|>,"[MASK]<|endoftext|>| [MASK]<|endoftext|>|[MASK]<|endoftext|>|MASK<|endoftext|>|[MASK]   to the expected policy set.
     * If this is the original expected policy set|[MASK]<|endoftext|>|[MASK]<|endoftext|>|MASK <|endoftext|>",
160,colorIndex,,False,3,||,<|endoftext|>,<|endoftext|>| <|endoftext|>| <|endoftext|>,
161,tokenInfos,tokensForAccount,False,5,tokensForAccount|MASK|MASK|MASK|MASK,"tokensForAccount = store.findTokensFor(accountId);
        assertThat(tokensForAccount, hasSize(","tokensForAccount = store.findTokensFor(accountId);
        assertThat(tokensForAccount, hasSize(|[MASK]<|endoftext|>|[MASK]<|endoftext|>|[MASK]<|endoftext|>|MASK<|endoftext|>",
162,bindingResultWithError,fim_pad,False,3,fim_pad|fim_pad|fim_pad,    <|fim_pad|><|fim_pad|><|fim_pad|><|fim_pad|><|fim_pad|><|fim_pad|><|fim_pad|><|fim_pad|><|fim_pad|><|fim_pad|><|fim_pad|><|fim_pad|><|fim_pad|><|fim_pad|><|fim_pad|><|fim_pad|><|fim_pad|><|fim_pad|><|fim_pad|>,    <|fim_pad|><|fim_pad|><|fim_pad|><|fim_pad|><|fim_pad|><|fim_pad|><|fim_pad|><|fim_pad|><|fim_pad|><|fim_pad|><|fim_pad|><|fim_pad|><|fim_pad|><|fim_pad|><|fim_pad|><|fim_pad|><|fim_pad|><|fim_pad|><|fim_pad|>|fim_pad <|fim_pad|><|fim_pad|><|fim_pad|><|fim_pad|><|fim_pad|><|fim_pad|><|fim_pad|><|fim_pad|><|fim_pad|><|fim_pad|><|fim_pad|><|fim_pad|><|fim_pad|><|fim_pad|><|fim_pad|><|fim_pad|>|fim_pad <|fim_pad|><|fim_pad|><|fim_pad|><|fim_pad|><|fim_pad|><|fim_pad|><|fim_pad|><|fim_pad|><|fim_pad|><|fim_pad|><|fim_pad|><|fim_pad|><|fim_pad|><|fim_pad|><|fim_pad|><|fim_pad|>,
163,missingId,,False,3,|MASK|,        <|endoftext|>,        <|endoftext|>|[MASK]<|endoftext|>| <|endoftext|>,
164,answer,MASK,False,2,MASK|MASK,  [MASK]   <|endoftext|>,  [MASK]   <|endoftext|>| MASK<|endoftext|>,
165,keygen,,False,7,|MASK|MASK|MASK|MASK|MASK|MASK,<|endoftext|>,"<|endoftext|>|[MASK] <|endoftext|>|[MASK]<|endoftext|>|  [MASK]<|endoftext|>|MASK<|endoftext|>|[MASK]  = KeyGenerator.getInstance(""AES"", ""AndroidKeyStore"");
        [MASK]|MASK<|endoftext|>",
166,startPositionUs,MASK,False,6,MASK|||||,  [MASK] <|endoftext|>,"  [MASK] <|endoftext|>|<|endoftext|>|<|endoftext|>|
        [MASK] 
       <|file_sep|><|fim_prefix|>/ExoPlayerLibrary/src/main/java/com/google/android|<|endoftext|>| <|endoftext|>",
167,internalTypeEnumeration,MASK,False,2,MASK|MASK,[MASK] <|fim_pad|><|fim_pad|><|fim_pad|><|fim_pad|><|fim_pad|><|fim_pad|><|fim_pad|><|fim_pad|><|fim_pad|><|fim_pad|><|fim_pad|><|fim_pad|><|fim_pad|><|fim_pad|><|fim_pad|><|fim_pad|>,"[MASK] <|fim_pad|><|fim_pad|><|fim_pad|><|fim_pad|><|fim_pad|><|fim_pad|><|fim_pad|><|fim_pad|><|fim_pad|><|fim_pad|><|fim_pad|><|fim_pad|><|fim_pad|><|fim_pad|><|fim_pad|><|fim_pad|>|MASK
               <|fim_pad|><|fim_pad|><|fim_pad|><|fim_pad|><|fim_pad|><|fim_pad|><|fim_pad|><|fim_pad|><|fim_pad|><|fim_pad|><|fim_pad|><|fim_pad|><|fim_pad|><|fim_pad|><|fim_pad|><|fim_pad|><|fim_pad|>",
168,primaryTerm,seqNo,False,6,seqNo|MASK|MASK|MASK|MASK|MASK,"  seqNo      = 1;
            final long    primaryTerm = orgReplica.getOperation","  seqNo      = 1;
            final long    primaryTerm = orgReplica.getOperation|[MASK] , 1, 1, 1, 1, 1, |[MASK] ,
                0,
                IndexRequest.UNSET_AUTO_GENERATED_TIMESTAMP,
                false|MASK ,
                1,
                IndexRequest.UNSET_AUTO_GENERATED_TIMESTAMP,
                false,
               |MASK ,
                1,
                IndexRequest.UNSET_AUTO_GENERATED_TIMESTAMP,
                false,
               |MASK<|endoftext|>",
169,method,method,True,12,method|MASK|MASK|MASK|MASK|MASK|MASK|MASK|MASK|MASK|MASK|MASK,method<|endoftext|>,"method<|endoftext|>|[MASK]<|endoftext|>|[MASK]<|endoftext|>|[MASK]<|endoftext|>|[MASK] <|endoftext|>|[MASK]  ;
    }

    public void setMethod(String  [MASK] ) {
       | [MASK] <|endoftext|>| [MASK]  =  [MASK] ;
    }

    /**
     * This is unreliable for| MASK<|endoftext|>| [MASK] <|endoftext|>| MASK <|file_sep|>/x-pack/plugin/src/test/java/org/elasticsearch/xpack/security/transport/ssl/| MASK <|endoftext|>",
170,moduleName,MASK,False,14,MASK|MASK|MASK|MASK|MASK|MASK|MASK|MASK|MASK|MASK|MASK|MASK|MASK|MASK,  [MASK] <|endoftext|>,"  [MASK] <|endoftext|>|[MASK]<|endoftext|>|[MASK]  ByClass.putIfAbsent(internalClassName(classFile,  [MASK] ), | [MASK]<|endoftext|>|[MASK]<|endoftext|>|MASK<|endoftext|>|MASK<|endoftext|>|MASK<|endoftext|>|[MASK]<|endoftext|>|[MASK]<|endoftext|>| MASK<|endoftext|>| MASK<|endoftext|>|MASK <|endoftext|>| MASK <|file_sep|>/x-pack/plugin/src/test/java/org/elasticsearch/xpack/security/transport/ssl/",
171,routingNodes,MASK,False,21,MASK|MASK|MASK|MASK|MASK|MASK|MASK|MASK|MASK|MASK|MASK|MASK|MASK|MASK|MASK|MASK|MASK|MASK|MASK|MASK|MASK,[MASK]<|endoftext|>,"[MASK]<|endoftext|>|[MASK]<|endoftext|>|[MASK]<|endoftext|>|MASK <|fim_pad|><|fim_pad|><|fim_pad|><|fim_pad|><|fim_pad|><|fim_pad|><|fim_pad|><|fim_pad|><|fim_pad|><|fim_pad|><|fim_pad|><|fim_pad|><|fim_pad|><|fim_pad|><|fim_pad|><|fim_pad|><|fim_pad|><|fim_pad|>|[MASK]  = clusterState.getRoutingNodes();

        assertThat(clusterState.routingTable().index(""|[MASK] .node(""node1"").numberOfShardsWithState(STARTED), equalTo(|MASK .node(""node2"").numberOfShardsWithState(STARTED), equalTo(10|MASK  = clusterState.getRoutingNodes();

        assertThat(clusterState.routingTable().index(""test"").|MASK .node(""node1"").numberOfShardsWithState(STARTED), equalTo(10|MASK .node(""node1"").numberOfShardsWithState(STARTED) +  MASK .|[MASK] .node(""node1"").numberOfShardsWithState(RELOCATING),
            equalTo|MASK .node(""node2"").numberOfShardsWithState(STARTED), lessThan(1|MASK .node(""node2"").numberOfShardsWithState(STARTED) +  MASK .|MASK .node(""node2"").numberOfShardsWithState(RELOCATING),
            equalTo(1|MASK .node(""node3"").numberOfShardsWithState(STARTED), equalTo(0));
|[MASK]<|endoftext|>|MASK <|fim_pad|><|fim_pad|><|fim_pad|><|fim_pad|><|fim_pad|><|fim_pad|><|fim_pad|><|fim_pad|><|fim_pad|><|fim_pad|><|fim_pad|><|fim_pad|><|fim_pad|><|fim_pad|><|fim_pad|><|fim_pad|><|fim_pad|><|fim_pad|>|MASK  = clusterState.getRoutingNodes();

        assertThat(clusterState.routingTable().index(""test"").|MASK .node(""node1"").numberOfShardsWithState(STARTED), equalTo(7));
|MASK .node(""node2"").numberOfShardsWithState(STARTED), equalTo(7));
|MASK .node(""node3"").numberOfShardsWithState(STARTED), equalTo(6));

",
172,refer,MASK,False,29,MASK|MASK|MASK|MASK|MASK|MASK|MASK|MASK|MASK|MASK|MASK|MASK|MASK|MASK|MASK|MASK|MASK|MASK|MASK|MASK|MASK|Invoker|MASK|MASK|MASK|MASK|MASK|MASK|MASK, [MASK]<|endoftext|>," [MASK]<|endoftext|>|[MASK]<|endoftext|>|[MASK]<|endoftext|>|[MASK]<|endoftext|>|[MASK] (IDemoService.class, registryUrl);
        IDemoService demoService = this|MASK<|endoftext|>|[MASK]<|endoftext|>|[MASK]<|endoftext|>|[MASK]<|endoftext|>|MASK<|endoftext|>|[MASK]<|endoftext|>|[MASK]<|endoftext|>| MASK<|endoftext|>|[MASK]<|endoftext|>|MASK<|endoftext|>|MASK<|endoftext|>|MASK (IDemoService.class, registryUrl)));
    }

    @Test
    public void test|[MASK]<|endoftext|>|[MASK]<|endoftext|>|[MASK]<|endoftext|>|MASK<|endoftext|>| Invoker<IDemoService>  [MASK]  = PROTOCOL. [MASK] (ID|[MASK] (IDemoService.class,
                registryUrl
                        .addParameter(""max.id|[MASK]<|endoftext|>| MASK<|endoftext|>|[MASK]<|endoftext|>|MASK<|endoftext|>|MASK<|endoftext|>|MASK<|endoftext|>",
173,object,,False,3,||, <|endoftext|>, <|endoftext|>|<|endoftext|>| <|endoftext|>,
174,heuristicIsSuperset,heuristic,False,7,heuristic|MASK|MASK|MASK|MASK|MASK|heuristic,heuristic<|endoftext|>,"heuristic<|endoftext|>|[MASK] .getScore(1, 2, 3, 4);
            fail|[MASK]<|endoftext|>|[MASK]<|endoftext|>|[MASK]<|endoftext|>|MASK<|endoftext|>|heuristic<|fim_pad|><|fim_pad|><|fim_pad|><|fim_pad|><|fim_pad|><|fim_pad|><|fim_pad|><|fim_pad|><|fim_pad|><|fim_pad|><|fim_pad|><|fim_pad|><|fim_pad|><|fim_pad|><|fim_pad|><|fim_pad|><|fim_pad|><|fim_pad|>",
175,document,document,True,9,document|||MASK|MASK|id||MASK|,"document with source""));
    }

    public void testIncludeInObjectNotAllowed2() throws Exception {
       ","document with source""));
    }

    public void testIncludeInObjectNotAllowed2() throws Exception {
       |<|endoftext|>|<|endoftext|>|[MASK] .parse(source(id, b -> b.field(""field"", ""value""), null)).|[MASK]<|endoftext|>|["" + id + ""]"")
        );
        assertThat(
            ProvidedIdFieldMapper.NO_FIELD_DATA.|<|endoftext|>|MASK Description( [MASK] ), equalTo("" id  with id '"" + id + ""'""));
   |
            new TestDocumentParserContext(MappingLookup.EMPTY,  .rootDoc())
       <|endoftext|>",
176,deletedProjects,MASK,False,8,MASK|MASK|MASK|MASK|MASK|MASK|MASK|MASK,[MASK]<|endoftext|>,[MASK]<|endoftext|>|[MASK]<|endoftext|>|[MASK]<|endoftext|>| MASK<|endoftext|>|[MASK]<|endoftext|>| MASK<|endoftext|>|MASK <|file_sep|><|fim_prefix|>/x-pack/plugin/src/test/java/org/elasticsearch/xpack/security/transport/ssl| MASK<|endoftext|>,
177,status,status,True,6,status|Status||Status|Status|Status,  status<|endoftext|>,  status<|endoftext|>|Status<|file_sep|><|fim_prefix|>/spring-web/src/main/java/org/springframework/web/servlet/config/annotation/|<|endoftext|>|Status<|endoftext|>| Status Value<|endoftext|>| Status<|endoftext|>,
178,images,[,False,3,[|MASK|MASK,[<|endoftext|>,[<|endoftext|>|[MASK]<|endoftext|>|MASK<|endoftext|>,
179,fmtCal,000));,False,2,000));|ss,"000));
        assertEquals(""hh bbb | 00:30:00","000));
        assertEquals(""hh bbb | 00:30:00|:ss bbbb | 00:00:00"", ""12:00",
180,projects,,False,2,|, <|endoftext|>, <|endoftext|>| <|endoftext|>,
181,context,,False,5,|MASK|MASK|MASK|,<|endoftext|>,<|endoftext|>|[MASK]<|endoftext|>|MASK<|endoftext|>|[MASK]<|endoftext|>| <|endoftext|>,
182,sourceJar,MASK,False,9,MASK||MASK|MASK|MASK|MASK|MASK|MASK|MASK,[MASK]<|endoftext|>,[MASK]<|endoftext|>|<|endoftext|>|MASK<|endoftext|>|[ MASK ] <|endoftext|>|MASK<|endoftext|>|[MASK]<|endoftext|>|[ MASK ]<|endoftext|>|MASK <|endoftext|>| MASK <|endoftext|>,
183,player,[,False,17,[|e2etest|MediaItem|Player|robolectric|robolectric|robolectric|testutil|robolectric|robolectric||MASK|MASK|MASK|MASK|MASK|MASK,[<|endoftext|>,"[<|endoftext|>|[ 2.e2etest.WavPlaybackTest;
import com.google.android.exo [MASK]|[ 2.MediaItem;
import com.google.android.exo [ 2.Player;
import com.google|[ 2.Player 2.Player;
import com.google.android.exo [ 2.Player <|endoftext|>|[ 2.robolectric.PlaybackOutput;
import com.google.android.exo [ 2.ro|[ 2.robolectric 2.robolectric.PlaybackOutput;
import com.google.android.ex|robolectric<|endoftext|>|[ 2.testutil.CapturingRenderersFactory;
import com.google.android.exo [MASK|robolectric<|endoftext|>|robolectric<|endoftext|>|<|endoftext|>| [MASK]<|endoftext|>|[MASK]<|endoftext|>|[MASK]<|endoftext|>|MASK<|endoftext|>| MASK<|endoftext|>|MASK<|endoftext|>",
184,hasPointValues,filteredHasPointValues,False,4,filteredHasPointValues|MASK|filteredHasPointValues|hasPointValues,filteredHasPointValues<|endoftext|>,"filteredHasPointValues<|endoftext|>|[MASK]<|endoftext|>|filteredHasPointValues;
        }

        @Override
        public boolean hasVectors() {
            return|hasPointValues() {
            return filteredHasPointValues;
        }

        @Override
        public",
185,bucketCount,MASK,False,2,MASK|MASK,[MASK]<|endoftext|>,"[MASK]<|endoftext|>|MASK
           <|fim_pad|><|fim_pad|><|fim_pad|><|fim_pad|><|fim_pad|><|fim_pad|><|fim_pad|><|fim_pad|><|fim_pad|><|fim_pad|><|fim_pad|><|fim_pad|><|fim_pad|><|fim_pad|><|fim_pad|><|fim_pad|><|fim_pad|>",
186,names,MASK,False,3,MASK|MASK|MASK, [MASK]<|endoftext|>, [MASK]<|endoftext|>|   MASK<|endoftext|>| MASK<|endoftext|>,
187,dataSet,,False,8,|MASK|MASK|MASK|MASK|MASK|add|MASK, <|endoftext|>," <|endoftext|>|[MASK]<|endoftext|>|[MASK]<|endoftext|>|[MASK]<|endoftext|>|MASK<|endoftext|>|MASK<|endoftext|>|add a lot of colors

        PieDataSet    = new PieDataSet(entries, ""Election Results| MASK<|endoftext|>",
188,requestClass,MASK,False,6,MASK|MASK|MASK|MASK|MASK|MASK,[MASK]<|endoftext|>,"[MASK]<|endoftext|>|MASK<|endoftext|>|[MASK]<|endoftext|>|  [MASK]<|endoftext|>|MASK<|endoftext|>|MASK ));
    }

    private <ARequest extends ActionRequest> Tuple<ARequest, ActionListener<?>> find",
189,startPositionUs,MASK,False,4,MASK|MASK|MASK|MASK,[MASK]<|endoftext|>,[MASK]<|endoftext|>|[MASK]<|endoftext|>|MASK<|endoftext|>|MASK <|fim_pad|><|fim_pad|><|fim_pad|><|fim_pad|><|fim_pad|><|fim_pad|><|fim_pad|><|fim_pad|><|fim_pad|><|fim_pad|><|fim_pad|><|fim_pad|><|fim_pad|><|fim_pad|><|fim_pad|><|fim_pad|><|fim_pad|><|fim_pad|>,
190,fieldDescriptor,MASK,False,3,MASK|MASK|MASK,    [MASK]     <|endoftext|>,"    [MASK]     <|endoftext|>|[MASK]<|endoftext|>|MASK ),
                                       null);
        classEditor.addField(field);
        return this;
    }

    /**
    ",
191,historyEntryID,MASK,False,7,MASK|MASK|MASK|MASK|MASK|MASK|MASK, [MASK]<|endoftext|>, [MASK]<|endoftext|>| [MASK] <|endoftext|>|[MASK]<|endoftext|>|MASK<|endoftext|>|MASK<|endoftext|>|MASK<|endoftext|>|MASK <|file_sep|><|fim_prefix|>/src/main/java/com/google/refine/operations/ReconUseValuesAsIdent,
192,buildDistTask,,False,8,|MASK|MASK|MASK|MASK|MASK||MASK,        <|endoftext|>,"        <|endoftext|>|[MASK]<|endoftext|>|[MASK]<|endoftext|>|[MASK]<|endoftext|>|[ MASK ] )));
            } else {
                t.from(archiveOperations.zipTree(distTaskOutput| MASK <|endoftext|>|<|endoftext|>|  MASK<|endoftext|>",
193,fromUser,fromUser,True,1,fromUser,fromUser<|endoftext|>,fromUser<|endoftext|>,
194,processEnvironmentClass,MASK,False,3,MASK|MASK|MASK,[MASK]<|endoftext|>,"[MASK]<|endoftext|>|[MASK]<|endoftext|>|MASK
                   <|endoftext|>",
195,writeLock,MASK,False,8,MASK|MASK|[|MASK|WRITE_LOCK|WRITE_LOCK|WRITE_LOCK|WRITE_LOCK,[MASK]<|endoftext|>,"[MASK]<|endoftext|>|[MASK] <|endoftext|>|[<|endoftext|>|MASK<|endoftext|>|WRITE_LOCK  = httpClientsLock. WRITE_LOCK ();
         WRITE_LOCK .lock();
        try {
|WRITE_LOCK <|endoftext|>|[WRITE_LOCK]<|endoftext|>|WRITE_LOCK<|endoftext|>",
196,numObj,numObj,True,7,numObj|MASK|MASK|MASK|MASK|MASK|MASK,  numObj<|endoftext|>,  numObj<|endoftext|>|[MASK]<|endoftext|>|MASK<|endoftext|>|[MASK]<|endoftext|>|MASK<|endoftext|>|[MASK]<|endoftext|>|MASK<|endoftext|>,
197,initialRoutingTable,routingTable,False,2,routingTable|routingTable,"      routingTable   = RoutingTable.builder(TestShardRoutingRoleStrategies.DEFAULT_ROLE_ONLY)
           ","      routingTable   = RoutingTable.builder(TestShardRoutingRoleStrategies.DEFAULT_ROLE_ONLY)
           |routingTable ).build();

        assertThat(clusterState.routingTable().index(""test"").size(), equalTo(",
198,methodName,name,False,3,name|name|name,name<|endoftext|>,name<|endoftext|>|name<|endoftext|>|name<|endoftext|>,
199,failFast,MASK,False,4,MASK|MASK|MASK|MASK,[MASK]<|endoftext|>,"[MASK]<|endoftext|>|MASK  && empty) {
                        errorOrComplete(a);
                        return;
                    }
                }

               |[MASK]<|endoftext|>|MASK  && done) {
                if (failedFast(q, a)) {
                    return;
               ",
200,flushThreshold,MASK,False,2,MASK|MASK,[MASK]<|endoftext|>,"[MASK]<|endoftext|>|MASK + ""b"")
            );
            replica.indexSettings().updateIndexMetadata(builder.build());
            replica",
201,onDisabledOs,onDisabledOs,True,2,onDisabledOs|onDisabledOs,onDisabledOs       <|endoftext|>,onDisabledOs       <|endoftext|>|onDisabledOs<|endoftext|>,
202,existingIngestPipelines,MASK,False,4,MASK|existingComponentTemplates|MASK|MASK,[MASK]<|endoftext|>,"[MASK]<|endoftext|>|existingComponentTemplates,
            MASK<|endoftext|>|[MASK]<|endoftext|>|MASK<|endoftext|>",
203,fields,MASK,False,6,MASK|MASK|MASK|MASK|MASK|MASK,[MASK]<|endoftext|>,[MASK]<|endoftext|>|[MASK]<|endoftext|>|[MASK]<|endoftext|>|[MASK]<|endoftext|>|MASK<|endoftext|>|MASK <|fim_pad|><|fim_pad|><|fim_pad|><|fim_pad|><|fim_pad|><|fim_pad|><|fim_pad|><|fim_pad|><|fim_pad|><|fim_pad|><|fim_pad|><|fim_pad|><|fim_pad|><|fim_pad|><|fim_pad|><|fim_pad|><|fim_pad|><|fim_pad|>,
204,expectedShardSize,expectedSize,False,2,expectedSize|expectedSize,"expectedSize) {
        assertThat(shard.state(), equalTo(state));
        assertThat(shard.currentNodeId(),","expectedSize) {
        assertThat(shard.state(), equalTo(state));
        assertThat(shard.currentNodeId(),|expectedSize ));
    }

    public void testAllocateToCorrectNodeUsingShardSizeFromClusterInfo",
205,extensions,MASK,False,14,MASK|MASK|MASK|MASK|MASK|MASK|MASK|MASK|MASK|MASK|MASK|MASK|MASK|MASK,[MASK]<|fim_pad|><|fim_pad|><|fim_pad|><|fim_pad|><|fim_pad|><|fim_pad|><|fim_pad|><|fim_pad|><|fim_pad|><|fim_pad|><|fim_pad|><|fim_pad|><|fim_pad|><|fim_pad|><|fim_pad|><|fim_pad|><|fim_pad|>,"[MASK]<|fim_pad|><|fim_pad|><|fim_pad|><|fim_pad|><|fim_pad|><|fim_pad|><|fim_pad|><|fim_pad|><|fim_pad|><|fim_pad|><|fim_pad|><|fim_pad|><|fim_pad|><|fim_pad|><|fim_pad|><|fim_pad|><|fim_pad|>|MASK]  = */ ImmutableList.of());
  }

  public final CommandEnvironment newCommandWithExtensions(
|[MASK]  as if they were passed to the
   * Blaze server.
   *
  |[MASK]  additional proto  [MASK]  to pass to the command.
   */
 |[MASK]  to pass to the command.
   */
  public final CommandEnvironment newCommandWith|[MASK] ) throws Exception {
    return newCustomCommandWithExtensions(command,  [MASK]|/*  MASK = */  MASK<|endoftext|>|MASK<|fim_pad|><|fim_pad|><|fim_pad|><|fim_pad|><|fim_pad|><|fim_pad|><|fim_pad|><|fim_pad|><|fim_pad|><|fim_pad|><|fim_pad|><|fim_pad|><|fim_pad|><|fim_pad|><|fim_pad|><|fim_pad|><|fim_pad|><|fim_pad|><|fim_pad|>|[MASK] additional proto  MASK  to pass to the command.
   * @return the new|MASK  to pass to the command.
   * @return the new command environment.
   */
 |[MASK]<|endoftext|>| MASK , /* ignoreUserOptions= */ false);
  }

  /**
   * Creates a new command|MASK<|endoftext|>|MASK<|endoftext|>",
206,currentState,MASK,False,6,MASK|MASK|MASK|MASK|MASK|MASK,[MASK]<|endoftext|>,[MASK]<|endoftext|>|[MASK]<|endoftext|>| [MASK]<|endoftext|>|[MASK]<|endoftext|>| MASK<|endoftext|>| MASK<|endoftext|>,
207,target,,False,2,|LogRecorder,<|endoftext|>,<|endoftext|>|LogRecorder.Target<|endoftext|>,
208,rightIndex,rightIndex,True,3,rightIndex|rightIndex|rightIndex,rightIndex<|endoftext|>,rightIndex<|endoftext|>|rightIndex<|endoftext|>|rightIndex <|file_sep|>/x-pack/plugins/transform/src/test/java/org/elasticsearch/xpack/transform/,
209,prefix,,False,3,|suffix|, <|endoftext|>, <|endoftext|>|suffix.length() -  <|endoftext|>|  <|endoftext|>,
210,configInput,MASK,False,3,MASK|MASK|MASK,[MASK]<|endoftext|>,"[MASK]<|endoftext|>|[MASK]<|endoftext|>| MASK  );
      formatBuilder.setInitializationData(ImmutableList.of(configBuffer));
      Pair<Integer,",
211,headers,,False,6,|MASK|MASK|MASK|MASK|MASK, <|endoftext|>, <|endoftext|>|[MASK]<|endoftext|>|[MASK]<|endoftext|>|MASK<|endoftext|>|[MASK]<|fim_pad|><|fim_pad|><|fim_pad|><|fim_pad|><|fim_pad|><|fim_pad|><|fim_pad|><|fim_pad|><|fim_pad|><|fim_pad|><|fim_pad|><|fim_pad|><|fim_pad|><|fim_pad|><|fim_pad|><|fim_pad|><|fim_pad|>|MASK<|fim_pad|><|fim_pad|><|fim_pad|><|fim_pad|><|fim_pad|><|fim_pad|><|fim_pad|><|fim_pad|><|fim_pad|><|fim_pad|><|fim_pad|><|fim_pad|><|fim_pad|><|fim_pad|><|fim_pad|><|fim_pad|><|fim_pad|><|fim_pad|><|fim_pad|>,
212,outputUncast,MASK,False,9,MASK|MASK|MASK|MASK|MASK|MASK|MASK|MASK|MASK,[MASK]<|endoftext|>,"[MASK]<|endoftext|>|[MASK]<|endoftext|>|[MASK]<|endoftext|>|[MASK]  = page.getBlock(channels.get(1));
    if ( [MASK] .|MASK  .areAllValuesNull()) {
      return;
    }
    LongBlock output = (|MASK <|endoftext|>|[MASK]<|endoftext|>|MASK <|fim_pad|><|fim_pad|><|fim_pad|><|fim_pad|><|fim_pad|><|fim_pad|><|fim_pad|><|fim_pad|><|fim_pad|><|fim_pad|><|fim_pad|><|fim_pad|><|fim_pad|><|fim_pad|><|fim_pad|><|fim_pad|><|fim_pad|><|fim_pad|>|MASK <|endoftext|>",
213,exportsByModule,moduleExports,False,2,moduleExports|moduleExports,moduleExports<|endoftext|>,"moduleExports<|endoftext|>|moduleExports
                       <|endoftext|>",
214,parentLeafFactory,MASK,False,2,MASK|MASK,  [MASK] <|endoftext|>,"  [MASK] <|endoftext|>|MASK
                    .newInstance(searchLookup)
                   <|endoftext|>",
215,nodeId,MASK,False,27,MASK|MASK|MASK|MASK|MASK|MASK|MASK|MASK|MASK|MASK|MASK|MASK|MASK|MASK|MASK|MASK|MASK|MASK|MASK|MASK|MASK|MASK|MASK|MASK|MASK|MASK|MASK, [MASK] <|endoftext|>," [MASK] <|endoftext|>|[MASK]<|endoftext|>|[MASK]<|endoftext|>|[MASK]<|endoftext|>|[MASK]<|endoftext|>|MASK<|endoftext|>|MASK<|endoftext|>|[MASK]<|endoftext|>|[MASK]<|endoftext|>|MASK<|endoftext|>| MASK<|endoftext|>|[MASK]<|endoftext|>|MASK<|endoftext|>|MASK<|endoftext|>|[MASK]<|endoftext|>|[MASK]<|endoftext|>|[MASK]<|endoftext|>|[MASK]<|endoftext|>|[MASK]<|endoftext|>|[MASK]<|endoftext|>|[MASK]<|endoftext|>|MASK );
            out.writeInt(this.clientNum);
            out.writeInt(this.queueSize);
            out.writeDouble| MASK <|endoftext|>|MASK<|endoftext|>|MASK<|endoftext|>| MASK<|endoftext|>| MASK<|endoftext|>",
216,increase,delta,False,3,delta|MASK|MASK,delta  <|file_sep|>/x-pack/plugin/src/test/java/org/elasticsearch/xpack/security/transport/ssl/,delta  <|file_sep|>/x-pack/plugin/src/test/java/org/elasticsearch/xpack/security/transport/ssl/|[MASK]  / (largestTimestamp - secondLargestTimestamp) * 100|MASK<|endoftext|>,
217,field,field,True,6,field|MASK|leafFieldName|MASK|MASK|MASK,"field"", Factory.class, false, true, false, PARAMETERS, false, false, false, false","field"", Factory.class, false, true, false, PARAMETERS, false, false, false, false|[MASK] Name<|endoftext|>|leafFieldName<|endoftext|>|MASK<|endoftext|>|MASK<|endoftext|>|MASK<|endoftext|>",
218,noOffsetText,text,False,2,text|ZoneOffset,"text, int pos, Class<?> expected) {
        try {
            getFormatter(pattern,  [","text, int pos, Class<?> expected) {
        try {
            getFormatter(pattern,  [|ZoneOffset.UTC
           <|fim_pad|><|fim_pad|><|fim_pad|><|fim_pad|><|fim_pad|><|fim_pad|><|fim_pad|><|fim_pad|><|fim_pad|><|fim_pad|><|fim_pad|><|fim_pad|><|fim_pad|><|fim_pad|><|fim_pad|>",
219,bufIndex,MASK,False,6,MASK|MASK|MASK|MASK|buffer|MASK,[MASK]<|endoftext|>,"[MASK]<|endoftext|>|[MASK]<|endoftext|>| MASK<|endoftext|>|[MASK]  );
            } else {
              // we didn't reach EOF
              return new|buffer.length + 32);
            builder.append(buffer, 0,  MASK );
            buffer| MASK );
            buffer = null; // release for gc
            CharStreams.copy(reader, builder);
",
220,resCls,,False,20,|MASK|MASK|MASK||[||MASK|MASK|MASK|MASK|MASK|MASK|MASK|MASK|MASK|MASK|MASK|MASK|MASK,<|endoftext|>,<|endoftext|>|[MASK] <|endoftext|>| [MASK] <|endoftext|>| [MASK]<|endoftext|>|<|endoftext|>|[<|endoftext|>|<|endoftext|>| MASK<|endoftext|>|[ MASK ]<|endoftext|>|[ MASK ]<|endoftext|>| MASK<|endoftext|>| [MASK]<|endoftext|>|MASK<|endoftext|>|MASK<|endoftext|>| MASK<|endoftext|>|MASK<|endoftext|>|MASK<|endoftext|>| MASK<|endoftext|>|MASK<|endoftext|>| MASK<|endoftext|>,
221,listGet,get,False,3,get|MASK|MASK,get<|endoftext|>,"get<|endoftext|>|[MASK] )
                                .rawType())
                .isEqualTo(Number.class);
        assertThat(
                        infer|MASK )
                                .rawType())
                .isEqualTo(Number.class);
        assertThat(
                        inferFrom(List",
222,cipher,,False,7,|MASK|MASK|MASK|MASK|MASK|MASK,<|endoftext|>,<|endoftext|>|[MASK]<|endoftext|>|[MASK]<|endoftext|>|MASK<|endoftext|>|[MASK]<|endoftext|>|MASK<|endoftext|>|MASK <|endoftext|>,
223,month,,False,11,|MASK|MASK|MASK|MASK|MASK|MASK|MASK|MASK|MASK|MASK,<|endoftext|>,<|endoftext|>| [MASK] <|endoftext|>|[MASK]<|endoftext|>|[MASK]<|endoftext|>|MASK<|endoftext|>|[MASK]<|endoftext|>|MASK<|endoftext|>|MASK<|endoftext|>|[MASK]<|endoftext|>|MASK<|endoftext|>| MASK<|endoftext|>,
224,warningSettingName,settingName,False,4,settingName|settingName|settingName|settingName,settingName<|file_sep|><|fim_prefix|>/x-pack/plugin/ql/src/test/java/org/elasticsearch/xpack/ql/,settingName<|file_sep|><|fim_prefix|>/x-pack/plugin/ql/src/test/java/org/elasticsearch/xpack/ql/|settingName <|file_sep|><|fim_prefix|>/x-pack/plugin/ql/src/test/java/org/elasticsearch/xpack/ql|settingName<|endoftext|>|settingName<|endoftext|>,
225,synonymsIdsUsedInIndices,synonymIdsUsedInIndices,False,2,synonymIdsUsedInIndices|synonymIdsUsedInIndices,synonymIdsUsedInIndices<|endoftext|>,"synonymIdsUsedInIndices<|endoftext|>|synonymIdsUsedInIndices
               <|endoftext|>",
226,groupEnd,MASK,False,12,MASK|MASK|MASK|MASK|MASK|MASK|MASK|MASK|MASK|MASK|MASK|MASK,[MASK]<|endoftext|>,"[MASK]<|endoftext|>|[MASK]<|endoftext|>|[MASK]<|endoftext|>|MASK<|endoftext|>|[MASK]<|endoftext|>|MASK<|endoftext|>|[MASK]<|endoftext|>|MASK<|endoftext|>|MASK  = groupStart + groups.getValueCount(groupPosition);
      for (int g = groupStart|MASK<|endoftext|>|MASK  = groupStart + groups.getValueCount(groupPosition);
      for (int g = groupStart|MASK<|endoftext|>",
227,isManifestChanged,hasChanged,False,3,hasChanged|hasChanged|config,"hasChanged = !oldXml.equals(newXml);

            if (! [MASK] ) {
                Logger","hasChanged = !oldXml.equals(newXml);

            if (! [MASK] ) {
                Logger|hasChanged && !config.mSupportHotplugComponent && !config.mDexRaw
                &&|config.mSupportHotplugComponent
                    && (hasChanged || hasIncComponent)) {
                Logger",
228,dataStreamRemote1Alias,dataStreamRemote1Alias,True,4,dataStreamRemote1Alias|dataStreamRemote1Alias|dataStreamRemote1Alias|dataStreamRemote1Alias,dataStreamRemote1Alias<|endoftext|>,"dataStreamRemote1Alias<|endoftext|>|dataStreamRemote1Alias<|endoftext|>|dataStreamRemote1Alias<|endoftext|>|dataStreamRemote1Alias  );

        clusterInfo.put(""remote2.skip_unavailable"", true);
",
229,elementValueMethodName,elementValueName,False,5,elementValueName|elementValueName|elementValueName|elementValueName|elementValueName,"elementValueName)
    {
        // What's the target?
        if (targetAnnotation != null","elementValueName)
    {
        // What's the target?
        if (targetAnnotation != null|elementValueName<|endoftext|>|elementValueName<|endoftext|>|elementValueName<|endoftext|>|elementValueName<|endoftext|>",
230,parser,MASK,False,38,MASK|MASK|MASK|MASK|MASK|MASK|MASK|MASK|MASK|MASK|MASK|MASK|MASK|MASK|MASK|MASK|MASK|MASK|MASK|MASK|MASK|MASK|MASK|MASK|MASK|MASK|MASK|MASK|MASK|MASK|MASK|MASK|MASK|MASK|MASK|MASK|MASK|MASK,[MASK]<|endoftext|>,"[MASK]<|endoftext|>|[MASK]<|endoftext|>|MASK<|endoftext|>|MASK<|endoftext|>|[MASK]<|endoftext|>|[MASK]<|endoftext|>|[MASK]<|endoftext|>|[MASK]<|endoftext|>|[MASK]<|endoftext|>|MASK<|endoftext|>|[MASK]<|endoftext|>|[MASK]<|endoftext|>|MASK<|endoftext|>|[MASK]<|endoftext|>|[MASK]<|endoftext|>|[MASK]<|endoftext|>|[MASK]<|endoftext|>|MASK<|endoftext|>|MASK<|endoftext|>|[MASK]<|endoftext|>|[MASK]<|endoftext|>|[MASK]<|endoftext|>|[MASK]<|endoftext|>|[MASK]<|endoftext|>|[MASK]<|endoftext|>|[MASK]<|endoftext|>|[MASK]<|endoftext|>|[MASK]<|endoftext|>|[MASK]<|endoftext|>|[MASK]<|endoftext|>|[MASK]<|endoftext|>|[MASK] .config(Feature.AllowSingleQuotes, true);
             [MASK]<|endoftext|>|[MASK]<|endoftext|>|[MASK]<|endoftext|>|MASK<|endoftext|>|[MASK]<|endoftext|>|MASK<|endoftext|>|MASK<|endoftext|>",
231,directories,fim_pad,False,3,fim_pad|fim_pad|scratch,     <|fim_pad|><|fim_pad|><|fim_pad|><|fim_pad|><|fim_pad|><|fim_pad|><|fim_pad|><|fim_pad|><|fim_pad|><|fim_pad|><|fim_pad|><|fim_pad|><|fim_pad|><|fim_pad|><|fim_pad|><|fim_pad|><|fim_pad|><|fim_pad|><|fim_pad|>,"     <|fim_pad|><|fim_pad|><|fim_pad|><|fim_pad|><|fim_pad|><|fim_pad|><|fim_pad|><|fim_pad|><|fim_pad|><|fim_pad|><|fim_pad|><|fim_pad|><|fim_pad|><|fim_pad|><|fim_pad|><|fim_pad|><|fim_pad|><|fim_pad|><|fim_pad|>|fim_pad <|fim_pad|><|fim_pad|><|fim_pad|><|fim_pad|><|fim_pad|><|fim_pad|><|fim_pad|><|fim_pad|><|fim_pad|><|fim_pad|><|fim_pad|><|fim_pad|><|fim_pad|><|fim_pad|><|fim_pad|><|fim_pad|>|),  scratch.getFileSystem(),  scratch.getFileSystem(),  scratch.getFileSystem(),  scratch.getFileSystem",
232,backingIndex,MASK,False,14,MASK|MASK|MASK|MASK|MASK|MASK|MASK|MASK|MASK|MASK|MASK|MASK||Prefix,[MASK]<|endoftext|>,"[MASK]<|endoftext|>|[MASK]<|endoftext|>|[MASK]<|endoftext|>|[MASK]<|endoftext|>|MASK<|endoftext|>|MASK<|endoftext|>|[MASK]<|endoftext|>|MASK );
            GetIndexResponse getIndexResponse = client.admin()
                .indices()
                .getIndex(new|MASK ))
                .actionGet();
            assertThat(getIndexResponse.getSettings().get( MASK ), not|MASK<|endoftext|>|MASK<|endoftext|>|MASK<|endoftext|>| <|endoftext|>|Prefix));
            assertThat(itemResponse.getId(), startsWith( Prefix));
            assertThat(itemResponse.getShard",
233,numberFormat,MASK,False,6,MASK|MASK|MASK|MASK|MASK|MASK,[MASK]<|endoftext|>,"[MASK]<|endoftext|>|[MASK]<|endoftext|>|[MASK]<|endoftext|>|MASK<|endoftext|>|MASK  = NumberFormat.getInstance(Locale.ENGLISH);
		Number bigDecimal = NumberUtils.parseNumber|MASK );
		assertThat(bigDecimal).isEqualTo(new BigDecimal(bigDecimalAsString));
	}

	@Test
	void",
234,fullName,MASK,False,3,MASK|MASK|MASK,          MASK<|endoftext|>,          MASK<|endoftext|>|[MASK]<|endoftext|>|MASK <|endoftext|>,
235,replicaShard,primaryShard2,False,6,primaryShard2|primaryShard2|primaryShard2|r|primaryShard2|primaryShard2,"primaryShard2 = newStartedShard(true);
        for (int i = 0;","primaryShard2 = newStartedShard(true);
        for (int i = 0;|primaryShard2.indexSettings().getIndexMetadata());
        recoverReplica( [MASK] , primary|primaryShard2<|endoftext|>|r.recoveryState()<|endoftext|>|primaryShard2<|endoftext|>|primaryShard2 );
    }

    public void testPeerRecoverySendSafeCommitInFileBased",
236,project,MASK,False,8,MASK|MASK|MASK|MASK|MASK|MASK|MASK|MASK,[MASK]<|endoftext|>,[MASK]<|endoftext|>| [MASK]<|endoftext|>|[MASK]<|endoftext|>| MASK<|endoftext|>|[MASK]<|endoftext|>|MASK<|endoftext|>|MASK<|endoftext|>| MASK<|endoftext|>,
237,rootAbs,MASK,False,3,MASK|MASK|MASK,"[MASK]  = create(""/"");
    assertThat(fooBarWiz.getChild(""hi"")).isEqualTo(fooBar","[MASK]  = create(""/"");
    assertThat(fooBarWiz.getChild(""hi"")).isEqualTo(fooBar|MASK  );
    assertThat(  MASK  .getParentDirectory()).isNull();
  }

  @Test| MASK <|fim_pad|><|fim_pad|><|fim_pad|><|fim_pad|><|fim_pad|><|fim_pad|><|fim_pad|><|fim_pad|><|fim_pad|><|fim_pad|><|fim_pad|><|fim_pad|><|fim_pad|><|fim_pad|><|fim_pad|><|fim_pad|><|fim_pad|><|fim_pad|>",
238,contentType,,False,7,||||)||contentType,<|endoftext|>,"<|endoftext|>|<|endoftext|>|<|endoftext|>|<|endoftext|>|)
                    ?  [MASK]  : response. [MASK] ();
                return new Attachment.Bytes|<|endoftext|>|contentType();
                attachmentContentType = Strings.hasLength(attachmentContentType) ? attachmentContentType : response.contentType<|endoftext|>",
239,clearRealmCacheRequest,MASK,False,5,MASK|MASK|MASK|MASK|MASK,"  [MASK]  = findRequest(ClearRealmCacheRequest.class);
            assertThat( [MASK","  [MASK]  = findRequest(ClearRealmCacheRequest.class);
            assertThat( [MASK|[MASK]<|endoftext|>|[MASK]<|endoftext|>|[MASK]<|endoftext|>|MASK<|endoftext|>",
240,rLogger,,False,4,|MASK|MASK|MASK,<|endoftext|>,<|endoftext|>|[MASK]<|endoftext|>|MASK<|endoftext|>|MASK<|endoftext|>,
241,updater,",",False,15,",|setting|for|build|MASK|MASK|MASK|MASK||MASK|MASK|MASK|MASK|MASK|MASK",",
            () -> setting.get(Settings.builder().put(""int.setting"", ""-21474",",
            () -> setting.get(Settings.builder().put(""int.setting"", ""-21474| setting = Setting.longSetting(""long.setting"", 0L, Long.MIN_VALUE, Long.MAX_VALUE|23372036854775808] for setting|372036854775809"").build())
        );
| [MASK]<|endoftext|>|[MASK]<|endoftext|>|[MASK]<|endoftext|>|[MASK]<|endoftext|>|<|endoftext|>|MASK<|file_sep|><|fim_prefix|>/x-pack/plugin/ql/src/test/java/org/elasticsearch/xpack/ql/analysis|[MASK] <|endoftext|>|[MASK]<|endoftext|>|MASK  is expected to have changed
        assertTrue( [MASK] .hasChanged(current, previous|MASK<|file_sep|><|fim_prefix|>/x-pack/plugin/ql/src/test/java/org/elasticsearch/xpack/ql/analysis|MASK<|file_sep|><|fim_prefix|>/x-pack/plugin/ql/src/main/java/org/elasticsearch/xpack/ql/analysis",
242,acceptHeaderValue,MASK,False,4,MASK|MASK|MASK|MASK,[MASK]<|endoftext|>,[MASK]<|endoftext|>|[MASK]<|endoftext|>|MASK<|endoftext|>|MASK <|fim_pad|><|fim_pad|><|fim_pad|><|fim_pad|><|fim_pad|><|fim_pad|><|fim_pad|><|fim_pad|><|fim_pad|><|fim_pad|><|fim_pad|><|fim_pad|><|fim_pad|><|fim_pad|><|fim_pad|><|fim_pad|><|fim_pad|><|fim_pad|>,
243,aggProfileShardResult,aggregationProfileShardResult,False,2,aggregationProfileShardResult|aggregationProfileShardResult,  aggregationProfileShardResult<|endoftext|>,  aggregationProfileShardResult<|endoftext|>|aggregationProfileShardResult<|endoftext|>,
244,annotatedBeanClass,testBeanHolderClass,False,2,testBeanHolderClass|testBeanHolderClass,"testBeanHolderClass) {
		AnnotationConfigApplicationContext ac = new AnnotationConfigApplicationContext();
		","testBeanHolderClass) {
		AnnotationConfigApplicationContext ac = new AnnotationConfigApplicationContext();
		|testBeanHolderClass );
		abd.setScope(BeanDefinition.SCOPE_PROTOTYPE);
		ac",
245,vScrollKnob,vScrollKnob,True,21,vScrollKnob|vScrollKnob|MASK|MASK|MASK|MASK|vScrollBounds|vScrollBounds|vScrollBounds|s|setClamp|this|public|vScrollKnob|vScrollKnob|vScrollKnob|vScrollKnob|vScrollKnob|vScrollKnob|vScrollKnob|vScrollKnob,"vScrollKnob = style.vScrollKnob;
		// [MASK]<|fim_pad|><|fim_pad|><|fim_pad|>","vScrollKnob = style.vScrollKnob;
		// [MASK]<|fim_pad|><|fim_pad|><|fim_pad|>|vScrollKnob <|fim_pad|><|fim_pad|><|fim_pad|><|fim_pad|><|fim_pad|><|fim_pad|><|fim_pad|><|fim_pad|><|fim_pad|><|fim_pad|><|fim_pad|><|fim_pad|><|fim_pad|><|fim_pad|><|fim_pad|>| [MASK]<|endoftext|>|[MASK] <|fim_pad|><|fim_pad|><|fim_pad|><|fim_pad|><|fim_pad|><|fim_pad|><|fim_pad|><|fim_pad|><|fim_pad|><|fim_pad|><|fim_pad|><|fim_pad|><|fim_pad|><|fim_pad|><|fim_pad|><|fim_pad|>| [MASK]<|endoftext|>|[MASK] .getMinWidth();
				if (variableSizeKnobs)
					vKnob|vScrollBounds.height * actorArea.height / actorHeight,
						[ MASK ] .getMin|vScrollBounds<|fim_pad|><|fim_pad|><|fim_pad|><|fim_pad|><|fim_pad|><|fim_pad|><|fim_pad|><|fim_pad|><|fim_pad|><|fim_pad|><|fim_pad|><|fim_pad|><|fim_pad|><|fim_pad|><|fim_pad|><|fim_pad|><|fim_pad|>|vScrollBounds.width : bgLeftWidth;
				vKnobBounds.y = vScrollBounds.y|'s bounds. Default is true. */
	public void setClamp (boolean clamp) {
		this| setClamp (boolean clamp) {
		this.clamp = clamp;
	}

	public boolean is|		this.scrollBarTouch = scrollBarTouch;
	}

	public boolean getScrollBarTouch () {
	|	public boolean getScrollBarTouch () {
		return scrollBarTouch;
	}

	/** When true,|vScrollKnob != null) width = style.vScrollKnob.getMinWidth();
		if (|vScrollKnob <|file_sep|><|fim_prefix|>/README.md
package com.badlogic.gdx.scenes.scene2d.ui|vScrollKnob<|endoftext|>|vScrollKnob<|endoftext|>|vScrollKnob<|endoftext|>|vScrollKnob<|endoftext|>|vScrollKnob<|endoftext|>|vScrollKnob<|endoftext|>",
246,entity,MASK,False,2,MASK|MASK,[MASK]<|endoftext|>,[MASK]<|endoftext|>|  MASK<|endoftext|>,
247,fullURLStr,MASK,False,5,MASK|MASK||MASK|MASK,"           [MASK]  :  [MASK] ing
     * @param decodedBody : format","           [MASK]  :  [MASK] ing
     * @param decodedBody : format|  [MASK]  is used to hide the sensitive information in the log
     * @param| <|endoftext|>|[MASK]<|endoftext|>|MASK<|endoftext|>",
248,source,[,False,4,[|doc||,[<|endoftext|>,"[<|endoftext|>|doc(). [ AsMap();
        assertThat(upsertMap.get(ENABLED_FIELD), equalTo(Boolean.TRUE| <|endoftext|>|  <|endoftext|>",
249,textureId,textureId,True,2,textureId|textureId,    textureId<|endoftext|>,    textureId<|endoftext|>|textureId <|fim_pad|><|fim_pad|><|fim_pad|><|fim_pad|><|fim_pad|><|fim_pad|><|fim_pad|><|fim_pad|><|fim_pad|><|fim_pad|><|fim_pad|><|fim_pad|><|fim_pad|><|fim_pad|><|fim_pad|><|fim_pad|><|fim_pad|>,
250,cMemoryOwn,MASK,False,18,MASK|MASK|MASK|MASK|MASK|MASK|MASK|MASK|MASK|MASK|MASK|MASK|MASK|MASK|MASK|MASK|MASK|MASK,"[MASK] ) {
		super(className, cPtr,  [MASK] );
		swig","[MASK] ) {
		super(className, cPtr,  [MASK] );
		swig|[MASK] );
		swigCPtr = cPtr;
	}

	/** Construct a new|[MASK]<|fim_pad|><|fim_pad|><|fim_pad|><|fim_pad|><|fim_pad|><|fim_pad|><|fim_pad|><|fim_pad|><|fim_pad|><|fim_pad|><|fim_pad|><|fim_pad|><|fim_pad|><|fim_pad|><|fim_pad|><|fim_pad|><|fim_pad|>|MASK );
		construct();
	}

	public btAxisSweep3InternalShort (Vector3 world|[MASK]<|fim_pad|><|fim_pad|><|fim_pad|><|fim_pad|><|fim_pad|><|fim_pad|><|fim_pad|><|fim_pad|><|fim_pad|><|fim_pad|><|fim_pad|><|fim_pad|><|fim_pad|><|fim_pad|><|fim_pad|><|fim_pad|><|fim_pad|>|MASK );
	}

	public static long getCPtr (btAxisSweep3InternalShort obj) {
|[MASK]<|endoftext|>|MASK );
			swigCPtr = cPtr;
		}

		/** Construct a new|[MASK] ) {
			this(""Edge"", cPtr,  [MASK] );
			|MASK );
			construct();
		}

		@Override
		protected void reset (long c|MASK<|endoftext|>|MASK );
		}

		public static long getCPtr (Edge obj) {
			return (obj|MASK<|endoftext|>|MASK<|endoftext|>|[MASK]<|endoftext|>|MASK<|endoftext|>|MASK<|endoftext|>|MASK<|endoftext|>",
251,writer,,False,3,|MASK|MASK,    <|endoftext|>,    <|endoftext|>| [MASK]<|endoftext|>|MASK<|endoftext|>,
252,shift,,False,2,|,<|endoftext|>,<|endoftext|>| <|endoftext|>,
253,linkOff,linkOff,True,1,linkOff,"linkOff = buf.readInt();
		int mapOff = buf.readInt();
		int stringIdsOff =","linkOff = buf.readInt();
		int mapOff = buf.readInt();
		int stringIdsOff =",
254,testInfo,MASK,False,4,MASK|MASK|MASK|MASK,[MASK]<|endoftext|>,[MASK]<|endoftext|>|[MASK]<|endoftext|>|MASK<|endoftext|>|MASK<|endoftext|>,
255,staticVariableName,MASK,False,10,MASK|MASK|MASK|MASK|MASK|MASK|MASK|MASK|MASK|MASK,[MASK]<|endoftext|>,"[MASK]<|endoftext|>|[MASK]<|endoftext|>|[MASK]<|endoftext|>| MASK<|endoftext|>|MASK<|file_sep|><|fim_prefix|>/gradle.properties
package com.bumptech.glide.annotation.compiler;

import com.google.common.base|[MASK]<|endoftext|>|[MASK]<|endoftext|>|[MASK] <|endoftext|>| MASK<|endoftext|>|MASK<|file_sep|><|fim_prefix|>/gradle.properties
package com.bumptech.glide.annotation.compiler;

import com.google.common.base",
256,nodes,MASK,False,25,MASK|MASK|MASK|MASK|MASK|MASK|MASK|MASK|MASK|MASK|MASK|MASK|MASK|MASK|MASK|node|node|MASK|MASK|MASK|MASK|MASK|MASK|nodes|MASK,"[MASK]  = DiscoveryNodes.builder().localNodeId(""node"").masterNodeId(""node"").add","[MASK]  = DiscoveryNodes.builder().localNodeId(""node"").masterNodeId(""node"").add|[MASK] );
        ClusterChangedEvent event = createClusterChangedEvent(
            Collections.singletonMap(|[MASK]<|endoftext|>|[MASK]<|endoftext|>|[MASK]<|endoftext|>|MASK<|endoftext|>|[MASK]<|endoftext|>|[MASK]<|endoftext|>|[MASK]  = DiscoveryNodes.builder().localNodeId(""node"").masterNodeId(""node"").add|MASK<|endoftext|>|[MASK]  = DiscoveryNodes.builder().localNodeId(""node"").masterNodeId(""node"").add|[MASK]<|endoftext|>|[MASK]<|endoftext|>|[MASK]<|endoftext|>|MASK<|endoftext|>|node = DiscoveryNodeUtils.create(""node"");
        DiscoveryNodes<|endoftext|>|node<|endoftext|>|[MASK]<|endoftext|>|MASK<|endoftext|>|[MASK]<|endoftext|>|MASK<|endoftext|>|MASK <|endoftext|>|MASK<|endoftext|>|nodes(  MASK ) //<|endoftext|>| MASK<|endoftext|>",
257,failure,failed,False,8,failed|state|failed|failed|cause|failure|cause|failureCause,"failed(Service service) {
 *           // Something failed, at this point we could log it, notify","failed(Service service) {
 *           // Something failed, at this point we could log it, notify|state changes, and to wait for the services to become {@linkplain #isHealthy() healthy}.
 *|failed<|fim_pad|><|fim_pad|><|fim_pad|><|fim_pad|><|fim_pad|><|fim_pad|><|fim_pad|><|fim_pad|><|fim_pad|><|fim_pad|><|fim_pad|><|fim_pad|><|fim_pad|><|fim_pad|><|fim_pad|><|fim_pad|><|fim_pad|><|fim_pad|><|fim_pad|>|failed<|endoftext|>|cause<|endoftext|>|failure<|endoftext|>| cause<|file_sep|><|fim_prefix|>/okhttp/src/main/java/okhttp3/internal/http2/Http2.java|failureCause());
    }

    private static class Cause extends Throwable {
      Cause() {
        super(
",
258,clazz,MASK,False,6,MASK|MASK|MASK|MASK|MASK|MASK, [MASK]<|endoftext|>, [MASK]<|endoftext|>|[MASK]<|endoftext|>|[MASK]<|endoftext|>|MASK<|endoftext|>|MASK<|endoftext|>|MASK<|endoftext|>,
259,targetField,MASK,False,14,MASK|MASK|MASK|MASK|MASK|MASK|targetField|targetField|MASK|targetField|MASK|MASK|targetField|MASK, [MASK]<|endoftext|>," [MASK]<|endoftext|>|[MASK] <|endoftext|>|[MASK]<|endoftext|>|MASK<|endoftext|>| MASK <|endoftext|>|MASK <|file_sep|><|fim_prefix|>/spring-core/src/main/java/org/springframework/core/annotation/AnnotationAware|targetField<|fim_pad|><|fim_pad|><|fim_pad|><|fim_pad|><|fim_pad|><|fim_pad|><|fim_pad|><|fim_pad|><|fim_pad|><|fim_pad|><|fim_pad|><|fim_pad|><|fim_pad|><|fim_pad|><|fim_pad|><|fim_pad|><|fim_pad|><|fim_pad|>|targetField<|endoftext|>|[MASK]<|endoftext|>|targetField "");
			}
			if (this.staticField == null) {
				throw new IllegalArgumentException|[MASK]<|endoftext|>|[MASK]<|endoftext|>|targetField  must be specified when using targetClass or targetObject"");
		}

		else if| MASK <|endoftext|>",
260,values,MASK,False,41,MASK|MASK|MASK|MASK|MASK|MASK|MASK|MASK|MASK|collection||MASK|MASK|keySet|MASK|MASK|MASK|MASK|MASK|MASK|and|MASK|MASK|MASK||MASK|MASK|MASK|MASK|MASK|MASK|MASK|MASK|MASK|MASK|MASK|MASK|MASK|MASK|MASK|MASK, [MASK]<|fim_pad|><|fim_pad|><|fim_pad|><|fim_pad|><|fim_pad|><|fim_pad|><|fim_pad|><|fim_pad|><|fim_pad|><|fim_pad|><|fim_pad|><|fim_pad|><|fim_pad|><|fim_pad|><|fim_pad|><|fim_pad|><|fim_pad|>," [MASK]<|fim_pad|><|fim_pad|><|fim_pad|><|fim_pad|><|fim_pad|><|fim_pad|><|fim_pad|><|fim_pad|><|fim_pad|><|fim_pad|><|fim_pad|><|fim_pad|><|fim_pad|><|fim_pad|><|fim_pad|><|fim_pad|><|fim_pad|>|MASK<|fim_pad|><|fim_pad|><|fim_pad|><|fim_pad|><|fim_pad|><|fim_pad|><|fim_pad|><|fim_pad|><|fim_pad|><|fim_pad|><|fim_pad|><|fim_pad|><|fim_pad|><|fim_pad|><|fim_pad|><|fim_pad|><|fim_pad|><|fim_pad|><|fim_pad|>| [MASK]<|endoftext|>| [MASK]<|endoftext|>| [MASK]  = myLinkedHashMap. [MASK] ();
        new Support_UnmodifiableCollectionTest| [MASK] ();
        new Support_UnmodifiableCollectionTest(
                ""Test Returned Collection From LinkedHashMap.|MASK ()"",  [MASK] )
                .runTest();
         [MASK] .remove(new| MASK <|fim_pad|><|fim_pad|><|fim_pad|><|fim_pad|><|fim_pad|><|fim_pad|><|fim_pad|><|fim_pad|><|fim_pad|><|fim_pad|><|fim_pad|><|fim_pad|><|fim_pad|><|fim_pad|><|fim_pad|><|fim_pad|><|fim_pad|><|fim_pad|>|   //  [MASK] () on a LinkedHashMap should return a Set
        //  [MASK|collection should remove from the original map"",
                !myLinkedHashMap.contains(new Integer(0)));

       |<|endoftext|>| [MASK]  = map. [MASK] ();
        Set keys = map.keySet();
        //| MASK ();
        // get the keySet() and   () on the cloned() Map
        Set|keySet() does not work"",
                ""value"", keys.iterator().next());
        assertEquals("" [|[MASK] 2.iterator().next());
        assertEquals(""keySet() does not work"",
               |MASK  = map. MASK ();
        Set keys2 = map.keySet();
        //  [MASK|MASK ();
        assertEquals("" [MASK] () does not work"",
                ""value"",  [MASK| [MASK] () does not work"",
                ""value"",  [MASK] .iterator().next|MASK  !=  [MASK] );
        assertTrue(""keySet() is identical"", keys != key| MASK );
        assertTrue(""keySet() is identical"", keys != map2.keySet());
        assertEquals(""|  () and keySet() on the original Map
        Set keys = map.keySet();
        Collection| MASK () was not cloned"",
                ""value"",  MASK .iterator().next());
        assertEquals(""|MASK 2.iterator().next());
        assertEquals(""keySet() was not cloned"",
                ""key| [MASK]<|endoftext|>|<|endoftext|>|[MASK]<|endoftext|>|[MASK]<|endoftext|>|[ MASK ] ();
        Iterator it2 = s2.iterator();
        assertTrue(""Returned set of incorrect|MASK ();
        Iterator it1 = s1.iterator();
        assertTrue(""Returned set of incorrect size |[MASK]<|file_sep|><|fim_prefix|>/drlvm/vm/tests/kernel/java/lang/ClassTest.java
/*
|MASK <|file_sep|><|fim_prefix|>/dalvik/libdex/DexFile.cpp
/*
 * Copyright (C)|[ MASK ]<|file_sep|><|fim_prefix|>/drlvm/vm/tests/kernel/java/lang/Class/ClassTest.java| MASK<|endoftext|>| [MASK]<|endoftext|>| MASK<|endoftext|>| MASK<|endoftext|>|[MASK]<|endoftext|>|[MASK] .spliterator()<|endoftext|>| [MASK]<|endoftext|>| MASK<|endoftext|>| MASK<|endoftext|>",
261,number,MASK,False,12,MASK|MASK|MASK|MASK|MASK|MASK|MASK|MASK|MASK|MASK|MASK|MASK," [MASK]  = ""98745983758375"," [MASK]  = ""98745983758375|[MASK] <|fim_pad|><|fim_pad|><|fim_pad|><|fim_pad|><|fim_pad|><|fim_pad|><|fim_pad|><|fim_pad|><|fim_pad|><|fim_pad|><|fim_pad|><|fim_pad|><|fim_pad|><|fim_pad|><|fim_pad|><|fim_pad|>|MASK ));
	}

	@Test
	void convertBigDecimalToBigIntegerWithScale() {
		String  MASK|[MASK]<|endoftext|>|MASK<|endoftext|>|[MASK]<|endoftext|>|MASK<|endoftext|>|MASK<|endoftext|>|MASK<|endoftext|>|[MASK] <|endoftext|>| MASK<|endoftext|>| MASK<|endoftext|>",
262,details,,False,4,|||new,<|endoftext|>,"<|endoftext|>| <|endoftext|>| <|endoftext|>|new InMemoryUserDetails(username));
    }

    public synchronized void createAccount(String username, String password",
263,builder,MASK,False,18,MASK|MASK|MASK|MASK|MASK|MASK|MASK|MASK|MASK|MASK|MASK|MASK|MASK|MASK|MASK|MASK|MASK|MASK,[MASK]<|endoftext|>,[MASK]<|endoftext|>|[MASK]<|endoftext|>|[MASK]<|endoftext|>|[MASK]<|endoftext|>|[MASK]<|endoftext|>|MASK<|endoftext|>|[MASK]<|endoftext|>|[MASK]<|endoftext|>|MASK<|endoftext|>|[MASK]<|endoftext|>|[MASK]<|endoftext|>|MASK<|endoftext|>|[MASK]<|endoftext|>|[MASK]<|endoftext|>|[MASK]<|endoftext|>|[MASK]<|endoftext|>|MASK<|endoftext|>| MASK <|endoftext|>,
264,request,request,True,4,request|request|request|request,request<|endoftext|>,request<|endoftext|>|request<|endoftext|>|request<|endoftext|>|request<|endoftext|>,
265,putLifecycle,policyRequest,False,2,policyRequest|policyRequest,"policyRequest
          <|file_sep|><|fim_prefix|>/x-pack/plugin/core/src/test/java/org/elasticsearch/xpack/core/security","policyRequest
          <|file_sep|><|fim_prefix|>/x-pack/plugin/core/src/test/java/org/elasticsearch/xpack/core/security|policyRequest<|file_sep|><|fim_prefix|>/x-pack/plugin/core/src/test/java/org/elasticsearch/xpack/core/security/transport",
266,create,MASK,False,4,MASK|true|MASK|MASK,[MASK]<|endoftext|>,"[MASK]<|endoftext|>|true
           <|endoftext|>|MASK<|endoftext|>|MASK && namespace.isEmpty())
            return null;

        if (namespace.isEmpty())
            return """";

        String",
267,routingTable,MASK,False,8,MASK|MASK|MASK|MASK|MASK|MASK|globalRoutingTable|MASK,[MASK]<|endoftext|>,"[MASK]<|endoftext|>|[MASK]<|endoftext|>|MASK<|endoftext|>|MASK<|endoftext|>|[MASK]<|endoftext|>|MASK <|endoftext|>|globalRoutingTable(
           <|endoftext|>| MASK<|endoftext|>",
268,aliases,MASK,False,11,MASK|MASK|MASK|MASK|MASK|MASK|MASK|MASK|MASK|settings|Settings,[MASK]<|endoftext|>,"[MASK]<|endoftext|>|[MASK]<|endoftext|>|[MASK]<|endoftext|>|[MASK]<|endoftext|>|[MASK]<|endoftext|>|[MASK]<|endoftext|>|MASK <|endoftext|>|MASK );
            CreateDataStreamAction.Request createDataStreamRequest = new CreateDataStreamAction.Request(
                TEST_REQUEST|MASK <|endoftext|>|settings(Settings.builder().put(""index.hidden"", true)).build())
                .aliases(MASK ) //|Settings.builder().put(IndexMetadata.SETTING_NUMBER_OF_SHARDS, 1).put(IndexMetadata.SET",
269,actualList,,False,3,|stream|actualValues,                <|endoftext|>,"                <|endoftext|>|.stream()
                .map(each -> {
                    if (each instanceof Map) {
                        return (Map|actualValues
           <|endoftext|>",
270,listener,listener,True,3,listener|MASK|MASK,listener<|endoftext|>,listener<|endoftext|>|[MASK]<|endoftext|>|MASK<|endoftext|>,
271,service,,False,6,|MASK|MASK|MASK|MASK|MASK,<|endoftext|>,<|endoftext|>|[MASK]<|endoftext|>|[MASK]<|endoftext|>|MASK<|endoftext|>| MASK<|endoftext|>| MASK<|endoftext|>,
272,uniformNames,uniformNames,True,1,uniformNames,"uniformNames, IntBuffer uniformIndices);

	public native void glGetActiveUniformsiv (int program,","uniformNames, IntBuffer uniformIndices);

	public native void glGetActiveUniformsiv (int program,",
273,totalCharsWritten,MASK,False,5,MASK|totalBytesDecompressed|totalBytesDecompressed|totalBytesDecompressed|totalBytesDecompressed,"[MASK]  = 0;
        int totalCharsDecompressed  = 0;
","[MASK]  = 0;
        int totalCharsDecompressed  = 0;
|   totalBytesDecompressed, unicharsWritten);
            
            // update the no. of|totalBytesDecompressed  += unicharsWritten;
            
            /*System.out.logln(""|totalBytesDecompressed 
                    + "" bytes ===> "" + totalBytesDecompressed 
                  |totalBytesDecompressed) == false) {
            logln(""Decompressed:"");
            print",
274,expected,MASK,False,10,MASK|MASK|MASK|MASK|MASK|MASK|MASK|MASK|MASK|MASK,[MASK]<|endoftext|>,"[MASK]<|endoftext|>|[MASK]<|endoftext|>|[MASK]  in the  [MASK]  array, for each step in the
           |[MASK]<|endoftext|>| MASK<|endoftext|>|MASK  array
            //<|endoftext|>|MASK<|endoftext|>|MASK<|endoftext|>|[MASK]<|endoftext|>|MASK<|endoftext|>",
275,reader,,False,5,|MASK|MASK|MASK|MASK,<|endoftext|>,<|endoftext|>| [MASK]<|endoftext|>|[MASK]<|endoftext|>|MASK <|endoftext|>| MASK <|endoftext|>,
276,columnIndex,columnIndex,True,4,columnIndex|columnIndex|columnIndex|columnIndex,columnIndex<|endoftext|>,"columnIndex<|endoftext|>|columnIndex ));
  }

  @Override
  public byte[] getNullableResult(CallableStatement cs|columnIndex<|endoftext|>|columnIndex<|endoftext|>",
277,project,service,False,6,service|randomProjectIdOrDefault|ProjectMetadata|putCustom|ProjectMetadata|randomProjectIdOrDefault,"service.ClusterChangedEvent;
import org.elasticsearch.cluster.service.ClusterService;
import org.elasticsearch.common.settings.Settings;
","service.ClusterChangedEvent;
import org.elasticsearch.cluster.service.ClusterService;
import org.elasticsearch.common.settings.Settings;
|randomProjectIdOrDefault = () -> randomBoolean() ? randomAlphaOfLength(10) :|ProjectMetadata   [MASK] <|endoftext|>|putCustom(ProjectMetadata.TYPE, randomProjectIdOrDefault))
            // .metadata(Metadata.builder().put|ProjectMetadata.TYPE, randomProjectIdOrDefault )))
            .build();
    }

    private String random|randomProjectIdOrDefault <|endoftext|>",
278,centerY,centerY,True,2,centerY|centerY,centerY<|endoftext|>,centerY<|endoftext|>|centerY<|endoftext|>,
279,sparseIndexMap,MASK,False,4,MASK|MASK|MASK|MASK,[MASK]<|endoftext|>,[MASK]<|endoftext|>|[MASK]<|endoftext|>|MASK<|endoftext|>|MASK<|endoftext|>,
280,vStart,MASK,False,6,MASK|MASK|MASK|MASK|MASK|MASK,[MASK]<|endoftext|>,[MASK]<|endoftext|>|[MASK]<|endoftext|>|MASK<|endoftext|>|[MASK]<|endoftext|>|[MASK]<|endoftext|>|MASK <|endoftext|>,
281,simpleInstruction,simpleInstruction,True,3,simpleInstruction|simpleInstruction|simpleInstruction,"simpleInstruction)
    {
        // Are we inlining this instruction?
        if (inlining)
","simpleInstruction)
    {
        // Are we inlining this instruction?
        if (inlining)
|simpleInstruction<|endoftext|>|simpleInstruction );
    }


    public void visitVariableInstruction(Clazz clazz, Method method, CodeAttribute",
282,terms,MASK,False,11,MASK|terms|MASK|is|MASK|MASK|MASK|MASK|MASK|MASK|MASK,"[MASK] .InternalVariableWidthHistogram;
import org.elasticsearch.search.aggregations.bucket. [MASK","[MASK] .InternalVariableWidthHistogram;
import org.elasticsearch.search.aggregations.bucket. [MASK|terms.InternalTerms;
import org.elasticsearch.search.aggregations.bucket.terms.InternalTerms.Bucket;
import| [MASK]<|file_sep|><|fim_prefix|>/x-pack/plugin/ql/src/main/java/org/elasticsearch/xpack/ql|is a test to make sure that the sub aggregations get reduced
                // This   is a| [MASK]<|endoftext|>|MASK""<|endoftext|>|[MASK] .getBuckets().size(), deltaError);
                assertEquals(1L, | MASK .getBuckets().get(0).getKey());
                assertEquals(1L,  MASK|[MASK] <|endoftext|>|[MASK]<|file_sep|><|fim_prefix|>/x-pack/plugin/ql/src/main/java/org/elasticsearch/xpack/ql|MASK<|file_sep|><|fim_prefix|>/x-pack/plugin/ql/src/main/java/org/elasticsearch/xpack/ql/analysis",
283,asMap,foo,False,22,foo|boolSetting|)|));|bar|foo|match|assertFalse|assertFalse|key|exc|IllegalArgumentException|key|}|Setting|SettingsBuilder|Builder|Namespace|is|ixKeySettingWithDefault|Setting|foo," ""foo."",
            (key) -> Setting.boolSetting(key, false, Property.NodeScope),
           "," ""foo."",
            (key) -> Setting.boolSetting(key, false, Property.NodeScope),
           |.boolSetting(ns + key, false, Property.NodeScope)
        );
        assertTrue(setting.hasComplexMatcher|)
        );
        assertTrue(setting.hasComplexMatcher());
        assertTrue(setting.match(""foo.bar""));
        assertFalse|""));
        assertFalse(setting.match(""foo""));
        assertFalse(setting.match(""bar""));

        Setting<Boolean> concrete|.bar"", ""true"").put(""bar.bar"", ""true"").build());
        assertEquals(2,|foo.bar.enable""));
        assertFalse(setting.match(""foo""));
        Setting<Boolean> concreteSetting = setting.get|.match(""foo""));
        assertFalse(setting.match(""foo.bar""));
        Setting<Boolean> concreteSetting = setting| assertFalse(setting.match(""foo.bar""));
        assertFalse(setting.match(""foo""));
        Setting<Boolean> concreteSetting|        assertFalse(setting.match(""foo.bar.enable.""));
        assertFalse(setting.match(""foo.bar.enable.1""));
|(""key [foo] must match [foo.*.enable] but didn't."", exc.getMessage());

| exc.getMessage());

        exc = expectThrows(IllegalArgumentException.class, () -> setting.getConcreteSetting(""foo|            IllegalArgumentException.class,
            () -> setting.getConcreteSetting(""foo.bar.baz.enable"")
        );
|"", (key) -> Setting.boolSetting(key, false, Property.NodeScope))
        );
        assertEquals| }
        if (removeAffixNamespace) {
            previousSettingsBuilder.remove(""prefix.foo.infix|Setting == false && removeAffixNamespace) {
            previousSettingsBuilder.remove(""prefix.foo.infix|SettingsBuilder.remove(""prefix.foo.infix"");
        }

        Settings current = currentSettingsBuilder.build();
|Builder.remove(""prefix.foo.infix"");
        }

        Settings current = currentSettingsBuilder.build();
       |Namespace;

        Settings current = currentSettingsBuilder.build();
        Settings previous = previousSettingsBuilder.build();
|()), is(expectedChange));
    }

    public void testSettingsGroupUpdaterWithAffixSettingAndFallback|ixKeySettingWithDefault() {
        Setting.AffixSetting<String> setting = Setting.aff|Setting<String> affixSetting = Setting.affixKeySetting(
            ""foo."",
            ""|            ""foo."",
            ""bar"",
            (key) -> Setting.groupSetting(key, Property.Node",
284,methodName,,False,7,|MASK|MASK|MASK|MASK|MASK|MASK, <|endoftext|>," <|endoftext|>|[MASK]<|endoftext|>|[MASK]<|endoftext|>|[MASK]<|endoftext|>|MASK<|endoftext|>|MASK )) {
            return handleStartActivity(target, method, args);
        } else if (""start|MASK<|endoftext|>",
285,activityClazzName,MASK,False,8,MASK|MASK|MASK|MASK|MASK|MASK|MASK|MASK,[MASK]<|endoftext|>,"[MASK]<|endoftext|>|[MASK]  == null) {
                 [MASK]  = newActivityNode.attributeValue(XML|[MASK]  = packageName +  [MASK] ;
            }
            if (!incActivities.contains| MASK <|endoftext|>|[MASK]<|endoftext|>|[ MASK ]<|endoftext|>|MASK<|endoftext|>|MASK  + "", will be added to increment manifest.""<|endoftext|>",
286,searchFor,MASK,False,7,MASK|MASK|MASK|MASK|MASK|MASK|MASK, [MASK]  = 0L<|endoftext|>, [MASK]  = 0L<|endoftext|>|[MASK]<|endoftext|>|[MASK]<|endoftext|>| [MASK] <|endoftext|>|[MASK] <|endoftext|>| MASK<|endoftext|>| MASK <|endoftext|>,
287,chunkingSettings,chunkingSettings,True,2,chunkingSettings|chunkingSettings,"chunkingSettings
    ) {
        return new OpenAiEmbeddingsModel(
            ""id"",
","chunkingSettings
    ) {
        return new OpenAiEmbeddingsModel(
            ""id"",
|chunkingSettings,
            null,
            new DefaultSecretSettings(new SecureString(apiKey.toCharArray()))
       ",
288,groupEnd,MASK,False,12,MASK|MASK|MASK|MASK|MASK|MASK|MASK|MASK|MASK|MASK|MASK|MASK,[MASK]<|endoftext|>,[MASK]<|endoftext|>|[MASK]<|endoftext|>|[MASK]<|endoftext|>|MASK<|endoftext|>|[MASK]<|endoftext|>|MASK<|endoftext|>|[MASK]<|endoftext|>|MASK<|endoftext|>|MASK<|endoftext|>|MASK<|endoftext|>|MASK<|endoftext|>|MASK<|endoftext|>,
289,nonExistingTask,tasks,False,2,tasks|tasks,"tasks = deletedProjects.stream().map(this::createTask).toList();
        executor.execute(state, tasks","tasks = deletedProjects.stream().map(this::createTask).toList();
        executor.execute(state, tasks|tasks ), deletedProjects.stream().map(this::createTask)).toList();
        var result = ClusterState",
290,requiredSize,rootIndex,False,2,rootIndex|rootIndex,"rootIndex = (long) bucket * bucketSize;
        long   end       = rootIndex +","rootIndex = (long) bucket * bucketSize;
        long   end       = rootIndex +|rootIndex
            || values.get(rootIndex) == Double.NEGATIVE_INFINITY
            || values",
291,backPointers,MASK,False,3,MASK|MASK|MASK, [MASK]<|endoftext|>, [MASK]<|endoftext|>|[MASK]<|endoftext|>| MASK<|endoftext|>,
292,whitelistUserControlledList,,False,10,|MASK|MASK|MASK|MASK|MASK|MASK|MASK|MASK|MASK, <|endoftext|>," <|endoftext|>|[MASK]<|endoftext|>|[MASK]<|endoftext|>|[MASK] ));
        assertThat(Files.readString( [MASK] , StandardCharsets.UTF_8),|[MASK]<|endoftext|>|[MASK] , StandardCharsets.UTF_8), containsString(""white-1""));

        {
           |MASK , StandardCharsets.UTF_8), containsString(""white-1""));

        {
            StaticRouting|[MASK]<|endoftext|>|[MASK]<|endoftext|>|MASK<|endoftext|>",
293,contentType,mediaType,False,2,mediaType|mediaType,mediaType<|endoftext|>,mediaType<|endoftext|>|mediaType <|endoftext|>,
294,className,MASK,False,7,MASK|MASK|MASK|MASK|MASK|MASK|MASK," [MASK]  ;

  /**
   * The actual number of {@link Entry} in {@link"," [MASK]  ;

  /**
   * The actual number of {@link Entry} in {@link| [MASK]  ;
  }

  /**
   * Sets the major version and the name of the|[MASK] <|fim_pad|><|fim_pad|><|fim_pad|><|fim_pad|><|fim_pad|><|fim_pad|><|fim_pad|><|fim_pad|><|fim_pad|><|fim_pad|><|fim_pad|><|fim_pad|><|fim_pad|><|fim_pad|><|fim_pad|><|fim_pad|>|[MASK] <|fim_pad|><|fim_pad|><|fim_pad|><|fim_pad|><|fim_pad|><|fim_pad|><|fim_pad|><|fim_pad|><|fim_pad|><|fim_pad|><|fim_pad|><|fim_pad|><|fim_pad|><|fim_pad|><|fim_pad|><|fim_pad|>| MASK  =  MASK ;
    return addConstantClass( MASK ).index;
  }

  /**
|MASK <|fim_pad|><|fim_pad|><|fim_pad|><|fim_pad|><|fim_pad|><|fim_pad|><|fim_pad|><|fim_pad|><|fim_pad|><|fim_pad|><|fim_pad|><|fim_pad|><|fim_pad|><|fim_pad|><|fim_pad|><|fim_pad|><|fim_pad|><|fim_pad|>| MASK );
  }

  /**
   * Adds a new entry in the ASM specific {@link #type",
295,otherLat,otherLat,True,11,otherLat|MASK|MASK|MASK|MASK|MASK|MASK|MASK|MASK|MASK|MASK,otherLat<|endoftext|>,"otherLat<|endoftext|>|[MASK]<|endoftext|>|[MASK] , otherLon) / 1000d, 0.01|[MASK]<|endoftext|>|[MASK]<|endoftext|>| MASK<|endoftext|>|[MASK]<|endoftext|>|MASK<|endoftext|>|MASK<|endoftext|>|[MASK]<|endoftext|>|MASK<|endoftext|>",
296,destBitmap,,False,14,|MASK|MASK|MASK|MASK|MASK|MASK|MASK|MASK|MASK|MASK|MASK|MASK|MASK,<|endoftext|>,"<|endoftext|>|[MASK] ,<|endoftext|>|[MASK]<|endoftext|>|MASK<|endoftext|>| [MASK] <|endoftext|>|[MASK]<|endoftext|>|[MASK]<|endoftext|>| MASK , sourceBitmap<|endoftext|>|[MASK]<|endoftext|>|MASK<|endoftext|>|MASK<|endoftext|>|MASK<|endoftext|>| MASK<|endoftext|>| MASK <|endoftext|>",
297,fieldName,MASK,False,4,MASK|MASK|MASK|MASK,[MASK]<|endoftext|>,"[MASK]<|endoftext|>|[MASK]<|endoftext|>|MASK<|endoftext|>| MASK 
           <|endoftext|>",
298,executionServer,,False,43,||MASK|MASK|MASK|MASK|MASK|||MASK|[|MASK||MASK|MASK|cacheServer|MASK|[  =|MASK||MASK|MASK|MASK|MASK|[  =|MASK|start|MASK|MASK|MASK|MASK|[  =|MASK||MASK|MASK|MASK|[  =  =|MASK||MASK|MASK|MASK,<|endoftext|>,"<|endoftext|>|<|endoftext|>|MASK<|endoftext|>|[MASK]<|endoftext|>|[ MASK]<|endoftext|>|MASK<|endoftext|>|MASK<|endoftext|>|<|endoftext|>|<|endoftext|>|[MASK]<|endoftext|>|[<|endoftext|>|MASK<|endoftext|>|<|endoftext|>|MASK<|endoftext|>| [MASK]<|endoftext|>|cacheServer.shutdownNow();

       [MASK] .awaitTermination();
      cacheServer.awaitTermination|MASK<|endoftext|>|[  =
        createFakeServer(EXECUTION_SERVER_NAME,  [MASK] CapabilitiesImpl|MASK<|endoftext|>|<|endoftext|>|[MASK]<|endoftext|>| [MASK]<|endoftext|>| [MASK]<|endoftext|>|MASK CapabilitiesImpl = new CapabilitiesImpl(EXEC_ONLY_CAPS);
    Server  [MASK|[  =
        createFakeServer(EXECUTION_SERVER_NAME,  MASK CapabilitiesImpl);
    |MASK CapabilitiesImpl);
     [MASK] .start();

    CapabilitiesImpl cacheServerCapabilitiesImpl| .start();

    CapabilitiesImpl cacheServerCapabilitiesImpl = new CapabilitiesImpl(CACHE_ONLY_CAP|MASK<|endoftext|>| [MASK]<|endoftext|>|MASK .awaitTermination();
      cacheServer.awaitTermination();
    }
  }

  @Test|MASK<|endoftext|>|[  =
        createFakeServer(EXECUTION_SERVER_NAME,  MASK CapabilitiesImpl);
    |MASK]<|endoftext|>|<|endoftext|>| [MASK]<|endoftext|>| [MASK]<|endoftext|>|MASK<|endoftext|>|[  =  =
        createFakeServer(EXECUTION_SERVER_NAME,  MASK CapabilitiesImpl|MASK<|endoftext|>|<|endoftext|>|MASK<|endoftext|>| MASK .shutdownNow();
       [MASK] .awaitTermination();
    }
  }

  @|MASK<|endoftext|>",
299,support,handler,False,4,handler|context|context|get,"handler SerializationHandler to which the attributes are added.
     * @param   [MASK]<|endoftext|>","handler SerializationHandler to which the attributes are added.
     * @param   [MASK]<|endoftext|>|context
   <|endoftext|>|context.getDTMManager()
            .getDTM(doc);

        if (null != dtm|get around the problem of not having
     * a namespace node for the default namespace, we check",
300,fillIn,MASK,False,3,MASK|MASK|,[MASK]<|endoftext|>,[MASK]<|endoftext|>|[MASK]<|endoftext|>|<|endoftext|>,
301,chain,MASK,False,12,MASK|MASK|MASK|MASK|MASK|MASK|MASK|MASK|MASK|MASK|MASK|MASK, [MASK]<|endoftext|>, [MASK]<|endoftext|>|[MASK]<|endoftext|>|MASK<|endoftext|>| [MASK]<|endoftext|>|[MASK]<|endoftext|>|[MASK] <|endoftext|>| MASK<|endoftext|>|[MASK] <|endoftext|>|[MASK]<|endoftext|>|[MASK]<|endoftext|>|MASK<|endoftext|>| MASK <|file_sep|><|fim_prefix|>/spring-web/src/main/java/org/springframework/web/servlet/config/annotation,
302,composableTemplates,MASK,False,3,MASK|MASK|MASK, [MASK] <|file_sep|>/x-pack/plugin/src/test/java/org/elasticsearch/xpack/security/transport/, [MASK] <|file_sep|>/x-pack/plugin/src/test/java/org/elasticsearch/xpack/security/transport/|MASK<|endoftext|>| MASK <|endoftext|>,
303,indexName,indexName,True,2,indexName|synonymId,indexName<|endoftext|>,"indexName<|endoftext|>|synonymId + indexName + count
                   <|endoftext|>",
304,reader,reader,True,4,reader|reader|reader|reader,   reader<|endoftext|>,   reader<|endoftext|>|reader<|endoftext|>|reader<|endoftext|>|reader<|endoftext|>,
305,found,MASK,False,4,MASK|DnsRecordType|assertSame|DnsRecordType,[MASK]<|endoftext|>,"[MASK]<|endoftext|>|DnsRecordType.valueOf(t.intValue()), t.name());
            assertSame(t,  DnsRecord|assertSame(t,  [MASK] , t.intValue());
            assertSame(t,  [MASK|DnsRecordType.valueOf(t.intValue()));
        }
    }

    /**
     * Test of toString method",
306,libraryClassPool,libraryClassPool,True,4,libraryClassPool|libraryClassPool|MASK|libraryClassPool,libraryClassPool <|endoftext|>,"libraryClassPool <|endoftext|>|libraryClassPool<|file_sep|><|fim_prefix|>/src/main/java/proguard/classfile/editor/ClassSuperHierarchyInitializer.java
|[MASK]<|endoftext|>|libraryClassPool, null, null).visitProgramClass(programClass);
        new ClassReferenceInitializer(library",
307,numHeaders,numHeaders,True,2,numHeaders|numHeaders,numHeaders  <|file_sep|><|fim_prefix|>/x-pack/plugin/test/rest/org/elasticsearch/xpack/security/transport/ssl,numHeaders  <|file_sep|><|fim_prefix|>/x-pack/plugin/test/rest/org/elasticsearch/xpack/security/transport/ssl|numHeaders<|endoftext|>,
308,criticalSettingName,settingName,False,4,settingName|settingName|settingName|settingName,"settingName = ""foo.bar"";
        final String settingValue = ""blat"";
        final Setting","settingName = ""foo.bar"";
        final String settingValue = ""blat"";
        final Setting|settingName<|file_sep|><|fim_prefix|>/x-pack/plugin/ql/src/test/java/org/elasticsearch/xpack/ql/|settingName<|endoftext|>|settingName<|endoftext|>",
309,error,e,False,2,e|e,"e) {
    UncheckedThrowingFuture<V> future = new UncheckedThrowingFuture<V","e) {
    UncheckedThrowingFuture<V> future = new UncheckedThrowingFuture<V|e ));
    return future;
  }

  public static <V> ListenableFuture<V> throwing",
310,weeks,periods,False,31,periods|fim_pad|fim_pad|week|weeks|the|weeks|week|based|Accessor|WeekOfWeekBasedYear|else|the|OfWeek|temporal|temporal|of|fieldValues|MASK|MASK|MASK|MASK|MASK|MASK|MASK|MASK|MASK|MASK|MASK|MASK|week,"periods where each period
 * starts on the defined first day-of-week. The earliest period in","periods where each period
 * starts on the defined first day-of-week. The earliest period in| <|fim_pad|><|fim_pad|><|fim_pad|><|fim_pad|><|fim_pad|><|fim_pad|><|fim_pad|><|fim_pad|><|fim_pad|><|fim_pad|><|fim_pad|><|fim_pad|><|fim_pad|><|fim_pad|><|fim_pad|><|fim_pad|><|fim_pad|><|fim_pad|><|fim_pad|>|fim_pad <|fim_pad|><|fim_pad|><|fim_pad|><|fim_pad|><|fim_pad|><|fim_pad|><|fim_pad|><|fim_pad|><|fim_pad|><|fim_pad|><|fim_pad|><|fim_pad|><|fim_pad|><|fim_pad|><|fim_pad|><|fim_pad|>|week may start in the previous or next calendar year. The first week may be longer than the
|weeks
    // to ensure that the week-based-year is correct<|fim_pad|><|fim_pad|><|fim_pad|><|fim_pad|><|fim_pad|><|fim_pad|><|fim_pad|>|the ISO-8601 standard.
     * It uses the week-based-year and week-of|weeks, depending on the year.
     * <p>
     * The rules for addition add the| week-based-year,
         * computed based on a WeekFields.
         * @see WeekFields#| based on a WeekFields.
         * @see WeekFields#weekBasedYear()
         */
       |Accessor temporal) {
            if (temporal.isSupported(this)) {
                return temporal.getLong(this);
|WeekOfWeekBasedYear(temporal);
            } else {
                throw new IllegalStateException(""unreachable"");
           | else {
                throw new IllegalStateException(""unreachable"");
            }
        }

        @Override
        public| the temporal.
         * The week can be the previous week, the current week, or the next|OfWeek(temporal);
            int year = temporal.get(YEAR);
            int doy = temporal.get| temporal.get(DAY_OF_YEAR);
            int offset = startOfWeekOffset(doy, dow);
           | temporal, long newValue) {
            if (rangeUnit == WEEKS) {  // day-of| of year and day of week
                ChronoLocalDate date = Chronology.from(temporal).|(fieldValues.remove(YEAR));
                if (rangeUnit == MONTHS) {  // week-of|[MASK]<|file_sep|><|fim_prefix|>/external/robolectric/src/main/java/org/robolectric/sh|[MASK] <|endoftext|>|[MASK]<|endoftext|>|[MASK]<|endoftext|>|MASK<|file_sep|><|fim_prefix|>/external/robolectric/src/main/java/org/robolectric/shadows/|MASK<|endoftext|>|MASK<|endoftext|>|MASK<|endoftext|>|MASK<|endoftext|>|MASK  * 7 + localDow - 1<|endoftext|>|[MASK]<|file_sep|><|fim_prefix|>/external/robolectric/src/main/java/org/robolectric/sh|MASK<|endoftext|>|week of following year; recompute from a week in following year
                ChronoLocalDate date",
311,attachments,MASK,False,2,MASK|MASK,"[MASK] );

	public native void glInvalidateFramebuffer (int target, int numAttachments, int","[MASK] );

	public native void glInvalidateFramebuffer (int target, int numAttachments, int|MASK<|endoftext|>",
312,authnState,,False,2,|, <|endoftext|>, <|endoftext|>| <|endoftext|>,
313,params,MASK,False,12,MASK|MASK|MASK|MASK|MASK|MASK|MASK|MASK|MASK|MASK|MASK|MASK,[MASK]<|endoftext|>,"[MASK]<|endoftext|>|[MASK]<|endoftext|>|[MASK]<|endoftext|>|[MASK] , random);
                return;
            }
            if (spi != null && key !=|MASK<|endoftext|>|[MASK]<|endoftext|>|[MASK]<|endoftext|>|MASK<|endoftext|>|MASK<|endoftext|>|MASK<|endoftext|>|[MASK]<|endoftext|>|MASK<|endoftext|>",
314,instance,MASK,False,3,MASK|randomValueOtherThan|MASK,[MASK]<|endoftext|>,"[MASK]<|endoftext|>|   randomValueOtherThan( [MASK] .source(), AbstractExpressionSerializationTests::randomSource),
|MASK<|endoftext|>",
315,field,MASK,False,3,MASK|MASK|MASK," [MASK]  = cl.getDeclaredField(""m"");
                    ReflectUtils.makeAccessible( [MASK]"," [MASK]  = cl.getDeclaredField(""m"");
                    ReflectUtils.makeAccessible( [MASK]|MASK <|file_sep|>/dubbo-registry/dubbo-registry-zookeeper/src/main/java/org/apache/dubbo|MASK<|endoftext|>",
316,groupEnd,MASK,False,12,MASK|MASK|MASK|MASK|MASK|MASK|MASK|MASK|MASK|MASK|MASK|MASK,[MASK]<|endoftext|>,"[MASK]<|endoftext|>|[MASK]<|endoftext|>|[MASK]<|endoftext|>|MASK<|endoftext|>|MASK  = groupStart + groups.getValueCount(groupPosition);
      for (int g = groupStart|MASK<|endoftext|>|[MASK]<|endoftext|>|MASK<|endoftext|>|[MASK]<|endoftext|>|MASK<|endoftext|>|MASK<|endoftext|>|MASK<|endoftext|>",
317,foobarRelative,MASK,False,21,MASK|MASK|MASK|MASK|MASK|MASK|MASK|MASK|MASK|MASK|MASK|MASK|MASK|MASK|MASK|foobar|MASK|MASK|MASK|MASK|MASK,"[MASK]  = create(""foo/bar"");

    // (path, prefix) => true
","[MASK]  = create(""foo/bar"");

    // (path, prefix) => true
|[MASK]<|endoftext|>|[MASK]<|fim_pad|><|fim_pad|><|fim_pad|><|fim_pad|><|fim_pad|><|fim_pad|><|fim_pad|><|fim_pad|><|fim_pad|><|fim_pad|><|fim_pad|><|fim_pad|><|fim_pad|><|fim_pad|><|fim_pad|><|fim_pad|><|fim_pad|>|[MASK] .startsWith( [MASK] )).isTrue();
    assertThat( [MASK]|[MASK] )).isTrue();
    assertThat( [MASK] .startsWith(create(""foo""))|[MASK] .startsWith(create(""foo""))).isTrue();
    assertThat( [MASK] .| MASK .startsWith(create(""""))).isTrue();

    // (path, sibling) => false
   |[MASK]<|endoftext|>|MASK )).isFalse();
    assertThat( [MASK] .startsWith(foobar)).isFalse();

|[MASK]<|endoftext|>|[MASK]<|endoftext|>|[MASK]<|endoftext|>|[MASK]<|endoftext|>|MASK .startsWith(create(""""))).isTrue();

    // (path, sibling) => false
   |MASK<|endoftext|>|foobar )).isTrue();
    assertThat(foobar.endsWith(foobar)).isTrue();
    assertThat(|MASK<|endoftext|>|[MASK] .endsWith(foobar)).isTrue();
    assertThat( [MASK] .endsWith(create|MASK )).isTrue();
    assertThat( MASK .endsWith(create(""bar""))).isTrue();
|[ MASK ]<|file_sep|><|fim_prefix|>/third_party/java/jdk/langtools/jdk/test/java/lang/Process| MASK<|file_sep|><|fim_prefix|>/external/bazel_tools/tools/build_defs/repo/maven_rules.bzl
//",
318,atlasFilename,MASK,False,5,MASK|MASK|MASK|MASK|MASK,[MASK] <|endoftext|>,"[MASK] <|endoftext|>|[MASK] <|endoftext|>|MASK<|endoftext|>|MASK  ;
	}

	public TextureAtlas getAtlas () {
		return atlas;
	}

	public String|MASK <|endoftext|>",
319,context,MASK,False,6,MASK|MASK|MASK|MASK|MASK|MASK,[MASK]<|endoftext|>,"[MASK]<|endoftext|>|[MASK]<|endoftext|>|[MASK]<|endoftext|>|MASK<|endoftext|>|MASK , Dependency<?> dependency, boolean linked)
              throws InternalProvisionException {
            throw new AssertionError|MASK , boolean linked) {
            checkArgument(!linked);
            return makeCachable(
                Method",
320,decimalsBlock,,False,8,|MASK|MASK|MASK|MASK|MASK|MASK|MASK,<|endoftext|>,<|endoftext|>| [MASK]<|endoftext|>|[MASK]<|endoftext|>|MASK<|endoftext|>|MASK<|endoftext|>|MASK<|endoftext|>|MASK<|endoftext|>|MASK<|endoftext|>,
321,oldDescs,oldDescs,True,4,oldDescs|oldDescs|oldDescs|oldDescs,oldDescs <|endoftext|>,"oldDescs <|endoftext|>|oldDescs
            <|endoftext|>|oldDescs<|endoftext|>|oldDescs<|endoftext|>",
322,lineNumberInfo,lineNumberInfo,True,7,lineNumberInfo|source|source|MASK|MASK|MASK|MASK,lineNumberInfo<|file_sep|><|fim_prefix|>/src/main/java/org/jboss/shrinkwrap/resolver/impl/strategy,"lineNumberInfo<|file_sep|><|fim_prefix|>/src/main/java/org/jboss/shrinkwrap/resolver/impl/strategy|source != null ?
                 [MASK] .getSource() != null ?
                 [MASK] .getSource|   source<|endoftext|>|[MASK]<|endoftext|>|[MASK]<|endoftext|>|MASK .u2startPC,
                                    MASK .u2lineNumber);

            minimumLineNumberIndex =
|MASK<|endoftext|>",
323,headersBuilder,requestHeadersBuilder,False,8,requestHeadersBuilder|MASK|MASK|MASK|MASK|MASK|MASK|MASK,"requestHeadersBuilder
              <|endoftext|>","requestHeadersBuilder
              <|endoftext|>|[MASK]<|endoftext|>|[MASK]<|endoftext|>|MASK<|endoftext|>|MASK<|endoftext|>|[MASK]<|endoftext|>|MASK<|endoftext|>| MASK<|endoftext|>",
324,client,MASK,False,3,MASK|MASK|, [MASK]<|endoftext|>, [MASK]<|endoftext|>| MASK <|endoftext|>| <|endoftext|>,
325,configuration,amqpContainer,False,17,amqpContainer|amqpContainer|amqpContainer|MASK|MASK|MASK|MASK|MASK|MASK|MASK|MASK|MASK|MASK|MASK|MASK|MASK|MASK,amqpContainer  <|endoftext|>,"amqpContainer  <|endoftext|>|amqpContainer<|endoftext|>|amqpContainer<|endoftext|>|[MASK]<|endoftext|>|[MASK]<|endoftext|>|[MASK]<|endoftext|>|[MASK] .getConsumerTagStrategy() != null) {
			factory.setConsumerTagStrategy|MASK<|endoftext|>|MASK .getConcurrentConsumers() != null) {
			factory.setConcurrentConsumers|MASK<|endoftext|>|MASK<|endoftext|>|MASK<|endoftext|>|[MASK]<|endoftext|>|[MASK]<|endoftext|>|MASK<|endoftext|>|MASK<|endoftext|>|MASK<|endoftext|>",
326,operator,[,False,10,[|s|MASK|MASK|MASK|MASK|MASK|MASK|MASK|MASK,[<|endoftext|>,"[<|endoftext|>|[ s.mixed.FlowableConcatMapSingle.ConcatMapSingleObserver;
import io.reactivex.rxjava3| [MASK]<|endoftext|>|[MASK]<|endoftext|>|MASK<|endoftext|>|MASK .getAndIncrement();

        ts.cancel();

        assertFalse( [MASK] .queue.isEmpty());

|MASK .get() == 0);

         [MASK] .cancel();

        assertTrue( [MASK|MASK .decrementAndGet();

         MASK .cancel();

        assertTrue( MASK .queue.isEmpty());
   |MASK<|endoftext|>|MASK<|endoftext|>",
327,checkLicense,MASK,False,5,MASK|MASK|MASK|MASK|MASK, [MASK]<|endoftext|>, [MASK]<|endoftext|>|[MASK]<|endoftext|>|[MASK]<|endoftext|>|MASK <|endoftext|>| MASK <|endoftext|>,
328,seekPoint,seekPoint,True,3,seekPoint|seekPoint|seekPoint,seekPoint<|endoftext|>,"seekPoint<|endoftext|>|seekPoint , seekPoint<|endoftext|>|seekPoint<|endoftext|>",
329,array,MASK,False,175,MASK|MASK|MASK|MASK|MASK|MASK|MASK|MASK|MASK|MASK|MASK|MASK|MASK|MASK|MASK|MASK|MASK|MASK|MASK|MASK|MASK|MASK|MASK|MASK|MASK|MASK|MASK|MASK|MASK|MASK|MASK|MASK|MASK|MASK|MASK|MASK|MASK|MASK|MASK|MASK|MASK|MASK|MASK|MASK|MASK|MASK|MASK|MASK|MASK|MASK|MASK|MASK|MASK|MASK|MASK|MASK|MASK|MASK|MASK|MASK|MASK|MASK|MASK|MASK|MASK|MASK|MASK|MASK|MASK|MASK|MASK|copyOf|MASK|MASK|MASK|MASK|MASK|MASK|MASK|MASK|MASK|MASK|MASK|MASK|MASK|MASK|MASK|MASK|MASK|MASK|MASK|MASK|MASK|MASK|MASK|MASK|MASK|MASK|MASK|MASK|MASK|MASK|it|MASK|MASK|MASK|MASK|MASK|MASK|MASK|MASK|MASK|MASK|MASK|MASK|MASK|MASK|MASK|MASK|MASK|MASK|MASK|MASK|MASK|MASK|MASK|MASK|MASK|MASK|MASK|MASK|MASK|MASK|MASK|MASK|MASK|MASK|MASK|MASK|MASK|MASK|MASK|MASK|MASK|MASK|MASK|MASK|MASK|MASK||MASK|MASK|MASK|MASK|MASK|MASK|MASK|MASK||MASK|MASK|MASK|MASK|MASK|MASK|MASK|MASK|MASK|MASK|MASK|MASK|MASK|MASK|MASK|MASK,[MASK]<|fim_pad|><|fim_pad|><|fim_pad|><|fim_pad|><|fim_pad|><|fim_pad|><|fim_pad|><|fim_pad|><|fim_pad|><|fim_pad|><|fim_pad|><|fim_pad|><|fim_pad|><|fim_pad|><|fim_pad|><|fim_pad|><|fim_pad|>,"[MASK]<|fim_pad|><|fim_pad|><|fim_pad|><|fim_pad|><|fim_pad|><|fim_pad|><|fim_pad|><|fim_pad|><|fim_pad|><|fim_pad|><|fim_pad|><|fim_pad|><|fim_pad|><|fim_pad|><|fim_pad|><|fim_pad|><|fim_pad|>|[MASK]  an  [MASK]  of {@code double} values, possibly empty
|[MASK]  of {@code double} values, possibly empty
   * @param target a|MASK} contains {@code target}
   */
  public static boolean contains(double[]  [MASK]|[MASK]<|endoftext|>|[MASK] <|fim_pad|><|fim_pad|><|fim_pad|><|fim_pad|><|fim_pad|><|fim_pad|><|fim_pad|><|fim_pad|><|fim_pad|><|fim_pad|><|fim_pad|><|fim_pad|><|fim_pad|><|fim_pad|><|fim_pad|><|fim_pad|>|[MASK]<|fim_pad|><|fim_pad|><|fim_pad|><|fim_pad|><|fim_pad|><|fim_pad|><|fim_pad|><|fim_pad|><|fim_pad|><|fim_pad|><|fim_pad|><|fim_pad|><|fim_pad|><|fim_pad|><|fim_pad|><|fim_pad|><|fim_pad|>|[MASK]<|endoftext|>|[MASK]  of {@code double} values, possibly empty
   * @param target a|[MASK]<|fim_pad|><|fim_pad|><|fim_pad|><|fim_pad|><|fim_pad|><|fim_pad|><|fim_pad|><|fim_pad|><|fim_pad|><|fim_pad|><|fim_pad|><|fim_pad|><|fim_pad|><|fim_pad|><|fim_pad|><|fim_pad|><|fim_pad|>|[MASK]<|endoftext|>|[MASK] , target, 0,  [MASK] .length);
  }

  /**
|[MASK]<|endoftext|>|[MASK]<|endoftext|>|MASK<|fim_pad|><|fim_pad|><|fim_pad|><|fim_pad|><|fim_pad|><|fim_pad|><|fim_pad|><|fim_pad|><|fim_pad|><|fim_pad|><|fim_pad|><|fim_pad|><|fim_pad|><|fim_pad|><|fim_pad|><|fim_pad|><|fim_pad|><|fim_pad|><|fim_pad|>|[MASK] <|fim_pad|><|fim_pad|><|fim_pad|><|fim_pad|><|fim_pad|><|fim_pad|><|fim_pad|><|fim_pad|><|fim_pad|><|fim_pad|><|fim_pad|><|fim_pad|><|fim_pad|><|fim_pad|><|fim_pad|><|fim_pad|>|MASK ,
   * i, i + target.length)} contains exactly the same elements as {@code target|[MASK]  an  [MASK]  of {@code double} values, possibly empty
|[MASK]  to search in
   * @param target the  [MASK]  to|[MASK]  of {@code double} values, possibly empty
   * @return the least|MASK} , possibly empty
   * @return the least index {@code i} for which {@|MASK<|fim_pad|><|fim_pad|><|fim_pad|><|fim_pad|><|fim_pad|><|fim_pad|><|fim_pad|><|fim_pad|><|fim_pad|><|fim_pad|><|fim_pad|><|fim_pad|><|fim_pad|><|fim_pad|><|fim_pad|><|fim_pad|><|fim_pad|><|fim_pad|><|fim_pad|>|MASK<|fim_pad|><|fim_pad|><|fim_pad|><|fim_pad|><|fim_pad|><|fim_pad|><|fim_pad|><|fim_pad|><|fim_pad|><|fim_pad|><|fim_pad|><|fim_pad|><|fim_pad|><|fim_pad|><|fim_pad|><|fim_pad|><|fim_pad|><|fim_pad|><|fim_pad|>|MASK<|fim_pad|><|fim_pad|><|fim_pad|><|fim_pad|><|fim_pad|><|fim_pad|><|fim_pad|><|fim_pad|><|fim_pad|><|fim_pad|><|fim_pad|><|fim_pad|><|fim_pad|><|fim_pad|><|fim_pad|><|fim_pad|><|fim_pad|><|fim_pad|><|fim_pad|>|MASK]<|endoftext|>|MASK<|fim_pad|><|fim_pad|><|fim_pad|><|fim_pad|><|fim_pad|><|fim_pad|><|fim_pad|><|fim_pad|><|fim_pad|><|fim_pad|><|fim_pad|><|fim_pad|><|fim_pad|><|fim_pad|><|fim_pad|><|fim_pad|><|fim_pad|><|fim_pad|><|fim_pad|>|[MASK]<|fim_pad|><|fim_pad|><|fim_pad|><|fim_pad|><|fim_pad|><|fim_pad|><|fim_pad|><|fim_pad|><|fim_pad|><|fim_pad|><|fim_pad|><|fim_pad|><|fim_pad|><|fim_pad|><|fim_pad|><|fim_pad|><|fim_pad|>|[MASK]  an  MASK  of {@code double} values, possibly empty
   *|MASK  of {@code double} values, possibly empty
   * @param target a primitive {@|MASK<|fim_pad|><|fim_pad|><|fim_pad|><|fim_pad|><|fim_pad|><|fim_pad|><|fim_pad|><|fim_pad|><|fim_pad|><|fim_pad|><|fim_pad|><|fim_pad|><|fim_pad|><|fim_pad|><|fim_pad|><|fim_pad|><|fim_pad|><|fim_pad|><|fim_pad|>|MASK<|fim_pad|><|fim_pad|><|fim_pad|><|fim_pad|><|fim_pad|><|fim_pad|><|fim_pad|><|fim_pad|><|fim_pad|><|fim_pad|><|fim_pad|><|fim_pad|><|fim_pad|><|fim_pad|><|fim_pad|><|fim_pad|><|fim_pad|><|fim_pad|><|fim_pad|>|MASK<|endoftext|>|MASK<|endoftext|>|MASK<|endoftext|>|MASK<|fim_pad|><|fim_pad|><|fim_pad|><|fim_pad|><|fim_pad|><|fim_pad|><|fim_pad|><|fim_pad|><|fim_pad|><|fim_pad|><|fim_pad|><|fim_pad|><|fim_pad|><|fim_pad|><|fim_pad|><|fim_pad|><|fim_pad|><|fim_pad|><|fim_pad|>|[MASK] }, using the same rules of comparison as
   * {@link Math#min(double|[MASK]  a <i>nonempty</i>  [MASK]  of {@|MASK  of {@code double} values
   * @return the value present in {@code |MASK] } that is less than or equal to every other value in
   *     the |[MASK] 
   * @throws IllegalArgumentException if {@code  MASK } is empty
   */
|[MASK] } is empty
   */
  @GwtIncompatible(
      ""Available in|[MASK]<|fim_pad|><|fim_pad|><|fim_pad|><|fim_pad|><|fim_pad|><|fim_pad|><|fim_pad|><|fim_pad|><|fim_pad|><|fim_pad|><|fim_pad|><|fim_pad|><|fim_pad|><|fim_pad|><|fim_pad|><|fim_pad|><|fim_pad|>|[MASK] .length > 0);
    double min =  [MASK] [0];
|[MASK]<|fim_pad|><|fim_pad|><|fim_pad|><|fim_pad|><|fim_pad|><|fim_pad|><|fim_pad|><|fim_pad|><|fim_pad|><|fim_pad|><|fim_pad|><|fim_pad|><|fim_pad|><|fim_pad|><|fim_pad|><|fim_pad|><|fim_pad|>|MASK]<|endoftext|>| MASK<|fim_pad|><|fim_pad|><|fim_pad|><|fim_pad|><|fim_pad|><|fim_pad|><|fim_pad|><|fim_pad|><|fim_pad|><|fim_pad|><|fim_pad|><|fim_pad|><|fim_pad|><|fim_pad|><|fim_pad|><|fim_pad|><|fim_pad|><|fim_pad|><|fim_pad|>|MASK]<|fim_pad|><|fim_pad|><|fim_pad|><|fim_pad|><|fim_pad|><|fim_pad|><|fim_pad|><|fim_pad|><|fim_pad|><|fim_pad|><|fim_pad|><|fim_pad|><|fim_pad|><|fim_pad|><|fim_pad|><|fim_pad|><|fim_pad|><|fim_pad|>|MASK<|endoftext|>|MASK  of {@code double} values
   * @return the value present in {@code |MASK } that is greater than or equal to every other value
   *     in the  MASK|MASK 
   * @throws IllegalArgumentException if {@code  MASK } is empty
   */
  @|MASK<|fim_pad|><|fim_pad|><|fim_pad|><|fim_pad|><|fim_pad|><|fim_pad|><|fim_pad|><|fim_pad|><|fim_pad|><|fim_pad|><|fim_pad|><|fim_pad|><|fim_pad|><|fim_pad|><|fim_pad|><|fim_pad|><|fim_pad|><|fim_pad|><|fim_pad|>|[MASK]<|fim_pad|><|fim_pad|><|fim_pad|><|fim_pad|><|fim_pad|><|fim_pad|><|fim_pad|><|fim_pad|><|fim_pad|><|fim_pad|><|fim_pad|><|fim_pad|><|fim_pad|><|fim_pad|><|fim_pad|><|fim_pad|><|fim_pad|>|MASK<|fim_pad|><|fim_pad|><|fim_pad|><|fim_pad|><|fim_pad|><|fim_pad|><|fim_pad|><|fim_pad|><|fim_pad|><|fim_pad|><|fim_pad|><|fim_pad|><|fim_pad|><|fim_pad|><|fim_pad|><|fim_pad|><|fim_pad|><|fim_pad|><|fim_pad|>|MASK<|fim_pad|><|fim_pad|><|fim_pad|><|fim_pad|><|fim_pad|><|fim_pad|><|fim_pad|><|fim_pad|><|fim_pad|><|fim_pad|><|fim_pad|><|fim_pad|><|fim_pad|><|fim_pad|><|fim_pad|><|fim_pad|><|fim_pad|><|fim_pad|><|fim_pad|>|MASK<|fim_pad|><|fim_pad|><|fim_pad|><|fim_pad|><|fim_pad|><|fim_pad|><|fim_pad|><|fim_pad|><|fim_pad|><|fim_pad|><|fim_pad|><|fim_pad|><|fim_pad|><|fim_pad|><|fim_pad|><|fim_pad|><|fim_pad|><|fim_pad|><|fim_pad|>|MASK<|fim_pad|><|fim_pad|><|fim_pad|><|fim_pad|><|fim_pad|><|fim_pad|><|fim_pad|><|fim_pad|><|fim_pad|><|fim_pad|><|fim_pad|><|fim_pad|><|fim_pad|><|fim_pad|><|fim_pad|><|fim_pad|><|fim_pad|><|fim_pad|><|fim_pad|>|MASK <|fim_pad|><|fim_pad|><|fim_pad|><|fim_pad|><|fim_pad|><|fim_pad|><|fim_pad|><|fim_pad|><|fim_pad|><|fim_pad|><|fim_pad|><|fim_pad|><|fim_pad|><|fim_pad|><|fim_pad|><|fim_pad|><|fim_pad|><|fim_pad|>|MASK  containing all the
   * values from the  [MASK] s.<|endoftext|>|MASK  {@code {a, b,
   * c}}.
   *
   * @param|MASK <|fim_pad|><|fim_pad|><|fim_pad|><|fim_pad|><|fim_pad|><|fim_pad|><|fim_pad|><|fim_pad|><|fim_pad|><|fim_pad|><|fim_pad|><|fim_pad|><|fim_pad|><|fim_pad|><|fim_pad|><|fim_pad|><|fim_pad|><|fim_pad|>|MASK<|fim_pad|><|fim_pad|><|fim_pad|><|fim_pad|><|fim_pad|><|fim_pad|><|fim_pad|><|fim_pad|><|fim_pad|><|fim_pad|><|fim_pad|><|fim_pad|><|fim_pad|><|fim_pad|><|fim_pad|><|fim_pad|><|fim_pad|><|fim_pad|><|fim_pad|>|MASK  containing all the values from the source  MASK s, in order
   * @throws|MASK<|fim_pad|><|fim_pad|><|fim_pad|><|fim_pad|><|fim_pad|><|fim_pad|><|fim_pad|><|fim_pad|><|fim_pad|><|fim_pad|><|fim_pad|><|fim_pad|><|fim_pad|><|fim_pad|><|fim_pad|><|fim_pad|><|fim_pad|><|fim_pad|><|fim_pad|>|MASK<|fim_pad|><|fim_pad|><|fim_pad|><|fim_pad|><|fim_pad|><|fim_pad|><|fim_pad|><|fim_pad|><|fim_pad|><|fim_pad|><|fim_pad|><|fim_pad|><|fim_pad|><|fim_pad|><|fim_pad|><|fim_pad|><|fim_pad|><|fim_pad|><|fim_pad|>|MASK<|fim_pad|><|fim_pad|><|fim_pad|><|fim_pad|><|fim_pad|><|fim_pad|><|fim_pad|><|fim_pad|><|fim_pad|><|fim_pad|><|fim_pad|><|fim_pad|><|fim_pad|><|fim_pad|><|fim_pad|><|fim_pad|><|fim_pad|><|fim_pad|><|fim_pad|>|[MASK]  :  [MASK] s) {
      length +=  [MASK] .|MASK<|fim_pad|><|fim_pad|><|fim_pad|><|fim_pad|><|fim_pad|><|fim_pad|><|fim_pad|><|fim_pad|><|fim_pad|><|fim_pad|><|fim_pad|><|fim_pad|><|fim_pad|><|fim_pad|><|fim_pad|><|fim_pad|><|fim_pad|><|fim_pad|><|fim_pad|>|[MASK]<|endoftext|>|MASK  :  MASK s) {
      System.arraycopy( [MASK] , 0, result|MASK <|fim_pad|><|fim_pad|><|fim_pad|><|fim_pad|><|fim_pad|><|fim_pad|><|fim_pad|><|fim_pad|><|fim_pad|><|fim_pad|><|fim_pad|><|fim_pad|><|fim_pad|><|fim_pad|><|fim_pad|><|fim_pad|><|fim_pad|><|fim_pad|>|copyOf<|fim_pad|><|fim_pad|><|fim_pad|><|fim_pad|><|fim_pad|><|fim_pad|><|fim_pad|><|fim_pad|><|fim_pad|><|fim_pad|><|fim_pad|><|fim_pad|><|fim_pad|><|fim_pad|><|fim_pad|><|fim_pad|><|fim_pad|><|fim_pad|>|MASK<|fim_pad|><|fim_pad|><|fim_pad|><|fim_pad|><|fim_pad|><|fim_pad|><|fim_pad|><|fim_pad|><|fim_pad|><|fim_pad|><|fim_pad|><|fim_pad|><|fim_pad|><|fim_pad|><|fim_pad|><|fim_pad|><|fim_pad|><|fim_pad|><|fim_pad|>|MASK] <|fim_pad|><|fim_pad|><|fim_pad|><|fim_pad|><|fim_pad|><|fim_pad|><|fim_pad|><|fim_pad|><|fim_pad|><|fim_pad|><|fim_pad|><|fim_pad|><|fim_pad|><|fim_pad|><|fim_pad|><|fim_pad|><|fim_pad|>|MASK [i]<|fim_pad|><|fim_pad|><|fim_pad|><|fim_pad|><|fim_pad|><|fim_pad|><|fim_pad|><|fim_pad|><|fim_pad|><|fim_pad|><|fim_pad|><|fim_pad|><|fim_pad|><|fim_pad|><|fim_pad|><|fim_pad|>|MASK<|fim_pad|><|fim_pad|><|fim_pad|><|fim_pad|><|fim_pad|><|fim_pad|><|fim_pad|><|fim_pad|><|fim_pad|><|fim_pad|><|fim_pad|><|fim_pad|><|fim_pad|><|fim_pad|><|fim_pad|><|fim_pad|><|fim_pad|><|fim_pad|><|fim_pad|>|MASK  containing the same values as {@code  [MASK] }, but guaranteed to be of a|MASK }.
   *
   * <p><b>Note:</b> it is rarely appropriate to|[MASK] .length >= minLength}, {@code  [MASK] } is
   * returned|MASK  of size {@code minLength} is created containing
   * the values of {@code |MASK }, followed by {@code padding} zeroes.
   *
   * <p>If {@code padding|[MASK]<|endoftext|>|MASK 
   * @param minLength the minimum length the returned  MASK  must guarantee
   *|MASK <|fim_pad|><|fim_pad|><|fim_pad|><|fim_pad|><|fim_pad|><|fim_pad|><|fim_pad|><|fim_pad|><|fim_pad|><|fim_pad|><|fim_pad|><|fim_pad|><|fim_pad|><|fim_pad|><|fim_pad|><|fim_pad|><|fim_pad|><|fim_pad|>|MASK <|fim_pad|><|fim_pad|><|fim_pad|><|fim_pad|><|fim_pad|><|fim_pad|><|fim_pad|><|fim_pad|><|fim_pad|><|fim_pad|><|fim_pad|><|fim_pad|><|fim_pad|><|fim_pad|><|fim_pad|><|fim_pad|><|fim_pad|><|fim_pad|>|MASK  of length at least {@code minLength}, with the values of {@code  MASK }
  |MASK }, with guaranteed minimum length {@code
   *     minLength}
   */
  public static double|MASK<|fim_pad|><|fim_pad|><|fim_pad|><|fim_pad|><|fim_pad|><|fim_pad|><|fim_pad|><|fim_pad|><|fim_pad|><|fim_pad|><|fim_pad|><|fim_pad|><|fim_pad|><|fim_pad|><|fim_pad|><|fim_pad|><|fim_pad|><|fim_pad|><|fim_pad|>|MASK<|endoftext|>|MASK<|endoftext|>|MASK ;
  }

  /**
   * Returns a string containing the supplied {@code double} values separated|[MASK]  the  [MASK]  of values to join together
   * @return|MASK  of {@code double} values, possibly empty
   */
  public static String join(String|MASK ) {
    checkNotNull(separator);
    if ( [MASK] .length == 0)|[MASK]<|endoftext|>| MASK<|endoftext|>|[MASK] [0]);
    for (int i = 1; i <  [MASK|MASK<|fim_pad|><|fim_pad|><|fim_pad|><|fim_pad|><|fim_pad|><|fim_pad|><|fim_pad|><|fim_pad|><|fim_pad|><|fim_pad|><|fim_pad|><|fim_pad|><|fim_pad|><|fim_pad|><|fim_pad|><|fim_pad|><|fim_pad|><|fim_pad|><|fim_pad|>|MASK<|fim_pad|><|fim_pad|><|fim_pad|><|fim_pad|><|fim_pad|><|fim_pad|><|fim_pad|><|fim_pad|><|fim_pad|><|fim_pad|><|fim_pad|><|fim_pad|><|fim_pad|><|fim_pad|><|fim_pad|><|fim_pad|><|fim_pad|><|fim_pad|><|fim_pad|>|MASK s in ascending order, ignoring
   * {@code NaN} values. This compares a first|  [MASK]  is a prefix of the other, treats the shorter  [MASK] |MASK  as the
   * lesser. For example, {@code [] < [1.0|it does not
   * guarantee that {@code equals(compare(x, y) == 0)}|MASK] } in ascending order.
   *
   * <p>This method is guaranteed to be <|[MASK]<|fim_pad|><|fim_pad|><|fim_pad|><|fim_pad|><|fim_pad|><|fim_pad|><|fim_pad|><|fim_pad|><|fim_pad|><|fim_pad|><|fim_pad|><|fim_pad|><|fim_pad|><|fim_pad|><|fim_pad|><|fim_pad|><|fim_pad|>|[MASK] );
    sortDescending( [MASK] , 0,  [MASK] .| MASK , 0,  MASK .length);
  }

  /**
   * Sorts the elements| MASK<|endoftext|>|MASK<|endoftext|>|MASK<|endoftext|>|MASK );
    checkPositionIndexes(fromIndex, toIndex,  [MASK] .length);
   |MASK<|endoftext|>|MASK<|endoftext|>| MASK<|endoftext|>|[MASK]<|endoftext|>|[MASK]<|endoftext|>|MASK<|endoftext|>|MASK<|endoftext|>| [MASK]<|endoftext|>|MASK<|endoftext|>|[MASK]<|endoftext|>|MASK<|endoftext|>|MASK<|endoftext|>|MASK<|endoftext|>|[MASK]<|endoftext|>|MASK<|endoftext|>|[MASK] [i];
       [MASK] [i] =  [MASK] [j|[MASK]<|endoftext|>|[MASK]<|endoftext|>| MASK<|endoftext|>|[MASK]<|endoftext|>|MASK<|endoftext|>|MASK<|endoftext|>|[MASK]<|endoftext|>|[MASK]<|endoftext|>|MASK<|endoftext|>|MASK ] between {@code fromIndex} inclusive and {@code
   * toIndex} exclusive.|MASK<|endoftext|>|MASK<|endoftext|>|MASK<|endoftext|>|[MASK]<|endoftext|>|MASK<|endoftext|>|MASK<|endoftext|>|[MASK]<|endoftext|>|MASK<|endoftext|>|MASK<|endoftext|>|MASK  containing the same values as {@code  MASK }, but guaranteed to be of a
  |MASK<|endoftext|>|[MASK]<|endoftext|>|<|endoftext|>|MASK<|endoftext|>|MASK <|endoftext|>|MASK  to wrap, which must be a non-null array of {@code double} values
  |MASK <|endoftext|>|[MASK] <|endoftext|>|[MASK]<|endoftext|>|MASK]<|endoftext|>|MASK<|endoftext|>|<|endoftext|>|MASK<|endoftext|>|MASK<|endoftext|>|MASK<|endoftext|>| MASK<|endoftext|>|MASK]<|endoftext|>|MASK]<|endoftext|>|MASK<|endoftext|>|MASK<|endoftext|>| [MASK]<|endoftext|>|MASK<|endoftext|>|MASK]<|endoftext|>|MASK<|endoftext|>|[MASK]<|endoftext|>|[MASK]<|endoftext|>| MASK<|endoftext|>| MASK<|endoftext|>",
330,content,MASK,False,6,MASK|MASK|MASK|MASK|MASK|MASK,[MASK]<|endoftext|>,[MASK]<|endoftext|>|[MASK]<|endoftext|>|[MASK]<|endoftext|>| MASK <|endoftext|>|MASK<|endoftext|>| MASK <|endoftext|>,
331,options,,False,12,||MASK|MASK|MASK|MASK|MASK|MASK|MASK|MASK|MASK|,<|endoftext|>,"<|endoftext|>|<|endoftext|>|[MASK]<|endoftext|>|MASK<|endoftext|>|[MASK] )))
        .thenReturn(new ModelLoader.LoadData<>(mock(Key.class), fetcher|MASK<|endoftext|>|MASK )))
        .thenReturn(new ModelLoader.LoadData<>(mock(Key.class), fetcher));

   |MASK<|endoftext|>|MASK <|endoftext|>|MASK )))
        .thenReturn(new ModelLoader.LoadData<>(mock(Key.class), fetcher));

   |MASK<|endoftext|>|<|endoftext|>",
332,width,width,True,68,width|MASK|MASK|MASK|MASK|MASK|MASK|MASK|MASK|MASK|MASK|width|MASK|MASK|MASK|MASK|MASK|MASK|MASK|MASK|MASK|MASK|MASK|MASK|MASK|MASK|MASK|MASK|MASK|MASK|MASK|X|Returns|than|disableX|Y|return|Y|Overscroll|) {|() {|the|ScrollX|f|fade|Default|Bars|fadeAlphaSeconds|}|public|scrollBarTouch|MASK|MASK|MASK|height|height|MASK|MASK|height|MASK|MASK|MASK|MASK|MASK|MASK|width|MASK|MASK,"width or height is less than the size of this scroll pane,
 * it is set to the size","width or height is less than the size of this scroll pane,
 * it is set to the size|[MASK]  * (x < hKnobBounds.x ? -1 : 1));
|[MASK]  - hKnobBounds. [MASK] , scrollH);
					float total|[MASK]<|fim_pad|><|fim_pad|><|fim_pad|><|fim_pad|><|fim_pad|><|fim_pad|><|fim_pad|><|fim_pad|><|fim_pad|><|fim_pad|><|fim_pad|><|fim_pad|><|fim_pad|><|fim_pad|><|fim_pad|><|fim_pad|><|fim_pad|>|[MASK]<|fim_pad|><|fim_pad|><|fim_pad|><|fim_pad|><|fim_pad|><|fim_pad|><|fim_pad|><|fim_pad|><|fim_pad|><|fim_pad|><|fim_pad|><|fim_pad|><|fim_pad|><|fim_pad|><|fim_pad|><|fim_pad|><|fim_pad|>|MASK <|fim_pad|><|fim_pad|><|fim_pad|><|fim_pad|><|fim_pad|><|fim_pad|><|fim_pad|><|fim_pad|><|fim_pad|><|fim_pad|><|fim_pad|><|fim_pad|><|fim_pad|><|fim_pad|><|fim_pad|><|fim_pad|><|fim_pad|><|fim_pad|>|[MASK]  - hKnobBounds. [MASK] ) > actorArea. [MASK|MASK  ) > actorArea. [MASK]  * 0.1f)) && //
|[MASK]  * 0.1f)) && //
				(!touchScrollV |||  [MASK]<|endoftext|>|[MASK]<|endoftext|>|width and height, or the actor's current size if it is not a {@link Layout}<|fim_pad|>|[MASK]  && !disableX);
		scrollY = forceScrollY || (actorHeight|[MASK]  -= scrollbarWidth;
				if (vScrollOnRight) actorArea.x +=|[MASK]  && !disableX) scrollX = true;
			}
			if (|[MASK]  -= scrollbarHeight;
					if (hScrollOnBottom) actorArea.y +=|[MASK]  : Math.max(actorArea. [MASK] , actorWidth);
		actorHeight|[MASK]<|endoftext|>|[MASK] <|fim_pad|><|fim_pad|><|fim_pad|><|fim_pad|><|fim_pad|><|fim_pad|><|fim_pad|><|fim_pad|><|fim_pad|><|fim_pad|><|fim_pad|><|fim_pad|><|fim_pad|><|fim_pad|><|fim_pad|><|fim_pad|>|[MASK] <|fim_pad|><|fim_pad|><|fim_pad|><|fim_pad|><|fim_pad|><|fim_pad|><|fim_pad|><|fim_pad|><|fim_pad|><|fim_pad|><|fim_pad|><|fim_pad|><|fim_pad|><|fim_pad|><|fim_pad|><|fim_pad|>|[MASK]  -= scrollbarWidth;
					if (hScrollOnBottom) hScrollBounds.y|[MASK]<|fim_pad|><|fim_pad|><|fim_pad|><|fim_pad|><|fim_pad|><|fim_pad|><|fim_pad|><|fim_pad|><|fim_pad|><|fim_pad|><|fim_pad|><|fim_pad|><|fim_pad|><|fim_pad|><|fim_pad|><|fim_pad|><|fim_pad|>|[MASK]  * actorArea. [MASK]  / actorWidth));
				else
				|[MASK]<|fim_pad|><|fim_pad|><|fim_pad|><|fim_pad|><|fim_pad|><|fim_pad|><|fim_pad|><|fim_pad|><|fim_pad|><|fim_pad|><|fim_pad|><|fim_pad|><|fim_pad|><|fim_pad|><|fim_pad|><|fim_pad|><|fim_pad|>|[MASK]  = hScrollKnob.getMinWidth();
				hKnobBounds.height = h|[MASK]  > actorWidth) hKnobBounds. [MASK]  = 0|[MASK]<|fim_pad|><|fim_pad|><|fim_pad|><|fim_pad|><|fim_pad|><|fim_pad|><|fim_pad|><|fim_pad|><|fim_pad|><|fim_pad|><|fim_pad|><|fim_pad|><|fim_pad|><|fim_pad|><|fim_pad|><|fim_pad|><|fim_pad|>|[MASK]  - hKnobBounds. [MASK] ) * getScrollPercentX());
|[MASK]<|fim_pad|><|fim_pad|><|fim_pad|><|fim_pad|><|fim_pad|><|fim_pad|><|fim_pad|><|fim_pad|><|fim_pad|><|fim_pad|><|fim_pad|><|fim_pad|><|fim_pad|><|fim_pad|><|fim_pad|><|fim_pad|><|fim_pad|>|[MASK]<|file_sep|><|fim_prefix|>/gdx/src/com/badlogic/gdx/graphics/g3d/|MASK<|fim_pad|><|fim_pad|><|fim_pad|><|fim_pad|><|fim_pad|><|fim_pad|><|fim_pad|><|fim_pad|><|fim_pad|><|fim_pad|><|fim_pad|><|fim_pad|><|fim_pad|><|fim_pad|><|fim_pad|><|fim_pad|><|fim_pad|><|fim_pad|><|fim_pad|>|X () {
		return maxX;
	}

	/** Returns the maximum scroll value in the y direction|/** Returns the  [MASK]  of the scroll pane. */
	public float getPrefScrollWidth| than the scroll pane in the x direction. */
	public boolean isScrollX () {
		return scroll|		disableX = x;
		disableY = y;
		invalidate();
	}

|Y = y;
		invalidate();
	}

	/** Returns true if scrolling is disabled in the|		return flickScrollListener.getGestureDetector().isPanning();
	}

	public boolean isFling|Y = overscrollY;
	}

	/** For flick scroll, if true the actor can be|Overscroll (float overscrollDistance, float overscrollSpeedMin, float overscrollSpeedMax|) {
		this.overscrollDistance = distance;
		this.overscrollSpeedMin = speed| () {
		return overscrollDistance;
	}

	public float getOverscrollSpeedMin () {
| the scroll pane in that direction. */
	public void setForceScroll (boolean x, boolean y)|ScrollX;
	}

	public boolean isForceScrollY () {
		return forceScrollY;
	|0.3f. */
	public void setFlingTime (float flingTime) {
	| fade out. Default is false. */
	public void setFadeScrollBars (boolean fadeScrollBars)| Default is true. */
	public void setFadeScrollBars (boolean fadeScrollBars) {
		this|Bars) return;
		this.fadeScrollBars = fadeScrollBars;
		if (fadeScrollBars| fadeAlphaSeconds;
	}

	/** When true the scrollbars fade out after some time of not|	}

	/** When true the scrollbars don't reduce the scrollable size and fade out after|	public void setScrollbarsVisible (boolean visible) {
		setScrollbarsVisible(visible);
	}

|.scrollBarTouch = scrollBarTouch;
	}

	public boolean getScrollBarTouch () {
		return scroll|[MASK] <|endoftext|>|[MASK]<|endoftext|>|[MASK]<|endoftext|>|height, false, false);
	}

	/** Sets the scroll offset so the specified rectangle is fully|height, boolean centerHorizontal, boolean centerVertical) {
		scrollTo(x, y,  [|MASK<|endoftext|>|[MASK]  / 2;
		else
			amountX = MathUtils.clamp|height<|endoftext|>|[MASK]  + actorArea. [MASK]  -  height <|endoftext|>|[MASK]<|endoftext|>|[MASK]<|endoftext|>|[MASK]<|endoftext|>|MASK<|endoftext|>|MASK <|file_sep|><|fim_prefix|>/README.md
package com.badlogic.gdx.scenes.scene2d.ui;

import com|width<|endoftext|>|MASK <|endoftext|>|MASK<|endoftext|>",
333,orientation,result,False,4,result|||,"result from the first of {@code parsers} that returns something other than
   * {@link Image","result from the first of {@code parsers} that returns something other than
   * {@link Image|<|endoftext|>|<|endoftext|>|<|endoftext|>",
334,totalBytes,,False,5,|freeBytes|MASK|MASK|MASK, <|endoftext|>," <|endoftext|>|freeBytes ());
        ByteSizeValue    = ByteSizeValue.ofBytes(usage. totalBytes ());
|[MASK]<|endoftext|>|[MASK]<|endoftext|>|MASK<|endoftext|>",
335,mockClient,mockListTasksClient,False,8,mockListTasksClient|MASK|MASK|MASK||||null,"mockListTasksClient;
import static org.elasticsearch.xpack.ml.utils.TaskRetrieverTests.mockList","mockListTasksClient;
import static org.elasticsearch.xpack.ml.utils.TaskRetrieverTests.mockList|[MASK]<|endoftext|>|MASK<|endoftext|>|MASK<|endoftext|>|  <|endoftext|>|<|endoftext|>| <|endoftext|>|null,
            null,
            null,
            null,
            null,
            null,
            null,
",
336,suppressPositionProjection,MASK,False,3,MASK||isLive,[MASK]<|endoftext|>,"[MASK]<|endoftext|>|<|endoftext|>|isLive= */ false,
        /* isPlaceholder<|endoftext|>",
337,nameStart,MASK,False,19,MASK|MASK|MASK|MASK|MASK|MASK|MASK|MASK|MASK|MASK|MASK|MASK|MASK|MASK|MASK|MASK|MASK|MASK|MASK,[MASK]<|endoftext|>,"[MASK]<|endoftext|>|[MASK]<|endoftext|>|[MASK]<|endoftext|>|[MASK]<|endoftext|>|[MASK]<|endoftext|>|MASK<|endoftext|>| MASK<|endoftext|>|[MASK]<|endoftext|>|MASK<|endoftext|>|MASK<|endoftext|>|MASK<|endoftext|>|[MASK]<|endoftext|>|MASK<|endoftext|>|MASK<|endoftext|>|MASK<|endoftext|>| MASK  >= valueEnd) {
            return false;
        }

        if (valueStart <= |MASK  && valueStart < valueEnd<|endoftext|>| MASK<|endoftext|>| MASK<|endoftext|>",
338,expectedChecksum,Dir,False,5,Dir|FileName|;|set|Dir,"Dir = tmpRoot.resolve(""config"");
        if (Files.exists(tmpConfigDir)) {
            delete","Dir = tmpRoot.resolve(""config"");
        if (Files.exists(tmpConfigDir)) {
            delete|FileName().toString();
                if (parentDirName.equals(""config"") == false && parentDirName|;
            }

            @Override
            public FileVisitResult preVisitDirectory(final Path dir, final| // set the executable bit on all files in the bin directory
        Files.walkFileTree(destBin|Dir}, along with permissions from dest dirs parent.
     */
    private static void installConfig(Plugin",
339,PF_LENGTH,":00"",",False,3,":00"",|pm|hh",":00"",
            ""MM d yy"",   ""04 05 06",":00"",
            ""MM d yy"",   ""04 05 06|34:56 pm"", ""1970 01 01 1|            // ""hh:mm:ss a"", ""12:34:56 PM"", """,
340,userPassedSupplier,MASK,False,4,MASK|MASK|MASK|MASK,[MASK]<|endoftext|>,"[MASK]<|endoftext|>|MASK<|endoftext|>|MASK
 <|endoftext|>| MASK<|endoftext|>",
341,transFactory,,False,2,|,     <|endoftext|>,     <|endoftext|>| <|endoftext|>,
342,hudson,MASK,False,14,MASK|MASK|MASK|MASK|MASK|MASK|MASK|MASK|MASK|MASK|MASK|MASK|MASK|MASK,[MASK] .model<|endoftext|>,[MASK] .model<|endoftext|>|[MASK]<|endoftext|>|[MASK]<|endoftext|>|[MASK]<|endoftext|>|[MASK]<|endoftext|>|[MASK]<|endoftext|>|[MASK]<|endoftext|>|MASK<|endoftext|>| [MASK]<|endoftext|>|[MASK]<|endoftext|>|[MASK]<|endoftext|>|MASK<|endoftext|>|[MASK]<|endoftext|>|MASK<|endoftext|>,
343,constructedUserInfo,MASK,False,2,MASK|MASK, [MASK] <|file_sep|>/x-pack/plugin/src/test/java/org/elasticsearch/xpack/security/transport/," [MASK] <|file_sep|>/x-pack/plugin/src/test/java/org/elasticsearch/xpack/security/transport/|MASK.hasEmptyPassword(), equalTo(false));
    }

    public void testDefaultReservedUserInfoPasswordNotEmpty()",
344,event,trigger_defaults,False,7,trigger_defaults|[|MASK|MASK|||,"trigger_defaults"";
    private static final String TRIGGER_DEFAULTS_SETTING_MASK = ""trigger_defaults<|endoftext|>","trigger_defaults"";
    private static final String TRIGGER_DEFAULTS_SETTING_MASK = ""trigger_defaults<|endoftext|>|[<|endoftext|>|[MASK]<|endoftext|>|[ MASK ]<|endoftext|>|<|endoftext|>|<|endoftext|>|<|endoftext|>",
345,targetSize,,False,2,|ImageSizeUtils, <|endoftext|>," <|endoftext|>|ImageSizeUtils.computeMaxImageSampleSize(imageSize),
					decodingInfo.getMaxImageSize()",
346,searchProfileQueryPhaseResult,,False,3,|MASK|,<|endoftext|>,<|endoftext|>|   [MASK]<|endoftext|>|<|endoftext|>,
347,minSettings,settings,False,2,settings|settings,"settings = Settings.builder().put(""foo"", ""not a time value"").build();
        final IllegalArgumentException","settings = Settings.builder().put(""foo"", ""not a time value"").build();
        final IllegalArgumentException|settings<|fim_pad|><|fim_pad|><|fim_pad|><|fim_pad|><|fim_pad|><|fim_pad|><|fim_pad|><|fim_pad|><|fim_pad|><|fim_pad|><|fim_pad|><|fim_pad|><|fim_pad|><|fim_pad|><|fim_pad|><|fim_pad|><|fim_pad|><|fim_pad|><|fim_pad|>",
348,observer,s,False,3,s|s|s,s<|endoftext|>,s<|endoftext|>|   s<|endoftext|>|s<|endoftext|>,
349,messageConverter,MASK,False,7,MASK||MASK|MASK|MASK|MASK|MASK, [MASK] <|endoftext|>, [MASK] <|endoftext|>|<|endoftext|>|[MASK] <|endoftext|>| [MASK]<|endoftext|>| MASK <|endoftext|>| MASK<|endoftext|>| MASK <|endoftext|>,
350,fileNAK,url,False,3,url|url|file,"url = ""file:///C:/path/to/dir/"";
        assertTrue(urlValidator.isValid(url));
        url","url = ""file:///C:/path/to/dir/"";
        assertTrue(urlValidator.isValid(url));
        url|url ));
        assertTrue( urlValidator.isValid( url.replace( ""bad ^ domain.com"", ""bad|""file://bad ^ domain.com/label/test"" );
        assertFalse(urlValidator.isValid( url +",
351,codeUnderTestIdObj,MASK,False,3,MASK|codeUnderTest|codeUnderTest,[MASK]<|endoftext|>,"[MASK]<|endoftext|>|  codeUnderTest.Id<|endoftext|>|codeUnderTest.Id()
                == null ? 0 : codeUnderTest.Id()<|endoftext|>",
352,passwordHash,passwordHash,True,3,passwordHash|passwordChars|new,"passwordHash));
    }

    public void testPasswordUpsertWhenSetEnabledOnNonReservedUser()","passwordHash));
    }

    public void testPasswordUpsertWhenSetEnabledOnNonReservedUser()|passwordChars = randomAlphaOfLength(14).toCharArray();
        nativeUsersStore.createE|new SecureString(passwordChars) , future);

        Tuple<IndexRequest, ActionListener<?>> createElastic",
353,taken,invocationsSinceLastSuccess,False,6,invocationsSinceLastSuccess|invocationsSinceLastSuccess|invocationsSinceLastSuccess|invocationsSinceLastSuccess|invocationsSinceLastSuccess|invocationsSinceLastSuccess,invocationsSinceLastSuccess<|endoftext|>,invocationsSinceLastSuccess<|endoftext|>|invocationsSinceLastSuccess<|endoftext|>|invocationsSinceLastSuccess <|endoftext|>|invocationsSinceLastSuccess<|endoftext|>|invocationsSinceLastSuccess<|endoftext|>| invocationsSinceLastSuccess<|endoftext|>,
354,tableName,tableName,True,2,tableName|tableName,tableName<|endoftext|>,tableName<|endoftext|>|tableName<|endoftext|>,
355,strict,MASK,False,10,MASK|MASK|MASK|MASK|MASK|MASK|MASK|||,"[MASK]  parsing, the sign is parsed if present.
     * In lenient parsing,","[MASK]  parsing, the sign is parsed if present.
     * In lenient parsing,|[MASK]<|endoftext|>|[MASK]<|endoftext|>|MASK<|endoftext|>|MASK<|endoftext|>|[MASK] <|endoftext|>|MASK  parsing<|endoftext|>|<|endoftext|>| <|endoftext|>|<|endoftext|>",
356,driverContext,MASK,False,8,MASK|MASK|MASK|MASK|MASK|state|MASK|MASK, [MASK] <|endoftext|>," [MASK] <|endoftext|>|[MASK]<|endoftext|>|MASK<|endoftext|>|MASK <|endoftext|>|[MASK]<|endoftext|>|state,  MASK<|endoftext|>|MASK <|endoftext|>| MASK <|endoftext|>",
357,amountX,amountX,True,2,amountX|amountX,amountX<|endoftext|>,amountX<|endoftext|>|amountX<|endoftext|>,
358,response,,False,2,|, <|endoftext|>, <|endoftext|>|<|endoftext|>,
359,missed,MASK,False,12,MASK|MASK|MASK|MASK|MASK|MASK|MASK|MASK|MASK|MASK|MASK|MASK,[MASK]<|endoftext|>,"[MASK]<|endoftext|>|[MASK]<|endoftext|>|MASK );
            if ( MASK  == 0) {
                break;
            }
        }
   | MASK<|endoftext|>|[MASK]<|endoftext|>|MASK  = wip.addAndGet(- MASK );
            if ( MASK  == 0) {
|MASK<|endoftext|>|MASK<|endoftext|>|MASK<|endoftext|>|MASK<|endoftext|>|MASK<|endoftext|>| MASK<|endoftext|>",
360,unused,MASK,False,7,MASK||MASK|MASK|MASK|MASK|MASK,[MASK]<|endoftext|>,[MASK]<|endoftext|>| <|endoftext|>|[MASK]<|endoftext|>|[MASK]<|endoftext|>|MASK<|endoftext|>|MASK<|endoftext|>|MASK<|endoftext|>,
361,existing,existing,True,4,existing|MASK|MASK|MASK,existing<|endoftext|>,existing<|endoftext|>| [MASK]<|endoftext|>|MASK<|endoftext|>|MASK<|endoftext|>,
362,valueString,field,False,1,field,"field, double value, double scale);

    /**
     * This method is called to compute the final","field, double value, double scale);

    /**
     * This method is called to compute the final",
363,source,,False,3,|MASK|MASK, <|endoftext|>, <|endoftext|>|[MASK]<|endoftext|>|MASK<|endoftext|>,
364,buffer,MASK,False,16,MASK|Buffer|BufferStorage|MASK|MASK|buffer|MASK|MASK|MASK|MASK|MASK|MASK|MASK|MASK|MASK|MASK,"[MASK]  (int srcX0, int srcY0, int srcX1,","[MASK]  (int srcX0, int srcY0, int srcX1,|Buffer (int mask, int srcFrame [MASK] , int dstFrame [MASK] , int|BufferStorage (int target, int width, int height, int internalformat, int samples, int|[MASK]  [MASK] , int offset, int size);

	public native void glBindBufferRange|MASK , int offset);

	public native void glTransformFeedbackVaryings (int program, int count|buffer [MASK] );

	public native void glGetTransformFeedbackVarying (int program, int index|[MASK] , int draw [MASK] , IntBuffer value);

	public native void glClearBuffer|[MASK]  , IntBuffer value);

	public native void glClearBufferuiv (int |MASK<|endoftext|>|MASK<|endoftext|>|MASK<|endoftext|>|MASK<|endoftext|>|MASK<|endoftext|>|MASK<|endoftext|>|MASK  (int target, int numAttachments, IntBuffer attachments);

	public native void glInvalidate|MASK<|file_sep|><|fim_prefix|>/gdx/src/com/badlogic/gdx/graphics/g3d/shapes/",
365,interval,MASK,False,2,MASK|MASK,  [MASK]<|endoftext|>,  [MASK]<|endoftext|>|MASK<|endoftext|>,
366,onthrowMethod,MASK,False,5,MASK|MASK|MASK|MASK|MASK, [MASK] <|endoftext|>," [MASK] <|endoftext|>| [MASK] <|endoftext|>| [MASK] <|endoftext|>| MASK  =  MASK ;
    }

    public Method getMASK() {
        return  MASK ;
| MASK  ;
    }

    public Method getMASK() {
        return  MASK ;
    }

   ",
367,projectIndex,,False,8,|MASK|MASK|MASK|MASK|MASK|MASK|MASK,<|endoftext|>,<|endoftext|>|[MASK]<|endoftext|>|[MASK]<|endoftext|>|[MASK]<|endoftext|>|[MASK]<|endoftext|>|MASK<|endoftext|>|[ MASK]<|endoftext|>|MASK<|endoftext|>,
368,bgRightWidth,MASK,False,5,MASK|MASK|MASK|bgLeftWidth|bgLeftWidth,"[MASK]  = 0, bgTopHeight = 0, bgBottomHeight = ","[MASK]  = 0, bgTopHeight = 0, bgBottomHeight = |[MASK]  = bg.get[MASK]Width();
			bgTopHeight = bg.getTop|[MASK]  - bgLeftWidth -   [MASK]  );
		actorArea.y =|bgLeftWidth - vScrollKnob.getMinWidth() : width -   bgLeftWidth - scrollbar|bgLeftWidth  - vScrollKnob.getMinWidth() : bgLeftWidth;
				vKn",
369,moduleName,currentEntry,False,3,currentEntry|LabelEntry|Table,"          currentEntry = nextEntry;
        }
      }
      labelEntries = newLabelEntries;
   ","          currentEntry = nextEntry;
        }
      }
      labelEntries = newLabelEntries;
   | LabelEntry[2 * labelTable.length];
      System.arraycopy(labelTable, 0, newLabel|Table, 0, labelTable.length);
      labelTable = newLabelTable;
    }
   ",
370,stagingHash,MASK,False,7,MASK|MASK|MASK|MASK|MASK|MASK|MASK,  [MASK] <|fim_pad|><|fim_pad|><|fim_pad|><|fim_pad|><|fim_pad|><|fim_pad|><|fim_pad|><|fim_pad|><|fim_pad|><|fim_pad|><|fim_pad|><|fim_pad|><|fim_pad|><|fim_pad|><|fim_pad|>,"  [MASK] <|fim_pad|><|fim_pad|><|fim_pad|><|fim_pad|><|fim_pad|><|fim_pad|><|fim_pad|><|fim_pad|><|fim_pad|><|fim_pad|><|fim_pad|><|fim_pad|><|fim_pad|><|fim_pad|><|fim_pad|>|[MASK]  != null) {
            throw new UserException(
                ExitCodes.CONFIG,
               | MASK  == null) {
            baseUrl = String.format(Locale.ROOT, ""https://artifacts|[MASK] <|fim_pad|><|fim_pad|><|fim_pad|><|fim_pad|><|fim_pad|><|fim_pad|><|fim_pad|><|fim_pad|><|fim_pad|><|fim_pad|><|fim_pad|><|fim_pad|><|fim_pad|><|fim_pad|><|fim_pad|><|fim_pad|>|[MASK]<|fim_pad|><|fim_pad|><|fim_pad|><|fim_pad|><|fim_pad|><|fim_pad|><|fim_pad|><|fim_pad|><|fim_pad|><|fim_pad|><|fim_pad|><|fim_pad|><|fim_pad|><|fim_pad|><|fim_pad|><|fim_pad|><|fim_pad|>|MASK<|fim_pad|><|fim_pad|><|fim_pad|><|fim_pad|><|fim_pad|><|fim_pad|><|fim_pad|><|fim_pad|><|fim_pad|><|fim_pad|><|fim_pad|><|fim_pad|><|fim_pad|><|fim_pad|><|fim_pad|><|fim_pad|><|fim_pad|><|fim_pad|><|fim_pad|>| MASK <|fim_pad|><|fim_pad|><|fim_pad|><|fim_pad|><|fim_pad|><|fim_pad|><|fim_pad|><|fim_pad|><|fim_pad|><|fim_pad|><|fim_pad|><|fim_pad|><|fim_pad|><|fim_pad|><|fim_pad|><|fim_pad|><|fim_pad|><|fim_pad|>",
371,supersetSize,MASK,False,12,MASK|MASK|MASK|MASK|MASK|MASK|MASK|MASK|MASK|MASK|MASK|MASK,[MASK]<|endoftext|>,"[MASK]<|endoftext|>|[MASK]<|endoftext|>|[MASK]<|endoftext|>|[MASK]<|endoftext|>|[MASK]<|endoftext|>|MASK<|endoftext|>|MASK<|endoftext|>|[MASK] ""));
        }
        try {
            heuristicIsSuperset.getScore(1, |[MASK]<|endoftext|>|MASK ""));
        }
        try {
            heuristicIsSuperset.getScore(1, 3,|[MASK]<|endoftext|>| MASK<|endoftext|>",
372,equal,MASK,False,8,MASK||MASK|MASK|MASK|MASK|MASK|MASK,[MASK]<|endoftext|>,[MASK]<|endoftext|>| <|endoftext|>|  [MASK] <|endoftext|>|MASK <|endoftext|>|[MASK]<|endoftext|>|MASK<|endoftext|>|MASK<|endoftext|>|MASK<|endoftext|>,
373,clazz,,False,28,|getName|MASK|MASK|MASK|MASK|MASK|MASK|MASK|MASK|MASK|MASK|MASK|MASK|MASK|MASK|MASK|MASK|MASK|MASK|MASK|MASK|MASK|MASK|MASK|MASK|MASK|MASK, <|endoftext|>," <|endoftext|>|.getName();
        } else if (objClass == Locale.class) {
            strVal = ((Locale| [MASK]<|endoftext|>|[MASK]  == TimeZone.class) {
            if (lexer.token() == JSONToken.NULL)|[MASK]  == JSONPath.class) {
                    return (T) jsonObject.toJavaObject(|[MASK]<|endoftext|>| MASK<|endoftext|>|[MASK]<|endoftext|>|[MASK]<|endoftext|>|[MASK]<|endoftext|>|[MASK]<|endoftext|>|[MASK]<|endoftext|>|[MASK]<|endoftext|>|[MASK]<|endoftext|>|[MASK]<|endoftext|>| MASK<|endoftext|>|[MASK]<|endoftext|>| MASK<|endoftext|>|MASK  == Charset.class) {
            return (T) Charset.forName(strVal);
        }

       |[MASK]<|endoftext|>|MASK<|endoftext|>|[MASK]<|endoftext|>|[MASK]<|endoftext|>|[MASK]<|endoftext|>| MASK<|endoftext|>| MASK<|endoftext|>|MASK <|endoftext|>| MASK <|file_sep|><|fim_prefix|>/fastjson/src/main/java/com/alibaba/fastjson/serializer/JSONSerializer.java",
374,indexMetadata,MASK,False,18,MASK|MASK|MASK|MASK|MASK|MASK|MASK|MASK|new|MASK|MASK|MASK|MASK|MASK|MASK|MASK|MASK|MASK,[MASK]<|endoftext|>,"[MASK]<|endoftext|>|[MASK]<|endoftext|>|[MASK]<|endoftext|>|[MASK] .getIndex(), 0), true), shardSize)
        );

        AllocationService service|[MASK]<|endoftext|>|[MASK]<|endoftext|>|[MASK]<|endoftext|>|MASK ,
                        new RecoverySource.SnapshotRecoverySource(restoreId, snapshot, IndexVersion.current|new RestoreInProgress.Index(indexId.getName(), indexId.getUUID(), 1, 0, |MASK ] .getIndex(), 0),
                            Map.of(new ShardId( [MASK]<|endoftext|>|MASK<|endoftext|>|MASK<|endoftext|>|[MASK]<|endoftext|>|[ MASK]<|endoftext|>|MASK<|endoftext|>|[MASK]<|endoftext|>| MASK<|endoftext|>|MASK<|endoftext|>",
375,certificates,certificate,False,6,certificate|MASK|MASK|MASK|MASK|MASK,"certificate bundle
			 *<|endoftext|>","certificate bundle
			 *<|endoftext|>| [MASK] <|endoftext|>| [MASK] <|endoftext|>|[MASK] <|endoftext|>| MASK<|endoftext|>| MASK<|endoftext|>",
376,bufferSize,MASK,False,17,MASK|MASK|MASK|MASK|MASK|MASK|MASK|MASK|MASK|MASK|MASK|MASK|MASK|MASK|MASK|MASK|MASK,"[MASK]  the maximum number of elements to hold
     * @param eagerTruncate if","[MASK]  the maximum number of elements to hold
     * @param eagerTruncate if|[MASK]<|fim_pad|><|fim_pad|><|fim_pad|><|fim_pad|><|fim_pad|><|fim_pad|><|fim_pad|><|fim_pad|><|fim_pad|><|fim_pad|><|fim_pad|><|fim_pad|><|fim_pad|><|fim_pad|><|fim_pad|><|fim_pad|><|fim_pad|>|MASK  < 0) {
            throw new IllegalArgumentException(""size > 0 required but it was| MASK , eagerTruncate));
    }

    /**
     * Creates a replaying ConnectableObservable with|[MASK]  the maximum number of elements to hold
     * @param eagerTruncate if|MASK <|fim_pad|><|fim_pad|><|fim_pad|><|fim_pad|><|fim_pad|><|fim_pad|><|fim_pad|><|fim_pad|><|fim_pad|><|fim_pad|><|fim_pad|><|fim_pad|><|fim_pad|><|fim_pad|><|fim_pad|><|fim_pad|><|fim_pad|><|fim_pad|>| MASK , maxAge, unit, scheduler, eagerTruncate));
    }

    /**
     * Creates|[MASK] <|endoftext|>| [MASK]<|endoftext|>| [MASK]<|endoftext|>|[MASK]<|endoftext|>|[MASK]<|endoftext|>| [MASK] <|file_sep|><|fim_prefix|>/src/main/java/com/lemonappdev/konsist/core/|[MASK]<|endoftext|>| MASK<|endoftext|>|MASK<|endoftext|>| MASK<|endoftext|>",
377,listener,MASK,False,5,MASK|MASK|MASK|MASK|MASK,[MASK]<|endoftext|>,"[MASK]<|endoftext|>|[MASK]<|endoftext|>|[MASK]<|endoftext|>|MASK<|endoftext|>|MASK 
               <|endoftext|>",
378,strategy,,False,8,|MASK|MASK|MASK|MASK|MASK|MASK|MASK,    <|endoftext|>,    <|endoftext|>|[MASK]<|endoftext|>|[MASK]<|endoftext|>|[MASK]<|endoftext|>|MASK<|endoftext|>|MASK<|endoftext|>|MASK<|endoftext|>| MASK<|endoftext|>,
379,vPath,MASK,False,3,MASK|MASK|MASK,[MASK] <|file_sep|><|fim_prefix|>/src/com/tonicsystems/jarjar/util/EntryStruct.java,[MASK] <|file_sep|><|fim_prefix|>/src/com/tonicsystems/jarjar/util/EntryStruct.java|[MASK]<|endoftext|>|MASK<|endoftext|>,
380,webSocketClient,MASK,False,6,MASK|MASK|MASK|MASK|MASK|MASK,[MASK]<|endoftext|>,[MASK]<|endoftext|>|[MASK]<|endoftext|>|[MASK]<|endoftext|>|[MASK]<|endoftext|>|MASK<|endoftext|>|MASK<|endoftext|>,
381,toBeReturned,MASK,False,4,MASK|MASK|MASK|MASK,[MASK]<|endoftext|>,[MASK]<|endoftext|>| MASK<|endoftext|>|MASK<|endoftext|>| MASK<|endoftext|>,
382,array,array,True,2,array|array,"array) {
      return standardToArray(array);
    }

    @Override
    public boolean equals(Object","array) {
      return standardToArray(array);
    }

    @Override
    public boolean equals(Object|array );
    }

    @Override
    public boolean equals(Object object) {
      return standardEquals",
383,batch,ableX,False,17,ableX|isScrollingDisabledY|isPanning|0;|velocityX|public|Y|return|*/|this|Default|float|even|boolean|Y|this|this,"ableX = x;
		disableY = y;
		invalidate();
	}

	/**","ableX = x;
		disableY = y;
		invalidate();
	}

	/**| isScrollingDisabledY () {
		return disableY;
	}

	/** If true, the|().isPanning();
	}

	public void setFadeScrollBars (boolean fadeScrollBars) {
| 0;
	}

	public void setFadeScrollBars (boolean fadeScrollBars) {
		if|.velocityX = velocityX;
	}

	public void setVelocityY (float velocityY) {
	|	public void setVelocityY (float velocityY) {
		this.velocityY = velocityY;
	|Y) {
		this.velocityY = velocityY;
	}

	/** Gets the flick scroll y|	return velocityY;
	}

	/** Sets the amount of time in seconds for which you want to| */
	public void setOverscrollX (boolean overscrollX) {
		this.overscroll|		this.overscrollX = overscrollX;
		this.overscrollY = overscroll|. Default is 50 and
	 * 200. */
	public void setO| (float overscrollDistance, float overscrollSpeedMin, float overscrollSpeedMax) {
	|even if the actor is smaller than the scroll pane). */
	public void setForceScroll (boolean force| boolean y) {
		forceScrollX = x;
		forceScrollY = y;
|Y () {
		return forceScrollY;
	}

	/** If true, the scrollbars will|		this.flingTime = flingTime;
	}

	public float getFlingTime () {
|	this.clamp = clamp;
	}

	/** For flick scroll, if true the scrollbars will",
384,expectedLatn,number,False,3,number|FieldPosition|fpos," number
                errln(""whoops"");
            }
            catch (ParseException e) {
                log"," number
                errln(""whoops"");
            }
            catch (ParseException e) {
                log| FieldPosition(0);
            fmt.format(xcal, xbuf, fpos);
            if (|, fpos);
            if (xbuf.toString().equals(""0"")) {
                logln(""",
385,sampleEntry,entryList,False,5,entryList|MASK|MASK|MASK|MASK,entryList<|endoftext|>,entryList<|endoftext|>|[MASK]<|endoftext|>|[MASK]<|endoftext|>|[MASK]<|endoftext|>|MASK<|endoftext|>,
386,expected,MASK,False,6,MASK|MASK|MASK|MASK|MASK|MASK,[MASK]<|endoftext|>,[MASK]<|endoftext|>|[MASK]<|endoftext|>|[MASK]<|endoftext|>|MASK <|endoftext|>|MASK<|endoftext|>|MASK<|endoftext|>,
387,unstubbedIterator,allIterator,False,4,allIterator|MASK|MASK|MASK,allIterator<|endoftext|>,allIterator<|endoftext|>|[MASK] <|endoftext|>|MASK<|endoftext|>| MASK<|endoftext|>,
388,builder,StringBuilder,False,9,StringBuilder|MASK|MASK|MASK|MASK||MASK|MASK|MASK,StringBuilder<|endoftext|>,StringBuilder<|endoftext|>|[MASK] <|fim_pad|><|fim_pad|><|fim_pad|><|fim_pad|><|fim_pad|><|fim_pad|><|fim_pad|><|fim_pad|><|fim_pad|><|fim_pad|><|fim_pad|><|fim_pad|><|fim_pad|><|fim_pad|><|fim_pad|><|fim_pad|>|[MASK]<|endoftext|>|[MASK] <|fim_pad|><|fim_pad|><|fim_pad|><|fim_pad|><|fim_pad|><|fim_pad|><|fim_pad|><|fim_pad|><|fim_pad|><|fim_pad|><|fim_pad|><|fim_pad|><|fim_pad|><|fim_pad|><|fim_pad|><|fim_pad|>|MASK <|fim_pad|><|fim_pad|><|fim_pad|><|fim_pad|><|fim_pad|><|fim_pad|><|fim_pad|><|fim_pad|><|fim_pad|><|fim_pad|><|fim_pad|><|fim_pad|><|fim_pad|><|fim_pad|><|fim_pad|><|fim_pad|><|fim_pad|><|fim_pad|>|<|endoftext|>|[MASK]<|endoftext|>| MASK<|endoftext|>| MASK<|endoftext|>,
389,request,indices,False,13,indices|MASK|MASK|MASK|MASK|MASK|MASK|MASK|MASK|MASK|MASK|MASK|MASK,"indices, the search type, the indices options,
 * the search source, and the eventual template that","indices, the search type, the indices options,
 * the search source, and the eventual template that|[MASK]  body is deprecated. ""
            + ""Use a types filter in the search |[MASK]  into a search template. This is done so that we can
        // use|MASK  from the specified parser. The search  MASK  is expected to be
     * a|[MASK]<|endoftext|>|[MASK]<|endoftext|>|[MASK]<|endoftext|>|[MASK]<|endoftext|>|MASK . unexpected boolean field ["" + currentFieldName + ""]""
                    );
                }
            } else if|MASK . unexpected token ["" + token + ""]"");
            }
        }

        if (indices.isEmpty()) {
|[MASK]<|endoftext|>|[MASK]  [MASK]  [MASK]  [MASK]  [MASK] | MASK <|endoftext|>",
390,queueSize,MASK,False,17,MASK|MASK|MASK|MASK|MASK|MASK|MASK|MASK|MASK|MASK|MASK|MASK|MASK|MASK|MASK|MASK|MASK,[MASK]<|endoftext|>,"[MASK]<|endoftext|>| [MASK] <|endoftext|>| [MASK] <|endoftext|>|[MASK]  );
                ns.responseTime.addValue((double) responseTimeNanos);
                ns| [MASK] <|endoftext|>|[MASK] <|endoftext|>| [MASK]<|endoftext|>|MASK<|endoftext|>|MASK <|endoftext|>|[MASK]<|endoftext|>| MASK <|endoftext|>| MASK  / FACTOR<|endoftext|>| MASK<|endoftext|>| [MASK] <|endoftext|>| MASK<|endoftext|>| MASK<|endoftext|>|MASK<|endoftext|>",
391,idleStateHandler,MASK,False,23,MASK|MASK|MASK|MASK|MASK|MASK|MASK|MASK|MASK|MASK|MASK|MASK|MASK|MASK|MASK|MASK|MASK|MASK|MASK|MASK|MASK|MASK|MASK,[MASK]<|endoftext|>,"[MASK]<|endoftext|>|[MASK]<|endoftext|>|MASK<|endoftext|>|MASK<|endoftext|>|[MASK]<|endoftext|>|MASK<|endoftext|>|[MASK]<|endoftext|>|[MASK]<|endoftext|>|[MASK] .tickRun();
            }

            assertEquals(expected.length, events.size());

            // Compare|[MASK]<|endoftext|>|MASK<|endoftext|>|[MASK]<|endoftext|>|MASK<|endoftext|>|[MASK]  = new TestableIdleStateHandler(0L, 0L, |[MASK]<|endoftext|>|[MASK]<|endoftext|>|MASK<|endoftext|>|[MASK]<|endoftext|>|MASK<|endoftext|>|MASK<|endoftext|>|[MASK]<|endoftext|>|[ MASK]<|endoftext|>|MASK<|endoftext|>",
392,aabbMax,MASK,False,8,MASK|MASK|MASK|MASK|MASK|MASK|MASK|MASK,[MASK]<|endoftext|>,"[MASK]<|endoftext|>|[MASK]<|endoftext|>|[MASK]<|endoftext|>|MASK , btDispatcher.getCPtr(dispatcher),
			dispatcher);
	}

	public void updateHandle (|[MASK]<|endoftext|>|MASK<|endoftext|>|MASK<|endoftext|>|MASK );
	}

	public void unQuantize (btBroadphaseProxy proxy, Vector3 aabb",
393,listSize,MASK,False,5,MASK|||MASK|MASK,"[MASK]  = pendingList.size() - 1;
        long numThreads = min(DEFAULT","[MASK]  = pendingList.size() - 1;
        long numThreads = min(DEFAULT|
            (long) (pendingList.size() / DEFAULT_THREAD_COUNT) + 1
       |<|endoftext|>|[MASK]<|endoftext|>|MASK<|endoftext|>",
394,ownerType,ownerType,True,3,ownerType|ownerType|ownerType,ownerType<|endoftext|>,ownerType<|endoftext|>|ownerType<|endoftext|>|ownerType<|endoftext|>,
395,modulesExports,MASK,False,3,MASK|MASK|MASK, [MASK]<|endoftext|>," [MASK]<|endoftext|>|MASK
                   <|endoftext|>| MASK <|endoftext|>",
396,secretSettings,secretSettings,True,3,secretSettings|secretSettings|secretSettings,secretSettings<|endoftext|>,"secretSettings<|endoftext|>|secretSettings.accessKey(),  [MASK] .secretKey(), serviceSettings.region(), timeout);
   |secretSettings<|endoftext|>",
397,positionCount,positionCount,True,6,positionCount|MASK|MASK|MASK|positionCount|positionCount,      positionCount<|endoftext|>,      positionCount<|endoftext|>|[MASK]<|endoftext|>|MASK<|endoftext|>|MASK<|endoftext|>|positionCount<|endoftext|>|positionCount<|endoftext|>,
398,elements,n,False,2,n|n,"n) {
        return
            Flowable.combineLatestArray(
                new Publisher[] { Flowable","n) {
        return
            Flowable.combineLatestArray(
                new Publisher[] { Flowable|n<|endoftext|>",
399,classVisitor,classVisitor,True,2,classVisitor|classVisitor,"classVisitor)
    {
        if (referencedClass != null)
        {
            referencedClass.accept","classVisitor)
    {
        if (referencedClass != null)
        {
            referencedClass.accept|classVisitor );
        }
    }


    /**
     * Lets the referenced class member accept the given visitor",
400,ruleClass,MASK,False,13,MASK|MASK|MASK|MASK|MASK|MASK|MASK|MASK|MASK|MASK|MASK|MASK|, [MASK] <|endoftext|>," [MASK] <|endoftext|>|MASK
 <|endoftext|>|[MASK]<|endoftext|>| MASK<|endoftext|>|[MASK]<|endoftext|>|[MASK]<|endoftext|>|[ MASK ]<|endoftext|>|[MASK]<|endoftext|>|MASK<|endoftext|>|[ MASK ]<|endoftext|>| MASK<|endoftext|>| MASK<|endoftext|>|<|endoftext|>",
401,expectedIndexCount,MASK,False,2,MASK|MASK,"[MASK]  = securityEnabled ? 3 : 2;
        checkIndexCount(""index","[MASK]  = securityEnabled ? 3 : 2;
        checkIndexCount(""index|MASK);
        checkIndexCount(""index_denied"",  0);
        checkIndexCount(""",
402,management,management,True,6,management|MASK|MASK|MASK|MASK|MASK,management <|file_sep|><|fim_prefix|>/spring-boot-project/spring-boot/src/main/java/org/springframework/boot/,"management <|file_sep|><|fim_prefix|>/spring-boot-project/spring-boot/src/main/java/org/springframework/boot/|[MASK]<|endoftext|>| [MASK]  ;
		}

		public void setManagement(Duration  [MASK] ) {
| [MASK] <|endoftext|>| MASK<|endoftext|>| MASK  ;
		}

		public Duration get  MASK  () {
			return this. MASK",
403,renderTimeNs,MASK,False,5,MASK|MASK|MASK||,   [MASK]<|endoftext|>,"   [MASK]<|endoftext|>|MASK<|endoftext|>|MASK } is the render time to use for the frame, in nanoseconds. The render time
| <|endoftext|>|<|endoftext|>",
404,pname,MASK,False,16,MASK|MASK|MASK|MASK|MASK|MASK|MASK|MASK|MASK|MASK|MASK|MASK|MASK|MASK|MASK|MASK,"[MASK] , IntBuffer params);

	public native void glGetQueryObjectuiv (int id,","[MASK] , IntBuffer params);

	public native void glGetQueryObjectuiv (int id,|[MASK] , IntBuffer params);

	public native void glGetQueryObjectiv (int id, int|MASK , Buffer params);

	public native void glDrawBuffers (int n, int[] bufs,|[MASK] , IntBuffer params);

	public native void glGetVertexAttribIuiv (int index,|MASK , IntBuffer params);

	public native void glGetVertexAttribLdv (int index, int  MASK|MASK<|endoftext|>|MASK<|endoftext|>|MASK<|endoftext|>|MASK<|endoftext|>|MASK <|endoftext|>|MASK<|endoftext|>|MASK<|endoftext|>|MASK<|endoftext|>|MASK<|endoftext|>|MASK<|endoftext|>|MASK <|fim_pad|><|fim_pad|><|fim_pad|><|fim_pad|><|fim_pad|><|fim_pad|><|fim_pad|><|fim_pad|><|fim_pad|><|fim_pad|><|fim_pad|><|fim_pad|><|fim_pad|><|fim_pad|><|fim_pad|><|fim_pad|><|fim_pad|><|fim_pad|>",
405,platformUrl,MASK,False,6,MASK|MASK|MASK|MASK|MASK|MASK,"[MASK]  = String.format(Locale.ROOT, ""%s/%s-%s-%s.zip","[MASK]  = String.format(Locale.ROOT, ""%s/%s-%s-%s.zip|[MASK]<|endoftext|>|[MASK]<|fim_pad|><|fim_pad|><|fim_pad|><|fim_pad|><|fim_pad|><|fim_pad|><|fim_pad|><|fim_pad|><|fim_pad|><|fim_pad|><|fim_pad|><|fim_pad|><|fim_pad|><|fim_pad|><|fim_pad|><|fim_pad|><|fim_pad|>|[MASK]  = String.format(Locale.ROOT, ""%s/%s-%s-%s.zip|MASK <|fim_pad|><|fim_pad|><|fim_pad|><|fim_pad|><|fim_pad|><|fim_pad|><|fim_pad|><|fim_pad|><|fim_pad|><|fim_pad|><|fim_pad|><|fim_pad|><|fim_pad|><|fim_pad|><|fim_pad|><|fim_pad|><|fim_pad|><|fim_pad|>|MASK <|fim_pad|><|fim_pad|><|fim_pad|><|fim_pad|><|fim_pad|><|fim_pad|><|fim_pad|><|fim_pad|><|fim_pad|><|fim_pad|><|fim_pad|><|fim_pad|><|fim_pad|><|fim_pad|><|fim_pad|><|fim_pad|><|fim_pad|><|fim_pad|>",
406,context,MASK,False,3,MASK|MASK|MASK,[MASK]<|endoftext|>,[MASK]<|endoftext|>|   [MASK]<|endoftext|>| MASK<|endoftext|>,
407,topUncast,MASK,False,9,MASK|MASK|MASK|MASK|MASK|MASK|MASK|MASK|MASK, [MASK]<|endoftext|>," [MASK]<|endoftext|>|[MASK]<|endoftext|>|[MASK]<|endoftext|>|[MASK]<|endoftext|>|MASK <|fim_pad|><|fim_pad|><|fim_pad|><|fim_pad|><|fim_pad|><|fim_pad|><|fim_pad|><|fim_pad|><|fim_pad|><|fim_pad|><|fim_pad|><|fim_pad|><|fim_pad|><|fim_pad|><|fim_pad|><|fim_pad|><|fim_pad|><|fim_pad|>|MASK <|endoftext|>|[MASK]<|endoftext|>|MASK .areAllValuesNull()) {
      return;
    }
    FloatBlock top = (Float|MASK ;
    Block outputUncast = page.getBlock(channels.get(1));
    if (output",
408,expectedCount,expectedCount,True,2,expectedCount|expectedCount,expectedCount<|endoftext|>,expectedCount<|endoftext|>|expectedCount<|endoftext|>,
409,dfLatn,catch,False,3,catch||{," } catch (ParseException e) {
                logln(""ok"");
            }
            try {
                fmt"," } catch (ParseException e) {
                logln(""ok"");
            }
            try {
                fmt|
                logln(""ok"");
            }
            catch (ParseException e) {
                errln(""|        {
            ChineseDateFormat fmt = new ChineseDateFormat(""yymm"", Locale.US);
            try {
",
410,usedBuiltInCharFilters,MASK,False,15,MASK|usedBuiltInAnalyzers|usedBuiltInCharFilters|usedBuiltInCharFilters|MASK|MASK|MASK|MASK|MASK|MASK|MASK|MASK|MASK|MASK|MASK,[MASK]<|endoftext|>,"[MASK]<|endoftext|>|usedBuiltInAnalyzers.computeIfAbsent(charFilter, IndexFeatureStats::new);
                        stats.count|usedBuiltInCharFilters.keySet()<|file_sep|><|fim_prefix|>/x-pack/plugin/src/test/java/org/elasticsearch/xpack|usedBuiltInCharFilters<|endoftext|>|[MASK]<|endoftext|>|[MASK] <|endoftext|>| [MASK]<|endoftext|>|MASK <|endoftext|>|[MASK]<|endoftext|>|[MASK]<|endoftext|>| [MASK] <|endoftext|>|[MASK]<|endoftext|>|MASK <|endoftext|>|MASK<|endoftext|>| MASK <|endoftext|>",
411,upstream,MASK,False,6,MASK|MASK|MASK|MASK|MASK|MASK,[MASK]<|endoftext|>,[MASK]<|endoftext|>|[MASK]<|endoftext|>|[MASK]<|endoftext|>|[MASK]<|endoftext|>|MASK<|endoftext|>|MASK<|endoftext|>,
412,newEntries,MASK,False,4,MASK|MASK|MASK|MASK,[MASK] <|fim_pad|><|fim_pad|><|fim_pad|><|fim_pad|><|fim_pad|><|fim_pad|><|fim_pad|><|fim_pad|><|fim_pad|><|fim_pad|><|fim_pad|><|fim_pad|><|fim_pad|><|fim_pad|><|fim_pad|><|fim_pad|>,"[MASK] <|fim_pad|><|fim_pad|><|fim_pad|><|fim_pad|><|fim_pad|><|fim_pad|><|fim_pad|><|fim_pad|><|fim_pad|><|fim_pad|><|fim_pad|><|fim_pad|><|fim_pad|><|fim_pad|><|fim_pad|><|fim_pad|>|[MASK] [newCurrentEntryIndex] = currentEntry.next;
          currentEntry.next = |MASK<|fim_pad|><|fim_pad|><|fim_pad|><|fim_pad|><|fim_pad|><|fim_pad|><|fim_pad|><|fim_pad|><|fim_pad|><|fim_pad|><|fim_pad|><|fim_pad|><|fim_pad|><|fim_pad|><|fim_pad|><|fim_pad|><|fim_pad|><|fim_pad|><|fim_pad|>|MASK ;
    }
    int index = entry.hashCode % entries.length;
    entry.next = entries[index",
413,request,MASK,False,16,MASK|MASK|MASK|MASK|MASK|MASK|MASK|MASK|MASK|MASK|MASK|MASK|MASK|MASK|MASK|MASK,  [MASK]<|endoftext|>,"  [MASK]<|endoftext|>|   [MASK]<|endoftext|>|[MASK]<|endoftext|>|MASK<|endoftext|>|MASK<|endoftext|>| MASK<|endoftext|>| [MASK]<|endoftext|>|[MASK] ,  [MASK] );
        assertEquals( [MASK] .hashCode(),  [|MASK  );
        assertEquals( MASK .hashCode(),   MASK  .hashCode()<|endoftext|>| [MASK]<|endoftext|>|[MASK]<|endoftext|>|[MASK] );
        assertEquals( [MASK] .hashCode(), copy.hashCode());

        copy = copy| MASK<|endoftext|>|[ MASK]<|endoftext|>| MASK<|endoftext|>| MASK<|endoftext|>",
414,database,MASK,False,7,MASK|MASK||database|||MASK,[MASK]<|endoftext|>,[MASK]<|endoftext|>|  [MASK] <|endoftext|>|<|endoftext|>|database index used by the connection factory<|endoftext|>|<|endoftext|>|<|endoftext|>|MASK<|endoftext|>,
415,observer,,False,15,|MASK|MASK|MASK|MASK|MASK|MASK|MASK|MASK|MASK|MASK|MASK|MASK|MASK|MASK,<|endoftext|>,<|endoftext|>| [MASK]<|endoftext|>| [MASK]<|endoftext|>|MASK<|endoftext|>|MASK<|endoftext|>|[MASK]<|endoftext|>|MASK<|endoftext|>|MASK<|endoftext|>|[MASK]<|endoftext|>|MASK<|endoftext|>|MASK<|endoftext|>|MASK<|endoftext|>|MASK<|endoftext|>|MASK<|endoftext|>|MASK<|endoftext|>,
416,cMemoryOwn,MASK,False,6,MASK|MASK|MASK|MASK|MASK|MASK,[MASK]<|endoftext|>,"[MASK]<|endoftext|>|[MASK] );
		swigCPtr = cPtr;
	}

	protected btMultiBodyLink|[MASK]<|endoftext|>|MASK );
	}

	protected btMultiBodyLinkFloatData (String className, long cPtr, boolean|MASK<|endoftext|>|MASK );
	}

	protected void construct () {
	}

	protected void destroy () {
		if (sw",
417,desturi,MASK,False,6,MASK|MASK|MASK|the|MASK|MASK,[MASK]<|endoftext|>,"[MASK]<|endoftext|>|[MASK]<|endoftext|>|[MASK]<|endoftext|>|the namespace URI to be
                // correct.  I'm not sure why it was returning the|MASK<|endoftext|>|MASK<|endoftext|>",
418,bucket,MASK,False,78,MASK|MASK|MASK|MASK|MASK|MASK|MASK|MASK|MASK|MASK|MASK|MASK|MASK|MASK|MASK|MASK|MASK|MASK|MASK|MASK|MASK|MASK|MASK|MASK|MASK|MASK|MASK|MASK|MASK|MASK|MASK|MASK|MASK|MASK|MASK|MASK|MASK|MASK|MASK|MASK|MASK|MASK|MASK|MASK|MASK|MASK|MASK|MASK|MASK|MASK|MASK|MASK|MASK|MASK|MASK|MASK|MASK|MASK|MASK|MASK|MASK|MASK|MASK|MASK|MASK|MASK|MASK|MASK|MASK|MASK|MASK|MASK|MASK|MASK|MASK|MASK|MASK|MASK,"[MASK]  using a heap.
 * <p>
 *     This is a generic implementation that","[MASK]  using a heap.
 * <p>
 *     This is a generic implementation that|[MASK]<|endoftext|>|[MASK]<|endoftext|>|[MASK] <|fim_pad|><|fim_pad|><|fim_pad|><|fim_pad|><|fim_pad|><|fim_pad|><|fim_pad|><|fim_pad|><|fim_pad|><|fim_pad|><|fim_pad|><|fim_pad|><|fim_pad|><|fim_pad|><|fim_pad|><|fim_pad|>|[MASK]<|endoftext|>|[MASK]<|endoftext|>|[MASK]  id (0, 1, 2...).
     *     Then,|MASK  there are  MASK Size elements, based on the  MASK  offset (0, |MASK<|endoftext|>|[MASK]<|endoftext|>|MASK]  has collected  MASK Size elements, it transitions to heap mode.
     *         </|MASK Size-th element is the minimum value in the  MASK .
     *         </p>
    |MASK  is in heap mode, and the  MASK Size elements are stored in the array as a|MASK , and the children are the next 2 smallest values.
     *             This allows us to|MASK<|endoftext|>| [MASK]<|endoftext|>|MASK<|endoftext|>|[MASK]<|endoftext|>|[MASK]<|endoftext|>|[MASK]  *<|endoftext|>|MASK<|endoftext|>|MASK<|endoftext|>|[MASK]<|endoftext|>|MASK<|endoftext|>| [MASK]<|endoftext|>|[MASK]<|endoftext|>|MASK Size slots, but got<|fim_pad|><|fim_pad|><|fim_pad|><|fim_pad|><|fim_pad|><|fim_pad|><|fim_pad|><|fim_pad|><|fim_pad|><|fim_pad|><|fim_pad|><|fim_pad|><|fim_pad|><|fim_pad|>|MASK<|endoftext|>|[MASK]<|endoftext|>|[MASK]<|endoftext|>|[MASK]<|endoftext|>|MASK<|endoftext|>|[MASK] <|fim_pad|><|fim_pad|><|fim_pad|><|fim_pad|><|fim_pad|><|fim_pad|><|fim_pad|><|fim_pad|><|fim_pad|><|fim_pad|><|fim_pad|><|fim_pad|><|fim_pad|><|fim_pad|><|fim_pad|><|fim_pad|>|[MASK]  has not been collected yet, or
     * {@code [0, |MASK<|endoftext|>|MASK  *<|endoftext|>|MASK<|endoftext|>|[MASK]<|endoftext|>|[MASK]<|endoftext|>|MASK<|endoftext|>|MASK<|endoftext|>|MASK<|endoftext|>|MASK<|endoftext|>|MASK<|endoftext|>|[MASK] <|endoftext|>|MASK<|endoftext|>|[MASK]  in a<|endoftext|>|MASK<|endoftext|>|MASK<|endoftext|>|[MASK]<|endoftext|>|MASK<|endoftext|>|[MASK]  slots.
     * <p>
     * This is done by allocating enough space|[MASK]<|endoftext|>|MASK<|endoftext|>|MASK<|endoftext|>|[MASK]<|endoftext|>|[ MASK]<|endoftext|>| [MASK] Size) *  [MASK] Size, PageCacheRecycler.DOUBLE_PAGE_SIZE|MASK<|endoftext|>| [MASK]  boundary, so that we don't
        // have to worry about partial |[MASK]<|endoftext|>|MASK<|endoftext|>|MASK<|endoftext|>|MASK<|endoftext|>|MASK<|endoftext|>|MASK<|endoftext|>|[MASK]<|endoftext|>|  [MASK]<|endoftext|>|MASK<|endoftext|>|[MASK]  of size {@code heapSize} that is rooted at
     * {@code|[MASK] 
     * @param heapSize Number of values that belong to the heap.
    |[MASK]<|endoftext|>|[MASK]<|endoftext|>|MASK<|endoftext|>|MASK<|endoftext|>|MASK  to check.
     *               For example, 0 is the ""root"".
     *|MASK<|endoftext|>|MASK<|endoftext|>",
419,object,value,False,2,value|value,"value) {
            script.checkMaxSize(script.geometries.size());
            script.emitFromObject(","value) {
            script.checkMaxSize(script.geometries.size());
            script.emitFromObject(|value<|endoftext|>",
420,superType,MASK,False,2,MASK|MASK,[MASK]<|endoftext|>,[MASK]<|endoftext|>|MASK<|endoftext|>,
421,pathSet,MASK,False,6,MASK|MASK|MASK|MASK|MASK|MASK,[MASK]<|endoftext|>,"[MASK]<|endoftext|>|[MASK]<|endoftext|>|[MASK]<|endoftext|>|[MASK]<|endoftext|>|[MASK]<|endoftext|>|MASK );
        }
    }

    @Test
    public void test_newDirectoryStream$Path$",
422,resolverChain,[,False,13,[|MASK|MASK|MASK|MASK|MASK|MASK|MASK|MASK|MASK|MASK|MASK|MASK,[<|endoftext|>,[<|endoftext|>|[MASK]<|endoftext|>| [MASK] <|endoftext|>| [MASK]<|endoftext|>|MASK <|endoftext|>|[MASK]<|endoftext|>|[MASK]<|endoftext|>|[MASK]<|endoftext|>| MASK<|endoftext|>|MASK<|endoftext|>| MASK<|endoftext|>|MASK <|endoftext|>| MASK <|endoftext|>,
423,section,dexFileDataBuffer,False,2,dexFileDataBuffer|dexFileDataBuffer,"dexFileDataBuffer) {
        return dexFileDataBuffer.readCallSiteId();
    }

   ","dexFileDataBuffer) {
        return dexFileDataBuffer.readCallSiteId();
    }

   |dexFileDataBuffer<|endoftext|>",
424,originalBucket,sigTermsBucket,False,4,sigTermsBucket|MASK|MASK|MASK,sigTermsBucket  <|file_sep|><|fim_prefix|>/x-pack/plugin/src/test/java/org/elasticsearch/xpack/security/transport,"sigTermsBucket  <|file_sep|><|fim_prefix|>/x-pack/plugin/src/test/java/org/elasticsearch/xpack/security/transport|[MASK] .getDocCount(), equalTo(streamedBucket.getDocCount()));
        assertThat( [|[MASK] .getDocCount(), equalTo(streamedBucket.getDocCount()));
        assertThat( [|MASK .getSubsetDf(), equalTo(streamedBucket.getSubsetDf()));
        assertThat( MASK",
425,expected,MASK,False,2,MASK|MASK,[MASK]<|endoftext|>,"[MASK]<|endoftext|>|MASK
            .apply(encoded)
           <|endoftext|>",
426,executor,executor,True,1,executor,"executor) {}
    }

    /**
     * For use as RejectedExecutionHandler in constructors
    ","executor) {}
    }

    /**
     * For use as RejectedExecutionHandler in constructors
    ",
427,idpMetadataCertificates,idpMetadataSigningCertificates,False,2,idpMetadataSigningCertificates|idpMetadataSigningCertificates,"idpMetadataSigningCertificates = randomSubsetOf(certificates);
        final List<X509Certificate","idpMetadataSigningCertificates = randomSubsetOf(certificates);
        final List<X509Certificate|idpMetadataSigningCertificates  );
        doc1.setAssertionConsumerServiceBinding(randomFrom(""urn:o",
428,height,height,True,63,height|height|MASK|MASK|MASK|MASK|MASK|MASK|MASK|MASK|MASK|MASK|MASK|MASK|MASK|MASK|MASK|MASK|y|MASK|MASK|MASK|MASK|MASK|MASK|MASK|}|() {|0;|isScrollX|X|return|ForceScrollX|Panning|the|crollDistance|*/|public|FlingTime|scrollBarTouch|}|;|. */|so|getScrollbarsOnTop|}|MASK|MASK|MASK|MASK|MASK|MASK|MASK|MASK|MASK|MASK|MASK|MASK|MASK|MASK|height|MASK|*/,"height is less than the size of this scroll pane,
 * it is set to the size of this","height is less than the size of this scroll pane,
 * it is set to the size of this|height * (y < vKnobBounds.y ? 1 : -1));
					return true|[MASK]  - vKnobBounds. [MASK] );
					float total = vScroll|[MASK]<|file_sep|><|fim_prefix|>/gdx/src/com/badlogic/gdx/graphics/g3d/|[MASK]  - vKnobBounds. [MASK] ;
					if (total != |[MASK] <|fim_pad|><|fim_pad|><|fim_pad|><|fim_pad|><|fim_pad|><|fim_pad|><|fim_pad|><|fim_pad|><|fim_pad|><|fim_pad|><|fim_pad|><|fim_pad|><|fim_pad|><|fim_pad|><|fim_pad|><|fim_pad|>|[MASK]  - vKnobBounds. [MASK] ) > actorArea. [MASK|MASK <|fim_pad|><|fim_pad|><|fim_pad|><|fim_pad|><|fim_pad|><|fim_pad|><|fim_pad|><|fim_pad|><|fim_pad|><|fim_pad|><|fim_pad|><|fim_pad|><|fim_pad|><|fim_pad|><|fim_pad|><|fim_pad|><|fim_pad|><|fim_pad|>|[MASK]  * 0.1f))) //
			|| (touchScrollH &&|[MASK]<|fim_pad|><|fim_pad|><|fim_pad|><|fim_pad|><|fim_pad|><|fim_pad|><|fim_pad|><|fim_pad|><|fim_pad|><|fim_pad|><|fim_pad|><|fim_pad|><|fim_pad|><|fim_pad|><|fim_pad|><|fim_pad|><|fim_pad|>|MASK<|endoftext|>|[MASK]  && !disableY);
		if (scrollX && scrollY) {
		|[MASK]  -= scrollbarHeight;
				if (hScrollOnBottom) actorArea.y +=|[MASK]  && !disableY) {
					scrollY = true;
					actorArea.|[MASK]  : Math.max(actorArea. [MASK] , actorHeight);

		//|[MASK]  - bgTopHeight - bgBottomHeight);

		// Set the actor's|[MASK]  ;

		// Clamp the scroll amount.
		amountX = MathUtils|MASK  - bgTopHeight - scrollbarHeight;
				hScrollBounds.set(x, y, actor|y = hScrollBounds.y;
			} else {
				hScrollBounds.set(0,|[MASK]  - scrollbarHeight);
				if (scrollX && !scrollbarsOnTop)|[MASK]  -= scrollbarWidth;
					if (vScrollOnRight) vScrollBounds.x|[MASK]<|fim_pad|><|fim_pad|><|fim_pad|><|fim_pad|><|fim_pad|><|fim_pad|><|fim_pad|><|fim_pad|><|fim_pad|><|fim_pad|><|fim_pad|><|fim_pad|><|fim_pad|><|fim_pad|><|fim_pad|><|fim_pad|><|fim_pad|>|[MASK]  * (actorHeight - actorArea. [MASK]  ) / actorHeight|[MASK]<|endoftext|>|[MASK]<|fim_pad|><|fim_pad|><|fim_pad|><|fim_pad|><|fim_pad|><|fim_pad|><|fim_pad|><|fim_pad|><|fim_pad|><|fim_pad|><|fim_pad|><|fim_pad|><|fim_pad|><|fim_pad|><|fim_pad|><|fim_pad|><|fim_pad|>|[MASK]  > actorHeight) vKnobBounds. [MASK]  = 0|	}

	/** Sets the scroll offset so the specified actor is fully in view, if possible.| () {
		return hScrollBounds.height;
	}

	public float getScrollBarWidth () {
		return|0;
		return hScrollBounds.height;
	}

	public float getScrollBarWidth () {
		if| isScrollX () {
		return scrollX;
	}

	/** Returns true if the actor is|X;
	}

	/** Returns true if the actor is larger than the scroll pane vertically. */
|		return disableY;
	}

	/** Sets whether the scrollbars should be visible when not scrolling|ForceScrollX () {
		return forceScrollX;
	}

	public void setForceScrollX (|Panning();
	}

	public boolean isFlinging () {
		return flingTimer > | the speed at which the actor will animate back to its bounds
	 * when scrolling is stopped.|crollDistance;
	}

	public float getOverscrollSpeedMin () {
		return overscrollSpeed| */
	public void setForceScroll (boolean x, boolean y) {
		forceScrollX =|	public boolean isForceScrollY () {
		return forceScrollY;
	}

	/** If true|FlingTime (float flingTime) {
		this.flingTime = flingTime;
| scrollBarTouch) {
		if (this.scrollBarTouch == scrollBarTouch) return;
	|}

	public boolean getScrollBarTouch () {
		return scrollBarTouch;
	}

	/** When true|;
	}

	public boolean isSmoothScrolling () {
		return smoothScrolling;
	}

	|. */
	public void setScrollbarsOnTop (boolean scrollbarsOnTop) {
		if (| so it
	 * is not drawn under the scrollbars and the scrollbars are drawn on top| getScrollbarsOnTop () {
		return scrollbarsOnTop;
	}

	/** When true|	}

	public void setVariableSizeKnobs (boolean variableSizeKnobs) {
		this.variable|MASK<|endoftext|>|[MASK]  *<|file_sep|><|fim_prefix|>/README.md
package com.badlogic.gdx.scenes.scene2d.ui|[MASK] <|endoftext|>|MASK<|endoftext|>|MASK<|endoftext|>|MASK<|endoftext|>|MASK  - actorArea. [MASK]  -  [MASK] <|endoftext|>|MASK<|endoftext|>|MASK  -  MASK<|endoftext|>|[MASK]<|endoftext|>|[MASK]<|endoftext|>|[MASK]<|endoftext|>|MASK<|endoftext|>| MASK <|endoftext|>|height <|file_sep|><|fim_prefix|>/README.md
package com.badlogic.gdx.graphics.g3d.particles.influ|MASK <|file_sep|><|fim_prefix|>/README.md
package com.badlogic.gdx.graphics.g3d.particles.influ|*/<|endoftext|>",
429,rhsElem,MASK,False,6,MASK|MASK|MASK|MASK|MASK|MASK,[MASK]<|endoftext|>,"[MASK]<|endoftext|>|[MASK] <|endoftext|>| [MASK]<|endoftext|>|MASK ) :  [MASK] .toString();
                if (!lhsDescs.remove( [MASK|MASK<|endoftext|>|MASK Desc)) {
                    return false;
                }
                ++rhsNotNullElemCount;
            }
           ",
430,actualLatn,ao,False,3,ao|xfp|parse,"ao"");
            }

            try {
                fmt.parse(""22555""); // too many","ao"");
            }

            try {
                fmt.parse(""22555""); // too many| xfp = new FieldPosition(0);
            fmt.format(xcal, xbuf, xfp|.parse(xbuf.toString());
                errln(""whoops"");
            }
            catch (ParseException e)",
431,addArr,addLastArr,False,2,addLastArr|addLastArr,addLastArr<|endoftext|>,addLastArr<|endoftext|>|addLastArr<|endoftext|>,
432,oninvokeInstance,oninvokeInstance,True,5,oninvokeInstance|MASK|oninvokeInstance|oninvokeInstance|MASK,oninvokeInstance<|endoftext|>,"oninvokeInstance<|endoftext|>|[MASK] <|endoftext|>|oninvokeInstance<|endoftext|>|oninvokeInstance  =  oninvokeInstance ;
    }

    public static final Object MASK = new| MASK ;
    }

    public Object getOninvokeMethod() {
        return  MASK ;
    }

",
433,target,,False,2,|, <|endoftext|>, <|endoftext|>| <|endoftext|>,
434,buffer,,False,3,|MASK|MASK,    <|endoftext|>,    <|endoftext|>|[MASK]<|endoftext|>|MASK<|endoftext|>,
435,parentDirName,MASK,False,3,MASK|MASK|MASK,"             [MASK]  = file.getFileName().toString();
                final PosixFileAttributeView [","             [MASK]  = file.getFileName().toString();
                final PosixFileAttributeView [|[MASK]<|file_sep|><|fim_prefix|>/x-pack/plugin/ql/src/main/java/org/elasticsearch/xpack/ql|MASK
                        && Files.exists(destBinDir.resolve(""elasticsearch"")) && Files.isDirectory(destBinDir",
436,processor,MASK,False,3,MASK|MASK|processor,  [MASK]<|endoftext|>,"  [MASK]<|endoftext|>|MASK
                .execute(ingestDocument);
            fail(""fail  [MASK]  should|processor <|fim_pad|><|fim_pad|><|fim_pad|><|fim_pad|><|fim_pad|><|fim_pad|><|fim_pad|><|fim_pad|><|fim_pad|><|fim_pad|><|fim_pad|><|fim_pad|><|fim_pad|><|fim_pad|><|fim_pad|><|fim_pad|><|fim_pad|><|fim_pad|>",
437,referencingUpdates,MASK,False,8,MASK|MASK|MASK|MASK|MASK|MASK|MASK|MASK,[MASK]<|endoftext|>,[MASK]<|endoftext|>|[MASK]<|endoftext|>|[MASK]<|endoftext|>|MASK<|endoftext|>|[MASK]<|endoftext|>|MASK<|endoftext|>|MASK<|endoftext|>|MASK<|endoftext|>,
438,snapshotShardSizeInfo,snapshotShardSizeInfo,True,2,snapshotShardSizeInfo|snapshotShardSizeInfo,"snapshotShardSizeInfo
          <|file_sep|>/x-pack/plugin/core/src/test/java/org/elasticsearch/xpack","snapshotShardSizeInfo
          <|file_sep|>/x-pack/plugin/core/src/test/java/org/elasticsearch/xpack|snapshotShardSizeInfo,
            () -> null
       <|endoftext|>",
439,inferenceEntityId,MASK,False,7,MASK|MASK|MASK|MASK|MASK|MASK|MASK,[MASK] <|endoftext|>,[MASK] <|endoftext|>|[MASK]<|endoftext|>|MASK<|endoftext|>|[MASK]<|endoftext|>| MASK<|endoftext|>|MASK<|endoftext|>|MASK<|endoftext|>,
440,entry,,False,5,|MASK|MASK|MASK|MASK,           <|endoftext|>,           <|endoftext|>|[MASK]<|endoftext|>|MASK<|endoftext|>|MASK<|endoftext|>| MASK<|endoftext|>,
441,parsedate,j,False,7,"j|BeginIndex|ppos|calendars|calendar|12"",                 ""4/2/2012"",                 ""5/1/|dangi"," j = 0; j < calendars.length; j++) {
                buf.setLength(0);
"," j = 0; j < calendars.length; j++) {
                buf.setLength(0);
|BeginIndex(0);
                fpos.setEndIndex(0);
                calendars[j].setTime| ppos.setIndex(0);
            calendars[i].setTime(d);

            // Normal case input| calendars[i], ppos);
            if (ppos.getErrorIndex() != -1) {
               |calendar=dangi"",        DateFormat.SHORT, ""3/2/2012"",             |12"",                 ""4/2/2012"",                 ""5/1/|=dangi"",        -3,               ""2012-3bis-2"",                ",
442,aggregationToJsonProcessor,,False,3,|return|AggregationToJsonProcessor,<|endoftext|>,"<|endoftext|>|return [MASK]<|endoftext|>|AggregationToJsonProcessor
       <|endoftext|>",
443,newIndex,newIndex,True,2,newIndex|newIndex,newIndex<|endoftext|>,"newIndex<|endoftext|>|newIndex);
        sparseIndexMap.mapCallsiteIds(oldOffset, newOffset);
    }

   ",
444,printer,p,False,2,p|p,"p) {
    p.append(""<alias target "" + actionLookupKey.getLabel() + "" of ""","p) {
    p.append(""<alias target "" + actionLookupKey.getLabel() + "" of ""|p
        .append(""struct("")
        .append(""label = "")
        .append(action",
445,message,index,False,3,index|MASK|MASK,"index"", index.getName());
            map.put(""elasticsearch.slowlog.index_uuid"", index.getUUID","index"", index.getName());
            map.put(""elasticsearch.slowlog.index_uuid"", index.getUUID|  MASK   = ""elasticsearch.slowlog.source"";
                final String    MESSAGE<|endoftext|>|MASK <|fim_pad|><|fim_pad|><|fim_pad|><|fim_pad|><|fim_pad|><|fim_pad|><|fim_pad|><|fim_pad|><|fim_pad|><|fim_pad|><|fim_pad|><|fim_pad|><|fim_pad|><|fim_pad|><|fim_pad|><|fim_pad|><|fim_pad|><|fim_pad|>",
446,sampleToCompute,instance,False,2,instance|instance,          instance <|file_sep|><|fim_prefix|>/third_party/java/junit/junit4/src/main/java/org/junit,          instance <|file_sep|><|fim_prefix|>/third_party/java/junit/junit4/src/main/java/org/junit|instance <|endoftext|>,
447,eventType,MASK,False,31,MASK|MASK|MASK|MASK|MASK|MASK|MASK|proxy|MASK|MASK|MASK|MASK|MASK|MASK|MASK|MASK|account|MASK|MASK|MASK|MASK|MASK|MASK|MASK||MASK|MASK|MASK|||MASK, [MASK] <|fim_pad|><|fim_pad|><|fim_pad|><|fim_pad|><|fim_pad|><|fim_pad|><|fim_pad|><|fim_pad|><|fim_pad|><|fim_pad|><|fim_pad|><|fim_pad|><|fim_pad|><|fim_pad|><|fim_pad|><|fim_pad|>," [MASK] <|fim_pad|><|fim_pad|><|fim_pad|><|fim_pad|><|fim_pad|><|fim_pad|><|fim_pad|><|fim_pad|><|fim_pad|><|fim_pad|><|fim_pad|><|fim_pad|><|fim_pad|><|fim_pad|><|fim_pad|><|fim_pad|>| [MASK] <|endoftext|>| [MASK]<|endoftext|>| MASK <|endoftext|>|[ MASK ]  : ""trigger"";
    }

    public String getEventType() {
        return |[MASK]<|endoftext|>|[MASK] <|endoftext|>|proxy, contexts);
        result = 31 * result + Arrays.hashCode(contexts);
        return| MASK );
        builder.field(Fields.ACCOUNT.getPreferredName(), account);
        builder.field(|[MASK] <|endoftext|>| [MASK] <|endoftext|>| [MASK]<|endoftext|>|[MASK]  ;
            this.description = description;
            this. [MASK]  =  |[MASK] , template. [MASK] )
                && Objects.equals(incidentKey, template.inc| [MASK] <|endoftext|>| [MASK]<|endoftext|>|account = this.account != null ? engine.render(this.account, model) : defaults.account;
            String|[MASK]  != null ? engine.render(this. [MASK] , model) : defaults.| [MASK] <|endoftext|>| MASK <|endoftext|>| MASK<|endoftext|>|[MASK]<|endoftext|>| MASK<|endoftext|>|[ MASK ]<|endoftext|>|<|endoftext|>| MASK<|endoftext|>| [MASK] <|endoftext|>| [MASK] <|endoftext|>|<|endoftext|>|<|endoftext|>| MASK<|endoftext|>",
448,settingKey,MASK,False,2,MASK|MASK,[MASK]<|endoftext|>,[MASK]<|endoftext|>|MASK<|endoftext|>,
449,idleTask,commandPath,False,5,commandPath|MASK|MASK|MASK|MASK,"commandPath= */ null,
        /* commandName= */ null,
        /* commandLine= */","commandPath= */ null,
        /* commandName= */ null,
        /* commandLine= */|[MASK]<|endoftext|>|[MASK] .getGarbageCollector()<|endoftext|>|[MASK]<|endoftext|>|MASK<|endoftext|>",
450,deltaX,deltaX,True,4,deltaX|deltaX|deltaX|deltaX,deltaX<|fim_pad|><|fim_pad|><|fim_pad|><|fim_pad|><|fim_pad|><|fim_pad|><|fim_pad|><|fim_pad|><|fim_pad|><|fim_pad|><|fim_pad|><|fim_pad|><|fim_pad|><|fim_pad|><|fim_pad|><|fim_pad|><|fim_pad|><|fim_pad|>,"deltaX<|fim_pad|><|fim_pad|><|fim_pad|><|fim_pad|><|fim_pad|><|fim_pad|><|fim_pad|><|fim_pad|><|fim_pad|><|fim_pad|><|fim_pad|><|fim_pad|><|fim_pad|><|fim_pad|><|fim_pad|><|fim_pad|><|fim_pad|><|fim_pad|>|deltaX = 0;
				if (!scrollY) deltaY = 0;
				amount|deltaX;
				amountY -= deltaY;
				clamp();
				if (cancelTouchFocus| deltaX != 0 || deltaY != 0)) cancelTouchFocus();
			}

			public void",
451,pathFragmentString,pathString,False,2,pathString|pathString,"pathString) throws Exception {
    PathFragment path = create(pathString);
    PathFragment path2","pathString) throws Exception {
    PathFragment path = create(pathString);
    PathFragment path2|pathString<|endoftext|>",
452,context,MASK,False,5,MASK|MASK|MASK||,[MASK]<|endoftext|>,"[MASK]<|endoftext|>|MASK .junit.jupiter.MockitoBean;
import org.springframework.test. MASK .junit.jupiter.MockitoReset|MASK .bean.override.mockito.MockResetStrategiesIntegrationTests.MockVerificationExtension;
import org.springframework.test.| <|endoftext|>| <|endoftext|>",
453,description,description,True,20,description|MASK|MASK|description|MASK|MASK|MASK|MASK|MASK|MASK|MASK|MASK|MASK|MASK|MASK|MASK|MASK|MASK|MASK|MASK,"description"");

    public static final String CALENDAR_ID_FIELD = ""calendar_id"";
    public static","description"");

    public static final String CALENDAR_ID_FIELD = ""calendar_id"";
    public static|[MASK] <|endoftext|>|[MASK]<|endoftext|>|description of the calendar<|endoftext|>|[MASK] <|endoftext|>| [MASK]<|endoftext|>|[MASK]<|endoftext|>|[MASK]<|endoftext|>|[MASK]<|endoftext|>|[MASK]<|endoftext|>|[MASK]<|endoftext|>|[ MASK]<|endoftext|>|MASK<|endoftext|>|MASK<|endoftext|>|MASK<|endoftext|>| [MASK] <|endoftext|>|[MASK] <|endoftext|>| MASK<|endoftext|>| MASK<|endoftext|>| MASK  );
        }

        public static Builder fromXContent(XContentParser parser) throws IOException {
",
454,newThr,"0, 0);",False,6,"0, 0);|if|modCount|e|Count|objects"," 0, 0);
        }

        public Object[] toArray() {
            return valuesToArray(new"," 0, 0);
        }

        public Object[] toArray() {
            return valuesToArray(new|            if (action == null)
                throw new NullPointerException();
            if (size > 0 &&| && modCount == mc); ++i) {
                    for (Node<K,V> e = tab|]; e != null; e = e.next)
                        action.accept(e.value);
                }
                if|Count != mc)
                    throw new ConcurrentModificationException();
            }
        }

        /*-[
       |                                          objects:(__unsafe_unretained id *)stackbuf
                                            count:(NSUInteger)len {
",
455,leftIndex,leftIndex,True,3,leftIndex|leftIndex|leftIndex,leftIndex<|endoftext|>,leftIndex<|endoftext|>|leftIndex<|endoftext|>|leftIndex <|endoftext|>,
456,image,MASK,False,11,MASK|MASK|MASK|common|MASK|MASK|MASK||MASK|MASK|MASK,[MASK]<|endoftext|>,"[MASK]<|endoftext|>|MASK pipeline.common.Consumer;
import com.facebook. [MASK] pipeline.common.PipelineStage;
import com|MASK<|endoftext|>|common<|endoftext|>|MASK pipeline.common .Consumer;
import com.facebook. MASK pipeline.common .ProducerContext;
import com.facebook|[MASK]<|endoftext|>|MASK<|endoftext|>|<|endoftext|>|  MASK<|endoftext|>|MASK<|endoftext|>| MASK<|endoftext|>",
457,parentIndex,parentIndex,True,3,parentIndex|parentIndex|parentIndex,            parentIndex<|endoftext|>,"            parentIndex<|endoftext|>|parentIndex<|file_sep|>/x-pack/plugin/core/src/test/java/org/elasticsearch/xpack/core/security/transport/|parentIndex);
            assert worstIndex != parentIndex
                : ""Expected worstIndex to be different",
458,proxyThreads,threads,False,4,threads|||threads,"threads = new Thread[2];
    Executor executor = Executors.newFixedThreadPool(2);
    Future","threads = new Thread[2];
    Executor executor = Executors.newFixedThreadPool(2);
    Future|<|endoftext|>|<|endoftext|>|threads<|endoftext|>",
459,title,name,False,3,name|MASK|MASK,name<|endoftext|>,"name<|endoftext|>|[MASK]  + "" with string"",
                List.of(DataType.STRING),
                () -> new TestCase|MASK<|endoftext|>",
460,spawn,MASK,False,18,MASK|MASK|MASK|MASK|MASK|MASK|MASK|MASK|MASK|MASK|MASK|MASK|MASK|MASK|MASK|MASK|MASK|MASK,"[MASK] ;
    if (OS.getCurrent() == OS.WINDOWS) {
       [MASK","[MASK] ;
    if (OS.getCurrent() == OS.WINDOWS) {
       [MASK|[MASK] <|endoftext|>|[MASK]<|endoftext|>| MASK<|endoftext|>|[MASK]  = createSpawn(getTrueCommand(), ""Hello,"", ""world."")<|endoftext|>|[MASK]<|endoftext|>| MASK<|endoftext|>| MASK<|endoftext|>|[MASK]  = createSpawn(""pwd"")<|endoftext|>|MASK<|endoftext|>|MASK<|endoftext|>| MASK<|endoftext|>|[MASK]<|endoftext|>|MASK<|endoftext|>|[MASK] <|endoftext|>|[MASK]<|endoftext|>|MASK<|endoftext|>| MASK<|endoftext|>",
461,incReceiverNodes,incReceiverNodes,True,2,incReceiverNodes|incReceiverNodes,"incReceiverNodes  = getIncrementReceiverNodes(packageName, newReceiverNodes, incReceivers","incReceiverNodes  = getIncrementReceiverNodes(packageName, newReceiverNodes, incReceivers|incReceiverNodes <|fim_pad|><|fim_pad|><|fim_pad|><|fim_pad|><|fim_pad|><|fim_pad|><|fim_pad|><|fim_pad|><|fim_pad|><|fim_pad|><|fim_pad|><|fim_pad|><|fim_pad|><|fim_pad|><|fim_pad|><|fim_pad|>",
462,transportVersions,MASK,False,3,MASK|MASK|MASK,[MASK]<|endoftext|>,"[MASK]<|endoftext|>|MASK )
            .orElse(TransportVersionUtils.getFirstVersion()<|endoftext|>|MASK
           <|endoftext|>",
463,returnedRecord,,False,13,|MASK|MASK|MASK|MASK|MASK|MASK|MASK|MASK|MASK|MASK|MASK|MASK,<|endoftext|>,<|endoftext|>|[MASK]<|endoftext|>|[MASK]<|endoftext|>|[MASK]<|endoftext|>|[MASK]<|endoftext|>|[MASK]<|endoftext|>|[MASK]<|endoftext|>|[MASK]<|endoftext|>|[MASK]<|endoftext|>|[MASK]<|endoftext|>|[MASK]<|endoftext|>|[MASK]<|endoftext|>|MASK<|endoftext|>,
464,parsedInferenceConfig,,False,2,|,<|endoftext|>,<|endoftext|>|  <|endoftext|>,
465,regex,concurrent,False,5,concurrent|concurrent|MASK|MASK|M,"concurrent.TimeUnit;
import java.util.concurrent.atomic.AtomicInteger;
import java.util.concurrent.atomic.AtomicLong;
","concurrent.TimeUnit;
import java.util.concurrent.atomic.AtomicInteger;
import java.util.concurrent.atomic.AtomicLong;
|concurrent .TimeUnit;
import java.util.concurrent .ThreadFactory;
import java.util.concurrent .Thread|[MASK]  = System.getProperty(""jsr166.methodFilter"");
        return ( [|MASK  = null) ? null : Pattern.compile( [MASK] );
    }

    /**
    |M <|fim_pad|><|fim_pad|><|fim_pad|><|fim_pad|><|fim_pad|><|fim_pad|><|fim_pad|><|fim_pad|><|fim_pad|><|fim_pad|><|fim_pad|><|fim_pad|><|fim_pad|><|fim_pad|><|fim_pad|><|fim_pad|><|fim_pad|><|fim_pad|>",
466,expectedCollection,MASK,False,12,MASK|MASK|MASK|MASK|MASK|MASK|MASK|MASK|MASK|MASK|MASK|MASK,[MASK]<|endoftext|>,[MASK]<|endoftext|>|[MASK]<|endoftext|>|[MASK]<|endoftext|>|[MASK]<|endoftext|>|[MASK]<|endoftext|>|MASK<|endoftext|>|MASK<|endoftext|>| MASK<|endoftext|>|[MASK]<|endoftext|>|MASK <|fim_pad|><|fim_pad|><|fim_pad|><|fim_pad|><|fim_pad|><|fim_pad|><|fim_pad|><|fim_pad|><|fim_pad|><|fim_pad|><|fim_pad|><|fim_pad|><|fim_pad|><|fim_pad|><|fim_pad|><|fim_pad|><|fim_pad|><|fim_pad|>| MASK<|endoftext|>| MASK<|endoftext|>,
467,invocationOnMock,MASK,False,4,MASK|MASK|MASK|MASK,[MASK]<|endoftext|>,[MASK]<|endoftext|>|[MASK]<|endoftext|>|[MASK] <|endoftext|>|MASK<|endoftext|>,
468,selected,,False,5,|MASK|MASK|MASK|MASK,  <|endoftext|>,"  <|endoftext|>|[MASK] ,
      GroupingAggregatorEvaluationContext ctx) {
    state.toIntermediate(blocks,|[MASK]<|endoftext|>|MASK<|endoftext|>| MASK<|endoftext|>",
469,flushablePool,MASK,False,42,MASK|MASK|MASK|MASK|MASK|MASK|MASK|MASK|MASK|MASK|MASK|MASK|MASK|MASK|MASK|MASK|MASK|MASK|MASK|MASK|MASK|MASK|MASK|MASK|MASK|MASK|MASK|MASK|MASK|MASK|MASK|MASK|MASK|MASK|MASK|MASK|MASK|MASK|MASK|MASK|MASK|MASK,[MASK]<|endoftext|>,"[MASK]<|endoftext|>|[MASK]<|endoftext|>|MASK<|endoftext|>|[MASK]<|endoftext|>|[MASK]<|endoftext|>|MASK<|endoftext|>|[MASK]<|endoftext|>|[MASK]<|endoftext|>|MASK<|endoftext|>|[MASK]<|endoftext|>|[MASK]<|endoftext|>|MASK .getFree());
		assertEquals(1,  MASK .obtained.size);
	}

|MASK .obtain();
		assertEquals(1,  MASK .obtained.size);
	}

|MASK .obtained.size);
	}

	@Test
	public void obtainTest2 () {
	|MASK .obtain();
		assertEquals(2,  MASK .obtained.size);
	}

|MASK<|endoftext|>|[MASK]<|endoftext|>|[MASK] .newObject();
		 [MASK] .newObject();
		 [MASK] .|MASK .newObject();
		assertEquals(0,  MASK .obtained.size);
		 MASK|[MASK]<|endoftext|>|MASK<|endoftext|>|MASK<|endoftext|>|[MASK]<|endoftext|>|[MASK]<|endoftext|>|MASK<|endoftext|>|[MASK]<|endoftext|>|MASK<|endoftext|>|[MASK]<|endoftext|>|MASK<|endoftext|>|MASK<|endoftext|>|[MASK]<|endoftext|>|MASK<|endoftext|>|[MASK]<|endoftext|>|MASK<|endoftext|>|MASK<|endoftext|>|[MASK]<|endoftext|>|MASK<|endoftext|>|[MASK]<|endoftext|>|MASK<|endoftext|>|MASK<|endoftext|>|[MASK]<|endoftext|>|MASK<|endoftext|>",
470,isDesignatedInitializer,hasInitializeMethod,False,5,hasInitializeMethod|mask|hasInitializeMethod|mask|mask,"hasInitializeMethod() {
    return !typeNode.getClassInitStatements().isEmpty();
  }

  private","hasInitializeMethod() {
    return !typeNode.getClassInitStatements().isEmpty();
  }

  private|[mask] =  [MASK] (m.getExecutableElement());
    if ( [MASK]|hasInitializeMethod<|endoftext|>|[mask]<|endoftext|>|mask<|endoftext|>",
471,codePoint,,False,2,|+, <|endoftext|>, <|endoftext|>|  + <|endoftext|>,
472,artifactsResults,,False,2,|,<|endoftext|>,<|endoftext|>|<|endoftext|>,
473,connection,URL,False,3,URL|checksumUrl|checksumUrl,"URL object from the given string. If the URL returns a 404, {@code null","URL object from the given string. If the URL returns a 404, {@code null|checksumUrl
          <|file_sep|><|fim_prefix|>/x-pack/plugin/ql/src/main/java/org/elasticsearch/xpack/|checksumUrl <|fim_pad|><|fim_pad|><|fim_pad|><|fim_pad|><|fim_pad|><|fim_pad|><|fim_pad|><|fim_pad|><|fim_pad|><|fim_pad|><|fim_pad|><|fim_pad|><|fim_pad|><|fim_pad|><|fim_pad|><|fim_pad|><|fim_pad|>",
474,rayCallback,MASK,False,9,MASK|MASK|MASK|MASK|MASK|MASK|MASK|MASK|MASK,[MASK]<|endoftext|>,"[MASK]<|endoftext|>|[MASK]<|endoftext|>|[ MASK ]<|endoftext|>|[ MASK ]<|endoftext|>|[MASK]<|endoftext|>|MASK<|endoftext|>|[ MASK ]<|endoftext|>| MASK ),  MASK );
	}

	public void rayTest (Vector3 rayFrom, Vector3 ray|MASK );
	}

	public void rayTest (Vector3 rayFrom, Vector3 rayTo, bt",
475,argumentCount,MASK,False,2,MASK|MASK,  [MASK]<|endoftext|>,"  [MASK]<|endoftext|>|MASK
              + ""make(Integer arg)""
              + "" is marked @Nullable""
     <|fim_pad|><|fim_pad|>",
476,health,actuate,False,15,actuate|MASK|getHealth|MASK|MASK|MASK|getHealth|MASK|MASK|MASK|MASK|getHealth|MASK|MASK|MASK,actuate.health<|endoftext|>,"actuate.health<|endoftext|>| [MASK]<|endoftext|>|getHealth<|endoftext|>|[MASK] ).isNotNull();
		assertThat( [MASK] .getStatus()).isEqualTo(Status.UP);
|MASK .getStatus()).isEqualTo(Status.UP);
		assertThat( MASK<|endoftext|>|[MASK]<|endoftext|>|getHealth<|endoftext|>|MASK<|endoftext|>|MASK<|endoftext|>|MASK<|endoftext|>|[MASK]<|endoftext|>|getHealth<|endoftext|>|[MASK]<|endoftext|>|MASK<|endoftext|>|MASK<|endoftext|>",
477,names,names,True,2,names|names,names<|endoftext|>,names<|endoftext|>|names<|endoftext|>,
478,bScale,MASK,False,34,MASK|MASK|MASK|MASK|MASK|MASK|MASK|MASK|MASK|MASK|MASK|MASK|MASK|MASK|MASK|MASK|MASK|MASK|MASK|MASK|MASK|MASK|MASK|MASK|MASK|MASK|MASK|MASK|MASK|MASK|MASK|MASK|MASK|MASK,"[MASK]  = 18;
        BigDecimal aNumber = new BigDecimal(new BigInteger(a),","[MASK]  = 18;
        BigDecimal aNumber = new BigDecimal(new BigInteger(a),|[MASK] );
        int result = 0;
        assertEquals(""incorrect result"", result, a|[MASK]  = 18;
        BigDecimal aNumber = new BigDecimal(new BigInteger(a),|[MASK] );
        int result = 1;
        assertEquals(""incorrect result"", result, a|MASK  = 28;
        BigDecimal aNumber = new BigDecimal(new BigInteger(a), aScale|[MASK] );
        int result = 1;
        assertEquals(""incorrect result"", result, a|MASK  = 18;
        BigDecimal aNumber = new BigDecimal(new BigInteger(a), aScale|MASK );
        int result = 1;
        assertEquals(""incorrect result"", result, aNumber.compareTo|MASK  = 18;
        BigDecimal aNumber = new BigDecimal(new BigInteger(a), aScale|MASK );
        int result = 1;
        assertEquals(""incorrect result"", result, aNumber.compareTo|MASK  = 48;
        BigDecimal aNumber = new BigDecimal(new BigInteger(a), aScale|MASK );
        int result = 1;
        assertEquals(""incorrect result"", result, aNumber.compareTo|[MASK]  = 13;
       BigDecimal aNumber = new BigDecimal(new BigInteger(a),|[MASK]<|endoftext|>|[MASK]<|fim_pad|><|fim_pad|><|fim_pad|><|fim_pad|><|fim_pad|><|fim_pad|><|fim_pad|><|fim_pad|><|fim_pad|><|fim_pad|><|fim_pad|><|fim_pad|><|fim_pad|><|fim_pad|><|fim_pad|><|fim_pad|><|fim_pad|>|[MASK]<|fim_pad|><|fim_pad|><|fim_pad|><|fim_pad|><|fim_pad|><|fim_pad|><|fim_pad|><|fim_pad|><|fim_pad|><|fim_pad|><|fim_pad|><|fim_pad|><|fim_pad|><|fim_pad|><|fim_pad|><|fim_pad|><|fim_pad|>|[MASK]  = -24;
       BigDecimal aNumber = new BigDecimal(new BigInteger(a),|MASK );
       assertEquals(aNumber, bNumber);
    }

    /**
     * equals() for equal|[MASK]  = -24;
       BigDecimal aNumber = new BigDecimal(new BigInteger(a),|MASK<|fim_pad|><|fim_pad|><|fim_pad|><|fim_pad|><|fim_pad|><|fim_pad|><|fim_pad|><|fim_pad|><|fim_pad|><|fim_pad|><|fim_pad|><|fim_pad|><|fim_pad|><|fim_pad|><|fim_pad|><|fim_pad|><|fim_pad|><|fim_pad|><|fim_pad|>|[MASK]  = 13;
       BigDecimal aNumber = new BigDecimal(new BigInteger(a),|MASK<|fim_pad|><|fim_pad|><|fim_pad|><|fim_pad|><|fim_pad|><|fim_pad|><|fim_pad|><|fim_pad|><|fim_pad|><|fim_pad|><|fim_pad|><|fim_pad|><|fim_pad|><|fim_pad|><|fim_pad|><|fim_pad|><|fim_pad|><|fim_pad|><|fim_pad|>|[MASK]  = 41;
       String c = ""847823|MASK );
       BigDecimal cNumber = new BigDecimal(new BigInteger(c), cScale);
       assertEquals(""incorrect|[MASK]  = 41;
       String c = ""929487|MASK );
       BigDecimal cNumber = new BigDecimal(new BigInteger(c), cScale);
       assertEquals(""incorrect|MASK  = 41;
       String c = ""94488478|MASK );
       BigDecimal cNumber = new BigDecimal(new BigInteger(c), cScale);
       assertEquals(""incorrect|MASK<|endoftext|>|MASK<|file_sep|><|fim_prefix|>/modules/launcher/src/main/java/org/apache/harmony/launcher/Launcher.java|MASK  = 24;
       String c = ""92948782|MASK<|file_sep|><|fim_prefix|>/java/org/apache/harmony/security/tests/java/security/KeyStoreSpiTest.java
|MASK  = 41;
       String c = ""92948782|MASK<|file_sep|><|fim_prefix|>/modules/launcher/src/main/java/org/apache/harmony/launcher/Launcher.java",
479,bgLeftWidth,MASK,False,7,MASK|MASK|MASK|MASK|MASK|MASK|MASK,"[MASK]  = 0;
		if (scrollbarsOnTop) [MASK] ","[MASK]  = 0;
		if (scrollbarsOnTop) [MASK] |MASK = bg.getTopLeftWidth();
			bgRightWidth = bg.getTopRightWidth();
		|[MASK]  , bgTopHeight, width -  [MASK]  - bgRightWidth|MASK  - bgRightWidth, height - bgTopHeight - bgBottomHeight);
		if (|[MASK] : actorArea.x;
				float y = scrollbarsOnTop ? bgBottomHeight|[MASK]<|fim_pad|><|fim_pad|><|fim_pad|><|fim_pad|><|fim_pad|><|fim_pad|><|fim_pad|><|fim_pad|><|fim_pad|><|fim_pad|><|fim_pad|><|fim_pad|><|fim_pad|><|fim_pad|><|fim_pad|><|fim_pad|><|fim_pad|>|MASK <|fim_pad|><|fim_pad|><|fim_pad|><|fim_pad|><|fim_pad|><|fim_pad|><|fim_pad|><|fim_pad|><|fim_pad|><|fim_pad|><|fim_pad|><|fim_pad|><|fim_pad|><|fim_pad|><|fim_pad|><|fim_pad|><|fim_pad|><|fim_pad|>",
480,classLevelEnabled,enabledInThisEnvironment,False,2,enabledInThisEnvironment|enabledInThisEnvironment,  enabledInThisEnvironment<|endoftext|>,  enabledInThisEnvironment<|endoftext|>|enabledInThisEnvironment && testMethod != null<|endoftext|>,
481,testAnn,testAnnot,False,4,testAnnot|org|org|org,testAnnot<|endoftext|>,testAnnot<|endoftext|>|org.springframework.aop.aspectj.autoproxy.TestAnnotation<|endoftext|>|org<|endoftext|>|org<|endoftext|>,
482,finalBitmap,MASK,False,3,MASK|MASK|MASK,[MASK]<|endoftext|>,[MASK]<|endoftext|>|MASK<|endoftext|>| MASK <|endoftext|>,
483,target,,False,4,|MASK|MASK|MASK,        <|endoftext|>,        <|endoftext|>|[MASK]<|endoftext|>|[MASK]<|endoftext|>|MASK<|endoftext|>,
484,categoryClass,MASK,False,2,MASK|MASK,[MASK]<|endoftext|>,[MASK]<|endoftext|>|MASK<|endoftext|>,
485,lengthIfKnown,,False,4,|lengthIfKnown|expectedLines|,    <|endoftext|>,"    <|endoftext|>|lengthIfKnown<|endoftext|>|expectedLines.isEmpty()) {
      assertThat  [MASK] .isAbsent();
    } else if (| <|endoftext|>",
486,expectedPattern,expectedPattern,True,3,expectedPattern|expectedPattern|expectedPattern,"expectedPattern = EXPECTED[i][1];
            if (!actualPattern.equals(expectedPattern)) {
               ","expectedPattern = EXPECTED[i][1];
            if (!actualPattern.equals(expectedPattern)) {
               |expectedPattern )) {
                errln(""FAILURE! Expected pattern: "" + expectedPattern +
                        ""|expectedPattern
                      <|fim_pad|><|fim_pad|><|fim_pad|><|fim_pad|><|fim_pad|><|fim_pad|><|fim_pad|><|fim_pad|><|fim_pad|><|fim_pad|><|fim_pad|><|fim_pad|><|fim_pad|><|fim_pad|><|fim_pad|><|fim_pad|>",
487,exponent,MASK,False,33,MASK|MASK|MASK|MASK|MASK|MASK|MASK|MASK|MASK|MASK|MASK|MASK|MASK|MASK|MASK|MASK|MASK|MASK|MASK|MASK|MASK|MASK|MASK|MASK|MASK|MASK|MASK|MASK|MASK|MASK|MASK|MASK|MASK,[MASK] <|endoftext|>,"[MASK] <|endoftext|>|[MASK] <|endoftext|>|[MASK]<|endoftext|>|[MASK]<|endoftext|>| [MASK]<|endoftext|>| [MASK] <|endoftext|>| [MASK]<|endoftext|>| [MASK]<|endoftext|>|MASK Block.asVector();
        if ( [MASK] Vector == null) {
          return eval(page|MASK<|endoftext|>|MASK<|endoftext|>|MASK<|endoftext|>|MASK<|endoftext|>|[MASK]<|endoftext|>|MASK<|endoftext|>|[MASK]<|endoftext|>|MASK Block.getDouble( MASK Block.getFirstValueIndex(p));
        try {
          result.appendDouble(Pow|MASK<|endoftext|>|MASK<|endoftext|>|[MASK]<|endoftext|>|[MASK]<|endoftext|>|MASK<|endoftext|>|MASK Vector.getDouble(p)<|endoftext|>|[MASK]<|endoftext|>|MASK<|endoftext|>|MASK <|file_sep|>/x-pack/plugin/esql/src/test/java/org/elasticsearch/xpack/esql/execution|[MASK] <|endoftext|>|[MASK] <|endoftext|>|MASK<|endoftext|>|MASK<|endoftext|>|MASK<|endoftext|>|MASK<|endoftext|>| MASK<|endoftext|>",
488,decodingOptions,MASK,False,5,MASK|MASK|MASK|MASK|MASK, [MASK]<|endoftext|>, [MASK]<|endoftext|>|[MASK] <|endoftext|>|[MASK]<|endoftext|>|MASK <|endoftext|>| MASK <|endoftext|>,
489,componentTemplates,MASK,False,4,MASK|MASK|componentTemplates|MASK, [MASK] <|endoftext|>, [MASK] <|endoftext|>|MASK  [MASK]  [MASK]  [MASK]  [MASK]  [MASK|componentTemplates(MASK ) //<|endoftext|>| MASK <|endoftext|>,
490,protocols,protocols,True,2,protocols|protocols,protocols<|endoftext|>,protocols<|endoftext|>|protocols<|endoftext|>,
491,useAlias,useAlias,True,3,useAlias|MASK|MASK,"useAlias
   <|endoftext|>","useAlias
   <|endoftext|>|[MASK]<|endoftext|>|MASK<|endoftext|>",
492,dateTimeStr,result,False,11,"result|position|dateStr|ParseTestData|new|10 12:30:00 +0500""),|+0500 12:30:00""),|:30:00""),|GMT|PDT|V"," result + "" expected -> "" + expected);
        }
    }

    @Test
    public void"," result + "" expected -> "" + expected);
        }
    }

    @Test
    public void| position
            int resLen;     // expected result parse length
            String resStr; | dateStr, String trail) {
                this.pattern = pattern;
                this.input = lead + date|        ParseTestData[] testData = {
                new ParseTestData(""yyyy-MM-dd"", ""200| new ParseTestData(""yyyy-MM-dd"", ""2004-03-10""),
|10 12:30:00 +0500""),
            new Parse| ""+0500 12:30:00""),
            new ParseTestData(""|:30:00""),
            new ParseTestData(""Z HH:mm:ss"", ""01|:30:00"", "" GMT+05:00""),
            new ParseTestData| 12:34:00 PDT"", "" Foo""),
            new ParseTestData(""y|V"", ""time zone: PST""),
            new ParseTestData(""y-M-d H:mm:ss z",
493,meanX,MASK,False,6,MASK|||MASK|MASK|MASK,[MASK]<|endoftext|>,[MASK]<|endoftext|>|<|endoftext|>|<|endoftext|>| [MASK]<|endoftext|>|MASK<|endoftext|>|MASK<|endoftext|>,
494,columnValues,,False,7,||||||Size, <|endoftext|>," <|endoftext|>| <|endoftext|>|<|endoftext|>|<|endoftext|>|<|endoftext|>|<|endoftext|>| Size; i < columnNamesSize; ++i) {
                        if (!clearField(columnNames.get",
495,dependency,dependencyResult,False,4,dependencyResult|MASK|MASK|MASK,dependencyResult<|endoftext|>,dependencyResult<|endoftext|>|[MASK]<|endoftext|>|[MASK]<|endoftext|>|MASK<|endoftext|>,
496,params,params,True,1,params,params  <|endoftext|>,params  <|endoftext|>,
497,which,which,True,1,which,which<|endoftext|>,which<|endoftext|>,
498,codeUnderTestId,,False,5,|code||Obj|code, <|endoftext|>," <|endoftext|>|      code  <|endoftext|>|  <|endoftext|>|Obj.charValue());
        TestFmwk.logln(""Running tests for "" + code + ""|code<|endoftext|>",
499,clone,MASK,False,3,MASK|MASK|MASK, [MASK]<|endoftext|>, [MASK]<|endoftext|>| MASK <|endoftext|>|MASK <|file_sep|><|fim_prefix|>/src/main/java/com/taobao/tddl/dbsync/replication/,
500,configCenter,MASK,False,4,MASK|MASK|MASK|MASK,[MASK]<|endoftext|>,"[MASK]<|endoftext|>|[MASK]<|endoftext|>|MASK  = new ConfigCenterConfig();
            overrideConfig.setConfigCenter( MASK );
            // Load|MASK );
            ApplicationModel.getEnvironment().setConfigCenterFirst(true);
            // Load configuration from ",
501,isVolatile,isPrimitiveConstant,False,5,isPrimitiveConstant|isVolatile|isVolatile|isVolatile|isVolatile,"isPrimitiveConstant(varElement) ? ""(void *)"" : """";
        printf(""%s%s = %s","isPrimitiveConstant(varElement) ? ""(void *)"" : """";
        printf(""%s%s = %s|isVolatile<|endoftext|>|isVolatile<|endoftext|>|isVolatile && options.useStrictFieldLoad() && !isPrimitive
              && options.useStrict|isVolatile<|endoftext|>",
502,pager,pager,True,5,pager|MASK|viewPager|MASK|MASK,pager.widget<|endoftext|>,pager.widget<|endoftext|>|[ [MASK] ]<|endoftext|>|viewPager <|endoftext|>|[MASK]<|endoftext|>|MASK <|endoftext|>,
503,offset,MASK,False,4,MASK|MASK|MASK|MASK,[MASK]<|endoftext|>,[MASK]<|endoftext|>|[MASK]<|endoftext|>|MASK<|endoftext|>| MASK<|endoftext|>,
504,matches,MASK,False,5,MASK|passage||MASK|,[MASK]<|endoftext|>,[MASK]<|endoftext|>|passage.getNumMatches()<|endoftext|>|<|endoftext|>|[MASK]<|endoftext|>|<|endoftext|>,
505,byteArrayPool,MASK,False,18,MASK|MASK|MASK|MASK|MASK|MASK|MASK|MASK|MASK|MASK|MASK|MASK|MASK|MASK|MASK|MASK|MASK|MASK,[MASK]<|endoftext|>,[MASK]<|endoftext|>|[MASK]<|endoftext|>|[MASK]<|endoftext|>|MASK<|endoftext|>|[MASK]<|endoftext|>|MASK<|endoftext|>|MASK<|endoftext|>|MASK<|endoftext|>|  [MASK]<|endoftext|>|MASK<|endoftext|>|[MASK]<|endoftext|>|MASK<|endoftext|>|[MASK]<|endoftext|>|MASK<|endoftext|>|MASK<|endoftext|>|MASK<|endoftext|>|  MASK<|endoftext|>|MASK<|endoftext|>,
506,otherParamType,otherParameterizedType,False,5,otherParameterizedType|MASK|MASK|MASK|MASK,"otherParameterizedType
                          <|endoftext|>","otherParameterizedType
                          <|endoftext|>|[MASK]<|endoftext|>|[MASK] .getOwnerType())
                                && equals(rawType,  [MASK] .get|MASK<|endoftext|>|MASK<|endoftext|>",
507,request,,False,12,|request||action|MASK|MASK|MASK|s|MASK|MASK|request|MASK,<|endoftext|>,"<|endoftext|>|  request,
                ActionListener<Response> listener
            ) {
                [MASK] s.add(new Tuple|  <|endoftext|>|action, listener));
            }

            @Override
            protected <Request extends ActionRequest, Response extends|[MASK]<|endoftext|>|MASK<|endoftext|>|MASK<|endoftext|>|s.stream()
            .filter(t ->  [MASK] Class.isInstance(t.v1()))
           |  [MASK]<|endoftext|>|MASK<|endoftext|>|request of type "" +  [MASK] Class));
    }

    private <ARequest extends Action|MASK<|endoftext|>",
508,outstandingRequests,MASK,False,4,MASK|clientNum|MASK|MASK,[MASK] <|endoftext|>,"[MASK] <|endoftext|>|clientNum * queueSize;
            // the concurrency compensation is defined as the number of
            //|MASK<|endoftext|>|MASK<|endoftext|>",
509,message,MASK,False,17,MASK|MASK|message|MASK|MASK|MASK|MASK|MASK|MASK|MASK|MASK|MASK||MASK|MASK|MASK|MASK,[MASK] <|endoftext|>,"[MASK] <|endoftext|>|MASK<|endoftext|>|message"");

    /**
     * The  [MASK]  is a string that is not always present| [MASK]<|endoftext|>| [MASK]<|endoftext|>|[MASK]<|endoftext|>|[MASK]<|endoftext|>|[MASK]  ;
    }

    public void setMask(String  [MASK] ) {
       |[MASK] <|endoftext|>| MASK<|endoftext|>|MASK<|endoftext|>|[MASK] s
     *
     * This is used to determine whether a   [MASK]|<|endoftext|>|MASK <|endoftext|>|[MASK]<|endoftext|>|[ MASK ]<|endoftext|>| MASK <|endoftext|>",
510,consumer,accept,False,2,accept|accept,"accept
   <|endoftext|>","accept
   <|endoftext|>|   accept
                   <|endoftext|>",
511,dialog,dialog,True,2,dialog|dialog,dialog<|endoftext|>,dialog<|endoftext|>|dialog<|endoftext|>,
512,vStart,MASK,False,9,MASK|MASK|MASK|MASK|MASK|MASK|MASK|MASK|MASK,[MASK]<|endoftext|>,[MASK]<|endoftext|>|[MASK]<|endoftext|>|[MASK]<|endoftext|>|[MASK]<|endoftext|>|[MASK]<|endoftext|>|MASK<|endoftext|>|[MASK]<|endoftext|>|[MASK]<|endoftext|>|MASK <|fim_pad|><|fim_pad|><|fim_pad|><|fim_pad|><|fim_pad|><|fim_pad|><|fim_pad|><|fim_pad|><|fim_pad|><|fim_pad|><|fim_pad|><|fim_pad|><|fim_pad|><|fim_pad|><|fim_pad|><|fim_pad|><|fim_pad|><|fim_pad|>,
513,parentBd,bd,False,2,bd|bd,           bd  <|file_sep|><|fim_prefix|>/spring-beans/src/test/java/org/springframework/beans/factory,"           bd  <|file_sep|><|fim_prefix|>/spring-beans/src/test/java/org/springframework/beans/factory|bd, null, null, null, null, null, null, null, null, null,",
514,testClassNames,testClassNames,True,2,testClassNames|testClassNames,"testClassNames
   <|fim_pad|><|fim_pad|><|fim_pad|><|fim_pad|><|fim_pad|><|fim_pad|><|fim_pad|><|fim_pad|><|fim_pad|><|fim_pad|><|fim_pad|><|fim_pad|><|fim_pad|><|fim_pad|><|fim_pad|>","testClassNames
   <|fim_pad|><|fim_pad|><|fim_pad|><|fim_pad|><|fim_pad|><|fim_pad|><|fim_pad|><|fim_pad|><|fim_pad|><|fim_pad|><|fim_pad|><|fim_pad|><|fim_pad|><|fim_pad|><|fim_pad|>|testClassNames<|fim_pad|><|fim_pad|><|fim_pad|><|fim_pad|><|fim_pad|><|fim_pad|><|fim_pad|><|fim_pad|><|fim_pad|><|fim_pad|><|fim_pad|><|fim_pad|><|fim_pad|><|fim_pad|><|fim_pad|><|fim_pad|><|fim_pad|>",
515,height,MASK,False,14,MASK|MASK|MASK|MASK|MASK|MASK|MASK|MASK|MASK|MASK|MASK|MASK|MASK|MASK,[MASK]<|endoftext|>,"[MASK]<|endoftext|>|[MASK]<|endoftext|>|[MASK] );
    verify(mThumbnailProducers[0]).canProvideImageForSize(resize|[MASK]<|endoftext|>|[MASK]<|endoftext|>|[MASK]  = THUMBNAIL_HEIGHTS[0];
    mockRequestWithResizeOptions|MASK<|endoftext|>|[MASK]<|endoftext|>|MASK<|endoftext|>|MASK<|endoftext|>|[MASK]<|endoftext|>|MASK <|endoftext|>|MASK<|endoftext|>|MASK<|endoftext|>",
516,alpha,MASK,False,14,MASK|MASK|MASK|MASK|MASK|MASK|MASK|MASK|MASK|MASK|MASK|MASK|MASK|MASK,[MASK]<|endoftext|>,[MASK]<|endoftext|>|[MASK]<|endoftext|>|[MASK]<|endoftext|>|[MASK]<|endoftext|>|[MASK]<|endoftext|>|MASK<|endoftext|>| [MASK]<|endoftext|>|[MASK]<|endoftext|>|[MASK]<|endoftext|>| MASK<|endoftext|>|[MASK]<|endoftext|>|MASK<|endoftext|>|MASK<|endoftext|>|MASK <|file_sep|><|fim_prefix|>/gdx/src/com/badlogic/gdx/graphics/g3d/model/,
517,incReceivers,incReceivers,True,6,incReceivers|MASK|MASK|MASK|MASK|MASK,incReceivers  [MASK]  = getIncrementReceivers(oldAndroidManifest.rece,"incReceivers  [MASK]  = getIncrementReceivers(oldAndroidManifest.rece|[MASK] <|fim_pad|><|fim_pad|><|fim_pad|><|fim_pad|><|fim_pad|><|fim_pad|><|fim_pad|><|fim_pad|><|fim_pad|><|fim_pad|><|fim_pad|><|fim_pad|><|fim_pad|><|fim_pad|><|fim_pad|><|fim_pad|>| [MASK]  + ""\n""
                      <|fim_pad|><|fim_pad|><|fim_pad|><|fim_pad|><|fim_pad|><|fim_pad|><|fim_pad|><|fim_pad|><|fim_pad|><|fim_pad|><|fim_pad|>|  [MASK] <|fim_pad|><|fim_pad|><|fim_pad|><|fim_pad|><|fim_pad|><|fim_pad|><|fim_pad|><|fim_pad|><|fim_pad|><|fim_pad|><|fim_pad|><|fim_pad|><|fim_pad|><|fim_pad|><|fim_pad|>| MASK <|fim_pad|><|fim_pad|><|fim_pad|><|fim_pad|><|fim_pad|><|fim_pad|><|fim_pad|><|fim_pad|><|fim_pad|><|fim_pad|><|fim_pad|><|fim_pad|><|fim_pad|><|fim_pad|><|fim_pad|><|fim_pad|><|fim_pad|><|fim_pad|>| MASK <|endoftext|>",
518,indexInTrackGroup,,False,2,|,<|endoftext|>,<|endoftext|>| <|endoftext|>,
519,readOffset,readOffset,True,1,readOffset,"readOffset, int writeOffset, int size);

	public native void glGetInteger64i_v (","readOffset, int writeOffset, int size);

	public native void glGetInteger64i_v (",
520,ignoreUserOptions,MASK,False,12,MASK|MASK|MASK|MASK|MASK|MASK||MASK||||setAllowResidue,[MASK]<|fim_pad|><|fim_pad|><|fim_pad|><|fim_pad|><|fim_pad|><|fim_pad|><|fim_pad|><|fim_pad|><|fim_pad|><|fim_pad|><|fim_pad|><|fim_pad|><|fim_pad|><|fim_pad|><|fim_pad|><|fim_pad|><|fim_pad|>,"[MASK]<|fim_pad|><|fim_pad|><|fim_pad|><|fim_pad|><|fim_pad|><|fim_pad|><|fim_pad|><|fim_pad|><|fim_pad|><|fim_pad|><|fim_pad|><|fim_pad|><|fim_pad|><|fim_pad|><|fim_pad|><|fim_pad|><|fim_pad|>|/*  [MASK] = */ true);
  }

  public final CommandEnvironment newCommand(Class<?| [MASK]<|endoftext|>| MASK<|file_sep|><|fim_prefix|>/third_party/java_src/junit/junit/src/main/java/org/junit/jupiter|MASK<|endoftext|>|[MASK]<|endoftext|>|<|endoftext|>|[MASK]<|endoftext|>|<|endoftext|>|<|endoftext|>|<|endoftext|>|setAllowResidue <|endoftext|>",
521,commonSuperTypeIndex,typeIndex,False,3,typeIndex|typeIndex|typeIndex,"typeIndex
      <|file_sep|><|fim_prefix|>/src/main/java/org/ow2/asm/ClassVisitor.java
","typeIndex
      <|file_sep|><|fim_prefix|>/src/main/java/org/ow2/asm/ClassVisitor.java
|typeIndex<|file_sep|><|fim_prefix|>/src/main/java/org/ow2/asm/ClassReader.java
/*
 *|typeIndex<|file_sep|><|fim_prefix|>/src/main/java/org/ow2/asm/ClassReader.java
/*
 *",
522,newField,newInput,False,5,newInput|newInput|MASK|newInput|newInput,newInput <|endoftext|>,newInput <|endoftext|>|newInput<|endoftext|>| [MASK]<|endoftext|>|newInput <|endoftext|>|newInput <|fim_pad|><|fim_pad|><|fim_pad|><|fim_pad|><|fim_pad|><|fim_pad|><|fim_pad|><|fim_pad|><|fim_pad|><|fim_pad|><|fim_pad|><|fim_pad|><|fim_pad|><|fim_pad|><|fim_pad|><|fim_pad|><|fim_pad|>,
523,color,() {,False,11,() {|public|boolean|return|0;|Sets|scrollbars|bounds|Y|crollX|this," () {
		return draggingPointer != -1;
	}

	public boolean isFlinging () {
"," () {
		return draggingPointer != -1;
	}

	public boolean isFlinging () {
|	public boolean isFlinging () {
		return flingTimer > 0;
	}

	public| boolean isFlinging () {
		return flingTimer > 0;
	}

	public void|		return flingTimer > 0;
	}

	public void setFadeScrollBars (boolean fade|0;
	}

	public void setFadeScrollBars (boolean fadeScrollBars) {
		if (| Sets the amount of time in seconds for which you want to fling last. */
	public void set| scrollbars will fade out when not scrolling. */
	public void setFadeScrollBars (boolean fadeScroll| bounds and then will scroll back. */
	public void setOverscrollX (boolean overscrollX|Y) {
		this.overscrollX = overscrollX;
		this.overscrollY|crollX = overscrollX;
		this.overscrollY = overscrollY;
	}

|		this.overscrollY = overscrollY;
	}

	/** For flick scroll, if",
524,testClasses,MASK,False,8,MASK|MASK|MASK|MASK|MASK|MASK||MASK,[MASK]<|endoftext|>,[MASK]<|endoftext|>|[MASK]<|endoftext|>|[MASK]<|endoftext|>| [MASK]<|endoftext|>|[MASK]<|endoftext|>|MASK<|endoftext|>|<|endoftext|>|MASK<|endoftext|>,
525,testClass,MASK,False,13,MASK|MASK|MASK|MASK|MASK|MASK|MASK|MASK|MASK|MASK|MASK|MASK|MASK,[MASK]<|endoftext|>,[MASK]<|endoftext|>|[MASK]<|endoftext|>|MASK<|fim_pad|><|fim_pad|><|fim_pad|><|fim_pad|><|fim_pad|><|fim_pad|><|fim_pad|><|fim_pad|><|fim_pad|><|fim_pad|><|fim_pad|><|fim_pad|><|fim_pad|><|fim_pad|><|fim_pad|><|fim_pad|><|fim_pad|><|fim_pad|><|fim_pad|>| [MASK]  [MASK]  [MASK]  [MASK]  [MASK] |MASK<|fim_pad|><|fim_pad|><|fim_pad|><|fim_pad|><|fim_pad|><|fim_pad|><|fim_pad|><|fim_pad|><|fim_pad|><|fim_pad|><|fim_pad|><|fim_pad|><|fim_pad|><|fim_pad|><|fim_pad|><|fim_pad|><|fim_pad|><|fim_pad|><|fim_pad|>|[MASK]<|fim_pad|><|fim_pad|><|fim_pad|><|fim_pad|><|fim_pad|><|fim_pad|><|fim_pad|><|fim_pad|><|fim_pad|><|fim_pad|><|fim_pad|><|fim_pad|><|fim_pad|><|fim_pad|><|fim_pad|><|fim_pad|><|fim_pad|>|[MASK]<|endoftext|>|MASK <|fim_pad|><|fim_pad|><|fim_pad|><|fim_pad|><|fim_pad|><|fim_pad|><|fim_pad|><|fim_pad|><|fim_pad|><|fim_pad|><|fim_pad|><|fim_pad|><|fim_pad|><|fim_pad|><|fim_pad|><|fim_pad|><|fim_pad|><|fim_pad|>|[MASK]<|endoftext|>|MASK<|endoftext|>| MASK <|fim_pad|><|fim_pad|><|fim_pad|><|fim_pad|><|fim_pad|><|fim_pad|><|fim_pad|><|fim_pad|><|fim_pad|><|fim_pad|><|fim_pad|><|fim_pad|><|fim_pad|><|fim_pad|><|fim_pad|><|fim_pad|><|fim_pad|><|fim_pad|>|MASK<|endoftext|>|MASK<|endoftext|>,
526,pluginPolicy,policyFile,False,2,policyFile|policyFile,"policyFile = PolicyUtils.getPolicyFile(info.getName(), tmpRoot, true);
        var   policy","policyFile = PolicyUtils.getPolicyFile(info.getName(), tmpRoot, true);
        var   policy|policyFile<|endoftext|>",
527,symbolsOut,EILING,False,2,EILING|Mode,"EILING of this DecimalFormat and test its
        // behavior
        decimalFormat.setRoundingMode","EILING of this DecimalFormat and test its
        // behavior
        decimalFormat.setRoundingMode|Mode(RoundingMode.CEILING);
        result = decimalFormat.format(11.3);
",
528,response,response,True,11,response|||MASK|MASK|MASK|MASK|MASK|MASK|MASK|MASK,response<|endoftext|>,response<|endoftext|>|<|endoftext|>|<|endoftext|>|[MASK]<|endoftext|>|[MASK]<|endoftext|>|[MASK]<|endoftext|>|MASK<|endoftext|>|[MASK]<|endoftext|>|MASK<|endoftext|>|MASK<|endoftext|>|MASK<|endoftext|>,
529,endFlag,MASK,False,10,MASK|MASK|MASK|MASK|MASK|MASK|MASK|MASK|MASK|MASK, [MASK]<|endoftext|>," [MASK]<|endoftext|>|[MASK] ) && (!restFlag)) {
            height_gen = lexer.scanFieldInt(height_gen|[MASK]<|endoftext|>|[MASK] ) && (!restFlag)) {
            matchStat = lexer.scanField(size_gen_prefix|MASK  = true;
            }
            
        }
        if ((! MASK ) && (!restFlag))|[MASK]<|endoftext|>|MASK  = true;
            }
            
        }
        if ((! MASK ) && (!restFlag))|[MASK]<|endoftext|>|MASK  = true;
            }
            
        }
        if ((! MASK ) && (!restFlag))|MASK<|endoftext|>",
530,selectedConverterType,MASK,False,4,MASK|MASK|MASK|MASK,[MASK]<|endoftext|>,[MASK]<|endoftext|>|[MASK]<|endoftext|>|MASK<|endoftext|>|MASK <|endoftext|>,
531,offset,offset,True,5,offset|MASK|offset|MASK|MASK,"offset}.
     *
     * <p>The result is placed in the buffer {@code sharedSecret}","offset}.
     *
     * <p>The result is placed in the buffer {@code sharedSecret}|[MASK]<|endoftext|>|offset<|endoftext|>|[MASK]<|endoftext|>|MASK<|file_sep|><|fim_prefix|>/external/llvm-project/compiler-rt/test/asan/TestCases/Android/stack",
532,trace,MASK,False,6,MASK|MASK|MASK|trace|MASK|MASK,[MASK]<|endoftext|>,[MASK]<|endoftext|>| [MASK]<|endoftext|>|MASK<|endoftext|>|trace of the exception that caused this log message to be sent<|endoftext|>|MASK <|endoftext|>| MASK<|endoftext|>,
533,infoThreshold,infoThreshold,True,2,infoThreshold|infoThreshold,infoThreshold<|endoftext|>,"infoThreshold<|endoftext|>|infoThreshold.nanos();
    }

    private void setDebugThreshold(TimeValue debugThreshold) {
       ",
534,queue,MASK,False,6,MASK|MASK|MASK|MASK|MASK|MASK,[MASK]<|endoftext|>,[MASK]<|endoftext|>|MASK <|fim_pad|><|fim_pad|><|fim_pad|><|fim_pad|><|fim_pad|><|fim_pad|><|fim_pad|><|fim_pad|><|fim_pad|><|fim_pad|><|fim_pad|><|fim_pad|><|fim_pad|><|fim_pad|><|fim_pad|><|fim_pad|><|fim_pad|><|fim_pad|>|[MASK]<|endoftext|>|MASK<|endoftext|>|MASK<|endoftext|>|MASK<|endoftext|>,
535,cause,MASK,False,5,MASK|MASK|MASK|MASK|MASK,[MASK]<|endoftext|>,[MASK]<|endoftext|>|[MASK]<|endoftext|>|[MASK]<|endoftext|>|MASK<|endoftext|>|MASK <|fim_pad|><|fim_pad|><|fim_pad|><|fim_pad|><|fim_pad|><|fim_pad|><|fim_pad|><|fim_pad|><|fim_pad|><|fim_pad|><|fim_pad|><|fim_pad|><|fim_pad|><|fim_pad|><|fim_pad|><|fim_pad|><|fim_pad|><|fim_pad|>,
536,runLength,MASK,False,3,MASK|MASK|MASK,[MASK]<|endoftext|>,[MASK]<|endoftext|>|[MASK]<|endoftext|>|MASK<|endoftext|>,
537,fieldsCopy,MASK,False,7,MASK||MASK|MASK|MASK|MASK|MASK,"[MASK]             = Arrays.copyOf(instance.getFields(), instance.getFields().length + 1);
","[MASK]             = Arrays.copyOf(instance.getFields(), instance.getFields().length + 1);
|<|endoftext|>|MASK  [  [MASK] <|endoftext|>|MASK<|endoftext|>|MASK<|endoftext|>|MASK<|endoftext|>| MASK , values);
                break;
            case 2:
                if (matrixStatsResults == null",
538,outputColorInfo,effects,False,3,effects|MASK|MASK,"   effects} are applied in the order they are specified in the list. The {@link
    ","   effects} are applied in the order they are specified in the list. The {@link
    |  [MASK]<|endoftext|>|MASK <|endoftext|>",
539,bulkShardRequest,indexRequestOnPrimary,False,2,indexRequestOnPrimary|indexRequestOnPrimary,"indexRequestOnPrimary = indexRequest;
                final IndexRequest indexRequestOnReplica = indexRequest","indexRequestOnPrimary = indexRequest;
                final IndexRequest indexRequestOnReplica = indexRequest|indexRequestOnPrimary, replica);
                }
            }
            shards.syncGlobalCheckpoint();
            shards.prom",
540,newReceivers,newReceivers,True,2,newReceivers|newReceivers,newReceivers<|endoftext|>,newReceivers<|endoftext|>|newReceivers<|endoftext|>,
541,future,code,False,7,code|MASK|MASK|MASK|MASK|MASK|MASK,"{@code get()} behavior.
 *
 * <p>For example, to test that a utility correctly","{@code get()} behavior.
 *
 * <p>For example, to test that a utility correctly|[MASK]<|endoftext|>|[MASK]<|endoftext|>|MASK ;
  }

  public static <V> ListenableFuture<V> throwingRuntimeException(RuntimeException e|[MASK]<|endoftext|>|MASK<|endoftext|>|MASK<|endoftext|>",
542,histo,histo,True,3,histo|histogramA|histogramA,histo<|fim_pad|><|fim_pad|><|fim_pad|><|fim_pad|><|fim_pad|><|fim_pad|><|fim_pad|><|fim_pad|><|fim_pad|><|fim_pad|><|fim_pad|><|fim_pad|><|fim_pad|><|fim_pad|><|fim_pad|><|fim_pad|><|fim_pad|><|fim_pad|>,"histo<|fim_pad|><|fim_pad|><|fim_pad|><|fim_pad|><|fim_pad|><|fim_pad|><|fim_pad|><|fim_pad|><|fim_pad|><|fim_pad|><|fim_pad|><|fim_pad|><|fim_pad|><|fim_pad|><|fim_pad|><|fim_pad|><|fim_pad|><|fim_pad|>|  histogramA = createAutoReleasedHistogram(
            b -> b.scale(0).setPositiveBucket|histogramA
            .positiveBuckets().iterator();
        ZeroBucket merged = bucketA.c",
543,checkMlCppNoticeTask,MASK,False,4,MASK|MASK||,[MASK]<|endoftext|>,[MASK]<|endoftext|>|[MASK]<|endoftext|>|<|endoftext|>| <|endoftext|>,
544,actualValue,MASK,False,10,MASK|MASK|MASK|MASK|||MASK||MASK|MASK,[MASK]<|endoftext|>,"[MASK]<|endoftext|>|[MASK]<|endoftext|>|[MASK] <|endoftext|>| MASK <|endoftext|>|<|endoftext|>|  <|endoftext|>|MASK ,
               <|endoftext|>|<|endoftext|>| MASK<|endoftext|>|MASK <|endoftext|>",
545,service,indicesAdmin,False,2,indicesAdmin|indicesAdmin,indicesAdmin  <|file_sep|>/x-pack/plugin/test/rest/org/elasticsearch/xpack/security/transport/ssl/,"indicesAdmin  <|file_sep|>/x-pack/plugin/test/rest/org/elasticsearch/xpack/security/transport/ssl/|indicesAdmin
           <|endoftext|>",
546,testInfo,MASK,False,6,MASK|MASK|MASK|MASK|MASK|MASK,[MASK]<|endoftext|>,[MASK]<|endoftext|>|[MASK]<|endoftext|>|[MASK]<|endoftext|>| MASK<|endoftext|>|MASK<|endoftext|>|MASK<|endoftext|>,
547,integerSetting,match,False,11,match|randomIntBetween|}|Settings|Settings|));|Updater|dater|Map|setString|String,".match(""foo.bar.1""));
    }

    public void testListSettingWithValidator() {
       ",".match(""foo.bar.1""));
    }

    public void testListSettingWithValidator() {
       | randomIntBetween(0, 1000)));
    }

    public void testListSetting| }

    public void testListSettingWithValidator() {
        Setting<List<String>> listSetting = Setting|<Settings> setting = Setting.groupSetting(""foo.bar."", Property.Dynamic, Property.NodeScope);
       |        Settings settings = Settings.builder().put(""foo.bar"", true).build();
        assertTrue(setting.exists|""));
        assertFalse(setting.match(""foo""));
        assertFalse(setting.match(""foo.bar.baz""));
        assertFalse|Updater(consumer, validator);

        // THEN the updater returns true
        assertTrue(updater.apply(current|dater.hasChanged(current, previous));
    }

    public void testAffixMapUpdateWithNullSetting| Map<String, String> updatedSettings2 = updater.getValue(current, previous);
        assertNotNull(updatedSettings2|.setString(""foo"", ""bar"");
        Settings settings = Settings.builder().setSecureSettings(secureSettings|<String> fooSetting = Setting.simpleString(""foo"", Property.NodeScope);
        IllegalArgumentException e = expect",
548,urlWithPort,urlWithPort,True,2,urlWithPort|urlWithPort,urlWithPort<|endoftext|>,urlWithPort<|endoftext|>|urlWithPort<|endoftext|>,
549,warnThreshold,warnThreshold,True,2,warnThreshold|warnThreshold,warnThreshold<|endoftext|>,"warnThreshold<|endoftext|>|warnThreshold
            .nanos();
    }

    private void setInfoThreshold(TimeValue infoThreshold",
550,array,array,True,3,array|array|array,   array  <|endoftext|>,"   array  <|endoftext|>|array<|endoftext|>|array , config);
        Assert.assertEquals(""[{\""id\"":1001},{\""id\"":1",
551,mockTrainedModelDefinition,MASK,False,3,MASK|MASK|MASK,[MASK]<|endoftext|>,[MASK]<|endoftext|>|  MASK<|endoftext|>|MASK <|endoftext|>,
552,builder,MASK,False,4,MASK|MASK|MASK|MASK,"  [MASK]  = new RequestedContentTypeResolverBuilder();
		 [MASK] .headerResolver","  [MASK]  = new RequestedContentTypeResolverBuilder();
		 [MASK] .headerResolver|[MASK]<|endoftext|>|MASK<|endoftext|>|MASK<|endoftext|>",
553,downstream,MASK,False,12,MASK|MASK|MASK|MASK|MASK|MASK|MASK|MASK|MASK|MASK|MASK|MASK,[MASK] <|endoftext|>,[MASK] <|endoftext|>|[MASK] <|endoftext|>| [MASK]<|endoftext|>|MASK <|endoftext|>|MASK<|endoftext|>|[MASK]<|endoftext|>| MASK <|endoftext|>|[MASK]<|endoftext|>|[MASK]<|endoftext|>|[MASK]<|endoftext|>|MASK<|endoftext|>|MASK<|endoftext|>,
554,pwdEndIdx,userNameEndIdx,False,5,userNameEndIdx|userNameEndIdx|userNameEndIdx|userNameEndIdx|userNameEndIdx,"userNameEndIdx;
        if ((userNameEndIdx = decodedBody.indexOf('@', starIdx)) >","userNameEndIdx;
        if ((userNameEndIdx = decodedBody.indexOf('@', starIdx)) >|userNameEndIdx<|endoftext|>|userNameEndIdx);
                if (userNameEndIdx  > 0) {
                    username = decoded|userNameEndIdx<|endoftext|>|userNameEndIdx  + 1;
        }

        if (userNameEndIdx  > 0",
555,pathFragment,path,False,14,path|path|MASK|MASK|MASK|MASK|MASK|MASK|MASK|MASK|MASK|MASK|MASK|MASK,"path) throws Exception {
    PathFragment a = create( [MASK] );
    PathFragment a","path) throws Exception {
    PathFragment a = create( [MASK] );
    PathFragment a|path<|endoftext|>|[MASK]<|endoftext|>|MASK  .containsUplevelReferences()).isTrue();
  }

  @Test
  public void|[ MASK ]<|endoftext|>|MASK<|endoftext|>|[ MASK ]<|endoftext|>|MASK<|file_sep|><|fim_prefix|>/external/protobuf/src/google/protobuf/struct.proto
// Copyright 20|[ MASK]<|endoftext|>|[MASK]<|endoftext|>| MASK<|endoftext|>|[ MASK ]  = create(""/dir1/dir2/../file"");

    assertThat( [ MASK ]|MASK<|endoftext|>| MASK<|endoftext|>",
556,timestampAdjusterInitializationTimeoutMs,MASK,False,11,MASK||MASK|MASK|MASK|MASK|MASK|MASK|MASK|MASK|MASK, [MASK] <|fim_pad|><|fim_pad|><|fim_pad|><|fim_pad|><|fim_pad|><|fim_pad|><|fim_pad|><|fim_pad|><|fim_pad|><|fim_pad|><|fim_pad|><|fim_pad|><|fim_pad|><|fim_pad|><|fim_pad|><|fim_pad|>," [MASK] <|fim_pad|><|fim_pad|><|fim_pad|><|fim_pad|><|fim_pad|><|fim_pad|><|fim_pad|><|fim_pad|><|fim_pad|><|fim_pad|><|fim_pad|><|fim_pad|><|fim_pad|><|fim_pad|><|fim_pad|><|fim_pad|>|  <|endoftext|>|  [MASK] <|endoftext|>| [MASK]<|endoftext|>|[MASK]<|endoftext|>| [MASK]<|endoftext|>|[MASK] <|endoftext|>|[MASK] <|endoftext|>|MASK<|endoftext|>|MASK<|endoftext|>|MASK );
  }

  @Override
  public void releasePeriod(MediaPeriodId id) {
   ",
557,initialSeedRef,MASK,False,6,MASK|MASK|MASK|MASK|MASK|MASK,[MASK]<|endoftext|>,[MASK]<|endoftext|>|[MASK]<|endoftext|>|[MASK]<|endoftext|>|[MASK]<|endoftext|>|MASK<|endoftext|>| MASK<|endoftext|>,
558,context,MASK,False,18,MASK|MASK|MASK|MASK|MASK|MASK|MASK|MASK|MASK|node|MASK|MASK|MASK|MASK|MASK|MASK|MASK|MASK,"[MASK]  position.
   *
   * @return The node position of this walker in the","[MASK]  position.
   *
   * @return The node position of this walker in the|[MASK]  node list.
   */
  public int getProximityPosition()
  {
   |MASK  position.
   *
   * @param xctxt The XPath runtime  [MASK] .
|[MASK]<|endoftext|>|MASK<|endoftext|>|[MASK] .
   *
   * @return the index of the last node that can be it|MASK  position.
   *
   * @param xctxt The XPath runtime  MASK .
   *|MASK<|endoftext|>|[MASK]<|endoftext|>|node.
   * @param xctxt The XPath runtime  MASK .
   *
   * @return|MASK<|endoftext|>|[MASK]<|endoftext|>|[MASK]<|endoftext|>|[MASK] : ""+nodeToString( [MASK] ));
              System.out.println(""index predicate is|[MASK]<|endoftext|>|MASK<|endoftext|>| MASK<|endoftext|>|MASK  is allowed.
   * 
   * @xsl.usage advanced
   * 
  ",
559,unfilteredRdepsOfRdeps,reverseDepsOfValidRdepsBelowDepthBound,False,2,reverseDepsOfValidRdepsBelowDepthBound|reverseDepsOfValidRdepsBelowDepthBound,reverseDepsOfValidRdepsBelowDepthBound<|endoftext|>,reverseDepsOfValidRdepsBelowDepthBound<|endoftext|>|   reverseDepsOfValidRdepsBelowDepthBound<|endoftext|>,
560,trieIterator,iter,False,3,iter|range|iter,iter<|endoftext|>,iter<|endoftext|>|range= [MASK]<|endoftext|>|iter<|fim_pad|><|fim_pad|><|fim_pad|><|fim_pad|><|fim_pad|><|fim_pad|><|fim_pad|><|fim_pad|><|fim_pad|><|fim_pad|><|fim_pad|><|fim_pad|><|fim_pad|><|fim_pad|><|fim_pad|><|fim_pad|><|fim_pad|><|fim_pad|><|fim_pad|>,
561,sourceCodec,httpCodec,False,3,httpCodec|httpCodec|httpCodec,   httpCodec   <|endoftext|>,"   httpCodec   <|endoftext|>|httpCodec
                , new HttpObjectAggregator(maxHttpContentLength)
                , new Http2|httpCodec<|endoftext|>",
562,header,MASK,False,24,MASK|MASK|MASK|MASK|MASK|MASK|MASK|MASK|MASK|MASK|MASK|MASK|MASK|MASK|MASK|MASK|MASK|MASK|MASK|MASK|MASK|MASK|MASK|MASK,[MASK]<|endoftext|>,[MASK]<|endoftext|>|[MASK]<|endoftext|>|[MASK]<|endoftext|>|[MASK]<|endoftext|>|[ MASK]<|endoftext|>|[MASK]<|endoftext|>|[ MASK]<|endoftext|>|MASK<|endoftext|>|[MASK]<|endoftext|>|MASK<|endoftext|>|[ MASK]<|endoftext|>|MASK<|endoftext|>|MASK<|endoftext|>|[ MASK]<|endoftext|>|MASK<|endoftext|>|[ MASK]<|endoftext|>| [MASK]<|endoftext|>|MASK<|endoftext|>|[ MASK]<|endoftext|>| MASK<|endoftext|>|[ MASK]<|endoftext|>|[MASK]<|endoftext|>| MASK<|endoftext|>| MASK<|endoftext|>,
563,execRoot,MASK,False,5,MASK|fileSystem|MASK|PathFragment|MASK,[MASK]<|endoftext|>,"[MASK]<|endoftext|>|   fileSystem,
                    directories,
                    optionsParser,
                    new IntegrationMock().getLocalEnv(),
|  MASK<|endoftext|>|PathFragment.create(""dummy-input-path""),
            [MASK]<|endoftext|>|MASK,
            MASK,
            MASK,
            MASK,
            MASK,
            MASK,
            MASK,
",
564,candidate,ignored,False,3,ignored|s|initialize," (ignored), loadfactor, and any hidden stuff
        s.defaultReadObject();
        reinitialize"," (ignored), loadfactor, and any hidden stuff
        s.defaultReadObject();
        reinitialize|        s.defaultReadObject();
        reinitialize();
        if (loadFactor <= 0 || Float|initialize();
        if (loadFactor <= 0 || Float.isNaN(loadFactor))
            throw new",
565,parts,trailingParts,False,4,trailingParts||MASK|,trailingParts<|file_sep|><|fim_prefix|>/okhttp/src/main/java/okhttp3/internal/http2/Http,trailingParts<|file_sep|><|fim_prefix|>/okhttp/src/main/java/okhttp3/internal/http2/Http| <|endoftext|>|[MASK]<|endoftext|>| <|endoftext|>,
566,evict,true,False,7,true|null|remove|during|action|Collection|rl," true} if this map maps one or more keys to the
     *         specified value
    "," true} if this map maps one or more keys to the
     *         specified value
    | != null && size > 0) {
            for (int i = 0; i <|.remove},
     * {@code removeAll}, {@code retainAll}, and {@code clear}
     *| during iteration.
                for (Node<K,V> e : tab) {
                    for (; e !=|                        action.accept(e.key);
                }
                if (modCount != mc)
                    throw new Concurrent|        Collection<V> vs = values;
        if (vs == null) {
            vs = new|rl = p.right = r.left) != null)
                    rl.parent = p;
                if ((",
567,newest,MASK,False,4,MASK|if|MASK|MASK,"  [MASK]  = null;
        for (Map.Entry<String, String> e : m","  [MASK]  = null;
        for (Map.Entry<String, String> e : m|   if (e.getKey().equals(""KEY""))
                    MASK<|fim_pad|><|fim_pad|><|fim_pad|><|fim_pad|><|fim_pad|><|fim_pad|><|fim_pad|><|fim_pad|>|[MASK]<|fim_pad|><|fim_pad|><|fim_pad|><|fim_pad|><|fim_pad|><|fim_pad|><|fim_pad|><|fim_pad|><|fim_pad|><|fim_pad|><|fim_pad|><|fim_pad|><|fim_pad|><|fim_pad|><|fim_pad|><|fim_pad|><|fim_pad|>|MASK<|fim_pad|><|fim_pad|><|fim_pad|><|fim_pad|><|fim_pad|><|fim_pad|><|fim_pad|><|fim_pad|><|fim_pad|><|fim_pad|><|fim_pad|><|fim_pad|><|fim_pad|><|fim_pad|><|fim_pad|><|fim_pad|><|fim_pad|><|fim_pad|><|fim_pad|>",
568,fromArchive,f,False,2,f|f,f<|endoftext|>,f<|endoftext|>|f<|endoftext|>,
569,repeatedValuesString,MASK,False,2,MASK|MASK,  [MASK]<|endoftext|>,"  [MASK]<|endoftext|>|MASK   + "")"";
        } else if (annotation instanceof AnnotationA) {
            return """";
        }",
570,indexId,indexId,True,3,indexId|indexId|indexId,indexId  <|file_sep|><|fim_prefix|>/x-pack/plugin/core/src/test/java/org/elasticsearch/xpack/core/security/,"indexId  <|file_sep|><|fim_prefix|>/x-pack/plugin/core/src/test/java/org/elasticsearch/xpack/core/security/|indexId, 0, 0, 0, 0, 0, 0|indexId, 0)<|fim_pad|><|fim_pad|><|fim_pad|><|fim_pad|><|fim_pad|><|fim_pad|><|fim_pad|><|fim_pad|><|fim_pad|><|fim_pad|><|fim_pad|><|fim_pad|><|fim_pad|><|fim_pad|>",
571,start,MASK,False,4,MASK|MASK|MASK|MASK,[MASK]<|endoftext|>,[MASK]<|endoftext|>|[MASK]<|endoftext|>|MASK<|endoftext|>|MASK<|endoftext|>,
572,restRequest,request,False,3,request|request|request,request<|endoftext|>,"request<|endoftext|>|request
           <|endoftext|>|request<|endoftext|>",
573,expected,MASK,False,3,MASK|MASK|MASK,"      [MASK] = createArrayWithNullKey();
     [MASK] [getNullLocation()]","      [MASK] = createArrayWithNullKey();
     [MASK] [getNullLocation()]|MASK <|endoftext|>|MASK <|endoftext|>",
574,other,MASK,False,3,MASK|MASK|MASK,[MASK]<|endoftext|>,[MASK]<|endoftext|>|[MASK]<|endoftext|>|MASK<|endoftext|>,
575,qualifiedName,context,False,3,context|contextName|contextName,"context an extractor context
   * @param  [MASK]<|endoftext|>","context an extractor context
   * @param  [MASK]<|endoftext|>|contextName<|endoftext|>|contextName<|endoftext|>",
576,avgCount,MASK,False,4,MASK|MASK|MASK|MASK,[MASK]<|endoftext|>,"[MASK]<|endoftext|>|[MASK]<|endoftext|>|MASK  = LongStream.of(counts).sum() / integer.get();
        assertThat( MASK ,|MASK<|endoftext|>",
577,innerAgg,,False,2,|, <|endoftext|>, <|endoftext|>| <|endoftext|>,
578,buffer,,False,3,|buffer|buffer, <|endoftext|>, <|endoftext|>|buffer<|endoftext|>|buffer<|endoftext|>,
579,targetR,targetR,True,2,targetR|targetR,targetR<|endoftext|>,"targetR<|endoftext|>|targetR, alpha);
			scale.lerp(targetS, alpha);
			return this;
		",
580,statusPerLine,MASK,False,3,MASK|System|L,"  [MASK]  = 100;
      int printed = 0;
      if","  [MASK]  = 100;
      int printed = 0;
      if|System.out.print(""{"");
      }
      for (int testPartsIndexIndex = 0; test|  1000000000000L
               || printed",
581,builder,builder,True,2,builder|builder,builder<|endoftext|>,"builder<|endoftext|>|builder.setDiskHealthInfo(healthInfo);
    }

    @Override
    protected void addToResponse",
582,configLocations,locations,False,2,locations|locations,"locations) {
		MockServletContext sc = new MockServletContext("""");
		ConfigurableWebApplicationContext context =","locations) {
		MockServletContext sc = new MockServletContext("""");
		ConfigurableWebApplicationContext context =|locations );
		context.setNamespace(""test"");
		context.setDisplayName(""test"");
		context.setAllow",
583,entries,MASK,False,34,MASK|MASK|MASK|MASK|MASK|MASK|MASK|MASK|MASK|MASK|MASK|MASK|MASK|MASK|MASK|MASK|MASK|MASK|MASK|MASK|MASK|MASK|MASK|MASK|MASK|MASK|MASK|MASK|MASK|MASK|MASK|MASK|MASK|MASK,[MASK]<|endoftext|>,"[MASK]<|endoftext|>|[MASK]<|endoftext|>|[MASK]<|endoftext|>|[MASK]<|endoftext|>|MASK<|endoftext|>|MASK<|endoftext|>|[MASK]<|endoftext|>|MASK<|endoftext|>|[MASK]<|endoftext|>| MASK<|endoftext|>|[MASK]<|endoftext|>|[MASK]<|endoftext|>|[MASK]<|endoftext|>|MASK<|endoftext|>|[MASK]<|endoftext|>|[MASK]<|endoftext|>|[MASK]<|endoftext|>|[MASK]<|endoftext|>|[MASK]<|endoftext|>|MASK [0].getKey(),  MASK [0].getValue()<|endoftext|>|[MASK]<|endoftext|>|MASK<|endoftext|>|[MASK]<|endoftext|>|MASK<|endoftext|>|[MASK]<|endoftext|>|[ MASK ]<|endoftext|>|[MASK]<|endoftext|>|[MASK]<|endoftext|>|MASK<|endoftext|>| MASK<|endoftext|>|[MASK]<|endoftext|>|MASK<|endoftext|>|MASK<|endoftext|>| MASK<|endoftext|>",
584,suite,suite,True,19,suite|suite|MASK|MASK|MASK|MASK|MASK|MASK|MASK|MASK|MASK|MASK|MASK|MASK|MASK|MASK|MASK|MASK|MASK,"suite that tests the basic operations of the {@link Map}
 * interface, for a user-supplied","suite that tests the basic operations of the {@link Map}
 * interface, for a user-supplied|suite() {
    return new TestsForMapsInJavaUtil().allTests();
  }

  public|[MASK]<|endoftext|>|[MASK]<|endoftext|>|[MASK]<|endoftext|>|[MASK]<|endoftext|>|[MASK]<|endoftext|>|[MASK]<|endoftext|>|[MASK]<|endoftext|>|[MASK]<|endoftext|>|[MASK]<|endoftext|>|[MASK]<|endoftext|>|[MASK]<|endoftext|>|[MASK]<|endoftext|>|[MASK]<|endoftext|>|[MASK]<|endoftext|>|[MASK]<|endoftext|>|MASK<|endoftext|>|MASK<|endoftext|>",
585,encodedURLStr,decodedURLStr,False,8,decodedURLStr||decodedURLStr|MASK|MASK|MASK|MASK|MASK,"decodedURLStr : after {@link URL#decode} string
     *                      decodedURLStr format","decodedURLStr : after {@link URL#decode} string
     *                      decodedURLStr format|<|endoftext|>|decodedURLStr<|endoftext|>|[MASK]<|endoftext|>|MASK<|endoftext|>|MASK<|endoftext|>|MASK<|endoftext|>| MASK<|endoftext|>",
586,admin,MASK,False,20,MASK|user||MASK|MASK|MASK|MASK|MASK|MASK|MASK|MASK|MASK|MASK|MASK|MASK|MASK|MASK|MASK|assertTrue|MASK,[MASK]<|endoftext|>,"[MASK]<|endoftext|>|user"", ""test-user-password"", keystoreLocation, keystorePassword);
    }

    static Security|<|endoftext|>| [MASK]<|endoftext|>|[MASK] SecurityConfig()<|endoftext|>|[MASK]<|endoftext|>|MASK<|endoftext|>|[MASK]<|endoftext|>|[MASK]<|endoftext|>|MASK<|endoftext|>|MASK<|endoftext|>|MASK Sql, user, userSql, cli -> {
                assertEquals(""[?1l>[?1|MASK<|endoftext|>|   [MASK]<|endoftext|>|MASK<|endoftext|>|[MASK]<|endoftext|>|MASK<|endoftext|>|[MASK]<|endoftext|>|assertTrue(expected.hasNext());
                assertEquals(expected.next(), line);
                assertFalse(expected.hasNext());
            }
        }

|MASK<|endoftext|>",
587,aggBuilder,MASK,False,10,MASK|MASK|MASK|MASK|MASK|MASK|MASK|MASK|MASK|MASK,"[MASK]  = new CategorizeTextAggregationBuilder(""my_agg"", TEXT_FIELD_NAME","[MASK]  = new CategorizeTextAggregationBuilder(""my_agg"", TEXT_FIELD_NAME|MASK <|fim_pad|><|fim_pad|><|fim_pad|><|fim_pad|><|fim_pad|><|fim_pad|><|fim_pad|><|fim_pad|><|fim_pad|><|fim_pad|><|fim_pad|><|fim_pad|><|fim_pad|><|fim_pad|><|fim_pad|><|fim_pad|><|fim_pad|><|fim_pad|>|[MASK]  = new CategorizeTextAggregationBuilder(""my_agg"", TEXT_FIELD_NAME|MASK <|fim_pad|><|fim_pad|><|fim_pad|><|fim_pad|><|fim_pad|><|fim_pad|><|fim_pad|><|fim_pad|><|fim_pad|><|fim_pad|><|fim_pad|><|fim_pad|><|fim_pad|><|fim_pad|><|fim_pad|><|fim_pad|><|fim_pad|><|fim_pad|>|[MASK]  = new HistogramAggregationBuilder(""histo"").field(NUMERIC_FIELD_NAME)
|MASK<|endoftext|>|[MASK]<|endoftext|>|MASK<|endoftext|>|MASK<|endoftext|>|MASK<|file_sep|><|fim_prefix|>/x-pack/plugin/ql/src/main/java/org/elasticsearch/xpack/ql/analysis",
588,constantPoolOffset,constantPoolCount,False,3,constantPoolCount|2;|constantPoolLength,"    constantPoolCount
    <|fim_pad|><|fim_pad|><|fim_pad|><|fim_pad|><|fim_pad|><|fim_pad|><|fim_pad|><|fim_pad|><|fim_pad|><|fim_pad|><|fim_pad|><|fim_pad|><|fim_pad|><|fim_pad|>","    constantPoolCount
    <|fim_pad|><|fim_pad|><|fim_pad|><|fim_pad|><|fim_pad|><|fim_pad|><|fim_pad|><|fim_pad|><|fim_pad|><|fim_pad|><|fim_pad|><|fim_pad|><|fim_pad|><|fim_pad|>|2;
    constantPoolCount = classReader.getItemCount();
    constantPool = new ByteVector(const|2, constantPoolLength);

    // Copy the ClassFile's major_version field.
    majorVersion",
589,length,MASK,False,8,MASK|MASK|MASK|MASK|MASK|MASK|MASK|MASK,[MASK]<|endoftext|>,[MASK]<|endoftext|>|[MASK]<|endoftext|>|MASK<|endoftext|>|[MASK]<|endoftext|>|MASK<|endoftext|>|[MASK]<|endoftext|>|MASK<|endoftext|>| MASK<|endoftext|>,
590,methodSpecBuilder,MASK,False,16,MASK|MASK|MASK||MASK||MASK||MASK|||||MASK|MASK|MASK,[MASK]<|endoftext|>,"[MASK]<|endoftext|>|[MASK]<|endoftext|>|[MASK]<|endoftext|>|<|endoftext|>| [MASK]<|endoftext|>|<|endoftext|>|[MASK]<|endoftext|>|<|endoftext|>| MASK 
         <|endoftext|>|<|endoftext|>|<|endoftext|>|<|endoftext|>|<|endoftext|>| [MASK]<|endoftext|>|[MASK] 
        .addAnnotation(processorUtil.nonNull())
       <|endoftext|>|MASK<|endoftext|>",
591,commits,commits,True,2,commits|commits,"  commits = DirectoryReader.listCommits(replicaShard.store().directory());
        long maxSeq","  commits = DirectoryReader.listCommits(replicaShard.store().directory());
        long maxSeq|commits.get(commits.size() - 1).getUserData()
           <|endoftext|>",
592,myCompressor,MASK,False,4,MASK|MASK|MASK|MASK,[MASK]<|endoftext|>,"[MASK]<|endoftext|>|[MASK]<|fim_pad|><|fim_pad|><|fim_pad|><|fim_pad|><|fim_pad|><|fim_pad|><|fim_pad|><|fim_pad|><|fim_pad|><|fim_pad|><|fim_pad|><|fim_pad|><|fim_pad|><|fim_pad|><|fim_pad|><|fim_pad|><|fim_pad|>|[MASK]  = new UnicodeCompressor();
        UnicodeDecompressor myDecompressor =|MASK<|fim_pad|><|fim_pad|><|fim_pad|><|fim_pad|><|fim_pad|><|fim_pad|><|fim_pad|><|fim_pad|><|fim_pad|><|fim_pad|><|fim_pad|><|fim_pad|><|fim_pad|><|fim_pad|><|fim_pad|><|fim_pad|><|fim_pad|><|fim_pad|><|fim_pad|>",
593,coreOptions,coreOptions,True,2,coreOptions|coreOptions,"  coreOptions    = Options.getDefaults(CoreOptions.class);
    CommonCommandOptions commonCommandOptions =","  coreOptions    = Options.getDefaults(CoreOptions.class);
    CommonCommandOptions commonCommandOptions =|coreOptions <|fim_pad|><|fim_pad|><|fim_pad|><|fim_pad|><|fim_pad|><|fim_pad|><|fim_pad|><|fim_pad|><|fim_pad|><|fim_pad|><|fim_pad|><|fim_pad|><|fim_pad|><|fim_pad|><|fim_pad|><|fim_pad|><|fim_pad|>",
594,putDataStreamRequest,,False,2,|, <|endoftext|>, <|endoftext|>| <|endoftext|>,
595,prefix,pending,False,19,pending|MASK|MASK|MASK|MASK|MASK|MASK|MASK|MASK|MASK|MASK|MASK|MASK|MASK|MASK|MASK|MASK|MASK|MASK,"pending, but I don't think it's needed
                // anymore, since we're not using","pending, but I don't think it's needed
                // anymore, since we're not using|[MASK]<|endoftext|>|[MASK]<|endoftext|>|[MASK]<|endoftext|>|[MASK]<|endoftext|>|[MASK]<|endoftext|>|[MASK]<|endoftext|>|MASK<|endoftext|>|MASK<|endoftext|>|[MASK]<|endoftext|>|[MASK]<|endoftext|>|MASK<|endoftext|>|MASK<|endoftext|>|[MASK]  is really
     * declared.  It might not be, because it may|MASK <|fim_pad|><|fim_pad|><|fim_pad|><|fim_pad|><|fim_pad|><|fim_pad|><|fim_pad|><|fim_pad|><|fim_pad|><|fim_pad|><|fim_pad|><|fim_pad|><|fim_pad|><|fim_pad|><|fim_pad|><|fim_pad|><|fim_pad|><|fim_pad|>|[MASK]<|endoftext|>|MASK  && MASK .length() > 0<|endoftext|>|[MASK]<|endoftext|>| MASK<|endoftext|>",
596,test_date,StringBuffer,False,2,StringBuffer|rootChineseCalendar," StringBuffer();
                FieldPosition fp = new FieldPosition(0);
                dfmt.format(rootChineseCalendar"," StringBuffer();
                FieldPosition fp = new FieldPosition(0);
                dfmt.format(rootChineseCalendar| = rootChineseCalendar.get(Calendar.MONTH) + 1;
                    int isLeapMonth = rootChinese",
597,parser,parser,True,10,parser|MASK|MASK|MASK|MASK|MASK|MASK|MASK|MASK|MASK,"parser, String name<|endoftext|>","parser, String name<|endoftext|>|[MASK] .nextToken(), equalTo(XContentParser.Token.START_OBJECT));
        assertThat( [MASK|[MASK]<|endoftext|>|[MASK]<|endoftext|>|[MASK]<|endoftext|>|[MASK]<|endoftext|>|MASK<|endoftext|>|[MASK] , null);
        assertThat( [MASK] .nextToken(), equalTo(XContentParser|MASK<|endoftext|>|MASK<|endoftext|>",
598,weekData,MASK,False,3,MASK|MASK|MASK,  [MASK] <|fim_pad|><|fim_pad|><|fim_pad|><|fim_pad|><|fim_pad|><|fim_pad|><|fim_pad|><|fim_pad|><|fim_pad|><|fim_pad|><|fim_pad|><|fim_pad|><|fim_pad|><|fim_pad|><|fim_pad|>,"  [MASK] <|fim_pad|><|fim_pad|><|fim_pad|><|fim_pad|><|fim_pad|><|fim_pad|><|fim_pad|><|fim_pad|><|fim_pad|><|fim_pad|><|fim_pad|><|fim_pad|><|fim_pad|><|fim_pad|><|fim_pad|>|MASK
   <|fim_pad|><|fim_pad|><|fim_pad|><|fim_pad|><|fim_pad|><|fim_pad|><|fim_pad|><|fim_pad|><|fim_pad|><|fim_pad|><|fim_pad|><|fim_pad|><|fim_pad|><|fim_pad|><|fim_pad|><|fim_pad|><|fim_pad|>|MASK <|fim_pad|><|fim_pad|><|fim_pad|><|fim_pad|><|fim_pad|><|fim_pad|><|fim_pad|><|fim_pad|><|fim_pad|><|fim_pad|><|fim_pad|><|fim_pad|><|fim_pad|><|fim_pad|><|fim_pad|><|fim_pad|><|fim_pad|><|fim_pad|>",
599,trainedModelConfigBuilder,MASK,False,6,MASK|MASK|MASK|MASK|MASK|MASK,[MASK]<|endoftext|>,"[MASK]<|endoftext|>|[MASK]<|endoftext|>|MASK .setInferenceConfig(
            TransportPutTrainedModelAction.parseInferenceConfigFromModel|[MASK]<|endoftext|>|MASK<|endoftext|>| MASK .build();

        var mockTrainedModelDefinition = mock(TrainedModelDefinition.class);
",
600,marker,,False,3,|MASK|MASK,     <|endoftext|>,     <|endoftext|>|[MASK]<|endoftext|>|MASK<|endoftext|>,
601,secret,key,False,9,key|MASK|MASK|MASK|MASK|MASK|MASK|MASK|MASK,"key""));
        Assertions.assertFalse(parameters.containsKey(""prefix.key""));
        Assertions.assertFalse(parameters.containsKey(""prefix.key.","key""));
        Assertions.assertFalse(parameters.containsKey(""prefix.key""));
        Assertions.assertFalse(parameters.containsKey(""prefix.key.|[MASK] <|endoftext|>| [MASK] <|endoftext|>| [MASK]<|endoftext|>|[MASK]<|endoftext|>|[MASK]<|endoftext|>|[MASK] <|endoftext|>| MASK<|endoftext|>| MASK<|endoftext|>",
602,options,MASK,False,6,MASK|MASK|MASK|MASK|MASK|MASK,"[MASK]  = new Options();
		 [MASK] .inJustDecodeBounds = true;
","[MASK]  = new Options();
		 [MASK] .inJustDecodeBounds = true;
|[MASK]<|endoftext|>|MASK <|endoftext|>|[MASK]<|endoftext|>|[MASK]<|endoftext|>|MASK<|endoftext|>",
603,targetClass,MASK,False,16,MASK|MASK|MASK|MASK|MASK|targetClass|staticField|MASK|MASK|MASK|MASK|MASK|MASK|MASK|MASK|MASK, [MASK] <|endoftext|>," [MASK] <|endoftext|>|[MASK] <|endoftext|>| [MASK]<|endoftext|>| MASK  ;
	}

	/**
	 * Return the target class on which the field is defined.
| MASK <|file_sep|><|fim_prefix|>/spring-core/src/main/java/org/springframework/core/annotation/AnnotationAware|targetClass
	 *<|endoftext|>|staticField"" nor ""targetClass""
	 * nor ""targetObject"" nor ""targetField""|[MASK]<|endoftext|>|[MASK]<|endoftext|>| MASK  == null && this.targetObject == null && this.staticField == null) {
			throw|MASK<|endoftext|>| MASK<|endoftext|>|MASK  or targetObject specified, but not both.
			throw new IllegalArgumentException(
					""Specify|[MASK]  = (this.targetObject != null ? this.targetObject.getClass() : this.| MASK <|endoftext|>| MASK <|endoftext|>",
604,exception,MASK,False,8,MASK|MASK||MASK|MASK||Failed|exception,[MASK]<|endoftext|>,"[MASK]<|endoftext|>|MASK<|endoftext|>|<|endoftext|>|[MASK]<|endoftext|>|MASK<|endoftext|>|<|endoftext|>|, ""Failed to start redis server""<|endoftext|>|exception<|endoftext|>",
605,tables,,False,7,||MASK|MASK|MASK|MASK|,<|endoftext|>,"<|endoftext|>| <|endoftext|>|[MASK]<|endoftext|>|[MASK]<|endoftext|>|MASK Output, containsString(""schema""));
                assertThat( MASK Output, containsString(""type""));
               |MASK<|endoftext|>|<|endoftext|>",
606,oldIndex,,False,4,|MASK|oldIndex|oldIndex,<|endoftext|>,"<|endoftext|>|MASK,<|endoftext|>|oldIndex<|endoftext|>|oldIndex<|endoftext|>",
607,builder,MASK,False,18,MASK|MASK|MASK|MASK|MASK|MASK|MASK|MASK|MASK|MASK|MASK|MASK|MASK|MASK|MASK|MASK|MASK|MASK,[MASK]<|endoftext|>,"[MASK]<|endoftext|>|[MASK]<|endoftext|>|[MASK]<|endoftext|>|[MASK]<|endoftext|>| [MASK]<|endoftext|>|[MASK]<|endoftext|>|[MASK]<|endoftext|>|[MASK]<|endoftext|>|[MASK] , params, ""tokenizer_types"", usedTokenizers);
        toXContentCollection(|[MASK]<|endoftext|>|[MASK]<|endoftext|>|[MASK]<|endoftext|>|[ MASK]<|endoftext|>|[MASK]<|endoftext|>|[MASK] .startObject(""synonyms"");
        for (Map.Entry<String, SynonymsStats|MASK .startObject();
        usedSynonyms.forEach((k, v) -> {
            try {
|MASK<|endoftext|>| MASK<|endoftext|>",
608,response,MASK,False,8,MASK|MASK|MASK|MASK|MASK|MASK|MASK|MASK,[MASK]<|endoftext|>,[MASK]<|endoftext|>|[MASK]<|endoftext|>|[MASK]<|endoftext|>|  [MASK]<|endoftext|>|[MASK]<|endoftext|>|[MASK]<|endoftext|>|[MASK]<|endoftext|>| MASK <|file_sep|>/x-pack/plugin/test/rest/org/elasticsearch/xpack/security/transport/ssl/transport,
609,deprecationHandler,MASK,False,10,MASK|MASK|MASK|MASK|MASK|MASK|MASK|MASK|MASK|MASK,"[MASK] 
   <|endoftext|>","[MASK] 
   <|endoftext|>|[MASK]<|endoftext|>|  MASK<|endoftext|>|[MASK]<|endoftext|>|[MASK]<|endoftext|>|[MASK]<|endoftext|>|[MASK]<|endoftext|>|[MASK] )) {
                return new MultiTermQuery.TopTermsScoringBooleanQueryRewrite(size|[MASK]<|endoftext|>| MASK<|endoftext|>",
610,allocation,MASK,False,8,MASK|MASK|MASK||MASK|MASK|MASK|MASK,[MASK]<|endoftext|>,[MASK]<|endoftext|>|[ MASK ]<|endoftext|>|MASK<|endoftext|>|<|endoftext|>|[MASK]<|endoftext|>|MASK<|endoftext|>|MASK<|endoftext|>| MASK<|endoftext|>,
611,newFinalizeContext,fsc,False,2,fsc|fsc,"fsc = new FinalizeSnapshotContext(
                false,
                fsc.updatedShardGenerations","fsc = new FinalizeSnapshotContext(
                false,
                fsc.updatedShardGenerations|fsc );
        }
    }

    static class RunDuringFinalize {
        private final CountDownLatch",
612,upstream,MASK,False,4,MASK|MASK|MASK|MASK,[MASK]<|endoftext|>,[MASK]<|endoftext|>|[MASK]<|endoftext|>|MASK<|endoftext|>|MASK<|endoftext|>,
613,storedFields,,False,2,|null,<|endoftext|>,"<|endoftext|>|   null, builder);
    }

    @Override
    public void read(int docId, Block",
614,description,description,True,2,description|description,"description) {
            description.appendText(""a finite double value"");
        }

        @Override
       ","description) {
            description.appendText(""a finite double value"");
        }

        @Override
       |description
               <|endoftext|>",
615,invocation,MASK,False,4,MASK|internal||,[MASK]<|endoftext|>,"[MASK]<|endoftext|>|internal.stubbing.invocation.InvocationInfo;
import org.mockito.internal.stubbing.invocation<|endoftext|>|  <|endoftext|>| <|endoftext|>",
616,factory,MASK,False,13,MASK|MASK|MASK|MASK|MASK|MASK|MASK|MASK||MASK|MASK|MASK|MASK,[MASK]<|endoftext|>,"[MASK]<|endoftext|>|   [MASK]<|endoftext|>|[MASK]<|endoftext|>|MASK<|endoftext|>|MASK<|endoftext|>| [MASK]  = new WeakReference<>( [MASK] );
    var   [MASK]<|endoftext|>| [MASK] <|endoftext|>|[MASK]<|endoftext|>| <|endoftext|>|MASK<|endoftext|>|MASK<|endoftext|>|MASK<|endoftext|>| MASK<|endoftext|>",
617,observer,downstream,False,2,downstream|downstream,"   downstream) {
        source.subscribe(new FlatMapSingleObserver<>(downstream, mapper, delayErrors","   downstream) {
        source.subscribe(new FlatMapSingleObserver<>(downstream, mapper, delayErrors|downstream<|endoftext|>",
618,securityEnabled,securityEnabled,True,6,securityEnabled|MASK|securityEnabled|securityEnabled|securityEnabled|securityEnabled,securityEnabled<|endoftext|>,"securityEnabled<|endoftext|>|[MASK]  ? ""enabled"" : ""disabled""<|endoftext|>|securityEnabled<|endoftext|>|securityEnabled<|endoftext|>|securityEnabled ? 3 : 2;
        checkIndexCount(""index_allowed"", expectedIndexCount|securityEnabled == false<|endoftext|>",
619,usedTokenizerTypes,usedTokenizerTypes,True,3,usedTokenizerTypes|usedTokenizerTypes|usedTokenizerTypes,usedTokenizerTypes <|endoftext|>,"usedTokenizerTypes <|endoftext|>|usedTokenizerTypes<|endoftext|>|usedTokenizerTypes
           <|endoftext|>",
620,uniquePluginIds,installedPlugins,False,2,installedPlugins|installedPlugins,"installedPlugins = new HashSet<>();
        for (final Path pluginDir : env.pluginsDir().toFile","installedPlugins = new HashSet<>();
        for (final Path pluginDir : env.pluginsDir().toFile|installedPlugins.add(plugin.getId()) == false) {
                throw new UserException(ExitCodes.USAGE",
621,sourceFilePath,fim_pad,False,7,fim_pad|MASK|fim_pad|MASK|fim_pad|MASK|MASK, <|fim_pad|><|fim_pad|><|fim_pad|><|fim_pad|><|fim_pad|><|fim_pad|><|fim_pad|><|fim_pad|><|fim_pad|><|fim_pad|><|fim_pad|><|fim_pad|><|fim_pad|><|fim_pad|><|fim_pad|><|fim_pad|><|fim_pad|><|fim_pad|><|fim_pad|>, <|fim_pad|><|fim_pad|><|fim_pad|><|fim_pad|><|fim_pad|><|fim_pad|><|fim_pad|><|fim_pad|><|fim_pad|><|fim_pad|><|fim_pad|><|fim_pad|><|fim_pad|><|fim_pad|><|fim_pad|><|fim_pad|><|fim_pad|><|fim_pad|><|fim_pad|>|[MASK]<|endoftext|>|fim_pad String <|endoftext|>|MASK<|endoftext|>|fim_pad <|endoftext|>|MASK<|endoftext|>|MASK String<|endoftext|>,
622,suite,test,False,7,test|suite||MASK|MASK||MASK,test-  test-  test-  test-  test-  test-  test-,test-  test-  test-  test-  test-  test-  test-|suite<|endoftext|>| <|endoftext|>|[MASK]<|endoftext|>|[MASK]<|endoftext|>|  <|endoftext|>| MASK<|endoftext|>,
623,newPreFilterQueryBuilders,newPreFilterQueryBuilders,True,2,newPreFilterQueryBuilders|newPreFilterQueryBuilders,"newPreFilterQueryBuilders,
        int rankWindowSize,
        Float minScore,
        String retriever","newPreFilterQueryBuilders,
        int rankWindowSize,
        Float minScore,
        String retriever|newPreFilterQueryBuilders<|endoftext|>",
624,localDataStream,MASK,False,6,MASK|MASK|MASK|MASK|MASK|MASK,[MASK]      <|fim_pad|><|fim_pad|><|fim_pad|><|fim_pad|><|fim_pad|><|fim_pad|><|fim_pad|><|fim_pad|><|fim_pad|><|fim_pad|><|fim_pad|><|fim_pad|><|fim_pad|><|fim_pad|><|fim_pad|><|fim_pad|>,"[MASK]      <|fim_pad|><|fim_pad|><|fim_pad|><|fim_pad|><|fim_pad|><|fim_pad|><|fim_pad|><|fim_pad|><|fim_pad|><|fim_pad|><|fim_pad|><|fim_pad|><|fim_pad|><|fim_pad|><|fim_pad|><|fim_pad|>|[MASK] ,
                REMOTE_CLUSTER_1 + "":"" + remoteDataStream1,
                REMOTE|[MASK] ,
                REMOTE_CLUSTER_1 + "":"" + remoteDataStream1,
                REMOTE|MASK ,
                REMOTE_CLUSTER_1 + "":"" + remoteDataStream1,
                REMOTE_CLUSTER_|MASK  = (String) testClusterInfo.get(""local.datastream"");
        String<|endoftext|>|MASK<|endoftext|>",
625,contextBuilders,MASK,False,5,MASK||MASK|MASK|MASK,[MASK] <|endoftext|>,[MASK] <|endoftext|>|<|endoftext|>|[MASK]<|endoftext|>|MASK<|endoftext|>|MASK<|endoftext|>,
626,length,MASK,False,48,MASK|MASK|MASK|MASK|MASK|MASK|MASK|MASK|MASK|MASK|MASK|MASK|MASK|MASK|MASK|MASK|MASK|MASK|MASK|MASK|MASK|MASK|MASK|MASK|MASK|MASK|MASK|MASK|MASK|MASK|MASK|MASK|MASK|MASK|MASK|MASK|MASK|MASK|MASK|MASK|MASK|MASK|MASK|MASK|MASK|MASK|MASK|non,"[MASK] );
  }

  /**
   * Returns the start position of the first occurrence of the","[MASK] );
  }

  /**
   * Returns the start position of the first occurrence of the|MASK]  == target. [MASK] <|endoftext|>|[MASK]  == 0) {
      return -1;
    }
    if (target|[MASK]  - target. [MASK]  + 1; i++) {
      for|[MASK] ; i++) {
      for (int j = 0; j < target.|[MASK]<|endoftext|>|[MASK] );
  }

  /**
   * Returns the start position of the last appearance of the|[MASK]  > 0);
    double min = array[0];
    for (int|MASK<|endoftext|>|MASK  > 0);
    double max = array[0];
    for (int i =|MASK<|endoftext|>|[MASK]<|endoftext|>| MASK<|endoftext|>|[MASK]<|endoftext|>|MASK  + 1,  [MASK]  + 1,  [MASK] |[MASK]<|endoftext|>|MASK<|fim_pad|><|fim_pad|><|fim_pad|><|fim_pad|><|fim_pad|><|fim_pad|><|fim_pad|><|fim_pad|><|fim_pad|><|fim_pad|><|fim_pad|><|fim_pad|><|fim_pad|><|fim_pad|><|fim_pad|><|fim_pad|><|fim_pad|><|fim_pad|><|fim_pad|>|   [MASK]  of {@code minLength}<|fim_pad|><|fim_pad|><|fim_pad|><|fim_pad|><|fim_pad|><|fim_pad|><|fim_pad|><|fim_pad|><|fim_pad|><|fim_pad|>|MASK  greater than or equal to
   * {@code minLength}, it is returned directly. Otherwise|  [MASK]  that the returned array must guarantee
   * @param padding an extra amount|MASK  of
   *   <|fim_pad|><|fim_pad|><|fim_pad|><|fim_pad|><|fim_pad|><|fim_pad|><|fim_pad|><|fim_pad|><|fim_pad|><|fim_pad|><|fim_pad|><|fim_pad|><|fim_pad|>|[MASK]  >= minLength) ? array : Arrays.copyOf(array, minLength + padding);
  }

|[MASK]  == 0) {
      return """";
    }

    // For pre-sizing a|[MASK]  * 12);
    builder.append(array[0]);
    for (int|MASK  - 1<|fim_pad|><|fim_pad|><|fim_pad|><|fim_pad|><|fim_pad|><|fim_pad|><|fim_pad|><|fim_pad|><|fim_pad|><|fim_pad|><|fim_pad|><|fim_pad|><|fim_pad|><|fim_pad|><|fim_pad|>|[MASK]<|endoftext|>|[MASK]<|fim_pad|><|fim_pad|><|fim_pad|><|fim_pad|><|fim_pad|><|fim_pad|><|fim_pad|><|fim_pad|><|fim_pad|><|fim_pad|><|fim_pad|><|fim_pad|><|fim_pad|><|fim_pad|><|fim_pad|><|fim_pad|><|fim_pad|>|[MASK]  - right. [MASK] ;
    }

    @Override
    public String|[MASK]<|endoftext|>|[MASK]<|endoftext|>|[MASK]<|endoftext|>|[MASK]<|endoftext|>|[MASK]<|endoftext|>|[MASK]<|endoftext|>|MASK ]  [MASK ]  [MASK ]  [MASK ]  [MASK ]  [|[MASK]<|endoftext|>|MASK<|endoftext|>|MASK<|endoftext|>|MASK<|endoftext|>|MASK<|endoftext|>|MASK <|endoftext|>|MASK<|endoftext|>|MASK <|endoftext|>|MASK<|endoftext|>|MASK<|endoftext|>|MASK<|endoftext|>|MASK<|endoftext|>|non-positive length or contains any character that is not a   digit or the
   *     minus",
627,location,MASK,False,10,MASK|MASK|MASK|MASK|MASK|MASK|MASK|MASK|MASK|MASK,"[MASK] , int count, boolean transpose, FloatBuffer value);

	public native void glUniformMatrix3","[MASK] , int count, boolean transpose, FloatBuffer value);

	public native void glUniformMatrix3|[MASK] , int count, boolean transpose, FloatBuffer value);

	public native void glUniformMatrix2|[MASK]<|endoftext|>|[MASK]<|endoftext|>|[MASK]<|endoftext|>|MASK<|endoftext|>|MASK<|endoftext|>|MASK , int count, IntBuffer value);

	public native void glUniform1uiv (int  MASK|MASK<|endoftext|>|MASK<|endoftext|>",
628,warningMessage,MASK,False,3,MASK|MASK|MASK,"      [MASK]   = ""TEST HEADER WARNING"";
        failureListener.getValue().onFailure(new IllegalArgumentException","      [MASK]   = ""TEST HEADER WARNING"";
        failureListener.getValue().onFailure(new IllegalArgumentException|MASK<|endoftext|>|MASK<|endoftext|>",
629,oauthVerifier,verifier,False,2,verifier|verifier,verifier  <|file_sep|><|fim_prefix|>/scribejava-core/src/main/java/com/github/scribejava/core/model/,verifier  <|file_sep|><|fim_prefix|>/scribejava-core/src/main/java/com/github/scribejava/core/model/|verifier <|fim_pad|><|fim_pad|><|fim_pad|><|fim_pad|><|fim_pad|><|fim_pad|><|fim_pad|><|fim_pad|><|fim_pad|><|fim_pad|><|fim_pad|><|fim_pad|><|fim_pad|><|fim_pad|><|fim_pad|><|fim_pad|><|fim_pad|>,
630,fieldNumber,MASK,False,3,MASK|MASK|,[MASK]<|endoftext|>,[MASK]<|endoftext|>|[MASK]<|endoftext|>| <|endoftext|>,
631,serializer,MASK,False,10,MASK|MASK|MASK|MASK|MASK|MASK|MASK|MASK|MASK|MASK, [MASK]<|endoftext|>, [MASK]<|endoftext|>|[MASK]<|endoftext|>|MASK<|endoftext|>|MASK<|endoftext|>| [MASK]<|endoftext|>|[MASK]<|endoftext|>|MASK<|endoftext|>|[MASK]<|endoftext|>|MASK<|endoftext|>|MASK<|endoftext|>,
632,endIndex,endIndex,True,2,endIndex|endIndex,endIndex <|endoftext|>,"endIndex <|endoftext|>|endIndex), Pair::getFirst),
                      InvalidationType.DELETED));
        }
      }
     ",
633,version,dataVersion,False,3,dataVersion|dataVersion|,"[] dataVersion) {
            return dataVersion[0]==1;
        }
        @Override
","[] dataVersion) {
            return dataVersion[0]==1;
        }
        @Override
|dataVersion[0]==1 || dataVersion[0]==2;
        }
        @Override
| <|endoftext|>",
634,response,MASK,False,8,MASK|MASK|MASK|MASK|MASK|MASK|MASK|MASK,[MASK]<|endoftext|>,[MASK]<|endoftext|>|[MASK]<|endoftext|>|[MASK]<|endoftext|>|[MASK]<|endoftext|>|MASK<|endoftext|>| MASK<|endoftext|>|   MASK<|endoftext|>| MASK<|endoftext|>,
635,rootDir,licensePath,False,2,licensePath|licensePath,"              licensePath = licensePathProvider.get().toFile();
            if (projectName.contains(""oss","              licensePath = licensePathProvider.get().toFile();
            if (projectName.contains(""oss|licensePath.toPath().resolve(""licenses/"" + licenseFilename));
                    assertLinesInFile(license",
636,proxy,MASK,False,10,MASK|MASK|MASK|MASK|MASK|MASK|MASK|MASK|MASK|MASK,"[ [MASK] ]  = null;
    private String stagingHash = null;
    private boolean","[ [MASK] ]  = null;
    private String stagingHash = null;
    private boolean|[MASK]  ) {
        this. [MASK]  =  [MASK] ;
   | [MASK]  =  MASK ;
    }

    public void setProxy(String  MASK ) {
|MASK  ;
    }

    public void setEnvironment(Environment environment) {
        this.env = environment;
| [MASK] <|fim_pad|><|fim_pad|><|fim_pad|><|fim_pad|><|fim_pad|><|fim_pad|><|fim_pad|><|fim_pad|><|fim_pad|><|fim_pad|><|fim_pad|><|fim_pad|><|fim_pad|><|fim_pad|><|fim_pad|><|fim_pad|>|[MASK] );
        urlConnection.addRequestProperty(""User-Agent"", ""elasticsearch-plugin-installer|[MASK]  == null ? url.openStream() : url.openConnection( [MASK] ).get|MASK  == null ? url : url.openConnection(  MASK  )<|fim_pad|><|fim_pad|><|fim_pad|><|fim_pad|><|fim_pad|><|fim_pad|>|MASK<|endoftext|>| MASK );
        connection.addRequestProperty(""User-Agent"", ""elasticsearch-plugin-installer"");
        connection",
637,webServer,,False,3,|MASK|MASK,    <|endoftext|>,    <|endoftext|>|[MASK]<|endoftext|>|MASK<|endoftext|>,
638,idleHttpConnectionTimeout,MASK,False,5,MASK|MASK|MASK|MASK|MASK, [MASK]<|endoftext|>," [MASK]<|endoftext|>| [MASK] <|endoftext|>| [MASK] <|endoftext|>| MASK  =  MASK ;
		}

	}

	public static class Ssl {

		/**
| MASK ;
		}

	}

	public static class Ssl {

		/**
		 * Whether to",
639,attrs,attrs,True,1,attrs,"attrs
           <|endoftext|>","attrs
           <|endoftext|>",
640,elapsedRealtimeUs,timeUs,False,2,timeUs|timeUs,"timeUs The current media time in microseconds, measured at the start of the current
   *    ","timeUs The current media time in microseconds, measured at the start of the current
   *    |timeUs <|endoftext|>",
641,targetOffsetUs,,False,6,|MASK|MASK|MASK|MASK|MASK,<|endoftext|>,"<|endoftext|>| [MASK]<|endoftext|>|[MASK]<|endoftext|>|MASK<|endoftext|>|MASK<|endoftext|>|MASK
      <|endoftext|>",
642,metaAnnotations,metaAnnotations,True,2,metaAnnotations|metaAnnotations,"metaAnnotations
				= AnnotationsScanner.getDeclaredAnnotations(source.getAnnotationType(), true);
		@","metaAnnotations
				= AnnotationsScanner.getDeclaredAnnotations(source.getAnnotationType(), true);
		@|metaAnnotations <|endoftext|>",
643,header,MASK,False,11,MASK|MASK|MASK|MASK||MASK|MASK|MASK|MASK|MASK|MASK,"[MASK]  name cannot be null"", e.getMessage());
        }

        try {
            randomBuilder","[MASK]  name cannot be null"", e.getMessage());
        }

        try {
            randomBuilder|MASK  value cannot be null"", e.getMessage());
        }

        try {
            RequestOptions.DEFAULT.toBuilder|  [MASK]<|endoftext|>|  [MASK]<|endoftext|>|<|endoftext|>|MASK<|endoftext|>|MASK );
        }
        for (Header  MASK  :  [MASK] s) {
           |MASK<|endoftext|>| MASK , <|endoftext|>|MASK <|endoftext|>|MASK<|endoftext|>",
644,timeout,MASK,False,4,MASK|MASK|MASK|MASK,[MASK]<|endoftext|>,[MASK]<|endoftext|>|[MASK]<|endoftext|>|MASK<|endoftext|>| MASK<|endoftext|>,
645,formatter,formatter,True,3,formatter|formatter|formatter,formatter<|endoftext|>,"formatter<|endoftext|>| formatter
            .format(""\n"")
           <|endoftext|>|formatter <|fim_pad|><|fim_pad|><|fim_pad|><|fim_pad|><|fim_pad|><|fim_pad|><|fim_pad|><|fim_pad|><|fim_pad|><|fim_pad|><|fim_pad|><|fim_pad|><|fim_pad|><|fim_pad|><|fim_pad|><|fim_pad|><|fim_pad|><|fim_pad|>",
646,instanceMethod,,False,17,|file_sep|MASK|MASK|MASK|MASK|MASK|MASK|MASK|MASK|MASK|MASK|MASK|MASK|MASK|MASK|MASK,<|endoftext|>,"<|endoftext|>| <|file_sep|><|fim_prefix|>/okhttp/src/main/java/com/squareup/okhttp/internal/http/Http|[MASK]<|endoftext|>| [MASK]<|endoftext|>| [MASK]<|endoftext|>|MASK<|endoftext|>|MASK Name.startsWith(""is"")) {
        staticMethodName =  [MASK] Name.replace(""is"",|[MASK]<|endoftext|>|[ MASK<|endoftext|>| [MASK] <|endoftext|>|[MASK]<|endoftext|>|[MASK]<|endoftext|>|[MASK]<|endoftext|>|[MASK] Name <|endoftext|>| MASK<|endoftext|>| MASK<|endoftext|>| MASK<|endoftext|>",
647,emails,emails,True,2,emails|emails,emails<|endoftext|>,emails<|endoftext|>|emails<|endoftext|>,
648,screenY,MASK,False,8,MASK|MASK|MASK|MASK|MASK|MASK|MASK|MASK,[MASK]<|endoftext|>,[MASK]<|endoftext|>|[MASK]<|endoftext|>|[MASK]<|endoftext|>| MASK<|endoftext|>|MASK<|endoftext|>| MASK<|endoftext|>|MASK<|endoftext|>|MASK<|endoftext|>,
649,subsetSize,MASK,False,12,MASK|MASK|MASK|MASK|MASK|MASK|MASK|supersetFreq|MASK|MASK|MASK|MASK,"[MASK] ,
            long supersetSize,
            List<B> buckets
        );
        final","[MASK] ,
            long supersetSize,
            List<B> buckets
        );
        final|[MASK]<|endoftext|>|[MASK]<|endoftext|>|[MASK]<|endoftext|>|[MASK]<|endoftext|>|MASK<|endoftext|>|MASK<|endoftext|>|supersetFreq > supersetSize""));
        }
        try {
            heuristicIsSuperset.getScore|[MASK]<|endoftext|>|MASK<|endoftext|>|[MASK]<|endoftext|>| MASK<|endoftext|>",
650,params,,False,7,|MASK|MASK|MASK|||,<|endoftext|>,<|endoftext|>|[MASK] <|endoftext|>|[MASK]<|endoftext|>|MASK<|endoftext|>|<|endoftext|>|<|endoftext|>|<|endoftext|>,
651,inner,MASK,False,13,MASK|MASK|MASK|MASK|MASK|MASK|MASK|MASK|MASK|MASK|MASK|MASK|MASK,[MASK]<|endoftext|>,[MASK]<|endoftext|>|[MASK]<|endoftext|>|[MASK]<|endoftext|>|[MASK]<|endoftext|>|MASK<|endoftext|>|MASK<|endoftext|>|[MASK]<|endoftext|>|MASK<|endoftext|>|MASK<|endoftext|>|[MASK]<|endoftext|>|MASK <|endoftext|>|[ MASK ]<|endoftext|>|MASK <|endoftext|>,
652,content,MASK,False,6,MASK|MASK|MASK|MASK|MASK|MASK,[MASK]<|endoftext|>,"[MASK]<|endoftext|>|[MASK]<|endoftext|>|[MASK]<|endoftext|>|MASK<|endoftext|>|MASK<|endoftext|>|MASK , fieldValue<|endoftext|>",
653,parsers,,False,32,|MASK||||||MASK|MASK|MASK|parsers|MASK|MASK||MASK||MASK||MASK|MASK|MASK|parser|parsers||MASK||MASK||MASK||MASK|MASK,<|endoftext|>,"<|endoftext|>|[MASK]<|endoftext|>|<|endoftext|>|<|endoftext|>|<|endoftext|>|<|endoftext|>|<|endoftext|>|[MASK]<|endoftext|>|[MASK]<|endoftext|>|[MASK]<|endoftext|>|parsers<|endoftext|>|[MASK]<|endoftext|>|MASK<|endoftext|>|<|endoftext|>|MASK<|endoftext|>|<|endoftext|>|MASK<|endoftext|>|<|endoftext|>|[MASK]<|endoftext|>|MASK<|endoftext|>|MASK<|endoftext|>|parser  is empty, or none of the  [MASK]  returns a valid
   *|parsers<|endoftext|>|<|endoftext|>|MASK<|endoftext|>|<|endoftext|>|MASK<|endoftext|>|<|endoftext|>|MASK<|endoftext|>|<|endoftext|>|MASK<|endoftext|>|MASK<|endoftext|>",
654,beans,registrationBeans,False,2,registrationBeans|registrationBeans,registrationBeans<|endoftext|>,"registrationBeans<|endoftext|>|registrationBeans
				.get(TestMultipartServlet.class.getName());
		assertThat(servletRegistrationBean).",
655,parameterObject,parameterObject,True,1,parameterObject,"parameterObject
 <|endoftext|>","parameterObject
 <|endoftext|>",
656,environmentValue,profileValue,False,2,profileValue|profileValue,                 profileValue  <|endoftext|>,"                 profileValue  <|endoftext|>|profileValue) ||
				ObjectUtils.nullSafeEquals(value, profileValueSource.getDefaultValue())) {
			",
657,flingTime,velocityX,False,18,velocityX|velocityY|velocityX|return|MASK|MASK|fadeAlphaSeconds|Stop|MASK|Scroll|) {|public|this|ScrollBars|MASK|public|public|public,"velocityX = 0, velocityY = 0,  [MASK] r = 0","velocityX = 0, velocityY = 0,  [MASK] r = 0|velocityY  = 1f;
	private float  [MASK]<|fim_pad|><|fim_pad|><|fim_pad|><|fim_pad|><|fim_pad|><|fim_pad|>|velocityX, velocityY);
				}
			}

			public void zoom (InputEvent event|return true;
				if (event instanceof InputEvent && ((InputEvent)event).isTouchFocus|[MASK] r > 0 && !panning) {
			setScrollbarsVisible(true);

|[MASK] r / fadeAlphaSeconds;
			if (alpha > 1) alpha = |fadeAlphaSeconds;
			velocityX *= alpha;
			velocityY *= alpha;
			|   // Stop fling if hit overscroll distance.
			if ( [MASK] r == -|MASK r <= 0) {
				velocityX = 0;
				velocityY =|// Scroll smoothly when not grabbing the scrollbar if one pixel of scrollbar movement is > 10%|) {
		hScrollOnBottom = bottom;
		vScrollOnRight = right;
	}

|	public void setFadeScrollBars (boolean fadeScrollBars) {
		this.fadeScrollBars = fade|this.fadeScrollBars == fadeScrollBars) return;
		this.fadeScrollBars = fadeScrollBars|ScrollBars) return;
		this.fadeScrollBars = fadeScrollBars;
		if (fadeScroll|  [MASK]  > 0;
	}

	/** For flick scroll, returns true if|public ) {
		this. =  public ;
	}

	/** For flick scroll, sets the|public  =  MASK ;
	}

	public float getFlingTime () {
		return  MASK|public ;
	}

	/** For flick scroll, sets the amount of time in seconds that a fl",
658,client,client,True,3,client|client|client,client<|endoftext|>,"client<|endoftext|>|client<|endoftext|>|client
           <|endoftext|>",
659,string,message,False,2,message|message," message)
    {
        if (DEBUG)
        {
            System.out.println(""  ""+message);
"," message)
    {
        if (DEBUG)
        {
            System.out.println(""  ""+message);
|message<|endoftext|>",
660,searchResponse,MASK,False,8,MASK|MASK|MASK|MASK|MASK|MASK|MASK|MASK,[MASK]<|endoftext|>,"[MASK]<|endoftext|>|[MASK]<|endoftext|>|MASK<|endoftext|>|MASK<|endoftext|>|[MASK]<|endoftext|>| MASK<|endoftext|>| MASK , context.queryContext.timeField, context.queryContext.start<|endoftext|>| MASK <|endoftext|>",
661,future,MASK,False,19,MASK|MASK|completeWith_propagates|MASK|assertThrows|MASK|MASK|MASK|MASK|MASK|MASK|MASK|MASK|MASK|MASK|MASK|MASK|MASK|MASK,[MASK]<|endoftext|>,"[MASK]<|endoftext|>|[MASK] <|endoftext|>|completeWith_propagates() throws Exception {
    var setValue = new AtomicReference<Value>();
    var|[MASK]<|endoftext|>|assertThrows(IllegalStateException.class,  [MASK] ::completeWith);
    assertThrows(Illegal|[MASK]<|endoftext|>|  [MASK]  was unexpectedly unset for key, look for unchecked exceptions"");
  }

  @|[MASK]<|endoftext|>|[MASK]<|endoftext|>|[MASK] .verifyComplete();
    assertThat( [MASK] .get()).isEqualTo(value);
 | MASK<|endoftext|>|[MASK]<|endoftext|>|[MASK]<|endoftext|>|MASK<|endoftext|>|MASK<|endoftext|>|[MASK]<|endoftext|>|MASK
       <|endoftext|>|MASK .verifyComplete();
    var thrown2 = assertThrows(ExecutionException.class,  MASK ::|MASK<|endoftext|>",
662,range,MASK,False,5,MASK|MASK|MASK|MASK|array,"  [MASK]  in the trie */
        /* (the trie is in UTF-16","  [MASK]  in the trie */
        /* (the trie is in UTF-16|[MASK] <|endoftext|>|MASK<|endoftext|>| MASK<|endoftext|>|array if it exists
                 * and continue with the first Joining_Group array
               <|endoftext|>",
663,columnValuesSize,columnValuesSize,True,3,columnValuesSize|columnValuesSize|columnNamesSize,columnValuesSize<|endoftext|>,"columnValuesSize<|endoftext|>|columnValuesSize<|file_sep|><|fim_prefix|>/android/icu4j/src/main/java/android/icu/impl/data/|columnNamesSize; i < columnValuesSize; ++i) {
                        if (!clearField(column",
664,animating,touchScrollH,False,11,touchScrollH|MASK|MASK|MASK|MASK|MASK|MASK|MASK|MASK|fadeAlpha|link,"touchScrollH = this.touchScrollH, touchScrollV = this.touchScrollV;
		boolean","touchScrollH = this.touchScrollH, touchScrollV = this.touchScrollV;
		boolean|[MASK]  = true;
		}

		if (fadeAlpha < fadeAlphaSeconds &&|[MASK]  = true;
		}

		if (touchScrollH) {
			float|[MASK]  = true;
			}
			if (visualAmountY != amountY)|MASK  = true;
			}
		} else if (smoothScrolling && fling|[MASK]  = true;
				} else if (amountX > maxX) {
				|[MASK]  = true;
				}
			}
			if (overscrollY &&|MASK  = true;
				} else if (amountX > maxX) {
					setScroll|MASK  = true;
				}
			}
			if (overscrollY && scrollY|fadeAlpha > 0 && fadeScrollBars && !panning && !touchScrollH && !|  {@link #setSmoothScrolling(boolean)}<|endoftext|>",
665,plugin,index,False,3,index||analysisService,index<|endoftext|>,"index<|endoftext|>|<|endoftext|>|analysisService
           <|endoftext|>",
666,client,client,True,3,client|client|client,client<|endoftext|>,"client<|endoftext|>|client<|endoftext|>|client.admin()
            .cluster()
           <|endoftext|>",
667,buffer,,False,41,||MASK|MASK|MASK|MASK|MASK|MASK|MASK|MASK|MASK|MASK|MASK|MASK|MASK|MASK|MASK|MASK|MASK|MASK|MASK|MASK|MASK|MASK|MASK|MASK|MASK|MASK|MASK|MASK|MASK|MASK|MASK|MASK|MASK|MASK|MASK|MASK|MASK|MASK|MASK,<|endoftext|>,"<|endoftext|>|<|endoftext|>|[MASK]<|endoftext|>|[MASK]<|endoftext|>|[MASK]<|endoftext|>| [MASK]<|endoftext|>| [MASK]<|endoftext|>|[MASK]<|endoftext|>|[MASK]<|endoftext|>|MASK<|endoftext|>|MASK<|endoftext|>|MASK<|endoftext|>|[MASK]<|endoftext|>|[MASK]<|endoftext|>|MASK<|endoftext|>|MASK<|endoftext|>| [MASK]<|endoftext|>|[MASK]<|endoftext|>|[MASK]<|endoftext|>| MASK<|endoftext|>| MASK<|endoftext|>|[MASK]<|endoftext|>| [MASK]<|endoftext|>|[MASK]<|endoftext|>|[MASK]<|endoftext|>|[MASK]<|endoftext|>|MASK<|endoftext|>|MASK<|endoftext|>|[MASK]<|endoftext|>|[MASK]<|endoftext|>|[MASK]<|endoftext|>|[MASK]<|endoftext|>|[MASK] .readUnsignedInt24();
        bitmapHeight =  [MASK] .read|MASK<|endoftext|>|MASK<|endoftext|>|MASK<|endoftext|>|[MASK]<|endoftext|>|[MASK]<|endoftext|>|MASK<|endoftext|>|MASK<|endoftext|>|MASK .readUnsignedShort();
      bitmapWidth =  MASK .readUnsignedShort();
      bitmapHeight",
668,inputsSize,inputSize,False,3,inputSize|inputSize|inputSize,inputSize<|endoftext|>,inputSize<|endoftext|>|inputSize<|endoftext|>|inputSize<|endoftext|>,
669,oinput,result,False,5,result|oundingMode|F_EVEN|this|behavior,""", result);

        result = decimalFormat.format(6.5);
        assertEquals(""Incorrect Rounding",""", result);

        result = decimalFormat.format(6.5);
        assertEquals(""Incorrect Rounding|oundingMode behavior: RoundingMode.HALF_EVEN"", ""-6"", result);

        //|F_EVEN"", ""0"", result);

        // set RoundingMode.HALF_UP of| this DecimalFormat and test its
        // behavior
        decimalFormat.setRoundingMode(RoundingMode|        // behavior
        decimalFormat.setRoundingMode(RoundingMode.HALF_UP);
       ",
670,rtpPayloadType,payloadType,False,2,payloadType|payloadType,payloadType    <|endoftext|>,"payloadType    <|endoftext|>|payloadType, channelCount, mimeType, clockRate);
  }

  private static void processAac",
671,quartScratch,quart,False,2,quart|quart,quart<|endoftext|>,"quart<|endoftext|>|quart));
  }

  @Override
  public void addInput(Page page) {
    add",
672,offset,highest,False,6,highest|nextOffset|nextOffset|MASK|MASK|MASK,"highest value in the bucket, and the highest index contains the lowest value.
     *         <p","highest value in the bucket, and the highest index contains the lowest value.
     *         <p|nextOffset) {
        values.set(rootIndex, nextOffset);
    }

    /**
     * Set|nextOffset);
    }

    /**
     * Compare two values. This is a convenience method that
|[MASK]<|endoftext|>|MASK<|endoftext|>|MASK<|endoftext|>",
673,itemIndex,MASK,False,13,MASK|MASK|MASK|MASK|MASK|MASK|MASK|MASK|itemOffset|MASK|MASK|MASK|,"[MASK]  = 1;
    while ( [MASK]  < constantPoolCount)","[MASK]  = 1;
    while ( [MASK]  < constantPoolCount)|MASK  < constantPoolCount) {
      int itemOffset = classReader.getItem( [MASK]|MASK <|file_sep|><|fim_prefix|>/spring-core/src/main/java/org/springframework/core/annotation/AnnotationAware|[MASK]<|endoftext|>|[MASK] , itemTag, classReader.readInt(itemOffset));
          break;
        case Symbol.CON|[MASK]<|endoftext|>|[MASK]<|fim_pad|><|fim_pad|><|fim_pad|><|fim_pad|><|fim_pad|><|fim_pad|><|fim_pad|><|fim_pad|><|fim_pad|><|fim_pad|><|fim_pad|><|fim_pad|><|fim_pad|><|fim_pad|><|fim_pad|><|fim_pad|><|fim_pad|>|[MASK]<|fim_pad|><|fim_pad|><|fim_pad|><|fim_pad|><|fim_pad|><|fim_pad|><|fim_pad|><|fim_pad|><|fim_pad|><|fim_pad|><|fim_pad|><|fim_pad|><|fim_pad|><|fim_pad|><|fim_pad|><|fim_pad|><|fim_pad|>|itemOffset, charBuffer));
          break;
        case Symbol.CONSTANT_METHOD_HANDLE_TAG:
         |MASK <|fim_pad|><|fim_pad|><|fim_pad|><|fim_pad|><|fim_pad|><|fim_pad|><|fim_pad|><|fim_pad|><|fim_pad|><|fim_pad|><|fim_pad|><|fim_pad|><|fim_pad|><|fim_pad|><|fim_pad|><|fim_pad|><|fim_pad|><|fim_pad|>|MASK ,
              classReader.readUTF8(itemOffset, charBuffer),
              classReader.readUTF8|MASK ,
              itemTag,
              classReader.readConst(
                  classReader.getItem(classReader.readUnsigned|<|endoftext|>",
674,classLoader,classLoader,True,1,classLoader,classLoader<|endoftext|>,classLoader<|endoftext|>,
675,classLoader,,False,2,|,     <|endoftext|>,     <|endoftext|>|  <|endoftext|>,
676,scoreDoc,MASK,False,12,MASK|MASK||MASK|MASK|MASK|MASK|MASK|MASK|MASK|MASK|MASK,"[MASK]  =  [MASK] rankResults.getFirst();
        List<TextSimilarityRankDoc","[MASK]  =  [MASK] rankResults.getFirst();
        List<TextSimilarityRankDoc|MASK<|endoftext|>|<|endoftext|>|MASK<|endoftext|>|MASK<|endoftext|>|MASK<|endoftext|>|[MASK]<|endoftext|>|MASK<|endoftext|>|MASK<|endoftext|>|MASK<|endoftext|>|MASK<|endoftext|>|MASK<|endoftext|>",
677,staplerResponse,staplerResponse,True,4,staplerResponse|MASK|MASK|MASK,"staplerResponse
       <|endoftext|>","staplerResponse
       <|endoftext|>|[MASK]<|endoftext|>|[MASK]<|endoftext|>|MASK<|endoftext|>",
678,columnIndex,MASK,False,4,MASK|MASK|MASK|MASK,[MASK]<|endoftext|>,[MASK]<|endoftext|>|MASK<|endoftext|>|MASK<|endoftext|>|MASK<|endoftext|>,
679,binTools,binTools,True,3,binTools|fallbackTmpDir|fallbackTmpDir,  binTools  <|file_sep|><|fim_prefix|>/src/test/java/com/google/devtools/build/lib/rules/platform/PlatformInfo,"  binTools  <|file_sep|><|fim_prefix|>/src/test/java/com/google/devtools/build/lib/rules/platform/PlatformInfo|fallbackTmpDir, env, actionExecutionContext) -> env,
                [MASK] ,
                /* process|/* fallbackTmpDir= */ null,
                /* processWrapper= */ null,
                Mockito.mock(R",
680,service,MASK,False,10,MASK|MASK|MASK|MASK|MASK|MASK|MASK|MASK|MASK|MASK,[MASK]<|endoftext|>,"[MASK]<|endoftext|>|[MASK]<|endoftext|>|[MASK]<|endoftext|>|MASK<|endoftext|>|MASK  + "" implementation declared in "" + resources, e);
        }
    }

    public <|[MASK]<|endoftext|>|MASK<|endoftext|>|MASK  + "" implementations declared in "" + resources<|endoftext|>|MASK<|endoftext|>|MASK<|endoftext|>",
681,aByte,,False,12,|MASK|MASK|byteBuffer|MASK|MASK|MASK|MASK|MASK|MASK|MASK|byteBuffer,<|endoftext|>,"<|endoftext|>|[MASK]<|endoftext|>|[MASK]<|endoftext|>|byteBuffer[curByteIndex++]<|endoftext|>|[MASK]<|endoftext|>|[MASK]<|endoftext|>|[MASK]<|endoftext|>|MASK<|endoftext|>|[ MASK ]<|file_sep|><|fim_prefix|>/src/com/ibm/icu/impl/data/TimeZoneNames.java
|[MASK]<|endoftext|>|MASK<|endoftext|>|byteBuffer[curByteIndex++]) & 0xFF) + "" "");
                        break;
                        
                       ",
682,schemaName,schemaName,True,3,schemaName|schemaName|schemaName,"schemaName) {
		return schemaName;
	}

	@Override
	public String getSchemaNameTo","schemaName) {
		return schemaName;
	}

	@Override
	public String getSchemaNameTo|schemaName<|endoftext|>|schemaName<|endoftext|>",
683,secondImage,MASK,False,6,MASK|MASK|MASK|MASK|MASK|MASK,"[MASK]  =
        mockEncodedImage(THUMBNAIL_WIDTHS[1], TH","[MASK]  =
        mockEncodedImage(THUMBNAIL_WIDTHS[1], TH|[MASK]<|endoftext|>|MASK<|endoftext|>|[MASK]<|endoftext|>|[MASK]<|endoftext|>| MASK<|endoftext|>",
684,describableType,MASK,False,12,MASK|MASK|MASK|MASK|MASK|MASK|MASK|MASK|MASK|MASK|MASK|MASK,[MASK]<|endoftext|>,"[MASK]<|endoftext|>| [MASK]  == hudson.model.View.class) {
            return (DescriptorExtensionList) new|[MASK]<|endoftext|>|[MASK]<|endoftext|>|MASK );
    }

    /**
     * Creates a new instance.
     */
    @SuppressWarnings({""unchecked|[MASK] <|endoftext|>|[MASK]<|endoftext|>|MASK<|endoftext|>|MASK<|endoftext|>| MASK<|endoftext|>|MASK <|endoftext|>| MASK  && !d.isInstantiable() && !d.isSubTypeOf( MASK ) &&",
685,warnings,,False,7,|MASK|MASK||MASK|MASK|MASK,<|endoftext|>,<|endoftext|>|[MASK] <|endoftext|>|[MASK] <|endoftext|>|<|endoftext|>|[MASK]<|endoftext|>|MASK<|endoftext|>|MASK <|endoftext|>,
686,charsetObj,,False,3,|charset|charset, <|endoftext|>," <|endoftext|>|charset);

		assertThat(IOUtils.toByteArray(createResponse(creator).getBody())).isEqualTo(content.getBytes(   ));
|charset.newEncoder()
				.encode(content);
		byte[] expect = new byte[expectBuff.remaining",
687,listeners,MASK,False,3,MASK|mask|MASK,[MASK]<|endoftext|>,"[MASK]<|endoftext|>|mask"");
            assertTrue(""refresh listener not waiting"", MASK != 0);
            assertFalse(""refresh listener|MASK);
        }<|fim_pad|><|fim_pad|><|fim_pad|><|fim_pad|><|fim_pad|><|fim_pad|><|fim_pad|><|fim_pad|><|fim_pad|><|fim_pad|><|fim_pad|><|fim_pad|><|fim_pad|><|fim_pad|><|fim_pad|><|fim_pad|>",
688,x500Principal,MASK,False,2,MASK|MASK,  [MASK] <|endoftext|>,  [MASK] <|endoftext|>|MASK.getName(X500Principal.RFC2253)<|file_sep|><|fim_prefix|>/x-pack/plugin/src,
689,samplers,MASK,False,4,MASK|MASK|MASK|MASK,[MASK]<|endoftext|>,"[MASK]<|endoftext|>|MASK );

	public native void glDeleteSamplers (int count, int[]  [MASK] ,|[MASK]<|endoftext|>|MASK );

	public native boolean glIsSampler (int sampler, int[]  MASK , int offset);

",
690,attributes,,False,11,|MASK|MASK|MASK|MASK|MASK|MASK|MASK|MASK|MASK|MASK, <|endoftext|>, <|endoftext|>| [MASK]<|endoftext|>|[MASK]<|endoftext|>|[MASK]<|endoftext|>| MASK<|endoftext|>|[MASK]<|endoftext|>| MASK<|endoftext|>|MASK<|endoftext|>| MASK<|endoftext|>|MASK<|endoftext|>|MASK <|fim_pad|><|fim_pad|><|fim_pad|><|fim_pad|><|fim_pad|><|fim_pad|><|fim_pad|><|fim_pad|><|fim_pad|><|fim_pad|><|fim_pad|><|fim_pad|><|fim_pad|><|fim_pad|><|fim_pad|><|fim_pad|><|fim_pad|><|fim_pad|>,
691,element,MASK,False,28,MASK|MASK|MASK|MASK|MASK|MASK|MASK|MASK|MASK||MASK|MASK|MASK|MASK|MASK|MASK|MASK|MASK|MASK|MASK|MASK|MASK|MASK|MASK|MASK|MASK|MASK|MASK,[MASK] <|endoftext|>,"[MASK] <|endoftext|>|[MASK]<|endoftext|>|[MASK]<|endoftext|>|[MASK]<|endoftext|>|[MASK]<|endoftext|>|[MASK]<|endoftext|>|MASK<|endoftext|>|[MASK] .getAnnotation(AnnotationA.class);
            fail();
        } catch (NullPointerException expected|MASK<|endoftext|>|  <|endoftext|>|MASK<|endoftext|>|MASK<|endoftext|>|[MASK]<|endoftext|>|[MASK]<|endoftext|>|MASK<|endoftext|>|MASK .getDeclaredAnnotation(null);
            fail();
        } catch (NullPointerException expected) {
        }
|MASK<|endoftext|>|[MASK]<|endoftext|>|[MASK]<|endoftext|>|[MASK]<|endoftext|>|MASK<|endoftext|>|MASK<|endoftext|>|[MASK]<|endoftext|>|MASK<|endoftext|>|MASK<|endoftext|>|MASK""<|endoftext|>|MASK  + "" and "" + annotationType,
                expected,  [MASK] .isAnnotation| MASK<|endoftext|>",
692,fileInfo,fileInfo,True,2,fileInfo|fileInfo,"fileInfo
       <|fim_pad|><|fim_pad|><|fim_pad|><|fim_pad|><|fim_pad|><|fim_pad|><|fim_pad|><|fim_pad|><|fim_pad|><|fim_pad|><|fim_pad|><|fim_pad|><|fim_pad|><|fim_pad|><|fim_pad|><|fim_pad|>","fileInfo
       <|fim_pad|><|fim_pad|><|fim_pad|><|fim_pad|><|fim_pad|><|fim_pad|><|fim_pad|><|fim_pad|><|fim_pad|><|fim_pad|><|fim_pad|><|fim_pad|><|fim_pad|><|fim_pad|><|fim_pad|><|fim_pad|>|fileInfo
            );
        }
    }

    /**
     * Helper class to run a runnable on",
693,builder,builder,True,19,builder|MASK|MASK|MASK|MASK|MASK|MASK|MASK|MASK|MASK|MASK|MASK|MASK|MASK|MASK|MASK|MASK|MASK|MASK,builder<|endoftext|>,"builder<|endoftext|>|[MASK]<|endoftext|>|[MASK]<|endoftext|>|MASK<|endoftext|>|[MASK]<|endoftext|>|[MASK]  = Metadata. [MASK] <|endoftext|>|[MASK]<|endoftext|>|[MASK] (ProjectId.DEFAULT).put(idxMetadata));
        }

        return ClusterState. [|MASK<|endoftext|>| [MASK]<|endoftext|>|MASK<|endoftext|>|[MASK]<|endoftext|>|[MASK]<|endoftext|>|MASK<|endoftext|>|[MASK]<|endoftext|>|MASK<|endoftext|>|MASK<|endoftext|>|MASK .build();
    }

    private static ClusterState.Builder createClusterStateBuilder() {
        return|MASK ()
            .index<|fim_pad|><|fim_pad|><|fim_pad|><|fim_pad|><|fim_pad|><|fim_pad|><|fim_pad|><|fim_pad|><|fim_pad|><|fim_pad|><|fim_pad|><|fim_pad|><|fim_pad|><|fim_pad|><|fim_pad|>",
694,model,MASK,False,8,MASK|MASK|MASK|MASK|MASK|MASK|MASK|MASK, [MASK]<|endoftext|>," [MASK]<|endoftext|>|[MASK]<|endoftext|>|[MASK] , ""model cannot be null""<|endoftext|>|MASK =  MASK ;
        this.expiryTimestamp = Instant.now(clock).plus( [MASK]| MASK<|endoftext|>|MASK<|endoftext|>|[MASK]<|endoftext|>|MASK<|endoftext|>",
695,resource,resource,True,4,resource|resource|resource|resource,resource<|endoftext|>,resource<|endoftext|>|resource<|endoftext|>|resource <|endoftext|>|resource<|endoftext|>,
696,playlistParserFactory,MASK,False,11,MASK||MASK|MASK|MASK||MASK|MASK|||MASK, [MASK] <|fim_pad|><|fim_pad|><|fim_pad|><|fim_pad|><|fim_pad|><|fim_pad|><|fim_pad|><|fim_pad|><|fim_pad|><|fim_pad|><|fim_pad|><|fim_pad|><|fim_pad|><|fim_pad|><|fim_pad|><|fim_pad|>," [MASK] <|fim_pad|><|fim_pad|><|fim_pad|><|fim_pad|><|fim_pad|><|fim_pad|><|fim_pad|><|fim_pad|><|fim_pad|><|fim_pad|><|fim_pad|><|fim_pad|><|fim_pad|><|fim_pad|><|fim_pad|><|fim_pad|>|<|endoftext|>|   [MASK]<|endoftext|>|[MASK] <|fim_pad|><|fim_pad|><|fim_pad|><|fim_pad|><|fim_pad|><|fim_pad|><|fim_pad|><|fim_pad|><|fim_pad|><|fim_pad|><|fim_pad|><|fim_pad|><|fim_pad|><|fim_pad|><|fim_pad|><|fim_pad|>|[MASK]  =
          checkNotNull(
              [MASK] ,
              ""HlsMediaSource|<|endoftext|>|[MASK]  =
          checkNotNull(
                ,
              ""HlsMediaSource.Factory#set|MASK <|endoftext|>|<|endoftext|>|<|endoftext|>|MASK , useSessionKeys),
          drmSessionManager.getEventListener(
              /* eventDispatcher= */ null",
697,isBaseSection,,False,2,|sectionLength,<|endoftext|>,<|endoftext|>|sectionLength > 0<|endoftext|>,
698,setToCheck,setToUse,False,2,setToUse|setToUse,"setToUse
        <|endoftext|>","setToUse
        <|endoftext|>|setToUse
            .add(key)
            || pendingVisitations
                .contains(Pair",
699,logger,MASK,False,17,MASK|MASK|MASK|MASK|MASK|MASK|MASK|MASK|MASK|MASK|MASK|MASK|MASK|MASK|MASK|MASK|MASK,[MASK]<|endoftext|>,"[MASK]<|endoftext|>|[MASK] <|endoftext|>| [MASK]<|endoftext|>|MASK  to install. Must not be null.
   * @throws IllegalStateException if a  MASK |[MASK]<|endoftext|>|MASK<|endoftext|>|MASK  for testing. This is a variant of {@link #installRemoteLogger} that
  |MASK  is being installed.
   */
  public static synchronized void installRemoteLoggerForTesting(Future|[MASK]<|endoftext|>|MASK<|endoftext|>|MASK<|endoftext|>|[MASK]<|endoftext|>|MASK<|endoftext|>| MASK<|endoftext|>|[MASK]<|endoftext|>|MASK<|endoftext|>| MASK<|endoftext|>",
700,moduleClasses,MASK,False,3,MASK|moduleExports|moduleClasses, [MASK]<|endoftext|>," [MASK]<|endoftext|>|moduleExports.stream().map(x -> JRT_FS.getPath(""modules"", moduleName, x)).collect(Collectors|moduleClasses<|endoftext|>",
701,formattedString,setLenient,False,16,setLenient|Lenient|isCalendarLenient|assertFalse|setLenient|_MATCH|assertTrue|));|fmt|fmt|PACE|after|assertTrue|ient|Lenient|ALLOW_NUMERIC," setLenient(FALSE)"", fmt.isLenient());
        assertFalse(""isCalendarLenient after setLen"," setLenient(FALSE)"", fmt.isLenient());
        assertFalse(""isCalendarLenient after setLen|Lenient(FALSE)"", fmt.isCalendarLenient());
        assertTrue(""ALLOW_WHITESPACE after setLen|.isCalendarLenient());
        assertTrue(""ALLOW_WHITESPACE after setLenient(FALSE)"", fmt.getBoolean|        assertFalse(""ALLOW_NUMERIC  after setLenient(FALSE)"", fmt.getBooleanAttribute(BooleanAttribute.PARSE_ALLOW| setLenient(FALSE)"", fmt.getBooleanAttribute(BooleanAttribute.PARSE_ALLOW_NUMERIC));

        // Set to len|_MATCH after setLenient(FALSE)"", fmt.getBooleanAttribute(BooleanAttribute.PARSE_PARTIAL_LITERAL_MATCH));
       | assertTrue(""MULTIPLE_PATTERNS after setLenient(FALSE)"", fmt.getBooleanAttribute(BooleanAttribute.PARSE|));

        // Set to lenient
        fmt.setLenient(true);

        assertTrue(""isLen| fmt.isLenient());
        assertFalse(""isCalendarLenient after ALLOW_WHITESPACE/TRUE"",| fmt.isCalendarLenient());
        assertTrue(""ALLOW_WHITESPACE after ALLOW_WHITESPACE/TRUE|PACE after ALLOW_WHITESPACE/TRUE"", fmt.getBooleanAttribute(BooleanAttribute.PARSE_ALLOW_WHITESPACE| after ALLOW_WHITESPACE/TRUE"", fmt.getBooleanAttribute(BooleanAttribute.PARSE_ALLOW_NUMERIC));
        assertTrue|        assertTrue(""isLeninent after setLenient(TRUE)"", fmt.isLenient());
        assertTrue(""|ient after setLenient(TRUE)"", fmt.isCalendarLenient());
        assertTrue(""ALLOW_WHITESPACE|Lenient(TRUE)"", fmt.getBooleanAttribute(BooleanAttribute.PARSE_ALLOW_WHITESPACE));
        assertTrue(""ALLOW|(""ALLOW_NUMERIC  after setLenient(TRUE)"", fmt.getBooleanAttribute(BooleanAttribute.PARSE_ALLOW_NUMERIC));
",
702,retrieverBuilder,,False,4,|MASK|RetrieverBuilder|RetrieverBuilder,<|endoftext|>,"<|endoftext|>|   [MASK]<|endoftext|>|RetrieverBuilder,
        String inferenceId,
        String inferenceText,
        String field,
       |RetrieverBuilder <|endoftext|>",
703,update,update,True,4,update|updateRequest|MASK|MASK,update<|endoftext|>,"update<|endoftext|>|  updateRequest    = actionRespond(UpdateRequest.class, null);
        final IndexRequest     index|[MASK]<|endoftext|>|MASK .upsertRequest().sourceAsMap();
        assertThat(upsertMap.get(User.Fields.ENABLE",
704,upsertMap,upsertMap,True,3,upsertMap|upsertMap|upsertMap,"upsertMap = update.upsertRequest().sourceAsMap();
        assertThat(upsertMap.get(","upsertMap = update.upsertRequest().sourceAsMap();
        assertThat(upsertMap.get(|upsertMap.get(User.Fields.ENABLED.getPreferredName()), equalTo(Boolean.TRUE));
        assertThat(|upsertMap<|fim_pad|><|fim_pad|><|fim_pad|><|fim_pad|><|fim_pad|><|fim_pad|><|fim_pad|><|fim_pad|><|fim_pad|><|fim_pad|><|fim_pad|><|fim_pad|><|fim_pad|><|fim_pad|><|fim_pad|><|fim_pad|><|fim_pad|>",
705,beansMap,MASK,False,3,MASK|MASK|MASK, [MASK]<|endoftext|>, [MASK]<|endoftext|>|[MASK]<|endoftext|>|MASK<|endoftext|>,
706,compositeFieldScript,,False,3,|super|);, <|endoftext|>," <|endoftext|>|super
                            .setDocument(docId);
                        parentLeafFactory
                           <|endoftext|>|);
                    }
                };
            };
        };
    }

    public static Factory leafAdapter(Consumer<",
707,charset,MASK,False,10,MASK|charset|MASK|MASK||MASK|MASK|MASK|MASK|MASK,[MASK]<|endoftext|>,[MASK]<|endoftext|>|charset<|endoftext|>|[MASK]<|endoftext|>| [MASK]<|endoftext|>| <|endoftext|>|[MASK]<|endoftext|>|MASK<|endoftext|>| MASK<|endoftext|>|MASK<|endoftext|>| MASK<|endoftext|>,
708,indicesStr,,False,2,|t,                <|endoftext|>,"                <|endoftext|>|, "","", "" \t"")));
                } else if (SEARCH_TYPE_FIELD.match(currentFieldName, parser.get",
709,expressions,MASK,False,5,MASK|MASK|MASK|MASK|MASK,              [MASK] <|file_sep|>/x-pack/plugin/src/test/java/org/elasticsearch/xpack/security/transport,              [MASK] <|file_sep|>/x-pack/plugin/src/test/java/org/elasticsearch/xpack/security/transport|[MASK]<|endoftext|>|MASK<|endoftext|>|MASK<|endoftext|>| MASK<|endoftext|>,
710,applicationContext,MASK,False,7,MASK|MASK|MASK|MASK|MASK|MASK|MASK,[MASK]<|endoftext|>,[MASK]<|endoftext|>|[MASK] <|endoftext|>|[MASK]<|endoftext|>|MASK<|endoftext|>|MASK <|endoftext|>|MASK<|endoftext|>| MASK <|endoftext|>,
711,context,MASK,False,53,MASK|MASK|MASK|MASK|MASK|MASK|MASK|MASK|MASK|MASK|MASK|MASK|MASK|MASK|MASK|MASK|MASK|MASK|MASK|MASK|MASK|MASK|MASK|MASK|MASK|MASK|[|MASK|MASK|MASK|MASK|MASK|MASK|MASK|MASK|MASK|MASK|MASK|MASK|MASK|MASK|MASK|MASK|MASK|MASK|MASK|MASK|MASK|MASK|MASK|mask|MASK|MASK,[MASK]<|endoftext|>,"[MASK]<|endoftext|>| [MASK]<|endoftext|>| [MASK]<|fim_pad|><|fim_pad|><|fim_pad|><|fim_pad|><|fim_pad|><|fim_pad|><|fim_pad|><|fim_pad|><|fim_pad|><|fim_pad|><|fim_pad|><|fim_pad|><|fim_pad|><|fim_pad|><|fim_pad|><|fim_pad|><|fim_pad|>| [MASK]<|endoftext|>|[MASK]<|fim_pad|><|fim_pad|><|fim_pad|><|fim_pad|><|fim_pad|><|fim_pad|><|fim_pad|><|fim_pad|><|fim_pad|><|fim_pad|><|fim_pad|><|fim_pad|><|fim_pad|><|fim_pad|><|fim_pad|><|fim_pad|><|fim_pad|>|MASK<|fim_pad|><|fim_pad|><|fim_pad|><|fim_pad|><|fim_pad|><|fim_pad|><|fim_pad|><|fim_pad|><|fim_pad|><|fim_pad|><|fim_pad|><|fim_pad|><|fim_pad|><|fim_pad|><|fim_pad|><|fim_pad|><|fim_pad|><|fim_pad|><|fim_pad|>| [MASK]<|endoftext|>|[MASK]<|endoftext|>| [MASK]<|endoftext|>| [MASK]<|endoftext|>| [MASK]<|endoftext|>| [MASK]<|endoftext|>|  [MASK]<|endoftext|>|[MASK]<|endoftext|>|[ MASK]<|endoftext|>|[ MASK]<|endoftext|>| [MASK]<|endoftext|>| [MASK]<|endoftext|>|[MASK]<|endoftext|>|[MASK]<|endoftext|>|[MASK]<|endoftext|>|[MASK] s;
            this.proxy = proxy;
        }

        public Template(
            TextTemplate|MASK<|endoftext|>|[MASK]<|endoftext|>| MASK<|endoftext|>| [MASK]<|endoftext|>|[<|endoftext|>|[MASK]<|endoftext|>|[ MASK]<|endoftext|>|[ MASK]<|endoftext|>|[MASK]<|endoftext|>|[ MASK ] s[i];
                     [MASK] s[i] =  [MASK]<|endoftext|>|[ MASK]<|endoftext|>|[ MASK<|endoftext|>| [MASK]  :  [MASK] s) {
                     [MASK] .toXContent|[ MASK<|endoftext|>|MASK <|endoftext|>|[ MASK<|endoftext|>|MASK<|endoftext|>|MASK<|endoftext|>|[ MASK]<|endoftext|>| [MASK]<|endoftext|>|[ MASK]<|endoftext|>|MASK );
                return this;
            }

            public Builder addContexts(IncidentEventContext.Template|[ MASK<|endoftext|>|[ MASK] s;
                IncidentEventContext.Template[]  MASK s = this. [ MASK]|[ MASK<|endoftext|>|MASK<|endoftext|>|MASK<|endoftext|>| [MASK]<|endoftext|>|[mask] s
        // but we should have used  [MASK] s
        // this| MASK s
        // this caused the pagerduty side to not pick up the correct data
| MASK s"");
        ParseField SUMMARY = new ParseField(""summary"");
        ParseField SOURCE = new",
712,scrollH,handlePosition,False,7,handlePosition|Math|Math|MASK|MASK|MASK|MASK,"handlePosition =  [MASK] ;
					handlePosition =  [MASK] ;
					 [MASK","handlePosition =  [MASK] ;
					handlePosition =  [MASK] ;
					 [MASK|Math.max(hScrollBounds.x,  handlePosition );
					handlePosition =   Math.min(hScroll|= Math.min(hScrollBounds.x + hScrollBounds.width - hKnobBounds.width, |[MASK]  );
					 [MASK]  = Math.min(hScrollBounds.x + hScroll|MASK  = Math.min(hScrollBounds.x + hScrollBounds.width - hKnobBounds.width|MASK  + hKnobBounds.width,  MASK <|fim_pad|><|fim_pad|><|fim_pad|><|fim_pad|><|fim_pad|><|fim_pad|><|fim_pad|><|fim_pad|>|MASK  - hScrollBounds.x) / total);
					lastPoint.set(x, y);
			",
713,context,context,True,2,context|context,"context
   <|endoftext|>","context
   <|endoftext|>|context
            .reader()
            .getCoreCacheHelper()
            .getReader()
           <|endoftext|>",
714,registered,MASK,False,7,MASK|MASK|stats|MASK|MASK|registeredSnapshots|registeredSnapshots,"[MASK]  before starting snapshotB
        assertBusy(() -> assertRegistered(policyName, List","[MASK]  before starting snapshotB
        assertBusy(() -> assertRegistered(policyName, List|[MASK]  before allowing snapshotA to continue
        assertBusy(() -> assertRegistered(policyName|stats are recorded in cluster state
     */
    public void testSuccessSnapshotStats() throws Exception {
|[MASK] Runs from failure is added to invocationsSinceLastSuccess.
     */
    public void|MASK  snapshot from failure is added to invocationsSinceLastSuccess.
     */
    public void test|registeredSnapshots<|endoftext|>|registeredSnapshots<|endoftext|>",
715,start,,False,2,|long,            <|endoftext|>,            <|endoftext|>|long<|endoftext|>,
716,className,className,True,2,className|className,className <|endoftext|>,className <|endoftext|>|className<|endoftext|>,
717,httpClient,MASK,False,4,MASK||httpClient|httpClient, [MASK]  [MASK]  [MASK]  [MASK]  [MASK] , [MASK]  [MASK]  [MASK]  [MASK]  [MASK] |<|endoftext|>|httpClient  <|endoftext|>| httpClient<|endoftext|>,
718,delta,MASK,False,31,MASK|MASK|MASK|MASK|MASK|MASK|MASK|MASK|MASK|MASK|MASK|MASK|MASK|MASK|MASK|MASK|MASK|MASK|MASK|MASK|MASK|MASK|MASK|MASK|MASK|MASK|MASK|MASK|MASK|MASK|MASK,[MASK]<|fim_pad|><|fim_pad|><|fim_pad|><|fim_pad|><|fim_pad|><|fim_pad|><|fim_pad|><|fim_pad|><|fim_pad|><|fim_pad|><|fim_pad|><|fim_pad|><|fim_pad|><|fim_pad|><|fim_pad|><|fim_pad|><|fim_pad|>,"[MASK]<|fim_pad|><|fim_pad|><|fim_pad|><|fim_pad|><|fim_pad|><|fim_pad|><|fim_pad|><|fim_pad|><|fim_pad|><|fim_pad|><|fim_pad|><|fim_pad|><|fim_pad|><|fim_pad|><|fim_pad|><|fim_pad|><|fim_pad|>|[MASK]<|fim_pad|><|fim_pad|><|fim_pad|><|fim_pad|><|fim_pad|><|fim_pad|><|fim_pad|><|fim_pad|><|fim_pad|><|fim_pad|><|fim_pad|><|fim_pad|><|fim_pad|><|fim_pad|><|fim_pad|><|fim_pad|><|fim_pad|>|[MASK]  = x - lastPoint.x;
					float  [MASK]<|endoftext|>|MASK ;
					handlePosition = scrollV;
					scrollV = Math.max(vScrollBounds.y,|[MASK]<|fim_pad|><|fim_pad|><|fim_pad|><|fim_pad|><|fim_pad|><|fim_pad|><|fim_pad|><|fim_pad|><|fim_pad|><|fim_pad|><|fim_pad|><|fim_pad|><|fim_pad|><|fim_pad|><|fim_pad|><|fim_pad|><|fim_pad|>|[MASK]<|fim_pad|><|fim_pad|><|fim_pad|><|fim_pad|><|fim_pad|><|fim_pad|><|fim_pad|><|fim_pad|><|fim_pad|><|fim_pad|><|fim_pad|><|fim_pad|><|fim_pad|><|fim_pad|><|fim_pad|><|fim_pad|><|fim_pad|>|[MASK] X = 0;
				if (!scrollY)  [MASK] Y =|MASK Y = 0;
				amountX -=  [MASK] X;
				amount|[MASK]<|fim_pad|><|fim_pad|><|fim_pad|><|fim_pad|><|fim_pad|><|fim_pad|><|fim_pad|><|fim_pad|><|fim_pad|><|fim_pad|><|fim_pad|><|fim_pad|><|fim_pad|><|fim_pad|><|fim_pad|><|fim_pad|><|fim_pad|>|MASK Y;
				clamp();
				if (cancelTouchFocus && ( [MASK X != |[MASK]<|fim_pad|><|fim_pad|><|fim_pad|><|fim_pad|><|fim_pad|><|fim_pad|><|fim_pad|><|fim_pad|><|fim_pad|><|fim_pad|><|fim_pad|><|fim_pad|><|fim_pad|><|fim_pad|><|fim_pad|><|fim_pad|><|fim_pad|>|MASK<|fim_pad|><|fim_pad|><|fim_pad|><|fim_pad|><|fim_pad|><|fim_pad|><|fim_pad|><|fim_pad|><|fim_pad|><|fim_pad|><|fim_pad|><|fim_pad|><|fim_pad|><|fim_pad|><|fim_pad|><|fim_pad|><|fim_pad|><|fim_pad|><|fim_pad|>|[MASK] <|fim_pad|><|fim_pad|><|fim_pad|><|fim_pad|><|fim_pad|><|fim_pad|><|fim_pad|><|fim_pad|><|fim_pad|><|fim_pad|><|fim_pad|><|fim_pad|><|fim_pad|><|fim_pad|><|fim_pad|><|fim_pad|>|[MASK] <|fim_pad|><|fim_pad|><|fim_pad|><|fim_pad|><|fim_pad|><|fim_pad|><|fim_pad|><|fim_pad|><|fim_pad|><|fim_pad|><|fim_pad|><|fim_pad|><|fim_pad|><|fim_pad|><|fim_pad|><|fim_pad|>|[MASK] ;
			if (fadeDelay <= 0) fadeAlpha = Math.min(1|MASK] );
			animating = true;
		}

		if (fadeAlpha < fadeAlpha|[MASK]<|fim_pad|><|fim_pad|><|fim_pad|><|fim_pad|><|fim_pad|><|fim_pad|><|fim_pad|><|fim_pad|><|fim_pad|><|fim_pad|><|fim_pad|><|fim_pad|><|fim_pad|><|fim_pad|><|fim_pad|><|fim_pad|><|fim_pad|>|[MASK]<|fim_pad|><|fim_pad|><|fim_pad|><|fim_pad|><|fim_pad|><|fim_pad|><|fim_pad|><|fim_pad|><|fim_pad|><|fim_pad|><|fim_pad|><|fim_pad|><|fim_pad|><|fim_pad|><|fim_pad|><|fim_pad|><|fim_pad|>|MASK<|fim_pad|><|fim_pad|><|fim_pad|><|fim_pad|><|fim_pad|><|fim_pad|><|fim_pad|><|fim_pad|><|fim_pad|><|fim_pad|><|fim_pad|><|fim_pad|><|fim_pad|><|fim_pad|><|fim_pad|><|fim_pad|><|fim_pad|><|fim_pad|><|fim_pad|>|[MASK]<|fim_pad|><|fim_pad|><|fim_pad|><|fim_pad|><|fim_pad|><|fim_pad|><|fim_pad|><|fim_pad|><|fim_pad|><|fim_pad|><|fim_pad|><|fim_pad|><|fim_pad|><|fim_pad|><|fim_pad|><|fim_pad|><|fim_pad|>|[MASK] )));
				else
					visualScrollX(Math.max(amountX, visualAmount|MASK , (visualAmountX - amountX) * 7 *  MASK )));
				anim|MASK )));
				animating = true;
			}
			if (visualAmountY != amount|[MASK]<|fim_pad|><|fim_pad|><|fim_pad|><|fim_pad|><|fim_pad|><|fim_pad|><|fim_pad|><|fim_pad|><|fim_pad|><|fim_pad|><|fim_pad|><|fim_pad|><|fim_pad|><|fim_pad|><|fim_pad|><|fim_pad|><|fim_pad|>|[MASK] <|fim_pad|><|fim_pad|><|fim_pad|><|fim_pad|><|fim_pad|><|fim_pad|><|fim_pad|><|fim_pad|><|fim_pad|><|fim_pad|><|fim_pad|><|fim_pad|><|fim_pad|><|fim_pad|><|fim_pad|><|fim_pad|>|MASK<|fim_pad|><|fim_pad|><|fim_pad|><|fim_pad|><|fim_pad|><|fim_pad|><|fim_pad|><|fim_pad|><|fim_pad|><|fim_pad|><|fim_pad|><|fim_pad|><|fim_pad|><|fim_pad|><|fim_pad|><|fim_pad|><|fim_pad|><|fim_pad|><|fim_pad|>|MASK <|fim_pad|><|fim_pad|><|fim_pad|><|fim_pad|><|fim_pad|><|fim_pad|><|fim_pad|><|fim_pad|><|fim_pad|><|fim_pad|><|fim_pad|><|fim_pad|><|fim_pad|><|fim_pad|><|fim_pad|><|fim_pad|><|fim_pad|><|fim_pad|>|[MASK]<|fim_pad|><|fim_pad|><|fim_pad|><|fim_pad|><|fim_pad|><|fim_pad|><|fim_pad|><|fim_pad|><|fim_pad|><|fim_pad|><|fim_pad|><|fim_pad|><|fim_pad|><|fim_pad|><|fim_pad|><|fim_pad|><|fim_pad|>|[MASK]<|endoftext|>|MASK<|fim_pad|><|fim_pad|><|fim_pad|><|fim_pad|><|fim_pad|><|fim_pad|><|fim_pad|><|fim_pad|><|fim_pad|><|fim_pad|><|fim_pad|><|fim_pad|><|fim_pad|><|fim_pad|><|fim_pad|><|fim_pad|><|fim_pad|><|fim_pad|><|fim_pad|>|MASK<|fim_pad|><|fim_pad|><|fim_pad|><|fim_pad|><|fim_pad|><|fim_pad|><|fim_pad|><|fim_pad|><|fim_pad|><|fim_pad|><|fim_pad|><|fim_pad|><|fim_pad|><|fim_pad|><|fim_pad|><|fim_pad|><|fim_pad|><|fim_pad|><|fim_pad|>",
719,executionCount,MASK,False,3,MASK|MASK|MASK,[MASK]<|endoftext|>,[MASK]<|endoftext|>|MASK <|endoftext|>|MASK<|endoftext|>,
720,clientSecret,clientSecret,True,2,clientSecret|clientSecret,clientSecret<|endoftext|>,clientSecret<|endoftext|>|clientSecret<|endoftext|>,
721,snapshotA,snapshotA,True,9,snapshotA|MASK|both|MASK|snapshot|MASK|snapshot|snapshotA|snapshotA,"snapshotA = executePolicy(masterNode, policyName);
        logger.info(""Created snapshot A: ""","snapshotA = executePolicy(masterNode, policyName);
        logger.info(""Created snapshot A: ""|[MASK] <|fim_pad|><|fim_pad|><|fim_pad|><|fim_pad|><|fim_pad|><|fim_pad|><|fim_pad|><|fim_pad|><|fim_pad|><|fim_pad|><|fim_pad|><|fim_pad|><|fim_pad|><|fim_pad|><|fim_pad|><|fim_pad|>|both snapshots are registered before allowing  [MASK]  to continue
        assertBusy(() -> assert|[MASK] , snapshotA)), 1, TimeUnit.MINUTES);

        // remove delay from |snapshot A to complete
        assertBusy(() -> assertRegistered(policyName, List.of( MASK ,| MASK <|fim_pad|><|fim_pad|><|fim_pad|><|fim_pad|><|fim_pad|><|fim_pad|><|fim_pad|><|fim_pad|><|fim_pad|><|fim_pad|><|fim_pad|><|fim_pad|><|fim_pad|><|fim_pad|><|fim_pad|><|fim_pad|><|fim_pad|><|fim_pad|>|snapshot finalize, allowing it to finish
        TestDelayedRepoPlugin.removeDelay();

        waitForSnapshot(repo|snapshotA);

        assertBusy(() -> {
            assertSnapshotSuccess(repoName,  MASK );
           |snapshotA);
            assertSnapshotSuccess(repoName, snapshotB);
            assertMetadata(policyName, ",
722,depth,depth,True,12,depth|MASK|MASK|MASK|MASK|MASK|MASK|MASK|MASK|MASK|MASK|MASK,"depth  [MASK]  of the picture in bits-per-pixel. */
  public final int","depth  [MASK]  of the picture in bits-per-pixel. */
  public final int|[MASK] <|endoftext|>| [MASK] <|endoftext|>|[MASK]<|endoftext|>|MASK<|endoftext|>|MASK<|endoftext|>| [MASK]<|endoftext|>| [MASK] <|endoftext|>|[MASK] <|endoftext|>| MASK<|endoftext|>|MASK<|endoftext|>| MASK <|file_sep|><|fim_prefix|>/okhttp/src/main/java/com/squareup/okhttp/internal/http/",
723,child,basePlan,False,10,basePlan|basePlan|MASK|MASK|MASK|source|source|source|source|MASK,"basePlan, Attribute attr) {
            return planBuilder.apply(basePlan, attr);
        }

       ","basePlan, Attribute attr) {
            return planBuilder.apply(basePlan, attr);
        }

       |basePlan<|endoftext|>|[MASK] (),
                new Limit(EMPTY, new Literal(EMPTY, Math.min(pushableLimit| [MASK]<|endoftext|>|[MASK]<|endoftext|>|source (), nonPushableLimitTestPlan. [MASK] ().source ());
            assertEquals(as(optimized|source<|endoftext|>|source (), Limit.class);
                assertTrue(limit.local());
                assertTrue(limit.duplicated());
            }
        ),
|source<|endoftext|>|MASK ());
            assertEquals(
                optimizedPlan,
                new Limit(
                    EMPTY,
                    new Literal(",
724,delta,MASK,False,8,MASK|MASK|MASK|MASK|MASK|MASK|MASK|MASK,[MASK]<|endoftext|>,[MASK]<|endoftext|>|[MASK]<|endoftext|>|MASK<|endoftext|>|[MASK]<|endoftext|>|[MASK]<|endoftext|>|MASK<|endoftext|>|MASK<|endoftext|>|MASK<|endoftext|>,
725,humanReadable,MASK,False,3,MASK|MASK|MASK,  [MASK]   <|endoftext|>,  [MASK]   <|endoftext|>|[ MASK ]<|endoftext|>|MASK <|fim_pad|><|fim_pad|><|fim_pad|><|fim_pad|><|fim_pad|><|fim_pad|><|fim_pad|><|fim_pad|><|fim_pad|><|fim_pad|><|fim_pad|><|fim_pad|><|fim_pad|><|fim_pad|><|fim_pad|><|fim_pad|><|fim_pad|><|fim_pad|>,
726,pluginsDirectory,pluginsDirRealPath,False,2,pluginsDirRealPath|pluginsDirRealPath,"pluginsDirRealPath = env.pluginsDir().toRealPath();
            if (pluginRealPath.startsWith","pluginsDirRealPath = env.pluginsDir().toRealPath();
            if (pluginRealPath.startsWith|pluginsDirRealPath
                && pluginRealPath.equals(pluginsDirRealPath) == false
",
727,testdefault,{,False,2,{|) {," {
            logln(""two ok"");
        }
        catch(Exception ex) {
            warnln("""," {
            logln(""two ok"");
        }
        catch(Exception ex) {
            warnln(""|) {
            warnln(""Expected IllegalArgumentException, got: "" + e);
        }

        try {
",
728,pointer,MASK,False,8,MASK|MASK|MASK|MASK|MASK|MASK|MASK|MASK,[MASK]<|endoftext|>,[MASK]<|endoftext|>|[MASK]<|endoftext|>|[MASK]<|endoftext|>|[MASK]<|endoftext|>|MASK<|endoftext|>|MASK <|fim_pad|><|fim_pad|><|fim_pad|><|fim_pad|><|fim_pad|><|fim_pad|><|fim_pad|><|fim_pad|><|fim_pad|><|fim_pad|><|fim_pad|><|fim_pad|><|fim_pad|><|fim_pad|><|fim_pad|><|fim_pad|><|fim_pad|><|fim_pad|>|MASK<|endoftext|>| MASK<|endoftext|>,
729,toExclude,MASK,False,20,MASK|MASK|MASK|MASK|MASK|MASK|MASK|MASK|MASK|MASK|MASK||MASK|MASK|MASK|MASK||MASK|MASK|MASK,[MASK]<|endoftext|>,[MASK]<|endoftext|>|MASK<|endoftext|>|MASK<|endoftext|>|MASK<|endoftext|>|MASK<|endoftext|>|MASK<|endoftext|>|MASK<|endoftext|>|MASK<|endoftext|>|MASK<|endoftext|>|MASK<|endoftext|>|MASK<|endoftext|>|<|endoftext|>|MASK<|endoftext|>|[ MASK]<|endoftext|>|MASK<|endoftext|>|MASK<|endoftext|>|<|endoftext|>|MASK<|endoftext|>|MASK<|endoftext|>|MASK<|endoftext|>,
730,bulkRequest,,False,3,||,<|endoftext|>,"<|endoftext|>|  <|endoftext|>|
           <|endoftext|>",
731,bindingResult,MASK,False,5,MASK|MASK|MASK|MASK|fim_pad, [MASK]<|endoftext|>, [MASK]<|endoftext|>|[MASK] <|fim_pad|><|fim_pad|><|fim_pad|><|fim_pad|><|fim_pad|><|fim_pad|><|fim_pad|><|fim_pad|><|fim_pad|><|fim_pad|><|fim_pad|><|fim_pad|><|fim_pad|><|fim_pad|><|fim_pad|><|fim_pad|>|[MASK]<|endoftext|>|[MASK]<|endoftext|>| <|fim_pad|><|fim_pad|><|fim_pad|><|fim_pad|><|fim_pad|><|fim_pad|><|fim_pad|><|fim_pad|><|fim_pad|><|fim_pad|><|fim_pad|><|fim_pad|><|fim_pad|><|fim_pad|><|fim_pad|><|fim_pad|><|fim_pad|><|fim_pad|><|fim_pad|>,
732,producerContext,context,False,2,context|context,context<|endoftext|>,context<|endoftext|>|context <|endoftext|>,
733,features,features,True,1,features,"   features
   <|endoftext|>","   features
   <|endoftext|>",
734,resName,resName,True,6,resName|MASK|resName|MASK|resName|resName,      resName  <|endoftext|>,      resName  <|endoftext|>|[MASK]<|endoftext|>|resName<|endoftext|>|[MASK]<|endoftext|>|resName<|endoftext|>|resName<|endoftext|>,
735,testtimezone,two,False,4,two|warnln|df|Start,"two ok"");
        }
        catch(Exception ex) {
            warnln(""Expected IllegalArgumentException, got:","two ok"");
        }
        catch(Exception ex) {
            warnln(""Expected IllegalArgumentException, got:| warnln(""Expected IllegalArgumentException, got: "" + e);
        }

        try {
            DateFormat df| df = new SimpleDateFormat(""aaNNccc"");
            try {
                df.parse(""aaNNccc"");
|Start(new Date(0));
            try {
                fmt.parse(""01/01/0",
736,field,MASK,False,5,MASK|MASK|field|MASK|MASK,[MASK]<|endoftext|>,"[MASK]<|endoftext|>|MASK<|endoftext|>|field <|file_sep|><|fim_prefix|>/src/proguard/optimization/CodeShrinker.java
/*
 * Pro|MASK<|endoftext|>|MASK<|endoftext|>",
737,columnName,columnName,True,1,columnName,"columnName) throws SQLException {
    return null;
  }

  @Override
  public Object getResult(","columnName) throws SQLException {
    return null;
  }

  @Override
  public Object getResult(",
738,currentFieldName,MASK,False,13,MASK||MASK|MASK|MASK|MASK|MASK|MASK|MASK|MASK|MASK|MASK|parser,[MASK]<|endoftext|>,[MASK]<|endoftext|>|<|endoftext|>|[MASK]<|endoftext|>|[MASK]<|endoftext|>|[MASK]<|endoftext|>|MASK<|endoftext|>|MASK<|endoftext|>|MASK<|endoftext|>|MASK<|endoftext|>|MASK<|endoftext|>|[MASK]<|endoftext|>|MASK<|endoftext|>|parser.currentName()<|endoftext|>,
739,formatter,DateFormats,False,47,"DateFormats|dateParse|ex|void|, 0, 1);|GMT|RENCH|dfUS|heure|DateFormat|u0644|else|L|MMMM|expected|if|cover|whoops|010.04.01"", ""2010 04 0|fp|16:36:31.567"",|100416122334456"", ""201|yyyyyyyyyyyyyMMddHHmmssSSSSSS|fp|:23:34.456"",|010-04-16 12:23:34.4|:34.456"",|en|7595)|0"", ""00000000000000000|Z|T07|Z|T07|."");||equals|Date|u516d|u6708|time2|test|NumberFormat|y|u95F0|calendar|assertEquals","DateFormats
        // 0: full date format
        // 1: full date format","DateFormats
        // 0: full date format
        // 1: full date format| dateParse.toPattern() + ""\"""");
                        }
                } catch (Exception ex) {
                    log| ex);
                }
            }
        }
    }

    /**
     * Verify the correct behavior when parsing| void TestTwoDigitYear129() {
        SimpleDateFormat  [MASK]  = new SimpleDateFormat|, 0, 1);
        Date d1 = cal.getTime();
        cal.clear();
       | GMT 1997
        String[] locales = {""en_US"", ""fr_FR"",|RENCH);
        DateFormat dfGerman = DateFormat.getDateTimeInstance(DateFormat.FULL, DateFormat.FULL| dfUS.setTimeZone(tz);
        String resultFrench = dfFrench.format(testDate);
        String| 1997 00:00:00 heure normale du Pacifique|(DateFormat.FULL, new Locale(""ar"", ""SA"", """"));
        dfArab.setTimeZone|5\u0644\u0647"";
        String expectedLatn = ""9| else {
            errln(""FAIL: Expected IllegalArgumentException"");
        }
    }

    @Test
   |25600000L); // 1997-05-| MMMM yyyy"", new Locale(""el"", ""GR""));
        String expected = ""\u03| expected = ""\u0391\u03c0\u03b9\u0| if (d2 == null) {
            errln(""FAIL: parse failed"");
        } else| cover gmt+hh
            try {
                d = fmt.parse(""07/10|(""whoops GMT+blecch"");
            }

            // cover bad text after GMT-.
|010.04.01"", ""2010 04 0| ""fp"", ""2010 04 01 12 34|16:36:31.567"",
                ""20100|100416122334456"", ""201|                ""yyyyyyyyyyyyyMMddHHmmssSSSSSS"", ""fp"", ""20| ""fp"", ""2010-04-16 12:23|:23:34.456"",
                ""0000201|010-04-16 12:23:34.4|:34.456"",

                ""yyyyyyMMddHHmmssSSSSSS"",|en"", """", """"));
    }

    /*
     * Test case for very long contiguous numeric patterns (ticket|7595)
 */
    @Test
    public void TestISO8601E|0"", ""00000000000000000|00:00Z"", ""AD 4004-10-23|04-10-23T07:00:00Z"",
       |00Z"",
        ""4004-10-23T07:|-23T07:00:00Z"",
        ""4004|."");
                continue;
            }

            // format date to string
            String out = fmt1.format|
            if (!out.equals(data[i+1]))
            {
                errln(""DateFormat.parse is|.equals(expected))
            {
                errln(""FAIL: DateFormat.parse() and DateFormat.format() are not|        Date date = cal.getTime();

        String result = sdf.format(date);
        String expected = ""|74\u516d\u6708\u2019\u20|09\u6708\u2019\u516d\u65| time2) {
            errln((String)""FAIL: -> "" + time1 + "" expected| // test override get NumberFormat
        for (int i = 0; i < 1| NumberFormat.getInstance(new ULocale(""en_US""));
        fmt.setNumberFormat(""y"", reused_nf| ""y"", ""\u521D\u516D \u5341|0 \u95F0\u56DB\u6708 2"",
                                                                               |calendar=chinese"",      DateFormat.LONG,  ""2012\u58EC|        assertEquals(""hh:mm:ss bbbb | 00:00:30"", """,
740,response,MASK,False,6,MASK|MASK||MASK||MASK,[MASK]  [MASK]  [MASK]  [MASK]  [MASK] ,[MASK]  [MASK]  [MASK]  [MASK]  [MASK] |[MASK]<|endoftext|>|<|endoftext|>|MASK<|endoftext|>|<|endoftext|>|MASK<|endoftext|>,
741,parent,,False,8,|MASK|MASK|MASK|MASK|MASK||,<|endoftext|>,<|endoftext|>|[MASK]<|endoftext|>|[MASK]<|endoftext|>|! [MASK]<|endoftext|>|MASK<|endoftext|>|MASK<|endoftext|>| <|endoftext|>|<|endoftext|>,
742,lookup,MASK,False,7,MASK|MASK|MASK||getForField|new|getForField,[MASK]<|endoftext|>,"[MASK]<|endoftext|>|[MASK]<|endoftext|>|MASK<|endoftext|>|     <|endoftext|>|getForField(""_id"", null, null, null, null, null, null, null,|new SearchLookup(
                mapperService::fieldType,
                fieldDataLookup(mapperService),
               |.getForField()<|endoftext|>",
743,impls,,False,3,|MASK|,<|endoftext|>,<|endoftext|>|   [MASK]<|endoftext|>|  <|endoftext|>,
744,beanName,MASK,False,5,MASK|MASK|MASK|MASK|MASK, [MASK] <|endoftext|>," [MASK] <|endoftext|>|MASK<|endoftext|>| [MASK]<|endoftext|>| MASK <|endoftext|>| MASK  ;
			}
			else {
				this. MASK  = this.staticField;
			",
745,other,MASK,False,10,MASK|MASK|MASK|MASK|MASK|MASK|MASK|MASK|MASK|MASK,[MASK]  [MASK]  [MASK]  [MASK]  [MASK] ,[MASK]  [MASK]  [MASK]  [MASK]  [MASK] |[MASK]<|endoftext|>|  [MASK]<|endoftext|>|MASK<|endoftext|>|MASK<|endoftext|>| [MASK]<|endoftext|>|MASK<|endoftext|>|[MASK]<|endoftext|>|MASK<|endoftext|>| MASK<|endoftext|>,
746,contextClass,context,False,15,context|MASK|MASK|context|MASK|MASK|MASK|MASK|MASK|MASK|MASK|MASK|MASK|MASK|MASK,"context
     *      The class of object that indicates where the visibility of a descriptor is evaluated.
","context
     *      The class of object that indicates where the visibility of a descriptor is evaluated.
|[MASK]<|endoftext|>|[MASK]<|endoftext|>|context
                  <|file_sep|><|fim_prefix|>/src/main/java/hudson/Extension.java
/**
 * Copyright (c)|[MASK]<|endoftext|>| MASK <|endoftext|>|MASK  + "" because it is not of type "" +  MASK  + "" or a subtype|MASK<|endoftext|>|[MASK]<|endoftext|>|[MASK]<|endoftext|>|MASK<|endoftext|>|MASK<|endoftext|>|[MASK]<|endoftext|>|[MASK]<|endoftext|>|MASK<|endoftext|>",
747,dataTypeName,dataType,False,2,dataType|dataType,"dataType) {
        return new EsqlIllegalArgumentException(""illegal data type ["" + dataType + ""]"");
    }

","dataType) {
        return new EsqlIllegalArgumentException(""illegal data type ["" + dataType + ""]"");
    }

|dataType + ""]"");
    }

    public static EsqlIllegalArgumentException illegalDataType(DataType dataType, String message) {
",
748,visitor,MASK,False,7,MASK|MASK|MASK|visitor|MASK|MASK|MASK,"[MASK]  method for each 
	 * node until the  [MASK]  method returns","[MASK]  method for each 
	 * node until the  [MASK]  method returns|[MASK] returns false, the subtree will 
	 * not be called.  The  [|[MASK]<|endoftext|>|visitor's  MASK  method to call.
	 * @param  [MASK]  The |[MASK]<|endoftext|>|[MASK]<|endoftext|>|MASK );
	        }
	      }
	    }
	}
	
	/**
	 * This will traverse the hear",
749,actual,MASK,False,2,MASK|MASK,  [MASK]<|endoftext|>,"  [MASK]<|endoftext|>|  MASK & ScriptFeatureExtractor.SCRIPT_MASK);
        assertEquals(expected.toInt(),    MASK & ScriptFeature",
750,serverInputStream,MASK,False,12,MASK|MASK|MASK|MASK|MASK|MASK|MASK|MASK|MASK|MASK|MASK|MASK,[MASK]<|endoftext|>,"[MASK]<|endoftext|>|[MASK]<|endoftext|>|MASK<|endoftext|>|[MASK]<|endoftext|>|MASK<|endoftext|>|MASK<|endoftext|>|[MASK]<|endoftext|>|MASK );
    multiplexer.setProcessFactory(params -> new FakeSubprocess( MASK ));

    WorkerProxy|MASK<|endoftext|>|MASK<|endoftext|>|MASK<|endoftext|>|MASK<|endoftext|>",
751,layer,layer,True,1,layer,"layer);

	public native void framebufferTexture2DMultisample (int target, int attachment, int","layer);

	public native void framebufferTexture2DMultisample (int target, int attachment, int",
752,destConfigDir,destConfigDir,True,17,destConfigDir|destConfigDir|MASK|MASK|MASK|MASK|[|MASK|MASK|MASK|MASK|MASK|MASK|MASK|MASK|MASK|MASK,destConfigDir<|endoftext|>,"destConfigDir<|endoftext|>|destConfigDir
            );
        }
    }

    /**
     * Installs the plugin from {@|[MASK]<|endoftext|>|[MASK]<|endoftext|>|[MASK] );
        setFileAttributes( [MASK] , CONFIG_DIR_PERMS);
        final| [MASK] <|endoftext|>|[<|endoftext|>|   MASK<|endoftext|>|[ MASK ]<|endoftext|>|[MASK]<|endoftext|>|MASK<|endoftext|>|MASK<|endoftext|>|MASK<|endoftext|>|MASK<|endoftext|>|MASK<|endoftext|>|MASK<|endoftext|>|MASK<|file_sep|><|fim_prefix|>/x-pack/plugin/ql/src/main/java/org/elasticsearch/xpack/ql/analysis",
753,accepted,,False,16,|MASK|MASK|accepted|MASK|MASK|MASK|MASK|MASK|MASK|MASK|MASK|MASK|MASK|MASK|MASK,<|endoftext|>,"<|endoftext|>|[MASK] <|endoftext|>| [MASK] <|endoftext|>|accepted"");

        private static final String MASK = ""MASKED FOR SECURITY REASONS"";

        private| [MASK] <|endoftext|>| [MASK] <|endoftext|>| [MASK]<|endoftext|>|MASK<|endoftext|>|[ MASK ]<|endoftext|>|[MASK]<|endoftext|>| [MASK]<|endoftext|>| MASK<|endoftext|>| MASK<|endoftext|>| MASK<|endoftext|>|MASK<|endoftext|>| MASK <|endoftext|>",
754,invalidValue,MASK,False,3,MASK|encode|MASK,[MASK]<|endoftext|>,[MASK]<|endoftext|>|+ encode.apply( [MASK] )<|endoftext|>|MASK<|endoftext|>,
755,outerFilterDocCount,filterDocCount,False,4,filterDocCount|MASK|MASK|filterDocCount,filterDocCount<|endoftext|>,"filterDocCount<|endoftext|>|[MASK]<|endoftext|>|[MASK] , equalTo(filterDocCount));
                assertThat( [MASK]<|endoftext|>|filterDocCount , greaterThan(sampledDocCount));
                assertThat( filterDocCount , greaterThan",
756,newChildren,children,False,2,children|children,"children) {
        return new ExtendedStats(source(), children.get(0));
    }

    @Override","children) {
        return new ExtendedStats(source(), children.get(0));
    }

    @Override|children
            .get(0));
    }

    @Override
    public String getWriteable",
757,lastIndex,,False,4,|MASK|MASK|MASK,<|endoftext|>,<|endoftext|>|MASK<|endoftext|>|MASK <|endoftext|>|MASK<|endoftext|>,
758,valueStart,MASK,False,9,MASK|MASK|MASK|MASK|MASK|MASK|MASK|MASK|MASK,[MASK]<|endoftext|>,[MASK]<|endoftext|>|[MASK]<|endoftext|>|[MASK]<|endoftext|>|[MASK]<|endoftext|>|[MASK]<|endoftext|>|MASK<|endoftext|>|MASK<|endoftext|>|[MASK]<|endoftext|>|MASK<|endoftext|>,
759,applicationContext,context,False,3,context|context|context,  context<|endoftext|>,  context<|endoftext|>|context.getAssets()<|endoftext|>|context<|endoftext|>,
760,maxes,MASK,False,3,MASK|MASK|MASK,"[MASK] = Arrays.asList(1d, 5d, 9d, 1","[MASK] = Arrays.asList(1d, 5d, 9d, 1|[MASK] .get(i));
        }

        testSearchCase(DEFAULT_QUERY, dataset, false,|MASK <|fim_pad|><|fim_pad|><|fim_pad|><|fim_pad|><|fim_pad|><|fim_pad|><|fim_pad|><|fim_pad|><|fim_pad|><|fim_pad|><|fim_pad|><|fim_pad|><|fim_pad|><|fim_pad|><|fim_pad|><|fim_pad|><|fim_pad|><|fim_pad|>",
761,resolver,channel,False,12,channel|channel|MASK|MASK|MASK|MASK|MASK|MASK|MASK|MASK|MASK|MASK,"channel.ChannelInboundHandlerAdapter;
import io.netty5. [MASK]<|endoftext|>","channel.ChannelInboundHandlerAdapter;
import io.netty5. [MASK]<|endoftext|>|channel<|endoftext|>| [MASK]<|endoftext|>| [MASK]<|endoftext|>|MASK<|endoftext|>|MASK<|endoftext|>|  MASK<|endoftext|>| [MASK]<|endoftext|>| MASK<|endoftext|>|MASK <|endoftext|>| MASK<|endoftext|>| MASK<|endoftext|>",
762,urlAuthSection,urlPrefix,False,2,urlPrefix|urlPrefix,urlPrefix<|endoftext|>,"urlPrefix<|endoftext|>|urlPrefix, redisPort) + urlSuffix);
    }

    private static URL newRedisUrl(final",
763,constantDynamic,_INVOKESPECIAL,False,5,_INVOKESPECIAL|ESPECIAL|pcodes|param|class,"_INVOKESPECIAL}, {@link
   *     Opcodes#H_NEWINVOKESPECIAL","_INVOKESPECIAL}, {@link
   *     Opcodes#H_NEWINVOKESPECIAL|ESPECIAL} or {@link Opcodes#H_INVOKEINTERFACE}.
   * @param owner the|pcodes#H_INVOKEINTERFACE}.
   * @param owner the internal name of a class of interface| * @param owner the internal name of a class of interface.
   * @param name a field| class of interface.
   * @param name a field or method name.
   * @param descriptor",
764,minDays,MINIMAL_DAYS,False,5,MINIMAL_DAYS|MINIMAL_DAYS|MINIMAL_DAYS|of|{,"[MINIMAL_DAYS]  = CalendarDataUtility.retrieveMinimalDaysInFirstWeek(locale);
    int","[MINIMAL_DAYS]  = CalendarDataUtility.retrieveMinimalDaysInFirstWeek(locale);
    int|MINIMAL_DAYS<|fim_pad|><|fim_pad|><|fim_pad|><|fim_pad|><|fim_pad|><|fim_pad|><|fim_pad|><|fim_pad|><|fim_pad|><|fim_pad|><|fim_pad|><|fim_pad|><|fim_pad|><|fim_pad|><|fim_pad|><|fim_pad|><|fim_pad|>|MINIMAL_DAYS);
  }

  /**
   * Obtains an instance of {@code WeekFields}| of week-based-year
         * @param woy the week of year
         * @param| {
            int sow = weekDef.getFirstDayOfWeek().getValue();
            return Math.floorMod(iso",
765,staticMethods,MASK,False,7,MASK|MASK|MASK|MASK|MASK|file_sep|MASK,[MASK] <|endoftext|>,[MASK] <|endoftext|>|MASK<|endoftext|>|[MASK]<|endoftext|>|[MASK]<|endoftext|>|MASK<|endoftext|>|<|file_sep|><|fim_prefix|>/okhttp/src/main/java/com/squareup/okhttp/internal/http/Http1| MASK <|endoftext|>,
766,refeshOnOperation,MASK,False,5,MASK|MASK|MASK|MASK|MASK,[MASK]<|endoftext|>,[MASK]<|endoftext|>|[MASK]<|endoftext|>|[MASK]<|endoftext|>| MASK<|endoftext|>| MASK<|endoftext|>,
767,currency,,False,7,|MASK|MASK|MASK|MASK|MASK|Symbol,    <|endoftext|>,"    <|endoftext|>|  [MASK] <|endoftext|>| [MASK]<|endoftext|>|MASK] Code<|endoftext|>|MASK<|endoftext|>| MASK <|endoftext|>|Symbol"");
                    if (symbol != null) {
                        return (T) Currency.getInstance(symbol);
                   ",
768,method,methods,False,5,methods|MASK|MASK|MASK|MASK,"methods. This factory is only used if the method is annotated with
 * {@link TransactionalEventListener","methods. This factory is only used if the method is annotated with
 * {@link TransactionalEventListener|[MASK]<|endoftext|>| MASK<|endoftext|>|MASK<|endoftext|>|MASK<|endoftext|>",
769,mediaDescription,MASK,False,14,MASK|MASK|MASK|MASK|MASK|MASK|MASK|MASK|MASK|MASK|MASK|MASK|MASK|MASK,[MASK]<|endoftext|>,"[MASK]<|endoftext|>|[MASK]<|endoftext|>| [MASK] .mediaType != null, ""missing attribute media type"");
    checkArgument(
       | [MASK] );
    checkArgument(
        !TextUtils.isEmpty( [MASK] .attributes.get(|MASK<|fim_pad|><|fim_pad|><|fim_pad|><|fim_pad|><|fim_pad|><|fim_pad|><|fim_pad|><|fim_pad|><|fim_pad|><|fim_pad|><|fim_pad|><|fim_pad|><|fim_pad|><|fim_pad|><|fim_pad|><|fim_pad|><|fim_pad|><|fim_pad|><|fim_pad|>|MASK<|endoftext|>|MASK<|endoftext|>|[MASK]<|endoftext|>|[MASK]<|endoftext|>|MASK<|endoftext|>|[ MASK]<|endoftext|>|MASK<|endoftext|>| MASK<|endoftext|>|MASK<|endoftext|>",
770,zeroTermsQuery,MASK,False,27,MASK|MASK|MASK|MASK|MASK|MASK|MASK|MASK|MASK|MASK|MASK|MASK|MASK|MASK|MASK|MASK|MASK|MASK|MASK|MASK|MASK|MASK|MASK|MASK|MASK|MASK|MASK, [MASK]<|endoftext|>," [MASK]<|endoftext|>|[MASK]<|endoftext|>|MASK <|endoftext|>| [MASK]<|endoftext|>|[MASK]<|endoftext|>| [MASK]<|endoftext|>|MASK<|endoftext|>|[MASK]  =  [MASK] ;
        return this;
    }

    public MatchPhrase|MASK  ;
        return this;
    }

    public MatchPhraseQueryBuilder  [MASK] (String| [MASK] (String  [MASK] String) {
        return  [MASK] (Zero|[MASK]  String) {
        if ( [MASK]  == null) {
            throw|[MASK]  = ZeroTermsQueryOption.readFromString( [MASK] String);
        return |MASK<|endoftext|>|MASK ( MASK Option);
    }

    public MatchPhraseQueryBuilder  MASK (ZeroTermsQueryOption | MASK<|endoftext|>|MASK<|endoftext|>| MASK <|endoftext|>|[MASK]<|endoftext|>|MASK .toString());
        }
        builder.field(AbstractQueryBuilder.BOOST_FIELD.getPreferredName(), boost,|[MASK]<|endoftext|>|[MASK]<|endoftext|>|MASK<|endoftext|>| [MASK]<|endoftext|>|[MASK]<|endoftext|>|MASK<|endoftext|>|MASK  =  MASK ;
        // TODO: remove this in 8.0.0,| MASK <|endoftext|>",
771,legal,escaped,False,8,escaped|MASK|MASK|MASK|MASK|MASK|MASK|MASK,"escaped and how they are
 * escaped. For example, {@link PercentCodec} escapes all non","escaped and how they are
 * escaped. For example, {@link PercentCodec} escapes all non|[MASK]  character in "" + name, i);
            }
        }
        return uri.substring|MASK]  and is not in {@code s} is not a valid URI component.
     *
|MASK<|endoftext|>|MASK<|endoftext|>|MASK<|endoftext|>|MASK <|endoftext|>|MASK<|endoftext|>",
772,searchLookup,lookup,False,6,lookup|lookup|lookup|lookup|lookup|lookup,"lookup, onScriptError) -> {
            CompositeFieldScript.LeafFactory parentLeafFactory = parent","lookup, onScriptError) -> {
            CompositeFieldScript.LeafFactory parentLeafFactory = parent|lookup<|endoftext|>|lookup<|endoftext|>|lookup<|endoftext|>|lookup<|endoftext|>|lookup<|endoftext|>",
773,routingTable,,False,5,|r|RoutingTable|routingTable|routingTable,     <|endoftext|>,     <|endoftext|>|[r] [M] [A] [S] [K] (clusterState) [M|RoutingTable<|endoftext|>|routingTable<|endoftext|>|routingTable<|endoftext|>,
774,vVector,MASK,False,12,MASK|MASK|MASK|MASK||MASK|MASK|MASK|MASK|MASK|MASK|MASK,[MASK]<|endoftext|>,[MASK]<|endoftext|>|[MASK]<|endoftext|>| MASK<|endoftext|>|[MASK]<|endoftext|>|<|endoftext|>| MASK<|endoftext|>|[MASK]<|endoftext|>|[MASK]<|endoftext|>|[MASK]<|endoftext|>|[MASK]<|endoftext|>|MASK<|endoftext|>|MASK<|endoftext|>,
775,consumer,[,False,6,[|MASK|MASK||[|[,[<|endoftext|>,[<|endoftext|>|[MASK]<|endoftext|>|MASK<|endoftext|>|<|endoftext|>|[<|endoftext|>|[<|endoftext|>,
776,prefix,prefix,True,2,prefix|prefix,"prefix) {
        return prefix + ""$synthetic$"" + syntheticCounter++;
    }

    /**
    ","prefix) {
        return prefix + ""$synthetic$"" + syntheticCounter++;
    }

    /**
    |prefix
            + ""$""
            + scriptName
            + ""$""
            + scriptSource.hashCode",
777,blockFactory,blockFactory,True,3,blockFactory|blockFactory|blockFactory,blockFactory<|endoftext|>,"blockFactory<|endoftext|>|blockFactory
               <|endoftext|>|blockFactory<|endoftext|>",
778,apiSecret,apiSecret,True,3,apiSecret|apiSecret|apiSecret,apiSecret<|endoftext|>,"apiSecret<|endoftext|>|apiSecret(apiSecret)
                .callback(""http://your_application_callback_url"") //<|endoftext|>|apiSecret<|endoftext|>",
779,tests,PST,False,8,PST|Buenos_Aires|FALSE|assertTrue|ient|getBooleanAttribute||TRUE,"1 01:00 PST"", ""2004/1/1 1","1 01:00 PST"", ""2004/1/1 1|/Buenos_Aires"", ""2004-07-15T00|(FALSE)"", fmt.isCalendarLenient());
        assertTrue(""ALLOW_WHITESPACE after setCalendarLenient|        assertTrue(""ALLOW_WHITESPACE after setLenient(FALSE)"", fmt.getBooleanAttribute(BooleanAttribute.PARSE|ient(FALSE)"", fmt.getBooleanAttribute(BooleanAttribute.PARSE_ALLOW_NUMERIC));

        // Set to lenient
|.getBooleanAttribute(BooleanAttribute.PARSE_PARTIAL_LITERAL_MATCH));
        assertTrue(""MULTIPLE_PATTERNS after|
        fmt.setBooleanAttribute(BooleanAttribute.PARSE_ALLOW_WHITESPACE, true);

        assertTrue(""|TRUE"", fmt.isLenient());
        assertFalse(""isCalendarLenient after ALLOW_WHITESPACE/",
780,itemOffset,itemOffset,True,13,itemOffset|MASK|MASK|MASK|MASK|MASK|MASK|MASK|MASK|MASK|MASK|MASK|MASK,itemOffset  <|fim_pad|><|fim_pad|><|fim_pad|><|fim_pad|><|fim_pad|><|fim_pad|><|fim_pad|><|fim_pad|><|fim_pad|><|fim_pad|><|fim_pad|><|fim_pad|><|fim_pad|><|fim_pad|><|fim_pad|><|fim_pad|><|fim_pad|>,"itemOffset  <|fim_pad|><|fim_pad|><|fim_pad|><|fim_pad|><|fim_pad|><|fim_pad|><|fim_pad|><|fim_pad|><|fim_pad|><|fim_pad|><|fim_pad|><|fim_pad|><|fim_pad|><|fim_pad|><|fim_pad|><|fim_pad|><|fim_pad|>|MASK] ;
      if (itemTag == Symbol.CONSTANT_METHOD_HANDLE_TAG) {
        item|[MASK]  + 2));
          addConstantMemberReference(
              itemIndex,
              item|MASK  , charBuffer),
              classReader.readUTF8(nameAndTypeItemOffset, charBuffer|MASK  + 1));
          break;
        case Symbol.CONSTANT_LONG_TAG:
        case|[MASK]  + 2, charBuffer),
              classReader.readUTF8( [MASK|MASK  + 2, charBuffer),
              classReader.readUTF8(nameAndTypeItemOffset|MASK ));
          break;
        case Symbol.CONSTANT_METHOD_HANDLE_TAG:
        case Symbol.CONST|MASK  - 2), charBuffer);
          int nameAndTypeItemOffset =
              classReader|MASK  - 1),
              classReader.readClass(memberRefItemOffset, charBuffer),
             |MASK  + 1));
          addConstantInvokeDynamicReference(
              itemIndex,
              classReader|MASK  + 4, charBuffer),
              classReader.readUnsignedShort( MASK  + | MASK , charBuffer));
          break;
        case Symbol.CONSTANT_METHOD_TYPE_TAG:
          add",
781,listener,MASK,False,10,MASK|MASK|MASK|MASK|MASK|MASK||MASK||);,[MASK]<|endoftext|>,"[MASK]<|endoftext|>|[MASK]<|endoftext|>|[MASK]<|endoftext|>|[MASK]<|endoftext|>|[MASK]  [MASK]  [MASK]  [MASK]  [MASK] |MASK<|endoftext|>|<|endoftext|>|MASK<|endoftext|>|<|endoftext|>|);
    }

    /**
     * Pre-optimize a logical plan.
     *
     * @param",
782,fmtpAttributes,MASK,False,18,MASK|MASK|MASK|MASK|MASK|MASK|MASK|MASK|MASK|MASK|MASK|MASK|MASK|MASK|MASK|MASK|MASK|MASK,[MASK]<|endoftext|>,[MASK]<|endoftext|>|[MASK]<|endoftext|>|[MASK]<|endoftext|>|[MASK]<|endoftext|>|[MASK]<|endoftext|>|[MASK]<|endoftext|>|[MASK]<|endoftext|>|[MASK]<|endoftext|>|[MASK]<|endoftext|>|MASK<|endoftext|>|[MASK]<|endoftext|>|[MASK]<|endoftext|>|[MASK]<|endoftext|>|[MASK]<|endoftext|>|[MASK]<|endoftext|>|[MASK]<|endoftext|>|MASK<|endoftext|>|MASK<|endoftext|>,
783,request,request,True,4,request|request|MASK|request,request<|endoftext|>,request<|endoftext|>|request<|endoftext|>|[MASK]<|endoftext|>|request<|endoftext|>,
784,password,password,True,6,password|MASK|MASK|MASK|MASK|MASK,password<|endoftext|>,password<|endoftext|>|  [MASK]<|endoftext|>|[MASK]<|endoftext|>|[MASK]<|endoftext|>|[MASK]<|endoftext|>|MASK<|endoftext|>,
785,srcSize,,False,4,|IMAGE_SIZE|IMAGE_SIZE|IMAGE_SIZE, <|endoftext|>," <|endoftext|>|[IMAGE_SIZE]<|endoftext|>|IMAGE_SIZE , decodingInfo.getTargetSize()<|endoftext|>|IMAGE_SIZE<|endoftext|>",
786,empty,MASK,False,9,MASK|MASK|MASK|MASK|MASK|MASK|MASK|MASK|empty,"[MASK]  = new LinkedHashMap(0);
        assertNull(""Empty LinkedHashMap access"",  [MASK","[MASK]  = new LinkedHashMap(0);
        assertNull(""Empty LinkedHashMap access"",  [MASK|[MASK] .get(""nothing""));
         [MASK] .put(""something"", ""here"");
|[MASK]<|fim_pad|><|fim_pad|><|fim_pad|><|fim_pad|><|fim_pad|><|fim_pad|><|fim_pad|><|fim_pad|><|fim_pad|><|fim_pad|><|fim_pad|><|fim_pad|><|fim_pad|><|fim_pad|><|fim_pad|><|fim_pad|><|fim_pad|>|[MASK]<|fim_pad|><|fim_pad|><|fim_pad|><|fim_pad|><|fim_pad|><|fim_pad|><|fim_pad|><|fim_pad|><|fim_pad|><|fim_pad|><|fim_pad|><|fim_pad|><|fim_pad|><|fim_pad|><|fim_pad|><|fim_pad|><|fim_pad|>|MASK  = new LinkedHashMap(0, 0.75f);
        assertNull(""Empty hashtable|[MASK]<|fim_pad|><|fim_pad|><|fim_pad|><|fim_pad|><|fim_pad|><|fim_pad|><|fim_pad|><|fim_pad|><|fim_pad|><|fim_pad|><|fim_pad|><|fim_pad|><|fim_pad|><|fim_pad|><|fim_pad|><|fim_pad|><|fim_pad|>|MASK <|fim_pad|><|fim_pad|><|fim_pad|><|fim_pad|><|fim_pad|><|fim_pad|><|fim_pad|><|fim_pad|><|fim_pad|><|fim_pad|><|fim_pad|><|fim_pad|><|fim_pad|><|fim_pad|><|fim_pad|><|fim_pad|><|fim_pad|><|fim_pad|>|MASK<|fim_pad|><|fim_pad|><|fim_pad|><|fim_pad|><|fim_pad|><|fim_pad|><|fim_pad|><|fim_pad|><|fim_pad|><|fim_pad|><|fim_pad|><|fim_pad|><|fim_pad|><|fim_pad|><|fim_pad|><|fim_pad|><|fim_pad|><|fim_pad|><|fim_pad|>|empty map"", !hm.isEmpty());
        hm.clear();
        assertTrue(""Returned false for empty map after",
787,setterFunc,MASK,False,3,MASK|MASK|MASK,[MASK]<|endoftext|>,"[MASK]<|endoftext|>|[MASK]<|endoftext|>|MASK  , varName);
          }
        }
      }
    }
    for (VariableDeclarationFragment",
788,outputBlock,[,False,13,[|MASK|MASK|MASK|MASK|MASK|MASK|MASK|MASK|MASK|MASK|MASK|MASK,[<|endoftext|>,[<|endoftext|>| [MASK]<|endoftext|>| [MASK]<|endoftext|>|MASK<|endoftext|>|MASK<|endoftext|>|[MASK]<|endoftext|>|[MASK]<|endoftext|>|MASK<|endoftext|>|MASK<|endoftext|>|[ MASK]<|endoftext|>|MASK<|endoftext|>|MASK <|endoftext|>|MASK<|endoftext|>,
789,additionalMatcherName,mask,False,3,mask|MASK|MASK,  mask<|endoftext|>,"  mask<|endoftext|>|[MASK] , subMatchersCount<|endoftext|>|   MASK<|endoftext|>",
790,names,names,True,2,names|names,names<|endoftext|>,names<|endoftext|>|names<|endoftext|>,
791,order,MASK,False,5,MASK|MASK|MASK|MASK|MASK,[MASK]<|endoftext|>,"[MASK]<|endoftext|>|[MASK] <|endoftext|>|[MASK]  =  MASK ;
	}

	public int  getOrder() {
		return this.|MASK <|endoftext|>| MASK <|endoftext|>",
792,delegate,MASK,False,6,MASK|MASK|MASK|MASK|MASK|MASK,[MASK]<|endoftext|>,[MASK]<|endoftext|>|[MASK]<|endoftext|>|[MASK]<|endoftext|>|[MASK] <|endoftext|>|MASK<|endoftext|>| MASK<|endoftext|>,
793,julyStr,greenwichcalendar,False,3,greenwichcalendar|PM|MMMM," greenwichcalendar.setTimeZone(thedefault);
        Date greenwichdate = greenwichcalendar.getTime();
"," greenwichcalendar.setTimeZone(thedefault);
        Date greenwichdate = greenwichcalendar.getTime();
|1:00:00 PM GMT"",
                ""MMMM d, yyyy h:mm:ss a|                ""MMMM d, yyyy h:mm:ss a zzz"",
                ""medium format:  "",",
794,healthMetadata,,False,2,|getDiskMetadata,<|endoftext|>,"<|endoftext|>|.getDiskMetadata();
        DiskUsage usage = getDiskUsage();
        if (usage == null)",
795,builders,,False,4,|||,<|endoftext|>,<|endoftext|>|<|endoftext|>|<|endoftext|>|<|endoftext|>,
796,bootstrapMethodArguments,return,False,11,return|) {|long|Table|_TAG|;|value|tag|value|int|this,"return the index of a new or already existing type Symbol with the given value.
   */
  int","return the index of a new or already existing type Symbol with the given value.
   */
  int|) {
    int hashCode = hash(Symbol.MERGED_TYPE_TAG, typeTableIndex1, type| ((long) typeTableIndex1 << 32) | typeTableIndex2
            :|Table[typeTableIndex1].value;
    String type2 = typeTable[typeTableIndex2].|_TAG, commonSuperTypeIndex, data, hashCode));
    return commonSuperTypeIndex;
  }

|;
  }

  /**
   * Adds a type in the type table of this symbol table.
  | value,
        final int data,
        final int hashCode) {
      super(index, tag, owner| tag, final String value, final int hashCode) {
      super(index, tag, value, hashCode| value, final int hashCode) {
      super(index, tag, /* owner= */ null, name| int value, final int hashCode) {
      super(index, tag, /* owner= */ null,| this.index = index;
      this.label = label;
    }
  }
}<|fim_middle|> value<|endoftext|>",
797,parentClass,,False,7,|MASK|||||,<|endoftext|>,<|endoftext|>|[MASK]<|endoftext|>|<|endoftext|>|<|endoftext|>|<|endoftext|>|<|endoftext|>|<|endoftext|>,
798,other,MASK,False,2,MASK|MASK, [MASK]<|endoftext|>, [MASK]<|endoftext|>|MASK<|endoftext|>,
799,drmSessionManagerProvider,MASK,False,6,MASK|this|MASK|||, [MASK] <|fim_pad|><|fim_pad|><|fim_pad|><|fim_pad|><|fim_pad|><|fim_pad|><|fim_pad|><|fim_pad|><|fim_pad|><|fim_pad|><|fim_pad|><|fim_pad|><|fim_pad|><|fim_pad|><|fim_pad|><|fim_pad|>, [MASK] <|fim_pad|><|fim_pad|><|fim_pad|><|fim_pad|><|fim_pad|><|fim_pad|><|fim_pad|><|fim_pad|><|fim_pad|><|fim_pad|><|fim_pad|><|fim_pad|><|fim_pad|><|fim_pad|><|fim_pad|><|fim_pad|>|this. [MASK]<|endoftext|>|[MASK] <|fim_pad|><|fim_pad|><|fim_pad|><|fim_pad|><|fim_pad|><|fim_pad|><|fim_pad|><|fim_pad|><|fim_pad|><|fim_pad|><|fim_pad|><|fim_pad|><|fim_pad|><|fim_pad|><|fim_pad|><|fim_pad|>| <|endoftext|>|<|endoftext|>|  <|endoftext|>,
800,usedBuiltInAnalyzers,MASK,False,15,MASK|MASK|usedAnalyzers|usedBuiltInAnalyzers|usedBuiltInAnalyzers|usedBuiltInAnalyzers|usedBuiltInAnalyzers|usedBuiltInAnalyzers|usedBuiltInAnalyzers|usedBuiltInAnalyzers|usedBuiltInAnalyzers|usedBuiltInAnalyzers|usedBuiltInAnalyzers|usedBuiltInAnalyzers|usedBuiltInAnalyzers,[MASK]<|endoftext|>,"[MASK]<|endoftext|>|   [MASK]  = indexSettings.getGroups(""index.analysis.analyzer"");
                usedBuiltIn|usedAnalyzers
                           <|endoftext|>|usedBuiltInAnalyzers<|endoftext|>|usedBuiltInAnalyzers<|endoftext|>|usedBuiltInAnalyzers<|endoftext|>|usedBuiltInAnalyzers<|endoftext|>|usedBuiltInAnalyzers<|endoftext|>|usedBuiltInAnalyzers<|endoftext|>|usedBuiltInAnalyzers <|endoftext|>|usedBuiltInAnalyzers<|endoftext|>|usedBuiltInAnalyzers<|endoftext|>|usedBuiltInAnalyzers <|endoftext|>|usedBuiltInAnalyzers<|endoftext|>|usedBuiltInAnalyzers );
        builder.startObject(""synonyms""<|endoftext|>",
801,builder,,False,4,|MASK|MASK|MASK,<|endoftext|>,"<|endoftext|>|[MASK]<|endoftext|>|MASK<|endoftext|>|MASK
                    .setServiceDiscovery(serviceDiscovery)
                   <|endoftext|>",
802,matcher,MASK,False,4,MASK|MASK|MASK|Matchers,[MASK]  = Matchers.nullValue()<|file_sep|>/x-pack/plugin/src/test/java/org/elasticsearch/x,"[MASK]  = Matchers.nullValue()<|file_sep|>/x-pack/plugin/src/test/java/org/elasticsearch/x|[MASK]<|endoftext|>|MASK<|endoftext|>|Matchers.allOf(
                    Matchers.notNullValue(),
                    Matchers.instanceOf(Double.class),
                    MASK
               ",
803,counter,MASK,False,4,MASK|MASK|MASK|MASK,[MASK]<|endoftext|>,[MASK]<|endoftext|>|[MASK]<|endoftext|>| MASK <|endoftext|>| MASK <|endoftext|>,
804,mediaPeriod,eventTime,False,3,eventTime|MASK|MASK,"eventTime= */ SystemClock.elapsedRealtime(), /* eventPosition= */ 0);
    playlist","eventTime= */ SystemClock.elapsedRealtime(), /* eventPosition= */ 0);
    playlist|[MASK]<|endoftext|>|  MASK<|endoftext|>",
805,responseHeaders,MASK,False,8,MASK|MASK|MASK|MASK|MASK|MASK|file_sep|file_sep,[MASK]<|endoftext|>,[MASK]<|endoftext|>|[MASK]<|endoftext|>|[ MASK]<|endoftext|>|MASK<|endoftext|>|[ MASK<|endoftext|>|MASK<|endoftext|>|<|file_sep|><|fim_prefix|>/spring-web/src/main/java/org/springframework/web/servlet/config/annotation/Default|file_sep<|endoftext|>,
806,oldtz,srpen,False,2,srpen|1970 11 01 0:00:00," ""srpen"",               ""1970 08 01 0:0"," ""srpen"",               ""1970 08 01 0:0|            ""1970 11 01 0:00:00",
807,buyPrice,MASK,False,12,MASK|MASK|MASK|MASK|MASK|MASK|MASK|MASK|MASK|MASK|MASK|MASK,[MASK] <|endoftext|>,[MASK] <|endoftext|>|[MASK]<|endoftext|>|[MASK]<|endoftext|>|MASK <|endoftext|>|[MASK]<|endoftext|>|MASK<|endoftext|>| MASK<|endoftext|>| [MASK]<|endoftext|>|[MASK] <|endoftext|>|[MASK] <|endoftext|>| MASK<|endoftext|>| MASK<|endoftext|>,
808,activityInfo,MASK,False,4,MASK|MASK|MASK|MASK,[MASK]<|endoftext|>,[MASK]<|endoftext|>|MASK<|endoftext|>|  [MASK] <|endoftext|>|MASK<|endoftext|>,
809,duration,MASK,False,3,MASK||MASK, [MASK]<|endoftext|>," [MASK]<|endoftext|>|<|endoftext|>|MASK);
            } else {
                logger.debug(""No job updates to process""<|endoftext|>",
810,limit,);,False,4,);|{|dateStyle|Offset,");
            DateFormat fmtRelTime = DateFormat.getTimeInstance(dateStyle, loc);
            String relDateTimeStr",");
            DateFormat fmtRelTime = DateFormat.getTimeInstance(dateStyle, loc);
            String relDateTimeStr| {
                cal.setTime(today);
                cal.add(Calendar.DAY_OF_YEAR, dayOffset);
                Date date| dateStyle + "" for locale "" + loc + "" and dayOffset "" + dayOffset);
               |Offset);
                }
                // check that timeStr is in dateTimeStr
                if ( dateTimeStr",
811,settingValue,MASK,False,12,MASK|MASK|MASK|MASK|MASK|MASK|MASK|MASK|MASK|MASK|MASK|MASK,[MASK]<|endoftext|>,"[MASK]<|endoftext|>|[MASK]<|endoftext|>|[MASK]<|file_sep|><|fim_prefix|>/x-pack/plugin/ql/src/test/java/org/elasticsearch/xpack/ql|[MASK]<|endoftext|>|[MASK]<|endoftext|>|MASK ,
            Property.Deprecated
        );
        criticalDeprecatedSetting.checkDeprecation(settings);
       |MASK<|endoftext|>|MASK<|endoftext|>|MASK );
        final Settings settings = Settings.builder().put(settingName,  MASK ).build();
       |[MASK]<|endoftext|>|MASK<|endoftext|>|MASK )
            .putList(""deprecation.skip_deprecated_settings"", settingName)
            .build",
812,dirtyType,isChanged,False,3,isChanged|isChanged|markedDirtyResult,"isChanged = invalidationType == InvalidationType.CHANGED;
      DirtyType dirtyType
        ","isChanged = invalidationType == InvalidationType.CHANGED;
      DirtyType dirtyType
        |isChanged <|endoftext|>|markedDirtyResult.getDirtyType()<|file_sep|><|fim_prefix|>/third_party/java_src/junit/junit/src/main",
813,position,MASK,False,2,MASK|result,  [MASK]<|endoftext|>,"  [MASK]<|endoftext|>| 0, result.getValueCount() - 1,  MASK  ));
    }

    @Override",
814,className,MASK,False,12,MASK|MASK|MASK|MASK|MASK|MASK|MASK|MASK|MASK|MASK|MASK|MASK,[MASK]<|endoftext|>,[MASK]<|endoftext|>|[MASK]<|endoftext|>|[MASK]<|endoftext|>|[MASK]<|endoftext|>|[MASK]<|endoftext|>|MASK<|endoftext|>|[MASK]<|endoftext|>|[MASK]<|endoftext|>|MASK<|endoftext|>|MASK<|endoftext|>|MASK<|endoftext|>|MASK <|endoftext|>,
815,namedXContentRegistry,MASK,False,8,MASK|MASK|MASK|MASK|MASK|MASK|MASK|MASK,"[MASK] ,
            ClusterService clusterService,
            BigArrays bigArrays,
            RecoverySettings recovery","[MASK] ,
            ClusterService clusterService,
            BigArrays bigArrays,
            RecoverySettings recovery|MASK<|fim_pad|><|fim_pad|><|fim_pad|><|fim_pad|><|fim_pad|><|fim_pad|><|fim_pad|><|fim_pad|><|fim_pad|><|fim_pad|><|fim_pad|><|fim_pad|><|fim_pad|><|fim_pad|><|fim_pad|><|fim_pad|><|fim_pad|><|fim_pad|><|fim_pad|>|MASK<|fim_pad|><|fim_pad|><|fim_pad|><|fim_pad|><|fim_pad|><|fim_pad|><|fim_pad|><|fim_pad|><|fim_pad|><|fim_pad|><|fim_pad|><|fim_pad|><|fim_pad|><|fim_pad|><|fim_pad|><|fim_pad|><|fim_pad|><|fim_pad|><|fim_pad|>|MASK<|fim_pad|><|fim_pad|><|fim_pad|><|fim_pad|><|fim_pad|><|fim_pad|><|fim_pad|><|fim_pad|><|fim_pad|><|fim_pad|><|fim_pad|><|fim_pad|><|fim_pad|><|fim_pad|><|fim_pad|><|fim_pad|><|fim_pad|><|fim_pad|><|fim_pad|>|MASK<|fim_pad|><|fim_pad|><|fim_pad|><|fim_pad|><|fim_pad|><|fim_pad|><|fim_pad|><|fim_pad|><|fim_pad|><|fim_pad|><|fim_pad|><|fim_pad|><|fim_pad|><|fim_pad|><|fim_pad|><|fim_pad|><|fim_pad|><|fim_pad|><|fim_pad|>|MASK<|fim_pad|><|fim_pad|><|fim_pad|><|fim_pad|><|fim_pad|><|fim_pad|><|fim_pad|><|fim_pad|><|fim_pad|><|fim_pad|><|fim_pad|><|fim_pad|><|fim_pad|><|fim_pad|><|fim_pad|><|fim_pad|><|fim_pad|><|fim_pad|><|fim_pad|>|MASK<|fim_pad|><|fim_pad|><|fim_pad|><|fim_pad|><|fim_pad|><|fim_pad|><|fim_pad|><|fim_pad|><|fim_pad|><|fim_pad|><|fim_pad|><|fim_pad|><|fim_pad|><|fim_pad|><|fim_pad|><|fim_pad|><|fim_pad|><|fim_pad|><|fim_pad|>|MASK<|fim_pad|><|fim_pad|><|fim_pad|><|fim_pad|><|fim_pad|><|fim_pad|><|fim_pad|><|fim_pad|><|fim_pad|><|fim_pad|><|fim_pad|><|fim_pad|><|fim_pad|><|fim_pad|><|fim_pad|><|fim_pad|><|fim_pad|><|fim_pad|><|fim_pad|>",
816,fieldType,type,False,2,type|type,  type<|endoftext|>,"  type<|endoftext|>|type
                        && object.getClass() != type.getRawType() && object.getClass() != type.getTypeName",
817,ruleContext,MASK,False,9,MASK|MASK|MASK|MASK|MASK|MASK|MASK|MASK|MASK,[MASK]<|endoftext|>,"[MASK]<|endoftext|>|[MASK]<|endoftext|>|MASK<|endoftext|>|[MASK]<|endoftext|>|MASK<|endoftext|>|MASK<|endoftext|>|MASK 
             <|endoftext|>|MASK<|endoftext|>| MASK<|endoftext|>",
818,inputFile,MASK,False,10,MASK|MASK|MASK|MASK|MASK|MASK|MASK|MASK|MASK|MASK,[MASK]<|endoftext|>,[MASK]<|endoftext|>|[MASK]<|endoftext|>|[MASK]<|endoftext|>| MASK<|endoftext|>|[MASK]<|endoftext|>|MASK <|endoftext|>|[MASK]<|endoftext|>|MASK <|endoftext|>|MASK<|endoftext|>| MASK <|endoftext|>,
819,predOwner,,False,3,|this|this, <|endoftext|>, <|endoftext|>|this<|endoftext|>|this<|endoftext|>,
820,annotation,annotation,True,9,annotation|MASK|MASK||MASK|MASK|MASK||MASK,annotation<|endoftext|>,annotation<|endoftext|>|[MASK]<|endoftext|>|[MASK] <|endoftext|>|<|endoftext|>|MASK <|endoftext|>| [MASK]<|endoftext|>|MASK<|endoftext|>| <|endoftext|>|MASK<|endoftext|>,
821,serializeTestFail,cc,False,10,cc|October|yyyy|true|th|Oct|Item|th|UTC|);,"cc MMM dd"",      null),
                new TestMultiPatternMatchItem(false,      ""20","cc MMM dd"",      null),
                new TestMultiPatternMatchItem(false,      ""20|13 October 16 Q4"",         ""yyyy MMM dd QQQ"",      ""2| ""yyyy MMM dd QQQ"",      ""2013 Oct 16 Q4""),
|(true,       ""2013 Oct 19 Q4"",             ""yyyy MMM dd|0 4th quarter"",    ""yyyy MMM dd qqqq"",      ""201|"",      ""2013 Oct 20 4th quarter""),
                new TestMulti|Item(false,      ""2013 Oct 22 4th quarter"",    ""|2 4th quarter"",    ""yyyy MMM dd qqqq"",      ""201|UTC""), ULocale.ROOT);
        cal.setTime(d);
        for (TestMultiPatternMatchItem|);
            if (item.expectedResult == null) {
                if (p.getErrorIndex() == -",
822,services,services,True,3,services|services|services,"services to try in provider selection
    // null once provider is selected
    private Iterator<Service>","services to try in provider selection
    // null once provider is selected
    private Iterator<Service>|services
          <|fim_pad|><|fim_pad|><|fim_pad|><|fim_pad|><|fim_pad|><|fim_pad|><|fim_pad|><|fim_pad|><|fim_pad|><|fim_pad|><|fim_pad|><|fim_pad|><|fim_pad|><|fim_pad|><|fim_pad|><|fim_pad|><|fim_pad|>|services
               <|fim_pad|><|fim_pad|><|fim_pad|><|fim_pad|><|fim_pad|><|fim_pad|><|fim_pad|><|fim_pad|><|fim_pad|><|fim_pad|><|fim_pad|><|fim_pad|><|fim_pad|><|fim_pad|><|fim_pad|><|fim_pad|><|fim_pad|>",
823,onlyIfAbsent,mc,False,3,mc|e|It," mc = modCount;
                for (Node<K,V> e : tab) {
                    for (;"," mc = modCount;
                for (Node<K,V> e : tab) {
                    for (;| = e.next)
                        action.accept(e.key);
                }
                if (modCount != mc)
|.  It does not
     * support the {@code add} or {@code addAll}",
824,annotation,MASK,False,11,MASK|MASK|MASK|MASK|MASK|MASK|MASK|MASK|MASK|MASK|MASK,[MASK]<|endoftext|>,[MASK]<|endoftext|>|[MASK]<|endoftext|>|MASK<|endoftext|>|[MASK]<|endoftext|>| [MASK]<|endoftext|>| MASK<|endoftext|>|[MASK]<|endoftext|>|[MASK]<|endoftext|>|MASK<|endoftext|>|[MASK]<|endoftext|>|MASK<|endoftext|>,
825,snapshotMetrics,MASK,False,2,MASK|MASK,[MASK]<|fim_pad|><|fim_pad|><|fim_pad|><|fim_pad|><|fim_pad|><|fim_pad|><|fim_pad|><|fim_pad|><|fim_pad|><|fim_pad|><|fim_pad|><|fim_pad|><|fim_pad|><|fim_pad|><|fim_pad|><|fim_pad|><|fim_pad|>,"[MASK]<|fim_pad|><|fim_pad|><|fim_pad|><|fim_pad|><|fim_pad|><|fim_pad|><|fim_pad|><|fim_pad|><|fim_pad|><|fim_pad|><|fim_pad|><|fim_pad|><|fim_pad|><|fim_pad|><|fim_pad|><|fim_pad|><|fim_pad|>|MASK 
        ) {
            return Map.of(
                TestRestartBeforeListenersRepo.TYPE,
                (",
826,backingIndices,MASK,False,4,MASK|MASK||MASK,[MASK]<|endoftext|>,[MASK]<|endoftext|>|[MASK]<|endoftext|>|<|endoftext|>|MASK<|endoftext|>,
827,bound,bound,True,2,bound|boundType,"bound of the stdDeviation
     */
    double getStdDeviationBound(Bounds  [","bound of the stdDeviation
     */
    double getStdDeviationBound(Bounds  [|boundType
   <|endoftext|>",
828,token,currentFieldName,False,3,currentFieldName|currentFieldName|currentFieldName,"currentFieldName = null;
        XContentParser.Token [MASK]  = null<|endoftext|>","currentFieldName = null;
        XContentParser.Token [MASK]  = null<|endoftext|>|currentFieldName <|endoftext|>|currentFieldName <|endoftext|>",
829,amountX,amountX,True,38,amountX|MASK|MASK|MASK|MASK|MASK|MASK|MASK|MASK|MASK|MASK|MASK|visualAmountX|MASK|visualAmountY|MASK|MASK|MASK|MASK|MASK|MASK|MASK|MASK|MASK|MASK|MASK|MASK|MASK|MASK|MASK|MASK|MASK|MASK|file_sep|MASK|MASK|MASK|,"amountX, amountY;
	float visualAmountX, visualAmountY;
	float maxX, maxY;
","amountX, amountY;
	float visualAmountX, visualAmountY;
	float maxX, maxY;
|[MASK]  + actorArea.width * (x < hKnobBounds.x ? -1|  [MASK]<|fim_pad|><|fim_pad|><|fim_pad|><|fim_pad|><|fim_pad|><|fim_pad|><|fim_pad|><|fim_pad|><|fim_pad|><|fim_pad|><|fim_pad|><|fim_pad|><|fim_pad|><|fim_pad|><|fim_pad|><|fim_pad|>|MASK<|endoftext|>|[MASK]<|endoftext|>|[MASK]<|fim_pad|><|fim_pad|><|fim_pad|><|fim_pad|><|fim_pad|><|fim_pad|><|fim_pad|><|fim_pad|><|fim_pad|><|fim_pad|><|fim_pad|><|fim_pad|><|fim_pad|><|fim_pad|><|fim_pad|><|fim_pad|><|fim_pad|>|MASK  -= velocityX * alpha * delta;
			amountY -= velocityY * alpha *|[MASK]  <= -overscrollDistance) velocityX = 0;
			if ( [| [MASK]<|fim_pad|><|fim_pad|><|fim_pad|><|fim_pad|><|fim_pad|><|fim_pad|><|fim_pad|><|fim_pad|><|fim_pad|><|fim_pad|><|fim_pad|><|fim_pad|><|fim_pad|><|fim_pad|><|fim_pad|><|fim_pad|><|fim_pad|>|[MASK]  || visualAmountY != amountY) {
				if (visualAmountX <|[MASK] <|fim_pad|><|fim_pad|><|fim_pad|><|fim_pad|><|fim_pad|><|fim_pad|><|fim_pad|><|fim_pad|><|fim_pad|><|fim_pad|><|fim_pad|><|fim_pad|><|fim_pad|><|fim_pad|><|fim_pad|><|fim_pad|>| MASK , visualAmountX + Math.max(200 * delta, ( [MASK] |visualAmountX -  [MASK] ) * 7 * delta)));
				else
					|MASK<|fim_pad|><|fim_pad|><|fim_pad|><|fim_pad|><|fim_pad|><|fim_pad|><|fim_pad|><|fim_pad|><|fim_pad|><|fim_pad|><|fim_pad|><|fim_pad|><|fim_pad|><|fim_pad|><|fim_pad|><|fim_pad|><|fim_pad|><|fim_pad|><|fim_pad|>|visualAmountY) * 7 * delta)));
				animating = true;
			}
		|[MASK] <|fim_pad|><|fim_pad|><|fim_pad|><|fim_pad|><|fim_pad|><|fim_pad|><|fim_pad|><|fim_pad|><|fim_pad|><|fim_pad|><|fim_pad|><|fim_pad|><|fim_pad|><|fim_pad|><|fim_pad|><|fim_pad|>| MASK );
			if (visualAmountY != amountY) visualScrollY(amountY);
		|[MASK]<|file_sep|><|fim_prefix|>/gdx/src/com/badlogic/gdx/graphics/g3d/|[MASK]  += (overscrollSpeedMin + (overscrollSpeedMax - overscrollSpeed| MASK / overscrollDistance)
						* delta;
					if ( [MASK]  > |[MASK]<|fim_pad|><|fim_pad|><|fim_pad|><|fim_pad|><|fim_pad|><|fim_pad|><|fim_pad|><|fim_pad|><|fim_pad|><|fim_pad|><|fim_pad|><|fim_pad|><|fim_pad|><|fim_pad|><|fim_pad|><|fim_pad|><|fim_pad|>| [MASK]<|file_sep|><|fim_prefix|>/gdx/src/com/badlogic/gdx/graphics/g3d/|[MASK]<|fim_pad|><|fim_pad|><|fim_pad|><|fim_pad|><|fim_pad|><|fim_pad|><|fim_pad|><|fim_pad|><|fim_pad|><|fim_pad|><|fim_pad|><|fim_pad|><|fim_pad|><|fim_pad|><|fim_pad|><|fim_pad|><|fim_pad|>|MASK)<|fim_pad|><|fim_pad|><|fim_pad|><|fim_pad|><|fim_pad|><|fim_pad|><|fim_pad|><|fim_pad|><|fim_pad|><|fim_pad|><|fim_pad|><|fim_pad|><|fim_pad|><|fim_pad|><|fim_pad|><|fim_pad|><|fim_pad|><|fim_pad|>| MASK<|fim_pad|><|fim_pad|><|fim_pad|><|fim_pad|><|fim_pad|><|fim_pad|><|fim_pad|><|fim_pad|><|fim_pad|><|fim_pad|><|fim_pad|><|fim_pad|><|fim_pad|><|fim_pad|><|fim_pad|><|fim_pad|><|fim_pad|><|fim_pad|><|fim_pad|>| MASK , 0, maxX));
		scrollY(MathUtils.clamp(amountY, 0,|[MASK]<|endoftext|>|[MASK]<|endoftext|>|[MASK] <|endoftext|>| [MASK]<|endoftext|>| [MASK]<|endoftext|>| MASK <|file_sep|><|fim_prefix|>/README.md
package com.badlogic.gdx.graphics.g3d.particles.influ|[MASK]<|endoftext|>|<|file_sep|><|fim_prefix|>/README.md
package com.badlogic.gdx.graphics.g3d.particles.influencers;

|[MASK]<|endoftext|>| MASK <|file_sep|><|fim_prefix|>/README.md
package com.badlogic.gdx.graphics.g3d.particles.influ|[ MASK ]<|endoftext|>|<|endoftext|>",
830,context,MASK,False,16,MASK|MASK|MASK|MASK|MASK|MASK|MASK|MASK|[|MASK|MASK|MASK||MASK|MASK|MASK,[MASK]<|endoftext|>,"[MASK]<|endoftext|>|[MASK] .highlight() == null) {
            return null;
        }

        return getProcessor| [MASK]<|endoftext|>|[MASK]<|endoftext|>| MASK<|endoftext|>|[MASK]<|endoftext|>|[MASK]<|endoftext|>|[MASK] <|endoftext|>|[<|endoftext|>|[ MASK ]<|endoftext|>|MASK<|endoftext|>| [MASK] <|endoftext|>|<|endoftext|>|[ MASK ]<|endoftext|>|MASK<|endoftext|>|MASK<|endoftext|>",
831,bucket,MASK,False,11,"MASK|MASK|MASK|MASK|MASK|MASK|MASK|[0,1]|MASK|MASK|thresholds",[MASK]<|endoftext|>,"[MASK]<|endoftext|>|[MASK] .zeroThreshold(), equalTo(3.0));
        assertThat( [MASK] .|MASK .count(), equalTo(10L));
        assertThat( MASK .isIndexBased(), equalTo|MASK  [MASK]<|fim_pad|><|fim_pad|><|fim_pad|><|fim_pad|><|fim_pad|><|fim_pad|><|fim_pad|><|fim_pad|><|fim_pad|><|fim_pad|><|fim_pad|><|fim_pad|><|fim_pad|><|fim_pad|><|fim_pad|>|MASK<|endoftext|>|[MASK]<|endoftext|>|MASK<|endoftext|>|[0,1]
            .setPositiveBucket(1, 10) //  [|MASK <|fim_pad|><|fim_pad|><|fim_pad|><|fim_pad|><|fim_pad|><|fim_pad|><|fim_pad|><|fim_pad|><|fim_pad|><|fim_pad|><|fim_pad|><|fim_pad|><|fim_pad|><|fim_pad|><|fim_pad|><|fim_pad|><|fim_pad|><|fim_pad|>|MASK<|endoftext|>|thresholds of these buckets are equal
        assertEqualsContract(ZeroBucket.create(2, 0",
832,workerOutputStream,MASK,False,15,MASK|MASK|MASK|MASK|MASK|MASK|MASK|MASK|MASK|MASK|MASK|MASK|MASK|MASK|MASK,[MASK]<|endoftext|>,"[MASK]<|endoftext|>|[MASK] );
    WorkResponse response = worker.getResponse(1);
    assertThat(response.getRequestId()).|[MASK]<|endoftext|>|[MASK]<|endoftext|>|[MASK]<|endoftext|>|MASK<|endoftext|>|MASK<|endoftext|>|[MASK]<|endoftext|>|[MASK]<|endoftext|>|MASK<|endoftext|>|MASK<|endoftext|>|[MASK]<|endoftext|>|[MASK]<|endoftext|>|MASK<|endoftext|>|MASK .flush();

    Thread[] proxyThreads = new Thread[2];
    Executor executor = Executors",
833,attribute,attribute,True,3,attribute|attribute|attribute,"attribute.*;
import proguard.classfile.attribute.visitor.*;
import proguard.classfile.util.*;
import pro","attribute.*;
import proguard.classfile.attribute.visitor.*;
import proguard.classfile.util.*;
import pro|attribute.annotation.*;
import proguard.classfile.attribute.annotation.visitor.*;
import proguard.classfile.attribute.vis|attribute)
    {
    }


    public void visitCodeAttribute(Clazz clazz, Method method, Code",
834,docIds,,False,4,|||,<|endoftext|>,<|endoftext|>|  <|endoftext|>|<|endoftext|>|<|endoftext|>,
835,allocator,,False,2,|,<|endoftext|>,<|endoftext|>|  <|endoftext|>,
836,response,response,True,3,response|MASK|response,response<|endoftext|>,response<|endoftext|>|[MASK]<|endoftext|>|response<|endoftext|>,
837,valuePerShardCounter,MASK,False,4,MASK|MASK|MASK|MASK,[MASK]<|endoftext|>,[MASK]<|endoftext|>| [MASK]<|endoftext|>| MASK<|endoftext|>| MASK<|endoftext|>,
838,expectedKeys,expectedKeys,True,3,expectedKeys|expectedKeys|expectedKeys,"expectedKeys<|file_sep|><|fim_prefix|>/dalvik/libdex/DexFile.cpp
/*
 * Copyright (C)","expectedKeys<|file_sep|><|fim_prefix|>/dalvik/libdex/DexFile.cpp
/*
 * Copyright (C)|expectedKeys<|endoftext|>|expectedKeys<|endoftext|>",
839,stats,MASK,False,4,MASK|MASK|cat|MASK,  [MASK]  = null<|endoftext|>,  [MASK]  = null<|endoftext|>|[MASK]<|endoftext|>|cat<|endoftext|>|MASK <|endoftext|>,
840,myMap,hm2,False,3,hm2|hm2|hm2,"hm2 = new LinkedHashMap();
        for (int counter = 0; counter < hmSize;","hm2 = new LinkedHashMap();
        for (int counter = 0; counter < hmSize;|   hm2.put(new Integer(counter), new Integer(counter));
        LinkedHashMap hm3 = new LinkedHashMap(h|hm2 );
        for (int counter = 0; counter < hmSize; counter++)
           ",
841,descriptor,MASK,False,12,MASK|MASK|MASK|MASK|MASK|MASK|MASK|MASK|MASK|MASK|MASK|MASK,[MASK]<|endoftext|>,"[MASK]<|endoftext|>|[MASK]<|endoftext|>|[MASK] 
     *    <|endoftext|>|MASK<|endoftext|>|MASK<|endoftext|>|[MASK]<|endoftext|>|MASK  should be visible to the user.
     *
     * @param context
     *     |MASK<|endoftext|>|[MASK]<|endoftext|>|MASK<|endoftext|>|MASK  is not shown.
     */
    public abstract boolean filter(@CheckForNull Object context,|MASK );

    /**
     * {@link DescriptorVisibilityFilter} that hides all the {@link Descriptor}s",
842,runnable,MASK,False,4,MASK|MASK|MASK|MASK,[MASK]<|endoftext|>,"[MASK]<|endoftext|>|MASK<|endoftext|>|MASK<|endoftext|>|MASK
         <|endoftext|>",
843,get_nf,uC9C4,False,2,uC9C4|uC77C,\uC9C4\uB144 \uC7243\uC6D4\u9,"\uC9C4\uB144 \uC7243\uC6D4\u9| 2\uC77C"",
                                                                                ""\uC784\uC9C4\uB14",
844,fields,MASK,False,17,MASK|in|MergeState|MASK|MASK|MASK|MASK|MASK|MASK|MASK|MASK|MASK|MASK|MASK|MASK|MASK|MASK, [MASK] <|fim_pad|><|fim_pad|><|fim_pad|><|fim_pad|><|fim_pad|><|fim_pad|><|fim_pad|><|fim_pad|><|fim_pad|><|fim_pad|><|fim_pad|><|fim_pad|><|fim_pad|><|fim_pad|><|fim_pad|><|fim_pad|>," [MASK] <|fim_pad|><|fim_pad|><|fim_pad|><|fim_pad|><|fim_pad|><|fim_pad|><|fim_pad|><|fim_pad|><|fim_pad|><|fim_pad|><|fim_pad|><|fim_pad|><|fim_pad|><|fim_pad|><|fim_pad|><|fim_pad|>|in The original MergeState instance.
     * @param  [MASK]<|endoftext|>|[MergeState] instance to restrict.
     * @param  [MASK]  The  [|MASK<|endoftext|>|MASK<|endoftext|>|MASK<|endoftext|>| [MASK]<|endoftext|>|MASK<|endoftext|>|MASK<|endoftext|>|MASK<|endoftext|>|MASK Producers[i] == null ? null : new FilterFieldsProducer(in. MASK Producers[i| MASK<|endoftext|>|MASK<|endoftext|>|MASK<|endoftext|>| MASK<|endoftext|>|MASK <|endoftext|>|MASK<|endoftext|>",
845,timeout,e,False,19,e|MASK|MASK|MASK|MASK|MASK|MASK|MASK|MASK|MASK|MASK|MASK|MASK|MASK|MASK|MASK|MASK|MASK|MASK,e<|fim_pad|><|fim_pad|><|fim_pad|><|fim_pad|><|fim_pad|><|fim_pad|><|fim_pad|><|fim_pad|><|fim_pad|><|fim_pad|><|fim_pad|><|fim_pad|><|fim_pad|><|fim_pad|><|fim_pad|><|fim_pad|><|fim_pad|><|fim_pad|><|fim_pad|>,"e<|fim_pad|><|fim_pad|><|fim_pad|><|fim_pad|><|fim_pad|><|fim_pad|><|fim_pad|><|fim_pad|><|fim_pad|><|fim_pad|><|fim_pad|><|fim_pad|><|fim_pad|><|fim_pad|><|fim_pad|><|fim_pad|><|fim_pad|><|fim_pad|><|fim_pad|>|[MASK]<|endoftext|>|[MASK]<|fim_pad|><|fim_pad|><|fim_pad|><|fim_pad|><|fim_pad|><|fim_pad|><|fim_pad|><|fim_pad|><|fim_pad|><|fim_pad|><|fim_pad|><|fim_pad|><|fim_pad|><|fim_pad|><|fim_pad|><|fim_pad|><|fim_pad|>|[MASK] ), NANOSECONDS);
  }

  /**
   * Waits for the {@|[MASK]<|endoftext|>|[MASK]  argument
   * @throws TimeoutException if not all of the services have finished|MASK , TimeUnit unit) throws TimeoutException {
    state.awaitHealthy( [MASK] , unit);
|MASK , unit);
  }

  /**
   * Waits for the {@link ServiceManager} to|MASK<|endoftext|>|MASK  [MASK] <|fim_pad|><|fim_pad|><|fim_pad|><|fim_pad|><|fim_pad|><|fim_pad|><|fim_pad|><|fim_pad|><|fim_pad|><|fim_pad|><|fim_pad|><|fim_pad|><|fim_pad|><|fim_pad|>| MASK<|endoftext|>|MASK<|endoftext|>|MASK<|endoftext|>|MASK<|endoftext|>|MASK<|fim_pad|><|fim_pad|><|fim_pad|><|fim_pad|><|fim_pad|><|fim_pad|><|fim_pad|><|fim_pad|><|fim_pad|><|fim_pad|><|fim_pad|><|fim_pad|><|fim_pad|><|fim_pad|><|fim_pad|><|fim_pad|><|fim_pad|><|fim_pad|><|fim_pad|>|MASK<|endoftext|>|MASK<|file_sep|><|fim_prefix|>/external/google/guava/src/com/google/common/collect/ImmutableSortedMap.java|MASK<|endoftext|>|MASK<|endoftext|>",
846,loader,MASK,False,10,MASK|MASK|MASK|MASK|MASK|MASK|MASK|MASK|MASK|MASK,[MASK]<|endoftext|>,[MASK]<|endoftext|>|[MASK]<|endoftext|>|[MASK]<|endoftext|>|[MASK] <|endoftext|>| MASK<|endoftext|>|[MASK]<|endoftext|>|[MASK]<|endoftext|>|MASK<|endoftext|>|MASK<|endoftext|>|MASK<|endoftext|>,
847,newReplica,MASK,False,15,MASK|MASK|getTranslog|MASK|MASK|MASK|MASK|MASK|MASK|replica|MASK|MASK|MASK|MASK|MASK,"[MASK]  = shards.getPrimary();
            shards.recoverReplica( [MASK] );
","[MASK]  = shards.getPrimary();
            shards.recoverReplica( [MASK] );
|[MASK] );
            try (
                Translog.Snapshot snapshot =  [MASK] .new|getTranslog( [MASK] )
               <|endoftext|>|[MASK]  = shards.addReplicaWithExistingPath(replica.shardPath(), replica.routing|MASK );
            // file based recovery should be made
            assertThat( [MASK] .recovery|[MASK] .recoveryState().getTranslog().recoveredOperations(), equalTo(numDocs));
|[MASK]<|endoftext|>|[MASK] .recoveryState().getIndex().fileDetails(), empty());
            assertThat( [MASK|MASK .store().readLastCommittedSegmentsInfo()<|endoftext|>|replica = shards.addReplicaWithExistingPath(replicaShard.shardPath(), replicaSh|MASK <|endoftext|>| MASK <|endoftext|>|  [MASK]<|endoftext|>|[MASK]<|endoftext|>| MASK .recoveryState().getIndex().fileDetails(), empty());
        }
    }

    public void",
848,request,[,False,7,[|MASK|MASK|request|request|request|request,[<|endoftext|>,"[<|endoftext|>|[MASK]<|endoftext|>|MASK<|endoftext|>|request<|endoftext|>|   request.addQuerystringParameter(""nojsoncallback"", ""1"");
            request.addQuerystringParameter|request<|endoftext|>|request<|endoftext|>",
849,e1size,e1size,True,2,e1size|e1size,              e1size<|endoftext|>,"              e1size<|endoftext|>|e1size, is(1));
        // now remove the jar and check that the resource is",
850,field,key,False,5,key|MASK|MASK|MASK|MASK,key <|endoftext|>,key <|endoftext|>|[MASK]<|endoftext|>|[MASK]<|endoftext|>|[MASK]<|endoftext|>|MASK<|endoftext|>,
851,allMethodsAndStaticVars,MASK,False,5,MASK|[|||,[MASK] <|file_sep|><|fim_prefix|>/okhttp/src/main/java/com/squareup/okhttp/internal,"[MASK] <|file_sep|><|fim_prefix|>/okhttp/src/main/java/com/squareup/okhttp/internal|[<|endoftext|>|<|endoftext|>|<|endoftext|>|
     <|endoftext|>",
852,pictureData,MASK,False,16,MASK|MASK|MASK|MASK|MASK|MASK|MASK|MASK|MASK|MASK|MASK|MASK|MASK|MASK|MASK|MASK,[MASK] <|endoftext|>,[MASK] <|endoftext|>| [MASK] <|endoftext|>|[MASK]<|endoftext|>|MASK<|endoftext|>|MASK<|endoftext|>| MASK <|endoftext|>|[MASK]<|endoftext|>| MASK<|endoftext|>| MASK<|endoftext|>| MASK<|endoftext|>|[MASK]<|endoftext|>|[ MASK ]<|endoftext|>|MASK<|endoftext|>| MASK<|endoftext|>|MASK<|endoftext|>| MASK <|endoftext|>,
853,className,className,True,2,className|className,                 className  <|endoftext|>,"                 className  <|endoftext|>|className, this.world.getHierarchyResolver()<|endoftext|>",
854,staticMethodsForExtensions,staticMethodsForExtensions,True,2,staticMethodsForExtensions|staticMethodsForExtensions,"          staticMethodsForExtensions
  <|endoftext|>","          staticMethodsForExtensions
  <|endoftext|>|staticMethodsForExtensions <|file_sep|><|fim_prefix|>/glide/src/main/java/com/bumptech/glide/load/resource/b",
855,includeQueuedWatches,includeQueuedWatches,True,3,includeQueuedWatches|includeQueuedWatches|includeQueuedWatches,"includeQueuedWatches) {
        request().includeQueuedWatches(includeQueuedWatches","includeQueuedWatches) {
        request().includeQueuedWatches(includeQueuedWatches|includeQueuedWatches(includeQueuedWatches);
        return this;
    }

    public Watch|includeQueuedWatches<|endoftext|>",
856,canvas,canvas,True,2,canvas|canvas,canvas<|endoftext|>,"canvas<|endoftext|>|canvas
        .save()
        .setMatrix(null)
        .setXfermode(null)
",
857,branchInstruction,=,False,2,=|Instruction,"  =
                            new BranchInstruction(InstructionConstants.OP_GOTO,
                                                  codeAttribute.u4codeLength","  =
                            new BranchInstruction(InstructionConstants.OP_GOTO,
                                                  codeAttribute.u4codeLength|Instruction<|endoftext|>",
858,minSdkVersion,minSdkVersion,True,6,minSdkVersion|old|oldMinSdkVersion|oldMinSdkVersion|minSdkVersion|oldMinSdkVersion,"minSdkVersion"";
    private static final String XML_NODEATTR_MAX_SDK_VERSION    = ""maxSdk","minSdkVersion"";
    private static final String XML_NODEATTR_MAX_SDK_VERSION    = ""maxSdk|old apk's  [MASK] <|endoftext|>|oldMinSdkVersion   = Integer.parseInt(oldAndroidManifest.apkMeta.getMinSdkVersion());
            int|oldMinSdkVersion < TypedValue.ANDROID_40_API_LEVEL) {
                if (|minSdkVersion  is below 14, you should set the dexMode to 'jar',|oldMinSdkVersion  )
                      .append("" is below 14, you should set the",
859,interval,MASK,False,5,MASK|MASK|MASK|MASK|MASK, [MASK]<|endoftext|>," [MASK]<|endoftext|>| [MASK] <|endoftext|>| [MASK] <|endoftext|>| MASK<|endoftext|>| MASK  ;
			}

			public Duration getDelayAfterInitialFailures() {
				return this",
860,oldValues,values,False,6,values|MASK|MASK|values|MASK|MASK,"values = emptyList();
    multimap().replaceValues(k3(), values);
    assertGet(k","values = emptyList();
    multimap().replaceValues(k3(), values);
    assertGet(k|[MASK] <|endoftext|>|[MASK]<|endoftext|>|values<|endoftext|>| MASK <|endoftext|>|MASK<|endoftext|>",
861,texture,[,False,6,[||MASK|MASK|MASK|MASK,[<|endoftext|>,[<|endoftext|>|<|endoftext|>| [MASK]<|endoftext|>| [MASK]<|endoftext|>|MASK<|endoftext|>| MASK <|endoftext|>,
862,vertexNumbers,MASK,False,4,MASK|MASK|MASK|MASK,"[MASK]  = new HashMap<>(vertices.size());
        Map<Connection, Integer> [MASK","[MASK]  = new HashMap<>(vertices.size());
        Map<Connection, Integer> [MASK|   [MASK]<|endoftext|>|MASK<|endoftext|>| MASK <|endoftext|>",
863,relation,randomList,False,11,randomList|MASK|MASK|MASK|MASK|MASK|MASK|MASK|MASK|MASK|MASK,"randomList;
import static org.elasticsearch.xpack.esql.core.tree.Source.EMPTY;
import static org.elasticsearch","randomList;
import static org.elasticsearch.xpack.esql.core.tree.Source.EMPTY;
import static org.elasticsearch|[MASK]<|endoftext|>|[MASK]<|endoftext|>|[MASK]<|endoftext|>|MASK <|endoftext|>|[MASK]<|endoftext|>|[MASK]<|endoftext|>|MASK<|endoftext|>|  [MASK]<|endoftext|>|MASK<|endoftext|>|MASK<|endoftext|>",
864,newChild,child,False,2,child|child,"child, Expression   replacement) {
        return new DayOfMonth(source(), replacement, zoneId());
   ","child, Expression   replacement) {
        return new DayOfMonth(source(), replacement, zoneId());
   |child<|endoftext|>",
865,validationException,,False,8,|MASK|MASK|MASK|MASK||MASK|,<|endoftext|>,"<|endoftext|>|[MASK]<|endoftext|>|[ MASK] );
        }
        if (transientSettings.isEmpty() == false && persistentSettings.isEmpty|[MASK]<|endoftext|>|[MASK]<|endoftext|>|<|endoftext|>|MASK<|endoftext|>|<|endoftext|>",
866,dateText,yyyy,False,2,yyyy|ITESPACE,"yyyy-LLL. dd"",     ""2008-Jan. 02""),
            new","yyyy-LLL. dd"",     ""2008-Jan. 02""),
            new|ITESPACE, true);
            sdfmt.setLenient(item.leniency);
            ParsePosition pp",
867,requestOptionsExtensionGenerator,file_sep,False,3,file_sep|MASK|file_sep, <|file_sep|><|fim_prefix|>/okhttp/src/main/java/com/squareup/okhttp/internal/http/Http, <|file_sep|><|fim_prefix|>/okhttp/src/main/java/com/squareup/okhttp/internal/http/Http|[MASK]<|endoftext|>|   file_sep<|endoftext|>,
868,nonPushableLimitValue,pushableLimitValue,False,3,pushableLimitValue|pushableLimitValue|pushableLimitValue,"pushableLimitValue = randomIntBetween(1, 10_000);
           ","pushableLimitValue = randomIntBetween(1, 10_000);
           |pushableLimitValue <|fim_pad|><|fim_pad|><|fim_pad|><|fim_pad|><|fim_pad|><|fim_pad|><|fim_pad|><|fim_pad|><|fim_pad|><|fim_pad|><|fim_pad|><|fim_pad|><|fim_pad|><|fim_pad|><|fim_pad|>|pushableLimitValue<|endoftext|>",
869,allowChunklessPreparation,MASK,False,12,MASK|MASK|MASK|MASK|MASK|MASK|MASK|MASK|MASK|||MASK, [MASK]  = true  [MASK]  = true  [MASK]  = true," [MASK]  = true  [MASK]  = true  [MASK]  = true| [MASK]  = false;
      timestampAdjusterInitializationTimeoutMs = C.TIME_UNSET;
|[MASK]<|endoftext|>|[MASK]  ) {
      this. [MASK]  =  [MASK] ;
     | [MASK]<|endoftext|>|[MASK] ;
      return this;
    }

    /**
     * Sets whether to use chunkless| [MASK]<|endoftext|>|[MASK] <|endoftext|>|MASK<|endoftext|>|<|endoftext|>|<|endoftext|>|MASK<|endoftext|>",
870,atomicBoolean,MASK,False,8,MASK|MASK|MASK|MASK|MASK|MASK|MASK|MASK,"[MASK]  = new AtomicReference<>(null);
        ClusterSettings.SettingUpdater<Boolean> setting","[MASK]  = new AtomicReference<>(null);
        ClusterSettings.SettingUpdater<Boolean> setting|[MASK] ::set, logger);
        Settings build = Settings.builder().put(""foo.bar"",|[MASK] .get());
        build = Settings.builder().put(""foo.bar"", true).build| MASK .get());
        build = Settings.builder().put(""foo.bar"", false).build();
       |MASK  = new AtomicReference<>(null);
        ClusterSettings.SettingUpdater<Boolean> settingUpdater =|MASK ::set, logger);
        Settings build = Settings.builder().put(""foo.bar"", false).|MASK  = new AtomicReference<>(null);
        try {
            booleanSetting.newUpdater( [MASK|MASK<|fim_pad|><|fim_pad|><|fim_pad|><|fim_pad|><|fim_pad|><|fim_pad|><|fim_pad|><|fim_pad|><|fim_pad|><|fim_pad|><|fim_pad|><|fim_pad|><|fim_pad|><|fim_pad|><|fim_pad|><|fim_pad|><|fim_pad|><|fim_pad|><|fim_pad|>",
871,receiverClass,classA,False,3,classA|classA|classA,classA<|endoftext|>,"classA<|endoftext|>|classA<|endoftext|>|classA
              <|file_sep|><|fim_prefix|>/core/src/main/java/org/elasticsearch/common/bytes/BytesArray.java",
872,defaultValue,current,False,2,current|current,"     // current entry
        int expectedModCount;  // for fast-fail
        int","     // current entry
        int expectedModCount;  // for fast-fail
        int| current slot

        HashIterator() {
            expectedModCount = modCount;
            Node<K,V",
873,inline,inline,True,5,inline|MASK|MASK|contentType|isInline,"inline"");
        ParseField MASK = new ParseField(""mask<|endoftext|>","inline"");
        ParseField MASK = new ParseField(""mask<|endoftext|>|[MASK]<|endoftext|>|[MASK]<|endoftext|>|contentType, MASK);
        } else if (contentType != null) {
            return new HttpRequestAttachment(id|isInline<|endoftext|>",
874,level,level,True,14,level|MASK|MASK|MASK|MASK|MASK|MASK|MASK|MASK|MASK|MASK|MASK||,"level"");
    public static final ParseField LEVEL_FIELD_SEPARATOR = new ParseField(""<|endoftext|>","level"");
    public static final ParseField LEVEL_FIELD_SEPARATOR = new ParseField(""<|endoftext|>| [MASK]<|endoftext|>|[MASK]<|endoftext|>|[MASK]<|endoftext|>|[MASK]<|endoftext|>|[MASK] <|endoftext|>| [MASK] <|endoftext|>| [MASK]<|endoftext|>|MASK<|endoftext|>| [MASK] <|endoftext|>| MASK <|endoftext|>|[MASK]<|endoftext|>|<|endoftext|>|<|endoftext|>",
875,onreturnMethod,MASK,False,5,MASK|MASK|MASK|MASK|MASK, [MASK] <|endoftext|>," [MASK] <|endoftext|>|[MASK] <|endoftext|>| [MASK] <|endoftext|>|  MASK<|endoftext|>| MASK  ;
    }

    public Method getOnthrowMethod() {
        return onthrowMethod;
",
876,intValues,Scope,False,4,Scope|foo|NodeScope|but,"Scope(), is(false));

        // Those should fail
        expectThrows(IllegalArgumentException.class, () ->","Scope(), is(false));

        // Those should fail
        expectThrows(IllegalArgumentException.class, () ->|(""foo.bar"", Property.NodeScope, Property.IndexScope);
        assertThat(setting.hasIndexScope(), is|NodeScope(), is(false));

        // Those should fail
        expectThrows(IllegalArgumentException.class, ()| but they will be rejected when we register with SettingsModule.registerSetting
        setting = Setting.simpleString",
877,whitelists,MASK,False,3,MASK|MASK|MASK,[MASK]<|endoftext|>,"[MASK]<|endoftext|>|   MASK <|endoftext|>|MASK);
        contexts.put(TestScript.CONTEXT,        MASK);
        contexts.put(TestMultiScript.CON",
878,observer,s,False,2,s|s,s<|endoftext|>,s<|endoftext|>|s<|endoftext|>,
879,moRef,MASK,False,3,MASK|MASK|MASK,  [MASK]<|endoftext|>,  [MASK]<|endoftext|>|[MASK]<|endoftext|>|MASK<|endoftext|>,
880,annotatedElement,MASK,False,6,MASK|MASK|MASK|MASK|MASK|MASK,[MASK]<|endoftext|>,[MASK]<|endoftext|>|[MASK]<|endoftext|>|[MASK]<|endoftext|>|MASK<|endoftext|>|MASK<|endoftext|>|MASK<|endoftext|>,
881,slash,MASK,False,3,MASK|MASK|MASK,[MASK]<|endoftext|>,[MASK]<|endoftext|>|[MASK]<|endoftext|>|MASK <|endoftext|>,
882,doConnect,MASK,False,4,MASK|if|MASK|ps,"  [MASK]  = false;
        [MASK]  = true;
        [MASK]","  [MASK]  = false;
        [MASK]  = true;
        [MASK]|if (ps.shouldConnect.get() || ps.shouldConnect.compareAndSet(false, true)) {
               |MASK && ps.shouldConnect.getAndSet(false)<|endoftext|>|!ps.shouldConnect.get() && ps.shouldConnect.compareAndSet(true, false)<|file_sep|><|fim_prefix|>/r",
883,dataSource,dataSource,True,2,dataSource|dataSource,dataSource<|endoftext|>,dataSource<|endoftext|>|dataSource<|endoftext|>,
884,rowIndices,MASK,False,12,MASK|MASK|MASK|MASK|MASK|MASK|MASK|MASK||MASK||MASK,[MASK] <|endoftext|>,"[MASK] <|endoftext|>|[MASK]<|endoftext|>|[MASK]  = MASK ;
    }

    public List<Integer>  getMASK() {
       |MASK<|endoftext|>|MASK <|endoftext|>|[MASK]<|endoftext|>|MASK<|endoftext|>|MASK<|endoftext|>|<|endoftext|>|[MASK]<|endoftext|>|<|endoftext|>| MASK <|endoftext|>",
885,meanTime,MASK,False,11,MASK|||MASK|MASK|MASK|MASK|MASK|MASK||MASK,[MASK]<|endoftext|>,[MASK]<|endoftext|>|<|endoftext|>|<|endoftext|>|[MASK]<|endoftext|>| [MASK]<|endoftext|>|[MASK]<|endoftext|>|MASK<|endoftext|>|[MASK]<|endoftext|>|MASK<|endoftext|>|<|endoftext|>|MASK<|endoftext|>,
886,toBytes,MASK,False,12,MASK|MASK|MASK|MASK|MASK|MASK|MASK|MASK|MASK|MASK|MASK|MASK, [MASK]<|endoftext|>, [MASK]<|endoftext|>|[MASK]<|endoftext|>|MASK<|endoftext|>|MASK<|endoftext|>|[MASK]<|endoftext|>|[MASK]<|endoftext|>|[MASK]<|endoftext|>|MASK<|endoftext|>|[MASK]<|endoftext|>|MASK<|endoftext|>|MASK<|endoftext|>|MASK<|endoftext|>,
887,yearLen,yowby,False,9,yowby|as|_OF_YEAR|int|OF_YEAR|weekDef|OF_YEAR|weekDef|OF_YEAR,") != yowby) {
          throw new DateTimeException(
              ""Strict mode rejected resolved date",") != yowby) {
          throw new DateTimeException(
              ""Strict mode rejected resolved date| as it is in a different week-based-year"");
                }
            }
            fieldValues.remove(this);
|_OF_YEAR)) {
                return WEEK_OF_WEEK_BASED_YEAR_RANGE;
            }
            int dow =| int doy = temporal.get(DAY_OF_YEAR);
            int offset = startOfWeekOffset(doy|OF_YEAR<|file_sep|><|fim_prefix|>/external/robolectric/src/main/java/org/robolectric/shadows|+ weekDef.getMinimalDaysInFirstWeek());
                if (week >= newYearWeek) {
|OF_YEAR<|endoftext|>|weekDef  + weekDef.getMinimalDaysInFirstWeek());
            if (week >= newYear|OF_YEAR
                      <|endoftext|>",
888,rowIndex,rowIndex,True,2,rowIndex|rowIndex,rowIndex<|endoftext|>,rowIndex<|endoftext|>|rowIndex<|endoftext|>,
889,ports,MASK,False,3,MASK|MASK|MASK, [MASK]<|endoftext|>, [MASK]<|endoftext|>|MASK<|endoftext|>|MASK<|endoftext|>,
890,context,MASK,False,15,MASK|MASK|MASK|MASK|MASK|MASK|MASK|MASK|MASK|MASK|MASK|MASK|MASK|MASK|MASK,[MASK]<|endoftext|>,"[MASK]<|endoftext|>|MASK<|endoftext|>|MASK<|endoftext|>|[MASK]<|endoftext|>|MASK<|endoftext|>|[MASK]<|endoftext|>|[MASK] );
			webTestClient.get().uri(""/actuator/e1"").exchange().expect|MASK<|endoftext|>|[ MASK ]<|endoftext|>|MASK<|endoftext|>|[ MASK ]<|endoftext|>|MASK<|endoftext|>|MASK<|endoftext|>|MASK<|endoftext|>| MASK<|endoftext|>",
891,strings,April,False,11,April|equals|TestNoneKeyword|DateFormat|Locale|lundi|h|return|ParseException|de|ient,"April 31"", null, null, null, null, null, null, ""April ","April 31"", null, null, null, null, null, null, ""April |.equals(expectedLatn)) {
            errln(""FAIL: Expected "" + expectedLatn + ""| TestNoneKeyword() {
        Date testDate = new Date(8743068|(DateFormat.FULL, DateFormat.FULL, Locale.FRENCH);
        DateFormat dfUS = DateFormat|, Locale.FRENCH);
        DateFormat dfUS = DateFormat.getDateTimeInstance(DateFormat.FULL,| = ""lundi 15 septembre 1997"";
        logln(""Date set| h 00 PDT"";
        String out = dfFrench.format(testDate);
        logln(""|            return;
        }

        /* Create a calendar for the current time. */
        cal = Calendar| (ParseException e) {
                logln(""time zone ex3 ok"");
            }

            // fallback|de"", ""DE""),
                new ULocale(""de"", ""DE"", ""DE""),
                new|ient
        fmt.setBooleanAttribute(BooleanAttribute.PARSE_ALLOW_WHITESPACE, true);

        assertTrue",
892,innerFilterDocCount,innerFilterDocCount,True,3,innerFilterDocCount|innerFilterDocCount|innerFilterDocCount,innerFilterDocCount <|file_sep|><|fim_prefix|>/x-pack/plugin/src/test/java/org/elasticsearch/xpack/security/,"innerFilterDocCount <|file_sep|><|fim_prefix|>/x-pack/plugin/src/test/java/org/elasticsearch/xpack/security/|innerFilterDocCount<|endoftext|>|innerFilterDocCount * outerFilterDocCount / sampledDocCount));
                assertThat( innerFilterDoc",
893,params,params,True,1,params,"params
   <|endoftext|>","params
   <|endoftext|>",
894,traceThreshold,traceThreshold,True,2,traceThreshold|traceThreshold,traceThreshold<|endoftext|>,traceThreshold<|endoftext|>|traceThreshold<|endoftext|>,
895,snapshot,MASK,False,138,MASK|s|cluster|IndexNotFoundException|MASK|MASK|MASK|MASK|MASK|MASK|MASK|the|MASK|MASK|MASK|MASK|finalization|SnapshotInfo|MASK|MASK|MASK|MASK|MASK|MASK|MASK|MASK|MASK|MASK|MASK|MASK|MASK|MASK|MASK|MASK|MASK|MASK|MASK|MASK|MASK|snapshot|MASK|MASK|MASK|MASK|MASK|runs|MASK|MASK|MASK|MASK|MASK|MASK|MASK|MASK|MASK|MASK|MASK|MASK|MASK|MASK|MASK|MASK|MASK|MASK|MASK|MASK|MASK|MASK|MASK|MASK|MASK|MASK|MASK|MASK|MASK|MASK|MASK|snapshot|MASK|MASK|MASK|after|MASK|MASK|MASK|MASK|MASK|MASK|MASK|MASK|MASK|MASK|MASK|MASK|MASK|MASK|MASK|MASK|MASK|MASK|MASK|MASK|MASK|MASK|MASK|MASK|MASK|MASK|MASK|MASK|MASK|MASK|MASK|MASK|MASK|MASK|MASK|MASK|MASK||MASK|MASK|MASK|MASK|MASK|MASK|MASK|MASK|MASK|MASK|file_sep|MASK|MASK|MASK|MASK|MASK|MASK|MASK,"[MASK] s.GetSnapshotsRequest;
import org.elasticsearch.action.admin.cluster. [MASK]<|fim_pad|>","[MASK] s.GetSnapshotsRequest;
import org.elasticsearch.action.admin.cluster. [MASK]<|fim_pad|>|s.get.SnapshotInfoResponse;
import org.elasticsearch.action.admin.cluster. [MASK] s.get.S|cluster.<|fim_pad|><|fim_pad|><|fim_pad|><|fim_pad|><|fim_pad|><|fim_pad|><|fim_pad|><|fim_pad|><|fim_pad|><|fim_pad|><|fim_pad|><|fim_pad|><|fim_pad|><|fim_pad|><|fim_pad|><|fim_pad|><|fim_pad|><|fim_pad|>|IndexNotFoundException;
import org.elasticsearch.index. [MASK] s. [MASK] s. [MASK|[MASK]<|fim_pad|><|fim_pad|><|fim_pad|><|fim_pad|><|fim_pad|><|fim_pad|><|fim_pad|><|fim_pad|><|fim_pad|><|fim_pad|><|fim_pad|><|fim_pad|><|fim_pad|><|fim_pad|><|fim_pad|><|fim_pad|><|fim_pad|>|[MASK] s.AbstractSnapshotIntegTestCase;
import org.elasticsearch. [MASK] s.AbstractSnapshot|MASK s.SnapshotInfo;
import org.elasticsearch. [MASK] s.SnapshotInfo;
import org|[MASK] s.SnapshotInfo;
import org.elasticsearch. [MASK] s.SnapshotMissingException|[MASK] s.SnapshotMissingException;
import org.elasticsearch. [MASK] s.SnapshotMissing|MASK s.SnapshotShardFailure;
import org.elasticsearch. MASK s.SnapshotState;
import org|MASK s.SnapshotShardFailure;
import org.elasticsearch. MASK s.SnapshotStats;
import org|the master is restarted.
 * This is a regression test for https://github.com/elastic/elasticsearch|[MASK]<|fim_pad|><|fim_pad|><|fim_pad|><|fim_pad|><|fim_pad|><|fim_pad|><|fim_pad|><|fim_pad|><|fim_pad|><|fim_pad|><|fim_pad|><|fim_pad|><|fim_pad|><|fim_pad|><|fim_pad|><|fim_pad|><|fim_pad|>|[MASK]<|fim_pad|><|fim_pad|><|fim_pad|><|fim_pad|><|fim_pad|><|fim_pad|><|fim_pad|><|fim_pad|><|fim_pad|><|fim_pad|><|fim_pad|><|fim_pad|><|fim_pad|><|fim_pad|><|fim_pad|><|fim_pad|><|fim_pad|>|MASK<|fim_pad|><|fim_pad|><|fim_pad|><|fim_pad|><|fim_pad|><|fim_pad|><|fim_pad|><|fim_pad|><|fim_pad|><|fim_pad|><|fim_pad|><|fim_pad|><|fim_pad|><|fim_pad|><|fim_pad|><|fim_pad|><|fim_pad|><|fim_pad|><|fim_pad|>|MASK<|fim_pad|><|fim_pad|><|fim_pad|><|fim_pad|><|fim_pad|><|fim_pad|><|fim_pad|><|fim_pad|><|fim_pad|><|fim_pad|><|fim_pad|><|fim_pad|><|fim_pad|><|fim_pad|><|fim_pad|><|fim_pad|><|fim_pad|><|fim_pad|><|fim_pad|>|finalization, but before callbacks
     * which receive the SnapshotInfo, specifically the SLM callback|SnapshotInfo(),
                fsc.  [MASK]<|fim_pad|><|fim_pad|><|fim_pad|><|fim_pad|><|fim_pad|><|fim_pad|><|fim_pad|><|fim_pad|><|fim_pad|>| [MASK] <|fim_pad|><|fim_pad|><|fim_pad|><|fim_pad|><|fim_pad|><|fim_pad|><|fim_pad|><|fim_pad|><|fim_pad|><|fim_pad|><|fim_pad|><|fim_pad|><|fim_pad|><|fim_pad|><|fim_pad|><|fim_pad|>| [MASK]  that is not yet complete,
     * it is not recorded as a failure in|[MASK]<|fim_pad|><|fim_pad|><|fim_pad|><|fim_pad|><|fim_pad|><|fim_pad|><|fim_pad|><|fim_pad|><|fim_pad|><|fim_pad|><|fim_pad|><|fim_pad|><|fim_pad|><|fim_pad|><|fim_pad|><|fim_pad|><|fim_pad|>| [MASK]  A: "" +  [MASK] A);

        // wait until  [|[MASK]<|fim_pad|><|fim_pad|><|fim_pad|><|fim_pad|><|fim_pad|><|fim_pad|><|fim_pad|><|fim_pad|><|fim_pad|><|fim_pad|><|fim_pad|><|fim_pad|><|fim_pad|><|fim_pad|><|fim_pad|><|fim_pad|><|fim_pad|>|[MASK]  is registered before starting  [MASK] B
        assertBusy(() -> assert|[MASK]<|fim_pad|><|fim_pad|><|fim_pad|><|fim_pad|><|fim_pad|><|fim_pad|><|fim_pad|><|fim_pad|><|fim_pad|><|fim_pad|><|fim_pad|><|fim_pad|><|fim_pad|><|fim_pad|><|fim_pad|><|fim_pad|><|fim_pad|>|[MASK]<|fim_pad|><|fim_pad|><|fim_pad|><|fim_pad|><|fim_pad|><|fim_pad|><|fim_pad|><|fim_pad|><|fim_pad|><|fim_pad|><|fim_pad|><|fim_pad|><|fim_pad|><|fim_pad|><|fim_pad|><|fim_pad|><|fim_pad|>|MASK  while A is still running
        String  [MASK] B = executePolicy(masterNode|[MASK]<|fim_pad|><|fim_pad|><|fim_pad|><|fim_pad|><|fim_pad|><|fim_pad|><|fim_pad|><|fim_pad|><|fim_pad|><|fim_pad|><|fim_pad|><|fim_pad|><|fim_pad|><|fim_pad|><|fim_pad|><|fim_pad|><|fim_pad|>|MASK  B: "" +  MASK B);

        // wait until both  MASK s are registered|[MASK] B);

        // wait until both  [MASK] s are registered before allowing |MASK <|fim_pad|><|fim_pad|><|fim_pad|><|fim_pad|><|fim_pad|><|fim_pad|><|fim_pad|><|fim_pad|><|fim_pad|><|fim_pad|><|fim_pad|><|fim_pad|><|fim_pad|><|fim_pad|><|fim_pad|><|fim_pad|><|fim_pad|><|fim_pad|>|[MASK]<|fim_pad|><|fim_pad|><|fim_pad|><|fim_pad|><|fim_pad|><|fim_pad|><|fim_pad|><|fim_pad|><|fim_pad|><|fim_pad|><|fim_pad|><|fim_pad|><|fim_pad|><|fim_pad|><|fim_pad|><|fim_pad|><|fim_pad|>|MASK A,  [MASK] B)), 1, TimeUnit.MINUTES);

        // remove delay| [MASK]<|fim_pad|><|fim_pad|><|fim_pad|><|fim_pad|><|fim_pad|><|fim_pad|><|fim_pad|><|fim_pad|><|fim_pad|><|fim_pad|><|fim_pad|><|fim_pad|><|fim_pad|><|fim_pad|><|fim_pad|><|fim_pad|><|fim_pad|>|[MASK] <|fim_pad|><|fim_pad|><|fim_pad|><|fim_pad|><|fim_pad|><|fim_pad|><|fim_pad|><|fim_pad|><|fim_pad|><|fim_pad|><|fim_pad|><|fim_pad|><|fim_pad|><|fim_pad|><|fim_pad|><|fim_pad|>|[MASK] A);

        assertBusy(() -> {
            assertSnapshotSuccess(repoName,  [|[ MASK<|fim_pad|><|fim_pad|><|fim_pad|><|fim_pad|><|fim_pad|><|fim_pad|><|fim_pad|><|fim_pad|><|fim_pad|><|fim_pad|><|fim_pad|><|fim_pad|><|fim_pad|><|fim_pad|><|fim_pad|><|fim_pad|><|fim_pad|><|fim_pad|>|[MASK] A);
            assertSnapshotSuccess(repoName,  [MASK] B);
            assert|MASK B);
            assertMetadata(policyName, 2, 0, 0);
            assert|snapshot, registered is empty
     */
    public void testSuccessSnapshot() throws Exception {
        final|MASK Name = executePolicy(masterNode, policyName);
        logger.info(""Created  MASK  :|MASK: "" +  [MASK] Name);

        waitForSnapshot(repoName,  [MASK]|[MASK] Name);

        waitForSnapshot(repoName,  [MASK] Name);

        assertBusy|MASK Name);

        assertBusy(() -> {
            assertSnapshotSuccess(repoName,  MASK Name);
|MASK Name);
            assertMetadata(policyName, 1, 0, 0);
            assert|runs from failure is added to invocationsSinceLastSuccess.
     */
    public void testFailSnapshot|[MASK]  fails with PARTIAL status
        NetworkDisruption networkDisruption = isolateMaster|[MASK]  finalize, but before SLM is called back
        var runDuringFinalize|[MASK] Name = executePolicy(masterNode, policyName);
        logger.info(""Created  [|MASK: "" +  MASK Name);

        // restart  MASK  after  MASK  finalize,|MASK Name);

        // restart  MASK  after  MASK  finalize, but before SLM callback|[MASK]  after  [MASK]  finalize, but before SLM callback called
       |[MASK]  finalize, but before SLM callback called
        runDuringFinalize.awaitAnd|[MASK] Name);
            assertMetadata(policyName, 0, 0, 0);
|MASK<|fim_pad|><|fim_pad|><|fim_pad|><|fim_pad|><|fim_pad|><|fim_pad|><|fim_pad|><|fim_pad|><|fim_pad|><|fim_pad|><|fim_pad|><|fim_pad|><|fim_pad|><|fim_pad|><|fim_pad|><|fim_pad|><|fim_pad|><|fim_pad|><|fim_pad|>|MASK Name2 = executePolicy(masterNode, policyName);
        assertNotEquals( [MASK]|[MASK] Name,  MASK Name2);
        logger.info(""Created  MASK : "" +|[MASK]<|endoftext|>|[MASK] : "" +  [MASK] Name2);

        waitForSnapshot(repoName, |[MASK] Name2);

        waitForSnapshot(repoName,  [MASK] Name2);

       |[MASK] Name2);

        assertBusy(() -> {
            assertSnapshotSuccess(repoName, |MASK Name2);
            assertMetadata(policyName, 1, 1, 1);
           |[MASK]  fails with PARTIAL status
        NetworkDisruption networkDisruption = isolateMaster|[MASK]<|endoftext|>|[MASK]<|endoftext|>|[MASK] : "" +  [MASK] Name);

        // restart  [MASK] |[MASK]<|endoftext|>|[MASK]<|endoftext|>|[MASK]<|endoftext|>|[ MASK Name));
            assertMetadata(policyName, 0, 0, 0);
           |[MASK]<|endoftext|>|[MASK] Name2 = executePolicy(masterNode, policyName);
        logger.info(""Created |[MASK]<|endoftext|>|[MASK] Name2);
        logger.info(""Created  MASK : "" +  MASK Name2|[MASK] : "" +  [MASK] Name2);

        // restart  [MASK]|[MASK]<|endoftext|>|[ MASK Name2));
            assertMetadata(policyName, 0, 1, 1);
|snapshot  [MASK]  with a master restart during stat upload, update of invocationsSinceLast|[MASK]<|endoftext|>|[MASK]<|endoftext|>|[MASK] Name = executePolicy(masterNode, policyName);

        // restart  MASK  after|after  [MASK]  finalize, but before SLM callback called
        runDuringFinalize|[ MASK ]  finalize, but before SLM callback called
        runDuringFinalize.awaitAnd|[MASK]<|endoftext|>|[MASK]<|endoftext|>| MASK<|endoftext|>|MASK<|endoftext|>|MASK  to complete and network disruption to stop
        runDuringFinalize.awaitAndRun(networkDis|[ MASK<|endoftext|>| [MASK]<|endoftext|>| [MASK]<|endoftext|>| [MASK]<|endoftext|>|[MASK]<|endoftext|>|[MASK]<|endoftext|>|[MASK]<|endoftext|>|[MASK]<|endoftext|>|MASK<|endoftext|>|MASK<|file_sep|>/x-pack/test/ql/jobs/src/test/java/org/elasticsearch/xpack/ql/j| [MASK]<|endoftext|>|[MASK]<|file_sep|>/x-pack/plugin/core/src/test/java/org/elasticsearch/xpack/core/security/transport|[MASK]<|endoftext|>|MASK<|file_sep|>/x-pack/plugin/core/src/test/java/org/elasticsearch/xpack/core/security/transport/ssl|[MASK]<|endoftext|>|[MASK]<|endoftext|>|[MASK]<|file_sep|>/x-pack/plugin/core/src/test/java/org/elasticsearch/xpack/core/security/transport|[MASK]<|file_sep|>/x-pack/plugin/core/src/test/java/org/elasticsearch/xpack/core/security/transport|[ MASK ]<|file_sep|><|fim_prefix|>/x-pack/plugin/core/src/main/java/org/elasticsearch/xpack/core/security/|[ MASK]<|file_sep|>/x-pack/plugin/core/src/test/java/org/elasticsearch/xpack/core/security/transport|[ MASK ]<|file_sep|>/x-pack/plugin/core/src/test/java/org/elasticsearch/xpack/core/security/transport| [MASK<|file_sep|><|fim_prefix|>/x-pack/plugin/core/src/test/java/org/elasticsearch/xpack/core/security/transport| [MASK]<|endoftext|>|[MASK]<|endoftext|>|MASK  + "" but it does yet not exist"");
        }
    }

    private void assertSnapshot|[MASK]<|endoftext|>|[MASK]<|file_sep|>/x-pack/plugin/core/src/test/java/org/elasticsearch/xpack/core/security/transport|[MASK]<|endoftext|>|[MASK]<|file_sep|><|fim_prefix|>/x-pack/plugin/core/src/main/java/org/elasticsearch/xpack/core/security/|[MASK]<|file_sep|><|fim_prefix|>/x-pack/plugin/core/src/main/java/org/elasticsearch/xpack/core/security/|MASK<|file_sep|>/x-pack/plugin/core/src/main/java/org/elasticsearch/xpack/core/security/transport/ssl|<|endoftext|>| MASK<|file_sep|>/x-pack/plugin/core/src/main/java/org/elasticsearch/xpack/core/security/transport/ssl|MASK<|endoftext|>|MASK<|endoftext|>|MASK<|endoftext|>|MASK<|file_sep|><|fim_prefix|>/x-pack/plugin/ql/src/main/java/org/elasticsearch/xpack/ql/analysis|MASK<|file_sep|><|fim_prefix|>/x-pack/plugin/ql/src/main/java/org/elasticsearch/xpack/ql/analysis|MASK<|file_sep|><|fim_prefix|>/x-pack/plugin/ql/src/main/java/org/elasticsearch/xpack/ql/analysis|MASK<|file_sep|><|fim_prefix|>/x-pack/plugin/ql/src/main/java/org/elasticsearch/xpack/ql/analysis| [MASK]<|file_sep|><|fim_prefix|>/x-pack/plugin/core/src/test/java/org/elasticsearch/xpack/core/security/|[MASK]  with name "" +  MASK Name + "" but none were returned"", s.getS|<|file_sep|><|fim_prefix|>/x-pack/plugin/core/src/test/java/org/elasticsearch/xpack/core/security/transport/ssl|[MASK]<|file_sep|><|fim_prefix|>/x-pack/plugin/core/src/test/java/org/elasticsearch/xpack/core/security/|[MASK]  with name "" +  MASK Name + ""<|file_sep|><|fim_prefix|>/x-pack/plugin/ql|MASK  with name "" +  MASK Name + "" but it does not exist"");
            }
       |MASK<|file_sep|><|fim_prefix|>/x-pack/plugin/ql/src/main/java/org/elasticsearch/xpack/ql/analysis|[MASK]<|endoftext|>|MASK<|endoftext|>| MASK<|endoftext|>",
896,supportedVersion,MASK,False,4,MASK|MASK|MASK|MASK,[ MASK ]<|endoftext|>,"[ MASK ]<|endoftext|>|  [MASK] <|endoftext|>|[MASK] <|endoftext|>|MASK  + ""]"";
            }
        };
    }

    /**
     * Types that are supported starting with",
897,originatingUser,MASK,False,3,MASK|System|System,[MASK]<|endoftext|>,"[MASK]<|endoftext|>|System.getenv( ""USER""<|endoftext|>|System<|endoftext|>",
898,string,string,True,6,string|MASK|MASK|MASK|MASK|MASK,"string"", String.class);

    registerAlias(""byte"", Byte.class);
    registerAlias(""long"",","string"", String.class);

    registerAlias(""byte"", Byte.class);
    registerAlias(""long"",|[MASK] <|endoftext|>|[MASK]<|endoftext|>|MASK <|endoftext|>| MASK<|endoftext|>|MASK<|endoftext|>",
899,resFieldsMap,MASK,False,5,MASK|MASK|MASK|MASK|MASK,[MASK]<|endoftext|>,[MASK]<|endoftext|>|[MASK]<|endoftext|>| [MASK]<|endoftext|>|[MASK] <|endoftext|>| MASK <|endoftext|>,
900,screenY,screenY,True,2,screenY|screenY,"screenY, int  <|endoftext|>","screenY, int  <|endoftext|>|screenY<|endoftext|>",
901,charset,MASK,False,12,MASK|charset|MASK|MASK|MASK|MASK|MASK|MASK|MASK|MASK|MASK|MASK,[MASK]<|endoftext|>,[MASK]<|endoftext|>|charset<|endoftext|>|[MASK]<|endoftext|>|[MASK]<|endoftext|>|MASK<|endoftext|>|[MASK]<|endoftext|>|MASK<|endoftext|>|[MASK]<|endoftext|>|[MASK]<|endoftext|>|MASK<|endoftext|>|MASK<|endoftext|>| MASK<|endoftext|>,
902,destinationIndex,MASK,False,8,MASK|MASK|MASK|MASK|MASK|MASK|MASK|MASK,"MASK =  [MASK] output.index();
                int  [MASK]  =  [MASK","MASK =  [MASK] output.index();
                int  [MASK]  =  [MASK|MASK<|endoftext|>|MASK Object =   MASK Object == null ? 0 :   MASK Object;
                int  MASK|MASK Object.intValue() : 0;

                while ( [MASK]  < sourceIndex) {
|MASK<|endoftext|>| MASK <|endoftext|>|MASK <|endoftext|>|MASK<|endoftext|>",
903,keyColumnName,columnName,False,1,columnName,"columnName) {
		return ""select max("" + columnName + "") from "" + tableName;
	}

","columnName) {
		return ""select max("" + columnName + "") from "" + tableName;
	}

",
904,params,MASK,False,4,MASK|MASK|MASK|MASK,  [MASK] <|endoftext|>,  [MASK] <|endoftext|>|[MASK]<|endoftext|>|MASK <|fim_pad|><|fim_pad|><|fim_pad|><|fim_pad|><|fim_pad|><|fim_pad|><|fim_pad|><|fim_pad|><|fim_pad|><|fim_pad|><|fim_pad|><|fim_pad|><|fim_pad|><|fim_pad|><|fim_pad|><|fim_pad|><|fim_pad|><|fim_pad|>| MASK <|file_sep|><|fim_prefix|>/modules/luni/src/main/java/org/apache/harmony/luni/internal/net/www,
905,valueA,valueA,True,3,valueA|MASK|valueA,valueA<|endoftext|>,valueA<|endoftext|>|[MASK] <|endoftext|>|valueA <|fim_pad|><|fim_pad|><|fim_pad|><|fim_pad|><|fim_pad|><|fim_pad|><|fim_pad|><|fim_pad|><|fim_pad|><|fim_pad|><|fim_pad|><|fim_pad|><|fim_pad|><|fim_pad|><|fim_pad|><|fim_pad|><|fim_pad|>,
906,bigDecimal,throws,False,16,throws|MASK|MASK|_applyLocalizedPattern|();|equal|DecimalFormat|format|not|original|23456789));|());|setMaximumFractionDigits|(0.0));|pos|Double,"() throws Exception {
        DecimalFormat form = (DecimalFormat) NumberFormat.getInstance(Locale.US);
        Number","() throws Exception {
        DecimalFormat form = (DecimalFormat) NumberFormat.getInstance(Locale.US);
        Number|[MASK]  to true, the result of parsing infinity

        form = (DecimalFormat)|MASK  to true, the result of parsing infinity

        form = (DecimalFormat) NumberFormat|_applyLocalizedPattern() {
        DecimalFormat format = new DecimalFormat(""#.#"");
        assertEquals(""Wrong pattern |();
        DecimalFormat df2 = new DecimalFormat();
        assertTrue(""Hash codes should be equal"", df1| equal"", df1.hashCode() == df2.hashCode());
    }

    public void test_clone() {
| DecimalFormat();
        format.setDecimalFormatSymbols(new DecimalFormatSymbols(Locale.US));
        cloned = (DecimalFormat|format.clone());
        assertEquals(format1.getDecimalFormatSymbols(), format.getDecimalFormatSymbols());
        assertEquals| not the same
        assertTrue(""Cloned object is the same as original object"", format != format| original object
        format.setDecimalFormatSymbols(new DecimalFormatSymbols(Locale.US));
        // make sure the|23456789));
    }

    public void test_formatDouble_maximumIntegerDigits|());
        assertEquals(""1.2345"", df.format(1.2345|.setMaximumFractionDigits(2);
        assertEquals(2, df.getMaximumFractionDigits());
        assertEquals(""|(0.0));
        assertEquals(""1"", df.format(1.0));
        assertEquals(""|72036854775808"", pos);
        assertTrue(""|() == Double.class);
        assertTrue(""Wrong result Long.MIN_VALUE + 1"",
                result.double",
907,queryParser,,False,5,|MASK|MASK|MASK|MASK,<|endoftext|>,<|endoftext|>|[MASK]<|endoftext|>|[MASK]<|endoftext|>|MASK<|endoftext|>|MASK<|endoftext|>,
908,channel,,False,4,|channel|stage|channel,<|endoftext|>,"<|endoftext|>|channel<|endoftext|>|   stage.set(0);
           <|endoftext|>|channel  );
        assertEquals(1, stage.get());
        channel.sendResponse(new ElasticsearchException(""sim",
909,segments,MASK,False,13,MASK|MASK|MASK|fim_pad|the|MASK||MASK||MASK||MASK|MASK,"[MASK]  and
     *     keys.
     */
    public Factory(DataSource.Factory dataSource","[MASK]  and
     *     keys.
     */
    public Factory(DataSource.Factory dataSource|  [MASK]  and keys.
     */
    public Factory(HlsDataSourceFactory hlsDataSource|[MASK] <|fim_pad|><|fim_pad|><|fim_pad|><|fim_pad|><|fim_pad|><|fim_pad|><|fim_pad|><|fim_pad|><|fim_pad|><|fim_pad|><|fim_pad|><|fim_pad|><|fim_pad|><|fim_pad|><|fim_pad|><|fim_pad|>|      <|fim_pad|><|fim_pad|><|fim_pad|><|fim_pad|><|fim_pad|><|fim_pad|><|fim_pad|><|fim_pad|><|fim_pad|><|fim_pad|><|fim_pad|><|fim_pad|><|fim_pad|><|fim_pad|><|fim_pad|><|fim_pad|><|fim_pad|><|fim_pad|><|fim_pad|>|the presentation start time. For playlist types
    // VOD and MASTER, the presentation start time|[MASK]<|endoftext|>|<|endoftext|>| [MASK]<|file_sep|><|fim_prefix|>/okhttp/src/main/java/okhttp3/internal/http2/Http|<|endoftext|>|MASK  end.
   *
   * @param  [MASK]  The  MASK .
  |<|endoftext|>|   [MASK]<|endoftext|>|MASK<|endoftext|>",
910,bootstrapMethodsData,bootstrapMethodsData,True,3,bootstrapMethodsData|MASK|MASK,bootstrapMethodsData<|file_sep|><|fim_prefix|>/src/main/java/org/objectweb/asm/commons/RemappingClassAdapter.java,"bootstrapMethodsData<|file_sep|><|fim_prefix|>/src/main/java/org/objectweb/asm/commons/RemappingClassAdapter.java|(MASK & bootstrapMethodsData[otherOffset + i]) != (MASK & bootstrapMethodsData[offset|MASK [otherOffset + i]
          || bootstrapMethodsData [offset + i] != bootstrapMethods",
911,weekDef,OfWeek,False,36,OfWeek|days|);|_MONTH|1);|Math|validate|safe|}|_WEEK|localDow|MASK|return|anged|.|YEARS|Supported|temporal|MASK|MASK|MASK|MASK|MASK|MASK|MASK|MASK|MASK|MASK|MASK|MASK|MASK|MASK|MASK|MASK|MASK|MASK,"OfWeek(date);  // safe from overflow
                date = date.plus(Math.addExact(Math.multiplyExact","OfWeek(date);  // safe from overflow
                date = date.plus(Math.addExact(Math.multiplyExact|7 + days, DAYS);
            }
            fieldValues.remove(this);
            fieldValues.remove(MON|);
            fieldValues.remove(MONTH_OF_YEAR);
            return date;
        }

        private Chron|_MONTH);
            return date;
        }

        private ChronoLocalDate resolveWoY(
                Map|1);
            int woyInt = range.checkValidIntValue(woy, this); | = Math.subtractExact(woy, localizedWeekOfYear(date));
                int days = localDow|);  // validate
                int weeks = (int) (womInt - localizedWeekOfYear|  // safe from overflow
                int days = localDow - localizedDayOfWeek(date); | }
            fieldValues.remove(this);
            fieldValues.remove(YEAR);
            fieldValues.remove(DAY|_WEEK);
            return date;
        }

        private ChronoLocalDate resolveWBY(
                Map|, localDow);
            }
            fieldValues.remove(this);
            fieldValues.remove( [MASK|( [MASK] .weekOfWeekBasedYear);
            fieldValues.remove(DAY_OF_WEEK);
           | return name;
        }

        @Override
        public TemporalUnit getBaseUnit() {
           |anged: Use ICU4J to get the localized name of the field.
        // Android-changed|.
        // return new DateTimeFormatterBuilder().appendText(this).toFormatter(locale).format(new LocalDate| == YEARS) {  // week-of-year
                    return temporal.isSupported(DAY_OF_YEAR);
|Supported(YEAR);
                }
            }
            return false;
        }

        @Override
        public| (temporal.isSupported(YEAR)) {
                int dow = localizedDayOfWeek(temporal);
               |MASK<|endoftext|>|MASK<|endoftext|>|MASK<|endoftext|>|MASK<|endoftext|>|MASK<|endoftext|>|[MASK]<|endoftext|>|MASK<|endoftext|>|MASK<|file_sep|><|fim_prefix|>/external/llvm-project/compiler-rt/test/asan/TestCases/Linux/stacktrace|[MASK]<|endoftext|>|[MASK]<|endoftext|>|MASK] .weekOfWeekBasedYear),  [MASK]<|endoftext|>|MASK<|file_sep|><|fim_prefix|>/external/robolectric/src/main/java/org/robolectric/shadows/|MASK<|file_sep|><|fim_prefix|>/external/robolectric/src/main/java/org/robolectric/shadows/|[MASK]<|file_sep|><|fim_prefix|>/external/robolectric/src/main/java/org/robolectric/sh|[MASK]<|endoftext|>|MASK<|file_sep|><|fim_prefix|>/external/robolectric/src/main/java/org/robolectric/shadows/|MASK<|file_sep|><|fim_prefix|>/external/llvm-project/compiler-rt/test/asan/TestCases/Android/stack|MASK<|endoftext|>",
912,bytes,data,False,3,data|data|data,   data  <|endoftext|>,"   data  <|endoftext|>|   data<|endoftext|>|data.length, address1.getAddress(), address1.getPort()));
                    socket.send(new DatagramPacket(
                             data",
913,newCookies,,False,4,|||,<|endoftext|>,<|endoftext|>|<|endoftext|>|<|endoftext|>| <|endoftext|>,
914,expectedMinsOnlySearch,expectedMinsOnlySearch,True,3,expectedMinsOnlySearch|expectedMinsOnlySearch|expectedMinsOnlySearch,"expectedMinsOnlySearch  = new HashMap<>();
        final Map<Double, Double> expectedMaxes","expectedMinsOnlySearch  = new HashMap<>();
        final Map<Double, Double> expectedMaxes|expectedMinsOnlySearch.put(keys.get(i), mins.get(i));
            expectedMaxesOnlySearch|expectedMinsOnlySearch.getOrDefault(bucket.getKey(), 0d).doubleValue();
                double expectedMax",
915,prefixKeySetting,foo,False,9,foo|equalTo|Scope|fix|infix2|affixSetting|affixKeySetting|affixSetting|affixKeySetting,"(""foo.bar"", random, Property.NodeScope);
        assertEquals(random, setting.get(Settings.EMPTY));
       ","(""foo.bar"", random, Property.NodeScope);
        assertEquals(random, setting.get(Settings.EMPTY));
       | equalTo(TimeValue.timeValueSeconds(10)));

        Setting<TimeValue> settingWithUpperBound|Scope, Property.Dynamic);
        Setting<Integer> intSetting3 = Setting.intSetting(""prefix.bar"",|fix.suffix"");
        }
        if (changeAffixKeySetting) {
            currentSettingsBuilder|.infix2.suffix"", ""bar"");
        }

        Settings current = currentSettingsBuilder.build();
|<|fim_middle|>affixSetting = Setting.affixKeySetting(
            ""prefix.foo."",
            ""suffix|affixKeySetting<|file_sep|><|fim_prefix|>/x-pack/plugin/ql/src/main/java/org/elasticsearch/xpack/|affixSetting)
        );

        Settings.Builder currentSettingsBuilder = Settings.builder().put(""prefix.foo|affixKeySetting<|file_sep|><|fim_prefix|>/x-pack/plugin/ql/src/main/java/org/elasticsearch/xpack/",
916,binary,binaryName,False,2,binaryName|binaryName,"binaryName) {
    return WINDOWS_SYSTEM_DRIVE + ""\\Windows\\System32\\"" + binaryName","binaryName) {
    return WINDOWS_SYSTEM_DRIVE + ""\\Windows\\System32\\"" + binaryName|binaryName<|file_sep|><|fim_prefix|>/src/test/java/com/google/devtools/build/lib/rules/android/AndroidResourceTest.java",
917,addressCount,MASK,False,2,MASK|MASK,"  [MASK]   = randomIntBetween(0, 5);
        for (int i","  [MASK]   = randomIntBetween(0, 5);
        for (int i|MASK  ; i++) {
            transportAddresses.add(buildNewFakeTransportAddress());
        }
        for",
918,headers,headers,True,2,headers|headers,"headers  = new String[]{""foo=bar"", ""accept=application/xml""};
		ProducesRequest","headers  = new String[]{""foo=bar"", ""accept=application/xml""};
		ProducesRequest|headers, null);
		assertConditions(condition, ""text/plain"");
	}

	@Test
	void instantiate",
919,engine,MASK,False,25,MASK|MASK|MASK|MASK|MASK|MASK|MASK|MASK|MASK|MASK|MASK|MASK|MASK|MASK|MASK|MASK|MASK|MASK|MASK|MASK|MASK|MASK|MASK|MASK|MASK,[MASK]<|endoftext|>,"[MASK]<|endoftext|>| [MASK]<|endoftext|>|[MASK]<|endoftext|>|[MASK]<|endoftext|>|[MASK]<|endoftext|>|[MASK]<|endoftext|>| MASK<|endoftext|>|MASK<|endoftext|>| MASK<|endoftext|>| MASK<|endoftext|>|[MASK]<|endoftext|>|[ MASK ]<|endoftext|>| MASK<|endoftext|>|[MASK]<|endoftext|>|MASK<|endoftext|>|[ MASK]<|endoftext|>|MASK<|endoftext|>|[MASK]<|endoftext|>| MASK<|endoftext|>|[MASK]<|endoftext|>|[MASK] );
            confirmedValidations.add( [MASK] );
        }

        @Override
| MASK );
        }

        @Override
        public void checkServerTrusted(X509Certificate|[MASK]<|endoftext|>|MASK<|endoftext|>| MASK<|endoftext|>",
920,seenGroupIds,MASK,False,6,MASK|MASK|MASK|MASK|MASK|MASK,[MASK]<|endoftext|>,"[MASK]<|endoftext|>|[MASK]<|endoftext|>|[MASK]<|endoftext|>| MASK );
    }
  }

  private void maybeEnableGroupIdTracking(SeenGroupIds  MASK ,|MASK <|endoftext|>| MASK<|endoftext|>",
921,ZDATA,mm,False,2,"mm|:00"" },",":mm"", ""pf"", ""2004/7/1 PT 1:00",":mm"", ""pf"", ""2004/7/1 PT 1:00|:00"" },
        { ""en"", ""America/Argentina/Buenos_Aires"",",
922,beanName,,False,2,|, <|endoftext|>, <|endoftext|>| <|endoftext|>,
923,currentSeed,seedRef,False,2,seedRef|initialSeedRef,"      seedRef  <|file_sep|><|fim_prefix|>/core/src/main/java/jenkins/security/seed/UserSeedProperty.java
","      seedRef  <|file_sep|><|fim_prefix|>/core/src/main/java/jenkins/security/seed/UserSeedProperty.java
|initialSeedRef.get()<|endoftext|>",
924,jsonFields,MASK,False,3,MASK|putAll|MASK,[MASK]<|endoftext|>,"[MASK]<|endoftext|>|   .putAll(doc.getFields())
                .putAll(doc.getMetadata())
               <|endoftext|>|MASK<|endoftext|>",
925,clusterStateString,MASK,False,5,MASK|MASK|MASK|MASK|MASK,                 [MASK]<|endoftext|>,                 [MASK]<|endoftext|>| MASK <|endoftext|>|[MASK]<|endoftext|>|[MASK]<|endoftext|>|MASK<|endoftext|>,
926,split,,False,5,|split|MASK|MASK|MASK, <|endoftext|>," <|endoftext|>|split<|endoftext|>|[MASK]<|endoftext|>| [MASK]<|endoftext|>|MASK [1], original);
				}
				reader.close();
			} catch (Exception ex",
927,start,MASK,False,2,MASK|MASK,[MASK]<|endoftext|>,"[MASK]<|endoftext|>|MASK , int end, int count, int type, int offset);

	public native void glTexImage3",
928,vStart,MASK,False,9,MASK|MASK|MASK|MASK|MASK|MASK|MASK|MASK|MASK,[MASK]<|endoftext|>,[MASK]<|endoftext|>|[MASK]<|endoftext|>|[MASK]<|endoftext|>|[MASK]<|endoftext|>|[MASK]<|endoftext|>|MASK<|endoftext|>|[MASK]<|endoftext|>|[MASK]<|endoftext|>|MASK<|endoftext|>,
929,metaData,external,False,7,external|MASK|MASK|MASK|MASK|MASK|MASK,"external = new HashMap<>();
        external.put(""dubbo.override.override-id.address"", ""external-override","external = new HashMap<>();
        external.put(""dubbo.override.override-id.address"", ""external-override|[MASK]<|endoftext|>|[MASK]<|endoftext|>|[MASK]<|endoftext|>|[MASK]<|endoftext|>|[MASK]<|endoftext|>|MASK .get(""useKeyAsProperty""));
    }

    @Test
    public void testMetaData",
930,dataBuffer,,False,4,|MASK|MASK|MASK,   <|endoftext|>,   <|endoftext|>|[MASK]<|endoftext|>|MASK<|endoftext|>|MASK<|endoftext|>,
931,actor,MASK,False,7,MASK|MASK|MASK|MASK|MASK|MASK|MASK,[MASK]<|endoftext|>,[MASK]<|endoftext|>|MASK<|endoftext|>| MASK<|endoftext|>|[ MASK ]<|endoftext|>|[ MASK ]<|endoftext|>| MASK<|endoftext|>| MASK<|endoftext|>,
932,remoteModule,MASK,False,21,MASK|MASK||||MASK|MASK|MASK|MASK|MASK|MASK|MASK|MASK||MASK|MASK|MASK|||MASK|, [MASK]<|endoftext|>," [MASK]<|endoftext|>|MASK 
            )
            .addBlazeModule(
                new BlazeModule() {
                  @Override|<|endoftext|>|<|endoftext|>|<|endoftext|>| [MASK] 
         <|endoftext|>|[MASK]<|endoftext|>|[MASK]<|endoftext|>|[MASK]<|endoftext|>|[MASK]<|endoftext|>|[MASK]<|endoftext|>|[MASK]<|endoftext|>|[MASK]<|endoftext|>|<|endoftext|>|[MASK]<|endoftext|>|MASK 
         <|endoftext|>|[MASK] 
                  .getActionContextProvider()
                  .getCombinedCache()
                  .get|<|endoftext|>|<|endoftext|>|MASK 
     <|endoftext|>|
     <|endoftext|>",
933,cmcdConfiguration,MASK,False,13,MASK|MASK|MASK|MASK||MASK|MASK|MASK|MASK|||MASK|MASK," [MASK]  Factory;
    @Nullable private CmcdConfiguration  [MASK]  ["," [MASK]  Factory;
    @Nullable private CmcdConfiguration  [MASK]  [|[MASK]<|endoftext|>|MASK<|fim_pad|><|fim_pad|><|fim_pad|><|fim_pad|><|fim_pad|><|fim_pad|><|fim_pad|><|fim_pad|><|fim_pad|><|fim_pad|><|fim_pad|><|fim_pad|><|fim_pad|><|fim_pad|><|fim_pad|><|fim_pad|><|fim_pad|><|fim_pad|><|fim_pad|>|MASK<|fim_pad|><|fim_pad|><|fim_pad|><|fim_pad|><|fim_pad|><|fim_pad|><|fim_pad|><|fim_pad|><|fim_pad|><|fim_pad|><|fim_pad|><|fim_pad|><|fim_pad|><|fim_pad|><|fim_pad|><|fim_pad|><|fim_pad|><|fim_pad|><|fim_pad|>|<|endoftext|>|  [MASK]<|endoftext|>|MASK<|endoftext|>|MASK<|endoftext|>| [MASK]<|endoftext|>|<|endoftext|>|<|endoftext|>|MASK<|endoftext|>|MASK<|endoftext|>",
934,sameVersionEvent,event,False,2,event|event,"event = createClusterChangedEvent(Collections.emptyMap(), versions, nodes);
        client.setVerifier((action","event = createClusterChangedEvent(Collections.emptyMap(), versions, nodes);
        client.setVerifier((action|event<|endoftext|>",
935,parentAlpha,return,False,3,return|}|getVelocityY,"		return disableY;
	}

	/** If true, the scroll pane will be sized to the","		return disableY;
	}

	/** If true, the scroll pane will be sized to the|	}

	public void setFadeScrollBars (boolean fadeScrollBars) {
		this.fadeScrollBars| getVelocityY () {
		return velocityY;
	}

	public void setFadeScrollBars (boolean",
936,member,MASK,False,4,MASK|methods|insert|member,[MASK]<|fim_pad|><|fim_pad|><|fim_pad|><|fim_pad|><|fim_pad|><|fim_pad|><|fim_pad|><|fim_pad|><|fim_pad|><|fim_pad|><|fim_pad|><|fim_pad|><|fim_pad|><|fim_pad|><|fim_pad|><|fim_pad|><|fim_pad|>,"[MASK]<|fim_pad|><|fim_pad|><|fim_pad|><|fim_pad|><|fim_pad|><|fim_pad|><|fim_pad|><|fim_pad|><|fim_pad|><|fim_pad|><|fim_pad|><|fim_pad|><|fim_pad|><|fim_pad|><|fim_pad|><|fim_pad|><|fim_pad|>|methods<|fim_pad|><|fim_pad|><|fim_pad|><|fim_pad|><|fim_pad|><|fim_pad|><|fim_pad|><|fim_pad|><|fim_pad|><|fim_pad|><|fim_pad|><|fim_pad|><|fim_pad|><|fim_pad|><|fim_pad|><|fim_pad|><|fim_pad|><|fim_pad|><|fim_pad|>|insert the line numbers, possibly partly before previously inserted
        // line numbers.
        lineNumberTableAttribute|member) {}


    public void visitProgramMember(ProgramClass programClass, ProgramMember programMember) {}


",
937,patterns,indexPatterns,False,2,indexPatterns|indexPatterns,indexPatterns<|endoftext|>,indexPatterns<|endoftext|>|indexPatterns<|endoftext|>,
938,tempBuf,MASK,False,12,MASK|MASK|MASK||MASK|MASK|MASK|MASK|MASK|MASK|MASK|MASK,[MASK]<|endoftext|>,[MASK]<|endoftext|>|[MASK]<|endoftext|>|MASK<|endoftext|>|<|endoftext|>|[MASK]<|endoftext|>|MASK<|endoftext|>|[MASK]<|endoftext|>|[MASK]<|endoftext|>|MASK<|endoftext|>|MASK<|endoftext|>|[MASK]<|endoftext|>|MASK<|endoftext|>,
939,reverse,reverse,True,4,reverse||MASK|MASK,"reverse order of creation, i.e. in the same order as closed
    // to avoid closing","reverse order of creation, i.e. in the same order as closed
    // to avoid closing|<|endoftext|>|   [MASK]<|endoftext|>|MASK<|endoftext|>",
940,resolverStyle,MASK,False,13,MASK|MASK|MASK|MASK|MASK|MASK|MASK|MASK|MASK|MASK|MASK|MASK|MASK,[MASK]<|endoftext|>,"[MASK]<|endoftext|>|[MASK] );
                }
                if (rangeUnit == YEARS && fieldValues.containsKey(DAY_OF|[MASK]<|endoftext|>| MASK<|endoftext|>|[MASK]<|endoftext|>|[MASK]<|endoftext|>|[MASK]<|endoftext|>|[MASK]<|endoftext|>| MASK<|endoftext|>|[MASK]<|endoftext|>|[MASK]<|endoftext|>| MASK<|endoftext|>| MASK<|endoftext|>",
941,fieldSupplier,,False,6,|MASK|MASK|MASK|MASK|MASK,<|endoftext|>,<|endoftext|>|[MASK]<|endoftext|>|[MASK]<|endoftext|>|[MASK]<|endoftext|>|MASK<|endoftext|>|MASK<|endoftext|>,
942,hitContext,context,False,3,context|context|context,"context
           <|endoftext|>","context
           <|endoftext|>|context<|endoftext|>|context
                    .hit()
                    .highlightFields(highlightFields);
            }

            @Override
",
943,quantityInStock,MASK,False,12,MASK|MASK|MASK|MASK|MASK|MASK|MASK|MASK|MASK|MASK|MASK|MASK, [MASK] <|endoftext|>," [MASK] <|endoftext|>| [MASK]<|endoftext|>|[MASK]<|endoftext|>| MASK <|endoftext|>|[MASK]<|endoftext|>| MASK<|endoftext|>| MASK<|endoftext|>|  [MASK]  "", nullable=false)
    public short get [MASK] () {
        return|[MASK] <|endoftext|>|[ MASK ] <|fim_pad|><|fim_pad|><|fim_pad|><|fim_pad|><|fim_pad|><|fim_pad|><|fim_pad|><|fim_pad|><|fim_pad|><|fim_pad|><|fim_pad|><|fim_pad|><|fim_pad|><|fim_pad|><|fim_pad|><|fim_pad|>| MASK<|endoftext|>| MASK<|endoftext|>",
944,rtspHeaders,MASK,False,9,MASK||RtspHeaders|||MASK|MASK|MASK|MASK,[MASK]        <|fim_pad|><|fim_pad|><|fim_pad|><|fim_pad|><|fim_pad|><|fim_pad|><|fim_pad|><|fim_pad|><|fim_pad|><|fim_pad|><|fim_pad|><|fim_pad|><|fim_pad|><|fim_pad|><|fim_pad|><|fim_pad|>,[MASK]        <|fim_pad|><|fim_pad|><|fim_pad|><|fim_pad|><|fim_pad|><|fim_pad|><|fim_pad|><|fim_pad|><|fim_pad|><|fim_pad|><|fim_pad|><|fim_pad|><|fim_pad|><|fim_pad|><|fim_pad|><|fim_pad|>|<|endoftext|>|   RtspHeaders  [MASK]<|endoftext|>|<|endoftext|>|<|endoftext|>|[MASK]<|endoftext|>|MASK<|endoftext|>|[ MASK]<|endoftext|>| MASK<|endoftext|>,
945,decimalFormat,result,False,145,"result|assertEquals|result|MASK|RoundingMode|set|behavior|result|oundingMode|setRoundingMode|result|Mode|result|result|RoundingMode|oundingMode|test|RoundingMode|5);|(0.2);|result|result|MASK|oundingMode|0.2);|assertEquals|UNNECESSARY|0);|(-1.0);|ONY|RoundingMode|(""0.00000000000000000|);|result|Incorrect|Mode|applyPattern|result|Incorrect|MASK|HALF_EVEN|result|MASK|Incorrect|MASK|set|MASK|applyPattern|format|after|F_EVEN|after|assertEquals|);|}|assertEquals|format|{|size|addSuppressed|MASK|MASK|MASK|MASK|MASK|MASK|MASK|MASK|MASK|MASK|MASK|MASK|MASK|MASK|MASK|MASK|MASK|MASK|MASK|MASK|MASK|MASK|MASK|MASK|MASK|MASK|MASK|MASK|MASK|MASK|MASK|MASK|MASK|MASK|MASK|MASK|MASK|MASK|MASK|MASK|MASK|MASK|MASK|MASK|MASK|MASK|MASK|MASK|MASK|MASK|MASK|MASK|MASK|MASK|MASK|MASK|MASK|MASK|MASK|MASK|MASK|MASK|MASK|MASK|MASK|MASK|MASK|MASK|MASK|MASK|MASK|MASK|MASK|MASK|MASK|MASK|MASK|MASK|MASK|MASK|MASK|MASK|MASK|MASK|MASK"," result =  [MASK] .format(11.6);
        assertEquals(""Incorrect Rounding"," result =  [MASK] .format(11.6);
        assertEquals(""Incorrect Rounding| assertEquals(""Incorrect RoundingMode behavior: RoundingMode.HALF_DOWN"", ""12"",|12"", result);

        // set RoundingMode.CEILING of this DecimalFormat and test its| =  [MASK] .format(11.3);
        assertEquals(""Incorrect RoundingMode| RoundingMode.CEILING"", ""-11"", result);

        // set RoundingMode.DOWN| set RoundingMode.DOWN of this DecimalFormat and test its
        // behavior
         [MASK]|        // behavior
         [MASK] .setRoundingMode(RoundingMode.DOWN);
        result|11"", result);

        result =  [MASK] .format(-11.5);
|oundingMode.FLOOR of this DecimalFormat and test its
        // behavior
         [MASK] .| .setRoundingMode(RoundingMode.FLOOR);
        result =  [MASK] .format| result =  [MASK] .format(-11.5);
        assertEquals(""Incorrect Rounding|Mode.HALF_EVEN of this DecimalFormat and test its
        // behavior
         [MASK| result =  [MASK] .format(5.5);
        assertEquals(""Incorrect RoundingMode|"", result);

        result =  [MASK] .format(-5.5);
        assertEquals(""| RoundingMode.HALF_EVEN"", ""-6"", result);

        result =  [MASK|oundingMode behavior: RoundingMode.HALF_EVEN"", ""0"", result);

        //| test its
        // behavior
         [MASK] .setRoundingMode(RoundingMode.H|: RoundingMode.HALF_UP"", ""6"", result);

        result =  [MASK|5);
        assertEquals(""Incorrect RoundingMode behavior: RoundingMode.HALF_UP"", ""-|(0.2);
        assertEquals(""Incorrect RoundingMode behavior: RoundingMode.HALF|"", ""0"", result);

        result =  [MASK] .format(-0.2);
|0"", result);

        // set RoundingMode.UP of this DecimalFormat and test its
        //| =  [MASK] .format(5.5);
        assertEquals(""Incorrect RoundingMode behavior|oundingMode.UP"", ""-6"", result);

        result =  [MASK] .format(0|0.2);
        assertEquals(""Incorrect RoundingMode behavior: RoundingMode.UP"", ""1|        assertEquals(""Incorrect RoundingMode behavior: RoundingMode.UP"", ""-1"", result);

       |.UNNECESSARY);

        try {
            // when rounding is needed but RoundingMode is set|0);
        assertEquals(
                ""Incorrect RoundingMode behavior: RoundingMode.UNNECESSARY|(-1.0);
        assertEquals(
                ""Incorrect RoundingMode behavior: RoundingMode.UN|ONY-106
        DecimalFormat format = (DecimalFormat) NumberFormat.getInstance();
        DecimalFormat|RoundingMode(RoundingMode.HALF_UP);
        [MASK] .applyPattern(""0|(""0.00000000000000000|);

        result =  [MASK] .format(0.124);
        assertEquals(""| result =  [MASK] .format(0.375);
        assertEquals(""Incorrect R|(""Incorrect RoundingMode behavior after applyPattern"", "".47"", result);
        result = |Mode.HALF_DOWN of this DecimalFormat and test its
        // behavior
         [MASK]| .applyPattern("".##"");
        result =  [MASK] .format(0.12|"", result);
        result =  [MASK] .format(0.255);
       |(""Incorrect RoundingMode behavior after applyPattern"", "".73"", result);
        result = | [MASK] .format(0.467);
        assertEquals(""Incorrect RoundingMode behavior|.HALF_EVEN of this DecimalFormat and test its
        // behavior
         [MASK]|        result =  [MASK] .format(0.125);
        assertEquals(""Incorrect| =  [MASK] .format(0.255);
        assertEquals(""Incorrect Rounding|Incorrect RoundingMode behavior after applyPattern"", "".73"", result);
        result =  [| =  [MASK] .format(0.467);
        assertEquals(""Incorrect Rounding| // set RoundingMode.DOWN of this DecimalFormat and test its
        // behavior
         [MASK|MASK] .applyPattern("".##"");
        result =  [MASK] .format(0.| applyPattern"", "".12"", result);
        result =  [MASK] .format(0|format(0.732);
        assertEquals(""Incorrect RoundingMode behavior after applyPattern"",| after applyPattern"", "".46"", result);

        // set RoundingMode.CEILING of|F_EVEN);
         [MASK] .applyPattern("".##"");
        result =  [MASK| after applyPattern"", "".12"", result);
        result =  [MASK] .format(|        assertEquals(""Incorrect RoundingMode behavior after applyPattern"", "".73"", result);
        result|);
        assertEquals(""Incorrect RoundingMode behavior after applyPattern"", "".47"", result);

       | }

    public void test_format_withRoundingMode2() {
        DecimalFormat  RoundingMode | assertEquals(expected, format.format(value));
            } catch (AssertionFailedError e) {
                failures.add| format, String expected, long value) {
            try {
                Assert.assertEquals(format.toPattern() +| {
            if (!failures.isEmpty()) {
                throw failures.get(0);
            }
        }
|.size() == 1) {
                throw failures.get(0);
            }
            StringBuilder sb =|.addSuppressed(failure);
            }
            throw combined;
        }
    }

    public void test|[MASK]<|endoftext|>|[MASK] .format(11.5653);
        assertEquals(""Incorrect Rounding|[MASK] .format(-11.5653);
        assertEquals(""Incorrect Rounding|MASK<|file_sep|><|fim_prefix|>/java/org/apache/harmony/security/tests/java/security/KeyStoreSpiTest.java
|[MASK]<|endoftext|>|[MASK] .format(11.5653);
        assertEquals(""Incorrect Rounding|[MASK] .format(-11.5653);
        assertEquals(""Incorrect Rounding|MASK<|file_sep|><|fim_prefix|>/java/org/apache/harmony/security/tests/java/security/KeyStoreSpiTest.java
|[MASK]<|endoftext|>|[MASK] .format(11.5653);
        assertEquals(""Incorrect Rounding|[MASK] .format(-11.5653);
        assertEquals(""Incorrect Rounding|MASK<|file_sep|><|fim_prefix|>/modules/launcher/src/main/java/org/apache/harmony/launcher/BootClassPath|[MASK]<|file_sep|><|fim_prefix|>/modules/launcher/src/main/java/org/apache/harmony/launcher/Boot|[MASK]<|file_sep|><|fim_prefix|>/java/org/apache/harmony/security/tests/java/security/KeyStoreSpiTest|[MASK] .format(-11.5653);
        assertEquals(""Incorrect Rounding|MASK<|file_sep|><|fim_prefix|>/modules/launcher/src/main/java/org/apache/harmony/launcher/BootClassPath|[MASK]<|endoftext|>|[MASK]<|file_sep|><|fim_prefix|>/drlvm/vm/tests/kernel/java/lang/ClassTest.java
/*
|MASK<|file_sep|><|fim_prefix|>/drlvm/vm/tests/kernel/java/lang/ClassTest.java
/*
 * |MASK<|file_sep|><|fim_prefix|>/drlvm/vm/tests/kernel/java/lang/reflect/Method/Method01|MASK .format(11.565);
        assertEquals(""Incorrect RoundingMode behavior:|MASK<|file_sep|><|fim_prefix|>/drlvm/vm/tests/kernel/java/lang/reflect/MethodTest.java
/*
|MASK<|endoftext|>|[MASK]<|file_sep|><|fim_prefix|>/drlvm/vm/tests/kernel/java/lang/reflect/MethodTest.java|MASK .format(11.5653);
        assertEquals(""Incorrect RoundingMode behavior|[MASK]<|file_sep|><|fim_prefix|>/drlvm/vm/tests/kernel/java/lang/ClassTest.java
/*
|MASK<|file_sep|><|fim_prefix|>/drlvm/vm/tests/kernel/java/lang/reflect/Method/Method01|MASK<|endoftext|>|[MASK]<|endoftext|>|MASK<|file_sep|><|fim_prefix|>/drlvm/vm/tests/kernel/java/lang/reflect/Method/Method01|MASK<|endoftext|>|MASK<|file_sep|><|fim_prefix|>/drlvm/vm/tests/kernel/java/lang/ClassTest.java
/*
 * |MASK<|file_sep|><|fim_prefix|>/dalvik/libcore/luni/src/test/java/java/util/zip/ZipFile|MASK<|file_sep|><|fim_prefix|>/dalvik/libcore/luni/src/test/java/java/util/zip/ZipFile|MASK<|endoftext|>|MASK<|file_sep|><|fim_prefix|>/dalvik/libcore/luni/src/test/java/java/util/zip/ZipFile|MASK<|file_sep|><|fim_prefix|>/dalvik/libcore/luni/src/test/java/java/util/zip/ZipFile|MASK<|file_sep|><|fim_prefix|>/dalvik/libcore/luni/src/test/java/java/util/zip/ZipFile|MASK .setRoundingMode(RoundingMode.HALF_EVEN);
        result =  MASK|MASK .format(11.5);
        assertEquals(""Incorrect RoundingMode behavior: Rounding|[MASK] .format(-5.5);
        assertEquals(""Incorrect RoundingMode behavior: R|MASK .format(0.2);
        assertEquals(""Incorrect RoundingMode behavior: RoundingMode|MASK<|endoftext|>|MASK .format(5.5);
        assertEquals(""Incorrect RoundingMode behavior: RoundingMode|[MASK]<|file_sep|><|fim_prefix|>/dalvik/libcore/luni/src/test/java/java/util/zip/|MASK<|file_sep|><|fim_prefix|>/dalvik/libcore/luni/src/test/java/java/util/zip/ZipFile|MASK<|file_sep|><|fim_prefix|>/dalvik/libcore/luni/src/test/java/java/util/zip/ZipFile|MASK<|endoftext|>|MASK<|file_sep|><|fim_prefix|>/dalvik/libcore/luni/src/test/java/java/util/zip/ZipFile|[MASK]<|file_sep|><|fim_prefix|>/dalvik/libcore/luni/src/test/java/java/util/zip/|MASK<|file_sep|><|fim_prefix|>/dalvik/libcore/luni/src/test/java/java/util/zip/ZipFile|MASK<|endoftext|>|MASK<|file_sep|><|fim_prefix|>/dalvik/libcore/luni/src/test/java/java/util/zip/ZipFile|MASK<|endoftext|>|MASK<|endoftext|>|[MASK]<|file_sep|><|fim_prefix|>/dalvik/libnativehelper/include/nativehelper/jni.h
/*
 *|[MASK] .applyPattern("".##"");
        result =  [MASK] .format(0|[MASK] .format(0.125);
        assertEquals(""Incorrect RoundingMode behavior|[MASK] .format(0.255);
        assertEquals(""Incorrect RoundingMode behavior|[MASK] .format(0.732);
        assertEquals(""Incorrect RoundingMode behavior|MASK<|file_sep|><|fim_prefix|>/dalvik/libcore/luni/src/test/java/java/util/zip/ZipFile|[MASK]<|file_sep|><|fim_prefix|>/dalvik/libcore/luni/src/test/java/java/util/zip/|MASK .applyPattern("".##"");
        result =  MASK .format(0.125|[MASK]<|file_sep|><|fim_prefix|>/dalvik/libcore/luni/src/test/java/java/util/zip/|[MASK] .format(0.255);
        assertEquals(""Incorrect RoundingMode behavior|[MASK] .format(0.732);
        assertEquals(""Incorrect RoundingMode behavior|MASK .format(0.467);
        assertEquals(""Incorrect RoundingMode behavior after apply|MASK<|file_sep|><|fim_prefix|>/dalvik/libcore/luni/src/test/java/java/util/zip/ZipFile|MASK .applyPattern("".##"");
        result =  MASK .format(0.125|[MASK] .format(0.125);
        assertEquals(""Incorrect RoundingMode behavior|[MASK] .format(0.255);
        assertEquals(""Incorrect RoundingMode behavior|[MASK] .format(0.732);
        assertEquals(""Incorrect RoundingMode behavior|MASK .format(0.467);
        assertEquals(""Incorrect RoundingMode behavior after apply|MASK<|file_sep|><|fim_prefix|>/dalvik/libcore/luni/src/test/java/java/util/zip/ZipFile|MASK .applyPattern("".##"");
        result =  MASK .format(0.125|[MASK] .format(0.125);
        assertEquals(""Incorrect RoundingMode behavior|[MASK] .format(0.255);
        assertEquals(""Incorrect RoundingMode behavior|MASK .format(0.732);
        assertEquals(""Incorrect RoundingMode behavior after apply|MASK<|file_sep|><|fim_prefix|>/libcore/luni/src/test/java/java/util/zip/ZipFileTest.java
|MASK<|file_sep|><|fim_prefix|>/dalvik/libcore/luni/src/test/java/java/util/zip/ZipFile|MASK .applyPattern("".##"");
        result =  MASK .format(0.125|MASK<|file_sep|><|fim_prefix|>/dalvik/libnativehelper/include/nativehelper/jni.h
/*
 * Copyright (|MASK<|file_sep|><|fim_prefix|>/drlvm/vm/tests/kernel/java/lang/ClassTest.java
/*
 * |MASK<|file_sep|><|fim_prefix|>/dalvik/libcore/luni/src/test/java/java/util/zip/ZipFile|MASK<|file_sep|><|fim_prefix|>/drlvm/vm/tests/kernel/java/lang/reflect/Method/Method01",
946,originalNode,MASK,False,4,MASK|MASK|MASK|MASK,[MASK]<|endoftext|>,[MASK]<|endoftext|>|[MASK]<|endoftext|>|MASK<|endoftext|>| MASK<|endoftext|>,
947,message,message,True,5,message|code|Plugin|MASK|MASK,"message
              <|fim_pad|><|fim_pad|><|fim_pad|><|fim_pad|><|fim_pad|><|fim_pad|><|fim_pad|><|fim_pad|><|fim_pad|><|fim_pad|><|fim_pad|><|fim_pad|><|fim_pad|><|fim_pad|><|fim_pad|><|fim_pad|><|fim_pad|>","message
              <|fim_pad|><|fim_pad|><|fim_pad|><|fim_pad|><|fim_pad|><|fim_pad|><|fim_pad|><|fim_pad|><|fim_pad|><|fim_pad|><|fim_pad|><|fim_pad|><|fim_pad|><|fim_pad|><|fim_pad|><|fim_pad|><|fim_pad|>|code destBinDir}.
     */
    private static void installBin(PluginDescriptor info, Path tmp|, ""Plugin ["" + info.getName() + ""] does not contain a bin directory"");
        }
       |  MASK   = ""********"";
            final String <|endoftext|>|MASK<|file_sep|><|fim_prefix|>/x-pack/plugin/ql/src/main/java/org/elasticsearch/xpack/ql/analysis",
948,strategy,,False,4,|MASK|MASK|MASK,    <|endoftext|>,    <|endoftext|>|[MASK]<|endoftext|>|[MASK]<|endoftext|>|MASK<|endoftext|>,
949,versions,MASK,False,8,MASK|MASK|MASK|MASK|CompatibilityVersions|MASK|MASK|version,[MASK]<|endoftext|>,"[MASK]<|endoftext|>|[MASK] ), equalTo(compatibilityVersions1));
        assertThat(CompatibilityVersions.minimumVersions( [MASK|[MASK]<|endoftext|>|MASK<|endoftext|>|CompatibilityVersions objects in a list should have the same minimum transport version.
     * However, the minimum|MASK<|endoftext|>|MASK<|endoftext|>|version""));
    }

    public void testPreventJoinClusterWithUnsupportedIndexVersion() {
        List",
950,field,MASK,False,2,MASK|MASK,[MASK]<|endoftext|>,[MASK]<|endoftext|>|MASK<|endoftext|>,
951,pictureType,MASK,False,12,MASK|MASK|MASK|MASK|MASK|MASK|MASK|MASK|MASK|MASK|MASK|,[MASK] <|endoftext|>,"[MASK] <|endoftext|>|[MASK] <|endoftext|>|[MASK]<|endoftext|>|MASK <|endoftext|>|MASK<|endoftext|>| [MASK]<|endoftext|>|[MASK] 
      <|endoftext|>| MASK <|endoftext|>|MASK<|endoftext|>| MASK <|endoftext|>|MASK<|endoftext|>|  <|endoftext|>",
952,validPerPosition,,False,5,|MASK||signature|signature,<|endoftext|>,"<|endoftext|>|   [MASK]<|endoftext|>|<|endoftext|>|signature.get(i) == DataType.MAP && i > 0) {
                invalid = true;
|  signature, positionalErrorMessageSupplier);
        } catch (IllegalStateException e) {
            // This means",
953,contexts,MASK,False,3,MASK|MASK|MASK,  [MASK]<|endoftext|>,  [MASK]<|endoftext|>| MASK <|file_sep|><|fim_prefix|>/x-pack/plugin/src/test/java/org/elasticsearch/xpack/security/transport/ssl|MASK <|endoftext|>,
954,latch,MASK,False,3,MASK||,  [MASK]<|endoftext|>,  [MASK]<|endoftext|>|<|endoftext|>|  <|endoftext|>,
955,vVector,,False,11,|null|MASK|MASK|MASK|MASK|MASK|MASK|MASK|MASK|MASK,<|endoftext|>,"<|endoftext|>|== null) {
      maybeEnableGroupIdTracking(seenGroupIds, vBlock);
      return new|[MASK]<|endoftext|>|[MASK]<|endoftext|>|MASK<|endoftext|>|[MASK]<|endoftext|>|MASK <|endoftext|>|[MASK]<|endoftext|>|MASK<|endoftext|>|MASK<|endoftext|>|MASK<|endoftext|>",
956,listener,,False,2,|onResponse, <|endoftext|>," <|endoftext|>|   .onResponse(
            new ClusterGetSettingsAction.Response(
                settingsFilter.filter(metadata.persistentSettings",
957,velocityY,MASK,False,16,MASK|MASK|MASK|MASK|MASK|MASK|MASK|MASK|true|FadeScrollBars|fadeScrollBars|Bars|MASK|MASK|MASK|MASK,"[MASK]  ;
	private float flingDistance = 100, flingDistanceX","[MASK]  ;
	private float flingDistance = 100, flingDistanceX|[MASK]<|file_sep|><|fim_prefix|>/README.md
package com.badlogic.gdx.scenes.scene2d.ui;

import|[MASK]<|endoftext|>|MASK );
				}
			}

			public void zoom (InputEvent event, float initialDistance|[MASK]  *   [MASK]  *   [MASK]  *   [MASK|[MASK]  = 0;
			if (amountX == maxX + overscrollDistance)|[MASK]  = 0;
			if (amountX == maxX + overscrollDistance)| MASK<|endoftext|>| true, the scrollbars will fade out when not scrolling. Default is true. */
	public void set|FadeScrollBars (boolean fadeScrollBars) {
		this.fadeScrollBars = fadeScrollBars;
|.fadeScrollBars = fadeScrollBars;
		if (fadeScrollBars) {
			addListener(f|Bars;
		if (fadeScrollBars) {
			fadeAlpha = fadeAlphaSeconds;
		| [MASK] <|endoftext|>| [MASK]<|endoftext|>| MASK<|endoftext|>| MASK<|endoftext|>",
958,outputSurfaceInfo,surfaceInfo,False,1,surfaceInfo,"surfaceInfo);

  /**
   * Returns the {@link SurfaceInfo} of the output surface.
  ","surfaceInfo);

  /**
   * Returns the {@link SurfaceInfo} of the output surface.
  ",
959,invocation,.  .  .  .  .  .  .  .  .  .,False,5,.  .  .  .  .  .  .  .  .  .|MASK|MASK|MASK|MASK,  .  .  .  .  .  .  .  .  .  .,  .  .  .  .  .  .  .  .  .  .|[MASK]<|endoftext|>|[MASK]<|endoftext|>|[MASK]<|endoftext|>|MASK<|endoftext|>,
960,builder,builder,True,7,builder|MASK|MASK|MASK|MASK|MASK|builder,builder<|endoftext|>,builder<|endoftext|>|[MASK]<|endoftext|>|[MASK]<|endoftext|>|[MASK]<|endoftext|>|MASK<|endoftext|>|MASK<|endoftext|>|builder<|endoftext|>,
961,resolverUtil,,False,3,||getTestClasses,            <|endoftext|>,"            <|endoftext|>|<|endoftext|>|.getTestClasses();
    for (Class<?> type : typeSet) {
      // Ignore inner classes",
962,element,MASK,False,5,MASK|MASK|MASK|MASK|element,[MASK]<|endoftext|>,[MASK]<|endoftext|>|MASK<|endoftext|>|MASK<|endoftext|>|MASK<|endoftext|>|element<|endoftext|>,
963,carry,MASK,False,9,MASK|MASK|MASK|MASK|MASK|if|MASK|if|fim_pad," [MASK]  = true;  //add 1 to lowest order part.
      boolean max"," [MASK]  = true;  //add 1 to lowest order part.
      boolean max|MASK  || maxIndex <|fim_pad|><|fim_pad|><|fim_pad|><|fim_pad|><|fim_pad|><|fim_pad|><|fim_pad|><|fim_pad|><|fim_pad|><|fim_pad|><|fim_pad|><|fim_pad|><|fim_pad|><|fim_pad|>|[MASK]  = false;
            } else {
               testPartsIndex[testPartsIndexIndex]|MASK<|fim_pad|><|fim_pad|><|fim_pad|><|fim_pad|><|fim_pad|><|fim_pad|><|fim_pad|><|fim_pad|><|fim_pad|><|fim_pad|><|fim_pad|><|fim_pad|><|fim_pad|><|fim_pad|><|fim_pad|><|fim_pad|><|fim_pad|><|fim_pad|><|fim_pad|>|   [MASK]<|fim_pad|><|fim_pad|><|fim_pad|><|fim_pad|><|fim_pad|><|fim_pad|><|fim_pad|><|fim_pad|><|fim_pad|><|fim_pad|><|fim_pad|><|fim_pad|><|fim_pad|><|fim_pad|><|fim_pad|><|fim_pad|>|if (testPartsIndexIndex > 0) {
             [MASK] Msg.append(',');
         }
|[MASK]<|endoftext|>|if (testPartsIndexIndex < testPartsIndex.length - 1) {
                 MASK Msg.append|  <|fim_pad|><|fim_pad|><|fim_pad|><|fim_pad|><|fim_pad|><|fim_pad|><|fim_pad|><|fim_pad|><|fim_pad|><|fim_pad|><|fim_pad|><|fim_pad|><|fim_pad|><|fim_pad|><|fim_pad|><|fim_pad|><|fim_pad|><|fim_pad|><|fim_pad|>",
964,pIgnoreExceptions,,False,3,||,<|endoftext|>,<|endoftext|>|<|endoftext|>| <|endoftext|>,
965,errorMessage,MASK,False,18,MASK|MASK|MASK|MASK|MASK|MASK|MASK|MASK|MASK|MASK|MASK|MASK|MASK|MASK|MASK|MASK|MASK|MASK, [MASK]<|endoftext|>," [MASK]<|endoftext|>|[MASK]<|endoftext|>| MASK <|endoftext|>|[MASK]<|endoftext|>|[MASK]<|endoftext|>|[MASK] );
            }
        } else if (tuple.toLocalizedPattern != null || tuple.to|[MASK]<|endoftext|>|MASK  != null) {
                result.append( MASK );
            }
        } else if (tuple|[MASK] );
            }
        } else if (tuple.parse != null && tuple.output != null|[MASK]<|endoftext|>|[MASK]<|endoftext|>|[ MASK ] );
            }
        } else if (tuple.parse != null && tuple.output != null|[MASK]<|endoftext|>|MASK<|endoftext|>|MASK<|endoftext|>|MASK<|endoftext|>|MASK<|endoftext|>|MASK<|endoftext|>",
966,nameAndTypeItemOffset,MASK,False,10,MASK|MASK|MASK|MASK|MASK|MASK|MASK|MASK|MASK|MASK,[MASK] <|fim_pad|><|fim_pad|><|fim_pad|><|fim_pad|><|fim_pad|><|fim_pad|><|fim_pad|><|fim_pad|><|fim_pad|><|fim_pad|><|fim_pad|><|fim_pad|><|fim_pad|><|fim_pad|><|fim_pad|><|fim_pad|>,"[MASK] <|fim_pad|><|fim_pad|><|fim_pad|><|fim_pad|><|fim_pad|><|fim_pad|><|fim_pad|><|fim_pad|><|fim_pad|><|fim_pad|><|fim_pad|><|fim_pad|><|fim_pad|><|fim_pad|><|fim_pad|><|fim_pad|>|[MASK]  =
              classReader.getItem(classReader.readUnsignedShort(itemOffset + 2));
|[MASK] , charBuffer),
              classReader.readUTF8( [MASK]  + | MASK  + 2, charBuffer));
          break;
        case Symbol.CONSTANT_INTEGER_TAG|[MASK]  =
              classReader.getItem(classReader.readUnsignedShort(memberRefItemOffset + |[MASK] <|fim_pad|><|fim_pad|><|fim_pad|><|fim_pad|><|fim_pad|><|fim_pad|><|fim_pad|><|fim_pad|><|fim_pad|><|fim_pad|><|fim_pad|><|fim_pad|><|fim_pad|><|fim_pad|><|fim_pad|><|fim_pad|>|MASK<|endoftext|>|MASK<|fim_pad|><|fim_pad|><|fim_pad|><|fim_pad|><|fim_pad|><|fim_pad|><|fim_pad|><|fim_pad|><|fim_pad|><|fim_pad|><|fim_pad|><|fim_pad|><|fim_pad|><|fim_pad|><|fim_pad|><|fim_pad|><|fim_pad|><|fim_pad|><|fim_pad|>|MASK , charBuffer),
              classReader.readUTF8( [MASK]  + 2,|MASK  + 2, charBuffer),
              classReader.readUnsignedShort(itemOffset));
          break",
967,columnMatcher,,False,9,|MASK|MASK|MASK|MASK|MASK|MASK||MASK,<|endoftext|>,<|endoftext|>|[MASK]<|endoftext|>|[MASK]<|endoftext|>|[MASK]<|endoftext|>|MASK<|endoftext|>|[MASK]<|endoftext|>|[MASK]<|endoftext|>|<|endoftext|>|MASK <|endoftext|>,
968,androidMorEarlier,MASK,False,7,MASK|MASK|MASK|MASK|MASK|MASK|MASK,[MASK]<|endoftext|>,[MASK]<|endoftext|>|[MASK]<|endoftext|>|[MASK]<|endoftext|>|[MASK]<|endoftext|>|! MASK<|endoftext|>|MASK<|endoftext|>|MASK<|endoftext|>,
969,concurrencyCompensation,concurrencyCompensation,True,2,concurrencyCompensation|Math,          concurrencyCompensation<|endoftext|>,"          concurrencyCompensation<|endoftext|>|Math.pow(qBar, queueAdjustmentFactor) / (1 + Math.pow(qBar, queue",
970,clusterer,MASK,False,8,MASK|MASK|MASK|MASK|MASK|MASK|MASK|MASK,  [MASK]<|endoftext|>,"  [MASK]<|endoftext|>|[MASK]<|endoftext|>|[MASK]<|endoftext|>| MASK .getJsonRepresentation()<|endoftext|>|MASK Json);
    }

    @Test
    public void testSerializeBinningClustererWithN|[MASK]<|endoftext|>|MASK <|endoftext|>| MASK<|endoftext|>",
971,targetClass,MASK,False,3,MASK|MASK|MASK,[MASK]<|endoftext|>,[MASK]<|endoftext|>|MASK.getName()<|file_sep|><|fim_prefix|>/spring-web/src/main/java/org/springframework/web/servlet/config/|MASK<|endoftext|>,
972,maxLength,maxLength,True,2,maxLength|maxLength,"maxLength) {
    String md5 = getMD5(input);
    if (md5.length","maxLength) {
    String md5 = getMD5(input);
    if (md5.length|maxLength);
    }
    byte[] messageDigest = md.digest(input.getBytes());
    StringBuilder sb = new",
973,apiKey,MASK,False,12,MASK|MASK|MASK|MASK|MASK|MASK|MASK|MASK|MASK|MASK|MASK|MASK,[MASK]<|endoftext|>,[MASK]<|endoftext|>|[MASK]<|endoftext|>|[MASK]<|endoftext|>|MASK<|endoftext|>|[MASK]<|endoftext|>|MASK<|endoftext|>|[MASK]<|endoftext|>|MASK<|endoftext|>|[MASK]<|endoftext|>|MASK<|endoftext|>|MASK<|endoftext|>|MASK<|endoftext|>,
974,thisModuleExports,moduleClasses,False,2,moduleClasses|moduleClasses,"moduleClasses = kv.getValue();
                    var moduleExports<|endoftext|>","moduleClasses = kv.getValue();
                    var moduleExports<|endoftext|>|moduleClasses);
                } else {
                    c.accept(
                        moduleName,
                        kv.getValue(),
                        Collections",
975,withNulls,MASK,False,4,MASK|MASK|MASK|MASK, [MASK]<|endoftext|>, [MASK]<|endoftext|>|[MASK]<|endoftext|>|MASK<|endoftext|>| MASK <|fim_pad|><|fim_pad|><|fim_pad|><|fim_pad|><|fim_pad|><|fim_pad|><|fim_pad|><|fim_pad|><|fim_pad|><|fim_pad|><|fim_pad|><|fim_pad|><|fim_pad|><|fim_pad|><|fim_pad|><|fim_pad|><|fim_pad|><|fim_pad|>,
976,globalCheckpoint,MASK,False,9,"MASK|if|0, 10000000000000000|MASK|MASK|MASK|replicaShard|MASK|MASK",[MASK]<|endoftext|>,"[MASK]<|endoftext|>|if (randomBoolean()) {
                    primaryShard.flush(new FlushRequest());
                }
                if (|0, 10000000000000000|[MASK]<|endoftext|>|MASK );
            }
            if (randomBoolean()) {
                primaryShard.flush(new FlushRequest());
|[MASK]<|endoftext|>|replicaShard.getLastKnownGlobalCheckpoint()<|endoftext|>| MASK<|endoftext|>| MASK<|endoftext|>",
977,separator,MASK,False,5,MASK|MASK|MASK|MASK|MASK,MASK}<|fim_pad|><|fim_pad|><|fim_pad|><|fim_pad|><|fim_pad|><|fim_pad|><|fim_pad|><|fim_pad|><|fim_pad|><|fim_pad|><|fim_pad|><|fim_pad|><|fim_pad|><|fim_pad|><|fim_pad|><|fim_pad|><|fim_pad|><|fim_pad|>,"MASK}<|fim_pad|><|fim_pad|><|fim_pad|><|fim_pad|><|fim_pad|><|fim_pad|><|fim_pad|><|fim_pad|><|fim_pad|><|fim_pad|><|fim_pad|><|fim_pad|><|fim_pad|><|fim_pad|><|fim_pad|><|fim_pad|><|fim_pad|><|fim_pad|>|  [MASK] <|fim_pad|><|fim_pad|><|fim_pad|><|fim_pad|><|fim_pad|><|fim_pad|><|fim_pad|><|fim_pad|><|fim_pad|><|fim_pad|><|fim_pad|><|fim_pad|><|fim_pad|><|fim_pad|><|fim_pad|>|MASK<|fim_pad|><|fim_pad|><|fim_pad|><|fim_pad|><|fim_pad|><|fim_pad|><|fim_pad|><|fim_pad|><|fim_pad|><|fim_pad|><|fim_pad|><|fim_pad|><|fim_pad|><|fim_pad|><|fim_pad|><|fim_pad|><|fim_pad|><|fim_pad|><|fim_pad|>|MASK );
    if (array.length == 0) {
      return """";
    }

    // For| MASK <|fim_pad|><|fim_pad|><|fim_pad|><|fim_pad|><|fim_pad|><|fim_pad|><|fim_pad|><|fim_pad|><|fim_pad|><|fim_pad|><|fim_pad|><|fim_pad|><|fim_pad|><|fim_pad|><|fim_pad|><|fim_pad|><|fim_pad|><|fim_pad|>",
978,parsedHeuristic,MASK,False,5,MASK|MASK|MASK||MASK,"[MASK] ;
                try (XContentParser stParser = createParser(JsonXContent.jsonX","[MASK] ;
                try (XContentParser stParser = createParser(JsonXContent.jsonX|[MASK]<|endoftext|>|[MASK]  = parseSignificanceHeuristic(stBuilder.internalXContent(stXContentBuilder,| <|endoftext|>|MASK<|endoftext|>",
979,otherSettings,MASK,False,2,MASK|MASK,[MASK]  [MASK]  [MASK]  [MASK]  [MASK] ,"[MASK]  [MASK]  [MASK]  [MASK]  [MASK] |MASK ))
            .put(TransportSettings.TCP_NO_DELAY.getKey(), true)
            .put(",
980,expectedMap,,False,5,|MASK|MASK|MASK|MASK,<|endoftext|>,"<|endoftext|>|[MASK]<|endoftext|>|[MASK] <|endoftext|>|MASK
                  <|endoftext|>|MASK<|endoftext|>",
981,classes,classes,True,2,classes|classes,"classes = Collections.class.getDeclaredClasses();
            Map<String, String> env = System.getenv();
            for","classes = Collections.class.getDeclaredClasses();
            Map<String, String> env = System.getenv();
            for|classes<|endoftext|>",
982,nullability,MASK,False,4,MASK|MASK|MASK|MASK,[MASK]<|endoftext|>,[MASK]<|endoftext|>|[MASK]<|endoftext|>|MASK<|endoftext|>| MASK<|endoftext|>,
983,metaAnnotation,,False,12,||||MASK|MASK|MASK|MASK|MASK|MASK|MASK|MASK, <|endoftext|>," <|endoftext|>|<|endoftext|>|<|endoftext|>|<|endoftext|>|[MASK]<|endoftext|>| [MASK] , null, true, visitedAnnotationTypes<|endoftext|>|[MASK]<|endoftext|>|[MASK] <|endoftext|>|MASK<|endoftext|>|[ MASK]<|endoftext|>|MASK <|endoftext|>| MASK <|endoftext|>",
984,fieldsProducers,MASK,False,7,MASK|MASK|MASK|MASK|MASK|MASK|MASK, [MASK]<|endoftext|>," [MASK]<|endoftext|>|[MASK]<|endoftext|>|[MASK]<|endoftext|>|[MASK]<|endoftext|>|[MASK]<|endoftext|>| MASK<|endoftext|>| MASK ,
            in.storedFieldsFormat,
            in.termVectorsFormat,
            in.normsFormat",
985,returnType,MASK,False,6,MASK|MASK|MASK|MASK|MASK|MASK,[MASK]<|endoftext|>,[MASK]<|endoftext|>|[MASK]<|endoftext|>|[MASK]<|endoftext|>|MASK<|endoftext|>|MASK<|endoftext|>|MASK<|endoftext|>,
986,object,fim_pad,False,7,fim_pad|instances|object|object|object|object|object, <|fim_pad|><|fim_pad|><|fim_pad|><|fim_pad|><|fim_pad|><|fim_pad|><|fim_pad|><|fim_pad|><|fim_pad|><|fim_pad|><|fim_pad|><|fim_pad|><|fim_pad|><|fim_pad|><|fim_pad|><|fim_pad|><|fim_pad|><|fim_pad|><|fim_pad|>," <|fim_pad|><|fim_pad|><|fim_pad|><|fim_pad|><|fim_pad|><|fim_pad|><|fim_pad|><|fim_pad|><|fim_pad|><|fim_pad|><|fim_pad|><|fim_pad|><|fim_pad|><|fim_pad|><|fim_pad|><|fim_pad|><|fim_pad|><|fim_pad|><|fim_pad|>|instances,
   * so it is possible for the returned list to contain multiple instances of the same element|object [MASK]<|endoftext|>|object<|endoftext|>|object<|endoftext|>|object <|file_sep|><|fim_prefix|>/external/com_google_guava/guava/src/com/google/common/collect|object<|endoftext|>",
987,initial,serializable,False,3,serializable|serializable|serializable,serializable<|endoftext|>,serializable<|endoftext|>|serializable<|endoftext|>|serializable<|endoftext|>,
988,source,,False,22,|MASK|MASK|MASK|MASK|MASK|MASK|MASK|MASK|MASK|MASK|MASK|MASK|MASK|MASK|MASK|MASK|MASK|MASK|MASK|MASK|MASK, <|endoftext|>, <|endoftext|>|[MASK]<|endoftext|>|MASK<|endoftext|>|[MASK]<|endoftext|>|[MASK]<|endoftext|>|[MASK]<|endoftext|>|MASK<|endoftext|>|[MASK]<|endoftext|>|MASK<|endoftext|>|[MASK]<|endoftext|>|MASK<|endoftext|>| MASK <|endoftext|>|MASK<|endoftext|>|[MASK]<|endoftext|>|MASK<|endoftext|>|MASK<|endoftext|>|MASK<|endoftext|>|MASK<|endoftext|>|[MASK]<|endoftext|>|[MASK]<|endoftext|>|MASK<|endoftext|>|MASK<|endoftext|>,
989,onScriptError,[,False,6,[|MASK|MASK|MASK|MASK|MASK,[<|endoftext|>,"[<|endoftext|>|[MASK]<|endoftext|>|MASK<|endoftext|>|[ MASK ] , LeafReaderContext ctx);
    }

    public static Factory newContext(String name,|MASK<|endoftext|>|MASK<|endoftext|>",
990,inferenceEntityId,chunkingSettings,False,2,chunkingSettings|id,"chunkingSettings
    ) {
        return new OpenAiEmbeddingsModel(
            ""id"",
","chunkingSettings
    ) {
        return new OpenAiEmbeddingsModel(
            ""id"",
|   ""id""<|endoftext|>",
991,allULocales,fp,False,3,fp|u0159|LLL," ""fp"", ""1970 10 01 0:00:"," ""fp"", ""1970 10 01 0:00:|:00:00"", ""\u0159\u00EDj"",       | ""LLL"", ""fp"", ""1970 11 01 0:",
992,params,params,True,1,params,params<|endoftext|>,params<|endoftext|>,
993,minutesStr,Locale,False,6,Locale|PDT|PDT|PDT|vv|vvv,"Locale(""en@numbers=hanidays""));
                fmt.setNumberFormat(field.charAt(0),","Locale(""en@numbers=hanidays""));
                fmt.setNumberFormat(field.charAt(0),| ""2011/7/1 12:34:00 PDT"",|011/7/1 12:34:00 PDT"", "" Foo|4:00 PDT"", "" Foo""),
            new ParseTestData(""y/M/d H:mm:ss|vv"", ""2011/7/1 12:34:00|vvv"", ""10:21 Pacific Time""),
            new ParseTestData(""HH:mm v",
994,decompressedSize,decompressedSize,True,2,decompressedSize|decompressedSize,"decompressedSize = Math.max(2, 2 * len);
        char[] decompressed =","decompressedSize = Math.max(2, 2 * len);
        char[] decompressed =|decompressedSize<|fim_pad|><|fim_pad|><|fim_pad|><|fim_pad|><|fim_pad|><|fim_pad|><|fim_pad|><|fim_pad|><|fim_pad|><|fim_pad|><|fim_pad|><|fim_pad|><|fim_pad|><|fim_pad|><|fim_pad|><|fim_pad|><|fim_pad|>",
995,chunkingSettingsMap,chunkingSettingsMap,True,2,chunkingSettingsMap|chunkingSettingsMap,      chunkingSettingsMap  <|fim_pad|><|fim_pad|><|fim_pad|><|fim_pad|><|fim_pad|><|fim_pad|><|fim_pad|><|fim_pad|><|fim_pad|><|fim_pad|><|fim_pad|><|fim_pad|><|fim_pad|><|fim_pad|>,"      chunkingSettingsMap  <|fim_pad|><|fim_pad|><|fim_pad|><|fim_pad|><|fim_pad|><|fim_pad|><|fim_pad|><|fim_pad|><|fim_pad|><|fim_pad|><|fim_pad|><|fim_pad|><|fim_pad|><|fim_pad|>|chunkingSettingsMap );
            return new ChunkScorerConfig(size, inferenceText, chunkingSettings",
996,distance,MASK,False,12,MASK|MASK|MASK|MASK|MASK|MASK|MASK|MASK|MASK|MASK|MASK|MASK,"MASK"" places, so that the first element is
   * moved to index "" [MASK]","MASK"" places, so that the first element is
   * moved to index "" [MASK]|MASK "" places, so that the element at index {@code i} ends up at index {@code|MASK }<|endoftext|>|[MASK]<|endoftext|>|[MASK]<|endoftext|>|[MASK]<|endoftext|>|MASK<|endoftext|>|MASK<|endoftext|>|MASK<|endoftext|>|MASK<|endoftext|>|MASK ) % length, a non-negative value less than ""length"". This is how many
   | MASK<|endoftext|>",
997,contentSupplier,MASK,False,2,MASK|MASK,[MASK]<|endoftext|>,"[MASK]<|endoftext|>|MASK.get()
                   <|endoftext|>",
998,options,remote,False,16,remote|MASK|MASK|MASK|MASK|MASK|MASK|MASK|MASK|MASK|MASK|MASK|MASK|addOptionsClasses|MASK|interceptors,"remote.outputservice.OutputServiceGrpc;
import com.google.devtools.build.lib.remote.util.DigestUtil","remote.outputservice.OutputServiceGrpc;
import com.google.devtools.build.lib.remote.util.DigestUtil|[MASK] .OptionsClassProvider;
import com.google.devtools.common. [MASK] .Options|MASK<|fim_pad|><|fim_pad|><|fim_pad|><|fim_pad|><|fim_pad|><|fim_pad|><|fim_pad|><|fim_pad|><|fim_pad|><|fim_pad|><|fim_pad|><|fim_pad|><|fim_pad|><|fim_pad|><|fim_pad|><|fim_pad|><|fim_pad|><|fim_pad|><|fim_pad|>|MASK<|fim_pad|><|fim_pad|><|fim_pad|><|fim_pad|><|fim_pad|><|fim_pad|><|fim_pad|><|fim_pad|><|fim_pad|><|fim_pad|><|fim_pad|><|fim_pad|><|fim_pad|><|fim_pad|><|fim_pad|><|fim_pad|><|fim_pad|><|fim_pad|><|fim_pad|>| [MASK]  = mock(OptionsParsingResult.class);
    when( [MASK] .get|[MASK] .getOptions(Options.class)).thenReturn(  [MASK] );
    when(|[MASK]<|endoftext|>|[MASK] .getOptions(RemoteOptions.class)).thenReturn(remoteOptions);
    when( [|[MASK] .getOptions(RemoteOptions.class)).thenReturn(remoteOptions);
    when( [|[MASK] .getOptions(ExecutionOptions.class)).thenReturn(executionOptions);
    when( [|[MASK]<|endoftext|>| MASK .getOptions(RemoteOptions.class)).thenReturn(remoteOptions);
    when( MASK .get|MASK<|fim_pad|><|fim_pad|><|fim_pad|><|fim_pad|><|fim_pad|><|fim_pad|><|fim_pad|><|fim_pad|><|fim_pad|><|fim_pad|><|fim_pad|><|fim_pad|><|fim_pad|><|fim_pad|><|fim_pad|><|fim_pad|><|fim_pad|><|fim_pad|><|fim_pad|>|addOptionsClasses(Options.class)).build( MASK );
    remoteOptions.remoteInstanceName = ""instance| MASK ,
        /* commandName= */ ""build"",
        /* commandArgs= */ ImmutableList.of(),
|interceptors) ->
            InProcessChannelBuilder.forName(target).directExecutor().build());
    remoteModule",
999,newXml,newXml,True,4,newXml|newXml|oldXml|oldXml,newXml <|fim_pad|><|fim_pad|><|fim_pad|><|fim_pad|><|fim_pad|><|fim_pad|><|fim_pad|><|fim_pad|><|fim_pad|><|fim_pad|><|fim_pad|><|fim_pad|><|fim_pad|><|fim_pad|><|fim_pad|><|fim_pad|><|fim_pad|>,"newXml <|fim_pad|><|fim_pad|><|fim_pad|><|fim_pad|><|fim_pad|><|fim_pad|><|fim_pad|><|fim_pad|><|fim_pad|><|fim_pad|><|fim_pad|><|fim_pad|><|fim_pad|><|fim_pad|><|fim_pad|><|fim_pad|><|fim_pad|>|newXml
                    || !oldAndroidManifest.apkMeta.equals(newAndroidManifest.apkMeta)|oldXml<|fim_pad|><|fim_pad|><|fim_pad|><|fim_pad|><|fim_pad|><|fim_pad|><|fim_pad|><|fim_pad|><|fim_pad|><|fim_pad|><|fim_pad|><|fim_pad|><|fim_pad|><|fim_pad|><|fim_pad|><|fim_pad|><|fim_pad|><|fim_pad|>|oldXml Doc.getRootElement();
                final String packageName = newRootNode.attributeValue(XML_NODEATTR_PACKAGE",
