id,ground_truth,prediction,correct,mask_count,all_predictions,raw_prediction,all_raw_predictions,error
0,decodedCapacity,MASK,False,2,MASK|MASK,[MASK] <|endoftext|>,[MASK] <|endoftext|>|MASK * 3<|endoftext|>,
1,canExclude,MASK,False,4,MASK|MASK|MASK|MASK,"[MASK]  = false;
    for (int i = 0; i < length &&","[MASK]  = false;
    for (int i = 0; i < length &&|[MASK] <|endoftext|>| [MASK] <|endoftext|>| MASK <|endoftext|>",
2,expectedIndexName,MASK,False,4,MASK|MASK|MASK|MASK,[MASK] <|endoftext|>,[MASK] <|endoftext|>|MASK<|endoftext|>|[MASK]<|endoftext|>|MASK<|endoftext|>,
3,style,MASK,False,61,MASK|MASK|MASK|MASK|MASK|fim_pad|MASK|MASK|MASK|MASK|fim_pad|MASK|MASK|MASK|fim_pad|MASK|MASK|MASK|MASK|MASK|MASK|MASK|MASK|() {|scrollY|is|. */|crollSpeedMin|crollSpeedMax|in|for|forceScrollY|void|If|that|fadeScrollBars|fadeDelaySeconds|return|pane|Touch|the|onTop|OnTop|Knobs|scroll|MASK|MASK|MASK|MASK|MASK|MASK|MASK|MASK|ScrollPaneStyle|MASK|MASK|MASK|MASK|MASK|MASK|MASK, [MASK] <|endoftext|>," [MASK] <|endoftext|>| [MASK]<|endoftext|>|MASK]<|endoftext|>| [MASK]<|fim_pad|><|fim_pad|><|fim_pad|><|fim_pad|><|fim_pad|><|fim_pad|><|fim_pad|><|fim_pad|><|fim_pad|><|fim_pad|><|fim_pad|><|fim_pad|><|fim_pad|><|fim_pad|><|fim_pad|><|fim_pad|><|fim_pad|>| [MASK]<|fim_pad|><|fim_pad|><|fim_pad|><|fim_pad|><|fim_pad|><|fim_pad|><|fim_pad|><|fim_pad|><|fim_pad|><|fim_pad|><|fim_pad|><|fim_pad|><|fim_pad|><|fim_pad|><|fim_pad|><|fim_pad|><|fim_pad|>|<|fim_pad|><|fim_pad|><|fim_pad|><|fim_pad|><|fim_pad|><|fim_pad|><|fim_pad|><|fim_pad|><|fim_pad|><|fim_pad|><|fim_pad|><|fim_pad|><|fim_pad|><|fim_pad|><|fim_pad|><|fim_pad|><|fim_pad|><|fim_pad|><|fim_pad|><|fim_pad|>| [MASK]<|fim_pad|><|fim_pad|><|fim_pad|><|fim_pad|><|fim_pad|><|fim_pad|><|fim_pad|><|fim_pad|><|fim_pad|><|fim_pad|><|fim_pad|><|fim_pad|><|fim_pad|><|fim_pad|><|fim_pad|><|fim_pad|><|fim_pad|>| MASK<|endoftext|>|MASK<|endoftext|>|[MASK]<|endoftext|>|<|fim_pad|><|fim_pad|><|fim_pad|><|fim_pad|><|fim_pad|><|fim_pad|><|fim_pad|><|fim_pad|><|fim_pad|><|fim_pad|><|fim_pad|><|fim_pad|><|fim_pad|><|fim_pad|><|fim_pad|><|fim_pad|><|fim_pad|><|fim_pad|><|fim_pad|><|fim_pad|>|MASK<|fim_pad|><|fim_pad|><|fim_pad|><|fim_pad|><|fim_pad|><|fim_pad|><|fim_pad|><|fim_pad|><|fim_pad|><|fim_pad|><|fim_pad|><|fim_pad|><|fim_pad|><|fim_pad|><|fim_pad|><|fim_pad|><|fim_pad|><|fim_pad|><|fim_pad|>|MASK<|endoftext|>|[MASK] <|fim_pad|><|fim_pad|><|fim_pad|><|fim_pad|><|fim_pad|><|fim_pad|><|fim_pad|><|fim_pad|><|fim_pad|><|fim_pad|><|fim_pad|><|fim_pad|><|fim_pad|><|fim_pad|><|fim_pad|><|fim_pad|>| fim_pad<|fim_pad|><|fim_pad|><|fim_pad|><|fim_pad|><|fim_pad|><|fim_pad|><|fim_pad|><|fim_pad|><|fim_pad|><|fim_pad|><|fim_pad|><|fim_pad|><|fim_pad|><|fim_pad|><|fim_pad|><|fim_pad|><|fim_pad|><|fim_pad|>|MASK<|endoftext|>|MASK<|fim_pad|><|fim_pad|><|fim_pad|><|fim_pad|><|fim_pad|><|fim_pad|><|fim_pad|><|fim_pad|><|fim_pad|><|fim_pad|><|fim_pad|><|fim_pad|><|fim_pad|><|fim_pad|><|fim_pad|><|fim_pad|><|fim_pad|><|fim_pad|><|fim_pad|>|MASK<|fim_pad|><|fim_pad|><|fim_pad|><|fim_pad|><|fim_pad|><|fim_pad|><|fim_pad|><|fim_pad|><|fim_pad|><|fim_pad|><|fim_pad|><|fim_pad|><|fim_pad|><|fim_pad|><|fim_pad|><|fim_pad|><|fim_pad|><|fim_pad|><|fim_pad|>|MASK<|fim_pad|><|fim_pad|><|fim_pad|><|fim_pad|><|fim_pad|><|fim_pad|><|fim_pad|><|fim_pad|><|fim_pad|><|fim_pad|><|fim_pad|><|fim_pad|><|fim_pad|><|fim_pad|><|fim_pad|><|fim_pad|><|fim_pad|><|fim_pad|><|fim_pad|>|[MASK]<|fim_pad|><|fim_pad|><|fim_pad|><|fim_pad|><|fim_pad|><|fim_pad|><|fim_pad|><|fim_pad|><|fim_pad|><|fim_pad|><|fim_pad|><|fim_pad|><|fim_pad|><|fim_pad|><|fim_pad|><|fim_pad|><|fim_pad|>|MASK<|endoftext|>| [MASK]<|endoftext|>|MASK<|fim_pad|><|fim_pad|><|fim_pad|><|fim_pad|><|fim_pad|><|fim_pad|><|fim_pad|><|fim_pad|><|fim_pad|><|fim_pad|><|fim_pad|><|fim_pad|><|fim_pad|><|fim_pad|><|fim_pad|><|fim_pad|><|fim_pad|><|fim_pad|><|fim_pad|>| () {
		return !scrollY || amountY >= maxY;
	}

	public boolean isBottomEdge| !scrollY || amountY >= maxY;
	}

	/** Returns true if the scroll pane is| * is 50 pixels and 30 seconds. */
	public void setOverscrollDistance|. */
	public void setOverscrollDistance (float distance, float speed) {
		this.|crollSpeedMin = speedMin;
		overscrollSpeedMax = speedMax;
	}

	|crollSpeedMax = speedMax;
	}

	/** If true, the scrollbars will fade out| in a direction. This can be useful when using {@link #setOverscroll(boolean, boolean|for flick scroll) in a direction. This can be useful
	 * when an actor is known|	forceScrollY = y;
	}

	/** If true, the scrollbars are visible only| void setScrollbarsOnTop (boolean onTop) {
		if (scrollbarsOnTop ==|/** If true, the scrollbars are hidden when not scrolling. */
	public void setFadeScrollBars| that a fling is animated. Default is 1. */
	public void setFlingTime (|fadeScrollBars) fadeAlpha = fadeAlphaSeconds;
	}

	/** When true the scrollbars| fadeDelaySeconds;
	}

	/** When true the scrollbars will be on top of the content|	return fadeScrollBars;
	}

	/** When true the scrollbars are on top of the content| pane will not respond to touch events. Default is true. */
	public void setScrollingEnabled (|Touch (boolean scrollBarTouch) {
		this.scrollBarTouch = scrollBarTouch;
	}

| * the bounds of the scroll pane. */
	public void setScrollActorX (boolean scrollActorX| onTop) {
		if (scrollbarsOnTop == onTop) return;
		scrollbars|OnTop;
	}

	public boolean getScrollbarsOnTop () {
		return scrollbarsOnTop|Knobs () {
		return variableSizeKnobs;
	}

	/** If true, the scroll| scroll bar knobs are sized based on the proportion of the content size to the scroll pane size. If|[MASK]<|endoftext|>|[MASK]<|endoftext|>|[MASK]<|endoftext|>| MASK]<|endoftext|>|[MASK]<|endoftext|>|[MASK]<|endoftext|>|[MASK]<|endoftext|>| MASK<|endoftext|>|ScrollPaneStyle} class is used to define how a {@link ScrollPane} is decorated, it allows|[MASK] <|endoftext|>|[MASK]<|endoftext|>|MASK<|endoftext|>|[MASK]<|endoftext|>|MASK<|endoftext|>|MASK<|endoftext|>|MASK<|file_sep|><|fim_prefix|>/core/src/com/brashmonkey/spriter/animation/Animation.java
package",
4,methodHandlesLookup,MASK,False,5,MASK|MASK|MASK|MASK|MASK, [MASK] <|endoftext|>," [MASK] <|endoftext|>|[MASK]<|file_sep|><|fim_prefix|>/src/main/java/org/elasticsearch/common/geo/GeoPoint.java
/*
|[MASK]<|endoftext|>|MASK<|endoftext|>|MASK .lookupClass(),
                ""dynamicCast"",
                MethodType.methodType(Object.class, Class.class",
5,nPredicates,MASK,False,12,MASK|MASK|MASK|MASK|MASK|MASK|MASK|MASK|MASK|MASK|MASK|MASK, [MASK]<|endoftext|>, [MASK]<|endoftext|>| [MASK]<|endoftext|>|MASK<|endoftext|>|MASK <|endoftext|>| [MASK]<|endoftext|>| [MASK] <|endoftext|>| [MASK] <|endoftext|>| MASK<|endoftext|>|MASK <|endoftext|>| MASK<|endoftext|>|[MASK]<|endoftext|>|MASK <|endoftext|>,
6,status,MASK,False,8,MASK|MASK|MASK|MASK|MASK|MASK|MASK|MASK, [MASK]<|endoftext|>, [MASK]<|endoftext|>|  [MASK]<|endoftext|>|[MASK]<|endoftext|>| MASK<|endoftext|>| MASK<|endoftext|>|MASK<|endoftext|>| MASK<|endoftext|>| MASK<|endoftext|>,
7,mockXPackLicenseStatus,mockLicenseStatus,False,2,mockLicenseStatus|mockLicenseStatus,mockLicenseStatus<|endoftext|>,"mockLicenseStatus<|endoftext|>|mockLicenseStatus, mockLicenseStatus, mockLicenseStatus, mockLicenseStatus, mockLicenseStatus,",
8,typeClsFullName,MASK,False,2,MASK|MASK,  [MASK] <|endoftext|>,  [MASK] <|endoftext|>|MASK <|endoftext|>,
9,bytes,MASK,False,8,MASK|MASK|MASK|MASK|MASK|MASK|MASK|MASK,[MASK]<|endoftext|>,[MASK]<|endoftext|>|MASK<|endoftext|>|MASK<|endoftext|>| [MASK] <|endoftext|>| MASK<|endoftext|>| MASK <|endoftext|>| MASK<|endoftext|>| MASK<|endoftext|>,
10,restoreId,restoreId,True,3,restoreId|restoreId|restoreId,restoreId <|endoftext|>,restoreId <|endoftext|>|restoreId<|endoftext|>|   restoreId<|endoftext|>,
11,context,context,True,3,context|context|context,context<|endoftext|>,context<|endoftext|>|context .getTestMethod()<|endoftext|>|context<|endoftext|>,
12,cache,MASK,False,20,MASK|MASK|MASK|MASK|MASK|MASK|MASK|NULL|MASK|MASK|MASK|MASK|MASK|MASK|MASK|MASK|MASK|MASK|MASK|MASK,[MASK] .cache<|endoftext|>,"[MASK] .cache<|endoftext|>|[MASK]<|endoftext|>|[MASK] .CacheTesting.checkEmpty;
import static com.google.common. [MASK] .Cache|[MASK]<|endoftext|>|MASK .TestingRemovalListeners.RemovalCause;
import static com.google.common. MASK .Testing|MASK .CacheBuilder;
import com.google.common. MASK .CacheLoader;
import com.google.common.|MASK .LoadingCache;
import com.google.common. MASK .RemovalCause;
import com.google.common|[NULL]  [MASK]  [NULL]  [NULL]  [NULL] | [MASK]<|endoftext|>|MASK <|endoftext|>| MASK <|endoftext|>|[MASK]<|endoftext|>|MASK<|endoftext|>|MASK<|endoftext|>|[MASK]<|endoftext|>| MASK<|endoftext|>|MASK<|endoftext|>|[MASK]<|endoftext|>| MASK <|endoftext|>| MASK <|endoftext|>",
13,relativePath,fim_pad,False,3,fim_pad|fim_pad|fim_pad, <|fim_pad|><|fim_pad|><|fim_pad|><|fim_pad|><|fim_pad|><|fim_pad|><|fim_pad|><|fim_pad|><|fim_pad|><|fim_pad|><|fim_pad|><|fim_pad|><|fim_pad|><|fim_pad|><|fim_pad|><|fim_pad|><|fim_pad|><|fim_pad|><|fim_pad|>, <|fim_pad|><|fim_pad|><|fim_pad|><|fim_pad|><|fim_pad|><|fim_pad|><|fim_pad|><|fim_pad|><|fim_pad|><|fim_pad|><|fim_pad|><|fim_pad|><|fim_pad|><|fim_pad|><|fim_pad|><|fim_pad|><|fim_pad|><|fim_pad|><|fim_pad|>|fim_pad <|fim_pad|><|fim_pad|><|fim_pad|><|fim_pad|><|fim_pad|><|fim_pad|><|fim_pad|><|fim_pad|><|fim_pad|><|fim_pad|><|fim_pad|><|fim_pad|><|fim_pad|><|fim_pad|><|fim_pad|><|fim_pad|>|fim_pad<|fim_pad|><|fim_pad|><|fim_pad|><|fim_pad|><|fim_pad|><|fim_pad|><|fim_pad|><|fim_pad|><|fim_pad|><|fim_pad|><|fim_pad|><|fim_pad|><|fim_pad|><|fim_pad|><|fim_pad|><|fim_pad|><|fim_pad|>,
14,queryBuilder,MASK,False,2,MASK|MASK,  [MASK]  <|endoftext|>,  [MASK]  <|endoftext|>|MASK<|endoftext|>,
15,printer,printer,True,2,printer|printer,"printer
 <|endoftext|>","printer
 <|endoftext|>| printer
          .append(""struct("")
          .append(""label = "")
          .repr(get",
16,sourceBitmapConfig,MASK,False,3,MASK|MASK|MASK, [MASK]<|endoftext|>," [MASK]<|endoftext|>|(MASK<|endoftext|>|MASK
            <|endoftext|>",
17,millis,MASK,False,6,MASK|MASK|MASK|MASK|MASK|MASK,[MASK]<|endoftext|>,[MASK]<|endoftext|>|[MASK]<|endoftext|>|MASK <|endoftext|>|[MASK]<|endoftext|>|MASK<|endoftext|>|MASK<|endoftext|>,
18,numShards,numShards,True,2,numShards|numShards,numShards   <|endoftext|>,numShards   <|endoftext|>|numShards<|endoftext|>,
19,fullSchedule,MASK,False,6,MASK|MASK|MASK|MASK|MASK|MASK, [MASK] <|endoftext|>, [MASK] <|endoftext|>| [MASK]<|endoftext|>|[MASK]<|endoftext|>|[MASK]<|endoftext|>| MASK<|endoftext|>| MASK <|endoftext|>,
20,match,MASK,False,5,MASK|MASK|MASK|MASK|, [MASK] <|endoftext|>, [MASK] <|endoftext|>| [MASK] <|endoftext|>| MASK <|endoftext|>| MASK <|endoftext|>| <|endoftext|>,
21,sectionLength,MASK,False,17,MASK|MASK|MASK|MASK|MASK|MASK|MASK|MASK|MASK|MASK|MASK|MASK|MASK|MASK|MASK|MASK|MASK,[MASK] <|endoftext|>,"[MASK] <|endoftext|>| [MASK] <|endoftext|>|[MASK]<|endoftext|>|[MASK]<|endoftext|>| [MASK] <|endoftext|>| [MASK]<|endoftext|>|MASK]  < 2 || ( [MASK]<|endoftext|>|MASK  - 2;
      if (entryCount > 256) {
        //|MASK<|endoftext|>|MASK ]  < 3) {
        return;
      }
      int id = buffer.readUnsigned| [MASK]<|endoftext|>|MASK<|endoftext|>| MASK  -= 7;
      }

      int position = bitmapData.getPosition();
      int limit =|MASK<|endoftext|>| MASK <|endoftext|>|MASK<|endoftext|>|MASK <|endoftext|>",
22,status,status,True,3,status|status|status,status<|endoftext|>,status<|endoftext|>|status<|endoftext|>| status<|endoftext|>,
23,fooAbs,fim_pad,False,3,fim_pad|fim_pad|fim_pad, <|fim_pad|><|fim_pad|><|fim_pad|><|fim_pad|><|fim_pad|><|fim_pad|><|fim_pad|><|fim_pad|><|fim_pad|><|fim_pad|><|fim_pad|><|fim_pad|><|fim_pad|><|fim_pad|><|fim_pad|><|fim_pad|><|fim_pad|><|fim_pad|><|fim_pad|>, <|fim_pad|><|fim_pad|><|fim_pad|><|fim_pad|><|fim_pad|><|fim_pad|><|fim_pad|><|fim_pad|><|fim_pad|><|fim_pad|><|fim_pad|><|fim_pad|><|fim_pad|><|fim_pad|><|fim_pad|><|fim_pad|><|fim_pad|><|fim_pad|><|fim_pad|>|fim_pad<|endoftext|>|fim_pad <|fim_pad|><|fim_pad|><|fim_pad|><|fim_pad|><|fim_pad|><|fim_pad|><|fim_pad|><|fim_pad|><|fim_pad|><|fim_pad|><|fim_pad|><|fim_pad|><|fim_pad|><|fim_pad|><|fim_pad|><|fim_pad|>,
24,request,,False,2,|, <|endoftext|>, <|endoftext|>| <|endoftext|>,
25,requestUrl,MASK,False,4,MASK|MASK|MASK|MASK, [MASK] <|endoftext|>, [MASK] <|endoftext|>| [MASK]<|endoftext|>|MASK<|endoftext|>|MASK <|endoftext|>,
26,cmcdConfigurationFactory,MASK,False,6,MASK|MASK|MASK|MASK|MASK|MASK, [MASK] <|endoftext|>," [MASK] <|endoftext|>| [MASK]<|endoftext|>|MASK  =
           MASK  == null
              ? null
              : checkNotNull(
                  [|MASK<|endoftext|>|MASK  == null
              ? null
              :  [MASK] .createCmcd| MASK <|endoftext|>",
27,formatBuilder,MASK,False,34,MASK|MASK|MASK|MASK|MASK|MASK|MASK|MASK|MASK|MASK|MASK|MASK|MASK|MASK|MASK|MASK|MASK|MASK|MASK|MASK|MASK|MASK|MASK|MASK|MASK|MASK|MASK|MASK|MASK|MASK|MASK|MASK|MASK|MASK, [MASK]<|endoftext|>," [MASK]<|endoftext|>| [MASK] 
            .setPeakBitrate(mediaDescription.bitrate)
           <|endoftext|>| [MASK] 
          .setRtpPayloadType(rtpPayloadType)
          .setR| [MASK] 
              .setSampleRate(clockRate)
              .setChannelCount(channelCount);
| [MASK] .setSampleMimeType(mimeType)
              .setSampleRate(aacConfig.sampleRate|[MASK] 
           <|endoftext|>|[MASK]<|endoftext|>| [MASK] 
             <|endoftext|>|[MASK]<|endoftext|>|[MASK]<|endoftext|>|[MASK]<|endoftext|>|[MASK] 
           <|endoftext|>| [MASK] 
              .setSampleRate(clockRate)
              .setChannelCount(channelCount)
| [MASK] 
          .setRtpPayloadType(rtpPayloadType)
          .setR|[MASK]<|endoftext|>|MASK 
        .setSampleMimeType(MimeTypes.AUDIO_AAC)
        .setChannelCount|[MASK] 
        .setSampleMimeType(MimeTypes.AUDIO_AAC)
        .set|[MASK]<|endoftext|>| [MASK] 
          .setPcmEncoding(C.ENCODING_PCM_16BIT| [MASK] 
          .setPixelWidthHeightRatio(resolution.second / (float) resolution.first| MASK 
         <|endoftext|>|[MASK] 
       <|endoftext|>|[MASK]<|endoftext|>|MASK 
        .setHeight(0)
        .setWidth(0)
        .setPixelWidth|[MASK]<|endoftext|>|[MASK]<|endoftext|>|MASK<|endoftext|>| [MASK] 
          .setPixelWidthHeightRatio(spsData.pixelWidthHeightRatio)
         |// [MASK] 
        MASK<|endoftext|>|MASK<|endoftext|>|MASK 
       <|endoftext|>|[MASK] 
       <|endoftext|>|MASK 
       <|endoftext|>| MASK 
       <|endoftext|>",
28,desktopServicesStore,MASK,False,6,MASK|MASK|MASK|MASK|MASK|MASK,[MASK] <|endoftext|>,"[MASK] <|endoftext|>|MASK<|endoftext|>|MASK<|endoftext|>|MASK<|endoftext|>|MASK );
        assertThat(FileSystemUtils.isDesktopServicesStore( MASK ), equalTo(Constants.MAC_OS_X|MASK<|endoftext|>",
29,roles,roles,True,3,roles|roles|roles,roles<|endoftext|>,"roles<|endoftext|>|roles<|endoftext|>|roles .contains(DiscoveryNodeRole.DATA_ROLE)
            &&  roles<|endoftext|>",
30,wasPanning,,False,2,|pinching, <|endoftext|>," <|endoftext|>|&& !pinching) handled = listener.panStop(x, y, pointer, button);
		if",
31,delimiter,MASK,False,4,MASK|MASK|MASK|MASK,[MASK]<|endoftext|>,[MASK]<|endoftext|>| [MASK]<|endoftext|>|MASK<|endoftext|>|MASK <|endoftext|>,
32,events,MASK,False,4,MASK|MASK|MASK|MASK, [MASK] <|endoftext|>," [MASK] <|endoftext|>|MASK
            .clear();
        final Map<String, char[]> tokenHashes = FileServiceAccount|[MASK] .size()<|endoftext|>| MASK .get(0), containsString(""does not exist""));
        assertThat(<|endoftext|>",
33,clientId,clientID,False,2,clientID|clientID,clientID   <|endoftext|>,clientID   <|endoftext|>|clientID<|endoftext|>,
34,integer,MASK,False,10,MASK|MASK|MASK|MASK|MASK|MASK|MASK|MASK|MASK|MASK,[MASK]<|endoftext|>,"[MASK]<|endoftext|>|[MASK]<|endoftext|>|MASK<|endoftext|>|[MASK]<|endoftext|>|[MASK]<|endoftext|>| MASK<|endoftext|>|[MASK]<|endoftext|>|MASK<|endoftext|>|MASK <|endoftext|>| MASK .get();
        assertThat(avgCount, allOf(greaterThanOrEqualTo(20L), less",
35,drmEventDispatcher,drmEventDispatcher,True,2,drmEventDispatcher|drmEventDispatcher,"drmEventDispatcher
      <|endoftext|>","drmEventDispatcher
      <|endoftext|>|drmEventDispatcher<|endoftext|>",
36,toExcluded,MASK,False,10,MASK|MASK|MASK|MASK|MASK|MASK|MASK|MASK|MASK|MASK,[MASK]<|endoftext|>,"[MASK]<|endoftext|>| [MASK]<|endoftext|>|[MASK]<|endoftext|>| [MASK]  - from);
        }

        if (firstEscaped == from) {
           | MASK  - firstEscaped) / 3;
        byte[] buf = tempBuf.byteBuf|[MASK]<|endoftext|>|[MASK]<|endoftext|>|[MASK]<|endoftext|>| MASK <|endoftext|>| MASK  && str.charAt(i) == '%');
            i--;

            charBufIdx += decodeUtf",
37,configurations,MASK,False,6,MASK|MASK|MASK|MASK|MASK|MASK, [MASK] <|endoftext|>," [MASK] <|endoftext|>| [MASK] <|endoftext|>|[MASK]<|endoftext|>| MASK  =  MASK ;
	}

	public void configurations(List<Configuration>  MASK ) {
	| MASK<|endoftext|>| MASK <|endoftext|>",
38,unicharsRead,MASK,False,6,MASK|MASK|MASK|MASK|MASK|MASK, [MASK]<|endoftext|>, [MASK]<|endoftext|>|[MASK]<|endoftext|>|MASK<|fim_pad|><|fim_pad|><|fim_pad|><|fim_pad|><|fim_pad|><|fim_pad|><|fim_pad|><|fim_pad|><|fim_pad|><|fim_pad|><|fim_pad|><|fim_pad|><|fim_pad|><|fim_pad|><|fim_pad|><|fim_pad|><|fim_pad|><|fim_pad|><|fim_pad|>|MASK<|endoftext|>|MASK<|fim_pad|><|fim_pad|><|fim_pad|><|fim_pad|><|fim_pad|><|fim_pad|><|fim_pad|><|fim_pad|><|fim_pad|><|fim_pad|><|fim_pad|><|fim_pad|><|fim_pad|><|fim_pad|><|fim_pad|><|fim_pad|><|fim_pad|><|fim_pad|><|fim_pad|>| MASK<|endoftext|>,
39,mediaEncoding,MASK,False,9,MASK|encodingName|MASK|MASK|MASK|MASK|MASK|MASK|MASK, [MASK] <|endoftext|>, [MASK] <|endoftext|>|encodingName <|endoftext|>| [MASK] <|endoftext|>| [MASK] <|endoftext|>| [MASK] <|endoftext|>|MASK ]<|endoftext|>|MASK <|endoftext|>|MASK <|endoftext|>| MASK <|endoftext|>,
40,status,status,True,4,status|status|status|status,status    <|endoftext|>,status    <|endoftext|>|status <|endoftext|>|status<|endoftext|>|status<|endoftext|>,
41,semanticVersion,,False,4,||MASK|MASK,  <|endoftext|>,  <|endoftext|>| <|endoftext|>| [MASK]<|fim_pad|><|fim_pad|><|fim_pad|><|fim_pad|><|fim_pad|><|fim_pad|><|fim_pad|><|fim_pad|><|fim_pad|><|fim_pad|><|fim_pad|><|fim_pad|><|fim_pad|><|fim_pad|><|fim_pad|><|fim_pad|><|fim_pad|>|MASK<|endoftext|>,
42,newReceiverNodes,newReceiverNodes,True,3,newReceiverNodes|newReceiverNodes|newReceiverNodes,newReceiverNodes <|fim_pad|><|fim_pad|><|fim_pad|><|fim_pad|><|fim_pad|><|fim_pad|><|fim_pad|><|fim_pad|><|fim_pad|><|fim_pad|><|fim_pad|><|fim_pad|><|fim_pad|><|fim_pad|><|fim_pad|><|fim_pad|>,newReceiverNodes <|fim_pad|><|fim_pad|><|fim_pad|><|fim_pad|><|fim_pad|><|fim_pad|><|fim_pad|><|fim_pad|><|fim_pad|><|fim_pad|><|fim_pad|><|fim_pad|><|fim_pad|><|fim_pad|><|fim_pad|><|fim_pad|>|newReceiverNodes<|fim_pad|><|fim_pad|><|fim_pad|><|fim_pad|><|fim_pad|><|fim_pad|><|fim_pad|><|fim_pad|><|fim_pad|><|fim_pad|><|fim_pad|><|fim_pad|><|fim_pad|><|fim_pad|><|fim_pad|><|fim_pad|><|fim_pad|>|newReceiverNodes <|endoftext|>,
43,serviceTimeEWMA,MASK,False,4,MASK|nodeServiceTimeEWMA|MASK|MASK, [MASK]<|endoftext|>, [MASK]<|endoftext|>|nodeServiceTimeEWMA<|endoftext|>|MASK<|endoftext|>| MASK <|endoftext|>,
44,lexer,,False,29,|MASK|MASK|MASK|MASK|MASK|MASK|MASK||MASK|MASK|MASK|MASK|parser|MASK|MASK|MASK|MASK|MASK|MASK|MASK|MASK|MASK|MASK|MASK|MASK|MASK|MASK|MASK,<|endoftext|>,"<|endoftext|>| [MASK]<|endoftext|>|[MASK]<|endoftext|>|[MASK]<|endoftext|>|[MASK] .matchStat == JSONLexerBase.END) {
            return instance;
        }
        
|[MASK]<|endoftext|>|[MASK]<|endoftext|>|[MASK]<|endoftext|>|<|endoftext|>| [MASK]<|endoftext|>|[MASK]<|endoftext|>|[MASK]<|endoftext|>| MASK<|endoftext|>|parser,  size_gen_prefix__, size_gen_deser__);
            if( MASK .matchStat >|[MASK]<|endoftext|>|[MASK]<|endoftext|>|[MASK]<|endoftext|>|[MASK]<|endoftext|>|[MASK]<|endoftext|>|[MASK]<|endoftext|>|[MASK]<|endoftext|>| [MASK]<|endoftext|>|[MASK]<|endoftext|>|[MASK]<|endoftext|>|[MASK]<|endoftext|>| MASK<|endoftext|>|[MASK]<|endoftext|>|[MASK]<|endoftext|>| MASK<|endoftext|>",
45,context,MASK,False,4,MASK|MASK|MASK|MASK,[MASK]<|endoftext|>,[MASK]<|endoftext|>|[MASK]<|endoftext|>|[MASK]<|endoftext|>| MASK<|endoftext|>,
46,paths,MASK,False,10,MASK|MASK|MASK|MASK|MASK|MASK|MASK|MASK|MASK|MASK,[MASK]<|endoftext|>,"[MASK]<|endoftext|>|[MASK]<|endoftext|>|[MASK]<|endoftext|>|MASK<|endoftext|>|  [MASK] <|endoftext|>|[MASK]<|endoftext|>|MASK<|endoftext|>| MASK<|endoftext|>|MASK<|endoftext|>|MASK _get = null;
                    method_ MASK _get_error = true;
                } catch (",
47,builder,MASK,False,3,MASK|builder|builder,[MASK]<|endoftext|>,[MASK]<|endoftext|>|builder  <|endoftext|>|builder<|endoftext|>,
48,consumer,validator,False,2,validator|validator,validator <|endoftext|>,"validator <|endoftext|>|validator, logger, validator);

        // THEN affix updater is always expected to have changed (even",
49,response,response,True,2,response|response,response<|endoftext|>,response<|endoftext|>|response<|endoftext|>,
50,parsed,MASK,False,2,MASK|MASK,[MASK] <|endoftext|>,[MASK] <|endoftext|>|MASK <|endoftext|>,
51,useKeyAsProperty,MASK,False,14,MASK|MASK|MASK|MASK|MASK|MASK|MASK|MASK|MASK|MASK|MASK|MASK|MASK|MASK,[MASK]<|fim_pad|><|fim_pad|><|fim_pad|><|fim_pad|><|fim_pad|><|fim_pad|><|fim_pad|><|fim_pad|><|fim_pad|><|fim_pad|><|fim_pad|><|fim_pad|><|fim_pad|><|fim_pad|><|fim_pad|><|fim_pad|><|fim_pad|>,"[MASK]<|fim_pad|><|fim_pad|><|fim_pad|><|fim_pad|><|fim_pad|><|fim_pad|><|fim_pad|><|fim_pad|><|fim_pad|><|fim_pad|><|fim_pad|><|fim_pad|><|fim_pad|><|fim_pad|><|fim_pad|><|fim_pad|><|fim_pad|>|[MASK]<|fim_pad|><|fim_pad|><|fim_pad|><|fim_pad|><|fim_pad|><|fim_pad|><|fim_pad|><|fim_pad|><|fim_pad|><|fim_pad|><|fim_pad|><|fim_pad|><|fim_pad|><|fim_pad|><|fim_pad|><|fim_pad|><|fim_pad|>|[MASK]<|fim_pad|><|fim_pad|><|fim_pad|><|fim_pad|><|fim_pad|><|fim_pad|><|fim_pad|><|fim_pad|><|fim_pad|><|fim_pad|><|fim_pad|><|fim_pad|><|fim_pad|><|fim_pad|><|fim_pad|><|fim_pad|><|fim_pad|>|[MASK]<|endoftext|>|[MASK]<|endoftext|>|MASK<|endoftext|>|MASK<|endoftext|>| [MASK] <|endoftext|>|[MASK]<|endoftext|>| MASK  = true)
        public String getUseKeyAsProperty() {
            return  [MASK|[MASK]<|endoftext|>|[MASK] <|endoftext|>|  MASK  =  MASK ;
        }

        public String getUseKeyAsProperty() {
           | MASK <|endoftext|>",
52,forwardButton,MASK,False,3,MASK|MASK|MASK, [MASK] <|endoftext|>, [MASK] <|endoftext|>|MASK<|endoftext|>|MASK<|endoftext|>,
53,random,MASK,False,6,MASK|MASK|MASK|MASK|MASK|MASK,[MASK]<|endoftext|>,[MASK]<|endoftext|>|MASK<|endoftext|>|[MASK] <|endoftext|>|[MASK]<|endoftext|>|[MASK]<|endoftext|>|MASK<|endoftext|>,
54,observer,downstream,False,2,downstream|downstream,downstream<|endoftext|>,downstream<|endoftext|>|downstream<|endoftext|>,
55,valueBlock,MASK,False,23,MASK|MASK|MASK|MASK|MASK|MASK|MASK|MASK|MASK|MASK|MASK|MASK|MASK|MASK|MASK|MASK|MASK|MASK|MASK|MASK|MASK|MASK|MASK, [MASK] <|endoftext|>," [MASK] <|endoftext|>| [MASK]<|endoftext|>| [MASK]<|endoftext|>|[MASK]<|endoftext|>|MASK<|endoftext|>|MASK<|endoftext|>|[MASK]<|endoftext|>|[MASK]<|endoftext|>|[MASK]<|endoftext|>| MASK<|endoftext|>|MASK<|endoftext|>|[MASK]<|endoftext|>|[MASK]<|endoftext|>|[MASK]<|endoftext|>| MASK<|endoftext|>|MASK<|endoftext|>|[MASK]<|endoftext|>| [MASK]<|endoftext|>|[MASK]<|endoftext|>| MASK<|endoftext|>| MASK<|endoftext|>|MASK <|endoftext|>| MASK .mayHaveNulls()) {
      state.enableGroupIdTracking(seenGroupIds);
    }
",
56,calendars,Z,False,26,Z|catch|();|0);|e8c|u65e5|);|2 ) {|expected|yyyy||Format|setter|fmt|NumberFormat|d|u516b|y|D|u521D|D|u521D|MdMMdMM|u4E94|ULocale|cal,"00Z"",
        ""0000-10-23T07:","00Z"",
        ""0000-10-23T07:| catch (ParseException e)
            {
                errln(""FAIL: ParseException: "" + e.getMessage());
|();
        cal.set(2010, 1, 1);

        String expected =|0);
        StringBuffer buf = new StringBuffer();
        sdf.format(cal, buf, pos);
        String|e8c\u5146\u5e74\u4e03\u6|\u65e5"";
        if (!res1.equals(expected)) {
            errln(""FAIL|);
        }
    }

    @Test
    public void TestFormalChineseDate2() {

|2 ) {
            errln((String)""FAIL: -> "" + time1 + "" expected ->| "" expected -> "" + cal.getTime().toString());
        }
    }

    @Test
    public|/yyyy"", ""M=hanidec;d=hanidec;y=hanidec"", U|
        NumberFormat nf = NumberFormat.getInstance(ULocale.US);
        fmt.setNumberFormat(n|Format(""y"");
            if (get_nf != check_nf) {
                errln(""FAIL:| setter of NumberFormat are not consistent"");
        }

        // test override get/set NumberFormat with null|        fmt.setNumberFormat(""y"", reused_nf);
        NumberFormat get_nf = fmt.getNumberFormat| NumberFormat get_nf = fmt.getNumberFormat('y');
        if (!get_nf.equals(reused_nf|1d\u59cb\u5317\u6d0b\u680|1\u516b\u65e5\u5341\u516|y"", ""\u521D\u516D \u5341\u|D \u5341\u4E94"" },
                { ""d"", ""\| ""\u521D\u516D \u5341\u4E|D 15"" },
                { ""Mdd"", ""\u521D\u5|"", ""\u521D\u516D \u5341\u4| { ""MdMMdMM"", ""\u521D\u516D 1|41\u4E94"" },
                { ""mixed2"", ""\u521| ULocale(""en_US""));
        override.setGroupingUsed(false);
        override.setMinimumIntegerDigits(| cal.clear();
        cal.set(2015, 0, 15, ",
57,serviceKey,MASK,False,4,MASK|MASK|MASK|MASK,[MASK]<|endoftext|>,[MASK]<|endoftext|>|MASK<|endoftext|>|MASK<|endoftext|>|MASK<|endoftext|>,
58,FAIL_STR,be,False,3,be|formatToCharacterIterator|df," be present for a Chinese calendar leap date""
                    + cdf.format(leapMonthDate));
       "," be present for a Chinese calendar leap date""
                    + cdf.format(leapMonthDate));
       | formatToCharacterIterator(Calendar) returned null"");
            }
        } catch (IllegalArgumentException e) {
           | = df.formatToCharacterIterator(d);
            if (acit == null) {
                errln",
59,currentOffset,MASK,False,8,MASK|MASK|MASK|MASK|MASK|MASK|MASK|MASK, [MASK]<|fim_pad|><|fim_pad|><|fim_pad|><|fim_pad|><|fim_pad|><|fim_pad|><|fim_pad|><|fim_pad|><|fim_pad|><|fim_pad|><|fim_pad|><|fim_pad|><|fim_pad|><|fim_pad|><|fim_pad|><|fim_pad|><|fim_pad|>, [MASK]<|fim_pad|><|fim_pad|><|fim_pad|><|fim_pad|><|fim_pad|><|fim_pad|><|fim_pad|><|fim_pad|><|fim_pad|><|fim_pad|><|fim_pad|><|fim_pad|><|fim_pad|><|fim_pad|><|fim_pad|><|fim_pad|><|fim_pad|>| [MASK]<|fim_pad|><|fim_pad|><|fim_pad|><|fim_pad|><|fim_pad|><|fim_pad|><|fim_pad|><|fim_pad|><|fim_pad|><|fim_pad|><|fim_pad|><|fim_pad|><|fim_pad|><|fim_pad|><|fim_pad|><|fim_pad|><|fim_pad|>|[MASK]<|fim_pad|><|fim_pad|><|fim_pad|><|fim_pad|><|fim_pad|><|fim_pad|><|fim_pad|><|fim_pad|><|fim_pad|><|fim_pad|><|fim_pad|><|fim_pad|><|fim_pad|><|fim_pad|><|fim_pad|><|fim_pad|><|fim_pad|>| [MASK]<|fim_pad|><|fim_pad|><|fim_pad|><|fim_pad|><|fim_pad|><|fim_pad|><|fim_pad|><|fim_pad|><|fim_pad|><|fim_pad|><|fim_pad|><|fim_pad|><|fim_pad|><|fim_pad|><|fim_pad|><|fim_pad|><|fim_pad|>| MASK<|fim_pad|><|fim_pad|><|fim_pad|><|fim_pad|><|fim_pad|><|fim_pad|><|fim_pad|><|fim_pad|><|fim_pad|><|fim_pad|><|fim_pad|><|fim_pad|><|fim_pad|><|fim_pad|><|fim_pad|><|fim_pad|><|fim_pad|><|fim_pad|><|fim_pad|>| [MASK]<|fim_pad|><|fim_pad|><|fim_pad|><|fim_pad|><|fim_pad|><|fim_pad|><|fim_pad|><|fim_pad|><|fim_pad|><|fim_pad|><|fim_pad|><|fim_pad|><|fim_pad|><|fim_pad|><|fim_pad|><|fim_pad|><|fim_pad|>| MASK<|fim_pad|><|fim_pad|><|fim_pad|><|fim_pad|><|fim_pad|><|fim_pad|><|fim_pad|><|fim_pad|><|fim_pad|><|fim_pad|><|fim_pad|><|fim_pad|><|fim_pad|><|fim_pad|><|fim_pad|><|fim_pad|><|fim_pad|><|fim_pad|><|fim_pad|>| MASK<|fim_pad|><|fim_pad|><|fim_pad|><|fim_pad|><|fim_pad|><|fim_pad|><|fim_pad|><|fim_pad|><|fim_pad|><|fim_pad|><|fim_pad|><|fim_pad|><|fim_pad|><|fim_pad|><|fim_pad|><|fim_pad|><|fim_pad|><|fim_pad|><|fim_pad|>,
60,updateDoc,MASK,False,3,MASK|MASK|MASK, [MASK] <|endoftext|>, [MASK] <|endoftext|>| MASK <|endoftext|>| MASK <|endoftext|>,
61,dataStream,MASK,False,21,MASK|MASK|MASK|MASK|MASK|MASK|MASK|MASK|MASK|MASK|MASK|Mask|MASK|Mask|MASK|Mask|putDataStreamTemplate|MASK|MASK|MASK|MASK, [MASK]<|endoftext|>," [MASK]<|endoftext|>|[MASK]<|endoftext|>|MASK]<|endoftext|>|MASK]<|endoftext|>|MASK<|endoftext|>|[MASK]<|endoftext|>|[MASK]<|endoftext|>|MASK<|endoftext|>|[MASK]<|endoftext|>|MASK<|endoftext|>|MASK<|endoftext|>|[Mask]<|endoftext|>|[MASK]<|endoftext|>|[Mask]<|endoftext|>|[MASK]<|endoftext|>|Mask<|endoftext|>|putDataStreamTemplate(new ComposableIndexTemplate.DataStreamTemplate())
                .build()
        );
       |MASK<|endoftext|>|MASK <|endoftext|>|MASK + ""-"" + DataStream.getDefaultBackingIndexTimestampFormat().formatMillis(
            System.currentTimeMillis()
       |MASK<|endoftext|>",
62,delegateHandler,MASK,False,3,MASK|MASK|MASK, [MASK] <|endoftext|>, [MASK] <|endoftext|>|MASK<|endoftext|>|MASK <|endoftext|>,
63,responseDuration,MASK,False,2,MASK|MASK,[MASK] <|endoftext|>,[MASK] <|endoftext|>|MASK <|endoftext|>,
64,tokenStream,tokenStream,True,2,tokenStream|tokenStream,tokenStream<|endoftext|>,tokenStream<|endoftext|>|tokenStream<|endoftext|>,
65,transformState,MASK,False,2,MASK|MASK,[MASK]<|endoftext|>,"[MASK]<|endoftext|>|MASK );
    }

    @Override
    protected TransformState apply(TransformState prevState, TransformState newState",
66,runMode,runMode,True,2,runMode|runMode,runMode<|endoftext|>,runMode<|endoftext|>|runMode<|endoftext|>,
67,screenX,screenX,True,2,screenX|screenX,screenX<|endoftext|>,screenX<|endoftext|>|screenX<|endoftext|>,
68,yValUncast,MASK,False,9,MASK|MASK|MASK|MASK|MASK|MASK|MASK|MASK|MASK,[MASK]<|endoftext|>,"[MASK]<|endoftext|>|[MASK]<|endoftext|>|[MASK]<|endoftext|>|[MASK]<|endoftext|>| MASK .areAllValuesNull()) {
      return;
    }
    DoubleVector yVal = ((| MASK<|endoftext|>|[MASK]<|endoftext|>|MASK<|endoftext|>| MASK<|endoftext|>",
69,stBuilder,,False,3,||, <|endoftext|>, <|endoftext|>|  <|endoftext|>|  <|endoftext|>,
70,userAgent,MASK,False,11,MASK|MASK|MASK|MASK|MASK|MASK|MASK|MASK|MASK|MASK|MASK,[MASK]<|endoftext|>,[MASK]<|endoftext|>|[MASK]<|endoftext|>|[MASK]<|endoftext|>|[MASK]<|endoftext|>|[MASK]<|endoftext|>|[MASK]<|endoftext|>|MASK<|endoftext|>|MASK<|endoftext|>|MASK<|endoftext|>|[MASK] <|endoftext|>| MASK <|endoftext|>,
71,policy,MASK,False,63,MASK|MASK|MASK|MASK|MASK|MASK|MASK|MASK|MASK|MASK|MASK|MASK|MASK|MASK|MASK|MASK|MASK|MASK|MASK|MASK|MASK|MASK|MASK|MASK|MASK|MASK|MASK|MASK|MASK|MASK|MASK|MASK|MASK|MASK|MASK|MASK|MASK|MASK|MASK|MASK|MASK|MASK|MASK|MASK|MASK|MASK|MASK|MASK|MASK|MASK|MASK|MASK|MASK|MASK|MASK|MASK|MASK|MASK|MASK|MASK|MASK|MASK|MASK,[MASK]<|fim_pad|><|fim_pad|><|fim_pad|><|fim_pad|><|fim_pad|><|fim_pad|><|fim_pad|><|fim_pad|><|fim_pad|><|fim_pad|><|fim_pad|><|fim_pad|><|fim_pad|><|fim_pad|><|fim_pad|><|fim_pad|><|fim_pad|>,"[MASK]<|fim_pad|><|fim_pad|><|fim_pad|><|fim_pad|><|fim_pad|><|fim_pad|><|fim_pad|><|fim_pad|><|fim_pad|><|fim_pad|><|fim_pad|><|fim_pad|><|fim_pad|><|fim_pad|><|fim_pad|><|fim_pad|><|fim_pad|>|[MASK]<|fim_pad|><|fim_pad|><|fim_pad|><|fim_pad|><|fim_pad|><|fim_pad|><|fim_pad|><|fim_pad|><|fim_pad|><|fim_pad|><|fim_pad|><|fim_pad|><|fim_pad|><|fim_pad|><|fim_pad|><|fim_pad|><|fim_pad|>|[MASK]<|fim_pad|><|fim_pad|><|fim_pad|><|fim_pad|><|fim_pad|><|fim_pad|><|fim_pad|><|fim_pad|><|fim_pad|><|fim_pad|><|fim_pad|><|fim_pad|><|fim_pad|><|fim_pad|><|fim_pad|><|fim_pad|><|fim_pad|>|MASK]<|fim_pad|><|fim_pad|><|fim_pad|><|fim_pad|><|fim_pad|><|fim_pad|><|fim_pad|><|fim_pad|><|fim_pad|><|fim_pad|><|fim_pad|><|fim_pad|><|fim_pad|><|fim_pad|><|fim_pad|><|fim_pad|><|fim_pad|><|fim_pad|>|[MASK]<|endoftext|>|MASK<|endoftext|>| MASK Name, List.of(snapshotA, snapshotB)), 1, TimeUnit.MINUTES);

        //| MASK Name, 2, 0, 0);
            assertRegistered( MASK Name, List| MASK Name, List.of());
        }, 1, TimeUnit.MINUTES);
    }

    /**
    |[MASK] Name = ""test- [MASK] "";

        internalCluster().startMasterOnlyNodes| MASK "";

        internalCluster().startMasterOnlyNodes(1);
        final String masterNode = internal|[MASK] Name, ""snap"", NEVER_EXECUTE_CRON_SCHEDULE, repoName, idxName);

|MASK<|fim_pad|><|fim_pad|><|fim_pad|><|fim_pad|><|fim_pad|><|fim_pad|><|fim_pad|><|fim_pad|><|fim_pad|><|fim_pad|><|fim_pad|><|fim_pad|><|fim_pad|><|fim_pad|><|fim_pad|><|fim_pad|><|fim_pad|><|fim_pad|><|fim_pad|>| MASK Name, 1, 0, 0);
            assertRegistered( MASK Name, List| MASK Name, List.of());
        }, 1, TimeUnit.MINUTES);
    }

    /**
    |[MASK] Name = ""test- [MASK] "";

        internalCluster().startMasterOnlyNodes| MASK "";

        internalCluster().startMasterOnlyNodes(1);
        final String masterNode = internal| MASK Name, ""snap"", NEVER_EXECUTE_CRON_SCHEDULE, repoName, idxName);

        ensure| MASK Name);
        logger.info(""Created snapshot: "" + snapshotName);

        // restart snapshot after| MASK Name, 0, 1, 1);
            assertRegistered(  MASK Name,| MASK Name, List.of(snapshotName));
        }, 1, TimeUnit.MINUTES);

        awaitNo|MASK<|fim_pad|><|fim_pad|><|fim_pad|><|fim_pad|><|fim_pad|><|fim_pad|><|fim_pad|><|fim_pad|><|fim_pad|><|fim_pad|><|fim_pad|><|fim_pad|><|fim_pad|><|fim_pad|><|fim_pad|><|fim_pad|><|fim_pad|><|fim_pad|><|fim_pad|>| MASK Name, 1, 1, 1);
            assertRegistered( MASK Name, List| MASK Name, List.of());
        }, 1, TimeUnit.MINUTES);
    }

    /**
    |MASK Name = ""test- MASK "";

        internalCluster().startMasterOnlyNodes(1);
       |MASK "";

        internalCluster().startMasterOnlyNodes(1);
        final String masterNode = internal| MASK Name, ""snap"", NEVER_EXECUTE_CRON_SCHEDULE, repoName, idxName);

        ensure|MASK Name);
        logger.info(""Created snapshot: "" + snapshotName);

        // restart snapshot after| MASK Name, 0, 0, 0);
            assertRegistered(  MASK Name,|MASK Name, List.of(snapshotName));
        }, 1, TimeUnit.MINUTES);

        awaitNo|MASK Name);
        assertNotEquals(snapshotName, snapshotName2);
        logger.info(""Created snapshot| MASK Name, 0, 2, 1);
            assertRegistered( MASK Name, List|MASK Name, List.of());
        }, 1, TimeUnit.MINUTES);
    }

    /**
    |[MASK]<|endoftext|>|MASK "";

        internalCluster().startMasterOnlyNodes(1);
        final String masterNode = internal|MASK Name, ""snap"", NEVER_EXECUTE_CRON_SCHEDULE, repoName, idxName);

        ensure|MASK Name);
        logger.info(""Created snapshot: "" + snapshotName);

        // restart snapshot after| MASK Name, 0, 0, 0);
            assertRegistered( MASK Name, List|MASK Name = ""test- MASK "";

        internalCluster().startMasterOnlyNodes(1);
       |MASK "";

        internalCluster().startMasterOnlyNodes(1);
        final String masterNode = internal|MASK Name, ""snap"", NEVER_EXECUTE_CRON_SCHEDULE, repoName, idxName);

        ensure|MASK Name);

        // wait for snapshot to complete and network disruption to stop
        runDuringFinal| MASK Name, 0, 1, 1);
            assertRegistered( MASK Name, List|[MASK]<|endoftext|>|MASK<|endoftext|>|MASK]<|endoftext|>|[MASK]<|endoftext|>|MASK]<|endoftext|>|[MASK]<|endoftext|>|[MASK]<|endoftext|>|MASK<|endoftext|>|MASK<|endoftext|>|MASK]<|endoftext|>|MASK] 
          <|endoftext|>|   [MASK]<|endoftext|>| [MASK] Id,
            [MASK] 
        );
        try {
            client().execute(P|MASK 
        );
        try {
            client().execute(PutSnapshotLifecycleAction.INSTANCE, putLifecycle|"" +  MASK Name + "" got:<|endoftext|>|MASK  [MASK]  "" +  [MASK]  + "" got: "" + e|MASK Name
              <|endoftext|>| MASK  on the given node
     *  [MASK] Id
     *  [MASK|[MASK]<|endoftext|>|MASK<|endoftext|>",
72,width,MASK,False,12,MASK|MASK|MASK|MASK|MASK|MASK|MASK|MASK|MASK|MASK|MASK|MASK, [MASK]<|endoftext|>, [MASK]<|endoftext|>| [MASK] <|endoftext|>| [MASK] <|endoftext|>| [MASK]<|endoftext|>| MASK <|endoftext|>| MASK<|endoftext|>| [MASK] <|endoftext|>|MASK <|endoftext|>| MASK <|endoftext|>| MASK <|endoftext|>|[ MASK]<|endoftext|>| MASK <|endoftext|>,
73,colors,colors,True,9,colors|MASK|MASK|MASK|MASK|MASK|MASK|MASK|MASK,colors<|endoftext|>,"colors<|endoftext|>| [MASK] <|endoftext|>|[MASK]<|endoftext|>|[MASK]<|endoftext|>|[MASK]<|endoftext|>|[MASK]<|endoftext|>|MASK .add(c);

        for (int c : ColorTemplate.MATERIAL_COLORS)
             MASK .|MASK .add(ColorTemplate.getHoloBlue());

        dataSet.setColors( [MASK] );
       |MASK  );

        //dataSet.setSelectionShift(0f);

        PieData data = new Pie",
74,extension,MASK,False,13,MASK|MASK|MASK|MASK|MASK|MASK|MASK|MASK|MASK|MASK|MASK|MASK|extension, [MASK]<|endoftext|>, [MASK]<|endoftext|>| [MASK]<|endoftext|>| MASK<|endoftext|>|MASK<|endoftext|>| [MASK] <|endoftext|>|[MASK]<|endoftext|>|[MASK]<|endoftext|>|[MASK]<|endoftext|>| MASK<|endoftext|>| MASK<|endoftext|>|[MASK]<|endoftext|>| MASK<|endoftext|>|extension()<|endoftext|>,
75,credentials,=,False,4,=|MASK|MASK|MASK,"  =
        RemoteModule.createCredentials(
            CredentialHelperEnvironment.newBuilder()
                .setEventReporter(new","  =
        RemoteModule.createCredentials(
            CredentialHelperEnvironment.newBuilder()
                .setEventReporter(new|[MASK]<|endoftext|>|[MASK] .getRequestMetadata(URI.create(""https://foo.example.org""))).isNotEmpty();
| MASK<|endoftext|>",
76,missingKeys,MASK,False,2,MASK|MASK, [MASK] <|endoftext|>, [MASK] <|endoftext|>|MASK <|endoftext|>,
77,field,MASK,False,48,"MASK|DateFormat|MASK|MASK|PST|H|PDT|PT|2004/10/31 1:30"",|.|PT|}|null|cal|cover|whoops|DateFormatSymbols|09 01 0:00:00"",|1 0:00:00"",|duben|does|d3|}|field|Test|_MONTH|public|en_US|Tests|0)|y|2012.01.01"", ""2012.01.|Str0|calendar|);|);|!= 0) {|item|date|Calendar|MONTH|_LEAP_MONTH|parse|ERA|style|midnight|in|sdf",  [MASK]  value<|endoftext|>,"  [MASK]  value<|endoftext|>|DateFormat  [MASK]  names and
   <|fim_pad|><|fim_pad|><|fim_pad|><|fim_pad|><|fim_pad|><|fim_pad|><|fim_pad|><|fim_pad|><|fim_pad|><|fim_pad|>| [MASK]<|fim_pad|><|fim_pad|><|fim_pad|><|fim_pad|><|fim_pad|><|fim_pad|><|fim_pad|><|fim_pad|><|fim_pad|><|fim_pad|><|fim_pad|><|fim_pad|><|fim_pad|><|fim_pad|><|fim_pad|><|fim_pad|><|fim_pad|>| [MASK]  order
        // 0: AM_PM
        // 1: DAY|0/31 1:30 PST"", ""2004 10 | H:mm v"", ""pf"", ""2004/10/31 1|2004 10 31 01:30 PDT"", ""2|10/31 1:30 PT"",
             ""y/M/d H:mm"",|2004/10/31 1:30"",
        };
        expect|.
            // ""y/M/d H:mm zzz"", ""pf"", ""2004|1 1:30 PT"", ""2004 10 31 | }
        }
    }

    @Test
    public void TestParse() {
        String DATA[]| null)
                            errln(""FAIL: Expected parse failure for <"" + s + "">"");
               |0"", cal.getTime());
        cal.clear();
        cal.set(1997, Calendar.J| cover invalid separator after GMT
            {
                ParsePosition pp = new ParsePosition(0);
               |(""whoops GMT+blecch"");
            }

            // cover bad text after GMT-.
| DateFormatSymbols.getDateFormatBundle(loc);
            ResourceBundle resb4 = DateFormatSymbols.getDateFormatBundle(ul|09 01 0:00:00"",
            ""LLL"", ""fp|1 0:00:00"",
            ""LLL"", ""fp"", ""19| 16:36:31"", ""2004 duben 10| + "" does not match index of minutes string "" +
                            minutesStrIndex + "" in datetime format| d3;
        SimpleDateFormat fmt = new SimpleDateFormat(""yyyy-MM-dd'T'HH:mm:ss.SSS| }

    /*
     * Tests the constructor public SimpleDateFormat(String pattern, String override, ULocale loc)
| field)
     */
    @Test
    public void TestSimpleDateFormat_ofCalendarField() {
       | Test for the method public static DateFormat.Field ofCalendarField(int calendarField)
        // with a valid|_MONTH) is true
        DateFormat.Field field = DateFormat.Field.ofCalendarField(Calendar.IS_LEAP_MONTH| public void TestGetPatternInstance() {
        // Tests when if (pattern == null) is false|en_US""));
            df = DateFormat.getPatternInstance("""", null, new Locale(""en_US""));
           | * Tests the method public final static DateFormat getPatternInstance
     */
    @Test
    public|0)
     */
    @Test
    public void TestVeryLongNumericPatterns() {
        final|            ""y"", ""fp"", ""2015"", ""2015"",
           |2012.01.01"", ""2012.01.|Str0;
                dateString[1] = dateStr1;
                dateString[2] = date|calendar=dangi"",        DateFormat.SHORT, ""2012/3bis/2"",|);
                dfmt.format(rootChineseCalendar, result, fpos);
                if (!result.toString().|);
                if (!result.toString().equals(item.dateString[idate])) {
                    errln(""FAIL| != 0) {
                    errln(""FAIL: format "" + item.locale + "" style ""| + item.locale + "" and style "" + item.style + "" returns \"""" + result.toString() +| date "" + date.year + ""-"" + date.month + ""-"" + date.day + "" (isLeap|( Calendar.ERA, 0 );
                    rootChineseCalendar.set( 0, 0,|.MONTH, 1 );
                    rootChineseCalendar.set( Calendar.DAY_OF_MONTH, 1 );
                   |_LEAP_MONTH, 0 );
                    rootChineseCalendar.set( Calendar.DAY_OF_MONTH, 1|.parse(result.toString(), rootChineseCalendar, ppos);
                    if (ppos.getIndex() != result|.ERA);
                    int year = rootChineseCalendar.get(Calendar.YEAR);
                    int month = rootChinese|.style, locale);
            String pattern = sdfmt.toPattern();
            if (pattern.compareTo(item.expect|1-13 01:00 midnight"", k010000,|-13 09:00 in the morning""));
        assertEquals(""yyyy-MM-dd HH|00000, sdf.parse(""2015-11-13 ",
78,streamedBucket,readBucket,False,4,readBucket|MASK|MASK|MASK,readBucket <|endoftext|>,"readBucket <|endoftext|>|[MASK]<|endoftext|>|[MASK]<|endoftext|>|MASK .getSupersetDf()));
        assertThat(originalBucket.getScore(), equalTo( MASK .get",
79,parsed,Z,False,25,"Z|T00|AM|null|}|int|pos|ppos|calendars|Symbols|cdfSymbols|en|2/2012"",                ""4/2/2012"",|MonthPatternItem|dangi|ient|isCalendarLenient|MASK|MASK|MASK|MASK|MASK|masked|MASK|masked","00:00Z"", ""Z"", ""-0300"", ""-3:0","00:00Z"", ""Z"", ""-0300"", ""-3:0|5T00:00:00Z"", ""ZZZZ"", ""GMT-0|2:00 AM April 1, 1997"", null, null, null|01"", null,
                ""12:00 AM April 1, 19|        }
        acit = cdf.formatToCharacterIterator(leapMonthDate);
        keys =| (int j = 0; j < formatters.length; j++) {
                // Output with|pos.setBeginIndex(0);
                fpos.setEndIndex(0);
                calendars[j].|            ppos.setIndex(0);

            // Normal case parse - the given calendar matches the calendar|, calendars[i], ppos);
            if (ppos.getErrorIndex() != -1) {
|Symbols.getLeapMonth(1).contentEquals(item.marker) ) {
                errln(""FAIL:| \"""" + cdfSymbols.getLeapMonth(0) + ""\"", \"""" + cdfSymbols.getLeap|( ""en@calendar=dangi"",        DateFormat.SHORT, ""3bis/2/2|2/2012"",                ""4/2/2012"",                      ""| MonthPatternItem( ""zh@calendar=dangi"",        DateFormat.LONG,  ""20|=dangi"",        -3,               ""2012-3bis-2"",                |ient(true);

        assertTrue(""isLeninent after setLenient(TRUE)"", fmt.isLenient());
|(""isCalendarLenient after setLenient(TRUE)"", fmt.isCalendarLenient());
        assertTrue(""| [MASK]  accordingly.
        sdf.applyPattern(""yyyy-MM-dd hh:mm B"");
        assertEquals| [MASK]<|endoftext|>|[MASK]<|endoftext|>|[MASK]<|endoftext|>|MASK<|endoftext|>|[masked]<|endoftext|>|MASK<|endoftext|>|masked  with a 24-hour time, choose the version that's closer
        // to",
80,hasPostings,MASK,False,4,MASK|MASK|MASK|hasPostings, [MASK] <|endoftext|>, [MASK] <|endoftext|>|[MASK] <|endoftext|>| MASK <|endoftext|>|hasPostings<|endoftext|>,
81,array,MASK,False,14,MASK|MASK|MASK|MASK|MASK|MASK|MASK|MASK|MASK|MASK|MASK|MASK|MASK|MASK, [MASK]<|endoftext|>, [MASK]<|endoftext|>| [MASK]<|endoftext|>|[MASK]<|endoftext|>| MASK <|endoftext|>| [MASK]<|endoftext|>| MASK<|endoftext|>|MASK<|endoftext|>|MASK<|endoftext|>|[MASK]<|endoftext|>| MASK<|endoftext|>|MASK<|endoftext|>|[MASK]<|endoftext|>| MASK<|endoftext|>|MASK<|endoftext|>,
82,shape,MASK,False,4,MASK|MASK|MASK|MASK,[MASK]<|endoftext|>,[MASK]<|endoftext|>|[MASK]<|endoftext|>|[MASK]<|endoftext|>| MASK <|endoftext|>,
83,timeStamp,currTime,False,2,currTime|currTime,currTime<|endoftext|>,currTime<|endoftext|>|currTime<|endoftext|>,
84,resources,MASK,False,8,MASK|MASK|MASK|MASK|MASK|MASK|MASK|MASK, [MASK]<|endoftext|>, [MASK]<|endoftext|>| [MASK]<|endoftext|>|MASK]<|endoftext|>| MASK <|endoftext|>|[MASK] <|endoftext|>|MASK<|endoftext|>|MASK<|endoftext|>|MASK<|endoftext|>,
85,project,MASK,False,17,MASK|MASK|MASK|MASK|MASK|MASK|MASK|MASK|MASK|MASK|MASK|MASK|MASK|MASK|MASK|MASK|MASK,[MASK]<|endoftext|>,"[MASK]<|endoftext|>|[MASK]<|endoftext|>|[MASK]<|endoftext|>|MASK ]<|endoftext|>|[MASK]<|endoftext|>|[MASK]<|endoftext|>| MASK<|endoftext|>|MASK<|endoftext|>| [MASK]<|endoftext|>|MASK  project's main class
"" +
					""   MASK <|endoftext|>|[MASK]<|endoftext|>|MASK<|endoftext|>| [MASK]<|endoftext|>|[MASK]<|endoftext|>| MASK<|endoftext|>|MASK<|endoftext|>| MASK<|endoftext|>",
86,depthOfRdepOfRdep,rdepDepthBelowDepthBound,False,2,rdepDepthBelowDepthBound|rdepDepthBelowDepthBound,"rdepDepthBelowDepthBound
                <|endoftext|>","rdepDepthBelowDepthBound
                <|endoftext|>|rdepDepthBelowDepthBound
                           <|endoftext|>",
87,override,Symbols,False,16,"Symbols|(1) + ""\"""");|public|calendar|4/2"",           ""2012/5/2"" ),|bis|),|Date|format|String|);|now|if|1999 );|Calendar|rootChineseCalendar","Symbols.getPatternUChars
            ULocale uloc = ULocale.getDefault();
            DateFormatSymbols d","Symbols.getPatternUChars
            ULocale uloc = ULocale.getDefault();
            DateFormatSymbols d|(1) + ""\"""");
            }
        }
    }

    @Test
    public void Test|            public ChineseCalTestDate(int e, int y, int m, int lm, int d|@calendar=chinese"", DateFormat.SHORT, ""2012/4/2"",|4/2"",           ""2012/5/2"" ),
            new MonthPattern|3bis-2"",                ""78x29-4-2"",                     ""7|"" ),
            new MonthPatternItem( ""ko@calendar=dangi"",        DateFormat.SHORT,|Date date: dates) {
                rootChineseCalendar.clear();
                rootChineseCalendar.set(Calendar.ERA|: format "" + item.locale + "" style "" + item.style + "" date "" + idate|String[idate] + ""\"", got \"""" + result.toString() + ""\"""");
                }
                idate|"");
                }
                idate++;
            }
        }
    }

    @Test
    public void|, now try to parse it back
                    ParsePosition ppos = new ParsePosition(0);
|                    if (item.style == DateFormat.SHORT) {
                        // for SHORT style, we should be|1999 );
                    rootChineseCalendar.set( Calendar.MONTH, 11 );
                    root|Calendar.set( Calendar.DAY_OF_MONTH, 1 );
                    Date parsed = dfmt.parse(result.toString| = rootChineseCalendar.get(Calendar.YEAR);
                    int month = rootChineseCalendar.get(Calendar.MONTH) +",
88,boxedArray,MASK,False,3,MASK|MASK|,[MASK] <|endoftext|>,[MASK] <|endoftext|>|MASK <|endoftext|>|<|endoftext|>,
89,bytes,MASK,False,5,MASK|MASK|MASK|MASK|mask, [MASK]  = null<|endoftext|>, [MASK]  = null<|endoftext|>|[MASK]<|endoftext|>|[MASK]<|endoftext|>| MASK <|endoftext|>|mask<|endoftext|>,
90,jsonFile,MASK,False,3,MASK|MASK|MASK,    [MASK] <|endoftext|>,    [MASK] <|endoftext|>|[MASK] <|endoftext|>| MASK <|endoftext|>,
91,merged,MASK,False,4,MASK|MASK|MASK|MASK, [MASK] <|endoftext|>, [MASK] <|endoftext|>| [MASK]<|endoftext|>| MASK<|endoftext|>| MASK <|endoftext|>,
92,floatSetting,floatSetting,True,7,floatSetting|floatSetting|MASK|floatSetting|MASK|MASK|MASK,floatSetting<|file_sep|><|fim_prefix|>/x-pack/plugin/rollup/src/main/java/org/elasticsearch/xpack/roll,"floatSetting<|file_sep|><|fim_prefix|>/x-pack/plugin/rollup/src/main/java/org/elasticsearch/xpack/roll|floatSetting<|file_sep|><|fim_prefix|>/x-pack/plugin/core/src/main/java/org/elasticsearch/xpack/core/security/support/| [MASK] <|fim_pad|><|fim_pad|><|fim_pad|><|fim_pad|><|fim_pad|><|fim_pad|><|fim_pad|><|fim_pad|><|fim_pad|><|fim_pad|><|fim_pad|><|fim_pad|><|fim_pad|><|fim_pad|><|fim_pad|><|fim_pad|>|floatSetting<|fim_pad|><|fim_pad|><|fim_pad|><|fim_pad|><|fim_pad|><|fim_pad|><|fim_pad|><|fim_pad|><|fim_pad|><|fim_pad|><|fim_pad|><|fim_pad|><|fim_pad|><|fim_pad|><|fim_pad|><|fim_pad|><|fim_pad|><|fim_pad|>|[MASK] .get(Settings.builder().build()), equalTo(defaultFallbackValue));

        // Only float_setting|MASK <|fim_pad|><|fim_pad|><|fim_pad|><|fim_pad|><|fim_pad|><|fim_pad|><|fim_pad|><|fim_pad|><|fim_pad|><|fim_pad|><|fim_pad|><|fim_pad|><|fim_pad|><|fim_pad|><|fim_pad|><|fim_pad|><|fim_pad|><|fim_pad|>|MASK<|fim_pad|><|fim_pad|><|fim_pad|><|fim_pad|><|fim_pad|><|fim_pad|><|fim_pad|><|fim_pad|><|fim_pad|><|fim_pad|><|fim_pad|><|fim_pad|><|fim_pad|><|fim_pad|><|fim_pad|><|fim_pad|><|fim_pad|><|fim_pad|><|fim_pad|>",
93,cafti_ja_japanese_custGy,I,False,2,I|true," ""I g\u00E5r"" ),
        };
        for (TestContextItem item"," ""I g\u00E5r"" ),
        };
        for (TestContextItem item| true;
            }
            if (!serializeTestFail && !dfmtFromStream.equals(dfmt))",
94,model,MASK,False,3,MASK|MASK|MASK,[MASK]<|endoftext|>,[MASK]<|endoftext|>|[MASK]<|endoftext|>|MASK<|endoftext|>,
95,inputFrameInfo,frameInfo,False,1,frameInfo,"frameInfo);

  /**
   * Sets the {@link OnInputFrameProcessedListener}.
   *
  ","frameInfo);

  /**
   * Sets the {@link OnInputFrameProcessedListener}.
   *
  ",
96,handler,MASK,False,20,MASK|MASK|MASK|MASK|MASK|MASK|MASK|MASK|MASK|MASK||MASK|MASK|MASK|MASK|MASK|MASK|MASK|MASK|MASK," [MASK]  SerializationHandler to which the attributes are added.
     * @param attr Attribute node"," [MASK]  SerializationHandler to which the attributes are added.
     * @param attr Attribute node| [MASK]<|endoftext|>| [MASK]<|endoftext|>|MASK<|endoftext|>| [MASK]<|endoftext|>|[MASK]<|endoftext|>|[MASK]<|endoftext|>|MASK<|endoftext|>| [MASK]<|endoftext|>| [MASK]<|endoftext|>|      <|endoftext|>| MASK , true, true, true, true, true, true, true, true, true,|[MASK]<|endoftext|>|[MASK]<|endoftext|>| MASK<|endoftext|>|[MASK]<|endoftext|>| MASK<|endoftext|>|[MASK]<|endoftext|>| MASK<|endoftext|>| MASK<|endoftext|>",
97,includeIncubator,includeIncubatorModules,False,2,includeIncubatorModules|includeIncubatorModules,includeIncubatorModules<|endoftext|>,includeIncubatorModules<|endoftext|>|includeIncubatorModules<|endoftext|>,
98,threads,MASK,False,12,MASK|MASK|generated|threads|final|Throw|a|StringTask|String|latchAwaitingStringTask|try|latch,  [MASK] <|fim_pad|><|fim_pad|><|fim_pad|><|fim_pad|><|fim_pad|><|fim_pad|><|fim_pad|><|fim_pad|><|fim_pad|><|fim_pad|><|fim_pad|><|fim_pad|><|fim_pad|><|fim_pad|><|fim_pad|>,"  [MASK] <|fim_pad|><|fim_pad|><|fim_pad|><|fim_pad|><|fim_pad|><|fim_pad|><|fim_pad|><|fim_pad|><|fim_pad|><|fim_pad|><|fim_pad|><|fim_pad|><|fim_pad|><|fim_pad|><|fim_pad|>|MASK
 * <|fim_pad|><|fim_pad|><|fim_pad|><|fim_pad|><|fim_pad|><|fim_pad|><|fim_pad|><|fim_pad|><|fim_pad|><|fim_pad|><|fim_pad|><|fim_pad|><|fim_pad|><|fim_pad|><|fim_pad|><|fim_pad|>|generated  MASK<|fim_pad|><|fim_pad|><|fim_pad|><|fim_pad|><|fim_pad|><|fim_pad|><|fim_pad|><|fim_pad|><|fim_pad|><|fim_pad|><|fim_pad|><|fim_pad|><|fim_pad|><|fim_pad|><|fim_pad|><|fim_pad|><|fim_pad|>|threads, tasks<|fim_pad|><|fim_pad|><|fim_pad|><|fim_pad|><|fim_pad|><|fim_pad|><|fim_pad|><|fim_pad|><|fim_pad|><|fim_pad|><|fim_pad|><|fim_pad|><|fim_pad|><|fim_pad|><|fim_pad|><|fim_pad|><|fim_pad|>| final Class<?> exceptionClass;

        <T extends Throwable> ThreadShouldThrow(Class<T> exceptionClass|Throw(Class<T> exceptionClass) {
            this.exceptionClass = exceptionClass;
        }

        public| ""a test string"";

    public static class StringTask implements Callable<String> {
        public String call| StringTask(String value) { this.value = value; }
        public String call() { return value| String call() { return value; }
    }

    public static class NPETask implements Callable<String|> latchAwaitingStringTask(final CountDownLatch latch) {
        return new CheckedCallable<String>() {
| try {
                    latch.await();
                } catch (InterruptedException quittingTime) {}
                return TEST_STRING;
| latch) {
        return new CheckedRunnable() {
            public void realRun() {
                latch.count",
99,refresh,MASK,False,9,MASK|MASK|MASK|MASK|MASK|MASK|MASK|MASK|_MASK," [MASK]  and then close the index. The test asserts that the listener
 *  ["," [MASK]  and then close the index. The test asserts that the listener
 *  [|[MASK] <|endoftext|>| [MASK]  listener to start waiting
        assertBusy(() -> {
            Map<String, Object| [MASK] <|endoftext|>| [MASK] <|endoftext|>|MASK <|endoftext|>| MASK <|endoftext|>| MASK  on a closed index
             * should fail with a FORBIDDEN error. Most of|_MASK <|endoftext|>",
100,additionalParams,MASK,False,5,MASK|MASK|MASK|addAdditionalParameters|MASK, [MASK] <|endoftext|>, [MASK] <|endoftext|>| [MASK]<|endoftext|>|MASK<|endoftext|>|addAdditionalParameters(<|endoftext|>| MASK <|endoftext|>,
101,arrayPool,byteArrayPool,False,2,byteArrayPool|byteArrayPool,byteArrayPool<|endoftext|>,byteArrayPool<|endoftext|>|byteArrayPool<|endoftext|>,
102,prevState,MASK,False,5,MASK|MASK|MASK|MASK|MASK, [MASK]<|endoftext|>," [MASK]<|endoftext|>| [MASK] .keys(),   [MASK]<|endoftext|>| MASK
                .state()
                .metadata()
                .clusterSettings()
                .getSettings(),
|MASK<|endoftext|>| MASK<|endoftext|>",
103,method,MASK,False,94,MASK|MASK|fim_pad|MASK|MASK|MASK|MASK|MASK|fim_pad|MASK|MASK|MASK|MASK|MASK|MASK|MASK|MASK|MASK|MASK|MASK|MASK|MASK|MASK|MASK|MASK|if|MASK|MASK|MASK|MASK|MASK|MASK|MASK|MASK|MASK|MASK|MASK|MASK|MASK|MASK|MASK|MASK|MASK|MASK|MASK|MASK|MASK|MASK|MASK|MASK|MASK|MASK|MASK|MASK|MASK|MASK|MASK|MASK|MASK|MASK|MASK|MASK|MASK|MASK|MASK|MASK|MASK|MASK|MASK|MASK|MASK|MASK|MASK|MASK|MASK|MASK|MASK|MASK|MASK|MASK|MASK|MASK|MASK|MASK|MASK|MASK|new|MASK|MASK|class|class|MASK|MASK|MASK," [MASK] s and  [MASK] s that are only invoked
 * once, in the"," [MASK] s and  [MASK] s that are only invoked
 * once, in the|[MASK]<|fim_pad|><|fim_pad|><|fim_pad|><|fim_pad|><|fim_pad|><|fim_pad|><|fim_pad|><|fim_pad|><|fim_pad|><|fim_pad|><|fim_pad|><|fim_pad|><|fim_pad|><|fim_pad|><|fim_pad|><|fim_pad|><|fim_pad|>|    <|fim_pad|><|fim_pad|><|fim_pad|><|fim_pad|><|fim_pad|><|fim_pad|><|fim_pad|><|fim_pad|><|fim_pad|><|fim_pad|><|fim_pad|><|fim_pad|><|fim_pad|><|fim_pad|><|fim_pad|><|fim_pad|><|fim_pad|><|fim_pad|><|fim_pad|>| [MASK]<|fim_pad|><|fim_pad|><|fim_pad|><|fim_pad|><|fim_pad|><|fim_pad|><|fim_pad|><|fim_pad|><|fim_pad|><|fim_pad|><|fim_pad|><|fim_pad|><|fim_pad|><|fim_pad|><|fim_pad|><|fim_pad|><|fim_pad|>|[MASK]<|fim_pad|><|fim_pad|><|fim_pad|><|fim_pad|><|fim_pad|><|fim_pad|><|fim_pad|><|fim_pad|><|fim_pad|><|fim_pad|><|fim_pad|><|fim_pad|><|fim_pad|><|fim_pad|><|fim_pad|><|fim_pad|><|fim_pad|>|[MASK]<|fim_pad|><|fim_pad|><|fim_pad|><|fim_pad|><|fim_pad|><|fim_pad|><|fim_pad|><|fim_pad|><|fim_pad|><|fim_pad|><|fim_pad|><|fim_pad|><|fim_pad|><|fim_pad|><|fim_pad|><|fim_pad|><|fim_pad|>|MASK<|fim_pad|><|fim_pad|><|fim_pad|><|fim_pad|><|fim_pad|><|fim_pad|><|fim_pad|><|fim_pad|><|fim_pad|><|fim_pad|><|fim_pad|><|fim_pad|><|fim_pad|><|fim_pad|><|fim_pad|><|fim_pad|><|fim_pad|><|fim_pad|><|fim_pad|>| [MASK]<|endoftext|>|<|fim_pad|><|fim_pad|><|fim_pad|><|fim_pad|><|fim_pad|><|fim_pad|><|fim_pad|><|fim_pad|><|fim_pad|><|fim_pad|><|fim_pad|><|fim_pad|><|fim_pad|><|fim_pad|><|fim_pad|><|fim_pad|><|fim_pad|><|fim_pad|><|fim_pad|><|fim_pad|>| [MASK]<|endoftext|>| [MASK]<|fim_pad|><|fim_pad|><|fim_pad|><|fim_pad|><|fim_pad|><|fim_pad|><|fim_pad|><|fim_pad|><|fim_pad|><|fim_pad|><|fim_pad|><|fim_pad|><|fim_pad|><|fim_pad|><|fim_pad|><|fim_pad|><|fim_pad|>| [MASK]<|fim_pad|><|fim_pad|><|fim_pad|><|fim_pad|><|fim_pad|><|fim_pad|><|fim_pad|><|fim_pad|><|fim_pad|><|fim_pad|><|fim_pad|><|fim_pad|><|fim_pad|><|fim_pad|><|fim_pad|><|fim_pad|><|fim_pad|>| [MASK]<|fim_pad|><|fim_pad|><|fim_pad|><|fim_pad|><|fim_pad|><|fim_pad|><|fim_pad|><|fim_pad|><|fim_pad|><|fim_pad|><|fim_pad|><|fim_pad|><|fim_pad|><|fim_pad|><|fim_pad|><|fim_pad|><|fim_pad|>| [MASK]  = [""+clazz.getName()+""]"");
                System.err.println(""  Inlined| [MASK] .getName(clazz)+ [MASK]<|fim_pad|><|fim_pad|><|fim_pad|><|fim_pad|><|fim_pad|><|fim_pad|><|fim_pad|><|fim_pad|><|fim_pad|><|fim_pad|>| MASK<|endoftext|>| [MASK] .<|fim_pad|><|fim_pad|><|fim_pad|><|fim_pad|><|fim_pad|><|fim_pad|><|fim_pad|><|fim_pad|><|fim_pad|><|fim_pad|><|fim_pad|><|fim_pad|><|fim_pad|><|fim_pad|><|fim_pad|><|fim_pad|>| [MASK]<|endoftext|>|[MASK]<|endoftext|>| [MASK]<|fim_pad|><|fim_pad|><|fim_pad|><|fim_pad|><|fim_pad|><|fim_pad|><|fim_pad|><|fim_pad|><|fim_pad|><|fim_pad|><|fim_pad|><|fim_pad|><|fim_pad|><|fim_pad|><|fim_pad|><|fim_pad|><|fim_pad|>| MASK ;
            constantAdder                = new ConstantAdder(targetClass);
            exceptionInfoAdder| [MASK]<|fim_pad|><|fim_pad|><|fim_pad|><|fim_pad|><|fim_pad|><|fim_pad|><|fim_pad|><|fim_pad|><|fim_pad|><|fim_pad|><|fim_pad|><|fim_pad|><|fim_pad|><|fim_pad|><|fim_pad|><|fim_pad|><|fim_pad|>| [MASK] , codeAttribute);

            // Remember the  [MASK]  that we're in|MASK<|fim_pad|><|fim_pad|><|fim_pad|><|fim_pad|><|fim_pad|><|fim_pad|><|fim_pad|><|fim_pad|><|fim_pad|><|fim_pad|><|fim_pad|><|fim_pad|><|fim_pad|><|fim_pad|><|fim_pad|><|fim_pad|><|fim_pad|><|fim_pad|><|fim_pad|>|MASK , codeAttribute);
            }
        }
    }


    // Implementations for ExceptionInfoVisitor.

|if (allowAccessModification)
                {
                    targetMethod.accept(targetClass, accessMethodMarker);
               |[MASK]<|fim_pad|><|fim_pad|><|fim_pad|><|fim_pad|><|fim_pad|><|fim_pad|><|fim_pad|><|fim_pad|><|fim_pad|><|fim_pad|><|fim_pad|><|fim_pad|><|fim_pad|><|fim_pad|><|fim_pad|><|fim_pad|><|fim_pad|>|MASK<|endoftext|>| MASK .getName(clazz)+ MASK .getDescriptor(clazz)+""] in [""+
                                   targetClass.getName()+""| MASK .getDescriptor(clazz)+""] in [""+
                                   targetClass.getName()+"".""+targetMethod.getName(target|[MASK]  if it is invoked only once.
            // This is not necessary, because the|MASK );

            // Remember the  [MASK]  we're inlining.
            inliningMethods|MASK<|fim_pad|><|fim_pad|><|fim_pad|><|fim_pad|><|fim_pad|><|fim_pad|><|fim_pad|><|fim_pad|><|fim_pad|><|fim_pad|><|fim_pad|><|fim_pad|><|fim_pad|><|fim_pad|><|fim_pad|><|fim_pad|><|fim_pad|><|fim_pad|><|fim_pad|>|MASK]<|endoftext|>|[MASK]  into another  [MASK]<|endoftext|>|MASK<|endoftext|>| MASK .getName(clazz)                           +
             MASK<|fim_pad|><|fim_pad|><|fim_pad|><|fim_pad|><|fim_pad|><|fim_pad|><|fim_pad|><|fim_pad|><|fim_pad|><|fim_pad|><|fim_pad|>| [MASK] , this);
    }


    public void visitLocalVariableTableAttribute(Clazz clazz,|MASK<|endoftext|>|MASK<|endoftext|>| [MASK]<|endoftext|>|MASK<|endoftext|>|MASK<|endoftext|>| [MASK] , codeAttribute, this);

        // Append a label just after the code.
       |MASK<|endoftext|>| [MASK]<|endoftext|>|[MASK]<|endoftext|>|[MASK]<|endoftext|>| MASK<|endoftext|>|[MASK] <|endoftext|>|[MASK]  or the end of the
        // method, depending on the context. This|[MASK]<|endoftext|>|MASK .getDescriptor(clazz) +
                "":0:0"";

            minimumLineNumberIndex =
                code|[MASK]<|endoftext|>|MASK<|endoftext|>|[MASK]<|endoftext|>|MASK<|endoftext|>|[MASK]<|endoftext|>|[MASK]  is inlined.
                inliningMethods.push( MASK );
                programMethod.attributes| [MASK]<|endoftext|>|[MASK]<|endoftext|>|MASK<|endoftext|>|MASK s that are kept, unless they are in the same class.
            // This currently precludes|MASK]  if it is public.
            (accessFlags & ClassConstants.ACC_PUBLIC) !=|[MASK] <|endoftext|>|MASK  if it is not native, abstract, or
            // synchronized, etc.
            (|MASK  into a  [MASK]  in a different class.
            // This is not allowed|MASK  in the
            // same class.
//            (!programMethod.getName(programClass).equals|MASK  that is inlined
          <|endoftext|>|[MASK]<|endoftext|>|MASK<|endoftext|>|[MASK]<|endoftext|>|MASK  or a
            // dynamic  [MASK] , or if it is in the same|MASK  in the same class, or if it is in the same class.
            (!SuperInvocation|MASK<|endoftext|>|MASK  is allowed
            // by the target class, or if the code access of the in|[MASK]  that is invoked with an empty stack into
            // the same class.
           | [MASK]<|endoftext|>|[MASK]  if the invocation is covered by a catchall handler or
            // none at| [MASK]  is
            // synchronized and the  [MASK]  to be inlined|[MASK]<|endoftext|>|MASK<|endoftext|>|MASK  if its related static initializers don't
            // have any side effects.
            !|[MASK] <|endoftext|>|[MASK]  if it
            // is not kept, since it is now invoked from the|[MASK] s.
            programMethod.attributesAccept(programClass,  [MASK] InvocationMarker);

|new AllAttributeVisitor(new AllInstructionVisitor(new MultiInstructionVisitor(
                new MethodInvocationMarker(),
                new|MASK<|endoftext|>|[MASK]  [""+clazz.getName()+"".""+ [MASK] .getName(clazz)+ [MASK]|class   = [""+clazz.getName()+""]"");
                System.err.println(""  Target   [MASK|class  = [""+ [MASK] .getName(clazz)+ [MASK] .getDescriptor(clazz)+| MASK<|endoftext|>| MASK<|endoftext|>| MASK<|endoftext|>",
104,invocation,internal,False,8,internal|MASK|MASK|MASK|MASK|MASK|MASK|MASK,"internal.exceptions.Reporter;
import org.mockito.internal.invocation.InvocationInfo;
import org.mockito.invocation","internal.exceptions.Reporter;
import org.mockito.internal.invocation.InvocationInfo;
import org.mockito.invocation| [MASK]<|endoftext|>| [MASK]<|endoftext|>|MASK<|endoftext|>|MASK<|endoftext|>|MASK<|endoftext|>|[ MASK]<|endoftext|>| MASK<|endoftext|>",
105,visibility,MASK,False,7,MASK|visibility|MASK|MASK|MASK|MASK|MASK, [MASK]  and {@link RequiredConfigFragmentsProvider}<|endoftext|>," [MASK]  and {@link RequiredConfigFragmentsProvider}<|endoftext|>|   visibility<|endoftext|>|[MASK] ,
 <|endoftext|>|[MASK] <|endoftext|>|MASK <|endoftext|>|MASK<|endoftext|>|MASK<|endoftext|>",
106,docCount,docCount,True,2,docCount|docCount,docCount <|endoftext|>,docCount <|endoftext|>|docCount <|endoftext|>,
107,entryCount,MASK,False,2,MASK|MASK,[MASK] <|endoftext|>,[MASK] <|endoftext|>|MASK <|endoftext|>,
108,scale,MASK,False,10,MASK|MASK|MASK|MASK|MASK|SCALE|MASK|SCALE|MASK|MASK,[MASK] <|endoftext|>,"[MASK] <|endoftext|>|[MASK] <|endoftext|>| [MASK] 
     *  parameter is computed from the  [MASK]  parameter given by|[MASK] 
   <|endoftext|>|[MASK]  are
     *<|endoftext|>|[SCALE] 
     * <|endoftext|>|[MASK]<|endoftext|>|[SCALE] 
     *          <|endoftext|>|MASK 
     * @return the  SCALE  parameter to be used in the decay function
    | MASK<|endoftext|>",
109,skippedShards,MASK,False,14,MASK|MASK|MASK|MASK|MASK|MASK|MASK|MASK|||MASK|||, [MASK] <|endoftext|>," [MASK] <|endoftext|>| [MASK] <|endoftext|>|[MASK]<|endoftext|>| [MASK]<|endoftext|>| [MASK]<|endoftext|>| [MASK]  = searchResponse.getSkippedShards();
            failedShards = searchResponse| [MASK]<|endoftext|>| MASK<|endoftext|>|<|endoftext|>|<|endoftext|>| [MASK] <|endoftext|>|<|endoftext|>| <|endoftext|>|<|endoftext|>",
110,fromUser,fromUser,True,1,fromUser,fromUser<|endoftext|>,fromUser<|endoftext|>,
111,additionalSettings,,False,2,|Settings, <|endoftext|>, <|endoftext|>|Settings   <|endoftext|>,
112,bgBottomHeight,MASK,False,6,MASK|MASK|MASK|MASK|MASK|MASK, [MASK]<|endoftext|>," [MASK]<|endoftext|>|MASK<|endoftext|>| [MASK]<|endoftext|>| MASK );
		if (scrollbarsOnTop) {
			if (scrollY) {
				actor| MASK  : height - bgTopHeight - scrollbarHeight;
				hScrollBounds.set(x, y|MASK  : actorArea.y;
				vScrollBounds.set(x, y, scrollbarWidth, actor",
113,bootstrapMethodIndex,typeTable,False,10,typeTable|;|link|creates|WARD_UNINITIALIZED_TYPE_TAG|Label|labelEntries|{|null|Capacity," == typeTable.length) {
      Entry[] newTypeTable = new Entry[2 * typeTable"," == typeTable.length) {
      Entry[] newTypeTable = new Entry[2 * typeTable|;
    return put(entry).index;
  }

  // -----------------------------------------------------------------------------------------------
  // Static helper methods|link Label} entry for the given label. The entry is created if it does not
   *| creates an uninitialized type.
   * @return the {@link LabelEntry} corresponding to the given label|WARD_UNINITIALIZED_TYPE_TAG}.
   * @return the {@link LabelEntry} corresponding to the| Label label) {
    int hashCode = hash(Symbol.LABEL_TAG, label);
    Entry entry =| = labelEntries.length;
      int newCapacity = currentCapacity * 2 + 1;
     | {
        LabelEntry currentEntry = labelEntries[i];
        while (currentEntry != null) {
| null) {
          int newIndex = currentEntry.hashCode % newCapacity;
          LabelEntry nextEntry =|Capacity;
          LabelEntry nextEntry = currentEntry.next;
          currentEntry.next = newLabelEntries",
114,checksumUrlString,move,False,5,move|move|Path|Root|tmpRoot,"        // move the plugin
        final Path pluginPath = env.pluginsDir().resolve(info.getName());
","        // move the plugin
        final Path pluginPath = env.pluginsDir().resolve(info.getName());
| // move the plugin
        Files.move(tmpRoot, destination, StandardCopyOption.ATOMIC_MOVE|<Path> deleteOnFailure
    ) throws IOException {
        final Path binDir = tmpRoot.resolve|Root.resolve(""bin"");
        if (Files.exists(tmpBinDir)) {
            if (Files.exists| = tmpRoot.resolve(""config"");
        if (Files.exists(tmpConfigDir)) {
            deleteOn",
115,tuple,MASK,False,34,MASK|MASK|MASK|MASK|MASK|MASK|MASK|MASK|MASK|MASK|MASK|MASK|MASK|MASK|MASK|MASK|MASK|MASK|MASK|MASK|MASK|MASK|MASK|MASK|MASK|MASK|MASK|MASK|MASK|MASK|MASK|MASK|MASK|MASK, [MASK]<|endoftext|>," [MASK]<|endoftext|>| [MASK]<|endoftext|>|[MASK]<|endoftext|>|[MASK]<|endoftext|>|[MASK]<|endoftext|>|[MASK]<|endoftext|>|[MASK]<|endoftext|>|[MASK]<|endoftext|>|MASK<|endoftext|>| MASK<|endoftext|>| [MASK] <|endoftext|>| [MASK] <|endoftext|>|MASK <|endoftext|>|[MASK]<|endoftext|>| MASK<|endoftext|>|[MASK]<|endoftext|>| MASK<|endoftext|>|MASK<|endoftext|>|[MASK] .format != null &&  [MASK] .output != null &&  [MASK|[MASK]<|endoftext|>|MASK<|endoftext|>|[MASK] .toPattern != null ||  [MASK] .toLocalizedPattern != null)|[MASK] .toLocalizedPattern != null) {
            String errorMessage = codeUnderTest.toPattern(| MASK<|endoftext|>|[MASK] .parse != null &&  [MASK] .output != null &&  [MASK| MASK .output != null) {
            String errorMessage = codeUnderTest.parse( MASK );
            if (| MASK .outputCurrency == null) {
            String errorMessage = codeUnderTest.parse( MASK );
            if| MASK<|endoftext|>| MASK .parse != null &&  MASK .output != null) {
            String errorMessage = codeUnderTest| MASK<|endoftext|>|MASK<|endoftext|>| MASK .select != null &&  MASK .output != null &&  MASK .outputCurrency != null|MASK<|endoftext|>|MASK .toString()<|endoftext|>",
116,ascUrl,);,False,4,);|if|) {|ConfigDir,");
                    setFileAttributes(destFile, CONFIG_FILES_PERMS);
                    if (destConfigDirAttributes",");
                    setFileAttributes(destFile, CONFIG_FILES_PERMS);
                    if (destConfigDirAttributes| if (destConfigDirAttributes != null) {
                        setOwnerGroup(destFile, destConfigDir|) {
                        setOwnerGroup(destFile, destConfigDirAttributes);
                    }
                }
            }
|ConfigDir); // clean up what we just copied
    }

    private static void setFileAttributes",
117,bufferSize,MASK,False,14,MASK|MASK|MASK|MASK|MASK|MASK|MASK|MASK|MASK|||> 0 ?   : 0;||, [MASK]<|endoftext|>," [MASK]<|endoftext|>| [MASK]<|endoftext|>|[MASK]<|endoftext|>| [MASK]<|endoftext|>| [MASK]<|endoftext|>| MASK <|endoftext|>| MASK <|endoftext|>| [MASK] <|endoftext|>| [MASK]<|endoftext|>|<|endoftext|>|<|endoftext|>|  > 0 ?   : 0;
    bufferedOutputStream = null;
  }

  /**
|<|endoftext|>|<|endoftext|>",
118,flushedDocs,MASK,False,4,MASK|MASK|MASK|replica, [MASK]<|endoftext|>," [MASK]<|endoftext|>|MASK
              <|endoftext|>|MASK <|endoftext|>|replica.getPendingPrimaryTerm() + 1,
                    translogGeneration.translogFileGeneration()",
119,request,the,False,12,the|this|request|request|request|MASK|MASK|MASK|MASK|MASK|MASK|MASK,"the
 *  [MASK]  [MASK]  is not supported by this  [MASK","the
 *  [MASK]  [MASK]  is not supported by this  [MASK|this controller</td>
 * </tr>
 * <tr>
 * <td>sessionAttribute</|request.getSession() or
 * request.getSession(true) to retrieve the session, without having to
 *|request<|endoftext|>|request  (i.e. cache the content
 * for the given amount of seconds). Note that|[MASK]<|endoftext|>| [MASK]<|endoftext|>|MASK , response<|endoftext|>| MASK<|endoftext|>|[MASK]<|endoftext|>| MASK<|endoftext|>| MASK<|endoftext|>",
120,disconnect,disconnect,True,6,disconnect|disconnect|disconnect|disconnect|disconnect|disconnect,disconnect <|endoftext|>,disconnect <|endoftext|>|disconnect<|endoftext|>|disconnect <|endoftext|>|disconnect <|endoftext|>| disconnect<|endoftext|>| disconnect<|endoftext|>,
121,fmtRelDateTime,override,False,2,override|;,", override);
            }

            StringBuffer result = new StringBuffer();
            FieldPosition pos = new FieldPosition",", override);
            }

            StringBuffer result = new StringBuffer();
            FieldPosition pos = new FieldPosition|;
                this.input = dateStr;
                this.startPos = 0;
                this.resPos",
122,tableCat,MASK,False,5,MASK|MASK|MASK|MASK|MASK,[MASK]  = null<|endoftext|>,[MASK]  = null<|endoftext|>| [MASK]<|endoftext|>|MASK<|endoftext|>|[MASK]<|endoftext|>|MASK <|endoftext|>,
123,factory,factory,True,1,factory,"factory
       <|endoftext|>","factory
       <|endoftext|>",
124,modulePredicate,MASK,False,3,MASK|MASK|MASK," [MASK]  = DEFAULT_MODULE_PREDICATE;

    public static Predicate<String> modulePredicate<|endoftext|>"," [MASK]  = DEFAULT_MODULE_PREDICATE;

    public static Predicate<String> modulePredicate<|endoftext|>|  [MASK]<|endoftext|>|MASK<|endoftext|>",
125,conditionLatch,MASK,False,3,MASK|MASK|MASK,  [MASK] <|endoftext|>,"  [MASK] <|endoftext|>|   MASK <|endoftext|>| MASK
            .await();
        latch.countDown();
        threadPool.generic()
            .execute(()",
126,percentDelta,MASK,False,3,MASK|MASK|MASK, [MASK] <|endoftext|>, [MASK] <|endoftext|>|[MASK]<|endoftext|>| MASK <|endoftext|>,
127,target,MASK,False,2,MASK|MASK,[MASK]<|endoftext|>,[MASK]<|endoftext|>| MASK <|endoftext|>,
128,childContext,context,False,1,context,context<|endoftext|>,context<|endoftext|>,
129,hasFallback,bar,False,4,bar|value|value|value,"bar"", value.get(0));

        value = settingWithFallback.get(Settings.builder().put(""foo","bar"", value.get(0));

        value = settingWithFallback.get(Settings.builder().put(""foo|(""2"", value.get(1));

        value = settingWithFallback.get(Settings.builder().putList|(""3"", value.get(0));
        assertEquals(""4"", value.get(1));

        value| value.get(1));

        value = settingWithFallback.get(
            Settings.builder().putList(""",
130,blocks,MASK,False,4,MASK|MASK|MASK|,"[MASK] , int offset, IntArrayBlock selected) {
    state.toIntermediate( [MASK","[MASK] , int offset, IntArrayBlock selected) {
    state.toIntermediate( [MASK| MASK , offset, selected, driverContext);
  }

  @Override
  public void evaluateFinal| MASK , int offset, IntVector selected,
      GroupingAggregatorEvaluationContext ctx) {
   |<|endoftext|>",
131,clusterName,clusterName,True,6,clusterName|MASK|MASK|MASK|catalog|catalog,clusterName<|endoftext|>,"clusterName<|endoftext|>|[MASK]<|endoftext|>|[MASK]<|endoftext|>|[MASK]<|endoftext|>|// catalog
                              MASK<|endoftext|>|catalog<|endoftext|>",
132,incXmlOutput,MASK,False,4,MASK|MASK|MASK|MASK,  [MASK] <|fim_pad|><|fim_pad|><|fim_pad|><|fim_pad|><|fim_pad|><|fim_pad|><|fim_pad|><|fim_pad|><|fim_pad|><|fim_pad|><|fim_pad|><|fim_pad|><|fim_pad|><|fim_pad|><|fim_pad|>,  [MASK] <|fim_pad|><|fim_pad|><|fim_pad|><|fim_pad|><|fim_pad|><|fim_pad|><|fim_pad|><|fim_pad|><|fim_pad|><|fim_pad|><|fim_pad|><|fim_pad|><|fim_pad|><|fim_pad|><|fim_pad|>| [MASK]<|fim_pad|><|fim_pad|><|fim_pad|><|fim_pad|><|fim_pad|><|fim_pad|><|fim_pad|><|fim_pad|><|fim_pad|><|fim_pad|><|fim_pad|><|fim_pad|><|fim_pad|><|fim_pad|><|fim_pad|><|fim_pad|><|fim_pad|>|MASK<|endoftext|>|MASK<|fim_pad|><|fim_pad|><|fim_pad|><|fim_pad|><|fim_pad|><|fim_pad|><|fim_pad|><|fim_pad|><|fim_pad|><|fim_pad|><|fim_pad|><|fim_pad|><|fim_pad|><|fim_pad|><|fim_pad|><|fim_pad|><|fim_pad|><|fim_pad|><|fim_pad|>,
133,snapshotLifecyclePolicyMetadata,snapshotConfigurations,False,6,snapshotConfigurations|MASK|MASK|MASK|MASK|MASK,snapshotConfigurations<|endoftext|>,snapshotConfigurations<|endoftext|>|[MASK]<|endoftext|>|[MASK]<|endoftext|>|[MASK]<|endoftext|>|MASK<|endoftext|>|MASK<|endoftext|>,
134,reader,MASK,False,6,MASK|MASK|MASK|MASK|MASK|MASK, [MASK]<|endoftext|>, [MASK]<|endoftext|>|MASK<|endoftext|>|[MASK]<|endoftext|>| MASK<|endoftext|>|MASK<|endoftext|>|MASK<|endoftext|>,
135,start,MASK,False,8,MASK|MASK|MASK|MASK|elementStack|MASK|MASK|re, [MASK]<|endoftext|>," [MASK]<|endoftext|>|[MASK]<|endoftext|>|MASK<|endoftext|>| MASK<|endoftext|>|"" + elementStack[depth * 3] + "" "" + elementStack[depth * |[MASK]<|endoftext|>|MASK<|endoftext|>|re-insert<|endoftext|>",
136,nodeIds,MASK,False,2,MASK|MASK,  [MASK]<|endoftext|>,"  [MASK]<|endoftext|>|MASK
           <|endoftext|>",
137,digest,MASK,False,16,MASK|MASK|MASK|MASK|MASK|MASK|MASK|MASK|MASK|MASK|MASK|MASK|MASK|MASK|MASK|MASK, [MASK] <|endoftext|>," [MASK] <|endoftext|>|[MASK]<|endoftext|>|[MASK]<|endoftext|>| MASK<|endoftext|>| [MASK]<|endoftext|>|[MASK]<|endoftext|>|MASK<|endoftext|>| MASK<|endoftext|>|[MASK]<|endoftext|>|[MASK]<|endoftext|>|MASK<|endoftext|>|MASK<|endoftext|>|[MASK]<|endoftext|>|MASK<|endoftext|>|MASK .getHash());
    return  MASK ;
  }

  public Digest createScratchInput(Action|MASK<|endoftext|>",
138,unused,_,False,1,_,_ <|endoftext|>,_ <|endoftext|>,
139,skipLen,,False,2,|offset, <|endoftext|>," <|endoftext|>|< offset) { // reach the end
                return null;
            }

            MessageDigest md =",
140,fmtOffset,MASK,False,10,MASK|tzS|MASK|tzS|MASK|MASK|MASK|MASK|MASK|MASK, [MASK]<|fim_pad|><|fim_pad|><|fim_pad|><|fim_pad|><|fim_pad|><|fim_pad|><|fim_pad|><|fim_pad|><|fim_pad|><|fim_pad|><|fim_pad|><|fim_pad|><|fim_pad|><|fim_pad|><|fim_pad|><|fim_pad|><|fim_pad|>," [MASK]<|fim_pad|><|fim_pad|><|fim_pad|><|fim_pad|><|fim_pad|><|fim_pad|><|fim_pad|><|fim_pad|><|fim_pad|><|fim_pad|><|fim_pad|><|fim_pad|><|fim_pad|><|fim_pad|><|fim_pad|><|fim_pad|><|fim_pad|>|tzS <|fim_pad|><|fim_pad|><|fim_pad|><|fim_pad|><|fim_pad|><|fim_pad|><|fim_pad|><|fim_pad|><|fim_pad|><|fim_pad|><|fim_pad|><|fim_pad|><|fim_pad|><|fim_pad|><|fim_pad|><|fim_pad|><|fim_pad|>|MASK<|fim_pad|><|fim_pad|><|fim_pad|><|fim_pad|><|fim_pad|><|fim_pad|><|fim_pad|><|fim_pad|><|fim_pad|><|fim_pad|><|fim_pad|><|fim_pad|><|fim_pad|><|fim_pad|><|fim_pad|><|fim_pad|><|fim_pad|><|fim_pad|><|fim_pad|>|tzS  =  [MASK] ;
            String tzS<|fim_pad|><|fim_pad|><|fim_pad|><|fim_pad|><|fim_pad|><|fim_pad|><|fim_pad|>|[MASK]  != null &&  [MASK] <|fim_pad|><|fim_pad|><|fim_pad|><|fim_pad|><|fim_pad|><|fim_pad|><|fim_pad|><|fim_pad|>|[MASK]<|fim_pad|><|fim_pad|><|fim_pad|><|fim_pad|><|fim_pad|><|fim_pad|><|fim_pad|><|fim_pad|><|fim_pad|><|fim_pad|><|fim_pad|><|fim_pad|><|fim_pad|><|fim_pad|><|fim_pad|><|fim_pad|><|fim_pad|>|[MASK]<|fim_pad|><|fim_pad|><|fim_pad|><|fim_pad|><|fim_pad|><|fim_pad|><|fim_pad|><|fim_pad|><|fim_pad|><|fim_pad|><|fim_pad|><|fim_pad|><|fim_pad|><|fim_pad|><|fim_pad|><|fim_pad|><|fim_pad|>|MASK<|fim_pad|><|fim_pad|><|fim_pad|><|fim_pad|><|fim_pad|><|fim_pad|><|fim_pad|><|fim_pad|><|fim_pad|><|fim_pad|><|fim_pad|><|fim_pad|><|fim_pad|><|fim_pad|><|fim_pad|><|fim_pad|><|fim_pad|><|fim_pad|><|fim_pad|>|MASK  + (fmtDstOffset != null ? "" ok"" : "" ?""));
            } else| MASK  + "" *** FAIL ***"");
            }
        }
    }

    @Test
    public",
141,constantValueAttribute,constantValueAttribute,True,2,constantValueAttribute|field,"  constantValueAttribute    )
    {
        // Retrieve the initial static field value.
        value =","  constantValueAttribute    )
    {
        // Retrieve the initial static field value.
        value =|field,
                                                     constantValueAttribute<|endoftext|>",
142,isChanged,MASK,False,7,MASK|MASK|MASK|MASK|isChanged|MASK|MASK,[MASK]<|endoftext|>,"[MASK]<|endoftext|>|[MASK]<|endoftext|>|MASK
              && key.functionName() != null
            <|endoftext|>|MASK<|endoftext|>|isChanged() || (! [MASK]  && entry.isDirty())) {
        // If this node|MASK  && entry.isChanged ())) {
        // If this node is already marked changed, or| MASK<|endoftext|>",
143,dateString,String,False,15,"String|DateFormat|ULL|String|heure|n|expectedArab|actualArab|TestItem|31,  0,  1, 12,  0,|u5E74|u5E74|u5E743|u5EFF|items","            String result = fmt.format(greenwichdate);
            logln(DATA[i] + result);
","            String result = fmt.format(greenwichdate);
            logln(DATA[i] + result);
| DateFormat.getDateInstance(DateFormat.FULL, Locale.FRENCH);
        DateFormat dfEnglish = DateFormat.getDate|ULL, DateFormat.FULL, Locale.FRENCH);
        DateFormat dfEnglish = DateFormat.getDateTimeInstance|        String expectedFrench = ""lundi 15 septembre 1997 00|0 heure normale du Pacifique"";
        String expectedFRENCH_JDK11 = ""|n = ""21:52 \u0645"";

        String out = df| expectedArab + "" Got "" + actualArab);
        }
        if (!actualLatn| + actualArab);
        }
        if (!actualLatn.equals(expectedLatn)) {
           |TestItem[] cafti_zh_chinese_custU2 = {
            //                     era   | 31,  0,  1, 12,  0,|, 12,  0, ""2014\u5E74\u|4\u5E74\u67085\u65E5"" ),
           |26)\u5E743\u67085\u65E5|6708\u5EFF\u4E00\u65E5"" ), //|: items) {
            ULocale locale = new ULocale(item.localeID);
            DateFormat dfmt",
144,unusedIterator,,False,4,|MASK|MASK|MASK,      <|endoftext|>,      <|endoftext|>| [MASK]<|endoftext|>|MASK<|endoftext|>| MASK<|endoftext|>,
145,fieldName,MASK,False,3,MASK|MASK|MASK,"[MASK] , Reader reader<|endoftext|>","[MASK] , Reader reader<|endoftext|>|[MASK]<|endoftext|>|MASK<|endoftext|>",
146,periodDurationUs,MASK,False,3,MASK|MASK|MASK,[MASK] <|endoftext|>,[MASK] <|endoftext|>|   /*  [MASK] = */ MASK<|endoftext|>| MASK <|endoftext|>,
147,usedBuiltInTokenizers,MASK,False,15,MASK|MASK|MASK|MASK|MASK|MASK|MASK|MASK|MASK|MASK|MASK|MASK|MASK|MASK|MASK,[MASK]<|endoftext|>,[MASK]<|endoftext|>|[MASK] <|endoftext|>| [MASK] <|endoftext|>|MASK<|endoftext|>|[MASK] <|endoftext|>|[MASK]<|endoftext|>| MASK <|endoftext|>|MASK<|endoftext|>|MASK  = Collections.unmodifiableSet(new LinkedHashSet<>(input.readCollectionAsList(IndexFeatureStats::|MASK <|endoftext|>| MASK <|endoftext|>|[MASK]<|endoftext|>| MASK <|endoftext|>| MASK<|endoftext|>| MASK <|endoftext|>,
148,pOwner,MASK,False,2,MASK|MASK, [MASK] <|endoftext|>, [MASK] <|endoftext|>|MASK<|endoftext|>,
149,button,MASK,False,2,MASK|MASK,[MASK]<|endoftext|>,[MASK]<|endoftext|>|MASK<|endoftext|>,
150,parent,MASK,False,11,MASK|MASK|MASK|MASK|MASK|MASK|MASK|MASK|MASK|MASK|MASK, [MASK] <|endoftext|>," [MASK] <|endoftext|>| [MASK]  of the new node. This constructor is used when creating a
     * new| [MASK]<|endoftext|>| [MASK]<|endoftext|>|MASK<|endoftext|>|MASK<|endoftext|>| MASK
     *             <|endoftext|>|[MASK]<|endoftext|>|MASK<|endoftext|>|[MASK]<|endoftext|>|MASK<|endoftext|>",
151,vBlock,MASK,False,23,MASK|MASK|MASK|MASK|MASK|MASK|MASK|MASK|MASK|MASK|MASK|MASK|MASK|MASK|MASK|MASK|MASK|MASK|MASK|MASK|MASK|MASK|MASK, [MASK] <|endoftext|>, [MASK] <|endoftext|>| [MASK]<|endoftext|>| [MASK]<|endoftext|>|[MASK]<|endoftext|>|MASK<|endoftext|>|MASK<|endoftext|>|[MASK]<|endoftext|>|[MASK]<|endoftext|>|MASK<|endoftext|>| MASK<|endoftext|>| MASK<|endoftext|>|[MASK]<|endoftext|>|[MASK]<|endoftext|>|[MASK]<|endoftext|>| MASK<|endoftext|>|MASK<|endoftext|>|[MASK]<|endoftext|>|[MASK]<|endoftext|>|[MASK]<|endoftext|>| MASK<|endoftext|>| MASK<|endoftext|>|MASK <|endoftext|>| MASK <|endoftext|>,
152,fieldNamesToHighlight,MASK,False,2,MASK|MASK,  [MASK] <|endoftext|>,"  [MASK] <|endoftext|>|MASK
           <|endoftext|>",
153,unicodeFilePath,MASK,False,3,MASK|MASK|MASK, [MASK]<|endoftext|>, [MASK]<|endoftext|>|MASK<|endoftext|>| MASK<|endoftext|>,
154,failuresAllowed,MASK,False,23,MASK|MASK|MASK|MASK|MASK|MASK|MASK|MASK|MASK|MASK|MASK|MASK|MASK|MASK|MASK|MASK|MASK|MASK|MASK|MASK|MASK|MASK|MASK, [MASK]<|endoftext|>," [MASK]<|endoftext|>| [MASK]<|endoftext|>| [MASK]<|endoftext|>| [MASK]<|endoftext|>|MASK  =  MASK ;
        this.chunkScorerConfig = chunkScorerConfig;
        this| MASK<|endoftext|>|[MASK]<|endoftext|>|[MASK]<|endoftext|>| MASK<|endoftext|>| [MASK]<|endoftext|>|MASK<|endoftext|>| MASK<|endoftext|>| MASK<|endoftext|>|MASK<|endoftext|>| MASK<|endoftext|>| [MASK]<|endoftext|>|MASK <|endoftext|>| MASK<|endoftext|>| MASK <|endoftext|>| MASK <|endoftext|>| [MASK] 
          <|endoftext|>| MASK<|endoftext|>| MASK<|endoftext|>",
155,lowerCaseArch,MASK,False,4,MASK|MASK|MASK|MASK,  [MASK] <|endoftext|>,  [MASK] <|endoftext|>|[MASK]<|endoftext|>|MASK<|endoftext|>| MASK <|endoftext|>,
156,programClassCounter,MASK,False,3,MASK|null|MASK,  [MASK] <|endoftext|>,"  [MASK] <|endoftext|>|null,
                                                     MASK,
                                                     null,
                                                     null));

                    // Doesn't the specification match any library|MASK
                            .getCount() == 0)
                    {
                        // Print out notes about any",
157,updates,MASK,False,15,MASK|MASK|MASK|MASK|MASK|MASK|MASK|MASK|MASK|MASK|MASK|MASK|MASK|MASK|MASK,[MASK]<|endoftext|>,"[MASK]<|endoftext|>|[MASK]<|endoftext|>|[MASK] .ImpossibleSchedulingException;
import org.openrefine.wikibase. [MASK]|[MASK]<|endoftext|>|[MASK]<|endoftext|>|MASK<|endoftext|>|[MASK]<|endoftext|>|MASK .UpdateSequence;
import org.openrefine.wikibase. MASK<|endoftext|>| [MASK]<|endoftext|>|[MASK]<|endoftext|>| MASK
   <|endoftext|>|[MASK]<|endoftext|>| MASK
          <|endoftext|>|[MASK]<|endoftext|>|MASK<|endoftext|>",
158,groups,,False,3,||,<|endoftext|>,<|endoftext|>|<|endoftext|>|<|endoftext|>,
159,expectedPolicy,MASK,False,8,MASK|MASK|MASK|MASK|MASK|MASK|MASK|MASK, [MASK]<|endoftext|>, [MASK]<|endoftext|>| [MASK]<|endoftext|>|[MASK]<|endoftext|>| MASK<|endoftext|>|[MASK]<|endoftext|>|[MASK]  <|endoftext|>|[MASK]<|endoftext|>|MASK<|endoftext|>,
160,colorIndex,MASK,False,3,MASK|MASK|MASK,"[MASK]  = bitmapData.readUnsignedByte();
        if ( [MASK]  != ","[MASK]  = bitmapData.readUnsignedByte();
        if ( [MASK]  != |MASK  != 0) {
          argbBitmapData[argbBitmapDataIndex++] = colors|MASK  & 0x3F<|endoftext|>",
161,tokenInfos,MASK,False,5,MASK|MASK|MASK|MASK|MASK,  [MASK] <|endoftext|>,"  [MASK] <|endoftext|>|  [MASK]<|endoftext|>|[MASK]<|endoftext|>|MASK<|endoftext|>|MASK .stream().map(TokenInfo::getHash).collect(Collectors.toUnmodifiableSet()),
            equalTo",
162,bindingResultWithError,MASK,False,3,MASK|MASK|MASK, [MASK] <|endoftext|>," [MASK] <|endoftext|>|MASK  .rejectValue(""time"", ""error"");
		bindingResult.rejectValue(""time"",|MASK <|endoftext|>",
163,missingId,MASK,False,3,MASK|MASK|MASK, [MASK] <|endoftext|>, [MASK] <|endoftext|>|[MASK]<|endoftext|>| MASK <|endoftext|>,
164,answer,MASK,False,2,MASK|MASK,[MASK]<|endoftext|>,[MASK]<|endoftext|>|MASK<|endoftext|>,
165,keygen,MASK,False,7,MASK|MASK|MASK|MASK|MASK|MASK|MASK, [MASK]<|endoftext|>," [MASK]<|endoftext|>| [MASK]  = KeyGenerator.getInstance(""AES"", provider);
                  [MASK] <|endoftext|>| MASK<|endoftext|>|[MASK] <|endoftext|>|MASK<|endoftext|>| MASK<|endoftext|>| MASK<|endoftext|>",
166,startPositionUs,MASK,False,6,MASK|MASK|MASK|MASK|MASK|MASK,  [MASK] <|endoftext|>,"  [MASK] <|endoftext|>|MASK]  =
        playlist.startOffsetUs != C.TIME_UNSET
            ? playlist.startOffset|MASK  ;
    }
    if (playlist.segments.isEmpty()) {
      return 0;
    }
|MASK <|endoftext|>|MASK <|endoftext|>| MASK  - segment.relativeStartTimeUs);
    if (part != null) {
      return segment.relative",
167,internalTypeEnumeration,MASK,False,2,MASK|MASK,  [MASK] <|fim_pad|><|fim_pad|><|fim_pad|><|fim_pad|><|fim_pad|><|fim_pad|><|fim_pad|><|fim_pad|><|fim_pad|><|fim_pad|><|fim_pad|><|fim_pad|><|fim_pad|><|fim_pad|><|fim_pad|>,  [MASK] <|fim_pad|><|fim_pad|><|fim_pad|><|fim_pad|><|fim_pad|><|fim_pad|><|fim_pad|><|fim_pad|><|fim_pad|><|fim_pad|><|fim_pad|><|fim_pad|><|fim_pad|><|fim_pad|><|fim_pad|>|MASK<|fim_pad|><|fim_pad|><|fim_pad|><|fim_pad|><|fim_pad|><|fim_pad|><|fim_pad|><|fim_pad|><|fim_pad|><|fim_pad|><|fim_pad|><|fim_pad|><|fim_pad|><|fim_pad|><|fim_pad|><|fim_pad|><|fim_pad|><|fim_pad|><|fim_pad|>,
168,primaryTerm,primaryTerm,True,6,primaryTerm|MASK|MASK|MASK|MASK|MASK,"primaryTerm = orgReplica.getOperationPrimaryTerm();
            final long   seqNo   <|fim_pad|><|fim_pad|>","primaryTerm = orgReplica.getOperationPrimaryTerm();
            final long   seqNo   <|fim_pad|><|fim_pad|>|[MASK]<|fim_pad|><|fim_pad|><|fim_pad|><|fim_pad|><|fim_pad|><|fim_pad|><|fim_pad|><|fim_pad|><|fim_pad|><|fim_pad|><|fim_pad|><|fim_pad|><|fim_pad|><|fim_pad|><|fim_pad|><|fim_pad|><|fim_pad|>|[MASK] ,
                1,
                IndexRequest.UNSET_AUTO_GENERATED_TIMESTAMP,
                false|MASK ,
                1,
                IndexRequest.UNSET_AUTO_GENERATED_TIMESTAMP,
                false,
               |MASK<|fim_pad|><|fim_pad|><|fim_pad|><|fim_pad|><|fim_pad|><|fim_pad|><|fim_pad|><|fim_pad|><|fim_pad|><|fim_pad|><|fim_pad|><|fim_pad|><|fim_pad|><|fim_pad|><|fim_pad|><|fim_pad|><|fim_pad|><|fim_pad|><|fim_pad|>|MASK<|endoftext|>",
169,method,method,True,12,method|MASK|MASK|MASK|MASK|MASK|MASK|MASK|MASK|MASK|MASK|MASK,method<|endoftext|>,"method<|endoftext|>| [MASK]<|endoftext|>| [MASK]<|endoftext|>|[MASK]<|endoftext|>| [MASK] <|endoftext|>| [MASK]<|endoftext|>|[MASK]<|endoftext|>| MASK  =  MASK ;
    }

    /**
     * This is unreliable for some C++ compilers| MASK<|endoftext|>| MASK <|endoftext|>| MASK<|endoftext|>| MASK<|endoftext|>",
170,moduleName,MASK,False,14,MASK|MASK|MASK|MASK|MASK|MASK|MASK|MASK|MASK|MASK|MASK|MASK|MASK|MASK, [MASK]<|endoftext|>, [MASK]<|endoftext|>|[MASK]<|endoftext|>| [MASK]<|endoftext|>|[MASK]<|endoftext|>| MASK<|endoftext|>|MASK<|endoftext|>| MASK<|endoftext|>| MASK<|endoftext|>|[MASK] <|endoftext|>|MASK<|endoftext|>|[MASK]<|endoftext|>| MASK<|endoftext|>|[MASK]<|endoftext|>| MASK<|endoftext|>,
171,routingNodes,MASK,False,21,MASK|MASK|MASK||MASK|MASK|MASK|MASK|MASK|MASK|MASK|MASK|MASK|MASK|MASK|MASK||MASK|MASK|MASK|MASK, [MASK]<|endoftext|>," [MASK]<|endoftext|>| [MASK]<|endoftext|>| [MASK]<|endoftext|>|<|endoftext|>| [MASK]<|endoftext|>|[MASK] .node(""node1"").numberOfShardsWithState(STARTED), equalTo(| MASK .node(""node2"").numberOfShardsWithState(STARTED), equalTo(10| [MASK]  = clusterState.getRoutingNodes();

        assertThat(clusterState.routingTable().index(""|[MASK] .node(""node1"").numberOfShardsWithState(STARTED), equalTo(|MASK .node(""node1"").numberOfShardsWithState(STARTED) +  MASK .| MASK .node(""node1"").numberOfShardsWithState(RELOCATING),
            equalTo(1|MASK .node(""node2"").numberOfShardsWithState(STARTED), lessThan(1|MASK .node(""node2"").numberOfShardsWithState(STARTED) +  MASK .|[MASK] .node(""node2"").numberOfShardsWithState(RELOCATING),
            equalTo|MASK .node(""node3"").numberOfShardsWithState(UNASSIGNED), equalTo(0|[MASK]<|endoftext|>|<|endoftext|>| MASK  = clusterState.getRoutingNodes();

        assertThat(clusterState.routingTable().index(""test"").|MASK .node(""node1"").numberOfShardsWithState(STARTED), equalTo(7));
| MASK .node(""node1"").numberOfShardsWithState(RELOCATING), equalTo(0));
| MASK<|endoftext|>",
172,refer,MASK,False,29,MASK|MASK|MASK|MASK|MASK|MASK|MASK|MASK|MASK|MASK|MASK|MASK|MASK|MASK||MASK||MASK|MASK|MASK|MASK|MASK|MASK|MASK|MASK|MASK||MASK|MASK, [MASK]<|endoftext|>," [MASK]<|endoftext|>| [MASK]<|endoftext|>| [MASK] <|endoftext|>|[MASK]<|endoftext|>| [MASK] (IDemoService.class,
                registryUrl
                        .addParameter(""max.id|MASK<|endoftext|>| MASK .destroy();
    }

    @Test
    public void testInvocationWithPoolConfig() {
|[MASK]<|endoftext|>| [MASK]<|endoftext|>|MASK<|endoftext|>|[MASK]<|endoftext|>| MASK<|endoftext|>|MASK<|endoftext|>|[MASK]<|endoftext|>|<|endoftext|>|MASK<|endoftext|>|<|endoftext|>|[MASK]<|endoftext|>| [MASK]<|endoftext|>|MASK<|endoftext|>| MASK<|endoftext|>| MASK<|endoftext|>|[MASK]<|endoftext|>|MASK<|endoftext|>| MASK <|endoftext|>|[MASK]<|endoftext|>|<|endoftext|>|MASK<|endoftext|>| MASK <|endoftext|>",
173,object,,False,3,||,<|endoftext|>,<|endoftext|>|<|endoftext|>|<|endoftext|>,
174,heuristicIsSuperset,heuristic,False,7,heuristic|MASK|MASK|MASK|MASK|MASK|MASK,heuristic<|endoftext|>,"heuristic<|endoftext|>| [MASK] .getScore(1, 2, 3, 4);
            fail|[MASK]<|endoftext|>|[MASK]<|endoftext|>|MASK .getScore(1, 2, 4, 3);
            fail();
       |MASK .getScore(1, 3, 4, 4);
            fail();
       |MASK<|endoftext|>",
175,document,object,False,9,object|MASK|MASK|new|sourceFieldData|with|MASK|parsedFieldData|MASK,object.<|endoftext|>,"object.<|endoftext|>| [MASK]<|endoftext|>| [MASK]  [MASK]  [MASK]  [MASK]  [MASK] |new<|endoftext|>|sourceFieldData<|endoftext|>|with id '"" + id + ""'"")
        );
        assertThat(
            ProvidedIdFieldMapper.NO_FIELD|MASK<|endoftext|>|parsedFieldData<|endoftext|>|MASK <|endoftext|>",
176,deletedProjects,MASK,False,8,MASK|MASK|MASK|MASK|MASK|MASK|MASK|MASK, [MASK]<|endoftext|>," [MASK]<|endoftext|>| [MASK]<|endoftext|>|[MASK]<|endoftext|>|MASK <|endoftext|>|[MASK]  = randomSubsetOf(projects);
        var state = buildState(projects);
| MASK<|endoftext|>|MASK<|endoftext|>|MASK<|endoftext|>",
177,status,[0],False,6,[0]|MASK|MASK|MASK|MASK|MASK,[0]  <|endoftext|>,"[0]  <|endoftext|>|[MASK] <|endoftext|>| [MASK] <|endoftext|>|MASK<|endoftext|>|MASK <|endoftext|>|MASK  );
	}

	@Test
	void expectStatusWithReason() throws IOException {
		HttpStatus",
178,images,MASK,False,3,MASK|MASK|MASK, [MASK]  [MASK]  [MASK]  [MASK]  [MASK] ," [MASK]  [MASK]  [MASK]  [MASK]  [MASK] | MASK 
         <|endoftext|>| MASK <|endoftext|>",
179,fmtCal,000));,False,2,000));|ss,"000));
        assertEquals(""hh bbb | 00:30:00","000));
        assertEquals(""hh bbb | 00:30:00|:ss bbbb | 00:00:00"", ""12:00",
180,projects,MASK,False,2,MASK|MASK,  [MASK]<|endoftext|>,  [MASK]<|endoftext|>|MASK <|endoftext|>,
181,context,MASK,False,5,MASK|MASK|MASK|MASK|MASK, [MASK] <|endoftext|>, [MASK] <|endoftext|>| [MASK]<|endoftext|>| [MASK]<|endoftext|>| MASK<|endoftext|>|MASK<|endoftext|>,
182,sourceJar,MASK,False,9,MASK|MASK|MASK|MASK|MASK|MASK|MASK|MASK|MASK, [MASK]<|endoftext|>, [MASK]<|endoftext|>| [MASK]<|endoftext|>| [MASK]<|endoftext|>| MASK<|endoftext|>| MASK<|endoftext|>|[MASK]<|endoftext|>| MASK<|endoftext|>| MASK <|endoftext|>|MASK<|endoftext|>,
183,player,MASK,False,17,MASK|MASK|MASK|MASK|MASK|MASK|MASK|MASK|MASK|MASK|MASK|MASK|MASK|MASK|MASK|MASK|MASK,[MASK]<|endoftext|>,"[MASK]<|endoftext|>|[MASK]<|endoftext|>|[MASK]<|endoftext|>|[MASK]<|endoftext|>|[MASK] 2.robolectric.ParameterizedRobolectricTestRunner;
import com.google.android|[MASK]<|endoftext|>|MASK<|endoftext|>|[MASK]<|endoftext|>|MASK<|endoftext|>|MASK<|endoftext|>|  [MASK] <|endoftext|>|MASK]<|endoftext|>| [MASK]<|endoftext|>|[MASK]<|endoftext|>| MASK<|endoftext|>| MASK<|endoftext|>| MASK 
       <|endoftext|>",
184,hasPointValues,MASK,False,4,MASK|MASK|MASK|hasPointValues,[MASK] <|endoftext|>,"[MASK] <|endoftext|>|[MASK] <|endoftext|>| MASK  ;
        }

        private static FieldInfo[] toArray(FieldInfos src) {
            FieldInfo|hasPointValues<|endoftext|>",
185,bucketCount,MASK,False,2,MASK|MASK,  [MASK]<|endoftext|>,  [MASK]<|endoftext|>|MASK <|endoftext|>,
186,names,MASK,False,3,MASK|MASK|MASK,  [MASK] <|endoftext|>,  [MASK] <|endoftext|>|  [MASK] <|endoftext|>| MASK<|endoftext|>,
187,dataSet,MASK,False,8,MASK|MASK|MASK|MASK|MASK|MASK|MASK|MASK, [MASK] <|endoftext|>," [MASK] <|endoftext|>| [MASK] .setXValuePosition(PieDataSet.ValuePosition.OUTSIDE_SLICE);
         [|[MASK] .setXValuePosition(PieDataSet.ValuePosition.OUTSIDE_SLICE);
         [|[MASK] .setXValuePosition(PieDataSet.ValuePosition.OUTSIDE_SLICE);
         [|MASK .setXValuePosition(PieDataSet.ValuePosition.OUTSIDE_SLICE);
         MASK .set|MASK<|endoftext|>|MASK .setXValuePosition(PieDataSet.ValuePosition.OUTSIDE_SLICE);
        // MASK .|MASK <|endoftext|>",
188,requestClass,MASK,False,6,MASK|MASK|MASK|MASK|MASK|MASK, [MASK]<|endoftext|>," [MASK]<|endoftext|>|MASK <|endoftext|>|MASK<|endoftext|>| MASK <|endoftext|>| MASK <|endoftext|>|MASK .getName() + "" in "" + this.requests.size() + "" requests"" + this.requests",
189,startPositionUs,MASK,False,4,MASK|MASK|MASK|MASK,[MASK]<|endoftext|>,[MASK]<|endoftext|>|[MASK] <|endoftext|>|MASK <|endoftext|>|MASK<|endoftext|>,
190,fieldDescriptor,MASK,False,3,MASK|MASK|MASK,              [MASK]     <|endoftext|>,              [MASK]     <|endoftext|>|[MASK]<|endoftext|>|MASK<|endoftext|>,
191,historyEntryID,MASK,False,7,MASK|MASK|MASK|MASK|MASK|id|MASK, [MASK]<|endoftext|>," [MASK]<|endoftext|>| [MASK] <|endoftext|>| [MASK] <|endoftext|>|MASK <|endoftext|>| MASK <|endoftext|>|id, id, null, null, null, null, null, null, null, null,|MASK <|endoftext|>",
192,buildDistTask,MASK,False,8,MASK|MASK|MASK|MASK|MASK|MASK|MASK|MASK,[MASK] <|endoftext|>,[MASK] <|endoftext|>|[MASK] <|endoftext|>|[MASK]<|endoftext|>|[MASK] <|endoftext|>|[MASK]<|endoftext|>|MASK<|endoftext|>|MASK <|endoftext|>| MASK<|endoftext|>,
193,fromUser,fromUser,True,1,fromUser,fromUser<|endoftext|>,fromUser<|endoftext|>,
194,processEnvironmentClass,MASK,False,3,MASK|MASK|MASK, [MASK] <|endoftext|>, [MASK] <|endoftext|>|[MASK]<|endoftext|>| MASK <|fim_middle|> MASK <|endoftext|>,
195,writeLock,MASK,False,8,MASK|MASK|MASK|MASK|MASK|MASK|MASK|MASK, [MASK]<|endoftext|>," [MASK]<|endoftext|>| [MASK]<|endoftext|>| [MASK]<|endoftext|>|MASK<|endoftext|>|[MASK]  = httpClientsLock. [MASK] ();
         [MASK] .lock();
| MASK<|endoftext|>| [MASK]<|endoftext|>| MASK<|endoftext|>",
196,numObj,MASK,False,7,MASK|MASK|MASK|MASK|MASK|MASK|MASK,  [MASK] <|endoftext|>,"  [MASK] <|endoftext|>|[MASK]<|endoftext|>|MASK , strBuffer, fpos);
            } else {
                errln(""FAIL: Can't|[MASK]<|endoftext|>|MASK<|endoftext|>|MASK<|endoftext|>|MASK<|endoftext|>",
197,initialRoutingTable,MASK,False,2,MASK|MASK,   [MASK]   <|endoftext|>,   [MASK]   <|endoftext|>|MASK <|endoftext|>,
198,methodName,MASK,False,3,MASK|MASK|MASK, [MASK]<|endoftext|>," [MASK]<|endoftext|>|MASK<|endoftext|>| MASK
                        + ""' was not found in '""
                        + clazz.getSimpleName()
                        + ""'"");
   ",
199,failFast,MASK,False,4,MASK|MASK|MASK|MASK,[MASK]<|endoftext|>,[MASK]<|endoftext|>|MASK<|endoftext|>|MASK<|endoftext|>|MASK<|endoftext|>,
200,flushThreshold,MASK,False,2,MASK|MASK,  [MASK]<|endoftext|>,"  [MASK]<|endoftext|>|MASK
                        + ""b"")
                    .put(IndexSettings.INDEX_TRANSLOG_FLUSH_THRESHOLD_PERIOD_SETTING",
201,onDisabledOs,,False,2,|onDisabledArchitecture, <|endoftext|>," <|endoftext|>|  && !onDisabledArchitecture) {
			return ConditionEvaluationResult
				.enabled(String.format(""",
202,existingIngestPipelines,MASK,False,4,MASK|MASK|MASK|MASK, [MASK]<|endoftext|>, [MASK]<|endoftext|>|  [MASK]<|endoftext|>|[MASK]<|endoftext|>| MASK<|endoftext|>,
203,fields,MASK,False,6,MASK|MASK|MASK|MASK|MASK|MASK,[MASK]<|endoftext|>,[MASK]<|endoftext|>|MASK<|endoftext|>|MASK <|endoftext|>|MASK<|endoftext|>|MASK<|endoftext|>|MASK <|endoftext|>,
204,expectedShardSize,expectedShardSize,True,2,expectedShardSize|expectedShardSize,expectedShardSize<|endoftext|>,expectedShardSize<|endoftext|>|expectedShardSize<|endoftext|>,
205,extensions,MASK,False,14,MASK|MASK|MASK|MASK|MASK|MASK|MASK|MASK|MASK|MASK|MASK|MASK|MASK|MASK,[MASK]<|endoftext|>,"[MASK]<|endoftext|>|MASK] , /* ignoreUserOptions= */ true);
  }

  /**
   * Creates a new|[MASK]  as if they were passed to
   * the Blaze server.
   *
  |[MASK]<|fim_pad|><|fim_pad|><|fim_pad|><|fim_pad|><|fim_pad|><|fim_pad|><|fim_pad|><|fim_pad|><|fim_pad|><|fim_pad|><|fim_pad|><|fim_pad|><|fim_pad|><|fim_pad|><|fim_pad|><|fim_pad|><|fim_pad|>|[MASK]<|fim_pad|><|fim_pad|><|fim_pad|><|fim_pad|><|fim_pad|><|fim_pad|><|fim_pad|><|fim_pad|><|fim_pad|><|fim_pad|><|fim_pad|><|fim_pad|><|fim_pad|><|fim_pad|><|fim_pad|><|fim_pad|><|fim_pad|>|MASK<|endoftext|>|   /*  MASK  = */ <|fim_pad|><|fim_pad|><|fim_pad|><|fim_pad|><|fim_pad|><|fim_pad|><|fim_pad|><|fim_pad|><|fim_pad|><|fim_pad|><|fim_pad|><|fim_pad|>|MASK
   *  MASK  to pass to the command.
   *
   * @param command|MASK<|endoftext|>|MASK  to pass to the command.
   */
  public final CommandEnvironment newCustomCommandWithExtensions|MASK<|endoftext|>|MASK]<|endoftext|>|MASK<|endoftext|>|MASK<|endoftext|>",
206,currentState,MASK,False,6,MASK|MASK|MASK|MASK|MASK|MASK," [MASK] , Metadata.ReservedStateMetadata  [MASK]<|endoftext|>"," [MASK] , Metadata.ReservedStateMetadata  [MASK]<|endoftext|>|[MASK]  [MASK]  [MASK]  [MASK]  [MASK] |[MASK]<|endoftext|>|MASK<|endoftext|>| MASK<|endoftext|>| MASK<|endoftext|>",
207,target,MASK,False,2,MASK|MASK,[MASK] <|endoftext|>,[MASK] <|endoftext|>|MASK<|endoftext|>,
208,rightIndex,rightIndex,True,3,rightIndex|rightIndex|rightIndex,rightIndex <|endoftext|>,rightIndex <|endoftext|>|rightIndex<|endoftext|>|rightIndex<|endoftext|>,
209,prefix,MASK,False,3,MASK|MASK|MASK,  [MASK]<|endoftext|>,"  [MASK]<|endoftext|>|[MASK] <|endoftext|>| MASK
      <|endoftext|>",
210,configInput,MASK,False,3,MASK|MASK|MASK, [MASK]<|endoftext|>," [MASK]<|endoftext|>|MASK  != null && !  MASK  .isEmpty() &&  MASK  .length() %| MASK  );
      formatBuilder.setInitializationData(ImmutableList.of(configBuffer));
      Pair<Integer,",
211,headers,responseHeaders,False,6,responseHeaders|MASK|MASK|MASK|MASK|MASK,responseHeaders<|endoftext|>,responseHeaders<|endoftext|>|[MASK]<|endoftext|>|MASK]<|endoftext|>|MASK<|endoftext|>|[MASK]<|endoftext|>| MASK<|endoftext|>,
212,outputUncast,MASK,False,9,MASK|MASK|MASK|MASK|MASK|MASK|MASK|MASK|MASK,[MASK]<|endoftext|>,"[MASK]<|endoftext|>|[MASK] .areAllValuesNull()) {
      return;
    }
    LongBlock output =|[MASK]<|endoftext|>|[MASK]<|endoftext|>|MASK .areAllValuesNull()) {
      return;
    }
    LongBlock output = (Long|MASK <|endoftext|>|MASK<|endoftext|>| MASK <|endoftext|>|MASK<|endoftext|>",
213,exportsByModule,exportsByModule,True,2,exportsByModule|exportsByModule,"exportsByModule
   <|endoftext|>","exportsByModule
   <|endoftext|>|exportsByModule
                       <|endoftext|>",
214,parentLeafFactory,MASK,False,2,MASK|MASK,  [MASK] <|endoftext|>,"  [MASK] <|endoftext|>|MASK
                   <|endoftext|>",
215,nodeId,MASK,False,27,MASK|MASK|MASK|MASK|MASK|MASK|MASK|MASK|MASK|MASK|MASK|MASK|MASK|MASK|MASK|MASK|MASK|MASK|MASK|MASK|MASK|MASK|MASK|MASK|MASK|MASK|MASK, [MASK]<|endoftext|>," [MASK]<|endoftext|>| [MASK]<|endoftext|>| [MASK]<|endoftext|>|MASK<|endoftext|>|[MASK]<|endoftext|>| [MASK]<|endoftext|>| MASK<|endoftext|>|MASK , queueEWMA, responseEWMA, avgServiceTimeNanos);
            } else {
|[MASK]<|endoftext|>| MASK]<|endoftext|>| MASK<|endoftext|>|[MASK]<|endoftext|>| MASK<|endoftext|>| MASK<|endoftext|>|MASK ]<|endoftext|>|[MASK] <|endoftext|>|[MASK]<|endoftext|>| [MASK]<|endoftext|>| MASK<|endoftext|>| [MASK] <|endoftext|>|[MASK]<|endoftext|>| MASK <|endoftext|>|MASK <|endoftext|>|MASK<|endoftext|>|[MASK]<|endoftext|>| MASK<|endoftext|>| MASK<|endoftext|>",
216,increase,MASK,False,3,MASK|MASK|MASK,[MASK]<|endoftext|>,[MASK]<|endoftext|>|[MASK]  / (largestTimestamp - secondLargestTimestamp) * 100|  MASK<|endoftext|>,
217,field,field,True,6,field|MASK|MASK|MASK|MASK|MASK,"field"", GeometryFieldScript.class);
    public static final String[] PARAMETERS = {};
    public static final","field"", GeometryFieldScript.class);
    public static final String[] PARAMETERS = {};
    public static final|[MASK] Name<|endoftext|>|[MASK] Name<|endoftext|>|[MASK]<|endoftext|>|[MASK]<|endoftext|>|MASK<|endoftext|>",
218,noOffsetText,pattern,False,2,pattern|pattern,pattern<|fim_pad|><|fim_pad|><|fim_pad|><|fim_pad|><|fim_pad|><|fim_pad|><|fim_pad|><|fim_pad|><|fim_pad|><|fim_pad|><|fim_pad|><|fim_pad|><|fim_pad|><|fim_pad|><|fim_pad|><|fim_pad|><|fim_pad|><|fim_pad|><|fim_pad|>,pattern<|fim_pad|><|fim_pad|><|fim_pad|><|fim_pad|><|fim_pad|><|fim_pad|><|fim_pad|><|fim_pad|><|fim_pad|><|fim_pad|><|fim_pad|><|fim_pad|><|fim_pad|><|fim_pad|><|fim_pad|><|fim_pad|><|fim_pad|><|fim_pad|><|fim_pad|>|pattern<|fim_pad|><|fim_pad|><|fim_pad|><|fim_pad|><|fim_pad|><|fim_pad|><|fim_pad|><|fim_pad|><|fim_pad|><|fim_pad|><|fim_pad|><|fim_pad|><|fim_pad|><|fim_pad|><|fim_pad|><|fim_pad|><|fim_pad|><|fim_pad|><|fim_pad|>,
219,bufIndex,MASK,False,6,MASK|MASK|MASK|MASK|MASK|MASK,   [MASK]<|endoftext|>,"   [MASK]<|endoftext|>| [MASK] <|endoftext|>| [MASK]<|endoftext|>|MASK <|endoftext|>| MASK  + 32);
            builder.append(buffer, 0,  MASK );
            buffer| MASK <|endoftext|>",
220,resCls,MASK,False,20,MASK|MASK|MASK|MASK|MASK|MASK|MASK|MASK|MASK|MASK|MASK|MASK|MASK|MASK|MASK|MASK|MASK|MASK|[|MASK, [MASK]<|endoftext|>, [MASK]<|endoftext|>|[MASK] <|endoftext|>|[MASK] Candidate<|endoftext|>| MASK<|endoftext|>|[MASK]<|endoftext|>|[MASK]<|endoftext|>| MASK<|endoftext|>|[MASK]<|endoftext|>|[MASK]<|endoftext|>| MASK<|endoftext|>| MASK<|endoftext|>|[MASK]<|endoftext|>|[MASK]<|endoftext|>|[MASK]<|endoftext|>|MASK<|endoftext|>|[MASK]<|endoftext|>|[MASK]<|endoftext|>|MASK<|endoftext|>|[<|endoftext|>| MASK<|endoftext|>,
221,listGet,MASK,False,3,MASK|MASK|MASK,  [MASK]  <|endoftext|>,  [MASK]  <|endoftext|>|[MASK]<|endoftext|>|MASK<|endoftext|>,
222,cipher,,False,7,|MASK|MASK|MASK|MASK|MASK|MASK,<|endoftext|>,<|endoftext|>| [MASK] <|endoftext|>| [MASK]<|endoftext|>|MASK<|endoftext|>|MASK<|endoftext|>|MASK<|endoftext|>| MASK <|endoftext|>,
223,month,MASK,False,11,MASK|MASK|MASK|MASK|MASK|MASK|MASK|MASK|MASK|MASK|MASK, [MASK] <|endoftext|>, [MASK] <|endoftext|>| [MASK]  == null ? 0 :   [MASK] <|endoftext|>| [MASK]<|endoftext|>|[MASK]<|endoftext|>|MASK <|endoftext|>|[MASK]<|endoftext|>|[MASK]<|endoftext|>|MASK<|endoftext|>|[MASK]<|endoftext|>| MASK<|endoftext|>|MASK<|endoftext|>,
224,warningSettingName,MASK,False,4,MASK|MASK|MASK|MASK, [MASK] <|endoftext|>, [MASK] <|endoftext|>|[MASK]<|endoftext|>|MASK<|endoftext|>| MASK <|endoftext|>,
225,synonymsIdsUsedInIndices,synonymIdsUsedInIndices,False,2,synonymIdsUsedInIndices|synonymIdsUsedInIndices,synonymIdsUsedInIndices<|endoftext|>,synonymIdsUsedInIndices<|endoftext|>|synonymIdsUsedInIndices<|endoftext|>,
226,groupEnd,MASK,False,12,MASK|MASK|MASK|MASK|MASK|MASK|MASK|MASK|MASK|MASK|MASK|MASK,[MASK]<|endoftext|>,"[MASK]<|endoftext|>|[MASK]<|endoftext|>|[MASK]<|endoftext|>|MASK<|endoftext|>|MASK  = groupStart + groups.getValueCount(groupPosition);
      for (int g = groupStart|MASK<|endoftext|>|[MASK]<|endoftext|>| MASK<|endoftext|>|MASK  = groupStart + groups.getValueCount(groupPosition);
      for (int g = groupStart|MASK<|endoftext|>|MASK<|endoftext|>|MASK<|endoftext|>",
227,isManifestChanged,hasManifestChanged,False,3,hasManifestChanged|hasManifestChanged|hasManifestChanged,hasManifestChanged<|fim_pad|><|fim_pad|><|fim_pad|><|fim_pad|><|fim_pad|><|fim_pad|><|fim_pad|><|fim_pad|><|fim_pad|><|fim_pad|><|fim_pad|><|fim_pad|><|fim_pad|><|fim_pad|><|fim_pad|><|fim_pad|><|fim_pad|>,"hasManifestChanged<|fim_pad|><|fim_pad|><|fim_pad|><|fim_pad|><|fim_pad|><|fim_pad|><|fim_pad|><|fim_pad|><|fim_pad|><|fim_pad|><|fim_pad|><|fim_pad|><|fim_pad|><|fim_pad|><|fim_pad|><|fim_pad|><|fim_pad|>|hasManifestChanged<|fim_pad|><|fim_pad|><|fim_pad|><|fim_pad|><|fim_pad|><|fim_pad|><|fim_pad|><|fim_pad|><|fim_pad|><|fim_pad|><|fim_pad|><|fim_pad|><|fim_pad|><|fim_pad|><|fim_pad|><|fim_pad|><|fim_pad|>|hasManifestChanged
              <|fim_pad|><|fim_pad|><|fim_pad|><|fim_pad|><|fim_pad|><|fim_pad|><|fim_pad|><|fim_pad|><|fim_pad|><|fim_pad|><|fim_pad|><|fim_pad|><|fim_pad|><|fim_pad|><|fim_pad|>",
228,dataStreamRemote1Alias,MASK,False,4,MASK|MASK|MASK|MASK, [MASK] <|endoftext|>, [MASK] <|endoftext|>|[MASK] <|endoftext|>| MASK <|endoftext|>| MASK <|endoftext|>,
229,elementValueMethodName,MASK,False,5,MASK|MASK|MASK|MASK|MASK, [MASK]<|endoftext|>, [MASK]<|endoftext|>| [MASK]<|endoftext|>| MASK<|endoftext|>| [MASK]<|endoftext|>| MASK<|endoftext|>,
230,parser,MASK,False,38,MASK|MASK|MASK|MASK|MASK|MASK|MASK|MASK|MASK|MASK|MASK|MASK|MASK|MASK|MASK|MASK|MASK|MASK|MASK|MASK|MASK|MASK|MASK|MASK|MASK|MASK|MASK|MASK|MASK|MASK|MASK|MASK|MASK|MASK|MASK|MASK|MASK|MASK,[MASK]<|endoftext|>,"[MASK]<|endoftext|>|[MASK]<|endoftext|>|MASK<|endoftext|>|MASK<|endoftext|>| [MASK]<|endoftext|>| [MASK]<|endoftext|>| MASK <|endoftext|>|[MASK]<|endoftext|>|[MASK]<|endoftext|>|[MASK]<|endoftext|>|[MASK]<|endoftext|>| [MASK]<|endoftext|>|[MASK]<|endoftext|>|[MASK]<|endoftext|>|[MASK]<|endoftext|>|MASK<|endoftext|>|[MASK]<|endoftext|>|[MASK] .config(Feature.AllowUnQuotedFieldNames, true);
        LinkedHashMap a =|MASK<|endoftext|>|[MASK]<|endoftext|>|[MASK] .config(Feature.AllowUnQuotedFieldNames, true);
             [MASK]|[MASK]<|endoftext|>|[MASK]<|endoftext|>| MASK<|endoftext|>|[MASK]<|endoftext|>|[MASK]<|endoftext|>|MASK<|endoftext|>|[MASK]<|endoftext|>|[MASK]<|endoftext|>|MASK<|endoftext|>|[MASK]<|endoftext|>|[MASK] .config(Feature.AllowSingleQuotes, true);
             [MASK]<|endoftext|>|[MASK]<|endoftext|>|[MASK]<|endoftext|>| MASK<|endoftext|>|[MASK]<|endoftext|>|[MASK]<|endoftext|>| MASK<|endoftext|>",
231,directories,blazeDirectories,False,3,blazeDirectories|blazeDirectories|,blazeDirectories<|fim_pad|><|fim_pad|><|fim_pad|><|fim_pad|><|fim_pad|><|fim_pad|><|fim_pad|><|fim_pad|><|fim_pad|><|fim_pad|><|fim_pad|><|fim_pad|><|fim_pad|><|fim_pad|><|fim_pad|><|fim_pad|><|fim_pad|>,"blazeDirectories<|fim_pad|><|fim_pad|><|fim_pad|><|fim_pad|><|fim_pad|><|fim_pad|><|fim_pad|><|fim_pad|><|fim_pad|><|fim_pad|><|fim_pad|><|fim_pad|><|fim_pad|><|fim_pad|><|fim_pad|><|fim_pad|><|fim_pad|>|blazeDirectories, runtime.getStartupOptionsProvider()<|fim_pad|><|fim_pad|><|fim_pad|><|fim_pad|><|fim_pad|><|fim_pad|><|fim_pad|><|fim_pad|><|fim_pad|><|fim_pad|>|<|endoftext|>",
232,backingIndex,MASK,False,14,MASK|MASK|MASK|MASK|MASK|MASK|MASK|MASK|MASK|MASK|MASK|MASK|MASK|MASK,[MASK]<|endoftext|>,"[MASK]<|endoftext|>|[MASK]<|endoftext|>|[MASK]<|endoftext|>|[MASK]<|endoftext|>|MASK<|endoftext|>|MASK<|endoftext|>|[MASK] <|endoftext|>|MASK <|endoftext|>|MASK ))
                .actionGet();
            assertThat(getIndexResponse.getSettings().get( [MASK]|[MASK]<|endoftext|>|MASK ), notNullValue());
            assertThat(getIndexResponse.getSettings().get( MASK<|endoftext|>|MASK<|endoftext|>| [MASK]<|endoftext|>|MASK<|endoftext|>",
233,numberFormat,MASK,False,6,MASK|MASK|MASK|MASK|MASK|MASK,[MASK]<|endoftext|>,[MASK]<|endoftext|>|[MASK]<|endoftext|>|[MASK]<|endoftext|>|MASK<|endoftext|>|MASK<|endoftext|>|MASK<|endoftext|>,
234,fullName,MASK,False,3,MASK|MASK|MASK,[MASK] <|endoftext|>,[MASK] <|endoftext|>|[MASK]<|endoftext|>| MASK<|endoftext|>,
235,replicaShard,MASK,False,6,MASK|MASK|MASK|MASK|MASK|MASK," [MASK]  = newShard(primaryShard.shardId(), false);
        updateMappings"," [MASK]  = newShard(primaryShard.shardId(), false);
        updateMappings| [MASK] .shardId(),  [MASK] .indexSettings()<|endoftext|>| MASK <|endoftext|>| MASK  .recoveryState().getIndex().recoveredFileCount(), equalTo(0));
                assertThat|MASK .store().directory());
        long maxSeqNo = Long.parseLong(commits.get(0).| MASK );
    }

    public void testPeerRecoverySendSafeCommitInTranslogBased() throws",
236,project,MASK,False,8,MASK|MASK|MASK|MASK|MASK|MASK|MASK|, [MASK]<|endoftext|>, [MASK]<|endoftext|>| [MASK]<|endoftext|>|MASK<|endoftext|>| MASK<|endoftext|>|[MASK]<|endoftext|>| [MASK]<|endoftext|>| MASK<|endoftext|>|<|endoftext|>,
237,rootAbs,fim_pad,False,3,fim_pad|fim_pad|fim_pad, <|fim_pad|><|fim_pad|><|fim_pad|><|fim_pad|><|fim_pad|><|fim_pad|><|fim_pad|><|fim_pad|><|fim_pad|><|fim_pad|><|fim_pad|><|fim_pad|><|fim_pad|><|fim_pad|><|fim_pad|><|fim_pad|><|fim_pad|><|fim_pad|><|fim_pad|>, <|fim_pad|><|fim_pad|><|fim_pad|><|fim_pad|><|fim_pad|><|fim_pad|><|fim_pad|><|fim_pad|><|fim_pad|><|fim_pad|><|fim_pad|><|fim_pad|><|fim_pad|><|fim_pad|><|fim_pad|><|fim_pad|><|fim_pad|><|fim_pad|><|fim_pad|>|fim_pad<|fim_pad|><|fim_pad|><|fim_pad|><|fim_pad|><|fim_pad|><|fim_pad|><|fim_pad|><|fim_pad|><|fim_pad|><|fim_pad|><|fim_pad|><|fim_pad|><|fim_pad|><|fim_pad|><|fim_pad|><|fim_pad|><|fim_pad|>|fim_pad<|fim_pad|><|fim_pad|><|fim_pad|><|fim_pad|><|fim_pad|><|fim_pad|><|fim_pad|><|fim_pad|><|fim_pad|><|fim_pad|><|fim_pad|><|fim_pad|><|fim_pad|><|fim_pad|><|fim_pad|><|fim_pad|><|fim_pad|>,
238,contentType,MASK,False,7,MASK|MASK|MASK|MASK|MASK|MASK|contentType, [MASK]<|endoftext|>," [MASK]<|endoftext|>| [MASK]<|endoftext|>|MASK  );
        } else if (Strings.hasText( MASK ) == false) {
            throw|[MASK]<|endoftext|>| MASK <|endoftext|>| MASK<|endoftext|>|contentType<|endoftext|>",
239,clearRealmCacheRequest,MASK,False,5,MASK|MASK|MASK|MASK|MASK,  [MASK] <|endoftext|>,"  [MASK] <|endoftext|>|[MASK] .v1().allRealms(), is(true));
            assertThat( [MASK]|[MASK]<|endoftext|>| MASK<|endoftext|>| MASK <|endoftext|>",
240,rLogger,MASK,False,4,MASK|MASK|MASK|MASK, [MASK] <|endoftext|>, [MASK] <|endoftext|>| MASK <|endoftext|>| MASK <|endoftext|>| MASK<|endoftext|>,
241,updater,",",False,15,",|setting|for|build|MASK|MASK|MASK|MASK|MASK|MASK|MASK|MASK|MASK|MASK|MASK",",
            () -> setting.get(Settings.builder().put(""int.setting"", ""-21474",",
            () -> setting.get(Settings.builder().put(""int.setting"", ""-21474| setting = Setting.longSetting(""long.setting"", 0L, Long.MIN_VALUE, Long.MAX_VALUE|23372036854775808] for setting|372036854775809"").build())
        );
| [MASK]<|endoftext|>| [MASK] <|endoftext|>| [MASK]<|endoftext|>|[MASK]<|endoftext|>|MASK<|endoftext|>| MASK .getValue(Settings.builder().put(""prefix.foo.suffix"", 5).put(""abc"",|[MASK]  with a validator that throws an exception when the value is null
        final Bi|MASK<|endoftext|>| MASK 
        // THEN affix  MASK  is expected to have changed
        assertTrue( [|MASK 
            .hasChanged(current, previous));
        assertTrue( MASK 
            .hasChanged(current| MASK .getValue(current, previous);
        assertNotNull(updatedSettings);
        assertEquals(1, updatedSettings.size",
242,acceptHeaderValue,MASK,False,4,MASK|MASK|MASK|MASK,[MASK]<|endoftext|>,[MASK]<|endoftext|>|[MASK]<|endoftext|>|MASK<|endoftext|>|MASK <|endoftext|>,
243,aggProfileShardResult,,False,2,|, <|endoftext|>, <|endoftext|>|  <|endoftext|>,
244,annotatedBeanClass,MASK,False,2,MASK|MASK,[MASK]<|endoftext|>,[MASK]<|endoftext|>| MASK <|endoftext|>,
245,vScrollKnob,MASK,False,21,MASK|vScrollKnob|MASK|MASK|MASK|MASK|MASK|MASK|MASK|s|setClamp|this|public|MASK|MASK|MASK|MASK|MASK|MASK|MASK|MASK, [MASK]<|fim_pad|><|fim_pad|><|fim_pad|><|fim_pad|><|fim_pad|><|fim_pad|><|fim_pad|><|fim_pad|><|fim_pad|><|fim_pad|><|fim_pad|><|fim_pad|><|fim_pad|><|fim_pad|><|fim_pad|><|fim_pad|><|fim_pad|>," [MASK]<|fim_pad|><|fim_pad|><|fim_pad|><|fim_pad|><|fim_pad|><|fim_pad|><|fim_pad|><|fim_pad|><|fim_pad|><|fim_pad|><|fim_pad|><|fim_pad|><|fim_pad|><|fim_pad|><|fim_pad|><|fim_pad|><|fim_pad|>|vScrollKnob<|fim_pad|><|fim_pad|><|fim_pad|><|fim_pad|><|fim_pad|><|fim_pad|><|fim_pad|><|fim_pad|><|fim_pad|><|fim_pad|><|fim_pad|><|fim_pad|><|fim_pad|><|fim_pad|><|fim_pad|><|fim_pad|>| [MASK]<|fim_pad|><|fim_pad|><|fim_pad|><|fim_pad|><|fim_pad|><|fim_pad|><|fim_pad|><|fim_pad|><|fim_pad|><|fim_pad|><|fim_pad|><|fim_pad|><|fim_pad|><|fim_pad|><|fim_pad|><|fim_pad|><|fim_pad|>|MASK <|endoftext|>|MASK<|fim_pad|><|fim_pad|><|fim_pad|><|fim_pad|><|fim_pad|><|fim_pad|><|fim_pad|><|fim_pad|><|fim_pad|><|fim_pad|><|fim_pad|><|fim_pad|><|fim_pad|><|fim_pad|><|fim_pad|><|fim_pad|><|fim_pad|><|fim_pad|><|fim_pad|>|MASK <|fim_pad|><|fim_pad|><|fim_pad|><|fim_pad|><|fim_pad|><|fim_pad|><|fim_pad|><|fim_pad|><|fim_pad|><|fim_pad|><|fim_pad|><|fim_pad|><|fim_pad|><|fim_pad|><|fim_pad|><|fim_pad|><|fim_pad|><|fim_pad|>| MASK<|fim_pad|><|fim_pad|><|fim_pad|><|fim_pad|><|fim_pad|><|fim_pad|><|fim_pad|><|fim_pad|><|fim_pad|><|fim_pad|><|fim_pad|><|fim_pad|><|fim_pad|><|fim_pad|><|fim_pad|><|fim_pad|><|fim_pad|><|fim_pad|><|fim_pad|>|MASK<|fim_pad|><|fim_pad|><|fim_pad|><|fim_pad|><|fim_pad|><|fim_pad|><|fim_pad|><|fim_pad|><|fim_pad|><|fim_pad|><|fim_pad|><|fim_pad|><|fim_pad|><|fim_pad|><|fim_pad|><|fim_pad|><|fim_pad|><|fim_pad|><|fim_pad|>|MASK<|fim_pad|><|fim_pad|><|fim_pad|><|fim_pad|><|fim_pad|><|fim_pad|><|fim_pad|><|fim_pad|><|fim_pad|><|fim_pad|><|fim_pad|><|fim_pad|><|fim_pad|><|fim_pad|><|fim_pad|><|fim_pad|><|fim_pad|><|fim_pad|><|fim_pad|>|'s bounds. Default is true. */
	public void setClamp (boolean clamp) {
		this| setClamp (boolean clamp) {
		this.clamp = clamp;
	}

	/** For|		this.scrollBarTouch = scrollBarTouch;
	}

	public boolean getScrollBarTouch () {
	|	public boolean getScrollBarTouch () {
		return scrollBarTouch;
	}

	/** When true,|[MASK]  != null) width = style. [MASK] .getMinWidth();
	|[MASK] <|fim_middle|>[MASK]  [MASK]  [MASK]  [MASK]| [MASK] <|endoftext|>| [MASK] <|endoftext|>| MASK<|endoftext|>|MASK <|endoftext|>|MASK  = style. MASK ;
		}

		public ScrollPaneStyle (ScrollPaneStyle style,| MASK<|endoftext|>",
246,entity,MASK,False,2,MASK|MASK,[MASK]<|endoftext|>,[MASK]<|endoftext|>|MASK<|endoftext|>,
247,fullURLStr,MASK,False,5,MASK|the|MASK|MASK|MASK, [MASK] <|endoftext|>, [MASK] <|endoftext|>|the original encodedURLStr before decode<|endoftext|>|[MASK] <|endoftext|>|[MASK]<|endoftext|>|MASK<|endoftext|>,
248,source,MASK,False,4,MASK|MASK|MASK|MASK, [MASK]<|endoftext|>, [MASK]<|endoftext|>|MASK<|endoftext|>|  [MASK] <|endoftext|>| MASK<|endoftext|>,
249,textureId,textureId,True,2,textureId|textureId,textureId <|endoftext|>,"textureId <|endoftext|>|textureId, long presentationTimeUs);

  /**
   * Sets the {@link OnInputFrameProcessed",
250,cMemoryOwn,MASK,False,18,MASK|MASK|MASK|MASK|MASK|MASK|MASK|MASK|MASK|MASK|MASK|MASK|MASK|MASK|MASK|MASK|MASK|MASK,[MASK]<|fim_pad|><|fim_pad|><|fim_pad|><|fim_pad|><|fim_pad|><|fim_pad|><|fim_pad|><|fim_pad|><|fim_pad|><|fim_pad|><|fim_pad|><|fim_pad|><|fim_pad|><|fim_pad|><|fim_pad|><|fim_pad|><|fim_pad|>,[MASK]<|fim_pad|><|fim_pad|><|fim_pad|><|fim_pad|><|fim_pad|><|fim_pad|><|fim_pad|><|fim_pad|><|fim_pad|><|fim_pad|><|fim_pad|><|fim_pad|><|fim_pad|><|fim_pad|><|fim_pad|><|fim_pad|><|fim_pad|>|[MASK]<|fim_pad|><|fim_pad|><|fim_pad|><|fim_pad|><|fim_pad|><|fim_pad|><|fim_pad|><|fim_pad|><|fim_pad|><|fim_pad|><|fim_pad|><|fim_pad|><|fim_pad|><|fim_pad|><|fim_pad|><|fim_pad|><|fim_pad|>|[MASK]<|fim_pad|><|fim_pad|><|fim_pad|><|fim_pad|><|fim_pad|><|fim_pad|><|fim_pad|><|fim_pad|><|fim_pad|><|fim_pad|><|fim_pad|><|fim_pad|><|fim_pad|><|fim_pad|><|fim_pad|><|fim_pad|><|fim_pad|>|MASK<|fim_pad|><|fim_pad|><|fim_pad|><|fim_pad|><|fim_pad|><|fim_pad|><|fim_pad|><|fim_pad|><|fim_pad|><|fim_pad|><|fim_pad|><|fim_pad|><|fim_pad|><|fim_pad|><|fim_pad|><|fim_pad|><|fim_pad|><|fim_pad|><|fim_pad|>|[MASK]<|fim_pad|><|fim_pad|><|fim_pad|><|fim_pad|><|fim_pad|><|fim_pad|><|fim_pad|><|fim_pad|><|fim_pad|><|fim_pad|><|fim_pad|><|fim_pad|><|fim_pad|><|fim_pad|><|fim_pad|><|fim_pad|><|fim_pad|>|MASK<|fim_pad|><|fim_pad|><|fim_pad|><|fim_pad|><|fim_pad|><|fim_pad|><|fim_pad|><|fim_pad|><|fim_pad|><|fim_pad|><|fim_pad|><|fim_pad|><|fim_pad|><|fim_pad|><|fim_pad|><|fim_pad|><|fim_pad|><|fim_pad|><|fim_pad|>|[MASK]<|endoftext|>|MASK<|endoftext|>|[MASK]<|endoftext|>|MASK<|endoftext|>|[MASK]<|endoftext|>|MASK<|endoftext|>|[MASK]<|endoftext|>| MASK<|endoftext|>|[MASK]<|endoftext|>|MASK<|endoftext|>|MASK<|endoftext|>|MASK<|endoftext|>,
251,writer,MASK,False,3,MASK|MASK|MASK, [MASK] <|endoftext|>, [MASK] <|endoftext|>|[MASK]<|endoftext|>| MASK <|endoftext|>,
252,shift,SHIFT,False,2,SHIFT|SHIFT,SHIFT<|endoftext|>,SHIFT<|endoftext|>|SHIFT<|endoftext|>,
253,linkOff,linkOff,True,1,linkOff,"linkOff  = buf.readInt();
		int mapOff <|endoftext|>","linkOff  = buf.readInt();
		int mapOff <|endoftext|>",
254,testInfo,MASK,False,4,MASK|MASK|MASK|MASK,[MASK]<|endoftext|>,[MASK]<|endoftext|>|[MASK]<|endoftext|>|[MASK]<|endoftext|>|MASK<|endoftext|>,
255,staticVariableName,MASK,False,10,MASK|MASK|MASK|MASK|MASK|MASK|MASK|MASK|MASK|MASK,[MASK]<|endoftext|>,[MASK]<|endoftext|>|[MASK]<|endoftext|>|[MASK]<|endoftext|>| MASK<|endoftext|>|MASK<|endoftext|>|[MASK]<|endoftext|>|MASK <|endoftext|>|MASK<|endoftext|>| MASK<|endoftext|>|MASK<|endoftext|>,
256,nodes,MASK,False,25,MASK|MASK|MASK|MASK|MASK|MASK|MASK|MASK|MASK|MASK|MASK|MASK|MASK|MASK|MASK|MASK|MASK|MASK|MASK|MASK|MASK|MASK|MASK|nodes|MASK, [MASK]<|fim_pad|><|fim_pad|><|fim_pad|><|fim_pad|><|fim_pad|><|fim_pad|><|fim_pad|><|fim_pad|><|fim_pad|><|fim_pad|><|fim_pad|><|fim_pad|><|fim_pad|><|fim_pad|><|fim_pad|><|fim_pad|><|fim_pad|>," [MASK]<|fim_pad|><|fim_pad|><|fim_pad|><|fim_pad|><|fim_pad|><|fim_pad|><|fim_pad|><|fim_pad|><|fim_pad|><|fim_pad|><|fim_pad|><|fim_pad|><|fim_pad|><|fim_pad|><|fim_pad|><|fim_pad|><|fim_pad|>| [MASK]<|fim_pad|><|fim_pad|><|fim_pad|><|fim_pad|><|fim_pad|><|fim_pad|><|fim_pad|><|fim_pad|><|fim_pad|><|fim_pad|><|fim_pad|><|fim_pad|><|fim_pad|><|fim_pad|><|fim_pad|><|fim_pad|><|fim_pad|>|[MASK]<|endoftext|>|[MASK]<|endoftext|>| [MASK]<|endoftext|>|MASK<|endoftext|>|[MASK]<|endoftext|>| MASK<|endoftext|>|[MASK]<|endoftext|>|MASK<|endoftext|>|[MASK]<|endoftext|>|[MASK]<|endoftext|>|MASK<|endoftext|>|[MASK]<|endoftext|>|MASK <|endoftext|>|MASK<|endoftext|>|MASK );
        registry.clusterChanged(event);
        assertBusy(() -> assertThat(calledTimes.get(), equalTo|[MASK]<|endoftext|>|MASK<|endoftext|>|[MASK]<|endoftext|>|MASK<|endoftext|>|MASK  [MASK] .isLocalNodeElectedMaster());
        when(event.nodesChanged()).thenReturn|MASK<|endoftext|>|nodes( MASK ) // local node is master<|endoftext|>|MASK <|endoftext|>",
257,failure,MASK,False,8,MASK|failures|MASK|MASK|MASK|MASK|MASK|failureListener, [MASK]<|fim_pad|><|fim_pad|><|fim_pad|><|fim_pad|><|fim_pad|><|fim_pad|><|fim_pad|><|fim_pad|><|fim_pad|><|fim_pad|><|fim_pad|><|fim_pad|><|fim_pad|><|fim_pad|><|fim_pad|><|fim_pad|><|fim_pad|>," [MASK]<|fim_pad|><|fim_pad|><|fim_pad|><|fim_pad|><|fim_pad|><|fim_pad|><|fim_pad|><|fim_pad|><|fim_pad|><|fim_pad|><|fim_pad|><|fim_pad|><|fim_pad|><|fim_pad|><|fim_pad|><|fim_pad|><|fim_pad|>|failures,<|fim_pad|><|fim_pad|><|fim_pad|><|fim_pad|><|fim_pad|><|fim_pad|><|fim_pad|><|fim_pad|><|fim_pad|><|fim_pad|><|fim_pad|><|fim_pad|><|fim_pad|><|fim_pad|><|fim_pad|><|fim_pad|><|fim_pad|>|MASK<|endoftext|>| MASK <|endoftext|>|[MASK]<|endoftext|>| [MASK]<|endoftext|>| MASK
             <|endoftext|>|failureListener().get().getFirstThrowableOfType(Throwable.class));
      setStackTrace(new StackTraceElement[",
258,clazz,MASK,False,6,MASK|MASK|MASK|MASK|MASK|MASK, [MASK]<|endoftext|>, [MASK]<|endoftext|>|[MASK]<|endoftext|>|[MASK]<|endoftext|>|[MASK]<|endoftext|>|[MASK]<|endoftext|>|MASK<|endoftext|>,
259,targetField,MASK,False,14,MASK|MASK|MASK|MASK|MASK|MASK|MASK|MASK|MASK|MASK|MASK|MASK|MASK|MASK, [MASK] <|endoftext|>," [MASK] <|endoftext|>| [MASK] <|endoftext|>| [MASK]<|endoftext|>| MASK<|endoftext|>| MASK <|endoftext|>| MASK <|endoftext|>| [MASK] <|endoftext|>| [MASK] <|endoftext|>|[MASK]<|endoftext|>| MASK  property. "" +
						""Or specify just a 'staticField' or 'static| MASK<|endoftext|>|MASK<|endoftext|>| MASK  property<|endoftext|>|MASK <|endoftext|>",
260,values,MASK,False,41,MASK|MASK|MASK|MASK|MASK|MASK|MASK|MASK|assertTrue|MASK|MASK|MASK|MASK|MASK|MASK|MASK|MASK|fim_pad|MASK|MASK|MASK|MASK|MASK|MASK|MASK|MASK|MASK|MASK|MASK|MASK|MASK|MASK||MASK||MASK|||||, [MASK]<|fim_pad|><|fim_pad|><|fim_pad|><|fim_pad|><|fim_pad|><|fim_pad|><|fim_pad|><|fim_pad|><|fim_pad|><|fim_pad|><|fim_pad|><|fim_pad|><|fim_pad|><|fim_pad|><|fim_pad|><|fim_pad|><|fim_pad|>," [MASK]<|fim_pad|><|fim_pad|><|fim_pad|><|fim_pad|><|fim_pad|><|fim_pad|><|fim_pad|><|fim_pad|><|fim_pad|><|fim_pad|><|fim_pad|><|fim_pad|><|fim_pad|><|fim_pad|><|fim_pad|><|fim_pad|><|fim_pad|>| [MASK]<|fim_pad|><|fim_pad|><|fim_pad|><|fim_pad|><|fim_pad|><|fim_pad|><|fim_pad|><|fim_pad|><|fim_pad|><|fim_pad|><|fim_pad|><|fim_pad|><|fim_pad|><|fim_pad|><|fim_pad|><|fim_pad|><|fim_pad|>| [MASK]<|fim_pad|><|fim_pad|><|fim_pad|><|fim_pad|><|fim_pad|><|fim_pad|><|fim_pad|><|fim_pad|><|fim_pad|><|fim_pad|><|fim_pad|><|fim_pad|><|fim_pad|><|fim_pad|><|fim_pad|><|fim_pad|><|fim_pad|>| [MASK]<|endoftext|>| [MASK]<|fim_pad|><|fim_pad|><|fim_pad|><|fim_pad|><|fim_pad|><|fim_pad|><|fim_pad|><|fim_pad|><|fim_pad|><|fim_pad|><|fim_pad|><|fim_pad|><|fim_pad|><|fim_pad|><|fim_pad|><|fim_pad|><|fim_pad|>| [MASK] ();
        new Support_UnmodifiableCollectionTest(
                ""Test Returned Collection From LinkedHashMap.| MASK<|endoftext|>|MASK<|endoftext|>|   assertTrue(""Returned collection is not unmodifiable"",
                    !  MASK .remove(objArray[0| [MASK]  collection should remove from the original map"",
                !myLinkedHashMap.containsValue(new| [MASK]<|endoftext|>|MASK<|fim_pad|><|fim_pad|><|fim_pad|><|fim_pad|><|fim_pad|><|fim_pad|><|fim_pad|><|fim_pad|><|fim_pad|><|fim_pad|><|fim_pad|><|fim_pad|><|fim_pad|><|fim_pad|><|fim_pad|><|fim_pad|><|fim_pad|><|fim_pad|><|fim_pad|>| MASK<|endoftext|>| [MASK]<|fim_pad|><|fim_pad|><|fim_pad|><|fim_pad|><|fim_pad|><|fim_pad|><|fim_pad|><|fim_pad|><|fim_pad|><|fim_pad|><|fim_pad|><|fim_pad|><|fim_pad|><|fim_pad|><|fim_pad|><|fim_pad|><|fim_pad|>|MASK <|endoftext|>| [MASK] 2 = map2. [MASK] ();
        assertTrue("" [MASK] ()| MASK<|fim_pad|><|fim_pad|><|fim_pad|><|fim_pad|><|fim_pad|><|fim_pad|><|fim_pad|><|fim_pad|><|fim_pad|><|fim_pad|><|fim_pad|><|fim_pad|><|fim_pad|><|fim_pad|><|fim_pad|><|fim_pad|><|fim_pad|><|fim_pad|><|fim_pad|>|<|fim_pad|><|fim_pad|><|fim_pad|><|fim_pad|><|fim_pad|><|fim_pad|><|fim_pad|><|fim_pad|><|fim_pad|><|fim_pad|><|fim_pad|><|fim_pad|><|fim_pad|><|fim_pad|><|fim_pad|><|fim_pad|><|fim_pad|><|fim_pad|><|fim_pad|><|fim_pad|>|MASK  !=  [MASK] 2);
        assertTrue(""keySet() is identical"", keys|MASK );
        assertTrue("" fim_pad () is identical"",  MASK  !=  MASK 2);
|[MASK]<|fim_pad|><|fim_pad|><|fim_pad|><|fim_pad|><|fim_pad|><|fim_pad|><|fim_pad|><|fim_pad|><|fim_pad|><|fim_pad|><|fim_pad|><|fim_pad|><|fim_pad|><|fim_pad|><|fim_pad|><|fim_pad|><|fim_pad|>| MASK () was not cloned"",
                ""value2"",  MASK 2.iterator().next());
       | MASK 2.iterator().next());
        assertEquals(""keySet() was not cloned"",
                ""key| [MASK]<|endoftext|>| [MASK]<|endoftext|>|[MASK]<|endoftext|>|[MASK] ();
        Iterator it3 = s3.iterator();
        assertTrue(""Returned set of incorrect|MASK ();
        Iterator it2 = s2.iterator();
        assertTrue(""Returned set of incorrect size"",| MASK<|endoftext|>| [MASK]<|endoftext|>| [MASK]<|endoftext|>|[MASK]<|endoftext|>|<|endoftext|>|MASK] <|endoftext|>| <|endoftext|>| MASK <|endoftext|>|<|endoftext|>|<|endoftext|>|<|endoftext|>|<|endoftext|>| <|endoftext|>",
261,number,MASK,False,12,MASK|MASK|MASK|MASK|MASK|MASK|MASK|MASK|MASK|MASK|MASK|MASK,[MASK]   <|fim_pad|><|fim_pad|><|fim_pad|><|fim_pad|><|fim_pad|><|fim_pad|><|fim_pad|><|fim_pad|><|fim_pad|><|fim_pad|><|fim_pad|><|fim_pad|><|fim_pad|><|fim_pad|><|fim_pad|><|fim_pad|>,"[MASK]   <|fim_pad|><|fim_pad|><|fim_pad|><|fim_pad|><|fim_pad|><|fim_pad|><|fim_pad|><|fim_pad|><|fim_pad|><|fim_pad|><|fim_pad|><|fim_pad|><|fim_pad|><|fim_pad|><|fim_pad|><|fim_pad|>|[MASK]<|fim_pad|><|fim_pad|><|fim_pad|><|fim_pad|><|fim_pad|><|fim_pad|><|fim_pad|><|fim_pad|><|fim_pad|><|fim_pad|><|fim_pad|><|fim_pad|><|fim_pad|><|fim_pad|><|fim_pad|><|fim_pad|><|fim_pad|>|MASK<|endoftext|>|[MASK]<|endoftext|>|[MASK]<|endoftext|>|[MASK]<|endoftext|>|MASK<|endoftext|>|[MASK]<|endoftext|>| MASK<|endoftext|>|[MASK] <|endoftext|>|MASK  + "", toClass="" + targetClass;
		assertThatIllegalArgumentException().as(msg).isThrown|MASK <|file_sep|><|fim_prefix|>/spring-framework/spring-webflux/src/main/java/org/springframework/web/react",
262,details,MASK,False,4,MASK|MASK|MASK|MASK,[MASK]<|endoftext|>,[MASK]<|endoftext|>|MASK<|endoftext|>| [MASK] <|endoftext|>| MASK <|endoftext|>,
263,builder,MASK,False,18,MASK|MASK|MASK|MASK|MASK|MASK|MASK|MASK|MASK|MASK|MASK|MASK|MASK|MASK|MASK|MASK|MASK|MASK, [MASK]<|endoftext|>," [MASK]<|endoftext|>| [MASK] <|endoftext|>| MASK  .build();
        assertEquals(headers, options.getHeaders());

        try {
            options.getHeaders|[MASK]<|endoftext|>|[MASK]<|endoftext|>|MASK<|endoftext|>|[MASK]<|endoftext|>| MASK  [MASK]<|endoftext|>|MASK .build();
        assertEquals(parameters, options.getParameters());

        try {
            options.getParameters().|[MASK]<|endoftext|>|[MASK]<|endoftext|>|MASK<|endoftext|>|[MASK]<|endoftext|>|MASK .addHeader(randomAsciiAlphanumOfLength(3), randomAsciiAlphanumOf| MASK .addParameter(randomAsciiAlphanumOfLength(3), randomAsciiAlphanumOf|[MASK]<|endoftext|>| MASK .setWarningsHandler(new WarningsHandler() {
                @Override
                public boolean warningsShould|MASK <|endoftext|>",
264,request,MASK,False,4,MASK|MASK|MASK|MASK, [MASK]<|endoftext|>, [MASK]<|endoftext|>| [MASK]<|endoftext|>|[MASK]<|endoftext|>| MASK<|endoftext|>,
265,putLifecycle,MASK,False,2,MASK|MASK,[MASK] <|endoftext|>,[MASK] <|endoftext|>|MASK <|endoftext|>,
266,create,MASK,False,4,MASK|MASK|MASK|MASK,[MASK]<|endoftext|>,[MASK]<|endoftext|>|MASK<|endoftext|>|MASK<|endoftext|>|MASK<|endoftext|>,
267,routingTable,MASK,False,8,MASK|MASK|MASK|MASK|MASK|put|globalRoutingTable|put, [MASK]<|endoftext|>," [MASK]<|endoftext|>|[MASK]<|endoftext|>|[MASK]<|endoftext|>|MASK<|endoftext|>|[MASK] <|endoftext|>|.put(projectId, RoutingTable.EMPTY_ROUTING_TABLE);
        }
        return ClusterState.builder(Cluster|globalRoutingTable(<|endoftext|>|.put(  MASK .build())<|endoftext|>",
268,aliases,MASK,False,11,MASK|MASK|MASK|MASK|MASK|MASK|MASK|MASK|MASK|MASK|MASK, [MASK]<|endoftext|>," [MASK]<|endoftext|>| [MASK]<|endoftext|>| MASK <|endoftext|>|MASK <|endoftext|>|[MASK]<|endoftext|>|[MASK]  = new HashMap<>();
                 [MASK] .put(dataStreamRemote1Alias,|MASK .put(dataStreamRemote1Alias, AliasMetadata.builder(dataStreamRemote1Alias).writeIndex|MASK<|endoftext|>| MASK <|endoftext|>| MASK <|endoftext|>| MASK <|endoftext|>",
269,actualList,MASK,False,3,MASK|MASK|MASK,  [MASK] <|endoftext|>,"  [MASK] <|endoftext|>|MASK
               <|endoftext|>| MASK 
                    + "" which has no objects with keys: ""
                    + expectedMap.keySet()<|endoftext|>",
270,listener,listener,True,3,listener|MASK|MAPPING,listener<|endoftext|>,listener<|endoftext|>|[MASK]<|endoftext|>|MAPPING<|endoftext|>,
271,service,MASK,False,6,MASK|MASK|MASK|MASK|MASK|MASK, [MASK] <|endoftext|>," [MASK] <|endoftext|>|[MASK] 
               <|endoftext|>|[MASK]<|endoftext|>|[MASK]<|endoftext|>|MASK <|endoftext|>|MASK<|endoftext|>",
272,uniformNames,uniformNames,True,1,uniformNames,"uniformNames, int uniformCount, IntBuffer uniformIndices);

	public native void glGetActiveUniformsiv","uniformNames, int uniformCount, IntBuffer uniformIndices);

	public native void glGetActiveUniformsiv",
273,totalCharsWritten,unicharsWritten,False,5,unicharsWritten|unicharsWritten|unicharsWritten|unicharsWritten|unicharsWritten,unicharsWritten<|fim_pad|><|fim_pad|><|fim_pad|><|fim_pad|><|fim_pad|><|fim_pad|><|fim_pad|><|fim_pad|><|fim_pad|><|fim_pad|><|fim_pad|><|fim_pad|><|fim_pad|><|fim_pad|><|fim_pad|><|fim_pad|>,"unicharsWritten<|fim_pad|><|fim_pad|><|fim_pad|><|fim_pad|><|fim_pad|><|fim_pad|><|fim_pad|><|fim_pad|><|fim_pad|><|fim_pad|><|fim_pad|><|fim_pad|><|fim_pad|><|fim_pad|><|fim_pad|><|fim_pad|>|  unicharsWritten, unicharsWritten);
            
            // update the no. of bytes|unicharsWritten<|fim_pad|><|fim_pad|><|fim_pad|><|fim_pad|><|fim_pad|><|fim_pad|><|fim_pad|><|fim_pad|><|fim_pad|><|fim_pad|><|fim_pad|><|fim_pad|><|fim_pad|><|fim_pad|><|fim_pad|><|fim_pad|>|unicharsWritten 
                  <|fim_pad|><|fim_pad|><|fim_pad|><|fim_pad|><|fim_pad|><|fim_pad|><|fim_pad|><|fim_pad|><|fim_pad|><|fim_pad|><|fim_pad|><|fim_pad|><|fim_pad|><|fim_pad|>|unicharsWritten<|fim_pad|><|fim_pad|><|fim_pad|><|fim_pad|><|fim_pad|><|fim_pad|><|fim_pad|><|fim_pad|><|fim_pad|><|fim_pad|><|fim_pad|><|fim_pad|><|fim_pad|><|fim_pad|><|fim_pad|><|fim_pad|>",
274,expected,MASK,False,10,MASK|MASK|MASK|MASK|MASK|MASK|MASK|MASK|MASK|MASK, [MASK]<|endoftext|>, [MASK]<|endoftext|>| [MASK]<|endoftext|>| [MASK]<|endoftext|>| MASK]<|endoftext|>| MASK<|endoftext|>| MASK  events<|endoftext|>| MASK<|endoftext|>| MASK<|endoftext|>|[MASK]<|endoftext|>|MASK<|endoftext|>,
275,reader,MASK,False,5,MASK|MASK|MASK|MASK|MASK, [MASK] <|endoftext|>," [MASK] <|endoftext|>|MASK<|endoftext|>| MASK <|endoftext|>| MASK  = null;
				  MASK  = null;
				  MASK  = null;
				  MASK | MASK <|endoftext|>",
276,columnIndex,MASK,False,4,MASK|MASK|MASK|MASK,[MASK]<|endoftext|>,[MASK]<|endoftext|>|MASK<|endoftext|>|[MASK]<|endoftext|>| MASK<|endoftext|>,
277,project,metadata,False,6,metadata|MASK|MASK|putCustom||MASK,"metadata.TemplateMetadata;
import org.elasticsearch.cluster.metadata.TemplateUtils;
import org.elasticsearch.cluster.metadata<|fim_pad|><|fim_pad|><|fim_pad|>","metadata.TemplateMetadata;
import org.elasticsearch.cluster.metadata.TemplateUtils;
import org.elasticsearch.cluster.metadata<|fim_pad|><|fim_pad|><|fim_pad|>| [MASK]  = randomProjectIdOrDefault();
        final var   [MASK]  = random| [MASK] 
          <|endoftext|>|putCustom(<|endoftext|>|<|endoftext|>| MASK <|endoftext|>",
278,centerY,centerY,True,2,centerY|centerY,centerY<|endoftext|>,centerY<|endoftext|>|centerY <|endoftext|>,
279,sparseIndexMap,MASK,False,4,MASK|MASK|MASK|MASK,[MASK]<|endoftext|>,[MASK]<|endoftext|>|[MASK]<|endoftext|>|MASK<|endoftext|>|MASK<|endoftext|>,
280,vStart,MASK,False,6,MASK|MASK|MASK|MASK|MASK|MASK,[MASK]<|endoftext|>,[MASK]<|endoftext|>| [MASK]<|endoftext|>| MASK]<|endoftext|>|MASK<|endoftext|>|MASK<|endoftext|>|MASK<|endoftext|>,
281,simpleInstruction,MASK,False,3,MASK|constantInstruction|constantInstruction,  [MASK]<|endoftext|>,  [MASK]<|endoftext|>|[constantInstruction]<|endoftext|>|constantInstruction<|endoftext|>,
282,terms,MASK,False,11,MASK|terms|MASK|MASK|MASK|MASK|MASK|MASK|MASK|MASK|MASK,[MASK]<|fim_pad|><|fim_pad|><|fim_pad|><|fim_pad|><|fim_pad|><|fim_pad|><|fim_pad|><|fim_pad|><|fim_pad|><|fim_pad|><|fim_pad|><|fim_pad|><|fim_pad|><|fim_pad|><|fim_pad|><|fim_pad|><|fim_pad|>,"[MASK]<|fim_pad|><|fim_pad|><|fim_pad|><|fim_pad|><|fim_pad|><|fim_pad|><|fim_pad|><|fim_pad|><|fim_pad|><|fim_pad|><|fim_pad|><|fim_pad|><|fim_pad|><|fim_pad|><|fim_pad|><|fim_pad|><|fim_pad|>|terms. TermsAggregator;
import org.elasticsearch.search.aggregations.bucket.terms<|fim_pad|><|fim_pad|><|fim_pad|><|fim_pad|>|[MASK]<|endoftext|>| [MASK]  aggregation has shardSize (2) != size (1), so we will get|[MASK]  = histogram.getBuckets().get(0).getAggregations().get(""| MASK<|endoftext|>| [MASK] .getBuckets().size(), deltaError);
                assertEquals(1L, | MASK 
                    .getBuckets().get(0).getKey());
                assertEquals(1L,|[MASK]  -> {
            LongTerms.Bucket t1 =  [MASK] .get|MASK <|endoftext|>|MASK <|fim_middle|>MASK <|file_sep|><|fim_prefix|>/x-pack/plugin/core/src/main/java/org/elasticsearch/xpack/core",
283,asMap,foo,False,22,foo|boolSetting|)|));|bar|foo|match|assertFalse|assertFalse|key|exc|IllegalArgumentException|key|}|Setting|SettingsBuilder|Builder|Namespace|is|ixSettingWithFallback|Setting|prefix," ""foo."",
            (key) -> Setting.boolSetting(key, false, Property.NodeScope),
           "," ""foo."",
            (key) -> Setting.boolSetting(key, false, Property.NodeScope),
           |.boolSetting(key, false, Property.NodeScope)
        );
        assertTrue(setting.hasComplexMatcher());
       |)
        );
        assertTrue(setting.hasComplexMatcher());
        assertTrue(setting.match(""foo.bar""));
        assertFalse|""));
        assertFalse(setting.match(""foo""));
        assertFalse(setting.match(""bar""));

        Setting<Boolean> concrete|.bar"", ""true"").put(""bar.bar"", ""true"").build());
        assertEquals(2,|foo.bar.enable""));
        assertFalse(setting.match(""foo.bar""));
        Setting<Boolean> concreteSetting = setting|.match(""foo""));
        assertFalse(setting.match(""foo.bar""));
        assertFalse(setting.match(""foo.bar.enable| assertFalse(setting.match(""foo.bar""));
        assertFalse(setting.match(""foo""));
        Setting<Boolean> concreteSetting|        assertFalse(setting.match(""foo.bar.enable.""));
        assertFalse(setting.match(""foo.bar.enable.enable""));
       |(""key [foo] must match [foo.*.enable] but didn't."", exc.getMessage());

| exc.getMessage());

        exc = expectThrows(IllegalArgumentException.class, () -> setting.getConcreteSetting(""foo|            IllegalArgumentException.class,
            () -> setting.getConcreteSetting(""foo.bar.enable"").get(Settings.builder().|"", (key) -> Setting.boolSetting(key, false, Property.NodeScope))
        );
        assertEquals| }
        if (removeAffixNamespace) {
            previousSettingsBuilder.remove(""prefix.foo.infix|Setting == false && removeAffixNamespace) {
            previousSettingsBuilder.remove(""prefix.foo.infix|SettingsBuilder.remove(""prefix.foo.infix.suffix"");
        }

        Settings current = currentSettingsBuilder|Builder.remove(""prefix.foo.infix"");
        }

        Settings current = currentSettingsBuilder.build();
       |Namespace;
        Settings current = currentSettingsBuilder.build();
        Settings previous = previousSettingsBuilder.build();
|()), is(expectedChange));
    }

    public void testSettingsGroupUpdaterWithAffixSettingAndFallback|ixSettingWithFallback() {
        Setting.AffixSetting<String> affixSetting = Setting.|Setting<Settings> setting = Setting.affixKeySetting(
            ""foo."",
            ""bar|            ""prefix."",
            ""suffix"",
            key -> Setting.groupSetting(key, Property.NodeScope,",
284,methodName,MASK,False,7,MASK|MASK|MASK|MASK|MASK|MASK|MASK, [MASK] <|endoftext|>," [MASK] <|endoftext|>|[MASK]<|endoftext|>|[MASK]<|endoftext|>|[MASK] )) {
            return handleStartActivity(target, method, args);
        } else if|MASK<|endoftext|>|MASK )) {
            return handleStartActivity(target, method, args);
        } else if (""start|MASK<|endoftext|>",
285,activityClazzName,MASK,False,8,MASK|MASK|MASK|MASK|MASK|MASK|MASK|MASK, [MASK]<|endoftext|>," [MASK]<|endoftext|>|[MASK]  != null &&  [MASK]<|endoftext|>| [MASK]  = packageName +  MASK ;
            }
            if (!incActivities.contains( [| MASK <|endoftext|>|MASK <|endoftext|>|[MASK]<|endoftext|>|MASK<|endoftext|>| MASK<|endoftext|>",
286,searchFor,MASK,False,7,MASK|MASK|MASK|MASK|MASK|MASK|MASK, [MASK] <|endoftext|>," [MASK] <|endoftext|>|[MASK]<|endoftext|>| [MASK]<|endoftext|>| [MASK] <|endoftext|>| [MASK]<|endoftext|>| MASK  =  MASK ;
            this. MASK  =  MASK ;
            this. MASK | MASK <|endoftext|>",
287,chunkingSettings,chunkingSettings,True,2,chunkingSettings|chunkingSettings,chunkingSettings<|endoftext|>,chunkingSettings<|endoftext|>|chunkingSettings<|endoftext|>,
288,groupEnd,MASK,False,12,MASK|MASK|MASK|MASK|MASK|MASK|MASK|MASK|MASK|MASK|MASK|MASK,[MASK]<|endoftext|>,"[MASK]<|endoftext|>|[MASK]<|endoftext|>|[MASK]<|endoftext|>|MASK<|endoftext|>|MASK  = groupStart + groups.getValueCount(groupPosition);
      for (int g = groupStart|MASK<|endoftext|>|[MASK]<|endoftext|>| MASK<|endoftext|>|MASK  = groupStart + groups.getValueCount(groupPosition);
      for (int g = groupStart|MASK<|endoftext|>|MASK<|endoftext|>|MASK<|endoftext|>",
289,nonExistingTask,MASK,False,2,MASK|MASK,[MASK] <|endoftext|>,[MASK] <|endoftext|>|MASK <|endoftext|>,
290,requiredSize,MASK,False,2,MASK|MASK,  [MASK]<|endoftext|>,  [MASK]<|endoftext|>|MASK<|endoftext|>,
291,backPointers,MASK,False,3,MASK|MASK|MASK, [MASK]<|endoftext|>, [MASK]<|endoftext|>|[MASK] <|endoftext|>| MASK<|endoftext|>,
292,whitelistUserControlledList,MASK,False,10,MASK|MASK|MASK|MASK|MASK|MASK|MASK|MASK|MASK|MASK,  [MASK] <|endoftext|>,"  [MASK] <|endoftext|>|[MASK]<|endoftext|>|[MASK]<|endoftext|>|[MASK]<|endoftext|>|MASK<|endoftext|>|MASK ));
        assertThat(Files.readString( MASK , StandardCharsets.UTF_8), containsString(""white|[MASK] , StandardCharsets.UTF_8), containsString(""white-1""));
        {
           |[MASK]<|endoftext|>|[MASK]<|endoftext|>|MASK<|endoftext|>",
293,contentType,MASK,False,2,MASK|MASK, [MASK]<|endoftext|>, [MASK]<|endoftext|>|MASK<|endoftext|>,
294,className,MASK,False,7,MASK|MASK|MASK|MASK|MASK|MASK|MASK, [MASK] <|fim_pad|><|fim_pad|><|fim_pad|><|fim_pad|><|fim_pad|><|fim_pad|><|fim_pad|><|fim_pad|><|fim_pad|><|fim_pad|><|fim_pad|><|fim_pad|><|fim_pad|><|fim_pad|><|fim_pad|><|fim_pad|>, [MASK] <|fim_pad|><|fim_pad|><|fim_pad|><|fim_pad|><|fim_pad|><|fim_pad|><|fim_pad|><|fim_pad|><|fim_pad|><|fim_pad|><|fim_pad|><|fim_pad|><|fim_pad|><|fim_pad|><|fim_pad|><|fim_pad|>| [MASK]<|endoftext|>|MASK<|endoftext|>|[MASK]<|endoftext|>| MASK <|fim_pad|><|fim_pad|><|fim_pad|><|fim_pad|><|fim_pad|><|fim_pad|><|fim_pad|><|fim_pad|><|fim_pad|><|fim_pad|><|fim_pad|><|fim_pad|><|fim_pad|><|fim_pad|><|fim_pad|><|fim_pad|><|fim_pad|><|fim_pad|>|MASK<|endoftext|>| MASK<|fim_pad|><|fim_pad|><|fim_pad|><|fim_pad|><|fim_pad|><|fim_pad|><|fim_pad|><|fim_pad|><|fim_pad|><|fim_pad|><|fim_pad|><|fim_pad|><|fim_pad|><|fim_pad|><|fim_pad|><|fim_pad|><|fim_pad|><|fim_pad|><|fim_pad|>,
295,otherLat,otherLat,True,11,otherLat|MASK|otherLon|otherLat|otherLat|otherLat|MASK|otherLon|otherLat|otherLat|otherLat,"otherLat = randomLat();
        final double otherLon = randomLon();

        assertEquals(GeoUtils","otherLat = randomLat();
        final double otherLon = randomLon();

        assertEquals(GeoUtils|[MASK] , otherLon) / 1000d, script.arcDistance( [|otherLon) / 1000d, 0.01);
        assertEquals(G|otherLat , otherLon) / 1000d,
            script.arcDistanceWithDefault|otherLat , otherLon, 42) / 1000d,
            |otherLat , otherLon, 42), 0);

        assertEquals(GeoUtils.arcDistance|[MASK] , otherLon) / 1000d, script.planeDistance(|otherLon , otherLon) / 1000d, 0.01);
|otherLat , otherLon) / 1000d,
            script.planeDistanceWith|otherLat<|endoftext|>|otherLat<|endoftext|>",
296,destBitmap,MASK,False,14,MASK|MASK|MASK||MASK|MASK|MASK|MASK|MASK|MASK|MASK|MASK|MASK|MASK, [MASK]<|endoftext|>," [MASK]<|endoftext|>|[MASK] , sourceBitmap);
      return  [MASK] Ref.clone();
    } finally {
|[MASK]<|endoftext|>|<|endoftext|>| [MASK] <|endoftext|>|[MASK]<|endoftext|>| [MASK]<|endoftext|>|MASK );
  }

  /**
   * Clients should override this method if the post-processing can be done|[MASK]<|endoftext|>|MASK<|endoftext|>|MASK<|endoftext|>|MASK
        .getWidth() == sourceBitmap.getWidth()
        &&  MASK
        .getHeight()| MASK<|endoftext|>|MASK<|endoftext|>",
297,fieldName,,False,4,|MASK||,"
       <|endoftext|>","
       <|endoftext|>| [MASK]<|endoftext|>|
                       <|endoftext|>| <|endoftext|>",
298,executionServer,MASK,False,43,MASK|MASK||MASK|MASK|MASK|MASK|MASK|MASK|MASK|[|MASK|MASK|MASK|MASK|MASK|MASK|MASK|MASK|MASK|MASK|MASK|MASK|MASK|MASK|MASK|MASK|MASK|MASK|MASK|MASK|MASK|MASK|MASK|MASK|MASK|MASK|MASK|MASK|MASK|MASK|MASK|MASK, [MASK]<|endoftext|>," [MASK]<|endoftext|>| [MASK]<|endoftext|>|<|endoftext|>|[MASK] CapabilitiesImpl = new CapabilitiesImpl(EXEC_AND_CACHE_CAPS);
    Server|[MASK]<|endoftext|>| [MASK] CapabilitiesImpl);
     [MASK] .start();

    try {
      remoteOptions| [MASK]<|endoftext|>| [MASK]<|endoftext|>| MASK<|endoftext|>|MASK]<|endoftext|>|[
MASK]  =
        createFakeServer(EXECUTION_SERVER_NAME,  [MASK] Cap|MASK CapabilitiesImpl);
     [MASK] .start();

    try {
      remoteOptions.remoteExecutor| [MASK]<|endoftext|>| [MASK]<|endoftext|>| [MASK]<|endoftext|>| [MASK]<|endoftext|>|[MASK]<|endoftext|>|[MASK]<|endoftext|>|MASK CapabilitiesImpl);
     MASK .start();

    CapabilitiesImpl cacheServerCapabilitiesImpl = new|MASK<|endoftext|>|[MASK]<|endoftext|>| [MASK]<|endoftext|>| MASK<|endoftext|>|[MASK]<|endoftext|>|MASK  =
        createFakeServer(EXECUTION_SERVER_NAME,  MASK CapabilitiesImpl);
    |MASK<|endoftext|>|MASK .start();

    CapabilitiesImpl cacheServerCapabilitiesImpl = new CapabilitiesImpl(CACHE_ONLY|MASK CapabilitiesImpl.getRequestCount()).isEqualTo(1);
      assertThat(cacheServerCapabilitiesImpl.getRequestCount()).|MASK .shutdownNow();
      cacheServer.shutdownNow();

       MASK .awaitTermination();
      cache| [MASK] .awaitTermination();
      cacheServer.awaitTermination();
    }
  }

 |[MASK]<|endoftext|>|[MASK]<|endoftext|>|MASK<|endoftext|>| [MASK]<|endoftext|>| [MASK] .shutdownNow();
       [MASK] .awaitTermination();
    }
  }

| MASK .awaitTermination();
    }
  }

  @Test
  public void testVerifyCapabilities|[  [MASK]<|endoftext|>|[MASK] CapabilitiesImpl = new CapabilitiesImpl(EXEC_AND_CACHE_CAPS);
    Server|MASK<|endoftext|>|MASK .start();

    try {
      remoteOptions.remoteExecutor = EXECUTION_SERVER_NAME;
      remote| MASK<|endoftext|>| MASK<|endoftext|>| MASK .awaitTermination();
    }
  }

  @Test
  public void testVerifyCapabilities",
299,support,handler,False,4,handler|MASK|transformer|get,"handler SerializationHandler to which the attributes are added.
     * @param  [MASK] <|endoftext|>","handler SerializationHandler to which the attributes are added.
     * @param  [MASK] <|endoftext|>|    [MASK]<|endoftext|>|transformer.getXPathContext()
           <|endoftext|>|get the result tree fragment working,
     * this method is used to copy namespace nodes from the
",
300,fillIn,MASK,False,3,MASK|MASK|MASK,[MASK]<|endoftext|>,[MASK]<|endoftext|>|[MASK]<|endoftext|>| MASK<|endoftext|>,
301,chain,MASK,False,12,MASK|MASK|MASK|MASK|MASK|MASK|MASK|MASK|MASK|MASK|MASK|MASK, [MASK]<|endoftext|>," [MASK]<|endoftext|>|[MASK]<|endoftext|>|MASK<|endoftext|>| [MASK]  = null;
		while (it.hasPrevious()) {
			 [MASK] | [MASK]  = new DefaultResourceTransformerChain(resolverChain, it.previous(),  [MASK| MASK <|endoftext|>| MASK <|endoftext|>|[MASK] <|endoftext|>|MASK<|endoftext|>|MASK<|endoftext|>| MASK  must be null, or neither is"");

		this.resolverChain = resolverChain;
	| MASK<|endoftext|>",
302,composableTemplates,MASK,False,3,MASK|MASK|MASK, [MASK] <|endoftext|>," [MASK] <|endoftext|>|MASK
               <|endoftext|>| MASK <|endoftext|>",
303,indexName,indexName,True,2,indexName|synonymId,indexName<|endoftext|>,indexName<|endoftext|>|synonymId + indexName<|endoftext|>,
304,reader,reader,True,4,reader|reader|reader|reader,reader<|endoftext|>,reader<|endoftext|>|reader<|endoftext|>|reader<|endoftext|>|reader<|endoftext|>,
305,found,MASK,False,4,MASK|MASK|DnsRecordType|);,[MASK]<|endoftext|>,"[MASK]<|endoftext|>|MASK , t.name()<|endoftext|>|DnsRecordType  [MASK]<|endoftext|>|);
            assertEquals(t.intValue(),  .intValue());
            assertEquals(t.intValue(),  .intValue());
           ",
306,libraryClassPool,libraryClassPool,True,4,libraryClassPool|libraryClassPool|libraryClassPool|libraryClassPool,"libraryClassPool  [MASK]
     *
     * @see #finishEditing()
     * @","libraryClassPool  [MASK]
     *
     * @see #finishEditing()
     * @|libraryClassPool<|endoftext|>|libraryClassPool, null, null, null, null, null, null, null, null,|libraryClassPool, null, null).visitProgramClass(programClass);
        new ClassReferenceInitializer(program",
307,numHeaders,MASK,False,2,MASK|MASK,  [MASK] <|endoftext|>,  [MASK] <|endoftext|>|MASK<|endoftext|>,
308,criticalSettingName,settingName,False,4,settingName|settingName|settingName|settingName,settingName      <|endoftext|>,"settingName      <|endoftext|>|settingName<|endoftext|>|settingName<|endoftext|>|settingName ,
            settingValue,
            Property.Deprecated
        );
        criticalDeprecatedSetting.checkDep",
309,error,e,False,2,e|e,e<|endoftext|>,e<|endoftext|>|e<|endoftext|>,
310,weeks,weeks,True,31,weeks|MASK|MASK|||MASK|MASK|week|based|Accessor|WeekOfWeekBasedYear|else|the|OfWeek|temporal|temporal|of|fieldValues|MASK|MASK|MASK|MASK|MASK|MASK|MASK|MASK|MASK|MASK|MASK|MASK|MASK,"weeks. The calculation for
 * week-of-year and week-of-month is specified in the {@code","weeks. The calculation for
 * week-of-year and week-of-month is specified in the {@code| [MASK]<|fim_pad|><|fim_pad|><|fim_pad|><|fim_pad|><|fim_pad|><|fim_pad|><|fim_pad|><|fim_pad|><|fim_pad|><|fim_pad|><|fim_pad|><|fim_pad|><|fim_pad|><|fim_pad|><|fim_pad|><|fim_pad|><|fim_pad|>|MASK<|fim_pad|><|fim_pad|><|fim_pad|><|fim_pad|><|fim_pad|><|fim_pad|><|fim_pad|><|fim_pad|><|fim_pad|><|fim_pad|><|fim_pad|><|fim_pad|><|fim_pad|><|fim_pad|><|fim_pad|><|fim_pad|><|fim_pad|><|fim_pad|><|fim_pad|>|<|endoftext|>| <|endoftext|>| [MASK]<|fim_pad|><|fim_pad|><|fim_pad|><|fim_pad|><|fim_pad|><|fim_pad|><|fim_pad|><|fim_pad|><|fim_pad|><|fim_pad|><|fim_pad|><|fim_pad|><|fim_pad|><|fim_pad|><|fim_pad|><|fim_pad|><|fim_pad|>|  [MASK]  in a standard ISO week-based-year.
     * The estimated duration of a| week-based-year,
         * computed based on a WeekFields.
         * @see WeekFields#| based on a WeekFields.
         * @see WeekFields#weekBasedYear()
         */
       |Accessor temporal) {
            if (rangeUnit == WEEK_BASED_YEARS) {
                return|WeekOfWeekBasedYear(temporal);
            } else {
                return localizedWeekBasedYear(temporal);
| else {
                return localizedWeekBasedYear(temporal);
            }
        }

        @Override
       | the temporal.
         * @param temporal a date of any chronology, not null
         *|OfWeek(temporal);
            int doy = temporal.get(DAY_OF_YEAR);
            int offset =| temporal.get(DAY_OF_YEAR);
            int offset = startOfWeekOffset(doy, dow);
           | temporal, long newValue) {
            if (rangeUnit == WEEKS) {  // day-of| of year and day of week
                Chronology chrono = temporal.query(TemporalQueries.chronology|(fieldValues.get(YEAR));
                if (rangeUnit == MONTHS) {  // week-of| [MASK]<|endoftext|>| [MASK] <|endoftext|>|[MASK]<|endoftext|>|MASK]<|endoftext|>|[MASK]<|endoftext|>| MASK <|endoftext|>|[MASK]<|endoftext|>|MASK  *
                  <|endoftext|>|MASK<|endoftext|>|MASK  * 7, WEEKS);
            } else if (resolverStyle == ResolverStyle.SM| [MASK] <|endoftext|>| MASK <|endoftext|>|MASK  of following year; recompute from a week in following year
                ChronoLocalDate",
311,attachments,MASK,False,2,MASK|MASK,"[MASK] );

	public native void glInvalidateSubFramebuffer (int target, int numAttachments,","[MASK] );

	public native void glInvalidateSubFramebuffer (int target, int numAttachments,|MASK , int x, int y, int width,
		int height);

	public native void glTex",
312,authnState,MASK,False,2,MASK|MASK,[MASK] <|endoftext|>,[MASK] <|endoftext|>|MASK<|endoftext|>,
313,params,MASK,False,12,MASK|MASK|MASK|MASK|MASK|MASK|MASK|MASK|MASK|MASK|MASK|MASK,[MASK]<|endoftext|>,"[MASK]<|endoftext|>|[MASK]<|endoftext|>|[MASK]<|endoftext|>|[MASK]<|endoftext|>|MASK<|endoftext|>|[MASK]<|endoftext|>|[MASK] )
        throws InvalidKeyException, InvalidAlgorithmParameterException
    {
        init(key|MASK<|endoftext|>|MASK<|endoftext|>|MASK<|endoftext|>|MASK<|endoftext|>|MASK<|endoftext|>",
314,instance,MASK,False,3,MASK|MASK|MASK,[MASK]<|endoftext|>,[MASK]<|endoftext|>|   [MASK]<|endoftext|>|MASK<|endoftext|>,
315,field,MASK,False,3,MASK|MASK|MASK, [MASK] <|endoftext|>," [MASK] <|endoftext|>|MASK <|endoftext|>| MASK
                            .get(env);
                    Map<String, String> map = (Map<String, String",
316,groupEnd,MASK,False,12,MASK|MASK|MASK|MASK|MASK|MASK|MASK|MASK|MASK|MASK|MASK|MASK,[MASK]<|endoftext|>,"[MASK]<|endoftext|>|[MASK]<|endoftext|>|[MASK]<|endoftext|>|MASK<|endoftext|>|MASK  = groupStart + groups.getValueCount(groupPosition);
      for (int g = groupStart|MASK<|endoftext|>|[MASK]<|endoftext|>| MASK<|endoftext|>|MASK<|endoftext|>|MASK<|endoftext|>|MASK<|endoftext|>|MASK<|endoftext|>",
317,foobarRelative,MASK,False,21,MASK|MASK|MASK|MASK|MASK|MASK|MASK|MASK|MASK|MASK|MASK|MASK|MASK|MASK|MASK|MASK|MASK|MASK|MASK|MASK|MASK, [MASK]<|fim_pad|><|fim_pad|><|fim_pad|><|fim_pad|><|fim_pad|><|fim_pad|><|fim_pad|><|fim_pad|><|fim_pad|><|fim_pad|><|fim_pad|><|fim_pad|><|fim_pad|><|fim_pad|><|fim_pad|><|fim_pad|><|fim_pad|>," [MASK]<|fim_pad|><|fim_pad|><|fim_pad|><|fim_pad|><|fim_pad|><|fim_pad|><|fim_pad|><|fim_pad|><|fim_pad|><|fim_pad|><|fim_pad|><|fim_pad|><|fim_pad|><|fim_pad|><|fim_pad|><|fim_pad|><|fim_pad|>|MASK]<|fim_pad|><|fim_pad|><|fim_pad|><|fim_pad|><|fim_pad|><|fim_pad|><|fim_pad|><|fim_pad|><|fim_pad|><|fim_pad|><|fim_pad|><|fim_pad|><|fim_pad|><|fim_pad|><|fim_pad|><|fim_pad|><|fim_pad|><|fim_pad|>|[MASK]<|fim_pad|><|fim_pad|><|fim_pad|><|fim_pad|><|fim_pad|><|fim_pad|><|fim_pad|><|fim_pad|><|fim_pad|><|fim_pad|><|fim_pad|><|fim_pad|><|fim_pad|><|fim_pad|><|fim_pad|><|fim_pad|><|fim_pad|>|[MASK]<|fim_pad|><|fim_pad|><|fim_pad|><|fim_pad|><|fim_pad|><|fim_pad|><|fim_pad|><|fim_pad|><|fim_pad|><|fim_pad|><|fim_pad|><|fim_pad|><|fim_pad|><|fim_pad|><|fim_pad|><|fim_pad|><|fim_pad|>|MASK<|fim_pad|><|fim_pad|><|fim_pad|><|fim_pad|><|fim_pad|><|fim_pad|><|fim_pad|><|fim_pad|><|fim_pad|><|fim_pad|><|fim_pad|><|fim_pad|><|fim_pad|><|fim_pad|><|fim_pad|><|fim_pad|><|fim_pad|><|fim_pad|><|fim_pad|>|[MASK]<|fim_pad|><|fim_pad|><|fim_pad|><|fim_pad|><|fim_pad|><|fim_pad|><|fim_pad|><|fim_pad|><|fim_pad|><|fim_pad|><|fim_pad|><|fim_pad|><|fim_pad|><|fim_pad|><|fim_pad|><|fim_pad|><|fim_pad|>|MASK<|fim_pad|><|fim_pad|><|fim_pad|><|fim_pad|><|fim_pad|><|fim_pad|><|fim_pad|><|fim_pad|><|fim_pad|><|fim_pad|><|fim_pad|><|fim_pad|><|fim_pad|><|fim_pad|><|fim_pad|><|fim_pad|><|fim_pad|><|fim_pad|><|fim_pad|>|[MASK]<|endoftext|>|MASK )).isFalse();
    assertThat(foobar.startsWithIgnoringCase( [MASK] )).is|MASK .startsWithIgnoringCase(foobar)).isFalse();

    // (absolute, relative) => false|MASK .startsWithIgnoringCase( MASK )).isTrue();
    assertThat( MASK .startsWithIgnoringCase|MASK )).isTrue();
    assertThat( MASK .startsWithIgnoringCase(create(""foo""))).is|MASK .startsWithIgnoringCase(create(""foo""))).isTrue();
    assertThat( MASK .startsWithIgnoring|MASK .startsWithIgnoringCase(create(""""))).isTrue();

    // (path, sibling) => false|MASK<|endoftext|>|MASK )).isTrue();
    assertThat(  MASK .endsWith(foobar)).isTrue();

   |MASK .endsWith(foobar)).isFalse();

    // (relative path, relative prefix) => true|MASK .endsWith( MASK )).isTrue();
    assertThat( MASK .endsWith(create(""bar""))|MASK )).isTrue();
    assertThat( MASK .endsWith(create(""bar""))).isTrue();
|MASK .endsWith(create(""bar""))).isTrue();
    assertThat( MASK .endsWith(create(""""))).|MASK .endsWith(create(""bar/""))).isTrue();
    assertThat( MASK .endsWith(create(""",
318,atlasFilename,MASK,False,5,MASK|MASK|MASK|atlas|MASK, [MASK] <|endoftext|>, [MASK] <|endoftext|>|[MASK] <|endoftext|>|MASK<|endoftext|>|atlas.getName()<|endoftext|>| MASK <|endoftext|>,
319,context,MASK,False,6,MASK|MASK|MASK|MASK|MASK|MASK,[MASK]<|endoftext|>,"[MASK]<|endoftext|>|[MASK]<|endoftext|>|[MASK]<|endoftext|>|MASK<|endoftext|>|MASK<|endoftext|>|MASK , boolean linked) {
            return makeCachable(InternalMethodHandles.constantFactoryGetHandle(""",
320,decimalsBlock,MASK,False,8,MASK|MASK|MASK|MASK|MASK|MASK|MASK|MASK, [MASK]<|endoftext|>, [MASK]<|endoftext|>|[MASK]<|endoftext|>| MASK <|endoftext|>| MASK <|endoftext|>|MASK <|endoftext|>|[MASK]<|endoftext|>| MASK<|endoftext|>| MASK<|endoftext|>,
321,oldDescs,MASK,False,4,MASK|MASK|MASK|MASK, [MASK] <|endoftext|>," [MASK] <|endoftext|>| [MASK]<|endoftext|>|MASK<|endoftext|>| MASK );
        Collections.sort(addedDescs);
        Collections.sort(removedDescs);
        Collections",
322,lineNumberInfo,MASK,False,7,MASK|MASK|MASK|MASK|MASK|MASK|,  [MASK]<|endoftext|>,"  [MASK]<|endoftext|>|[MASK]<|file_sep|><|fim_prefix|>/src/main/java/proguard/classfile/attribute/LineNumberTableAttribute.java
|   [MASK] .getSource() + "" -> "" + source :
                    source;

            LineNumber|[MASK]<|endoftext|>| [MASK]<|endoftext|>| MASK<|endoftext|>|<|endoftext|>",
323,headersBuilder,MASK,False,8,MASK|MASK|MASK|MASK|MASK|MASK|MASK|MASK,  [MASK]<|endoftext|>,"  [MASK]<|endoftext|>| [MASK] .add(headers.entrySet());
        if (userAgent != null) {
             [MASK| [MASK]<|endoftext|>| MASK<|endoftext|>| MASK .contentType(MediaType.PLAIN_TEXT_UTF_8);
            } else if ( MASK .contentType().equals|[MASK]<|endoftext|>| MASK .build(), HttpData.empty());
            }
        } else if (httpVerb == Verb.GET| MASK<|endoftext|>",
324,client,MASK,False,3,MASK|MASK|MASK, [MASK]<|endoftext|>," [MASK]<|endoftext|>| MASK
       <|endoftext|>| MASK <|endoftext|>",
325,configuration,MASK,False,17,MASK|MASK||MASK|MASK|MASK|MASK|MASK|MASK|MASK|MASK|MASK|MASK|MASK|MASK|MASK|MASK,[MASK]<|endoftext|>,"[MASK]<|endoftext|>| [MASK] <|endoftext|>| <|endoftext|>|[MASK]<|endoftext|>|[MASK] .getConcurrentConsumers() != null) {
			factory.setConcurrent|[MASK]<|endoftext|>|[MASK] .getConcurrentConsumers() != null) {
			factory.setConcurrent| MASK .getPrefetch());
		}
		if ( MASK .getDefaultRequeueRejected() !=|MASK .getTxSize() != null) {
			factory.setTxSize( MASK .get| MASK<|endoftext|>|[MASK] .getTxSize() != null) {
			factory.setTxSize( [|[MASK]<|endoftext|>|[MASK]<|endoftext|>|[MASK]<|endoftext|>|[MASK]<|endoftext|>|[MASK]<|endoftext|>| MASK<|endoftext|>",
326,operator,MASK,False,10,MASK|MASK|MASK|MASK|MASK|MASK|MASK|MASK|assertTrue|MASK, [MASK]<|endoftext|>," [MASK]<|endoftext|>|MASK s.mixed.FlowableConcatMapSingle.ConcatMapSingleSubscriber;
import io.reactivex.rxjava3| [MASK]<|endoftext|>|[MASK] .onSubscribe(new BooleanSubscription());

         [MASK] .queue.offer(1);

| [MASK]<|endoftext|>| [MASK]<|endoftext|>|MASK .queue.isEmpty());

         MASK .addAndGet(-2);

         MASK .cancel();

        assertTrue|MASK .cancel();

        assertTrue( MASK .queue.isEmpty());
    }

    @Test
    public|assertTrue( MASK .queue.isEmpty());
    }

    @Test
    public void cancelConcurrentClean|MASK<|endoftext|>",
327,checkLicense,MASK,False,5,MASK|MASK|MASK|MASK|MASK, [MASK] <|endoftext|>," [MASK] <|endoftext|>|MASK <|endoftext|>| [MASK]<|endoftext|>|MASK <|endoftext|>| MASK  ;
    }

    private TaskProvider<Task> registerCheckModulesTask(Project project, TaskProvider",
328,seekPoint,seekPoint,True,3,seekPoint|seekPoint|seekPoint,seekPoint <|endoftext|>,"seekPoint <|endoftext|>|seekPoint, seekPoint<|endoftext|>|seekPoint<|endoftext|>",
329,array,MASK,False,175,MASK|MASK|MASK|MASK|MASK|MASK|MASK|MASK|MASK|MASK|MASK|MASK|MASK|MASK|MASK|MASK|MASK|MASK|MASK|MASK|MASK|MASK|MASK|MASK|MASK|MASK|MASK|MASK|MASK|MASK|MASK|MASK|MASK|MASK|MASK|MASK|MASK|MASK|MASK|MASK|MASK|MASK|MASK|MASK|MASK|MASK|MASK|MASK|MASK|MASK|MASK|MASK|MASK|MASK|MASK|MASK|MASK|MASK|MASK|MASK|MASK|MASK|MASK|MASK|MASK|MASK|MASK|MASK|MASK|MASK|MASK|array|MASK|MASK|MASK|MASK|MASK|MASK|MASK|MASK|MASK|MASK|MASK|||MASK|MASK|MASK|MASK|MASK|MASK|MASK|MASK|MASK|MASK|MASK|MASK|MASK|MASK|values|MASK|MASK|double|MASK|MASK|MASK|MASK|MASK|MASK|MASK|MASK|MASK|MASK|MASK|MASK|MASK|MASK|MASK|MASK|MASK|MASK|MASK|MASK|MASK|MASK|MASK|MASK|MASK|MASK|MASK|MASK|MASK|MASK|MASK|MASK|MASK|MASK|MASK|MASK|MASK|MASK|MASK|MASK|MASK|MASK|MASK|MASK|MASK|MASK|MASK|MASK|MASK|MASK|MASK|MASK|MASK|MASK|MASK|MASK|MASK|MASK|MASK|MASK|MASK|MASK|MASK|MASK|MASK|MASK|MASK|MASK|MASK|MASK|MASK|MASK, [MASK]<|endoftext|>," [MASK]<|endoftext|>|[MASK]<|fim_pad|><|fim_pad|><|fim_pad|><|fim_pad|><|fim_pad|><|fim_pad|><|fim_pad|><|fim_pad|><|fim_pad|><|fim_pad|><|fim_pad|><|fim_pad|><|fim_pad|><|fim_pad|><|fim_pad|><|fim_pad|><|fim_pad|>| [MASK]<|endoftext|>|[MASK]<|fim_pad|><|fim_pad|><|fim_pad|><|fim_pad|><|fim_pad|><|fim_pad|><|fim_pad|><|fim_pad|><|fim_pad|><|fim_pad|><|fim_pad|><|fim_pad|><|fim_pad|><|fim_pad|><|fim_pad|><|fim_pad|><|fim_pad|>|[MASK]<|endoftext|>|MASK<|endoftext|>|[MASK]<|endoftext|>|[MASK]<|fim_pad|><|fim_pad|><|fim_pad|><|fim_pad|><|fim_pad|><|fim_pad|><|fim_pad|><|fim_pad|><|fim_pad|><|fim_pad|><|fim_pad|><|fim_pad|><|fim_pad|><|fim_pad|><|fim_pad|><|fim_pad|><|fim_pad|>|[MASK]<|fim_pad|><|fim_pad|><|fim_pad|><|fim_pad|><|fim_pad|><|fim_pad|><|fim_pad|><|fim_pad|><|fim_pad|><|fim_pad|><|fim_pad|><|fim_pad|><|fim_pad|><|fim_pad|><|fim_pad|><|fim_pad|><|fim_pad|>|MASK]<|fim_pad|><|fim_pad|><|fim_pad|><|fim_pad|><|fim_pad|><|fim_pad|><|fim_pad|><|fim_pad|><|fim_pad|><|fim_pad|><|fim_pad|><|fim_pad|><|fim_pad|><|fim_pad|><|fim_pad|><|fim_pad|><|fim_pad|><|fim_pad|>|MASK<|endoftext|>| [MASK]<|fim_pad|><|fim_pad|><|fim_pad|><|fim_pad|><|fim_pad|><|fim_pad|><|fim_pad|><|fim_pad|><|fim_pad|><|fim_pad|><|fim_pad|><|fim_pad|><|fim_pad|><|fim_pad|><|fim_pad|><|fim_pad|><|fim_pad|>|MASK<|fim_pad|><|fim_pad|><|fim_pad|><|fim_pad|><|fim_pad|><|fim_pad|><|fim_pad|><|fim_pad|><|fim_pad|><|fim_pad|><|fim_pad|><|fim_pad|><|fim_pad|><|fim_pad|><|fim_pad|><|fim_pad|><|fim_pad|><|fim_pad|><|fim_pad|>| MASK<|endoftext|>|MASK<|fim_pad|><|fim_pad|><|fim_pad|><|fim_pad|><|fim_pad|><|fim_pad|><|fim_pad|><|fim_pad|><|fim_pad|><|fim_pad|><|fim_pad|><|fim_pad|><|fim_pad|><|fim_pad|><|fim_pad|><|fim_pad|><|fim_pad|><|fim_pad|><|fim_pad|>|[MASK]<|fim_pad|><|fim_pad|><|fim_pad|><|fim_pad|><|fim_pad|><|fim_pad|><|fim_pad|><|fim_pad|><|fim_pad|><|fim_pad|><|fim_pad|><|fim_pad|><|fim_pad|><|fim_pad|><|fim_pad|><|fim_pad|><|fim_pad|>| [MASK]<|fim_pad|><|fim_pad|><|fim_pad|><|fim_pad|><|fim_pad|><|fim_pad|><|fim_pad|><|fim_pad|><|fim_pad|><|fim_pad|><|fim_pad|><|fim_pad|><|fim_pad|><|fim_pad|><|fim_pad|><|fim_pad|><|fim_pad|>|[MASK]<|fim_pad|><|fim_pad|><|fim_pad|><|fim_pad|><|fim_pad|><|fim_pad|><|fim_pad|><|fim_pad|><|fim_pad|><|fim_pad|><|fim_pad|><|fim_pad|><|fim_pad|><|fim_pad|><|fim_pad|><|fim_pad|><|fim_pad|>|[MASK]  to search for the sequence {@code target}
   * @param target the |[MASK]  to search for as a sub-sequence of {@code  MASK }
   *|MASK] }
   * @return the least index {@code i} such that {@code  MASK|[MASK]<|fim_pad|><|fim_pad|><|fim_pad|><|fim_pad|><|fim_pad|><|fim_pad|><|fim_pad|><|fim_pad|><|fim_pad|><|fim_pad|><|fim_pad|><|fim_pad|><|fim_pad|><|fim_pad|><|fim_pad|><|fim_pad|><|fim_pad|>| MASK]<|endoftext|>|MASK<|endoftext|>|MASK] .length - target.length + 1; i++) {
      for (int j =| [MASK]<|endoftext|>|[MASK]<|endoftext|>|[MASK]<|fim_pad|><|fim_pad|><|fim_pad|><|fim_pad|><|fim_pad|><|fim_pad|><|fim_pad|><|fim_pad|><|fim_pad|><|fim_pad|><|fim_pad|><|fim_pad|><|fim_pad|><|fim_pad|><|fim_pad|><|fim_pad|><|fim_pad|>|MASK  of {@code double} values, possibly empty
   * @param target a primitive {@|MASK [i] == target}, or {@code -1} if no
   *     such|MASK<|fim_pad|><|fim_pad|><|fim_pad|><|fim_pad|><|fim_pad|><|fim_pad|><|fim_pad|><|fim_pad|><|fim_pad|><|fim_pad|><|fim_pad|><|fim_pad|><|fim_pad|><|fim_pad|><|fim_pad|><|fim_pad|><|fim_pad|><|fim_pad|><|fim_pad|>|MASK , target, 0,  MASK .length);
  }

  // TODO(kevin|MASK .length);
  }

  // TODO(kevinb): consider making this public
 |MASK<|fim_pad|><|fim_pad|><|fim_pad|><|fim_pad|><|fim_pad|><|fim_pad|><|fim_pad|><|fim_pad|><|fim_pad|><|fim_pad|><|fim_pad|><|fim_pad|><|fim_pad|><|fim_pad|><|fim_pad|><|fim_pad|><|fim_pad|><|fim_pad|><|fim_pad|>|MASK<|endoftext|>|MASK]<|fim_pad|><|fim_pad|><|fim_pad|><|fim_pad|><|fim_pad|><|fim_pad|><|fim_pad|><|fim_pad|><|fim_pad|><|fim_pad|><|fim_pad|><|fim_pad|><|fim_pad|><|fim_pad|><|fim_pad|><|fim_pad|><|fim_pad|><|fim_pad|>|[MASK]<|fim_pad|><|fim_pad|><|fim_pad|><|fim_pad|><|fim_pad|><|fim_pad|><|fim_pad|><|fim_pad|><|fim_pad|><|fim_pad|><|fim_pad|><|fim_pad|><|fim_pad|><|fim_pad|><|fim_pad|><|fim_pad|><|fim_pad|>| [MASK]  of {@code double} values
   * @return the value present in {@|MASK } that is less than or equal to every other value in
   *     the  MASK|MASK 
   * @throws IllegalArgumentException if {@code  MASK } is empty
   */
  public| MASK<|fim_pad|><|fim_pad|><|fim_pad|><|fim_pad|><|fim_pad|><|fim_pad|><|fim_pad|><|fim_pad|><|fim_pad|><|fim_pad|><|fim_pad|><|fim_pad|><|fim_pad|><|fim_pad|><|fim_pad|><|fim_pad|><|fim_pad|><|fim_pad|><|fim_pad|>|MASK<|fim_pad|><|fim_pad|><|fim_pad|><|fim_pad|><|fim_pad|><|fim_pad|><|fim_pad|><|fim_pad|><|fim_pad|><|fim_pad|><|fim_pad|><|fim_pad|><|fim_pad|><|fim_pad|><|fim_pad|><|fim_pad|><|fim_pad|><|fim_pad|><|fim_pad|>| MASK<|fim_pad|><|fim_pad|><|fim_pad|><|fim_pad|><|fim_pad|><|fim_pad|><|fim_pad|><|fim_pad|><|fim_pad|><|fim_pad|><|fim_pad|><|fim_pad|><|fim_pad|><|fim_pad|><|fim_pad|><|fim_pad|><|fim_pad|><|fim_pad|><|fim_pad|>|MASK [0];
    for (int i = 1; i <  MASK .length;|MASK .length; i++) {
      min = Math.min(min,  MASK [i]);
   |MASK<|endoftext|>|MASK<|endoftext|>|MASK<|fim_pad|><|fim_pad|><|fim_pad|><|fim_pad|><|fim_pad|><|fim_pad|><|fim_pad|><|fim_pad|><|fim_pad|><|fim_pad|><|fim_pad|><|fim_pad|><|fim_pad|><|fim_pad|><|fim_pad|><|fim_pad|><|fim_pad|><|fim_pad|><|fim_pad|>|MASK<|fim_pad|><|fim_pad|><|fim_pad|><|fim_pad|><|fim_pad|><|fim_pad|><|fim_pad|><|fim_pad|><|fim_pad|><|fim_pad|><|fim_pad|><|fim_pad|><|fim_pad|><|fim_pad|><|fim_pad|><|fim_pad|><|fim_pad|><|fim_pad|><|fim_pad|>|MASK<|fim_pad|><|fim_pad|><|fim_pad|><|fim_pad|><|fim_pad|><|fim_pad|><|fim_pad|><|fim_pad|><|fim_pad|><|fim_pad|><|fim_pad|><|fim_pad|><|fim_pad|><|fim_pad|><|fim_pad|><|fim_pad|><|fim_pad|><|fim_pad|><|fim_pad|>|MASK 
   * @throws IllegalArgumentException if {@code  MASK } is empty
   */
  @|MASK<|fim_pad|><|fim_pad|><|fim_pad|><|fim_pad|><|fim_pad|><|fim_pad|><|fim_pad|><|fim_pad|><|fim_pad|><|fim_pad|><|fim_pad|><|fim_pad|><|fim_pad|><|fim_pad|><|fim_pad|><|fim_pad|><|fim_pad|><|fim_pad|><|fim_pad|>|MASK<|endoftext|>| MASK<|fim_pad|><|fim_pad|><|fim_pad|><|fim_pad|><|fim_pad|><|fim_pad|><|fim_pad|><|fim_pad|><|fim_pad|><|fim_pad|><|fim_pad|><|fim_pad|><|fim_pad|><|fim_pad|><|fim_pad|><|fim_pad|><|fim_pad|><|fim_pad|><|fim_pad|>|MASK<|endoftext|>|MASK<|endoftext|>|MASK<|endoftext|>|MASK] s in order; the returned  [MASK]  is a superset of
  | [MASK]<|fim_pad|><|fim_pad|><|fim_pad|><|fim_pad|><|fim_pad|><|fim_pad|><|fim_pad|><|fim_pad|><|fim_pad|><|fim_pad|><|fim_pad|><|fim_pad|><|fim_pad|><|fim_pad|><|fim_pad|><|fim_pad|><|fim_pad|>| [MASK]  {@code
   * {a, b, c}}.
   *
  | [MASK]<|fim_pad|><|fim_pad|><|fim_pad|><|fim_pad|><|fim_pad|><|fim_pad|><|fim_pad|><|fim_pad|><|fim_pad|><|fim_pad|><|fim_pad|><|fim_pad|><|fim_pad|><|fim_pad|><|fim_pad|><|fim_pad|><|fim_pad|>|MASK s
   * @return a single  MASK  containing all the values from the source | [MASK]  containing all the values from the source  MASK s
   * @throws IllegalArgumentException|MASK<|fim_pad|><|fim_pad|><|fim_pad|><|fim_pad|><|fim_pad|><|fim_pad|><|fim_pad|><|fim_pad|><|fim_pad|><|fim_pad|><|fim_pad|><|fim_pad|><|fim_pad|><|fim_pad|><|fim_pad|><|fim_pad|><|fim_pad|><|fim_pad|><|fim_pad|>|MASK<|fim_pad|><|fim_pad|><|fim_pad|><|fim_pad|><|fim_pad|><|fim_pad|><|fim_pad|><|fim_pad|><|fim_pad|><|fim_pad|><|fim_pad|><|fim_pad|><|fim_pad|><|fim_pad|><|fim_pad|><|fim_pad|><|fim_pad|><|fim_pad|><|fim_pad|>|[MASK]<|fim_pad|><|fim_pad|><|fim_pad|><|fim_pad|><|fim_pad|><|fim_pad|><|fim_pad|><|fim_pad|><|fim_pad|><|fim_pad|><|fim_pad|><|fim_pad|><|fim_pad|><|fim_pad|><|fim_pad|><|fim_pad|><|fim_pad|>| [MASK]<|fim_pad|><|fim_pad|><|fim_pad|><|fim_pad|><|fim_pad|><|fim_pad|><|fim_pad|><|fim_pad|><|fim_pad|><|fim_pad|><|fim_pad|><|fim_pad|><|fim_pad|><|fim_pad|><|fim_pad|><|fim_pad|><|fim_pad|>|MASK<|fim_pad|><|fim_pad|><|fim_pad|><|fim_pad|><|fim_pad|><|fim_pad|><|fim_pad|><|fim_pad|><|fim_pad|><|fim_pad|><|fim_pad|><|fim_pad|><|fim_pad|><|fim_pad|><|fim_pad|><|fim_pad|><|fim_pad|><|fim_pad|><|fim_pad|>|MASK<|endoftext|>| MASK  :  MASK s) {
      System.arraycopy( MASK , 0, result, pos|MASK<|fim_pad|><|fim_pad|><|fim_pad|><|fim_pad|><|fim_pad|><|fim_pad|><|fim_pad|><|fim_pad|><|fim_pad|><|fim_pad|><|fim_pad|><|fim_pad|><|fim_pad|><|fim_pad|><|fim_pad|><|fim_pad|><|fim_pad|><|fim_pad|><|fim_pad|>|array<|fim_pad|><|fim_pad|><|fim_pad|><|fim_pad|><|fim_pad|><|fim_pad|><|fim_pad|><|fim_pad|><|fim_pad|><|fim_pad|><|fim_pad|><|fim_pad|><|fim_pad|><|fim_pad|><|fim_pad|><|fim_pad|><|fim_pad|><|fim_pad|><|fim_pad|>|MASK<|endoftext|>|MASK<|endoftext|>|MASK<|fim_pad|><|fim_pad|><|fim_pad|><|fim_pad|><|fim_pad|><|fim_pad|><|fim_pad|><|fim_pad|><|fim_pad|><|fim_pad|><|fim_pad|><|fim_pad|><|fim_pad|><|fim_pad|><|fim_pad|><|fim_pad|><|fim_pad|><|fim_pad|><|fim_pad|>|MASK<|fim_pad|><|fim_pad|><|fim_pad|><|fim_pad|><|fim_pad|><|fim_pad|><|fim_pad|><|fim_pad|><|fim_pad|><|fim_pad|><|fim_pad|><|fim_pad|><|fim_pad|><|fim_pad|><|fim_pad|><|fim_pad|><|fim_pad|><|fim_pad|><|fim_pad|>| [MASK]  containing the same values as {@code  [MASK] }, but guaranteed to be|MASK } but guaranteed to be of a
   * specified minimum length. If {@code  MASK| [MASK]<|fim_pad|><|fim_pad|><|fim_pad|><|fim_pad|><|fim_pad|><|fim_pad|><|fim_pad|><|fim_pad|><|fim_pad|><|fim_pad|><|fim_pad|><|fim_pad|><|fim_pad|><|fim_pad|><|fim_pad|><|fim_pad|><|fim_pad|>| [MASK]  of size {@code minLength} is created, with
   * the existing values|MASK<|fim_pad|><|fim_pad|><|fim_pad|><|fim_pad|><|fim_pad|><|fim_pad|><|fim_pad|><|fim_pad|><|fim_pad|><|fim_pad|><|fim_pad|><|fim_pad|><|fim_pad|><|fim_pad|><|fim_pad|><|fim_pad|><|fim_pad|><|fim_pad|><|fim_pad|>|[MASK]<|fim_pad|><|fim_pad|><|fim_pad|><|fim_pad|><|fim_pad|><|fim_pad|><|fim_pad|><|fim_pad|><|fim_pad|><|fim_pad|><|fim_pad|><|fim_pad|><|fim_pad|><|fim_pad|><|fim_pad|><|fim_pad|><|fim_pad|>|MASK  to pad out
   * @param minLength the minimum length the returned  [MASK]|<|endoftext|>|<|endoftext|>| [MASK]<|fim_pad|><|fim_pad|><|fim_pad|><|fim_pad|><|fim_pad|><|fim_pad|><|fim_pad|><|fim_pad|><|fim_pad|><|fim_pad|><|fim_pad|><|fim_pad|><|fim_pad|><|fim_pad|><|fim_pad|><|fim_pad|><|fim_pad|>|MASK<|fim_pad|><|fim_pad|><|fim_pad|><|fim_pad|><|fim_pad|><|fim_pad|><|fim_pad|><|fim_pad|><|fim_pad|><|fim_pad|><|fim_pad|><|fim_pad|><|fim_pad|><|fim_pad|><|fim_pad|><|fim_pad|><|fim_pad|><|fim_pad|><|fim_pad|>| [MASK]<|endoftext|>| [MASK]<|endoftext|>| MASK<|endoftext|>|MASK ;
  }

  /**
   * Returns a string containing the supplied {@code double} values,|MASK<|endoftext|>| [MASK]<|fim_pad|><|fim_pad|><|fim_pad|><|fim_pad|><|fim_pad|><|fim_pad|><|fim_pad|><|fim_pad|><|fim_pad|><|fim_pad|><|fim_pad|><|fim_pad|><|fim_pad|><|fim_pad|><|fim_pad|><|fim_pad|><|fim_pad|>|MASK<|endoftext|>| [MASK]<|fim_pad|><|fim_pad|><|fim_pad|><|fim_pad|><|fim_pad|><|fim_pad|><|fim_pad|><|fim_pad|><|fim_pad|><|fim_pad|><|fim_pad|><|fim_pad|><|fim_pad|><|fim_pad|><|fim_pad|><|fim_pad|><|fim_pad|>| [MASK]<|fim_pad|><|fim_pad|><|fim_pad|><|fim_pad|><|fim_pad|><|fim_pad|><|fim_pad|><|fim_pad|><|fim_pad|><|fim_pad|><|fim_pad|><|fim_pad|><|fim_pad|><|fim_pad|><|fim_pad|><|fim_pad|><|fim_pad|>|MASK]<|fim_pad|><|fim_pad|><|fim_pad|><|fim_pad|><|fim_pad|><|fim_pad|><|fim_pad|><|fim_pad|><|fim_pad|><|fim_pad|><|fim_pad|><|fim_pad|><|fim_pad|><|fim_pad|><|fim_pad|><|fim_pad|><|fim_pad|><|fim_pad|>|MASK<|endoftext|>| MASK<|fim_pad|><|fim_pad|><|fim_pad|><|fim_pad|><|fim_pad|><|fim_pad|><|fim_pad|><|fim_pad|><|fim_pad|><|fim_pad|><|fim_pad|><|fim_pad|><|fim_pad|><|fim_pad|><|fim_pad|><|fim_pad|><|fim_pad|><|fim_pad|><|fim_pad|>|values, treating NaN values as greater
   * than all other values (except for each other,| [MASK]<|fim_pad|><|fim_pad|><|fim_pad|><|fim_pad|><|fim_pad|><|fim_pad|><|fim_pad|><|fim_pad|><|fim_pad|><|fim_pad|><|fim_pad|><|fim_pad|><|fim_pad|><|fim_pad|><|fim_pad|><|fim_pad|><|fim_pad|>|MASK  as the
   * lesser. If the two  MASK s have the same length,|double<|fim_pad|><|fim_pad|><|fim_pad|><|fim_pad|><|fim_pad|><|fim_pad|><|fim_pad|><|fim_pad|><|fim_pad|><|fim_pad|><|fim_pad|><|fim_pad|><|fim_pad|><|fim_pad|><|fim_pad|><|fim_pad|><|fim_pad|><|fim_pad|><|fim_pad|>|MASK] } in descending order.
   *
   * <p>Note that this method uses the total|MASK ) {
    checkNotNull( MASK );
    sortDescending( MASK , 0,  MASK| [MASK] );
    sortDescending( [MASK] , 0,  [MASK] .| MASK , 0,  MASK .length);
  }

  /**
   * Sorts the elements|MASK .length);
  }

  /**
   * Sorts the elements of {@code  MASK }|MASK } between {@code fromIndex} inclusive and {@code toIndex}
   * exclusive in descending|MASK , int fromIndex, int toIndex) {
    checkNotNull( MASK );
    checkPosition| MASK );
    checkPositionIndexes(fromIndex, toIndex,  MASK .length);
    Arrays.sort|MASK .length);
    Arrays.sort( MASK , fromIndex, toIndex);
    reverse( MASK|MASK , fromIndex, toIndex);
    reverse( MASK , fromIndex, toIndex);
 |MASK<|endoftext|>|MASK ]<|endoftext|>| MASK )<|endoftext|>|MASK ) {
    checkNotNull( MASK );
    reverse( MASK , 0,  MASK .| MASK );
    reverse( MASK , 0,  MASK .length);
  }

  /**
  |MASK , 0,  [MASK] .length);
  }

  /**
   * Revers|MASK<|endoftext|>|MASK } between {@code fromIndex} inclusive and {@code toIndex}
   * exclusive. This| [MASK]<|endoftext|>|MASK] .length}, or
   *     {@code toIndex > fromIndex}
   *|MASK<|endoftext|>| [MASK]<|endoftext|>|MASK]<|endoftext|>|MASK]<|endoftext|>| [MASK] [i] =  [MASK] [j];
       [MASK] [j|MASK<|endoftext|>| MASK<|endoftext|>|MASK } by ""distance"" places, so that the first element is
   * moved to index|MASK<|endoftext|>| MASK ]<|endoftext|>|[MASK] , int distance) {
    rotate( MASK , distance, 0,  MASK|MASK<|endoftext|>|MASK]<|endoftext|>|MASK } between {@code fromIndex} inclusive and {@code
   * toIndex} exclusive.|MASK ]<|endoftext|>|MASK<|endoftext|>|[MASK]<|endoftext|>| MASK<|endoftext|>|MASK<|endoftext|>|  [MASK]<|endoftext|>|[MASK]<|endoftext|>|[MASK]<|endoftext|>|MASK , fromIndex, toIndex);
  }

  /**
   * Returns an  MASK  containing|[MASK] 
   * containing the same values as {@code  MASK }, but guaranteed to be|MASK 
   *   <|endoftext|>| [MASK]<|endoftext|>| [MASK]<|endoftext|>|MASK <|fim_middle|>MASK <|fim_middle|>MASK <|file_sep|><|fim_prefix|>/src/main/java/com/google/common/collect/Immutable|[MASK]<|endoftext|>|MASK  that backs the list
   * @return a list view of the  [MASK]|MASK 
   * @throws NullPointerException if {@code backingArray} is null or contains any null values| [MASK] <|endoftext|>|MASK ]<|endoftext|>|[MASK]<|endoftext|>|MASK<|endoftext|>|MASK<|endoftext|>|MASK  =  MASK ;
      this.start = start;
      this.end = end;
    }

|MASK<|endoftext|>|MASK <|endoftext|>|MASK , start, end, Spliterator.ORDERED);
    }

    @Override
    public boolean|MASK <|endoftext|>|MASK<|endoftext|>| MASK<|endoftext|>|MASK <|endoftext|>| MASK<|endoftext|>|MASK<|endoftext|>|MASK<|endoftext|>| MASK<|endoftext|>| MASK<|endoftext|>|[MASK]<|endoftext|>| MASK<|endoftext|>|MASK<|endoftext|>",
330,content,MASK,False,6,MASK|MASK|MASK|MASK|MASK|MASK,[MASK]<|endoftext|>,[MASK]<|endoftext|>|[MASK]<|endoftext|>| MASK <|endoftext|>| MASK <|endoftext|>|MASK <|endoftext|>| MASK <|endoftext|>,
331,options,MASK,False,12,MASK|MASK|MASK|MASK|MASK|MASK|MASK|MASK|MASK|MASK|MASK|options, [MASK] <|endoftext|>," [MASK] <|endoftext|>|MASK  = new Options();
    urlLoader = new TestLoader(wrapped, modelCache);
 | [MASK]<|endoftext|>| MASK<|endoftext|>|[MASK]<|endoftext|>|MASK <|endoftext|>|[MASK]<|endoftext|>|MASK <|endoftext|>| MASK <|endoftext|>|MASK<|endoftext|>| MASK<|endoftext|>|options<|endoftext|>",
332,width,width,True,68,width|MASK|MASK|MASK|MASK|MASK|MASK|MASK|MASK|MASK|MASK|MASK|MASK|MASK|MASK|height|MASK|MASK|MASK|MASK|height|MASK|MASK|MASK|MASK|MASK|MASK|MASK|MASK|MASK|fim_pad|X|Returns|than|disableX|Y|return|Y|Overscroll|) {|() {|the|ScrollX|1. */|fade|*/|Bars|fadeAlphaSeconds|}|public|scrollBarTouch|MASK|MASK|MASK|MASK|MASK|MASK|MASK|MASK|MASK|MASK|MASK|MASK|MASK|MASK|MASK||,"width
 *<|fim_pad|><|fim_pad|><|fim_pad|><|fim_pad|><|fim_pad|><|fim_pad|><|fim_pad|><|fim_pad|><|fim_pad|><|fim_pad|><|fim_pad|><|fim_pad|><|fim_pad|><|fim_pad|><|fim_pad|><|fim_pad|><|fim_pad|>","width
 *<|fim_pad|><|fim_pad|><|fim_pad|><|fim_pad|><|fim_pad|><|fim_pad|><|fim_pad|><|fim_pad|><|fim_pad|><|fim_pad|><|fim_pad|><|fim_pad|><|fim_pad|><|fim_pad|><|fim_pad|><|fim_pad|><|fim_pad|>| [MASK]<|fim_pad|><|fim_pad|><|fim_pad|><|fim_pad|><|fim_pad|><|fim_pad|><|fim_pad|><|fim_pad|><|fim_pad|><|fim_pad|><|fim_pad|><|fim_pad|><|fim_pad|><|fim_pad|><|fim_pad|><|fim_pad|><|fim_pad|>| [MASK]<|fim_pad|><|fim_pad|><|fim_pad|><|fim_pad|><|fim_pad|><|fim_pad|><|fim_pad|><|fim_pad|><|fim_pad|><|fim_pad|><|fim_pad|><|fim_pad|><|fim_pad|><|fim_pad|><|fim_pad|><|fim_pad|><|fim_pad|>| [MASK] <|fim_pad|><|fim_pad|><|fim_pad|><|fim_pad|><|fim_pad|><|fim_pad|><|fim_pad|><|fim_pad|><|fim_pad|><|fim_pad|><|fim_pad|><|fim_pad|><|fim_pad|><|fim_pad|><|fim_pad|><|fim_pad|>| [MASK]<|fim_pad|><|fim_pad|><|fim_pad|><|fim_pad|><|fim_pad|><|fim_pad|><|fim_pad|><|fim_pad|><|fim_pad|><|fim_pad|><|fim_pad|><|fim_pad|><|fim_pad|><|fim_pad|><|fim_pad|><|fim_pad|><|fim_pad|>|MASK<|fim_pad|><|fim_pad|><|fim_pad|><|fim_pad|><|fim_pad|><|fim_pad|><|fim_pad|><|fim_pad|><|fim_pad|><|fim_pad|><|fim_pad|><|fim_pad|><|fim_pad|><|fim_pad|><|fim_pad|><|fim_pad|><|fim_pad|><|fim_pad|><|fim_pad|>| [MASK]  - hKnobBounds. [MASK] ) > actorArea. [MASK|MASK<|endoftext|>| [MASK]<|endoftext|>| [MASK]<|fim_pad|><|fim_pad|><|fim_pad|><|fim_pad|><|fim_pad|><|fim_pad|><|fim_pad|><|fim_pad|><|fim_pad|><|fim_pad|><|fim_pad|><|fim_pad|><|fim_pad|><|fim_pad|><|fim_pad|><|fim_pad|><|fim_pad|>| [MASK]<|endoftext|>|MASK  and height<|endoftext|>| [MASK]<|fim_pad|><|fim_pad|><|fim_pad|><|fim_pad|><|fim_pad|><|fim_pad|><|fim_pad|><|fim_pad|><|fim_pad|><|fim_pad|><|fim_pad|><|fim_pad|><|fim_pad|><|fim_pad|><|fim_pad|><|fim_pad|><|fim_pad|>| [MASK]<|fim_pad|><|fim_pad|><|fim_pad|><|fim_pad|><|fim_pad|><|fim_pad|><|fim_pad|><|fim_pad|><|fim_pad|><|fim_pad|><|fim_pad|><|fim_pad|><|fim_pad|><|fim_pad|><|fim_pad|><|fim_pad|><|fim_pad|>|MASK  && !disableX) scrollX = true;
			}
			if (scrollX|height -= scrollbarHeight;
					if (hScrollOnBottom) actorArea.y += scrollbarHeight;
|MASK<|fim_pad|><|fim_pad|><|fim_pad|><|fim_pad|><|fim_pad|><|fim_pad|><|fim_pad|><|fim_pad|><|fim_pad|><|fim_pad|><|fim_pad|><|fim_pad|><|fim_pad|><|fim_pad|><|fim_pad|><|fim_pad|><|fim_pad|><|fim_pad|><|fim_pad|>| [MASK]<|fim_pad|><|fim_pad|><|fim_pad|><|fim_pad|><|fim_pad|><|fim_pad|><|fim_pad|><|fim_pad|><|fim_pad|><|fim_pad|><|fim_pad|><|fim_pad|><|fim_pad|><|fim_pad|><|fim_pad|><|fim_pad|><|fim_pad|>| MASK<|fim_pad|><|fim_pad|><|fim_pad|><|fim_pad|><|fim_pad|><|fim_pad|><|fim_pad|><|fim_pad|><|fim_pad|><|fim_pad|><|fim_pad|><|fim_pad|><|fim_pad|><|fim_pad|><|fim_pad|><|fim_pad|><|fim_pad|><|fim_pad|><|fim_pad|>|MASK , scrollbarHeight);
				if (scrollY && !scrollbarsOnTop) {
					h|height<|fim_pad|><|fim_pad|><|fim_pad|><|fim_pad|><|fim_pad|><|fim_pad|><|fim_pad|><|fim_pad|><|fim_pad|><|fim_pad|><|fim_pad|><|fim_pad|><|fim_pad|><|fim_pad|><|fim_pad|><|fim_pad|><|fim_pad|><|fim_pad|><|fim_pad|>| [MASK]<|fim_pad|><|fim_pad|><|fim_pad|><|fim_pad|><|fim_pad|><|fim_pad|><|fim_pad|><|fim_pad|><|fim_pad|><|fim_pad|><|fim_pad|><|fim_pad|><|fim_pad|><|fim_pad|><|fim_pad|><|fim_pad|><|fim_pad|>|MASK  * actorArea. [MASK]  / actorWidth));
				else
					hKn|MASK  / actorWidth));
				else
					hKnobBounds. [MASK]  =|MASK  = hScrollKnob.getMinWidth();
				if (hKnobBounds. [MASK|MASK<|fim_pad|><|fim_pad|><|fim_pad|><|fim_pad|><|fim_pad|><|fim_pad|><|fim_pad|><|fim_pad|><|fim_pad|><|fim_pad|><|fim_pad|><|fim_pad|><|fim_pad|><|fim_pad|><|fim_pad|><|fim_pad|><|fim_pad|><|fim_pad|><|fim_pad|>|MASK  = 0;
				if (hKnobBounds. MASK  > actorWidth)|MASK  - hKnobBounds. MASK ) * getScrollPercentX());
				hKnob|MASK ) * getScrollPercentX());
				hKnobBounds.y = hScrollBounds.y;
| [MASK]<|fim_pad|><|fim_pad|><|fim_pad|><|fim_pad|><|fim_pad|><|fim_pad|><|fim_pad|><|fim_pad|><|fim_pad|><|fim_pad|><|fim_pad|><|fim_pad|><|fim_pad|><|fim_pad|><|fim_pad|><|fim_pad|><|fim_pad|>|<|fim_pad|><|fim_pad|><|fim_pad|><|fim_pad|><|fim_pad|><|fim_pad|><|fim_pad|><|fim_pad|><|fim_pad|><|fim_pad|><|fim_pad|><|fim_pad|><|fim_pad|><|fim_pad|><|fim_pad|><|fim_pad|><|fim_pad|><|fim_pad|><|fim_pad|><|fim_pad|>|X () {
		return maxX;
	}

	/** Returns the maximum scroll value in the y direction|/** Returns the width of the scrolled actor. */
	public float getActorWidth () {
		if (| than the scroll pane in the x direction. */
	public boolean isScrollX () {
		return scroll|		disableX = x;
		disableY = y;
		invalidateHierarchy();
	|Y = y;
		invalidateHierarchy();
	}

	/** Returns true if scrolling is disabled in|		return flickScrollListener.getGestureDetector().isPanning();
	}

	public boolean isFling|Y = overscrollY;
	}

	/** For flick scroll, if true the actor can be|Overscroll (float distance, float speedMin, float speedMax) {
		overscroll|) {
		overscrollDistance = distance;
		overscrollSpeedMin = speedMin;
| () {
		return overscrollDistance;
	}

	public void setOverscrollDistance (float distance| the bounds in that direction. */
	public void setForceScroll (boolean x, boolean y) {
|ScrollX;
	}

	public boolean isForceScrollY () {
		return forceScrollY;
	|1. */
	public void setFlingTime (float flingTime) {
		this.fling| fade out and are always visible. */
	public void setScrollBarFadeDisabled (boolean disabled) {
	| */
	public void setFadeScrollBars (boolean fadeScrollBars) {
		this.fadeScrollBars =|Bars) return;
		this.fadeScrollBars = fadeScrollBars;
		if (fadeScrollBars| fadeAlphaSeconds;
	}

	/** Sets the fade alpha for the scroll bars. */
	public void|	}

	/** Sets the fade out time in seconds for the scroll bars when {@link #set|	public void setScrollbarsVisible (boolean visible) {
		if (visible) {
			fade|.scrollBarTouch = scrollBarTouch;
	}

	public boolean getScrollBarTouch () {
		return scroll| [MASK]  * 0.9f, Math.max(actorArea. [MASK] |MASK<|endoftext|>|[MASK] <|endoftext|>|MASK<|endoftext|>|[MASK] <|endoftext|>|MASK  + actorArea. [MASK] ) / 2;
		else
			amount|[MASK]  - actorArea. [MASK]  + height) / 2;
	|MASK  - actorArea. [MASK] );
		scrollX(MathUtils.clamp(amountX,|MASK  + height);
		scrollX(MathUtils.clamp(amountX, 0, maxX));

|[MASK]<|endoftext|>|MASK  = style.vScrollKnob.getMinWidth();
		if (style.vScroll != null)|MASK<|endoftext|>|MASK <|endoftext|>| MASK ;
	}

	/** Returns the  [MASK]  of the scrolled viewport. */
	public|MASK<|endoftext|>|<|endoftext|>|<|endoftext|>",
333,orientation,orientation,True,4,orientation|MASK|MASK|MASK,"orientation for the given ByteBuffer. */
  public static int getOrientation(
      @NonNull List<ImageHeader","orientation for the given ByteBuffer. */
  public static int getOrientation(
      @NonNull List<ImageHeader|[MASK]<|endoftext|>|MASK <|endoftext|>| MASK <|endoftext|>",
334,totalBytes,total,False,5,total|getTotalBytes|MASK|MASK|MASK,"total = ByteSizeValue.ofBytes(usage.getTotalBytes());
        ByteSizeValue used   = Byte","total = ByteSizeValue.ofBytes(usage.getTotalBytes());
        ByteSizeValue used   = Byte|getTotalBytes ());
        ByteSizeValue used   = ByteSizeValue.ofBytes(usage. get|[MASK]<|endoftext|>|[MASK]<|endoftext|>|MASK<|endoftext|>",
335,mockClient,MASK,False,8,MASK|MASK|MASK|MASK|MASK|MASK|MASK|MASK,[MASK]<|endoftext|>,[MASK]<|endoftext|>|[MASK]<|endoftext|>|[MASK]<|endoftext|>|MASK<|endoftext|>| [MASK] <|endoftext|>|[MASK]<|endoftext|>|MASK<|endoftext|>| MASK<|endoftext|>,
336,suppressPositionProjection,MASK,False,3,MASK|true|true, [MASK] <|endoftext|>," [MASK] <|endoftext|>|  true<|endoftext|>|  = */ true,
        /* isPlaceholder<|endoftext|>",
337,nameStart,MASK,False,19,MASK|MASK|MASK|MASK|MASK|MASK|MASK|MASK|MASK|MASK|MASK|MASK|MASK|MASK|MASK|MASK|MASK|MASK|MASK, [MASK]<|endoftext|>," [MASK]<|endoftext|>|[MASK]<|endoftext|>| [MASK]<|endoftext|>|MASK <|endoftext|>|[MASK]<|endoftext|>|[MASK]<|endoftext|>| MASK<|endoftext|>|MASK<|endoftext|>| [MASK]<|endoftext|>|[MASK]<|endoftext|>|MASK <|endoftext|>|[MASK]<|endoftext|>|MASK<|endoftext|>|MASK<|endoftext|>|MASK<|endoftext|>|MASK  >= valueEnd) {
            return false;
        }

        if (valueStart <= |MASK <|endoftext|>|MASK <|endoftext|>|MASK<|endoftext|>",
338,expectedChecksum,Dir,False,5,Dir|FileName|;|Files|Dir,"Dir = tmpRoot.resolve(""config"");
        if (Files.exists(tmpConfigDir)) {
            delete","Dir = tmpRoot.resolve(""config"");
        if (Files.exists(tmpConfigDir)) {
            delete|FileName().toString();
                if (parentDirName.equals(""bin"")) {
                    Files.setPosix|;
            }

            @Override
            public FileVisitResult postVisitDirectory(final Path dir, final| Files.delete(tmpBinDir);
    }

    /**
     * Copies the files from {@code tmpConfig|Dir}, along with permissions from dest dirs parent.
     */
    private static void installConfig(Plugin",
339,PF_LENGTH,":00"",",False,3,":00"",|PM|hh",":00"",
            ""MM d yy"",   ""04 05 06",":00"",
            ""MM d yy"",   ""04 05 06|34:56 PM"", ""1970 01 01 1|            // ""hh:mm:ss a"", ""12:34:56 PM"", """,
340,userPassedSupplier,MASK,False,4,MASK|MASK|MASK|result, [MASK] <|endoftext|>," [MASK] <|endoftext|>|MASK = */ false);
  }

  @CanIgnoreReturnValue
  static <T extends Throwable>|MASK
 <|endoftext|>|result != null &&  MASK<|endoftext|>",
341,transFactory,MASK,False,2,MASK|MASK, [MASK] <|endoftext|>," [MASK] <|endoftext|>|MASK
                   <|endoftext|>",
342,hudson,MASK,False,14,MASK|MASK|MASK|MASK|MASK|MASK|MASK|MASK|MASK|MASK|MASK|MASK|MASK|MASK,[MASK] .model<|endoftext|>,"[MASK] .model<|endoftext|>|[MASK]<|endoftext|>|[MASK]<|endoftext|>|[MASK]<|endoftext|>|[MASK]<|endoftext|>|[MASK] .model.ExtensionList;
import  [MASK]<|endoftext|>|[MASK] .model.ExtensionList;
import  [MASK] .model.ExtensionComponent;
import |MASK .tasks.BuildStepDescriptor;
import  MASK<|endoftext|>|[MASK]<|endoftext|>| MASK<|endoftext|>|[MASK]<|endoftext|>| MASK<|endoftext|>|[MASK]<|endoftext|>| MASK<|endoftext|>",
343,constructedUserInfo,,False,2,|hasEmptyPassword, <|endoftext|>," <|endoftext|>|hasEmptyPassword(), equalTo(false));
    }

    public void testDefaultReservedUserInfoPasswordEmptyWithNull",
344,event,name,False,7,name|MASK|MASK|MASK|MASK|MASK|MASK,""" + name + ""._trigger."" + IncidentEventDefaults.DEFAULTS_SETTING.getKey() + ""._",""" + name + ""._trigger."" + IncidentEventDefaults.DEFAULTS_SETTING.getKey() + ""._| [MASK]<|endoftext|>|[MASK]  = new IncidentEventDefaults(accountSettings.getAsSettings(TRIGGER_DEFAULTS_SETTING));
   | MASK<|endoftext|>|[MASK]<|endoftext|>| MASK
            .withDefaults( MASK Defaults)
           <|endoftext|>| MASK<|endoftext|>",
345,targetSize,MASK,False,2,MASK|MASK, [MASK] <|endoftext|>, [MASK] <|endoftext|>|MASK <|endoftext|>,
346,searchProfileQueryPhaseResult,MASK,False,3,MASK|MASK|MASK,  [MASK] <|endoftext|>,"  [MASK] <|endoftext|>| [MASK] .setSearchProfileFetchPhaseResult(SearchProfileFetchPhaseResultTests.createTestItem());
|MASK <|endoftext|>",
347,minSettings,MASK,False,2,MASK|MASK,[MASK] <|fim_pad|><|fim_pad|><|fim_pad|><|fim_pad|><|fim_pad|><|fim_pad|><|fim_pad|><|fim_pad|><|fim_pad|><|fim_pad|><|fim_pad|><|fim_pad|><|fim_pad|><|fim_pad|><|fim_pad|><|fim_pad|>,[MASK] <|fim_pad|><|fim_pad|><|fim_pad|><|fim_pad|><|fim_pad|><|fim_pad|><|fim_pad|><|fim_pad|><|fim_pad|><|fim_pad|><|fim_pad|><|fim_pad|><|fim_pad|><|fim_pad|><|fim_pad|><|fim_pad|>|MASK<|endoftext|>,
348,observer,MASK,False,3,MASK|MASK|MASK," [MASK] 
                       <|endoftext|>"," [MASK] 
                       <|endoftext|>|   [MASK]<|endoftext|>| MASK<|endoftext|>",
349,messageConverter,MASK,False,7,MASK|MASK|MASK|MASK|MASK|MASK|MASK, [MASK] <|endoftext|>, [MASK] <|endoftext|>|[MASK] <|endoftext|>|MASK<|endoftext|>|MASK<|endoftext|>| MASK <|endoftext|>|MASK<|endoftext|>| MASK <|endoftext|>,
350,fileNAK,url,False,3,url|url|bad,"url = ""file://bad ^ domain.com/label/test"";
        assertFalse(urlValidator.isValid(url),","url = ""file://bad ^ domain.com/label/test"";
        assertFalse(urlValidator.isValid(url),|url <|fim_pad|><|fim_pad|><|fim_pad|><|fim_pad|><|fim_pad|><|fim_pad|><|fim_pad|><|fim_pad|><|fim_pad|><|fim_pad|><|fim_pad|><|fim_pad|><|fim_pad|><|fim_pad|><|fim_pad|><|fim_pad|><|fim_pad|><|fim_pad|>|""bad ^ domain.com/label/test""<|fim_pad|><|fim_pad|><|fim_pad|><|fim_pad|><|fim_pad|><|fim_pad|><|fim_pad|><|fim_pad|><|fim_pad|><|fim_pad|><|fim_pad|>",
351,codeUnderTestIdObj,codeUnderTestId,False,3,codeUnderTestId|codeUnderTestId|codeUnderTestId,codeUnderTestId<|endoftext|>,codeUnderTestId<|endoftext|>| codeUnderTestId<|endoftext|>|codeUnderTestId<|endoftext|>,
352,passwordHash,passwordHash,True,3,passwordHash|MASK|MASK,"passwordHash));
    }

    public void testVerifyUserWithEmptyPassword() throws Exception {
        final","passwordHash));
    }

    public void testVerifyUserWithEmptyPassword() throws Exception {
        final|  [MASK]<|endoftext|>|MASK <|endoftext|>",
353,taken,MASK,False,6,MASK|MASK|MASK|MASK|MASK|, [MASK]<|endoftext|>," [MASK]<|endoftext|>|[MASK] <|endoftext|>|MASK<|endoftext|>|MASK<|endoftext|>| MASK  == 0 && failed == 0) {
            assertTrue(stats == null || (stats|<|endoftext|>",
354,tableName,tableName,True,2,tableName|tableName,tableName<|endoftext|>,tableName<|endoftext|>|tableName<|endoftext|>,
355,strict,MASK,False,10,MASK|MASK|MASK|MASK|MASK|MASK|MASK|MASK|MASK|MASK," [MASK]  parsing, the negative sign will be accepted and the positive sign rejected.
     *"," [MASK]  parsing, the negative sign will be accepted and the positive sign rejected.
     *|[MASK]  parsing, the negative sign will be accepted and the positive sign rejected.
     *|[MASK]<|endoftext|>|[MASK]<|endoftext|>| MASK
     * <|endoftext|>|[MASK]  true if  [MASK] , false if lenient
     * @param|MASK  parsing<|endoftext|>|MASK<|endoftext|>| MASK  || fixedWidth;
            case 2: // NEVER
                return positive;
            case| MASK
                      <|endoftext|>",
356,driverContext,MASK,False,8,MASK|MASK|MASK|MASK|MASK|MASK|MASK|MASK, [MASK] <|endoftext|>," [MASK] <|endoftext|>|[MASK]<|endoftext|>|MASK<|endoftext|>|MASK <|endoftext|>|[MASK]<|endoftext|>|MASK .memoryTracker(),  MASK .memoryTracker(),  MASK .memoryTracker(),  MASK .|MASK <|endoftext|>| MASK  );
  }

  @Override
  public void evaluateIntermediate(Block[] blocks, int offset",
357,amountX,amountX,True,2,amountX|amountX,amountX<|endoftext|>,amountX<|endoftext|>|amountX<|endoftext|>,
358,response,MASK,False,2,MASK|MASK,  [MASK]<|endoftext|>,  [MASK]<|endoftext|>|MASK<|endoftext|>,
359,missed,MASK,False,12,MASK|MASK|MASK|MASK|MASK|if|MASK||MASK|if|MASK|, [MASK]<|endoftext|>," [MASK]<|endoftext|>| [MASK]<|endoftext|>|MASK  );
            if ( [MASK]  == 0) {
                break;
            }
|MASK<|endoftext|>|MASK<|endoftext|>|if (q.isEmpty()) {
                break;
            }
        }

         [MASK]<|endoftext|>| MASK<|endoftext|>|<|endoftext|>|MASK<|endoftext|>|if (disposed) {
                downstream.lazySet(null);
                return;
            }

             a = downstream|MASK<|endoftext|>|<|endoftext|>",
360,unused,MASK,False,7,MASK|MASK|MASK|MASK|MASK|MASK|MASK," [MASK]  =
        InternalMethodHandles.makeProvider(factory, injector, dep);
     [MASK"," [MASK]  =
        InternalMethodHandles.makeProvider(factory, injector, dep);
     [MASK| MASK  = null;
    injector = null;
    dep = null;
    factory = null;
|[MASK]<|endoftext|>|[MASK]<|endoftext|>|[MASK]<|endoftext|>|MASK <|endoftext|>|MASK<|endoftext|>",
361,existing,existing,True,4,existing|MASK|MASK|MASK,"existing
		 *   <|endoftext|>","existing
		 *   <|endoftext|>| [MASK]<|endoftext|>|MASK<|endoftext|>| MASK<|endoftext|>",
362,valueString,field,False,1,field,"field, String functionName, double origin, double decay, double value, double scale);

    Explanation explain","field, String functionName, double origin, double decay, double value, double scale);

    Explanation explain",
363,source,MASK,False,3,MASK|MASK|MASK,[MASK]<|endoftext|>,[MASK]<|endoftext|>|[MASK]<|endoftext|>|MASK<|endoftext|>,
364,buffer,Mask,False,16,Mask|buffer|buffer|MASK|MASK|Mode|MASK|MASK|MASK|MASK|MASK|MASK|MASK|MASK|MASK|MASK,"(Mask src, Mask dst, int srcX0, int srcY0, int srcX","(Mask src, Mask dst, int srcX0, int srcY0, int srcX|buffer (int target, int internalformat, int size, int  [MASK] , int usage|buffer Texture (int target, int attachment, int textarget, int texture, int level);

	public|[MASK] , int offset, int size);

	public native void glBindBufferRange (int target,|MASK , int offset);

	public native void glTransformFeedbackVaryings (int program, int count|Mode);

	public native void glGetTransformFeedbackVarying (int program, int index, Buffer length|[MASK] , int draw [MASK] , IntBuffer value);

	public native void glClearBuffer|[MASK] , IntBuffer value);

	public native void glClearBufferuiv (int  [|[MASK]<|endoftext|>|[MASK]<|endoftext|>|[MASK] , int draw [MASK] , FloatBuffer value);

	public native void glClearBuffer|[MASK]<|endoftext|>|MASK<|endoftext|>|MASK , float depth, int stencil);

	public native void glClearBufferiv (int  MASK ,|[MASK]<|endoftext|>|MASK  (int target, int numAttachments, IntBuffer attachments, int x, int y,",
365,interval,MASK,False,2,MASK|MASK,[MASK]<|endoftext|>,[MASK]<|endoftext|>|MASK<|endoftext|>,
366,onthrowMethod,MASK,False,5,MASK|MASK|MASK|MASK|MASK, [MASK] <|endoftext|>," [MASK] <|endoftext|>| [MASK]<|endoftext|>|[ MASK] <|endoftext|>| MASK  =  MASK ;
    }

    public AsyncMethodInfo(Object oninvokeInstance, Method oninvoke| MASK<|endoftext|>",
367,projectIndex,indexState,False,8,indexState|indexState|MASK|MASK|MASK|MASK|MASK|MASK,   indexState <|endoftext|>,"   indexState <|endoftext|>|indexState <|endoftext|>|[MASK] .isAvailable(SecurityIndexManager.Availability.AVAILABLE)).thenReturn(true);
       |[MASK]<|endoftext|>|[MASK] .isIndexReadyForNextStep()).thenReturn(true);
        when( [MASK]|MASK .isIndexUpToDate()).thenReturn(true);
        doAnswer((i) -> {
            Runnable|MASK<|endoftext|>|MASK<|endoftext|>",
368,bgRightWidth,MASK,False,5,MASK|MASK|MASK|MASK|MASK, [MASK]<|endoftext|>, [MASK]<|endoftext|>|[MASK]<|fim_pad|><|fim_pad|><|fim_pad|><|fim_pad|><|fim_pad|><|fim_pad|><|fim_pad|><|fim_pad|><|fim_pad|><|fim_pad|><|fim_pad|><|fim_pad|><|fim_pad|><|fim_pad|><|fim_pad|><|fim_pad|><|fim_pad|>|MASK <|endoftext|>|MASK<|fim_pad|><|fim_pad|><|fim_pad|><|fim_pad|><|fim_pad|><|fim_pad|><|fim_pad|><|fim_pad|><|fim_pad|><|fim_pad|><|fim_pad|><|fim_pad|><|fim_pad|><|fim_pad|><|fim_pad|><|fim_pad|><|fim_pad|><|fim_pad|><|fim_pad|>|MASK<|fim_pad|><|fim_pad|><|fim_pad|><|fim_pad|><|fim_pad|><|fim_pad|><|fim_pad|><|fim_pad|><|fim_pad|><|fim_pad|><|fim_pad|><|fim_pad|><|fim_pad|><|fim_pad|><|fim_pad|><|fim_pad|><|fim_pad|><|fim_pad|><|fim_pad|>,
369,moduleName,currentEntry,False,3,currentEntry|LabelEntry|Table,"          currentEntry = nextEntry;
        }
      }
      labelEntries = newLabelEntries;
   ","          currentEntry = nextEntry;
        }
      }
      labelEntries = newLabelEntries;
   | LabelEntry[2 * labelTable.length];
      System.arraycopy(labelTable, 0, newLabel|Table, 0, labelTable.length);
      labelTable = newLabelTable;
    }
   ",
370,stagingHash,MASK,False,7,MASK|MASK|MASK|MASK|MASK|MASK|MASK, [MASK]<|endoftext|>, [MASK]<|endoftext|>| [MASK]<|fim_pad|><|fim_pad|><|fim_pad|><|fim_pad|><|fim_pad|><|fim_pad|><|fim_pad|><|fim_pad|><|fim_pad|><|fim_pad|><|fim_pad|><|fim_pad|><|fim_pad|><|fim_pad|><|fim_pad|><|fim_pad|><|fim_pad|>| MASK <|fim_pad|><|fim_pad|><|fim_pad|><|fim_pad|><|fim_pad|><|fim_pad|><|fim_pad|><|fim_pad|><|fim_pad|><|fim_pad|><|fim_pad|><|fim_pad|><|fim_pad|><|fim_pad|><|fim_pad|><|fim_pad|><|fim_pad|><|fim_pad|>|[MASK]<|fim_pad|><|fim_pad|><|fim_pad|><|fim_pad|><|fim_pad|><|fim_pad|><|fim_pad|><|fim_pad|><|fim_pad|><|fim_pad|><|fim_pad|><|fim_pad|><|fim_pad|><|fim_pad|><|fim_pad|><|fim_pad|><|fim_pad|>|MASK<|fim_pad|><|fim_pad|><|fim_pad|><|fim_pad|><|fim_pad|><|fim_pad|><|fim_pad|><|fim_pad|><|fim_pad|><|fim_pad|><|fim_pad|><|fim_pad|><|fim_pad|><|fim_pad|><|fim_pad|><|fim_pad|><|fim_pad|><|fim_pad|><|fim_pad|>|MASK]<|fim_pad|><|fim_pad|><|fim_pad|><|fim_pad|><|fim_pad|><|fim_pad|><|fim_pad|><|fim_pad|><|fim_pad|><|fim_pad|><|fim_pad|><|fim_pad|><|fim_pad|><|fim_pad|><|fim_pad|><|fim_pad|><|fim_pad|><|fim_pad|>|MASK<|fim_pad|><|fim_pad|><|fim_pad|><|fim_pad|><|fim_pad|><|fim_pad|><|fim_pad|><|fim_pad|><|fim_pad|><|fim_pad|><|fim_pad|><|fim_pad|><|fim_pad|><|fim_pad|><|fim_pad|><|fim_pad|><|fim_pad|><|fim_pad|><|fim_pad|>,
371,supersetSize,MASK,False,12,MASK|MASK|MASK|MASK|MASK|MASK|MASK|MASK|MASK|MASK|MASK|MASK, [MASK]<|endoftext|>, [MASK]<|endoftext|>|[MASK]<|endoftext|>|[MASK]<|endoftext|>|[MASK]<|endoftext|>|MASK<|endoftext|>|MASK<|endoftext|>| MASK<|endoftext|>|[MASK]<|endoftext|>|[MASK]<|endoftext|>| MASK <|endoftext|>|[MASK]<|endoftext|>| MASK <|endoftext|>,
372,equal,equals,False,8,equals|MASK|MASK||MASK|[|MASK|[,"equals(line)) {
            if (line.length() > 0) {
                int  [MASK","equals(line)) {
            if (line.length() > 0) {
                int  [MASK| [MASK] <|endoftext|>| MASK <|endoftext|>|<|endoftext|>|[MASK]<|endoftext|>|[<|endoftext|>|[MASK]<|endoftext|>|[<|endoftext|>",
373,clazz,MASK,False,28,MASK|MASK|MASK|MASK|MASK|MASK|MASK|MASK|MASK|MASK|MASK|MASK|MASK|MASK|MASK|MASK|MASK|MASK|MASK|MASK|MASK|MASK|MASK|MASK|MASK|MASK|MASK|MASK,  [MASK]<|endoftext|>,"  [MASK]<|endoftext|>|MASK <|endoftext|>| [MASK]<|endoftext|>|MASK  == JSONPath.class) {
            if (lexer.token() == JSONToken.NULL) {
|MASK]  == SimpleDateFormat.class) {
                    String pattern = jsonObject.getString(""val"");
                    if (|MASK<|endoftext|>|MASK  );
            }

            throw new JSONException(""can not cast to "" +  [MASK]|[MASK]  == SimpleDateFormat.class) {
            return (T) new SimpleDateFormat(strVal, lexer|[MASK]  == java.util.regex.Pattern.class) {
            return (T) Pattern.compile(str|MASK  == URL.class) {
            try {
                return (T) new URL(strVal);
| [MASK]  == Pattern.class) {
            return (T) Pattern.compile(strVal);
       | [MASK]  == Pattern.class) {
            return (T) Pattern.compile(strVal);
       |[MASK]<|endoftext|>|[MASK]  == Node.class) {
            return (T) parser.parseObject(strVal,| [MASK]<|endoftext|>|MASK  == Inet6Address.class) {
            try {
                return (T) InetAddress.get|MASK  == File.class) {
            if (strVal.indexOf("".."") >= 0 && !|MASK  == Charset.class) {
            return (T) Charset.forName(strVal);
        }

       |MASK  == Charset.class) {
            return (T) Charset.forName(strVal);
        }

       | MASK ;
            Type  [MASK]  = parmeterizedType.getActualTypeArguments()[0| [MASK]  = parmeterizedType.getRawType();
        }

        if ( [MASK]|MASK  == Class.class) {
            return (T) TypeUtils.loadClass(strVal, parser|MASK  == Currency.class) {
            return (T) Currency.getInstance(strVal);
        }

       |MASK  == Currency.class) {
            return (T) Currency.getInstance(strVal);
        }

       |MASK  == StackTraceElement.class) {
            String[] parts = strVal.split(""\t"");
|MASK  instanceof Class) {
            String className = ((Class)  MASK ).getName();

            if| MASK <|endoftext|>|MASK <|endoftext|>",
374,indexMetadata,MASK,False,18,MASK|MASK|MASK|MASK|MASK|MASK|MASK|MASK|MASK|MASK|MASK|MASK|MASK|MASK|MASK|MASK|MASK|MASK, [MASK]<|endoftext|>, [MASK]<|endoftext|>|[MASK]<|endoftext|>|MASK <|endoftext|>|[MASK]<|endoftext|>| MASK <|endoftext|>|[MASK]<|endoftext|>|MASK<|endoftext|>|MASK .getIndex()<|endoftext|>|MASK<|endoftext|>|[MASK]<|endoftext|>|MASK<|endoftext|>|MASK<|endoftext|>|[MASK]<|endoftext|>|MASK]<|endoftext|>|MASK<|endoftext|>|[MASK]<|endoftext|>|MASK<|endoftext|>|MASK<|endoftext|>,
375,certificates,certificate,False,6,certificate|MASK|MASK|MASK|MASK|MASK,certificate chain  <|endoftext|>,"certificate chain  <|endoftext|>| [MASK] <|endoftext|>|[MASK] <|endoftext|>|[MASK]<|endoftext|>| MASK  =  MASK ;
			}

			public void setCertificates(@Nullable String  MASK )| MASK<|endoftext|>",
376,bufferSize,MASK,False,17,MASK|MASK|MASK|MASK|MASK|MASK|MASK|MASK|MASK|MASK|MASK|MASK|MASK|MASK|MASK|MASK|MASK,[MASK]<|fim_pad|><|fim_pad|><|fim_pad|><|fim_pad|><|fim_pad|><|fim_pad|><|fim_pad|><|fim_pad|><|fim_pad|><|fim_pad|><|fim_pad|><|fim_pad|><|fim_pad|><|fim_pad|><|fim_pad|><|fim_pad|><|fim_pad|>,"[MASK]<|fim_pad|><|fim_pad|><|fim_pad|><|fim_pad|><|fim_pad|><|fim_pad|><|fim_pad|><|fim_pad|><|fim_pad|><|fim_pad|><|fim_pad|><|fim_pad|><|fim_pad|><|fim_pad|><|fim_pad|><|fim_pad|><|fim_pad|>|[MASK] <|fim_pad|><|fim_pad|><|fim_pad|><|fim_pad|><|fim_pad|><|fim_pad|><|fim_pad|><|fim_pad|><|fim_pad|><|fim_pad|><|fim_pad|><|fim_pad|><|fim_pad|><|fim_pad|><|fim_pad|><|fim_pad|>|MASK  < 0) {
            throw new IllegalArgumentException(""  MASK  > 0 required but|MASK<|fim_pad|><|fim_pad|><|fim_pad|><|fim_pad|><|fim_pad|><|fim_pad|><|fim_pad|><|fim_pad|><|fim_pad|><|fim_pad|><|fim_pad|><|fim_pad|><|fim_pad|><|fim_pad|><|fim_pad|><|fim_pad|><|fim_pad|><|fim_pad|><|fim_pad|>|MASK<|fim_pad|><|fim_pad|><|fim_pad|><|fim_pad|><|fim_pad|><|fim_pad|><|fim_pad|><|fim_pad|><|fim_pad|><|fim_pad|><|fim_pad|><|fim_pad|><|fim_pad|><|fim_pad|><|fim_pad|><|fim_pad|><|fim_pad|><|fim_pad|><|fim_pad|>|MASK<|fim_pad|><|fim_pad|><|fim_pad|><|fim_pad|><|fim_pad|><|fim_pad|><|fim_pad|><|fim_pad|><|fim_pad|><|fim_pad|><|fim_pad|><|fim_pad|><|fim_pad|><|fim_pad|><|fim_pad|><|fim_pad|><|fim_pad|><|fim_pad|><|fim_pad|>| MASK<|endoftext|>| [MASK] <|endoftext|>| [MASK] <|endoftext|>| [MASK]<|endoftext|>| MASK <|endoftext|>| MASK <|endoftext|>| MASK <|endoftext|>| MASK<|endoftext|>| MASK<|endoftext|>| MASK<|endoftext|>| MASK<|endoftext|>",
377,listener,MASK,False,5,MASK|MASK|MASK|MASK|MASK, [MASK]<|endoftext|>," [MASK]<|endoftext|>|[MASK] );
    }

    @Override
    protected void masterOperation(
        Task task,
|[MASK]<|endoftext|>|MASK<|endoftext|>| MASK 
                .onResponse(new PutDatafeedAction.Response(false))
               <|endoftext|>",
378,strategy,MASK,False,8,MASK|MASK|MASK|MASK|MASK|MASK|MASK|MASK, [MASK] <|endoftext|>," [MASK] <|endoftext|>|[MASK]<|endoftext|>|[MASK]<|endoftext|>|[MASK]<|endoftext|>|[MASK]<|endoftext|>|[MASK]<|endoftext|>|MASK .reroute(clusterState, ""reroute"", ActionListener.noop());
        assertThat(newState, not|MASK<|endoftext|>",
379,vPath,MASK,False,3,MASK|MASK|MASK, [MASK]<|endoftext|>, [MASK]<|endoftext|>|MASK<|endoftext|>|MASK<|endoftext|>,
380,webSocketClient,MASK,False,6,MASK|MASK|MASK|MASK|MASK|MASK,[MASK]<|endoftext|>,[MASK]<|endoftext|>|[MASK]<|endoftext|>|[MASK]<|endoftext|>|[MASK]<|endoftext|>| MASK<|endoftext|>|MASK<|endoftext|>,
381,toBeReturned,MASK,False,4,MASK|MASK|MASK|MASK,[MASK]<|endoftext|>,[MASK]<|endoftext|>| MASK <|endoftext|>|[MASK]<|endoftext|>|MASK<|endoftext|>,
382,array,array,True,2,array|array,array<|endoftext|>,array<|endoftext|>|array<|endoftext|>,
383,batch,ableX,False,17,ableX|isScrollingDisabledY|isPanning|0;|velocityX|public|Y|return|*/|this|. */|float|if|boolean|Y|this|this,"ableX = x;
		disableY = y;
		invalidateHierarchy();
	}

	","ableX = x;
		disableY = y;
		invalidateHierarchy();
	}

	| isScrollingDisabledY () {
		return disableY;
	}

	/** If true, the|().isPanning();
	}

	public void setScrollbarsOnTop (boolean onTop) {
| 0;
	}

	public void setScrollbarsOnTop (boolean onTop) {
		if|.velocityX = velocityX;
	}

	public float getVelocityX () {
		return velocityX;
|	public void setVelocityY (float velocityY) {
		this.velocityY = velocityY;
	|Y) {
		this.velocityY = velocityY;
	}

	/** Gets the flick scroll y|	return velocityY;
	}

	/** Sets the flick scroll velocity. */
	public void setVelocity (| */
	public void setOverscroll (boolean overscroll) {
		setOverscrollX(|		this.overscrollX = overscrollX;
		this.overscrollY = overscroll|. */
	public void setOverscroll (float distance, float speedMin, float speedMax)| (float distance, float speedMin, float speedMax) {
		overscrollDistance = distance|if {@link ScrollPaneStyle#hScroll} and {@link ScrollPaneStyle#vScroll}| boolean y) {
		forceScrollX = x;
		forceScrollY = y;
|Y () {
		return forceScrollY;
	}

	/** If true, the scrollbars are|		this.flingTime = flingTime;
	}

	/** For flick scroll, sets the|	this.clamp = clamp;
	}

	/** If true, the scrollbars will fade out when",
384,expectedLatn,number,False,3,number|FieldPosition|fpos," number
                errln(""whoops"");
            }
            catch (ParseException e) {
                log"," number
                errln(""whoops"");
            }
            catch (ParseException e) {
                log| FieldPosition(0);
            fmt.format(xcal, xbuf, fpos);
            logln|, fpos);
            logln(""xbuf="" + xbuf);
            logln(""f",
385,sampleEntry,MASK,False,5,MASK|MASK|MASK|MASK|MASK, [MASK] <|endoftext|>, [MASK] <|endoftext|>|[MASK] <|endoftext|>|[MASK]<|endoftext|>|MASK<|endoftext|>| MASK<|endoftext|>,
386,expected,MASK,False,6,MASK|MASK|MASK|MASK|MASK|MASK,[MASK]<|endoftext|>,[MASK]<|endoftext|>|MASK <|endoftext|>|[MASK]<|endoftext|>|MASK <|endoftext|>|MASK<|endoftext|>|MASK<|endoftext|>,
387,unstubbedIterator,,False,4,|||, <|endoftext|>, <|endoftext|>|<|endoftext|>|<|endoftext|>|<|endoftext|>,
388,builder,StringBuilder,False,9,StringBuilder|MASK|MASK|MASK|MASK|MASK|MASK|MASK|MASK,StringBuilder<|fim_pad|><|fim_pad|><|fim_pad|><|fim_pad|><|fim_pad|><|fim_pad|><|fim_pad|><|fim_pad|><|fim_pad|><|fim_pad|><|fim_pad|><|fim_pad|><|fim_pad|><|fim_pad|><|fim_pad|><|fim_pad|><|fim_pad|><|fim_pad|><|fim_pad|>,StringBuilder<|fim_pad|><|fim_pad|><|fim_pad|><|fim_pad|><|fim_pad|><|fim_pad|><|fim_pad|><|fim_pad|><|fim_pad|><|fim_pad|><|fim_pad|><|fim_pad|><|fim_pad|><|fim_pad|><|fim_pad|><|fim_pad|><|fim_pad|><|fim_pad|><|fim_pad|>| [MASK]<|fim_pad|><|fim_pad|><|fim_pad|><|fim_pad|><|fim_pad|><|fim_pad|><|fim_pad|><|fim_pad|><|fim_pad|><|fim_pad|><|fim_pad|><|fim_pad|><|fim_pad|><|fim_pad|><|fim_pad|><|fim_pad|><|fim_pad|>| [MASK]<|endoftext|>| [MASK]<|endoftext|>| MASK<|endoftext|>|MASK<|endoftext|>| [MASK]<|endoftext|>|MASK<|endoftext|>|MASK<|endoftext|>,
389,request,MASK,False,13,MASK|MASK|MASK|MASK|MASK|MASK|MASK|MASK|MASK|MASK|MASK|MASK|MASK," [MASK]  request
 * that will be executed by {@link WatcherSearchTemplateService}"," [MASK]  request
 * that will be executed by {@link WatcherSearchTemplateService}|[MASK]  request ""
            + ""is deprecated. The /_search  [MASK]|MASK  body into an inline search template,
        // this way if any Watcher related context variables|MASK  request from the specified parser.
     *
     * @param parser   the parser to read|[MASK]<|endoftext|>|[MASK]<|endoftext|>|[MASK]<|endoftext|>|[MASK]<|endoftext|>|MASK <|endoftext|>|MASK <|endoftext|>|[MASK] <|endoftext|>| MASK <|endoftext|>| MASK <|endoftext|>",
390,queueSize,MASK,False,17,MASK|MASK|MASK|MASK|MASK|MASK|MASK|MASK|MASK|MASK|MASK|MASK|MASK|MASK|MASK|MASK|MASK, [MASK]<|endoftext|>, [MASK]<|endoftext|>| [MASK] <|endoftext|>| [MASK] <|endoftext|>|MASK <|endoftext|>| [MASK] <|endoftext|>| [MASK] <|endoftext|>| [MASK]<|endoftext|>| MASK<|endoftext|>| MASK<|endoftext|>|[MASK]<|endoftext|>| MASK <|endoftext|>| MASK <|endoftext|>| MASK <|endoftext|>| [MASK] <|endoftext|>|MASK <|endoftext|>| MASK<|endoftext|>| MASK<|endoftext|>,
391,idleStateHandler,MASK,False,23,MASK|MASK|MASK|MASK|MASK|MASK|MASK|MASK|MASK|MASK|MASK|MASK|MASK|MASK|MASK|MASK|MASK|MASK|MASK|MASK|MASK|MASK|, [MASK]<|endoftext|>," [MASK]<|endoftext|>|MASK]<|endoftext|>|[MASK]<|endoftext|>|MASK<|endoftext|>|[MASK]<|endoftext|>|MASK<|endoftext|>|[MASK]<|endoftext|>|[MASK]<|endoftext|>| [MASK]  .tickRun();
                assertEquals(i + 1, events.size());
                assert|[MASK]<|endoftext|>|MASK<|endoftext|>|[MASK]<|endoftext|>|MASK<|endoftext|>|[MASK]<|endoftext|>|[MASK]<|endoftext|>| [MASK] <|endoftext|>|MASK<|endoftext|>|MASK <|endoftext|>|MASK<|endoftext|>| [MASK]<|endoftext|>|[MASK]<|endoftext|>|[MASK]<|endoftext|>|<|endoftext|>",
392,aabbMax,MASK,False,8,MASK|MASK|MASK|MASK|MASK|MASK|MASK|MASK,[MASK]<|endoftext|>,"[MASK]<|endoftext|>|MASK<|endoftext|>|[MASK]<|endoftext|>|MASK<|endoftext|>|[MASK]<|endoftext|>|MASK<|endoftext|>|MASK<|endoftext|>|MASK );
	}

	public void getBroadphaseAabb (Vector3 aabbMin, Vector3",
393,listSize,MASK,False,5,MASK|MASK|MASK|MASK|MASK, [MASK]<|endoftext|>," [MASK]<|endoftext|>|MASK <|endoftext|>|MASK  might be
          // larger than max int.
          int startIndex = (int) ((|[MASK]<|endoftext|>|MASK  + numThreads - 1) / numThreads);
          executor.execute(
              () ->
",
394,ownerType,MASK,False,3,MASK|null|getOwnerType,  [MASK] <|endoftext|>,  [MASK] <|endoftext|>|null<|endoftext|>|getOwnerType()<|endoftext|>,
395,modulesExports,MASK,False,3,MASK|MASK|MASK, [MASK] <|endoftext|>," [MASK] <|endoftext|>|MASK
                   <|endoftext|>| MASK <|endoftext|>",
396,secretSettings,secretSettings,True,3,secretSettings|secretSettings|secretSettings,secretSettings<|endoftext|>,secretSettings<|endoftext|>|secretSettings<|endoftext|>|secretSettings<|endoftext|>,
397,positionCount,MASK,False,6,MASK|MASK|MASK|MASK|MASK|MASK,     [MASK] <|endoftext|>,     [MASK] <|endoftext|>|[MASK]<|endoftext|>|[MASK]<|endoftext|>|MASK<|endoftext|>| MASK <|endoftext|>|MASK<|endoftext|>,
398,elements,elements,True,2,elements|elements,elements<|endoftext|>,elements<|endoftext|>|elements<|endoftext|>,
399,classVisitor,MASK,False,2,MASK|MASK, [MASK]<|endoftext|>, [MASK]<|endoftext|>|MASK<|endoftext|>,
400,ruleClass,ruleClass,True,13,ruleClass|ruleClass|MASK|MASK|MASK|MASK|MASK|MASK|MASK|MASK|MASK|MASK|MASK,ruleClass     [MASK]  [MASK]  [MASK]  [MASK]  [,"ruleClass     [MASK]  [MASK]  [MASK]  [MASK]  [|ruleClass
 <|endoftext|>| [MASK]<|endoftext|>|[MASK]<|endoftext|>|[MASK] .getStarlarkExtensionLabel() != null) {
        // Most common case|[MASK]<|endoftext|>|[MASK]<|endoftext|>|[MASK] .getStarlarkGlobalDocumentation() != null) {
      ruleInfoBuilder.set|[MASK]<|endoftext|>|[MASK] .getRuleClassType() == RuleClassType.ANALYSIS_TEST) {
     |[MASK] .getAttributeProvider().hasAttr(Rule.NO_IMPLICIT_DEPS_ATTRIBUTE, Type.BO| [MASK]<|endoftext|>|MASK<|endoftext|>",
401,expectedIndexCount,MASK,False,2,MASK|MASK,[MASK] <|endoftext|>,"[MASK] <|endoftext|>| 1 * MASK);
        checkIndexCount(""index_disallowed"", 0 * MASK);
       ",
402,management,management,True,6,management|MASK|MASK|MASK|MASK|MASK,"management service for bucket, user, and   [MASK]<|endoftext|>","management service for bucket, user, and   [MASK]<|endoftext|>| [MASK]<|endoftext|>| [MASK] ;
		}

		public void setManagement(Duration  [MASK] ) {
		|[MASK]<|endoftext|>| MASK  =  MASK ;
		}

	}

	public static class Timeouts {

		/**
| MASK<|endoftext|>",
403,renderTimeNs,MASK,False,5,MASK|MASK|MASK|MASK|MASK,[MASK]<|endoftext|>,"[MASK]<|endoftext|>|[MASK]<|endoftext|>|[MASK] <|endoftext|>|[MASK] <|endoftext|>|MASK
 <|endoftext|>",
404,pname,MASK,False,16,MASK|MASK|MASK|MASK|MASK|MASK|MASK|MASK|MASK|MASK|MASK|MASK|MASK|MASK|MASK|MASK,"[MASK] , IntBuffer params);

	public native void glGetQueryObjectuiv (int id,","[MASK] , IntBuffer params);

	public native void glGetQueryObjectuiv (int id,|[MASK] , IntBuffer params);

	public native void glDrawBuffers (int n, int[]|[MASK] , Buffer params);

	public native void glGetIntegeri_v (int target, int index|[MASK]<|endoftext|>|MASK , IntBuffer params);

	public native void glVertexAttribI4i (int index, int x|[MASK] , IntBuffer params);

	public native void glGetUniformBlockIndex (int program, String|[MASK] , IntBuffer params);

	public native void glGetActiveUniformBlockName (int program,|[MASK] , LongBuffer params);

	public native void glGetBufferParameteri64v (int|MASK<|endoftext|>|[MASK] , int param);

	public native void glSamplerParameteriv (int sampler, int |[MASK] , IntBuffer param);

	public native void glSamplerParameterf (int sampler, int|[MASK]<|endoftext|>|MASK , FloatBuffer param);

	public native void glGetSamplerParameteriv (int sampler, int  MASK|[MASK]<|endoftext|>|MASK<|endoftext|>|MASK , int value);

	public native void glGetProgramBinary (int program, int bufSize, Int",
405,platformUrl,MASK,False,6,MASK|MASK|MASK|MASK|MASK|MASK,[MASK]<|fim_pad|><|fim_pad|><|fim_pad|><|fim_pad|><|fim_pad|><|fim_pad|><|fim_pad|><|fim_pad|><|fim_pad|><|fim_pad|><|fim_pad|><|fim_pad|><|fim_pad|><|fim_pad|><|fim_pad|><|fim_pad|><|fim_pad|>,[MASK]<|fim_pad|><|fim_pad|><|fim_pad|><|fim_pad|><|fim_pad|><|fim_pad|><|fim_pad|><|fim_pad|><|fim_pad|><|fim_pad|><|fim_pad|><|fim_pad|><|fim_pad|><|fim_pad|><|fim_pad|><|fim_pad|><|fim_pad|>|[MASK]<|fim_pad|><|fim_pad|><|fim_pad|><|fim_pad|><|fim_pad|><|fim_pad|><|fim_pad|><|fim_pad|><|fim_pad|><|fim_pad|><|fim_pad|><|fim_pad|><|fim_pad|><|fim_pad|><|fim_pad|><|fim_pad|><|fim_pad|>|[MASK]<|fim_pad|><|fim_pad|><|fim_pad|><|fim_pad|><|fim_pad|><|fim_pad|><|fim_pad|><|fim_pad|><|fim_pad|><|fim_pad|><|fim_pad|><|fim_pad|><|fim_pad|><|fim_pad|><|fim_pad|><|fim_pad|><|fim_pad|>|MASK<|fim_pad|><|fim_pad|><|fim_pad|><|fim_pad|><|fim_pad|><|fim_pad|><|fim_pad|><|fim_pad|><|fim_pad|><|fim_pad|><|fim_pad|><|fim_pad|><|fim_pad|><|fim_pad|><|fim_pad|><|fim_pad|><|fim_pad|><|fim_pad|><|fim_pad|>|MASK<|endoftext|>|MASK<|fim_pad|><|fim_pad|><|fim_pad|><|fim_pad|><|fim_pad|><|fim_pad|><|fim_pad|><|fim_pad|><|fim_pad|><|fim_pad|><|fim_pad|><|fim_pad|><|fim_pad|><|fim_pad|><|fim_pad|><|fim_pad|><|fim_pad|><|fim_pad|><|fim_pad|>,
406,context,MASK,False,3,MASK|MASK|MASK, [MASK]<|endoftext|>, [MASK]<|endoftext|>|   [MASK] = [MASK]<|endoftext|>|MASK<|endoftext|>,
407,topUncast,MASK,False,9,MASK|MASK|MASK|MASK|MASK|MASK|MASK|MASK|MASK, [MASK]<|endoftext|>," [MASK]<|endoftext|>| [MASK] .areAllValuesNull()) {
      return;
    }
    FloatBlock top =| [MASK]<|endoftext|>|[MASK]<|endoftext|>| MASK .areAllValuesNull()) {
      return;
    }
    FloatBlock top = (Float|MASK <|endoftext|>|MASK<|endoftext|>| MASK<|endoftext|>|MASK<|endoftext|>",
408,expectedCount,expectedCount,True,2,expectedCount|expectedCount,expectedCount<|endoftext|>,expectedCount<|endoftext|>|expectedCount<|endoftext|>,
409,dfLatn,},False,3,}||{," }
            catch (ParseException e) {
                logln(""ok"");
            }
            try {
               "," }
            catch (ParseException e) {
                logln(""ok"");
            }
            try {
               |
                logln(""ok"");
            }
            catch (ParseException e) {
                errln(""|        {
            SimpleDateFormat fmt = new SimpleDateFormat(""yymm"", Locale.US);
            try {
                fmt",
410,usedBuiltInCharFilters,MASK,False,15,MASK|MASK|MASK|MASK|MASK|MASK|MASK|MASK|MASK|MASK|MASK|MASK|MASK|MASK|MASK,[MASK]<|endoftext|>,"[MASK]<|endoftext|>| [MASK] <|endoftext|>| [MASK] .keySet().removeAll(charFilterSettings.keySet());
                usedBuiltInTokenizers| [MASK]<|endoftext|>| [MASK] <|endoftext|>| [MASK] <|endoftext|>| MASK  = sort( [MASK] );
        this.usedBuiltInTokenizers = sort(used|MASK<|endoftext|>|MASK  = Collections.unmodifiableSet(new LinkedHashSet<>(input.readCollectionAsList(IndexFeatureStats::|MASK <|endoftext|>| MASK <|endoftext|>|[MASK]<|endoftext|>| MASK <|endoftext|>| MASK<|endoftext|>| MASK <|endoftext|>",
411,upstream,MASK,False,6,MASK|MASK|MASK|MASK|MASK|MASK,[MASK]<|endoftext|>,[MASK]<|endoftext|>|[MASK]<|endoftext|>|[MASK]<|endoftext|>|MASK<|endoftext|>|MASK<|endoftext|>|MASK<|endoftext|>,
412,newEntries,MASK,False,4,MASK|MASK||MASK, [MASK] <|fim_pad|><|fim_pad|><|fim_pad|><|fim_pad|><|fim_pad|><|fim_pad|><|fim_pad|><|fim_pad|><|fim_pad|><|fim_pad|><|fim_pad|><|fim_pad|><|fim_pad|><|fim_pad|><|fim_pad|><|fim_pad|>," [MASK] <|fim_pad|><|fim_pad|><|fim_pad|><|fim_pad|><|fim_pad|><|fim_pad|><|fim_pad|><|fim_pad|><|fim_pad|><|fim_pad|><|fim_pad|><|fim_pad|><|fim_pad|><|fim_pad|><|fim_pad|><|fim_pad|>| [MASK]<|endoftext|>|<|endoftext|>| MASK ;
      entry.next =  MASK [index];
      return  MASK [index] = entry",
413,request,MASK,False,16,MASK|MASK|MASK|MASK|Mask|MASK|MASK|MASK|MASK|MASK|MASK|MASK|MASK|MASK|MASK|MASK, [MASK]<|endoftext|>," [MASK]<|endoftext|>| [MASK]<|endoftext|>|[MASK]<|endoftext|>|MASK<|endoftext|>|[Mask]<|endoftext|>| MASK<|endoftext|>|MASK <|endoftext|>|[MASK] ,  [MASK] );
        assertEquals( [MASK] .hashCode(),  [|MASK );
        assertEquals( MASK .hashCode(),  MASK .hashCode());

        RequestOptions copy = copy(|MASK );
        assertEquals( MASK , copy);
        assertEquals(copy,  MASK );
        assertEquals( MASK|MASK , copy);
        assertEquals(copy,  MASK );
        assertEquals( MASK .hashCode(), copy.hashCode|MASK<|endoftext|>|MASK .hashCode(), copy.hashCode());

        RequestOptions mutant = mutate( MASK );
        assertNotEquals(|MASK );
        assertNotEquals( MASK , mutant);
        assertNotEquals(mutant,  MASK| MASK<|endoftext|>|MASK );
        assertNotEquals( MASK .hashCode(), mutant.hashCode());
    }

    public void test",
414,database,MASK,False,7,MASK|MASK|MASK|MASK|MASK|MASK|MASK, [MASK]<|endoftext|>," [MASK]<|endoftext|>| [MASK] <|endoftext|>|MASK<|endoftext|>| MASK  index used by the connection factory
		 * @throws IllegalArgumentException if the host is empty or|MASK<|endoftext|>| MASK <|endoftext|>| MASK  index used by the connection factory
		 */
		int getDatabase();

		/**
		",
415,observer,MASK,False,15,MASK|MASK|MASK|MASK|MASK|MASK|MASK|MASK|MASK|[|[|s|MASK|[|[, [MASK]<|endoftext|>," [MASK]<|endoftext|>| [MASK]<|endoftext|>| [MASK]<|endoftext|>|MASK<|endoftext|>|[MASK]<|endoftext|>|[MASK]<|endoftext|>|MASK<|endoftext|>|MASK<|endoftext|>|[MASK]<|endoftext|>|[<|endoftext|>|[<|endoftext|>|[ s.get();
            if (a == TERMINATED) {
                return false;
            }
           |MASK]<|endoftext|>|[<|endoftext|>|[<|endoftext|>",
416,cMemoryOwn,MASK,False,6,MASK|MASK|MASK|MASK|MASK|MASK,[MASK]<|endoftext|>,[MASK]<|endoftext|>| [MASK]<|endoftext|>|[MASK]<|endoftext|>| MASK<|endoftext|>|[MASK]<|endoftext|>|MASK<|endoftext|>,
417,desturi,MASK,False,6,MASK|MASK|MASK||MASK|MASK, [MASK]<|endoftext|>," [MASK]<|endoftext|>| [MASK]<|endoftext|>|MASK<|endoftext|>|
                // the namespace URI from the prefix. <|endoftext|>|MASK<|endoftext|>|MASK<|endoftext|>",
418,bucket,MASK,False,78,MASK|MASK|MASK|MASK|MASK|MASK|MASK|MASK|MASK|MASK|MASK|MASK|MASK|MASK|MASK|MASK|MASK|MASK|MASK|MASK|MASK|MASK|MASK|MASK|MASK|MASK|MASK|MASK|MASK|MASK|MASK|MASK|MASK|MASK|MASK|MASK|MASK|MASK|MASK|MASK|MASK|MASK|MASK|MASK|MASK|MASK|MASK|MASK|MASK|MASK|MASK|MASK|MASK|MASK|MASK|MASK|MASK|MASK|MASK|MASK|MASK|MASK|MASK|MASK|MASK|MASK|MASK|MASK|MASK|MASK|MASK|MASK|MASK|MASK|MASK|MASK|MASK|MASK, [MASK]  in a {@link Block}<|endoftext|>," [MASK]  in a {@link Block}<|endoftext|>|[MASK]<|endoftext|>|[MASK]<|endoftext|>|MASK] s.
     * <p>
     *     The array is organized as a series of|[MASK]<|endoftext|>| [MASK]<|endoftext|>| [MASK]<|endoftext|>|[MASK]<|endoftext|>|[MASK]<|endoftext|>|[MASK]<|endoftext|>|[MASK]  has  MASK Size elements, the next element is collected, the  [MASK|[MASK] 
     *       <|endoftext|>| [MASK]  has been heapified, and the  [MASK] Size elements are stored in|MASK<|endoftext|>|[MASK]<|endoftext|>|MASK<|endoftext|>|MASK<|endoftext|>|MASK]<|endoftext|>|MASK]<|endoftext|>|MASK  *<|endoftext|>|MASK<|endoftext|>|MASK<|endoftext|>|MASK<|endoftext|>|MASK<|endoftext|>|MASK<|endoftext|>|MASK<|endoftext|>|MASK<|endoftext|>|MASK Size + ""]"";
        long index = next + rootIndex;
        values.set(index, value);
|MASK<|endoftext|>|MASK Size);
        } else if (betterThan(value, values.get(index))) {
            values.set| MASK<|endoftext|>|MASK<|endoftext|>|MASK<|endoftext|>|MASK  is empty or
     * the  MASK<|endoftext|>|[MASK]<|endoftext|>|MASK  *<|endoftext|>|MASK<|endoftext|>| [MASK]  so we have no values for it<|endoftext|>|MASK<|endoftext|>|MASK<|endoftext|>|[MASK]<|endoftext|>|[MASK]<|endoftext|>|MASK ]<|endoftext|>|MASK]<|endoftext|>|[MASK]  -> {
            var bounds = this.getBucketValuesIndexes( [MASK] );
|MASK<|endoftext|>| [MASK]  in heap mode, i.e. is it
     *<|endoftext|>|[MASK]<|endoftext|>|MASK<|endoftext|>|[MASK]<|endoftext|>|MASK<|endoftext|>|[MASK]<|endoftext|>|[MASK]<|endoftext|>|[MASK]<|endoftext|>|MASK<|endoftext|>| [MASK]<|endoftext|>|MASK<|endoftext|>|MASK<|endoftext|>|MASK<|endoftext|>|[MASK]  size, so we don't allocate space for partial  [MASK] s<|endoftext|>| MASK<|endoftext|>|MASK<|endoftext|>|MASK Size);
        heapMode = bigArrays.resize(heapMode, newSize /  MASK<|endoftext|>| MASK<|endoftext|>|MASK<|endoftext|>|[MASK]<|endoftext|>|[MASK]<|endoftext|>|MASK<|endoftext|>|MASK<|endoftext|>|[MASK]  that is rooted at {@code rootIndex}
     * and has {@code heap|[MASK] 
     * @param heapSize Number of values that belong to the heap.
    |[MASK]<|endoftext|>| MASK<|endoftext|>| MASK<|endoftext|>|[MASK]<|endoftext|>| MASK 
     *             <|endoftext|>| MASK<|endoftext|>| MASK<|endoftext|>",
419,object,value,False,2,value|value,value<|endoftext|>,value<|endoftext|>|value<|endoftext|>,
420,superType,MASK,False,2,MASK|MASK,[MASK]<|endoftext|>,"[MASK]<|endoftext|>|MASK ), packageName);
    Set<Class<? extends Class<?>>> typeSet = resolverUtil.getClasses();
",
421,pathSet,MASK,False,6,MASK|MASK|MASK|MASK|MASK|MASK, [MASK]<|endoftext|>," [MASK]<|endoftext|>| [MASK]<|endoftext|>|MASK<|endoftext|>|[MASK]<|endoftext|>| MASK<|endoftext|>|MASK );

        }

        // Test with a regex.
        expectedPathSet.clear();
        expectedPath",
422,resolverChain,MASK,False,13,MASK|MASK|MASK|MASK|MASK|MASK|MASK|MASK|MASK|MASK|MASK|MASK|MASK, [MASK] <|endoftext|>, [MASK] <|endoftext|>|[MASK] <|endoftext|>|[MASK] <|endoftext|>| [MASK]<|endoftext|>| MASK <|endoftext|>| MASK<|endoftext|>|[MASK]<|endoftext|>|[MASK]<|endoftext|>|MASK<|endoftext|>|[MASK]<|endoftext|>|MASK<|endoftext|>| MASK <|endoftext|>| MASK <|endoftext|>,
423,section,,False,2,|, <|endoftext|>, <|endoftext|>|<|endoftext|>,
424,originalBucket,bucket,False,4,bucket|MASK|MASK|bucket,bucket       <|endoftext|>,"bucket       <|endoftext|>|[MASK] .getKey(), equalTo(streamedBucket.getKey()));
        assertThat( [MASK]<|endoftext|>|[MASK] .getSupersetDf(), equalTo(streamedBucket.getSupersetDf()));
|bucket<|endoftext|>",
425,expected,MASK,False,2,MASK|MASK,[MASK]<|endoftext|>,"[MASK]<|endoftext|>|MASK.apply(encode.apply(randomValue))));
        assertThat(encoded, equalTo(encode.apply(decode.apply(encoded",
426,executor,executor,True,1,executor,"executor
                                     <|endoftext|>","executor
                                     <|endoftext|>",
427,idpMetadataCertificates,MASK,False,2,MASK|MASK,  [MASK] <|endoftext|>,  [MASK] <|endoftext|>|MASK <|endoftext|>,
428,height,height,True,63,height|MASK|MASK|MASK|MASK|MASK|MASK|MASK|MASK|||MASK|MASK|MASK|MASK|MASK|MASK|actorArea|height|MASK|height|height|height|MASK|height|height|}|() {|0;|isScrollX|X|return|Dragging|Panning|the|crollDistance|*/|public|FlingTime|enabled|}|;|When|to|getScrollbarsOnTop|}|MASK|MASK|MASK|MASK|MASK|MASK|MASK|MASK|MASK|MASK|MASK|MASK|MASK|MASK|MASK|MASK|MASK,"height
 *<|fim_pad|><|fim_pad|><|fim_pad|><|fim_pad|><|fim_pad|><|fim_pad|><|fim_pad|><|fim_pad|><|fim_pad|><|fim_pad|><|fim_pad|><|fim_pad|><|fim_pad|><|fim_pad|><|fim_pad|><|fim_pad|><|fim_pad|>","height
 *<|fim_pad|><|fim_pad|><|fim_pad|><|fim_pad|><|fim_pad|><|fim_pad|><|fim_pad|><|fim_pad|><|fim_pad|><|fim_pad|><|fim_pad|><|fim_pad|><|fim_pad|><|fim_pad|><|fim_pad|><|fim_pad|><|fim_pad|>| [MASK]  * (y < vKnobBounds.y ? -1 : 1));
| [MASK] , scrollV);
					scrollV = Math.max(vScrollBounds.y + vScroll|MASK] ;
					scrollV = Math.min(vScrollBounds.y + vScrollBounds. MASK |MASK  - vKnobBounds. [MASK] ;
					if (total != 0)|MASK ;
					if (total != 0) setScrollPercentY((scrollV - vScroll|MASK  - vKnobBounds. [MASK] ) > actorArea. [MASK] |MASK<|fim_pad|><|fim_pad|><|fim_pad|><|fim_pad|><|fim_pad|><|fim_pad|><|fim_pad|><|fim_pad|><|fim_pad|><|fim_pad|><|fim_pad|><|fim_pad|><|fim_pad|><|fim_pad|><|fim_pad|><|fim_pad|><|fim_pad|><|fim_pad|><|fim_pad|>|MASK  * 0.1f)) //
				|| (touchScrollH && (scroll|<|endoftext|>|<|endoftext|>| [MASK]<|fim_pad|><|fim_pad|><|fim_pad|><|fim_pad|><|fim_pad|><|fim_pad|><|fim_pad|><|fim_pad|><|fim_pad|><|fim_pad|><|fim_pad|><|fim_pad|><|fim_pad|><|fim_pad|><|fim_pad|><|fim_pad|><|fim_pad|>| [MASK]<|fim_pad|><|fim_pad|><|fim_pad|><|fim_pad|><|fim_pad|><|fim_pad|><|fim_pad|><|fim_pad|><|fim_pad|><|fim_pad|><|fim_pad|><|fim_pad|><|fim_pad|><|fim_pad|><|fim_pad|><|fim_pad|><|fim_pad|>|MASK  && !disableY) scrollY = true;
			}
		} else {
|MASK<|fim_pad|><|fim_pad|><|fim_pad|><|fim_pad|><|fim_pad|><|fim_pad|><|fim_pad|><|fim_pad|><|fim_pad|><|fim_pad|><|fim_pad|><|fim_pad|><|fim_pad|><|fim_pad|><|fim_pad|><|fim_pad|><|fim_pad|><|fim_pad|><|fim_pad|>|MASK , actorHeight);

		// Set the actor's size.
		actor.setSize(actorWidth,|MASK ;
		if (maxX == 0) scrollX = false;
		if (max|actorArea.y + actorArea. [MASK]<|fim_pad|><|fim_pad|><|fim_pad|><|fim_pad|><|fim_pad|><|fim_pad|><|fim_pad|><|fim_pad|><|fim_pad|><|fim_pad|>|height = hScrollKnob.getMinHeight();
				if (hKnobBounds.width > actorWidth|MASK , scrollbarWidth);
				vScrollBounds.y = scrollbarsOnTop ? actorArea.y :|height<|fim_pad|><|fim_pad|><|fim_pad|><|fim_pad|><|fim_pad|><|fim_pad|><|fim_pad|><|fim_pad|><|fim_pad|><|fim_pad|><|fim_pad|><|fim_pad|><|fim_pad|><|fim_pad|><|fim_pad|><|fim_pad|><|fim_pad|><|fim_pad|><|fim_pad|>| height  = Math.max(vScrollKnob.getMinHeight(),
						(int)(vScrollBounds.|height  * actorArea. [MASK]  / actorHeight));
				else
					vKn|MASK  / actorHeight));
				else
					vKnobBounds. height  = vScroll| height  = vScrollKnob.getMinHeight();
				if (vKnobBounds. [MASK| height<|fim_pad|><|fim_pad|><|fim_pad|><|fim_pad|><|fim_pad|><|fim_pad|><|fim_pad|><|fim_pad|><|fim_pad|><|fim_pad|><|fim_pad|><|fim_pad|><|fim_pad|><|fim_pad|><|fim_pad|><|fim_pad|><|fim_pad|><|fim_pad|><|fim_pad|>|	}

	/** Returns the maximum scroll value in the x direction. */
	public float getMaxX ()| () {
		if (style.hScrollKnob != null) return style.hScrollKnob.getMin|0;
		if (style.hScrollKnob != null) return style.hScrollKnob.getMin| isScrollX () {
		return scrollX;
	}

	/** Returns true if the actor is|X;
	}

	/** Returns true if the actor is larger than the scroll pane vertically. */
|		return disableY;
	}

	/** If true, the scroll pane will always consume mouse and|Dragging () {
		return draggingPointer != -1;
	}

	/** If true, the scroll|Panning();
	}

	public boolean isFlinging () {
		return flingTimer > | the speed at which the actor is pulled back towards it's bounds
	 * when overscrolled|crollDistance;
	}

	public void setOverscrollDistance (float distance) {
		overs| */
	public void setForceScroll (boolean x, boolean y) {
		forceScrollX =|	public boolean isForceScrollY () {
		return forceScrollY;
	}

	/** If true|FlingTime (float flingTime) {
		this.flingTime = flingTime;
| enabled) {
		touchScrollH = enabled;
		touchScrollV = enabled;
	|}

	public boolean getScrollBarTouch () {
		return scrollBarTouch;
	}

	/** When true|;
	}

	public boolean getSmoothScrolling () {
		return smoothScrolling;
	}

	|. When true, the actor is clipped to
	 * the bounds of the scroll pane. */
| to
	 * the bounds of the scroll pane. */
	public void setScrollActorX (boolean| getScrollbarsOnTop () {
		return scrollbarsOnTop;
	}

	/** When true|	}

	/** When true, the scroll bar knobs are sized based on the proportion of the content| [MASK] <|endoftext|>|MASK  * 0.9f, maxY * 0.1f) / 4|MASK] <|endoftext|>|MASK ] <|endoftext|>|MASK<|endoftext|>| [MASK]  - actorArea. [MASK]  -  [MASK]  - |MASK  - actorArea. [MASK]<|endoftext|>|MASK  - actorArea. [MASK]  - actorArea. [MASK]  - actor|MASK  - width);
		scrollY(MathUtils.clamp(amountY, 0, maxY));
|[MASK]<|endoftext|>|[MASK]<|endoftext|>|MASK<|endoftext|>| MASK <|endoftext|>|MASK <|endoftext|>|MASK<|endoftext|>| MASK <|fim_middle|><|endoftext|>|MASK<|endoftext|>",
429,rhsElem,MASK,False,6,MASK|MASK|MASK|MASK|MASK|MASK, [MASK] <|endoftext|>," [MASK] <|endoftext|>| [MASK] <|endoftext|>| [MASK] <|endoftext|>| MASK<|endoftext|>| MASK .toString();
                if (!lhsDescs.remove( [MASK] Desc)) {
                    has| MASK<|endoftext|>",
430,actualLatn,ao,False,3,ao|xpos|parse,"ao"");
            }

            try {
                fmt.parse(""22555""); // too many","ao"");
            }

            try {
                fmt.parse(""22555""); // too many| xpos = new FieldPosition(0);
            fmt.format(xcal, xbuf, xpos);
|.parse(xbuf.toString(), xcal, fpos);
            }
            catch (Exception e) {
",
431,addArr,MASK,False,2,MASK|MASK,[MASK]<|endoftext|>,[MASK]<|endoftext|>|MASK <|endoftext|>,
432,oninvokeInstance,MASK,False,5,MASK|MASK|MASK|MASK|MASK, [MASK] <|endoftext|>," [MASK] <|endoftext|>| [MASK]<|endoftext|>|[MASK] <|endoftext|>| MASK  =  MASK ;
    }

    public Object getMask() {
        return  MASK ;
| MASK<|endoftext|>",
433,target,MASK,False,2,MASK|MASK,[MASK] <|endoftext|>,[MASK] <|endoftext|>|  MASK <|endoftext|>,
434,buffer,MASK,False,3,MASK|MASK|MASK, [MASK] <|endoftext|>, [MASK] <|endoftext|>|MASK<|endoftext|>|MASK<|endoftext|>,
435,parentDirName,MASK,False,3,MASK|MASK|MASK,[MASK] <|endoftext|>,"[MASK] <|endoftext|>|[MASK]<|endoftext|>|MASK ))
                    // ""lib"" is an alternative to ""bin"" on Windows
                    || (",
436,processor,,False,3,||, <|endoftext|>, <|endoftext|>|  <|endoftext|>|  <|endoftext|>,
437,referencingUpdates,MASK,False,8,MASK|MASK|MASK||MASK|MASK|MASK|, [MASK]<|endoftext|>," [MASK]<|endoftext|>|[MASK]<|endoftext|>| [MASK]<|endoftext|>|<|endoftext|>|MASK  = new HashMap<>();
            Map<EntityIdValue, MediaInfoEditBuilder>  [MASK|[MASK]<|endoftext|>| MASK<|endoftext|>|<|endoftext|>",
438,snapshotShardSizeInfo,snapshotShardSizeInfo,True,2,snapshotShardSizeInfo|snapshotShardSizeInfo,"snapshotShardSizeInfo
          <|endoftext|>","snapshotShardSizeInfo
          <|endoftext|>|snapshotShardSizeInfo
        );
        clusterState = service.reroute(clusterState, """,
439,inferenceEntityId,MASK,False,7,MASK|MASK|MASK|MASK|MASK|MASK|MASK, [MASK]<|endoftext|>, [MASK]<|endoftext|>| [MASK] <|endoftext|>|MASK<|endoftext|>|[MASK]<|endoftext|>| MASK<|endoftext|>| MASK<|endoftext|>| MASK<|endoftext|>,
440,entry,MASK,False,5,MASK|MASK|MASK|MASK|MASK,  [MASK] <|endoftext|>,  [MASK] <|endoftext|>| [MASK]<|endoftext|>|MASK<|endoftext|>|MASK <|endoftext|>| MASK<|endoftext|>,
441,parsedate,j,False,7,"j|BeginIndex|ppos|calendars|calendar|12"",                ""4/2/2012"",                      ""5/1/|dangi"," j = 0; j < formatters.length; j++) {
                // Output with a different"," j = 0; j < formatters.length; j++) {
                // Output with a different|BeginIndex(0);
                fpos.setEndIndex(0);
                calendars[j].setTime| ppos.setIndex(0);

            // Normal case parse - the given calendar matches the calendar
| calendars[i], ppos);
            if (ppos.getErrorIndex() != -1) {
               |calendar=dangi"",        DateFormat.SHORT, ""3bis/2/2012"",|12"",                ""4/2/2012"",                      ""5/1/|=dangi"",        -3,               ""2012-3bis-2"",                ",
442,aggregationToJsonProcessor,MASK,False,3,MASK|MASK|MASK,  [MASK] <|endoftext|>,"  [MASK] <|endoftext|>|[MASK]  = new AggregationToJsonProcessor(
            context.queryContext.timeField,
            context|MASK <|endoftext|>",
443,newIndex,newIndex,True,2,newIndex|newIndex,newIndex<|endoftext|>,newIndex<|endoftext|>|newIndex <|endoftext|>,
444,printer,printer,True,2,printer|printer,"printer
 <|endoftext|>","printer
 <|endoftext|>|printer.append(""<alias target "" + actionLookupKey.getLabel() + "" of "" + actual.getLabel()",
445,message,index,False,3,index|MASK|MASK,"index"", index.getName());
            map.put(""elasticsearch.slowlog.index_uuid"", index.getUUID","index"", index.getName());
            map.put(""elasticsearch.slowlog.index_uuid"", index.getUUID|[MASK] <|endoftext|>|MASK<|endoftext|>",
446,sampleToCompute,,False,2,|,        <|endoftext|>,        <|endoftext|>|<|endoftext|>,
447,eventType,MASK,False,31,MASK|MASK|MASK|MASK|MASK|MASK|MASK|MASK|MASK|MASK|MASK|MASK|MASK|MASK|MASK|MASK|MASK|||MASK|MASK|MASK|MASK|MASK|MASK|MASK|MASK|MASK|MASK|MASK|MASK,[MASK]<|endoftext|>,"[MASK]<|endoftext|>| [MASK]<|endoftext|>| [MASK]<|fim_pad|><|fim_pad|><|fim_pad|><|fim_pad|><|fim_pad|><|fim_pad|><|fim_pad|><|fim_pad|><|fim_pad|><|fim_pad|><|fim_pad|><|fim_pad|><|fim_pad|><|fim_pad|><|fim_pad|><|fim_pad|><|fim_pad|>|MASK<|fim_pad|><|fim_pad|><|fim_pad|><|fim_pad|><|fim_pad|><|fim_pad|><|fim_pad|><|fim_pad|><|fim_pad|><|fim_pad|><|fim_pad|><|fim_pad|><|fim_pad|><|fim_pad|><|fim_pad|><|fim_pad|><|fim_pad|><|fim_pad|><|fim_pad|>| MASK  : ""trigger"";
    }

    public String  [MASK] () {
        return Strings| [MASK]<|fim_pad|><|fim_pad|><|fim_pad|><|fim_pad|><|fim_pad|><|fim_pad|><|fim_pad|><|fim_pad|><|fim_pad|><|fim_pad|><|fim_pad|><|fim_pad|><|fim_pad|><|fim_pad|><|fim_pad|><|fim_pad|><|fim_pad|>|[MASK]<|fim_pad|><|fim_pad|><|fim_pad|><|fim_pad|><|fim_pad|><|fim_pad|><|fim_pad|><|fim_pad|><|fim_pad|><|fim_pad|><|fim_pad|><|fim_pad|><|fim_pad|><|fim_pad|><|fim_pad|><|fim_pad|><|fim_pad|>|MASK<|fim_pad|><|fim_pad|><|fim_pad|><|fim_pad|><|fim_pad|><|fim_pad|><|fim_pad|><|fim_pad|><|fim_pad|><|fim_pad|><|fim_pad|><|fim_pad|><|fim_pad|><|fim_pad|><|fim_pad|><|fim_pad|><|fim_pad|><|fim_pad|><|fim_pad|>|MASK <|fim_pad|><|fim_pad|><|fim_pad|><|fim_pad|><|fim_pad|><|fim_pad|><|fim_pad|><|fim_pad|><|fim_pad|><|fim_pad|><|fim_pad|><|fim_pad|><|fim_pad|><|fim_pad|><|fim_pad|><|fim_pad|><|fim_pad|><|fim_pad|>| [MASK] <|endoftext|>|[MASK] <|endoftext|>| [MASK]<|endoftext|>| MASK  != null ?  MASK  : ""trigger""<|endoftext|>|MASK<|endoftext|>|MASK <|endoftext|>|MASK<|endoftext|>| [MASK]<|endoftext|>|<|endoftext|>|<|endoftext|>|MASK<|endoftext|>| MASK <|endoftext|>|MASK<|endoftext|>|MASK<|endoftext|>| [MASK]<|endoftext|>| [MASK]<|endoftext|>| MASK <|endoftext|>|MASK  = null<|endoftext|>|MASK<|endoftext|>|MASK<|endoftext|>| MASK <|endoftext|>| MASK<|endoftext|>",
448,settingKey,MASK,False,2,MASK|MASK,[MASK]<|endoftext|>,[MASK]<|endoftext|>|MASK<|endoftext|>,
449,idleTask,idleTasks,False,5,idleTasks|MASK|MASK|MASK|MASK,"idleTasks= */ ImmutableList.of(),
        /*  <|fim_pad|><|fim_pad|><|fim_pad|><|fim_pad|><|fim_pad|><|fim_pad|><|fim_pad|><|fim_pad|><|fim_pad|><|fim_pad|>","idleTasks= */ ImmutableList.of(),
        /*  <|fim_pad|><|fim_pad|><|fim_pad|><|fim_pad|><|fim_pad|><|fim_pad|><|fim_pad|><|fim_pad|><|fim_pad|><|fim_pad|>| [MASK] <|endoftext|>|[MASK] .getDelay())
        .isEqualTo(Duration.ofMinutes(2));
    assertThat( [|MASK .getGarbageCollector().getRoot().getPathString())
        .isEqualTo(diskCacheDir.getPath|MASK .getGarbageCollector().getPolicy())
        .isEqualTo(new CollectionPolicy(Optional.of(1",
450,deltaX,MASK,False,4,MASK|MASK|MASK|,MASK] <|fim_pad|><|fim_pad|><|fim_pad|><|fim_pad|><|fim_pad|><|fim_pad|><|fim_pad|><|fim_pad|><|fim_pad|><|fim_pad|><|fim_pad|><|fim_pad|><|fim_pad|><|fim_pad|><|fim_pad|><|fim_pad|><|fim_pad|>,MASK] <|fim_pad|><|fim_pad|><|fim_pad|><|fim_pad|><|fim_pad|><|fim_pad|><|fim_pad|><|fim_pad|><|fim_pad|><|fim_pad|><|fim_pad|><|fim_pad|><|fim_pad|><|fim_pad|><|fim_pad|><|fim_pad|><|fim_pad|>| [MASK]<|fim_pad|><|fim_pad|><|fim_pad|><|fim_pad|><|fim_pad|><|fim_pad|><|fim_pad|><|fim_pad|><|fim_pad|><|fim_pad|><|fim_pad|><|fim_pad|><|fim_pad|><|fim_pad|><|fim_pad|><|fim_pad|><|fim_pad|>|MASK <|fim_pad|><|fim_pad|><|fim_pad|><|fim_pad|><|fim_pad|><|fim_pad|><|fim_pad|><|fim_pad|><|fim_pad|><|fim_pad|><|fim_pad|><|fim_pad|><|fim_pad|><|fim_pad|><|fim_pad|><|fim_pad|><|fim_pad|><|fim_pad|>|<|endoftext|>,
451,pathFragmentString,,False,2,|,"
 <|endoftext|>","
 <|endoftext|>| <|endoftext|>",
452,context,MASK,False,5,MASK|MASK|MASK|context|context,[MASK]<|endoftext|>,"[MASK]<|endoftext|>|MASK .bean.override.mockito.MockResetStrategiesIntegrationTests.PuzzleService;
import org.springframework.test.|MASK .bean.override.mockito.MockResetStrategiesIntegrationTests.PuzzleService;
import org.springframework.test.|context<|endoftext|>|context<|endoftext|>",
453,description,description,True,20,description|MASK|MASK|description|MASK|MASK|MASK|MASK|MASK|MASK|MASK|MASK|MASK|MASK|MASK|MASK|MASK|MASK|MASK|MASK,"description"");

    public static final String  [MASK]  = "" [MASK] "";
    public","description"");

    public static final String  [MASK]  = "" [MASK] "";
    public| [MASK] <|endoftext|>|[MASK] <|endoftext|>|description of the calendar.<|endoftext|>| [MASK] <|endoftext|>|MASK<|endoftext|>| MASK <|endoftext|>| [MASK]<|endoftext|>| [MASK] <|endoftext|>|[MASK] <|endoftext|>|[MASK] <|endoftext|>| [MASK]<|endoftext|>|[MASK]<|endoftext|>|[MASK]<|endoftext|>| MASK <|endoftext|>|[MASK]  = null;

        public Builder() {}

        public Builder(Calendar calendar) {
           |[MASK]<|endoftext|>| MASK<|endoftext|>| MASK <|endoftext|>| MASK <|endoftext|>",
454,newThr,"0, 0);",False,6,"0, 0);|if|modCount|e|Count|objects"," 0, 0);
        }

        public Object[] toArray() {
            return valuesToArray(new"," 0, 0);
        }

        public Object[] toArray() {
            return valuesToArray(new|            if (action == null)
                throw new NullPointerException();
            if (size > 0 &&| && modCount == mc); ++i) {
                    for (Node<K,V> e = tab|]; e != null; e = e.next)
                        action.accept(e.value);
                }
                if|Count != mc)
                    throw new ConcurrentModificationException();
            }
        }

        /*-[
       |                                          objects:(__unsafe_unretained id *)stackbuf
                                            count:(NSUInteger)len {
",
455,leftIndex,MASK,False,3,MASK|MASK|MASK, [MASK] <|endoftext|>, [MASK] <|endoftext|>|MASK<|endoftext|>| MASK <|endoftext|>,
456,image,MASK,False,11,MASK|MASK|MASK|common|MASK|MASK|MASK|MASK|MASK|MASK|MASK, [MASK] . [MASK] . [MASK] . [MASK] . [MASK] .," [MASK] . [MASK] . [MASK] . [MASK] . [MASK] .|[MASK] pipeline.base.ProducerContext;
import com.facebook. [MASK] pipeline.base.StreamConsumer|MASK pipeline.producer.Consumer;
import com.facebook. MASK pipeline.producer.ProducerContext;
import com|common. [MASK] ;
import com.facebook. [MASK] pipeline.producers.ThumbnailProducer;
| MASK pipeline. producer. ProducerContext;
import com.facebook. MASK pipeline. producer. Producer;
import| [MASK]<|endoftext|>| MASK s == null ? 0 : <|endoftext|>|MASK  =
        <|endoftext|>| MASK<|endoftext|>|MASK  == null ||  MASK<|endoftext|>|MASK <|endoftext|>",
457,parentIndex,parentIndex,True,3,parentIndex|parentIndex|parentIndex,parentIndex <|endoftext|>,parentIndex <|endoftext|>|parentIndex<|endoftext|>|parentIndex<|endoftext|>,
458,proxyThreads,MASK,False,4,MASK|MASK||MASK, [MASK] <|endoftext|>, [MASK] <|endoftext|>| [MASK]<|endoftext|>|<|endoftext|>|MASK <|endoftext|>,
459,title,MASK,False,3,MASK|MASK|MASK,  [MASK] <|endoftext|>,  [MASK] <|endoftext|>|[MASK]<|endoftext|>|MASK<|endoftext|>,
460,spawn,MASK,False,18,MASK|MASK|MASK|MASK|MASK|MASK|MASK|MASK|MASK|MASK|MASK|MASK|MASK|MASK|MASK|MASK|MASK|MASK, [MASK]<|endoftext|>," [MASK]<|endoftext|>|[MASK]<|endoftext|>|[MASK] <|endoftext|>|MASK<|endoftext|>|[MASK]<|endoftext|>| [MASK]<|endoftext|>| MASK<|endoftext|>| MASK <|endoftext|>|[MASK] <|endoftext|>| [MASK]<|endoftext|>| MASK<|endoftext|>| MASK <|endoftext|>|[MASK] ;
    if (OS.getCurrent() == OS.WINDOWS) {
       [MASK|MASK <|endoftext|>|[MASK] <|endoftext|>| [MASK]<|endoftext|>| MASK<|endoftext|>| MASK <|endoftext|>",
461,incReceiverNodes,incReceiverNodes,True,2,incReceiverNodes|incReceiverNodes,incReceiverNodes <|fim_pad|><|fim_pad|><|fim_pad|><|fim_pad|><|fim_pad|><|fim_pad|><|fim_pad|><|fim_pad|><|fim_pad|><|fim_pad|><|fim_pad|><|fim_pad|><|fim_pad|><|fim_pad|><|fim_pad|><|fim_pad|>,incReceiverNodes <|fim_pad|><|fim_pad|><|fim_pad|><|fim_pad|><|fim_pad|><|fim_pad|><|fim_pad|><|fim_pad|><|fim_pad|><|fim_pad|><|fim_pad|><|fim_pad|><|fim_pad|><|fim_pad|><|fim_pad|><|fim_pad|>|incReceiverNodes<|fim_pad|><|fim_pad|><|fim_pad|><|fim_pad|><|fim_pad|><|fim_pad|><|fim_pad|><|fim_pad|><|fim_pad|><|fim_pad|><|fim_pad|><|fim_pad|><|fim_pad|><|fim_pad|><|fim_pad|><|fim_pad|><|fim_pad|>,
462,transportVersions,MASK,False,3,MASK|MASK|MASK, [MASK] <|endoftext|>," [MASK] <|endoftext|>|MASK <|endoftext|>|MASK
           <|endoftext|>",
463,returnedRecord,MASK,False,13,MASK|MASK|MASK|MASK|MASK|MASK|MASK|MASK|MASK|MASK|MASK|MASK|MASK,[MASK] <|endoftext|>,[MASK] <|endoftext|>|[MASK]<|endoftext|>|[MASK]<|endoftext|>|[MASK]<|endoftext|>|[MASK]<|endoftext|>|[MASK]<|endoftext|>|[MASK]<|endoftext|>|[MASK]<|endoftext|>|[MASK]<|endoftext|>|MASK<|endoftext|>| MASK<|endoftext|>|MASK<|endoftext|>| MASK<|endoftext|>,
464,parsedInferenceConfig,MASK,False,2,MASK|MASK,[MASK] <|endoftext|>,[MASK] <|endoftext|>|MASK <|endoftext|>,
465,regex,regex,True,5,regex|regex|MASK|MASK|MASK,regex<|fim_pad|><|fim_pad|><|fim_pad|><|fim_pad|><|fim_pad|><|fim_pad|><|fim_pad|><|fim_pad|><|fim_pad|><|fim_pad|><|fim_pad|><|fim_pad|><|fim_pad|><|fim_pad|><|fim_pad|><|fim_pad|><|fim_pad|><|fim_pad|><|fim_pad|>,regex<|fim_pad|><|fim_pad|><|fim_pad|><|fim_pad|><|fim_pad|><|fim_pad|><|fim_pad|><|fim_pad|><|fim_pad|><|fim_pad|><|fim_pad|><|fim_pad|><|fim_pad|><|fim_pad|><|fim_pad|><|fim_pad|><|fim_pad|><|fim_pad|><|fim_pad|>|regex<|fim_pad|><|fim_pad|><|fim_pad|><|fim_pad|><|fim_pad|><|fim_pad|><|fim_pad|><|fim_pad|><|fim_pad|><|fim_pad|><|fim_pad|><|fim_pad|><|fim_pad|><|fim_pad|><|fim_pad|><|fim_pad|><|fim_pad|><|fim_pad|><|fim_pad|>|[MASK]<|endoftext|>|MASK<|endoftext|>|MASK<|endoftext|>,
466,expectedCollection,MASK,False,12,MASK|MASK|MASK|MASK|MASK|MASK|MASK||MASK|MASK|MASK|MASK, [MASK]<|endoftext|>," [MASK]<|endoftext|>| [MASK]<|endoftext|>|MASK <|endoftext|>| MASK <|endoftext|>|[MASK]<|endoftext|>| [MASK]<|endoftext|>|MASK <|endoftext|>|<|endoftext|>|[MASK]<|endoftext|>| MASK<|endoftext|>| MASK <|endoftext|>| MASK .isEmpty(), multimap().containsKey(key));
    }
  }

  @MapFeature.Require",
467,invocationOnMock,MASK,False,4,MASK|MASK|MASK|MASK,[MASK]<|endoftext|>,"[MASK]<|endoftext|>| MASK<|endoftext|>|MASK<|endoftext|>|MASK .getArguments()[2];
                GlideUrl glideUrl2 = (GlideUrl)  ",
468,selected,,False,5,|MASK|MASK|MASK|MASK, <|endoftext|>," <|endoftext|>|[MASK] ,
      GroupingAggregatorEvaluationContext ctx<|endoftext|>|MASK<|endoftext|>|MASK<|endoftext|>| MASK<|endoftext|>",
469,flushablePool,MASK,False,42,MASK|MASK|MASK|MASK|MASK|MASK|MASK|MASK|MASK|MASK|MASK|MASK|MASK|MASK|MASK|MASK|MASK|MASK|MASK|MASK|MASK|MASK|MASK|MASK|MASK|MASK|MASK|MASK|MASK|MASK|MASK|MASK|MASK|MASK|MASK|MASK|MASK|MASK|MASK|MASK|MASK|MASK, [MASK]<|endoftext|>," [MASK]<|endoftext|>|[MASK]<|endoftext|>| MASK<|endoftext|>|[MASK]<|endoftext|>|[MASK]<|endoftext|>|MASK<|endoftext|>|[MASK]<|endoftext|>|MASK<|endoftext|>| MASK<|endoftext|>|[MASK]<|endoftext|>|[MASK] .newObject();
		assertEquals(1,  MASK .getFree());
		assertEquals| MASK .obtained.size);
		 MASK .obtain();
		assertEquals(1,  MASK|MASK .obtain();
		assertEquals(1,  MASK .obtained.size);
	}

| MASK .obtained.size);
	}

	@Test
	public void flushTest () {
		| MASK .obtain();
		assertEquals(2,  MASK .obtained.size);
	}

| MASK<|endoftext|>|[MASK]<|endoftext|>|[MASK]<|endoftext|>| MASK .newObject();
		assertEquals(0,  MASK .obtained.size);
		 MASK| MASK .obtained.size);
		 MASK .flush();
		assertEquals(0,  MASK .| MASK<|endoftext|>| MASK<|endoftext|>|[MASK]<|endoftext|>|[MASK] .newObject();
		 MASK .newObject();

		// Obtain the elements.
|MASK .newObject();
		 MASK .obtain();
		 MASK .obtain();
		assertEquals(|[MASK]<|endoftext|>| MASK .obtain();

		// Test preconditions.
		assertTrue( MASK .obtained|[MASK]<|endoftext|>| MASK<|endoftext|>| MASK<|endoftext|>|[MASK]<|endoftext|>| MASK<|endoftext|>|[MASK]<|endoftext|>|[MASK] .newObject();
		 [MASK] .newObject();
		 [MASK] .|MASK .newObject();
		 MASK .newObject();
		 MASK .newObject();
		 MASK .|[MASK]<|endoftext|>|MASK<|endoftext|>|[MASK]<|endoftext|>| MASK<|endoftext|>| MASK<|endoftext|>|[MASK]<|endoftext|>| MASK<|endoftext|>",
470,isDesignatedInitializer,isDesignatedInitializer,True,5,isDesignatedInitializer|MASK|isDesignatedInitializer|MASK|MASK,isDesignatedInitializer<|endoftext|>,isDesignatedInitializer<|endoftext|>| [MASK] <|endoftext|>|isDesignatedInitializer<|endoftext|>|MASK <|endoftext|>|MASK<|endoftext|>,
471,codePoint,codePoint,True,2,codePoint|codePoint,codePoint <|endoftext|>,"codePoint <|endoftext|>|codePoint
             <|endoftext|>",
472,artifactsResults,MASK,False,2,MASK|MASK,[MASK] <|endoftext|>,[MASK] <|endoftext|>|MASK <|endoftext|>,
473,connection,connection,True,3,connection|checksumUrlConnection|checksumUrlConnection,"connection to it. If the URL returns a 404, {@code null} is returned","connection to it. If the URL returns a 404, {@code null} is returned|checksumUrlConnection<|endoftext|>|checksumUrlConnection
            .getResponseCode() == 404) {
            return null;
",
474,rayCallback,MASK,False,9,MASK|MASK|MASK|MASK|MASK|MASK|MASK|MASK|MASK,[MASK]<|endoftext|>,"[MASK]<|endoftext|>|[MASK] ),  [MASK] , aabbMin, aabbMax);
	}

	public| MASK<|endoftext|>|[MASK]<|endoftext|>|MASK ]<|endoftext|>| MASK<|endoftext|>|[MASK]<|endoftext|>|MASK ),  MASK );
	}

	public void aabbTest (Vector3 aabbMin, Vector| MASK );
	}

	public void getBroadphaseAabb (Vector3 aabbMin, Vector3",
475,argumentCount,,False,2,|,"
 <|endoftext|>","
 <|endoftext|>|
     <|endoftext|>",
476,health,actuate,False,15,actuate|MASK|MASK|MASK|MASK|MASK|MASK|MASK|MASK|MASK|MASK|MASK|MASK|MASK|MASK,"actuate.health
		.reactive;

import org.springframework.boot.actuate.health.Health;
import org","actuate.health
		.reactive;

import org.springframework.boot.actuate.health.Health;
import org|[MASK]<|endoftext|>| [MASK] <|endoftext|>|[MASK] <|endoftext|>| MASK .getStatus()).isEqualTo(Status.UP);
		assertThat( MASK<|endoftext|>|[MASK]<|endoftext|>|[MASK]<|endoftext|>|[MASK]<|endoftext|>|[MASK]<|endoftext|>|MASK<|endoftext|>|[MASK]<|endoftext|>| MASK<|endoftext|>|[MASK]<|endoftext|>|[MASK]<|endoftext|>| MASK<|endoftext|>",
477,names,MASK,False,2,MASK|MASK, [MASK]<|endoftext|>, [MASK]<|endoftext|>|MASK<|endoftext|>,
478,bScale,MASK,False,34,MASK|MASK|MASK|MASK|MASK|MASK|MASK|MASK|MASK|MASK|MASK|MASK|MASK|MASK|MASK|MASK|MASK|MASK|MASK|MASK|MASK|MASK|MASK|MASK|MASK|MASK|MASK|MASK|MASK|MASK|MASK|MASK|MASK|MASK,[MASK]<|fim_pad|><|fim_pad|><|fim_pad|><|fim_pad|><|fim_pad|><|fim_pad|><|fim_pad|><|fim_pad|><|fim_pad|><|fim_pad|><|fim_pad|><|fim_pad|><|fim_pad|><|fim_pad|><|fim_pad|><|fim_pad|><|fim_pad|>,"[MASK]<|fim_pad|><|fim_pad|><|fim_pad|><|fim_pad|><|fim_pad|><|fim_pad|><|fim_pad|><|fim_pad|><|fim_pad|><|fim_pad|><|fim_pad|><|fim_pad|><|fim_pad|><|fim_pad|><|fim_pad|><|fim_pad|><|fim_pad|>|[MASK]<|fim_pad|><|fim_pad|><|fim_pad|><|fim_pad|><|fim_pad|><|fim_pad|><|fim_pad|><|fim_pad|><|fim_pad|><|fim_pad|><|fim_pad|><|fim_pad|><|fim_pad|><|fim_pad|><|fim_pad|><|fim_pad|><|fim_pad|>|[MASK]<|fim_pad|><|fim_pad|><|fim_pad|><|fim_pad|><|fim_pad|><|fim_pad|><|fim_pad|><|fim_pad|><|fim_pad|><|fim_pad|><|fim_pad|><|fim_pad|><|fim_pad|><|fim_pad|><|fim_pad|><|fim_pad|><|fim_pad|>|MASK<|fim_pad|><|fim_pad|><|fim_pad|><|fim_pad|><|fim_pad|><|fim_pad|><|fim_pad|><|fim_pad|><|fim_pad|><|fim_pad|><|fim_pad|><|fim_pad|><|fim_pad|><|fim_pad|><|fim_pad|><|fim_pad|><|fim_pad|><|fim_pad|><|fim_pad|>|[MASK]<|fim_pad|><|fim_pad|><|fim_pad|><|fim_pad|><|fim_pad|><|fim_pad|><|fim_pad|><|fim_pad|><|fim_pad|><|fim_pad|><|fim_pad|><|fim_pad|><|fim_pad|><|fim_pad|><|fim_pad|><|fim_pad|><|fim_pad|>|MASK<|fim_pad|><|fim_pad|><|fim_pad|><|fim_pad|><|fim_pad|><|fim_pad|><|fim_pad|><|fim_pad|><|fim_pad|><|fim_pad|><|fim_pad|><|fim_pad|><|fim_pad|><|fim_pad|><|fim_pad|><|fim_pad|><|fim_pad|><|fim_pad|><|fim_pad|>|[MASK]  = 18;
        BigDecimal aNumber = new BigDecimal(new BigInteger(a),|MASK<|fim_pad|><|fim_pad|><|fim_pad|><|fim_pad|><|fim_pad|><|fim_pad|><|fim_pad|><|fim_pad|><|fim_pad|><|fim_pad|><|fim_pad|><|fim_pad|><|fim_pad|><|fim_pad|><|fim_pad|><|fim_pad|><|fim_pad|><|fim_pad|><|fim_pad|>|[MASK]<|fim_pad|><|fim_pad|><|fim_pad|><|fim_pad|><|fim_pad|><|fim_pad|><|fim_pad|><|fim_pad|><|fim_pad|><|fim_pad|><|fim_pad|><|fim_pad|><|fim_pad|><|fim_pad|><|fim_pad|><|fim_pad|><|fim_pad|>|MASK<|fim_pad|><|fim_pad|><|fim_pad|><|fim_pad|><|fim_pad|><|fim_pad|><|fim_pad|><|fim_pad|><|fim_pad|><|fim_pad|><|fim_pad|><|fim_pad|><|fim_pad|><|fim_pad|><|fim_pad|><|fim_pad|><|fim_pad|><|fim_pad|><|fim_pad|>|[MASK]  = 36;
        BigDecimal aNumber = new BigDecimal(new BigInteger(a),|MASK );
        int result = -1;
        assertEquals(""incorrect result"", result, aNumber.compareTo|[MASK]<|fim_pad|><|fim_pad|><|fim_pad|><|fim_pad|><|fim_pad|><|fim_pad|><|fim_pad|><|fim_pad|><|fim_pad|><|fim_pad|><|fim_pad|><|fim_pad|><|fim_pad|><|fim_pad|><|fim_pad|><|fim_pad|><|fim_pad|>|MASK<|fim_pad|><|fim_pad|><|fim_pad|><|fim_pad|><|fim_pad|><|fim_pad|><|fim_pad|><|fim_pad|><|fim_pad|><|fim_pad|><|fim_pad|><|fim_pad|><|fim_pad|><|fim_pad|><|fim_pad|><|fim_pad|><|fim_pad|><|fim_pad|><|fim_pad|>|[MASK]<|fim_pad|><|fim_pad|><|fim_pad|><|fim_pad|><|fim_pad|><|fim_pad|><|fim_pad|><|fim_pad|><|fim_pad|><|fim_pad|><|fim_pad|><|fim_pad|><|fim_pad|><|fim_pad|><|fim_pad|><|fim_pad|><|fim_pad|>|MASK<|fim_pad|><|fim_pad|><|fim_pad|><|fim_pad|><|fim_pad|><|fim_pad|><|fim_pad|><|fim_pad|><|fim_pad|><|fim_pad|><|fim_pad|><|fim_pad|><|fim_pad|><|fim_pad|><|fim_pad|><|fim_pad|><|fim_pad|><|fim_pad|><|fim_pad|>|[MASK]<|fim_pad|><|fim_pad|><|fim_pad|><|fim_pad|><|fim_pad|><|fim_pad|><|fim_pad|><|fim_pad|><|fim_pad|><|fim_pad|><|fim_pad|><|fim_pad|><|fim_pad|><|fim_pad|><|fim_pad|><|fim_pad|><|fim_pad|>|MASK<|fim_pad|><|fim_pad|><|fim_pad|><|fim_pad|><|fim_pad|><|fim_pad|><|fim_pad|><|fim_pad|><|fim_pad|><|fim_pad|><|fim_pad|><|fim_pad|><|fim_pad|><|fim_pad|><|fim_pad|><|fim_pad|><|fim_pad|><|fim_pad|><|fim_pad|>|[MASK]<|fim_pad|><|fim_pad|><|fim_pad|><|fim_pad|><|fim_pad|><|fim_pad|><|fim_pad|><|fim_pad|><|fim_pad|><|fim_pad|><|fim_pad|><|fim_pad|><|fim_pad|><|fim_pad|><|fim_pad|><|fim_pad|><|fim_pad|>|MASK<|fim_pad|><|fim_pad|><|fim_pad|><|fim_pad|><|fim_pad|><|fim_pad|><|fim_pad|><|fim_pad|><|fim_pad|><|fim_pad|><|fim_pad|><|fim_pad|><|fim_pad|><|fim_pad|><|fim_pad|><|fim_pad|><|fim_pad|><|fim_pad|><|fim_pad|>|[MASK]<|fim_pad|><|fim_pad|><|fim_pad|><|fim_pad|><|fim_pad|><|fim_pad|><|fim_pad|><|fim_pad|><|fim_pad|><|fim_pad|><|fim_pad|><|fim_pad|><|fim_pad|><|fim_pad|><|fim_pad|><|fim_pad|><|fim_pad|>|MASK<|fim_pad|><|fim_pad|><|fim_pad|><|fim_pad|><|fim_pad|><|fim_pad|><|fim_pad|><|fim_pad|><|fim_pad|><|fim_pad|><|fim_pad|><|fim_pad|><|fim_pad|><|fim_pad|><|fim_pad|><|fim_pad|><|fim_pad|><|fim_pad|><|fim_pad|>|[MASK]<|fim_pad|><|fim_pad|><|fim_pad|><|fim_pad|><|fim_pad|><|fim_pad|><|fim_pad|><|fim_pad|><|fim_pad|><|fim_pad|><|fim_pad|><|fim_pad|><|fim_pad|><|fim_pad|><|fim_pad|><|fim_pad|><|fim_pad|>|[MASK]<|fim_pad|><|fim_pad|><|fim_pad|><|fim_pad|><|fim_pad|><|fim_pad|><|fim_pad|><|fim_pad|><|fim_pad|><|fim_pad|><|fim_pad|><|fim_pad|><|fim_pad|><|fim_pad|><|fim_pad|><|fim_pad|><|fim_pad|>|[MASK]<|fim_pad|><|fim_pad|><|fim_pad|><|fim_pad|><|fim_pad|><|fim_pad|><|fim_pad|><|fim_pad|><|fim_pad|><|fim_pad|><|fim_pad|><|fim_pad|><|fim_pad|><|fim_pad|><|fim_pad|><|fim_pad|><|fim_pad|>|[MASK]<|fim_pad|><|fim_pad|><|fim_pad|><|fim_pad|><|fim_pad|><|fim_pad|><|fim_pad|><|fim_pad|><|fim_pad|><|fim_pad|><|fim_pad|><|fim_pad|><|fim_pad|><|fim_pad|><|fim_pad|><|fim_pad|><|fim_pad|>|[MASK]  = 41;
       String c = ""944884|MASK<|fim_pad|><|fim_pad|><|fim_pad|><|fim_pad|><|fim_pad|><|fim_pad|><|fim_pad|><|fim_pad|><|fim_pad|><|fim_pad|><|fim_pad|><|fim_pad|><|fim_pad|><|fim_pad|><|fim_pad|><|fim_pad|><|fim_pad|><|fim_pad|><|fim_pad|>|[MASK]<|endoftext|>|MASK<|endoftext|>|[MASK]<|endoftext|>|MASK<|endoftext|>|MASK<|endoftext|>|MASK<|endoftext|>",
479,bgLeftWidth,MASK,False,7,MASK|MASK|MASK|MASK|MASK|MASK|, [MASK]<|fim_pad|><|fim_pad|><|fim_pad|><|fim_pad|><|fim_pad|><|fim_pad|><|fim_pad|><|fim_pad|><|fim_pad|><|fim_pad|><|fim_pad|><|fim_pad|><|fim_pad|><|fim_pad|><|fim_pad|><|fim_pad|><|fim_pad|>," [MASK]<|fim_pad|><|fim_pad|><|fim_pad|><|fim_pad|><|fim_pad|><|fim_pad|><|fim_pad|><|fim_pad|><|fim_pad|><|fim_pad|><|fim_pad|><|fim_pad|><|fim_pad|><|fim_pad|><|fim_pad|><|fim_pad|><|fim_pad|>|MASK<|endoftext|>|MASK <|fim_pad|><|fim_pad|><|fim_pad|><|fim_pad|><|fim_pad|><|fim_pad|><|fim_pad|><|fim_pad|><|fim_pad|><|fim_pad|><|fim_pad|><|fim_pad|><|fim_pad|><|fim_pad|><|fim_pad|><|fim_pad|><|fim_pad|><|fim_pad|>|MASK  - bgRightWidth, height - bgTopHeight - bgBottomHeight);
		if (|MASK  : width - bgRightWidth - scrollbarWidth;
				float y = hScrollOnBottom| MASK <|endoftext|>|<|endoftext|>",
480,classLevelEnabled,enabledInThisEnvironment,False,2,enabledInThisEnvironment|enabledInThisEnvironment,"  enabledInThisEnvironment = isTestEnabledInThisEnvironment(profileValueSource, ifProfileValue);

","  enabledInThisEnvironment = isTestEnabledInThisEnvironment(profileValueSource, ifProfileValue);

|enabledInThisEnvironment  && testMethod != null<|endoftext|>",
481,testAnn,testAtAspectJAnnoatationBindingInAroundAdvice,False,4,testAtAspectJAnnoatationBindingInAroundAdvice|MASK|MASK|MASK,"testAtAspectJAnnoatationBindingInAroundAdvice() {
		assertThat(testBean.doThis","testAtAspectJAnnoatationBindingInAroundAdvice() {
		assertThat(testBean.doThis| [MASK] <|endoftext|>|[MASK]<|endoftext|>| MASK<|endoftext|>",
482,finalBitmap,MASK,False,3,MASK|MASK|MASK, [MASK] <|endoftext|>," [MASK] <|endoftext|>|MASK  == null) {
			if (loggingEnabled) L.e(ERROR_CANT_DECODE_IMAGE| MASK  ;
	}

	protected Bitmap considerExactScaleAndOrientatiton(Bitmap subsampledBitmap,",
483,target,MASK,False,4,MASK|MASK|MASK|MASK,  [MASK] <|endoftext|>,  [MASK] <|endoftext|>|MASK <|endoftext|>|[MASK]<|endoftext|>| MASK<|endoftext|>,
484,categoryClass,MASK,False,2,MASK|MASK,[MASK]<|endoftext|>,[MASK]<|endoftext|>|MASK<|endoftext|>,
485,lengthIfKnown,MASK,False,4,MASK|lengthIfKnown|MASK|MASK, [MASK] <|endoftext|>, [MASK] <|endoftext|>|lengthIfKnown <|endoftext|>|[MASK]<|endoftext|>| MASK<|endoftext|>,
486,expectedPattern,expectedPattern,True,3,expectedPattern|expectedPattern|expectedPattern,expectedPattern<|fim_pad|><|fim_pad|><|fim_pad|><|fim_pad|><|fim_pad|><|fim_pad|><|fim_pad|><|fim_pad|><|fim_pad|><|fim_pad|><|fim_pad|><|fim_pad|><|fim_pad|><|fim_pad|><|fim_pad|><|fim_pad|><|fim_pad|><|fim_pad|>,expectedPattern<|fim_pad|><|fim_pad|><|fim_pad|><|fim_pad|><|fim_pad|><|fim_pad|><|fim_pad|><|fim_pad|><|fim_pad|><|fim_pad|><|fim_pad|><|fim_pad|><|fim_pad|><|fim_pad|><|fim_pad|><|fim_pad|><|fim_pad|><|fim_pad|>|expectedPattern<|fim_pad|><|fim_pad|><|fim_pad|><|fim_pad|><|fim_pad|><|fim_pad|><|fim_pad|><|fim_pad|><|fim_pad|><|fim_pad|><|fim_pad|><|fim_pad|><|fim_pad|><|fim_pad|><|fim_pad|><|fim_pad|><|fim_pad|><|fim_pad|>|expectedPattern<|fim_pad|><|fim_pad|><|fim_pad|><|fim_pad|><|fim_pad|><|fim_pad|><|fim_pad|><|fim_pad|><|fim_pad|><|fim_pad|><|fim_pad|><|fim_pad|><|fim_pad|><|fim_pad|><|fim_pad|><|fim_pad|><|fim_pad|><|fim_pad|>,
487,exponent,MASK,False,33,MASK|MASK|MASK|MASK|MASK|MASK|MASK|MASK|MASK|MASK|MASK|MASK|MASK|MASK|MASK|MASK|||MASK|MASK|MASK|MASK|MASK|MASK|MASK|MASK|MASK|MASK|MASK|MASK|MASK|MASK|MASK,[MASK]<|endoftext|>,"[MASK]<|endoftext|>| [MASK] <|endoftext|>| [MASK] <|endoftext|>| MASK <|endoftext|>| [MASK]<|endoftext|>| MASK<|endoftext|>|[MASK]<|endoftext|>| [MASK]<|endoftext|>| MASK<|endoftext|>|MASK<|endoftext|>| MASK<|endoftext|>| MASK<|endoftext|>| MASK<|endoftext|>|[MASK]<|endoftext|>|[MASK]<|endoftext|>| [MASK]<|endoftext|>|<|endoftext|>|<|endoftext|>| MASK<|endoftext|>|[MASK]<|endoftext|>|[MASK]<|endoftext|>| MASK<|endoftext|>| MASK<|endoftext|>|[MASK]<|endoftext|>| MASK 
      <|endoftext|>| MASK <|endoftext|>|[MASK]<|endoftext|>|[MASK] <|endoftext|>|MASK<|endoftext|>| MASK<|endoftext|>| MASK<|endoftext|>| MASK<|endoftext|>| MASK<|endoftext|>",
488,decodingOptions,MASK,False,5,MASK|MASK|MASK|MASK|MASK, [MASK]<|endoftext|>," [MASK]<|endoftext|>| [MASK] <|endoftext|>| [MASK] <|endoftext|>| MASK  .inSampleSize = scale;
		return  [MASK] ;
	}

	protected Options| MASK<|endoftext|>",
489,componentTemplates,MASK,False,4,MASK|MASK|componentTemplates|MASK, [MASK] <|endoftext|>," [MASK] <|endoftext|>|MASK  [MASK]  [MASK]  [MASK]  [MASK]  [MASK|componentTemplates(  MASK )
            .build();

        ClusterState cs = ClusterState.builder(new Cluster| MASK <|endoftext|>",
490,protocols,protocols,True,2,protocols|protocols,protocols<|endoftext|>,protocols<|endoftext|>|protocols<|endoftext|>,
491,useAlias,MASK,False,3,MASK|MASK|MASK,[MASK]<|endoftext|>,[MASK]<|endoftext|>|[MASK]<|endoftext|>|MASK<|endoftext|>,
492,dateTimeStr,result,False,11,"result|position|dateStr|ParseTestData|new|GMT|GMT|:30:00""),|GMT|PDT|VVV"," result + "" expected -> "" + expected);
        }
    }

    @Test
    public void"," result + "" expected -> "" + expected);
        }
    }

    @Test
    public void| position
            int resLen;     // expected result length
            String resStr;  //| dateStr, String trail) {
                this.pattern = pattern;
                this.input = lead + date|        ParseTestData[] testData = {
                new ParseTestData(""yyyy-MM-dd"", ""201| new ParseTestData(""yyyy-MM-dd"", ""2010-04-16""),
|10 12:30:00 GMT+05:00""),
           | ""GMT+05:00 12:30:00""),
            new|:30:00""),
            new ParseTestData(""Z HH:mm:ss"", ""GMT-|:30:00 GMT-04:00"", "" Foo""),
            new Parse| 12:34:00 PDT""),
            new ParseTestData(""y/M/d H|VVV"", ""time zone: GMT+05:00""),
            new ParseTestData(""",
493,meanX,MASK,False,6,MASK||MASK|MASK|MASK|MASK,  [MASK]<|endoftext|>,"  [MASK]<|endoftext|>|<|endoftext|>| [MASK]  = deltaX;
			meanY[index] = deltaY;
			meanTime|MASK<|endoftext|>| MASK <|endoftext|>|MASK<|endoftext|>",
494,columnValues,MASK,False,7,MASK|MASK|MASK|MASK|MASK|MASK|MASK, [MASK]  = null<|endoftext|>, [MASK]  = null<|endoftext|>| [MASK] <|endoftext|>| [MASK]<|endoftext|>|MASK<|endoftext|>| MASK<|endoftext|>| MASK<|endoftext|>| MASK<|endoftext|>,
495,dependency,MASK,False,4,MASK|MASK|MASK|MASK,"[MASK]  ->
				[MASK] .getSelected().getDependencies().forEach( [","[MASK]  ->
				[MASK] .getSelected().getDependencies().forEach( [|[MASK] <|endoftext|>|[MASK]<|endoftext|>| MASK <|endoftext|>",
496,params,params,True,1,params,params<|endoftext|>,params<|endoftext|>,
497,which,which,True,1,which,which<|endoftext|>,which<|endoftext|>,
498,codeUnderTestId,,False,5,||||,<|endoftext|>,"<|endoftext|>| <|endoftext|>| <|endoftext|>|
                 <|endoftext|>|<|endoftext|>",
499,clone,MASK,False,3,MASK|MASK|MASK,  [MASK] <|endoftext|>,  [MASK] <|endoftext|>| [MASK] <|endoftext|>| MASK <|endoftext|>,
500,configCenter,MASK,False,4,MASK|MASK|MASK|MASK,[MASK]<|endoftext|>,[MASK]<|endoftext|>|[MASK]<|endoftext|>|MASK<|endoftext|>|MASK <|endoftext|>,
501,isVolatile,isReferenceType,False,5,isReferenceType|MASK|isVolatile|MASK|MASK,isReferenceType<|endoftext|>,isReferenceType<|endoftext|>| [MASK] <|endoftext|>|isVolatile<|endoftext|>|MASK <|endoftext|>|   MASK <|endoftext|>,
502,pager,pager,True,5,pager|MASK|MASK|MASK|MASK,pager<|endoftext|>,"pager<|endoftext|>| [MASK] <|endoftext|>|MASK <|endoftext|>|[MASK] = findViewById(R.id. MASK );
         [MASK]<|endoftext|>| MASK<|endoftext|>",
503,offset,MASK,False,4,MASK|MASK|MASK|0,[MASK]<|endoftext|>,[MASK]<|endoftext|>|[MASK]<|endoftext|>|MASK<|endoftext|>|0<|endoftext|>,
504,matches,MASK,False,5,MASK|MASK|MASK||, [MASK] <|endoftext|>, [MASK] <|endoftext|>|[MASK]<|endoftext|>| [MASK]<|endoftext|>|<|endoftext|>|<|endoftext|>,
505,byteArrayPool,MASK,False,18,MASK|MASK|MASK|MASK|MASK|MASK|MASK|MASK|MASK|MASK|MASK|MASK|MASK|MASK|MASK|MASK|MASK|MASK,[MASK]<|endoftext|>,[MASK]<|endoftext|>|MASK]<|endoftext|>|[MASK]<|endoftext|>|  MASK<|endoftext|>|[MASK]<|endoftext|>|MASK<|endoftext|>| MASK<|endoftext|>|[MASK]<|endoftext|>|  MASK<|endoftext|>|MASK<|endoftext|>|[MASK]<|endoftext|>|MASK<|endoftext|>|[MASK]<|endoftext|>|MASK<|endoftext|>|MASK<|endoftext|>|[MASK]<|endoftext|>|MASK<|endoftext|>|MASK<|endoftext|>,
506,otherParamType,MASK,False,5,MASK|MASK|MASK|MASK|MASK, [MASK] <|endoftext|>, [MASK] <|endoftext|>| MASK <|endoftext|>|[MASK]<|endoftext|>| MASK<|endoftext|>|MASK<|endoftext|>,
507,request,MASK,False,12,MASK|MASK|MASK|MASK|MASK|MASK|MASK|MASK|MASK|MASK|request|MASK," [MASK]  = new CopyOnWriteArrayList<>();
    private final List<Tuple<ActionRequest, ActionListener"," [MASK]  = new CopyOnWriteArrayList<>();
    private final List<Tuple<ActionRequest, ActionListener| [MASK]<|endoftext|>| [MASK] .add(new Tuple<>( [MASK] , listener));
            }

            @Override
| MASK , listener));
                super.doExecute(action,  MASK<|endoftext|>|[MASK]<|endoftext|>|MASK<|endoftext|>|[MASK]<|endoftext|>| MASK<|endoftext|>| [MASK]<|endoftext|>| MASK<|endoftext|>|request   MASK  Class"" +  [MASK] Class + "" in "" + this. MASK| MASK<|endoftext|>",
508,outstandingRequests,MASK,False,4,MASK|1 * 1 * 1 * 1 * 1 * 1 * 1 *|MASK|MASK, [MASK]<|endoftext|>, [MASK]<|endoftext|>|1 * 1 * 1 * 1 * 1 * 1 * 1 *|MASK<|endoftext|>|MASK<|endoftext|>,
509,message,MASK,False,17,MASK|MASK|MASK|MASK|MASK|MASK|MASK|MASK|MASK||MASK|MASK||MASK|MASK|MASK|," [MASK]  messages that are sent from the C++ processes to the Java process.
 * The"," [MASK]  messages that are sent from the C++ processes to the Java process.
 * The| [MASK] <|endoftext|>| [MASK] <|endoftext|>| [MASK]<|endoftext|>|[MASK]<|endoftext|>|[MASK]<|endoftext|>| MASK <|endoftext|>| [MASK]<|endoftext|>|[MASK]<|endoftext|>|<|endoftext|>| MASK<|endoftext|>| [MASK] s is used to determine whether to merge
     *  [MASK] s together| <|endoftext|>| MASK <|endoftext|>| [MASK]<|endoftext|>| MASK<|endoftext|>|<|endoftext|>",
510,consumer,MASK,False,2,MASK|MASK,  [MASK]<|endoftext|>,"  [MASK]<|endoftext|>|MASK
               <|endoftext|>",
511,dialog,dialog,True,2,dialog|dialog,dialog<|endoftext|>,"dialog<|endoftext|>|dialog
                       <|endoftext|>",
512,vStart,MASK,False,9,MASK|MASK|MASK|MASK|MASK|MASK|MASK|MASK|MASK,[MASK]<|endoftext|>,"[MASK]<|endoftext|>| [MASK]<|endoftext|>| MASK]<|endoftext|>|[MASK]<|endoftext|>|MASK  + vBlock.getValueCount(valuesPosition);
        for (int vOffset =  MASK ;|MASK<|endoftext|>|MASK<|endoftext|>|MASK<|endoftext|>| MASK<|endoftext|>",
513,parentBd,bd,False,2,bd|bd,         bd<|endoftext|>,"         bd<|endoftext|>|bd, null<|endoftext|>",
514,testClassNames,MASK,False,2,MASK|MASK,[MASK]<|fim_pad|><|fim_pad|><|fim_pad|><|fim_pad|><|fim_pad|><|fim_pad|><|fim_pad|><|fim_pad|><|fim_pad|><|fim_pad|><|fim_pad|><|fim_pad|><|fim_pad|><|fim_pad|><|fim_pad|><|fim_pad|><|fim_pad|>,[MASK]<|fim_pad|><|fim_pad|><|fim_pad|><|fim_pad|><|fim_pad|><|fim_pad|><|fim_pad|><|fim_pad|><|fim_pad|><|fim_pad|><|fim_pad|><|fim_pad|><|fim_pad|><|fim_pad|><|fim_pad|><|fim_pad|><|fim_pad|>|MASK<|fim_pad|><|fim_pad|><|fim_pad|><|fim_pad|><|fim_pad|><|fim_pad|><|fim_pad|><|fim_pad|><|fim_pad|><|fim_pad|><|fim_pad|><|fim_pad|><|fim_pad|><|fim_pad|><|fim_pad|><|fim_pad|><|fim_pad|><|fim_pad|><|fim_pad|>,
515,height,MASK,False,14,MASK|MASK|MASK|MASK|MASK|MASK|MASK|MASK|MASK|MASK|MASK|MASK|MASK|MASK, [MASK]<|endoftext|>, [MASK]<|endoftext|>|[MASK]<|endoftext|>| MASK<|endoftext|>|[MASK]<|endoftext|>|MASK<|endoftext|>|[MASK]<|endoftext|>|MASK<|endoftext|>|[MASK]<|endoftext|>|MASK<|endoftext|>|[MASK]<|endoftext|>|MASK<|endoftext|>|MASK <|endoftext|>|MASK<|endoftext|>| MASK<|endoftext|>,
516,alpha,MASK,False,14,MASK|MASK|MASK|MASK|MASK|MASK|MASK|MASK|MASK|MASK|MASK|MASK|MASK|MASK,[MASK]<|endoftext|>,"[MASK]<|endoftext|>|[MASK]<|endoftext|>|[MASK]<|endoftext|>|[MASK]<|endoftext|>|[MASK]<|endoftext|>| MASK<|endoftext|>| [MASK]<|endoftext|>|MASK<|endoftext|>| MASK<|endoftext|>| MASK  < 0.000001f)
				return;
			else if|MASK<|endoftext|>|[MASK]<|endoftext|>|MASK<|endoftext|>|MASK<|endoftext|>",
517,incReceivers,incReceivers,True,6,incReceivers|MASK|MASK|incReceivers|incReceivers|incReceivers,incReceivers <|fim_pad|><|fim_pad|><|fim_pad|><|fim_pad|><|fim_pad|><|fim_pad|><|fim_pad|><|fim_pad|><|fim_pad|><|fim_pad|><|fim_pad|><|fim_pad|><|fim_pad|><|fim_pad|><|fim_pad|>,incReceivers <|fim_pad|><|fim_pad|><|fim_pad|><|fim_pad|><|fim_pad|><|fim_pad|><|fim_pad|><|fim_pad|><|fim_pad|><|fim_pad|><|fim_pad|><|fim_pad|><|fim_pad|><|fim_pad|><|fim_pad|>| [MASK]<|endoftext|>|[MASK] <|fim_pad|><|fim_pad|><|fim_pad|><|fim_pad|><|fim_pad|><|fim_pad|><|fim_pad|><|fim_pad|><|fim_pad|><|fim_pad|><|fim_pad|><|fim_pad|><|fim_pad|><|fim_pad|><|fim_pad|><|fim_pad|>|incReceivers<|fim_pad|><|fim_pad|><|fim_pad|><|fim_pad|><|fim_pad|><|fim_pad|><|fim_pad|><|fim_pad|><|fim_pad|><|fim_pad|><|fim_pad|><|fim_pad|><|fim_pad|><|fim_pad|><|fim_pad|><|fim_pad|>| incReceivers<|endoftext|>| incReceivers<|endoftext|>,
518,indexInTrackGroup,MASK,False,2,MASK|indexInTrackGroup,[MASK]<|endoftext|>,[MASK]<|endoftext|>|indexInTrackGroup<|endoftext|>,
519,readOffset,readOffset,True,1,readOffset,"readOffset, int writeOffset, int size);

	public native void glGetUniformIndices (int program,","readOffset, int writeOffset, int size);

	public native void glGetUniformIndices (int program,",
520,ignoreUserOptions,MASK,False,12,MASK|MASK|MASK|MASK|MASK|MASK|MASK|MASK|MASK|MASK|MASK|ignoreUserOptions, [MASK]<|endoftext|>," [MASK]<|endoftext|>| [MASK]<|endoftext|>|[MASK]<|endoftext|>| [MASK]<|fim_pad|><|fim_pad|><|fim_pad|><|fim_pad|><|fim_pad|><|fim_pad|><|fim_pad|><|fim_pad|><|fim_pad|><|fim_pad|><|fim_pad|><|fim_pad|><|fim_pad|><|fim_pad|><|fim_pad|><|fim_pad|><|fim_pad|>|MASK]<|endoftext|>|[MASK]<|endoftext|>|MASK );
  }

  /**
   * Creates a new command environment with additional proto extensions as if they|[MASK]<|endoftext|>| MASK<|endoftext|>|MASK<|endoftext|>| MASK<|endoftext|>|ignoreUserOptions<|endoftext|>",
521,commonSuperTypeIndex,MASK,False,3,MASK|MASK|MASK,  [MASK] <|endoftext|>,"  [MASK] <|endoftext|>|MASK  ;
    return  [MASK] ;
  }

  /**
   * Adds a merged type| MASK ;
  }

  /**
   * Adds a merged type in the type table of this symbol table",
522,newField,MASK,False,5,MASK|MASK|MASK|MASK|MASK,[MASK] <|endoftext|>,"[MASK] <|endoftext|>|[MASK]  == input && newPattern == pattern) {
            return this;
        }
       |[MASK]<|endoftext|>|[MASK]<|endoftext|>| MASK<|endoftext|>",
523,color,() {,False,11,() {|If|void|return|0;|Sets|scroll|bounds|Y|crollX|this," () {
		return draggingPointer != -1;
	}

	/** If true, the scrollbars"," () {
		return draggingPointer != -1;
	}

	/** If true, the scrollbars|	/** If true, the scrollbars are hidden when not scrolling. */
	public void setFadeScroll| void setScrollbarsOnTop (boolean onTop) {
		if (scrollbarsOnTop ==|		return flingTimer > 0;
	}

	public void setScrollingDisabled (boolean x|0;
	}

	public void setScrollingDisabled (boolean x, boolean y, boolean clamp)| Sets the time in seconds it takes for the scroll pane to reach the edge after the user scrolled beyond| scroll pane will always fling when flicked. If false, the scroll pane will only fling| bounds and will slowly scroll back to its bounds. */
	public void setOverscroll (boolean overs|Y) {
		this.overscrollX = overscrollX;
		this.overscrollY|crollX = overscrollX;
		this.overscrollY = overscrollY;
	}

|		this.overscrollY = overscrollY;
	}

	/** For flick scroll, if",
524,testClasses,MASK,False,8,MASK|MASK|MASK|MASK|MASK|MASK|MASK|MASK, [MASK] <|endoftext|>," [MASK] <|endoftext|>|[MASK]<|endoftext|>| [MASK]<|endoftext|>| MASK 
					.stream()
					.sorted(Comparator.comparing(Class::getName));
		}
|[MASK]<|endoftext|>| MASK<|endoftext|>| MASK<|endoftext|>| MASK<|endoftext|>",
525,testClass,,False,13,|||MASK|Name|MASK|MASK|MASK|MASK|MASK|MASK|MASK|MASK,<|endoftext|>,"<|endoftext|>|<|endoftext|>|<|endoftext|>| [MASK] <|fim_pad|><|fim_pad|><|fim_pad|><|fim_pad|><|fim_pad|><|fim_pad|><|fim_pad|><|fim_pad|><|fim_pad|><|fim_pad|><|fim_pad|><|fim_pad|><|fim_pad|><|fim_pad|><|fim_pad|><|fim_pad|>|Name);
                Method m =  [MASK] .getDeclaredMethod(""suite"",
                                                       new Class| [MASK]<|fim_pad|><|fim_pad|><|fim_pad|><|fim_pad|><|fim_pad|><|fim_pad|><|fim_pad|><|fim_pad|><|fim_pad|><|fim_pad|><|fim_pad|><|fim_pad|><|fim_pad|><|fim_pad|><|fim_pad|><|fim_pad|><|fim_pad|>| [MASK]<|endoftext|>|MASK<|endoftext|>| [MASK]<|endoftext|>|MASK<|endoftext|>|MASK<|endoftext|>|MASK<|endoftext|>|MASK<|endoftext|>",
526,pluginPolicy,MASK,False,2,MASK|MASK,  [MASK] <|endoftext|>,  [MASK] <|endoftext|>|MASK <|endoftext|>,
527,symbolsOut,EILING,False,2,EILING|Mode,"EILING of this DecimalFormat and test its
        // behavior
        decimalFormat.setRoundingMode","EILING of this DecimalFormat and test its
        // behavior
        decimalFormat.setRoundingMode|Mode(RoundingMode.CEILING);
        result = decimalFormat.format(11.3);
",
528,response,mock,False,11,mock|MASK|MASK|MASK|MASK|MASK|MASK|MASK|MASK|MASK|MASK,"mock;

import org.springframework.test.web.client.  [MASK] <|endoftext|>","mock;

import org.springframework.test.web.client.  [MASK] <|endoftext|>| [MASK]<|endoftext|>|MASK <|endoftext|>|[MASK]<|endoftext|>|MASK]<|endoftext|>|[MASK]<|endoftext|>|MASK<|endoftext|>|[MASK]<|endoftext|>|MASK<|endoftext|>|MASK<|endoftext|>|MASK<|endoftext|>",
529,endFlag,MASK,False,10,MASK|MASK|MASK|MASK|MASK|MASK|MASK|MASK|MASK|MASK, [MASK]<|endoftext|>, [MASK]<|endoftext|>|[MASK]<|endoftext|>| [MASK]<|endoftext|>|[MASK]<|endoftext|>|[MASK]<|endoftext|>|[MASK]<|endoftext|>|[MASK]<|endoftext|>|[MASK]<|endoftext|>|MASK<|endoftext|>|MASK<|endoftext|>,
530,selectedConverterType,MASK,False,4,MASK|MASK|MASK|MASK,[MASK]<|endoftext|>,"[MASK]<|endoftext|>|[MASK] <|endoftext|>|MASK  the converter type selected to write to the response
	 * @return the hints determined otherwise|MASK <|endoftext|>",
531,offset,MASK,False,5,MASK|MASK|offset|MASK|MASK,[MASK] <|endoftext|>,"[MASK] <|endoftext|>| [MASK]  <|endoftext|>|offset into {@code sharedSecret} where the
     * secret is to be stored
     *
|[MASK]<|endoftext|>|MASK <|endoftext|>",
532,trace,MASK,False,6,MASK|MASK|MASK|MASK|MASK|MASK,[MASK] <|endoftext|>,[MASK] <|endoftext|>| [MASK] <|endoftext|>|[MASK] <|endoftext|>|MASK  to upload<|endoftext|>|[MASK]<|endoftext|>|MASK<|endoftext|>,
533,infoThreshold,infoThreshold,True,2,infoThreshold|infoThreshold,infoThreshold<|endoftext|>,infoThreshold<|endoftext|>|infoThreshold<|endoftext|>,
534,queue,,False,6,|queue|MASK|MASK|MASK|MASK,<|endoftext|>,"<|endoftext|>|queue;
            boolean cancelled = this.cancelled;
            int prefetch = this.prefetch;
            int| [MASK]<|endoftext|>| [MASK]<|endoftext|>|MASK]<|endoftext|>| MASK<|endoftext|>",
535,cause,MASK,False,5,MASK|MASK|MASK|MASK|MASK, [MASK]<|endoftext|>, [MASK]<|endoftext|>|[MASK]<|endoftext|>|[MASK]<|endoftext|>| MASK<|endoftext|>| MASK<|endoftext|>,
536,runLength,MASK,False,3,MASK|MASK|MASK, [MASK] <|endoftext|>," [MASK] <|endoftext|>|[MASK] <|endoftext|>| MASK  + 1;
          } else {
            int  MASK  = bitmapData.readUnsigned",
537,fieldsCopy,MASK,False,7,MASK|MASK|MASK|MASK|MASK|MASK|MASK, [MASK] <|endoftext|>, [MASK] <|endoftext|>| [MASK] <|endoftext|>|[MASK]<|endoftext|>| MASK<|endoftext|>| MASK<|endoftext|>| MASK<|endoftext|>| MASK <|endoftext|>,
538,outputColorInfo,VideoFrameProcessor,False,3,VideoFrameProcessor|outputColorInfo|outputColorInfo,"   VideoFrameProcessor}'s input {@link Surface}. The {@link Effect} instances are applied
","   VideoFrameProcessor}'s input {@link Surface}. The {@link Effect} instances are applied
|outputColorInfo  [MASK]  [MASK]  [MASK]  [MASK] |outputColorInfo <|endoftext|>",
539,bulkShardRequest,request,False,2,request|request,"request = new BulkShardRequest(shards.getPrimary().shardId(), RefreshPolicy.NONE,","request = new BulkShardRequest(shards.getPrimary().shardId(), RefreshPolicy.NONE,|request, replica);
                }
                if (rarely()) {
                    shards.flush();
                }
",
540,newReceivers,newReceivers,True,2,newReceivers|newReceivers,newReceivers<|endoftext|>,newReceivers<|endoftext|>|newReceivers<|endoftext|>,
541,future,future,True,7,future|MASK|MASK|MASK|MASK|MASK|MASK,"future implementations.
 *
 * <p>Example usage:
 *
 * <pre>{@code
 * Un","future implementations.
 *
 * <p>Example usage:
 *
 * <pre>{@code
 * Un| [MASK]<|endoftext|>| [MASK]<|endoftext|>|MASK<|endoftext|>|[MASK]<|endoftext|>| MASK <|endoftext|>| MASK ;
  }

  public static <V> ListenableFuture<V> throwingException(ExecutionException",
542,histo,;,False,3,;|MASK|MASK,";

import org.elasticsearch.exponential.ExponentialHistogram;
import org.elasticsearch.exponential.ExponentialHistogramTestCase;
",";

import org.elasticsearch.exponential.ExponentialHistogram;
import org.elasticsearch.exponential.ExponentialHistogramTestCase;
|[MASK] <|endoftext|>|MASK
            .positiveBuckets().iterator();
        ZeroBucket merged = bucketA.collapseOver",
543,checkMlCppNoticeTask,MASK,False,4,MASK|MASK|MASK|MASK,[MASK]<|endoftext|>,"[MASK]<|endoftext|>|MASK <|endoftext|>|[MASK] <|endoftext|>| MASK  ;
    }

    private static TaskProvider<Task> registerCheckModulesTask(Project project, Task",
544,actualValue,MASK,False,10,MASK|MASK|MASK|MASK|MASK|MASK|MASK||MASK|MASK, [MASK]<|endoftext|>," [MASK]<|endoftext|>| [MASK]<|endoftext|>| [MASK]<|endoftext|>| MASK <|endoftext|>| [MASK]  =  [MASK] ;
            List<Map<String, Object>><|endoftext|>| [MASK]<|endoftext|>| MASK<|endoftext|>|<|endoftext|>| MASK
          <|endoftext|>| MASK <|endoftext|>",
545,service,indicesAdmin,False,2,indicesAdmin|indicesAdmin,  indicesAdmin<|endoftext|>,"  indicesAdmin<|endoftext|>|indicesAdmin
           <|endoftext|>",
546,testInfo,MASK,False,6,MASK|MASK|MASK|MASK|MASK|MASK,[MASK]<|endoftext|>,"[MASK]<|endoftext|>|MASK <|endoftext|>|[MASK]<|endoftext|>|MASK );
	}

	@Test
	void test003(TestInfo  MASK ) {
		|MASK <|endoftext|>|MASK <|endoftext|>",
547,integerSetting,match,False,11,match|randomIntBetween|}|String|assertFalse|));|Updater|dater|Map|setString|String,".match(""foo.bar.0""));
        assertFalse(listSetting.match(""foo.bar.1""));
        assertFalse",".match(""foo.bar.0""));
        assertFalse(listSetting.match(""foo.bar.1""));
        assertFalse| randomIntBetween(0, 1000)));
    }

    public void testListSetting| }

    public void testListSettingWithFallback() {
        Setting<List<String>> listSetting = Setting|<String> setting = Setting.simpleString(""foo.bar.*"", Property.Dynamic, Property.NodeScope);
       |        assertFalse(setting.isGroupSetting());
        Settings settings = Settings.builder().put(""foo.bar"", true|""));
        assertTrue(setting.match(""foo.baz""));
        assertFalse(setting.match(""bar.foo""));
        assertFalse|Updater(consumer, validator, logger);

        // THEN the updater should not throw an exception
       |dater.hasChanged(current, previous));
        assertTrue(updater.hasChanged(current, Settings.EMPTY));
    }

| Map<String, String> previousSettings = updater.getValue(previous, Settings.EMPTY);
        assertNotNull(previousSettings);
|.setString(""foo"", ""bar"");
        Settings settings = Settings.builder().setSecureSettings(secureSettings|<String> setting = Setting.simpleString(""foo"", Property.NodeScope);
        IllegalArgumentException e = expectThrows",
548,urlWithPort,,False,2,|, <|endoftext|>, <|endoftext|>|<|endoftext|>,
549,warnThreshold,warnThreshold,True,2,warnThreshold|warnThreshold,warnThreshold<|endoftext|>,warnThreshold<|endoftext|>|warnThreshold<|endoftext|>,
550,array,MASK,False,3,MASK|MASK|MASK,  [MASK] <|endoftext|>,  [MASK] <|endoftext|>|[MASK]<|endoftext|>|MASK <|endoftext|>,
551,mockTrainedModelDefinition,MASK,False,3,MASK|mockTrainedModelConfig|MASK," [MASK]  = mock(TrainedModelDefinition.class);
        when( [MASK] ."," [MASK]  = mock(TrainedModelDefinition.class);
        when( [MASK] .|mockTrainedModelConfig
            .getModelDefinition()
           <|endoftext|>|MASK <|endoftext|>",
552,builder,MASK,False,4,MASK|MASK|MASK|MASK, [MASK] <|endoftext|>," [MASK] <|endoftext|>|[MASK]<|endoftext|>|MASK<|endoftext|>| MASK 
				.build();

		ProducesRequestCondition condition = new ProducesRequestCondition(""!application",
553,downstream,MASK,False,12,MASK|MASK|MASK|MASK|MASK|MASK|MASK|MASK|MASK|MASK|MASK|MASK, [MASK]<|endoftext|>," [MASK]<|endoftext|>| [MASK]<|endoftext|>| [MASK]<|endoftext|>|MASK <|endoftext|>| MASK<|endoftext|>|MASK<|endoftext|>| MASK ;
            int limit = prefetch - (prefetch >> 2);
            int missed = |[MASK]<|endoftext|>|[MASK]<|endoftext|>| MASK<|endoftext|>|MASK<|endoftext|>| MASK<|endoftext|>",
554,pwdEndIdx,MASK,False,5,MASK|MASK|MASK|MASK|MASK, [MASK]<|endoftext|>," [MASK]<|endoftext|>|MASK<|endoftext|>| MASK  );
            if (userNameEndIdx < 0) {
                userNameEndIdx =  | MASK<|endoftext|>| MASK<|endoftext|>",
555,pathFragment,MASK,False,14,MASK||MASK|MASK|MASK|MASK|MASK|MASK|MASK|MASK|MASK|MASK|MASK|MASK, [MASK]  [MASK]  [MASK]  [MASK]  [MASK] ," [MASK]  [MASK]  [MASK]  [MASK]  [MASK] |<|endoftext|>| [MASK]<|endoftext|>| MASK  .containsUplevelReferences()).isTrue();
  }

  @Test
  public void|[MASK]  = create("".file"");
    assertThat( [MASK] .containsUplevelReferences|MASK .containsUplevelReferences()).isFalse();
  }

  @Test
  public void contains|[MASK]<|endoftext|>|MASK .containsUplevelReferences()).isTrue();
  }

  @Test
  public void contains|[MASK]<|endoftext|>|[MASK]<|endoftext|>| MASK<|endoftext|>|[MASK]  = create(""/dir1/dir2/../file"");

    assertThat( [MASK]|MASK <|fim_middle|>MASK <|endoftext|>|MASK<|endoftext|>",
556,timestampAdjusterInitializationTimeoutMs,MASK,False,11,MASK||MASK|MASK|MASK|MASK|MASK|MASK|MASK|MASK|MASK, [MASK]<|endoftext|>," [MASK]<|endoftext|>|<|endoftext|>| [MASK]<|endoftext|>|MASK<|endoftext|>|MASK <|endoftext|>| [MASK]  [MASK]  [MASK]  [MASK]  [MASK] | [MASK] <|endoftext|>|MASK<|endoftext|>|MASK  =  MASK ;
  }

  /**
   * @param mediaItem The {@link Media|MASK<|endoftext|>| MASK <|endoftext|>",
557,initialSeedRef,MASK,False,6,MASK|MASK|MASK|MASK|MASK|MASK, [MASK]<|endoftext|>, [MASK]<|endoftext|>| [MASK]<|endoftext|>| MASK]<|endoftext|>|[MASK]<|endoftext|>| MASK <|endoftext|>|MASK<|endoftext|>,
558,context,MASK,False,18,MASK|MASK|MASK|MASK|MASK|MASK|MASK|MASK|MASK|MASK|context|MASK|MASK|MASK|MASK|MASK|MASK|,[MASK]<|endoftext|>,"[MASK]<|endoftext|>|[MASK]<|endoftext|>|[MASK]<|endoftext|>|[MASK]<|endoftext|>|MASK<|endoftext|>|[MASK]<|endoftext|>| MASK  position.
   *
   * @param predicateIndex The index of the predicate where the proximity|MASK  
 <|endoftext|>| [MASK] <|endoftext|>| [MASK]  that the predicate will be executed on.
   * @param xctxt The XPath|context<|endoftext|>| [MASK]<|endoftext|>|MASK<|endoftext|>|[MASK]<|endoftext|>| MASK<|endoftext|>| MASK<|endoftext|>| MASK<|endoftext|>|
 <|endoftext|>",
559,unfilteredRdepsOfRdeps,rdepsOfRdepsBelowDepthBound,False,2,rdepsOfRdepsBelowDepthBound|rdepsOfRdepsBelowDepthBound,rdepsOfRdepsBelowDepthBound  <|endoftext|>,"rdepsOfRdepsBelowDepthBound  <|endoftext|>|rdepsOfRdepsBelowDepthBound
        .entrySet()
        .forEach(
            entry",
560,trieIterator,MASK,False,3,MASK|MASK|MASK, [MASK]<|endoftext|>, [MASK]<|endoftext|>|[MASK]<|endoftext|>| MASK<|endoftext|>,
561,sourceCodec,http1Codec,False,3,http1Codec|http1Codec|http1Codec,http1Codec  <|endoftext|>,http1Codec  <|endoftext|>|http1Codec<|endoftext|>|http1Codec<|endoftext|>,
562,header,MASK,False,24,MASK|MASK|MASK|MASK|MASK|MASK|MASK|MASK|MASK|MASK|MASK|MASK|MASK|MASK|MASK|MASK|MASK|MASK|MASK|MASK|MASK|MASK|MASK|MASK, [MASK]<|endoftext|>," [MASK]<|endoftext|>|[MASK]<|endoftext|>|[MASK]<|endoftext|>| [MASK]<|endoftext|>|[MASK]<|endoftext|>| [MASK]<|endoftext|>| [MASK]<|endoftext|>|MASK<|endoftext|>| [MASK] s(String  [MASK] ) {
            return  [MASK] s( [|[MASK]<|endoftext|>| [MASK]<|endoftext|>|MASK<|endoftext|>|MASK<|endoftext|>|[MASK]<|endoftext|>| MASK<|endoftext|>| MASK<|endoftext|>|[ MASK ]<|endoftext|>| MASK<|endoftext|>|[MASK]<|endoftext|>| MASK<|endoftext|>| MASK s(Map<String, List<String>>  MASK s) {
            this. MASK s = |[MASK]<|endoftext|>| MASK<|endoftext|>| MASK<|endoftext|>",
563,execRoot,MASK,False,5,MASK|directories|MASK|MASK|MASK, [MASK]<|endoftext|>," [MASK]<|endoftext|>|   directories,
                    fileSystem.getPath(TestConstants.BIN_DIR),
                    fileSystem.getPath(TestConstants.EX|[MASK] <|endoftext|>|[MASK] ,
            PathFragment.create(""dummy-output-path""),
             [MASK] .getFileSystem| MASK  .getFileSystem(),
            PathFragment.create(""dummy-output-path""),
              MASK <|endoftext|>",
564,candidate,ignored,False,3,ignored|s|initialize," (ignored), loadfactor, and any hidden stuff
        s.defaultReadObject();
        reinitialize"," (ignored), loadfactor, and any hidden stuff
        s.defaultReadObject();
        reinitialize|        s.defaultReadObject();
        reinitialize();
        if (loadFactor <= 0 || Float|initialize();
        if (loadFactor <= 0 || Float.isNaN(loadFactor))
            throw new",
565,parts,trailingParts,False,4,trailingParts|MASK|MASK|MASK,"trailingParts, startPositionUs);
    if (part != null) {
      return part.relativeStartTime","trailingParts, startPositionUs);
    if (part != null) {
      return part.relativeStartTime| [MASK]  [MASK]  [MASK]  [MASK]  [MASK] |MASK]<|endoftext|>| MASK<|endoftext|>",
566,evict,true,False,7,true|null|remove|to|action|Collection|rl," true} if this map maps one or more keys to the
     *         specified value
    "," true} if this map maps one or more keys to the
     *         specified value
    | != null && size > 0) {
            for (Node<K,V> e : tab)|.remove},
     * {@code removeAll}, {@code retainAll}, and {@code clear}
     *| to the map during iteration.
                for (Node<K,V> e : tab) {
                    for|                        action.accept(e.key);
                }
                if (modCount != mc)
                    throw new Concurrent|        Collection<V> vs = values;
        if (vs == null) {
            vs = new|rl = p.right = r.left) != null)
                    rl.parent = p;
                if ((",
567,newest,MASK,False,4,MASK|if|MASK|MASK, [MASK]<|fim_pad|><|fim_pad|><|fim_pad|><|fim_pad|><|fim_pad|><|fim_pad|><|fim_pad|><|fim_pad|><|fim_pad|><|fim_pad|><|fim_pad|><|fim_pad|><|fim_pad|><|fim_pad|><|fim_pad|><|fim_pad|><|fim_pad|>," [MASK]<|fim_pad|><|fim_pad|><|fim_pad|><|fim_pad|><|fim_pad|><|fim_pad|><|fim_pad|><|fim_pad|><|fim_pad|><|fim_pad|><|fim_pad|><|fim_pad|><|fim_pad|><|fim_pad|><|fim_pad|><|fim_pad|><|fim_pad|>|if (e.getKey().equals(""KEY"")) MASK<|fim_pad|><|fim_pad|><|fim_pad|><|fim_pad|><|fim_pad|><|fim_pad|><|fim_pad|><|fim_pad|><|fim_pad|><|fim_pad|>|[MASK]<|fim_pad|><|fim_pad|><|fim_pad|><|fim_pad|><|fim_pad|><|fim_pad|><|fim_pad|><|fim_pad|><|fim_pad|><|fim_pad|><|fim_pad|><|fim_pad|><|fim_pad|><|fim_pad|><|fim_pad|><|fim_pad|><|fim_pad|>| MASK<|fim_pad|><|fim_pad|><|fim_pad|><|fim_pad|><|fim_pad|><|fim_pad|><|fim_pad|><|fim_pad|><|fim_pad|><|fim_pad|><|fim_pad|><|fim_pad|><|fim_pad|><|fim_pad|><|fim_pad|><|fim_pad|><|fim_pad|><|fim_pad|><|fim_pad|>",
568,fromArchive,MASK,False,2,MASK|MASK,  [MASK]<|endoftext|>,  [MASK]<|endoftext|>|  MASK<|endoftext|>,
569,repeatedValuesString,MASK,False,2,MASK|MASK,  [MASK]  <|endoftext|>,"  [MASK]  <|endoftext|>| MASK
                  <|endoftext|>",
570,indexId,indexId,True,3,indexId|indexId|indexId,indexId <|endoftext|>,"indexId <|endoftext|>|indexId, 0)
                   <|endoftext|>|indexId<|endoftext|>",
571,start,MASK,False,4,MASK|MASK|MASK|MASK,[MASK]<|endoftext|>,[MASK]<|endoftext|>|MASK <|endoftext|>|[MASK]<|endoftext|>|MASK<|endoftext|>,
572,restRequest,MASK,False,3,MASK|MASK|MASK,  [MASK]<|endoftext|>,"  [MASK]<|endoftext|>|MASK<|endoftext|>| MASK .param(CONNECTOR_ID_PARAM),
                  MASK<|endoftext|>",
573,expected,,False,3,|MASK|MASK,            <|endoftext|>,            <|endoftext|>|   [MASK]<|endoftext|>|MASK <|endoftext|>,
574,other,MASK,False,3,MASK|MASK|MASK,[MASK] <|endoftext|>,[MASK] <|endoftext|>|[MASK]<|endoftext|>| MASK <|endoftext|>,
575,qualifiedName,MASK,False,3,MASK|MASK|MASK,[MASK] <|endoftext|>,[MASK] <|endoftext|>|MASK <|endoftext|>|MASK<|endoftext|>,
576,avgCount,MASK,False,4,MASK|MASK|MASK|MASK,[MASK]<|endoftext|>,[MASK]<|endoftext|>|[MASK]<|endoftext|>|[MASK]<|endoftext|>|MASK<|endoftext|>,
577,innerAgg,,False,2,|getAggregations, <|endoftext|>," <|endoftext|>|  .getAggregations().get(""filter_inner"")
                       <|endoftext|>",
578,buffer,MASK,False,3,MASK|MASK|MASK, [MASK] <|endoftext|>, [MASK] <|endoftext|>|MASK <|endoftext|>| MASK <|endoftext|>,
579,targetR,targetR,True,2,targetR|targetR,targetR<|endoftext|>,targetR<|endoftext|>|targetR<|endoftext|>,
580,statusPerLine,MASK,False,3,MASK|MASK|MASK,[MASK]<|endoftext|>,[MASK]<|endoftext|>|MASK<|fim_pad|><|fim_pad|><|fim_pad|><|fim_pad|><|fim_pad|><|fim_pad|><|fim_pad|><|fim_pad|><|fim_pad|><|fim_pad|><|fim_pad|><|fim_pad|><|fim_pad|><|fim_pad|><|fim_pad|><|fim_pad|><|fim_pad|><|fim_pad|><|fim_pad|>|MASK<|fim_pad|><|fim_pad|><|fim_pad|><|fim_pad|><|fim_pad|><|fim_pad|><|fim_pad|><|fim_pad|><|fim_pad|><|fim_pad|><|fim_pad|><|fim_pad|><|fim_pad|><|fim_pad|><|fim_pad|><|fim_pad|><|fim_pad|><|fim_pad|><|fim_pad|>,
581,builder,requestBuilder,False,2,requestBuilder|requestBuilder,"requestBuilder
       <|endoftext|>","requestBuilder
       <|endoftext|>|requestBuilder
            .nodeId(clusterService.localNode().getId())
            .nodeName(clusterService",
582,configLocations,location,False,2,location|location,location<|endoftext|>,location<|endoftext|>|location<|endoftext|>,
583,entries,MASK,False,34,MASK|MASK|MASK|MASK|MASK|MASK|MASK|MASK|MASK|MASK|MASK|MASK|MASK|MASK|MASK|MASK|MASK|MASK|MASK|MASK|MASK|MASK|MASK|MASK|MASK|MASK|MASK|MASK|MASK|MASK|MASK|MASK|MASK|MASK, [MASK]<|endoftext|>, [MASK]<|endoftext|>|[MASK]<|endoftext|>|[MASK]<|endoftext|>|MASK<|endoftext|>|MASK<|endoftext|>|[MASK]<|endoftext|>|MASK ]<|endoftext|>| MASK<|endoftext|>|MASK<|endoftext|>| MASK<|endoftext|>|[MASK]<|endoftext|>|MASK<|endoftext|>|[MASK]<|endoftext|>| MASK<|endoftext|>|[MASK]<|endoftext|>| MASK<|endoftext|>|MASK<|endoftext|>| MASK<|endoftext|>|[MASK]<|endoftext|>| MASK<|endoftext|>|[MASK]<|endoftext|>|MASK<|endoftext|>|[MASK]<|endoftext|>|MASK<|endoftext|>|[MASK]<|endoftext|>|MASK<|endoftext|>|[MASK]<|endoftext|>|MASK<|endoftext|>|[MASK]<|endoftext|>|MASK<|endoftext|>|[MASK]<|endoftext|>| MASK<|endoftext|>| MASK<|endoftext|>| MASK<|endoftext|>,
584,suite,MASK,False,19,MASK|suite|MASK|MASK|MASK|MASK|MASK|MASK|MASK|MASK|MASK|MASK|MASK|MASK|MASK|MASK|MASK||MASK,"[MASK]  suite
 * <|endoftext|>","[MASK]  suite
 * <|endoftext|>|suite<|endoftext|>| [MASK] <|endoftext|>|[MASK] .addTest(testsForCheckedMap());
     [MASK] .addTest(test|[MASK]<|endoftext|>|[MASK]<|endoftext|>| MASK<|endoftext|>| MASK<|endoftext|>| MASK<|endoftext|>|[MASK]<|endoftext|>|[MASK]<|endoftext|>|[MASK]<|endoftext|>|[MASK]<|endoftext|>| MASK<|endoftext|>|[MASK]<|endoftext|>|[MASK]<|endoftext|>|[MASK]<|endoftext|>|<|endoftext|>|MASK  ;
  }

  public static Test suiteForCheckedMap() {
    return new TestsFor",
585,encodedURLStr,encodedURLStr,True,8,encodedURLStr|encodedURLStr|MASK|MASK|MASK|MASK|MASK|MASK,"encodedURLStr : fullURLString
     * @param decodedBody <|endoftext|>","encodedURLStr : fullURLString
     * @param decodedBody <|endoftext|>|encodedURLStr format: protocol://username:password@host:port/path?k1=v1|[MASK]<|endoftext|>| [MASK]<|endoftext|>|MASK , pathEndIdx + 3);
        } else {
            pathEndIdx =  MASK| MASK<|endoftext|>| MASK<|endoftext|>| MASK , decodedBody, parameters);
    }

    public static URL parseEncodedStr(String  MASK ,",
586,admin,MASK,False,20,MASK|user|MASK|MASK|MASK|MASK|MASK|MASK|MASK|MASK|MASK|MASK|MASK|MASK|MASK|MASK|MASK|MASK|MASK|MASK," [MASK] SecurityConfig() {
        return  [MASK] SecurityConfig();
    }

    static"," [MASK] SecurityConfig() {
        return  [MASK] SecurityConfig();
    }

    static|user"", ""test-user-password"", keystoreLocation, keystorePassword);
    }

    static Security| [MASK] <|endoftext|>| [MASK]<|endoftext|>|[MASK] SecurityConfig()<|endoftext|>|[MASK] .sslEnabled(),
                 [MASK] .user(),
                 [MASK] .password| MASK<|endoftext|>| MASK<|endoftext|>|[MASK]<|endoftext|>|MASK<|endoftext|>|[MASK]<|endoftext|>|MASK<|endoftext|>|[MASK]<|endoftext|>| [MASK]<|endoftext|>|MASK<|endoftext|>| [MASK]<|endoftext|>|MASK<|endoftext|>|MASK<|endoftext|>|   MASK<|endoftext|>| MASK<|endoftext|>",
587,aggBuilder,MASK,False,10,MASK|MASK|MASK|MASK|MASK|MASK|MASK|MASK|MASK|MASK, [MASK]<|fim_pad|><|fim_pad|><|fim_pad|><|fim_pad|><|fim_pad|><|fim_pad|><|fim_pad|><|fim_pad|><|fim_pad|><|fim_pad|><|fim_pad|><|fim_pad|><|fim_pad|><|fim_pad|><|fim_pad|><|fim_pad|><|fim_pad|>," [MASK]<|fim_pad|><|fim_pad|><|fim_pad|><|fim_pad|><|fim_pad|><|fim_pad|><|fim_pad|><|fim_pad|><|fim_pad|><|fim_pad|><|fim_pad|><|fim_pad|><|fim_pad|><|fim_pad|><|fim_pad|><|fim_pad|><|fim_pad|>|MASK <|fim_pad|><|fim_pad|><|fim_pad|><|fim_pad|><|fim_pad|><|fim_pad|><|fim_pad|><|fim_pad|><|fim_pad|><|fim_pad|><|fim_pad|><|fim_pad|><|fim_pad|><|fim_pad|><|fim_pad|><|fim_pad|><|fim_pad|><|fim_pad|>|[MASK]<|fim_pad|><|fim_pad|><|fim_pad|><|fim_pad|><|fim_pad|><|fim_pad|><|fim_pad|><|fim_pad|><|fim_pad|><|fim_pad|><|fim_pad|><|fim_pad|><|fim_pad|><|fim_pad|><|fim_pad|><|fim_pad|><|fim_pad|>|MASK <|fim_pad|><|fim_pad|><|fim_pad|><|fim_pad|><|fim_pad|><|fim_pad|><|fim_pad|><|fim_pad|><|fim_pad|><|fim_pad|><|fim_pad|><|fim_pad|><|fim_pad|><|fim_pad|><|fim_pad|><|fim_pad|><|fim_pad|><|fim_pad|>|[MASK]<|fim_pad|><|fim_pad|><|fim_pad|><|fim_pad|><|fim_pad|><|fim_pad|><|fim_pad|><|fim_pad|><|fim_pad|><|fim_pad|><|fim_pad|><|fim_pad|><|fim_pad|><|fim_pad|><|fim_pad|><|fim_pad|><|fim_pad|>|MASK <|endoftext|>|[MASK]<|endoftext|>|MASK <|endoftext|>|MASK<|endoftext|>|MASK ,
                new TextFieldMapper.TextFieldType(TEXT_FIELD_NAME, randomBoolean(), false),
                longField",
588,constantPoolOffset,constantPoolOffset,True,3,constantPoolOffset|constantPoolOffset|constantPoolOffset,"constantPoolOffset = classReader.getItem(1) - 1;
    constantPoolCount = class","constantPoolOffset = classReader.getItem(1) - 1;
    constantPoolCount = class|constantPoolOffset <|endoftext|>|constantPoolOffset<|fim_pad|><|fim_pad|><|fim_pad|><|fim_pad|><|fim_pad|><|fim_pad|><|fim_pad|><|fim_pad|><|fim_pad|><|fim_pad|><|fim_pad|><|fim_pad|><|fim_pad|><|fim_pad|><|fim_pad|><|fim_pad|><|fim_pad|>",
589,length,MASK,False,8,MASK|MASK|MASK|MASK|MASK|MASK|MASK|MASK, [MASK]<|endoftext|>, [MASK]<|endoftext|>| [MASK]<|endoftext|>| [MASK]<|endoftext|>|[MASK]<|endoftext|>| MASK<|endoftext|>| MASK<|endoftext|>| MASK<|endoftext|>| MASK<|endoftext|>,
590,methodSpecBuilder,MASK,False,16,MASK|MASK|MASK|MASK|MASK|MASK|MASK|MASK|MASK|MASK|MASK|MASK|MASK|MASK|MASK|MASK," [MASK] 
      <|endoftext|>"," [MASK] 
      <|endoftext|>| [MASK] <|endoftext|>| [MASK]<|endoftext|>| [MASK] 
         <|endoftext|>| [MASK] 
         <|endoftext|>| [MASK]<|endoftext|>| MASK<|endoftext|>|[MASK] <|endoftext|>| MASK<|endoftext|>|[MASK] 
      <|endoftext|>|MASK<|endoftext|>| [MASK]<|endoftext|>|MASK 
          .addStatement(
              ""return "" + createNewOptionAndCall, glideOptions| MASK 
         <|endoftext|>| MASK 
        .addAnnotation(processorUtil.nonNull())
       <|endoftext|>|MASK .addAnnotation(processorUtil.nonNull())
       <|endoftext|>",
591,commits,commits,True,2,commits|commits,commits<|endoftext|>,"commits<|endoftext|>|commits.stream()
            .mapToLong(c -> Long.parseLong(c.getUserData().get(Sequence",
592,myCompressor,MASK,False,4,MASK|MASK|MASK|MASK, [MASK]<|endoftext|>, [MASK]<|endoftext|>|[MASK]<|fim_pad|><|fim_pad|><|fim_pad|><|fim_pad|><|fim_pad|><|fim_pad|><|fim_pad|><|fim_pad|><|fim_pad|><|fim_pad|><|fim_pad|><|fim_pad|><|fim_pad|><|fim_pad|><|fim_pad|><|fim_pad|><|fim_pad|>|MASK<|endoftext|>|MASK<|endoftext|>,
593,coreOptions,coreOptions,True,2,coreOptions|coreOptions,coreOptions  <|fim_pad|><|fim_pad|><|fim_pad|><|fim_pad|><|fim_pad|><|fim_pad|><|fim_pad|><|fim_pad|><|fim_pad|><|fim_pad|><|fim_pad|><|fim_pad|><|fim_pad|><|fim_pad|><|fim_pad|><|fim_pad|><|fim_pad|>,coreOptions  <|fim_pad|><|fim_pad|><|fim_pad|><|fim_pad|><|fim_pad|><|fim_pad|><|fim_pad|><|fim_pad|><|fim_pad|><|fim_pad|><|fim_pad|><|fim_pad|><|fim_pad|><|fim_pad|><|fim_pad|><|fim_pad|><|fim_pad|>|coreOptions<|endoftext|>,
594,putDataStreamRequest,MASK,False,2,MASK|MASK,  [MASK] <|endoftext|>,  [MASK] <|endoftext|>|MASK<|endoftext|>,
595,prefix,startElement,False,19,startElement|MASK|MASK|MASK|MASK|MASK|MASK|MASK|MASK|MASK|MASK|MASK|MASK|MASK|MASK|MASK|MASK|MASK|MASK,"startElement, but I don't think that's
                // needed.  If we don't","startElement, but I don't think that's
                // needed.  If we don't| [MASK]<|endoftext|>| [MASK]<|endoftext|>|[MASK]<|endoftext|>|[MASK]<|endoftext|>|[MASK]<|endoftext|>|[MASK]<|endoftext|>| MASK<|endoftext|>| MASK <|endoftext|>| [MASK]<|endoftext|>|[MASK]<|endoftext|>|MASK<|endoftext|>|MASK<|endoftext|>|[MASK] <|endoftext|>| MASK <|endoftext|>|[MASK]<|endoftext|>|MASK <|endoftext|>|MASK <|endoftext|>| MASK <|endoftext|>",
596,test_date,StringBuffer,False,2,StringBuffer|rootChineseCalendar," StringBuffer();
                dfmt.format( rootChineseCalendar, result, new FieldPosition(0) );
"," StringBuffer();
                dfmt.format( rootChineseCalendar, result, new FieldPosition(0) );
| = rootChineseCalendar.get(Calendar.MONTH) + 1;
                    int isLeapMonth = rootChinese",
597,parser,parser,True,10,parser|MASK|MASK|MASK|MASK|MASK|MASK|parser|MASK|MASK,parser<|endoftext|>,"parser<|endoftext|>|[MASK] .currentToken(), equalTo(XContentParser.Token.START_OBJECT));
        assertThat( [MASK|[MASK]<|endoftext|>|MASK<|endoftext|>|[MASK]<|endoftext|>|MASK<|endoftext|>| MASK<|endoftext|>|parser , name);
        assertThat( MASK .nextToken(), equalTo(XContentParser.Token.END_OBJECT));
|MASK .nextToken(), equalTo(XContentParser.Token.END_OBJECT));
        assertThat( MASK .nextToken|MASK .nextToken(), equalTo(XContentParser.Token.END_OBJECT));
        assertThat( MASK<|endoftext|>",
598,weekData,icuWeekData,False,3,icuWeekData|icuWeekData|icuWeekData,icuWeekData<|fim_pad|><|fim_pad|><|fim_pad|><|fim_pad|><|fim_pad|><|fim_pad|><|fim_pad|><|fim_pad|><|fim_pad|><|fim_pad|><|fim_pad|><|fim_pad|><|fim_pad|><|fim_pad|><|fim_pad|><|fim_pad|>,icuWeekData<|fim_pad|><|fim_pad|><|fim_pad|><|fim_pad|><|fim_pad|><|fim_pad|><|fim_pad|><|fim_pad|><|fim_pad|><|fim_pad|><|fim_pad|><|fim_pad|><|fim_pad|><|fim_pad|><|fim_pad|><|fim_pad|>|icuWeekData<|fim_pad|><|fim_pad|><|fim_pad|><|fim_pad|><|fim_pad|><|fim_pad|><|fim_pad|><|fim_pad|><|fim_pad|><|fim_pad|><|fim_pad|><|fim_pad|><|fim_pad|><|fim_pad|><|fim_pad|><|fim_pad|>|icuWeekData<|fim_pad|><|fim_pad|><|fim_pad|><|fim_pad|><|fim_pad|><|fim_pad|><|fim_pad|><|fim_pad|><|fim_pad|><|fim_pad|><|fim_pad|><|fim_pad|><|fim_pad|><|fim_pad|><|fim_pad|><|fim_pad|>,
599,trainedModelConfigBuilder,MASK,False,6,MASK|MASK|MASK|MASK|MASK|MASK, [MASK]<|endoftext|>," [MASK]<|endoftext|>| [MASK]<|endoftext|>|MASK
            .setModelType(TrainedModelType.fromString(packageConfig.getModelType()))
            .|[MASK]<|endoftext|>| MASK<|endoftext|>|MASK .build();

        var mockModelInferenceConfig = spy(new LearningToRankConfig(1",
600,marker,MASK,False,3,MASK|MASK|MASK,   [MASK] <|endoftext|>,   [MASK] <|endoftext|>|[MASK]<|endoftext|>|MASK<|endoftext|>,
601,secret,key,False,9,key|MASK|MASK|MASK|MASK|MASK|MASK|MASK|MASK,"key-2""));
        Assertions.assertFalse(parameters.containsKey(""prefix.key.2""));
        Assertions.assertFalse(parameters.containsKey","key-2""));
        Assertions.assertFalse(parameters.containsKey(""prefix.key.2""));
        Assertions.assertFalse(parameters.containsKey| [MASK] <|endoftext|>| [MASK] <|endoftext|>| [MASK]<|endoftext|>| MASK <|endoftext|>| MASK ;
        }

        public String getSecret() {
            return   MASK<|endoftext|>|[MASK]<|endoftext|>| MASK<|endoftext|>| MASK ;
        }

        @Parameter(key = ""key.3"", append = true)
        public",
602,options,MASK,False,6,MASK|MASK|MASK||MASK|, [MASK] <|endoftext|>, [MASK] <|endoftext|>| [MASK]<|endoftext|>| MASK<|endoftext|>|<|endoftext|>| MASK]<|endoftext|>|<|endoftext|>,
603,targetClass,MASK,False,16,MASK|MASK|MASK|MASK|MASK|MASK|MASK|MASK|MASK|MASK|MASK|MASK|MASK|MASK|MASK|MASK, [MASK] <|endoftext|>, [MASK] <|endoftext|>| [MASK] <|endoftext|>| [MASK]<|endoftext|>| MASK <|endoftext|>| MASK <|endoftext|>| [MASK]<|endoftext|>| [MASK] <|endoftext|>|[MASK]<|endoftext|>| MASK<|endoftext|>|[MASK]<|endoftext|>| MASK<|endoftext|>| MASK<|endoftext|>| MASK<|endoftext|>| [MASK]  = (this.targetObject != null ? this.targetObject.getClass() : this.| MASK <|endoftext|>| MASK <|endoftext|>,
604,exception,MASK,False,8,MASK|MASK|MASK|MASK|||Failed|exception,[MASK]<|endoftext|>,"[MASK]<|endoftext|>| MASK<|endoftext|>| [MASK]<|endoftext|>| [MASK]<|endoftext|>|<|endoftext|>|<|endoftext|>|, ""Failed to start redis server""<|endoftext|>|exception<|endoftext|>",
605,tables,MASK,False,7,MASK||MASK|MASK|MASK|MASK|MASK, [MASK]<|endoftext|>," [MASK]<|endoftext|>|<|endoftext|>|[MASK]<|endoftext|>|MASK<|endoftext|>|MASK<|endoftext|>|MASK<|endoftext|>| MASK tables
               <|endoftext|>",
606,oldIndex,MASK,False,4,MASK|MASK|MASK|MASK, [MASK]<|endoftext|>, [MASK]<|endoftext|>|MASK <|endoftext|>|MASK<|endoftext|>| MASK <|endoftext|>,
607,builder,MASK,False,18,MASK|MASK|MASK|MASK|MASK|MASK|MASK|MASK|MASK|MASK|MASK|MASK|MASK|MASK|MASK|MASK|MASK|MASK, [MASK]<|endoftext|>," [MASK]<|endoftext|>| [MASK]<|endoftext|>|[MASK]<|endoftext|>| MASK<|endoftext|>|[MASK]<|endoftext|>| [MASK]<|endoftext|>|[MASK]<|endoftext|>|[MASK] , params, ""tokenizer_types"", usedTokenizers);
        toXContentCollection(| MASK , params, ""filter_types"", usedTokenFilters);
        toXContentCollection( MASK ,| MASK , params, ""analyzer_types"", usedAnalyzers);
        toXContentCollection( MASK|MASK , params, ""built_in_char_filters"", usedBuiltInCharFilters);
        toXContent|MASK , params, ""built_in_tokenizers"", usedBuiltInTokenizers);
        toXContent| MASK , params, ""built_in_filters"", usedBuiltInTokenFilters);
        toXContentCollection| MASK<|endoftext|>| MASK .startObject(""synonyms"");
         MASK .map(usedSynonyms);
         MASK .| MASK .startObject();
        for (Map.Entry<String, SynonymsStats> entry : usedSyn|MASK .endObject();
        return  MASK ;
    }

    public static final class IndexFeatureStats| MASK<|endoftext|>",
608,response,MASK,False,8,MASK|MASK|MASK|MASK|MASK|MASK|MASK|MASK, [MASK]<|endoftext|>, [MASK]<|endoftext|>|MASK <|endoftext|>|[MASK] <|endoftext|>| [MASK]<|endoftext|>| MASK <|endoftext|>|[MASK]<|endoftext|>|[MASK]<|endoftext|>| MASK<|endoftext|>,
609,deprecationHandler,MASK,False,10,MASK|MASK|MASK|MASK|MASK|MASK|MASK|MASK|MASK|MASK, [MASK]<|endoftext|>, [MASK]<|endoftext|>| [MASK]<|endoftext|>|MASK<|endoftext|>|[MASK]<|endoftext|>|[MASK]<|endoftext|>|[MASK]<|endoftext|>| MASK<|endoftext|>|[MASK]<|endoftext|>| MASK<|endoftext|>|MASK<|endoftext|>,
610,allocation,MASK,False,8,MASK|AllocationService|AllocationService|MASK|MASK|MASK|MASK|MASK,[MASK] <|endoftext|>,"[MASK] <|endoftext|>|AllocationService;
import org.elasticsearch.cluster.routing. [MASK]<|endoftext|>|AllocationService<|endoftext|>| [MASK] <|endoftext|>| [MASK]<|endoftext|>|MASK<|endoftext|>| MASK
           <|endoftext|>|MASK<|endoftext|>",
611,newFinalizeContext,finalizeSnapshotContext,False,2,finalizeSnapshotContext|finalizeSnapshotContext,"finalizeSnapshotContext
              <|fim_pad|><|fim_pad|><|fim_pad|><|fim_pad|><|fim_pad|><|fim_pad|><|fim_pad|><|fim_pad|><|fim_pad|><|fim_pad|><|fim_pad|><|fim_pad|><|fim_pad|><|fim_pad|><|fim_pad|>","finalizeSnapshotContext
              <|fim_pad|><|fim_pad|><|fim_pad|><|fim_pad|><|fim_pad|><|fim_pad|><|fim_pad|><|fim_pad|><|fim_pad|><|fim_pad|><|fim_pad|><|fim_pad|><|fim_pad|><|fim_pad|><|fim_pad|>|finalizeSnapshotContext );
        }
    }

    /**
     * Helper class to run code after snapshot finalize",
612,upstream,MASK,False,4,MASK|MASK|MASK|MASK,[MASK]<|endoftext|>,"[MASK]<|endoftext|>|[MASK]<|endoftext|>|MASK<|endoftext|>|MASK
               <|endoftext|>",
613,storedFields,MASK,False,2,MASK|MASK,  [MASK]<|endoftext|>,  [MASK]<|endoftext|>|MASK<|endoftext|>,
614,description,description,True,2,description|description,"description
       <|endoftext|>","description
       <|endoftext|>|description<|endoftext|>",
615,invocation,InvocationInfo,False,4,InvocationInfo|internal|MASK|MASK,"InvocationInfo;
import org.mockito.internal.  [MASK]<|endoftext|>","InvocationInfo;
import org.mockito.internal.  [MASK]<|endoftext|>|internal. InvocationInfo<|endoftext|>|[MASK] <|endoftext|>|MASK <|endoftext|>",
616,factory,MASK,False,13,MASK|MASK|MASK|MASK|MASK|MASK|MASK|MASK|MASK|MASK|MASK|MASK|MASK, [MASK]<|endoftext|>," [MASK]<|endoftext|>| [MASK] <|endoftext|>|[MASK]<|endoftext|>|MASK <|endoftext|>|MASK<|endoftext|>|MASK]  = makeFactoryCapturingInjector(injector);
    var  [MASK]<|endoftext|>|MASK <|endoftext|>|MASK<|endoftext|>|MASK  =
        null;
    injector = null;
    dep = null;
    Asserts.await|MASK  =<|endoftext|>|MASK <|endoftext|>|MASK  =
        new InternalFactory<String>() {
          @Override
          public String get(Internal| MASK<|endoftext|>",
617,observer,downstream,False,2,downstream|downstream,downstream<|endoftext|>,downstream<|endoftext|>|downstream<|endoftext|>,
618,securityEnabled,expectEnabled,False,6,expectEnabled|MASK|expectEnabled|expectEnabled|expectEnabled|randomBoolean,expectEnabled<|endoftext|>,"expectEnabled<|endoftext|>| [MASK]<|endoftext|>|expectEnabled<|endoftext|>|expectEnabled<|endoftext|>|expectEnabled
          <|endoftext|>|randomBoolean()<|endoftext|>",
619,usedTokenizerTypes,usedTokenizerTypes,True,3,usedTokenizerTypes|usedTokenizerTypes|usedTokenizerTypes,usedTokenizerTypes <|endoftext|>,"usedTokenizerTypes <|endoftext|>|usedTokenizerTypes<|endoftext|>|usedTokenizerTypes.values(),
            usedTokenFilterTypes.values(),
            usedAnalyzerTypes.values(),
            used",
620,uniquePluginIds,fim_pad,False,2,fim_pad|fim_pad, <|fim_pad|><|fim_pad|><|fim_pad|><|fim_pad|><|fim_pad|><|fim_pad|><|fim_pad|><|fim_pad|><|fim_pad|><|fim_pad|><|fim_pad|><|fim_pad|><|fim_pad|><|fim_pad|><|fim_pad|><|fim_pad|><|fim_pad|><|fim_pad|><|fim_pad|>, <|fim_pad|><|fim_pad|><|fim_pad|><|fim_pad|><|fim_pad|><|fim_pad|><|fim_pad|><|fim_pad|><|fim_pad|><|fim_pad|><|fim_pad|><|fim_pad|><|fim_pad|><|fim_pad|><|fim_pad|><|fim_pad|><|fim_pad|><|fim_pad|><|fim_pad|>|fim_pad<|fim_pad|><|fim_pad|><|fim_pad|><|fim_pad|><|fim_pad|><|fim_pad|><|fim_pad|><|fim_pad|><|fim_pad|><|fim_pad|><|fim_pad|><|fim_pad|><|fim_pad|><|fim_pad|><|fim_pad|><|fim_pad|><|fim_pad|>,
621,sourceFilePath,MASK,False,7,MASK|MASK|MASK|MASK|MASK|MASK|MASK,[MASK]<|endoftext|>,"[MASK]<|endoftext|>| [MASK]<|endoftext|>|MASK <|endoftext|>|MASK<|endoftext|>| MASK] .startsWith(cwdPath)) {
      return  MASK String;
    }

    Path |MASK<|endoftext|>|MASK<|endoftext|>",
622,suite,suite,True,7,suite|suite|MASK|MASK|MASK|MASK|MASK,"suite builder
  @GwtIncompatible // suite() method wants to create suite with all tests","suite builder
  @GwtIncompatible // suite() method wants to create suite with all tests|suite<|endoftext|>| [MASK] <|endoftext|>| [MASK]<|endoftext|>|[MASK] .addTest(
        CollectionTestSuiteBuilder.using(
                new TestStringCollection|MASK<|endoftext|>|MASK <|endoftext|>",
623,newPreFilterQueryBuilders,preFilterQueryBuilders,False,2,preFilterQueryBuilders|preFilterQueryBuilders,"preFilterQueryBuilders,
        int rankWindowSize,
        Float minScore,
        boolean failuresAllowed,
","preFilterQueryBuilders,
        int rankWindowSize,
        Float minScore,
        boolean failuresAllowed,
|preFilterQueryBuilders<|endoftext|>",
624,localDataStream,MASK,False,6,MASK|MASK|MASK|MASK|MASK|MASK,[MASK] <|fim_pad|><|fim_pad|><|fim_pad|><|fim_pad|><|fim_pad|><|fim_pad|><|fim_pad|><|fim_pad|><|fim_pad|><|fim_pad|><|fim_pad|><|fim_pad|><|fim_pad|><|fim_pad|><|fim_pad|><|fim_pad|>,"[MASK] <|fim_pad|><|fim_pad|><|fim_pad|><|fim_pad|><|fim_pad|><|fim_pad|><|fim_pad|><|fim_pad|><|fim_pad|><|fim_pad|><|fim_pad|><|fim_pad|><|fim_pad|><|fim_pad|><|fim_pad|><|fim_pad|>|MASK<|fim_pad|><|fim_pad|><|fim_pad|><|fim_pad|><|fim_pad|><|fim_pad|><|fim_pad|><|fim_pad|><|fim_pad|><|fim_pad|><|fim_pad|><|fim_pad|><|fim_pad|><|fim_pad|><|fim_pad|><|fim_pad|><|fim_pad|><|fim_pad|><|fim_pad|>|MASK<|fim_pad|><|fim_pad|><|fim_pad|><|fim_pad|><|fim_pad|><|fim_pad|><|fim_pad|><|fim_pad|><|fim_pad|><|fim_pad|><|fim_pad|><|fim_pad|><|fim_pad|><|fim_pad|><|fim_pad|><|fim_pad|><|fim_pad|><|fim_pad|><|fim_pad|>|MASK<|endoftext|>|MASK  = (String) testClusterInfo.get(""local.datastream"");
        String<|endoftext|>|MASK ,
                REMOTE_CLUSTER_1 + "":"" + remoteDataStream1Alias,
                REMOTE_CLUSTER",
625,contextBuilders,MASK,False,5,MASK|MASK|MASK|MASK|MASK, [MASK]<|endoftext|>, [MASK]<|endoftext|>| [MASK] <|endoftext|>|[MASK]<|endoftext|>| MASK<|endoftext|>|MASK<|endoftext|>,
626,length,MASK,False,48,MASK|MASK|MASK|MASK|MASK|MASK|MASK|MASK|MASK|MASK|MASK|MASK|MASK|MASK|MASK|MASK|MASK|MASK|MASK|fim_pad|file_sep|MASK|MASK|MASK|MASK|MASK|MASK|MASK|MASK|MASK|MASK|MASK|MASK|MASK|MASK|MASK|MASK|MASK|MASK|MASK|MASK|MASK|MASK|MASK|MASK|MASK|MASK|file_sep, [MASK]<|fim_pad|><|fim_pad|><|fim_pad|><|fim_pad|><|fim_pad|><|fim_pad|><|fim_pad|><|fim_pad|><|fim_pad|><|fim_pad|><|fim_pad|><|fim_pad|><|fim_pad|><|fim_pad|><|fim_pad|><|fim_pad|><|fim_pad|>," [MASK]<|fim_pad|><|fim_pad|><|fim_pad|><|fim_pad|><|fim_pad|><|fim_pad|><|fim_pad|><|fim_pad|><|fim_pad|><|fim_pad|><|fim_pad|><|fim_pad|><|fim_pad|><|fim_pad|><|fim_pad|><|fim_pad|><|fim_pad|>| [MASK]<|endoftext|>| [MASK]<|fim_pad|><|fim_pad|><|fim_pad|><|fim_pad|><|fim_pad|><|fim_pad|><|fim_pad|><|fim_pad|><|fim_pad|><|fim_pad|><|fim_pad|><|fim_pad|><|fim_pad|><|fim_pad|><|fim_pad|><|fim_pad|><|fim_pad|>| [MASK]<|fim_pad|><|fim_pad|><|fim_pad|><|fim_pad|><|fim_pad|><|fim_pad|><|fim_pad|><|fim_pad|><|fim_pad|><|fim_pad|><|fim_pad|><|fim_pad|><|fim_pad|><|fim_pad|><|fim_pad|><|fim_pad|><|fim_pad|>| MASK<|fim_pad|><|fim_pad|><|fim_pad|><|fim_pad|><|fim_pad|><|fim_pad|><|fim_pad|><|fim_pad|><|fim_pad|><|fim_pad|><|fim_pad|><|fim_pad|><|fim_pad|><|fim_pad|><|fim_pad|><|fim_pad|><|fim_pad|><|fim_pad|><|fim_pad|>| MASK<|fim_pad|><|fim_pad|><|fim_pad|><|fim_pad|><|fim_pad|><|fim_pad|><|fim_pad|><|fim_pad|><|fim_pad|><|fim_pad|><|fim_pad|><|fim_pad|><|fim_pad|><|fim_pad|><|fim_pad|><|fim_pad|><|fim_pad|><|fim_pad|><|fim_pad|>|MASK<|fim_pad|><|fim_pad|><|fim_pad|><|fim_pad|><|fim_pad|><|fim_pad|><|fim_pad|><|fim_pad|><|fim_pad|><|fim_pad|><|fim_pad|><|fim_pad|><|fim_pad|><|fim_pad|><|fim_pad|><|fim_pad|><|fim_pad|><|fim_pad|><|fim_pad|>|[MASK]<|fim_pad|><|fim_pad|><|fim_pad|><|fim_pad|><|fim_pad|><|fim_pad|><|fim_pad|><|fim_pad|><|fim_pad|><|fim_pad|><|fim_pad|><|fim_pad|><|fim_pad|><|fim_pad|><|fim_pad|><|fim_pad|><|fim_pad|>| MASK<|endoftext|>| MASK<|fim_pad|><|fim_pad|><|fim_pad|><|fim_pad|><|fim_pad|><|fim_pad|><|fim_pad|><|fim_pad|><|fim_pad|><|fim_pad|><|fim_pad|><|fim_pad|><|fim_pad|><|fim_pad|><|fim_pad|><|fim_pad|><|fim_pad|><|fim_pad|><|fim_pad|>| MASK<|fim_pad|><|fim_pad|><|fim_pad|><|fim_pad|><|fim_pad|><|fim_pad|><|fim_pad|><|fim_pad|><|fim_pad|><|fim_pad|><|fim_pad|><|fim_pad|><|fim_pad|><|fim_pad|><|fim_pad|><|fim_pad|><|fim_pad|><|fim_pad|><|fim_pad|>| [MASK]<|fim_pad|><|fim_pad|><|fim_pad|><|fim_pad|><|fim_pad|><|fim_pad|><|fim_pad|><|fim_pad|><|fim_pad|><|fim_pad|><|fim_pad|><|fim_pad|><|fim_pad|><|fim_pad|><|fim_pad|><|fim_pad|><|fim_pad|>|MASK<|fim_pad|><|fim_pad|><|fim_pad|><|fim_pad|><|fim_pad|><|fim_pad|><|fim_pad|><|fim_pad|><|fim_pad|><|fim_pad|><|fim_pad|><|fim_pad|><|fim_pad|><|fim_pad|><|fim_pad|><|fim_pad|><|fim_pad|><|fim_pad|><|fim_pad|>| [MASK]<|fim_pad|><|fim_pad|><|fim_pad|><|fim_pad|><|fim_pad|><|fim_pad|><|fim_pad|><|fim_pad|><|fim_pad|><|fim_pad|><|fim_pad|><|fim_pad|><|fim_pad|><|fim_pad|><|fim_pad|><|fim_pad|><|fim_pad|>| MASK <|endoftext|>|MASK<|endoftext|>| MASK<|fim_pad|><|fim_pad|><|fim_pad|><|fim_pad|><|fim_pad|><|fim_pad|><|fim_pad|><|fim_pad|><|fim_pad|><|fim_pad|><|fim_pad|><|fim_pad|><|fim_pad|><|fim_pad|><|fim_pad|><|fim_pad|><|fim_pad|><|fim_pad|><|fim_pad|>|MASK<|endoftext|>| [MASK]  of at least {@code minLength},
   * it is returned directly. Otherwise,|<|fim_pad|><|fim_pad|><|fim_pad|><|fim_pad|><|fim_pad|><|fim_pad|><|fim_pad|><|fim_pad|><|fim_pad|><|fim_pad|><|fim_pad|><|fim_pad|><|fim_pad|><|fim_pad|><|fim_pad|><|fim_pad|><|fim_pad|><|fim_pad|><|fim_pad|><|fim_pad|>|<|file_sep|><|fim_prefix|>/guava/src/com/google/common/collect/ImmutableSortedSet.java
/*
 * Copyright| MASK  < minLength) ? Arrays.copyOf(array, minLength + padding) : array;
  }

 | [MASK]<|fim_pad|><|fim_pad|><|fim_pad|><|fim_pad|><|fim_pad|><|fim_pad|><|fim_pad|><|fim_pad|><|fim_pad|><|fim_pad|><|fim_pad|><|fim_pad|><|fim_pad|><|fim_pad|><|fim_pad|><|fim_pad|><|fim_pad|>| MASK  * 12); // branching to avoid overflow
    builder.append(array[0]);
| MASK<|endoftext|>| [MASK]<|fim_pad|><|fim_pad|><|fim_pad|><|fim_pad|><|fim_pad|><|fim_pad|><|fim_pad|><|fim_pad|><|fim_pad|><|fim_pad|><|fim_pad|><|fim_pad|><|fim_pad|><|fim_pad|><|fim_pad|><|fim_pad|><|fim_pad|>|MASK<|endoftext|>|MASK<|endoftext|>|MASK<|endoftext|>| MASK<|endoftext|>|MASK <|endoftext|>| MASK<|endoftext|>|[MASK]<|endoftext|>|MASK<|endoftext|>|MASK }<|endoftext|>|MASK<|endoftext|>|MASK<|endoftext|>|MASK<|endoftext|>| [MASK]  == 0 || distance %  [MASK]  == 0) {
|MASK  = toIndex - fromIndex;
    if ( [MASK]  <= 1)|MASK ] = (-distance mod (toIndex - fromIndex) mod   MASK ] = (-distance| MASK  + 1. This is the
    // number of places each element must be moved|MASK <|endoftext|>|MASK<|endoftext|>| MASK<|endoftext|>|MASK <|fim_middle|>MASK  == 0) {
      return Collections.emptyList();
    }
    return new|MASK <|fim_middle|>MASK <|fim_middle|>MASK  - 1);
    }

    DoubleArrayAsList(double|file_sep  or length
   *   <|file_sep|><|fim_prefix|>/src/main/java/com/google/common/collect/",
627,location,MASK,False,10,MASK|MASK|MASK|MASK|MASK|MASK|MASK|MASK|MASK|MASK,"[MASK] , int count, boolean transpose, FloatBuffer value);

	public native void glUniformMatrix3","[MASK] , int count, boolean transpose, FloatBuffer value);

	public native void glUniformMatrix3|[MASK]<|endoftext|>|[MASK] , int count, boolean transpose, FloatBuffer value);

	public native void glUniformMatrix4|[MASK] , int count, boolean transpose, FloatBuffer value);

	public native void glUniformMatrix3|[MASK]<|endoftext|>|MASK<|endoftext|>|[MASK] , IntBuffer params);

	public native void glGetUniformuiv (int program, int|[MASK] , int count, IntBuffer value);

	public native void glUniform2uiv (int|[MASK]<|endoftext|>|MASK , int count, IntBuffer value);

	public native void glUniformMatrix4x3fv (int",
628,warningMessage,expectedWarningMessage,False,3,expectedWarningMessage|expectedWarningMessage|expectedWarningMessage,expectedWarningMessage<|endoftext|>,"expectedWarningMessage<|endoftext|>|expectedWarningMessage<|endoftext|>|expectedWarningMessage );
    }

    public void testVerifyMlNodesAndModelArchitectures_G",
629,oauthVerifier,MASK,False,2,MASK|MASK,[MASK] <|endoftext|>,[MASK] <|endoftext|>|MASK <|endoftext|>,
630,fieldNumber,MASK,False,3,MASK|MASK|MASK,[MASK]<|endoftext|>,[MASK]<|endoftext|>|[MASK]<|endoftext|>| MASK<|endoftext|>,
631,serializer,MASK,False,10,MASK|MASK|MASK|MASK|MASK|MASK|MASK|MASK||,[MASK]<|endoftext|>,[MASK]<|endoftext|>|[MASK]<|endoftext|>|[MASK]<|endoftext|>|MASK<|endoftext|>| [MASK]<|endoftext|>| [MASK]<|endoftext|>|MASK<|endoftext|>|[MASK]<|endoftext|>|<|endoftext|>|<|endoftext|>,
632,endIndex,endIndex,True,2,endIndex|endIndex,endIndex <|endoftext|>,endIndex <|endoftext|>|endIndex <|endoftext|>,
633,version,[,False,3,[|dataVersion|,  [<|endoftext|>,"  [<|endoftext|>|dataVersion[0]==1 && dataVersion[1]==0 &&
                    dataVersion[2]==| <|endoftext|>",
634,response,MASK,False,8,MASK|MASK|MASK|MASK|MASK|MASK|MASK|MASK, [MASK]<|endoftext|>," [MASK]<|endoftext|>| [MASK]<|endoftext|>|[MASK]<|endoftext|>| MASK<|endoftext|>|MASK<|endoftext|>|MASK<|endoftext|>| MASK
                .setHeader(""Content-Type"", ""application/json"")
                .setHeader(""Access|MASK<|endoftext|>",
635,rootDir,MASK,False,2,MASK|MASK,  [MASK] <|endoftext|>,"  [MASK] <|endoftext|>|MASK
                       <|endoftext|>",
636,proxy,,False,10,||MASK||MASK|MASK|MASK|getInputStream|MASK|MASK,<|endoftext|>,"<|endoftext|>|<|endoftext|>| [MASK]  =   ;
    }

    @Override
    public void close() throws IOException|<|endoftext|>| [MASK]<|fim_pad|><|fim_pad|><|fim_pad|><|fim_pad|><|fim_pad|><|fim_pad|><|fim_pad|><|fim_pad|><|fim_pad|><|fim_pad|><|fim_pad|><|fim_pad|><|fim_pad|><|fim_pad|><|fim_pad|><|fim_pad|><|fim_pad|>|MASK <|fim_pad|><|fim_pad|><|fim_pad|><|fim_pad|><|fim_pad|><|fim_pad|><|fim_pad|><|fim_pad|><|fim_pad|><|fim_pad|><|fim_pad|><|fim_pad|><|fim_pad|><|fim_pad|><|fim_pad|><|fim_pad|><|fim_pad|><|fim_pad|>|MASK<|fim_pad|><|fim_pad|><|fim_pad|><|fim_pad|><|fim_pad|><|fim_pad|><|fim_pad|><|fim_pad|><|fim_pad|><|fim_pad|><|fim_pad|><|fim_pad|><|fim_pad|><|fim_pad|><|fim_pad|><|fim_pad|><|fim_pad|><|fim_pad|><|fim_pad|>|).getInputStream();
    }

    @SuppressForbidden(reason = ""URL#openConnection"")
    private|MASK  == null
            ? (HttpURLConnection) checksumUrl.openConnection()
            : (HttpURLConnection|MASK );
        connection.setRequestMethod(""HEAD"");
        connection.connect();
        terminal.println(
            VERBOSE,
",
637,webServer,MASK,False,3,MASK|MASK|MASK, [MASK] <|endoftext|>," [MASK] <|endoftext|>|MASK <|endoftext|>| MASK
			.getPort();
		return WebTestClient.bindToServer()
			.baseUrl(""http",
638,idleHttpConnectionTimeout,MASK,False,5,MASK|MASK|MASK|MASK|MASK, [MASK]<|endoftext|>," [MASK]<|endoftext|>| [MASK] <|endoftext|>| MASK <|endoftext|>| MASK  =  MASK ;
		}

	}

	public static class Ssl {

		/**
| MASK<|endoftext|>",
639,attrs,attrs,True,1,attrs,attrs<|endoftext|>,attrs<|endoftext|>,
640,elapsedRealtimeUs,MASK,False,2,MASK|elapsedRealtimeUs,  [MASK] The current value of {@link android.os.SystemClock#elapsedRealtime()} in,"  [MASK] The current value of {@link android.os.SystemClock#elapsedRealtime()} in|elapsedRealtimeUs
 <|endoftext|>",
641,targetOffsetUs,MASK,False,6,MASK|MASK|MASK|MASK|MASK|MASK," [MASK]  = 0;
    // Select start offset only if the playlist has a start"," [MASK]  = 0;
    // Select start offset only if the playlist has a start| [MASK]<|endoftext|>| [MASK]<|endoftext|>| MASK<|endoftext|>| MASK<|endoftext|>| MASK
        + liveEdgeOffsetUs
        - Util.constrainValue(
            playlist.durationUs",
642,metaAnnotations,MASK,False,2,MASK|MASK,  [MASK] <|endoftext|>,  [MASK] <|endoftext|>|MASK <|endoftext|>,
643,header,MASK,False,11,MASK|MASK|MASK|MASK|MASK|MASK|MASK|MASK|MASK|MASK|MASK,[MASK]<|endoftext|>,"[MASK]<|endoftext|>| [MASK]<|endoftext|>| [MASK]<|endoftext|>| [MASK] <|endoftext|>| MASK s.add( [MASK] );
            builder.addHeader( [MASK] .getName(), |MASK <|endoftext|>| MASK .getName(),  MASK .getValue());
        }
        RequestOptions options = builder.build();
        assertEquals| MASK .getValue());
        }
        RequestOptions options = builder.build();
        assertEquals( [MASK] s| MASK<|endoftext|>| [MASK]<|endoftext|>|MASK<|endoftext|>",
644,timeout,MASK,False,4,MASK|MASK|MASK|MASK,[MASK]<|endoftext|>,[MASK]<|endoftext|>|[MASK]<|endoftext|>|MASK<|endoftext|>| MASK <|endoftext|>,
645,formatter,MASK,False,3,MASK|MASK|MASK, [MASK]<|endoftext|>, [MASK]<|endoftext|>| [MASK]<|endoftext|>| MASK <|endoftext|>,
646,instanceMethod,MASK,False,17,MASK||MASK|MASK|MASK|MASK|MASK|MASK|MASK|MASK|MASK|MASK|MASK|MASK|MASK|MASK|MASK, [MASK]<|endoftext|>," [MASK]<|endoftext|>| <|endoftext|>| [MASK]<|endoftext|>| [MASK]<|endoftext|>| [MASK]<|endoftext|>| MASK<|endoftext|>|MASK Name.startsWith(""dont"")) {
        staticMethodName = ""no"" +  [MASK] Name| [MASK]<|endoftext|>|MASK<|endoftext|>| [MASK] );
    //noinspection ResultOfMethodCallIgnored
    Preconditions.checkNotNull(staticMethodName);
| [MASK]<|endoftext|>| MASK<|endoftext|>|[MASK] 
           <|endoftext|>|MASK<|endoftext|>| [MASK]<|endoftext|>| MASK<|endoftext|>| MASK
        .getEnclosingElement()
        .getTypeParameters();
    for (TypeParameterElement",
647,emails,MASK,False,2,MASK|MASK, [MASK]<|endoftext|>, [MASK]<|endoftext|>|MASK<|endoftext|>,
648,screenY,MASK,False,8,MASK|MASK|MASK|MASK|MASK|MASK|MASK|MASK,[MASK]<|endoftext|>,[MASK]<|endoftext|>|[MASK]<|endoftext|>|[MASK]<|endoftext|>|MASK<|endoftext|>| MASK<|endoftext|>|MASK<|endoftext|>|MASK<|endoftext|>|MASK<|endoftext|>,
649,subsetSize,MASK,False,12,MASK|MASK|MASK|MASK|MASK|MASK|MASK|MASK|MASK||MASK|));, [MASK]<|endoftext|>," [MASK]<|endoftext|>|[MASK]<|endoftext|>|[MASK]<|endoftext|>|[MASK]<|endoftext|>|[MASK]<|endoftext|>|[MASK]<|endoftext|>| MASK<|endoftext|>|[MASK] <|endoftext|>|[MASK]<|endoftext|>|<|endoftext|>|[MASK]<|endoftext|>|""));
        }
        try {
            heuristic.getScore(1, 3, 4, ",
650,params,MASK,False,7,MASK|MASK|MASK|MASK|MASK|MASK|MASK, [MASK]<|endoftext|>, [MASK]<|endoftext|>|[MASK]<|endoftext|>| [MASK]<|endoftext|>|[MASK]<|endoftext|>|[MASK]<|endoftext|>| MASK<|endoftext|>| MASK<|endoftext|>,
651,inner,MASK,False,13,MASK|MASK|MASK|MASK|MASK|MASK|MASK|MASK|MASK|MASK|MASK|MASK|MASK, [MASK]<|endoftext|>, [MASK]<|endoftext|>|[MASK]<|endoftext|>| [MASK]<|endoftext|>|[MASK]<|endoftext|>|[MASK]<|endoftext|>|MASK<|endoftext|>|[MASK]<|endoftext|>| MASK<|endoftext|>|MASK<|endoftext|>| [MASK]<|endoftext|>|MASK<|endoftext|>|[MASK]<|endoftext|>|MASK<|endoftext|>,
652,content,MASK,False,6,MASK|MASK|MASK|MASK|MASK|MASK,[MASK]<|endoftext|>,"[MASK]<|endoftext|>|[MASK]<|endoftext|>|[MASK]<|endoftext|>|MASK<|endoftext|>|MASK<|endoftext|>|MASK
           <|endoftext|>",
653,parsers,MASK,False,32,MASK|MASK|MASK|MASK|MASK|MASK|MASK|MASK|MASK|MASK|MASK|MASK|MASK|MASK|MASK|MASK|MASK|MASK|MASK|MASK|MASK|MASK|MASK|MASK|MASK|MASK|MASK|MASK|MASK|MASK|MASK|MASK, [MASK]<|endoftext|>," [MASK]<|endoftext|>| [MASK]<|endoftext|>|[MASK]<|endoftext|>|MASK<|endoftext|>|[MASK]<|endoftext|>|MASK<|endoftext|>|MASK<|endoftext|>|MASK<|endoftext|>| MASK<|endoftext|>|MASK]  that returns something other than {@link
   * ImageType#UNKNOWN}.
   *
|MASK } returns a valid
   * value, {@link ImageHeaderParser#UNKNOWN_ORIENTATION} is|[MASK]<|endoftext|>|MASK<|endoftext|>|MASK<|endoftext|>|MASK<|endoftext|>|[MASK]<|endoftext|>|MASK<|endoftext|>|[MASK]<|endoftext|>|MASK<|endoftext|>| MASK<|endoftext|>|[MASK]<|endoftext|>|[MASK]<|endoftext|>| MASK
   *  MASK
   *  MASK
   *  MASK
   * |[MASK]<|endoftext|>|MASK<|endoftext|>|[MASK]<|endoftext|>|MASK<|endoftext|>|[MASK]<|endoftext|>|MASK<|endoftext|>| MASK<|endoftext|>| MASK<|endoftext|>| MASK<|endoftext|>",
654,beans,registrationBeans,False,2,registrationBeans|registrationBeans,registrationBeans <|endoftext|>,registrationBeans <|endoftext|>|registrationBeans <|endoftext|>,
655,parameterObject,parameterObject,True,1,parameterObject,parameterObject<|endoftext|>,parameterObject<|endoftext|>,
656,environmentValue,MASK,False,2,MASK|MASK,[MASK] <|endoftext|>,[MASK] <|endoftext|>|MASK <|endoftext|>,
657,flingTime,MASK,False,18,MASK|MASK|MASK|//|MASK|MASK|MASK|MASK|MASK|MASK|) {|public|this|ScrollBars|this|this|this|this," [MASK] r = 0,  [MASK] <|fim_pad|><|fim_pad|><|fim_pad|><|fim_pad|><|fim_pad|><|fim_pad|><|fim_pad|>"," [MASK] r = 0,  [MASK] <|fim_pad|><|fim_pad|><|fim_pad|><|fim_pad|><|fim_pad|><|fim_pad|><|fim_pad|>| [MASK] ;
	private float velocityX, velocityY,  [MASK]<|fim_pad|><|fim_pad|><|fim_pad|><|fim_pad|>|MASK<|endoftext|>|//
						setScrollbarsVisible(true);
					if (fadeAlpha == 0) return false;
| [MASK]<|fim_pad|><|fim_pad|><|fim_pad|><|fim_pad|><|fim_pad|><|fim_pad|><|fim_pad|><|fim_pad|><|fim_pad|><|fim_pad|><|fim_pad|><|fim_pad|><|fim_pad|><|fim_pad|><|fim_pad|><|fim_pad|><|fim_pad|>|MASK r /  [MASK] ;
			amountX -= velocityX * alpha * delta;
| [MASK] r;
			amountX -= velocityX * alpha * delta;
			amount| [MASK]<|endoftext|>| MASK<|endoftext|>| MASK<|fim_pad|><|fim_pad|><|fim_pad|><|fim_pad|><|fim_pad|><|fim_pad|><|fim_pad|><|fim_pad|><|fim_pad|><|fim_pad|><|fim_pad|><|fim_pad|><|fim_pad|><|fim_pad|><|fim_pad|><|fim_pad|><|fim_pad|><|fim_pad|><|fim_pad|>|) {
		hScrollOnBottom = bottom;
		vScrollOnRight = right;
	}

|	public void setFadeScrollBars (boolean fadeScrollBars) {
		this.fadeScrollBars = fade|this.fadeScrollBars == fadeScrollBars) return;
		this.fadeScrollBars = fadeScrollBars|ScrollBars) return;
		this.fadeScrollBars = fadeScrollBars;
		if (fadeScroll|this  > 0;
	}

	/** Returns the amount of time in seconds that a fl|this r) {
		this. this r =  ScrollBars ;
	}

	/** For flick|this  =  this ;
	}

	/** For flick scroll, sets the amount of time in| this  ;
	}

	/** For flick scroll, sets the amount of time in seconds that a",
658,client,rest,False,3,rest|MASK|MASK,"rest.RestRequest;
import org.elasticsearch.client.internal.  [MASK] ;
import org.elasticsearch.client.internal","rest.RestRequest;
import org.elasticsearch.client.internal.  [MASK] ;
import org.elasticsearch.client.internal|[MASK]<|endoftext|>|MASK <|endoftext|>",
659,string,MASK,False,2,MASK|MASK, [MASK]<|endoftext|>," [MASK]<|endoftext|>|MASK );
        }

        return true;
    }

    /**
     * Returns true, while printing out",
660,searchResponse,MASK,False,8,MASK|MASK|MASK|MASK|MASK|MASK|MASK|MASK, [MASK]<|endoftext|>," [MASK]<|endoftext|>|[MASK]<|endoftext|>| [MASK] .getAggregations() == null
                ? null
                :   [| MASK<|endoftext|>|[MASK] <|endoftext|>|MASK<|endoftext|>|MASK .getAggregations(), context.queryContext.timeField);
        } catch (Exception e)| MASK<|endoftext|>",
661,future,MASK,False,19,MASK|MASK|Fails_ifAlreadySet|MASK|MASK|MASK|MASK|MASK|MASK|MASK|MASK|MASK|MASK|MASK|MASK|MASK|MASK|MASK|MASK, [MASK]<|endoftext|>," [MASK]<|endoftext|>|[MASK]  [MASK]  [MASK]  [MASK]  [MASK] |Fails_ifAlreadySet() {
    var  [MASK]  = new FutureValue(""key|[MASK]<|endoftext|>| [MASK] .completeWith(new Value(""value""));

    var thrown = assertThrows(IllegalStateException| MASK <|endoftext|>| MASK  was unexpectedly unset for key, look for unchecked exceptions"");
  }

  @Test
 |[MASK]<|endoftext|>|[MASK]<|endoftext|>| MASK <|endoftext|>| MASK <|endoftext|>|[MASK]<|endoftext|>|[MASK]<|endoftext|>| MASK<|endoftext|>|MASK<|endoftext|>|[MASK]<|endoftext|>| MASK <|endoftext|>| MASK .verifyComplete();
    var thrown2 = assertThrows(ExecutionException.class,  MASK ::| MASK<|endoftext|>",
662,range,MASK,False,5,MASK|MASK||startCodePoint|array,"[MASK]  run in the trie
           and the lead surrogate code points<|endoftext|>","[MASK]  run in the trie
           and the lead surrogate code points<|endoftext|>|[MASK] ;
        for(;;) {
            [MASK] =trieIterator.next();
           |<|endoftext|>|.startCodePoint);
        }

        /* add the code points from the bidi mirroring table */
       |array <|endoftext|>",
663,columnValuesSize,MASK,False,3,MASK|MASK|MASK,  [MASK] <|endoftext|>,  [MASK] <|endoftext|>|[MASK]<|endoftext|>|MASK<|endoftext|>,
664,animating,MASK,False,11,MASK|MASK|MASK|MASK|MASK|MASK|MASK|MASK|MASK|MASK|animating, [MASK]<|fim_pad|><|fim_pad|><|fim_pad|><|fim_pad|><|fim_pad|><|fim_pad|><|fim_pad|><|fim_pad|><|fim_pad|><|fim_pad|><|fim_pad|><|fim_pad|><|fim_pad|><|fim_pad|><|fim_pad|><|fim_pad|><|fim_pad|>," [MASK]<|fim_pad|><|fim_pad|><|fim_pad|><|fim_pad|><|fim_pad|><|fim_pad|><|fim_pad|><|fim_pad|><|fim_pad|><|fim_pad|><|fim_pad|><|fim_pad|><|fim_pad|><|fim_pad|><|fim_pad|><|fim_pad|><|fim_pad|>| [MASK]<|fim_pad|><|fim_pad|><|fim_pad|><|fim_pad|><|fim_pad|><|fim_pad|><|fim_pad|><|fim_pad|><|fim_pad|><|fim_pad|><|fim_pad|><|fim_pad|><|fim_pad|><|fim_pad|><|fim_pad|><|fim_pad|><|fim_pad|>|MASK<|endoftext|>| [MASK]<|fim_pad|><|fim_pad|><|fim_pad|><|fim_pad|><|fim_pad|><|fim_pad|><|fim_pad|><|fim_pad|><|fim_pad|><|fim_pad|><|fim_pad|><|fim_pad|><|fim_pad|><|fim_pad|><|fim_pad|><|fim_pad|><|fim_pad|>|MASK<|endoftext|>|[MASK]<|endoftext|>|MASK<|fim_pad|><|fim_pad|><|fim_pad|><|fim_pad|><|fim_pad|><|fim_pad|><|fim_pad|><|fim_pad|><|fim_pad|><|fim_pad|><|fim_pad|><|fim_pad|><|fim_pad|><|fim_pad|><|fim_pad|><|fim_pad|><|fim_pad|><|fim_pad|><|fim_pad|>|MASK<|endoftext|>|MASK<|fim_pad|><|fim_pad|><|fim_pad|><|fim_pad|><|fim_pad|><|fim_pad|><|fim_pad|><|fim_pad|><|fim_pad|><|fim_pad|><|fim_pad|><|fim_pad|><|fim_pad|><|fim_pad|><|fim_pad|><|fim_pad|><|fim_pad|><|fim_pad|><|fim_pad|>|MASK<|endoftext|>|animating the visual scroll position. */
	public void setVisualScroll (float pixelsX, float pixels",
665,plugin,plugins,False,3,plugins||new,"plugins
   <|endoftext|>","plugins
   <|endoftext|>| <|endoftext|>|new AnalysisPhoneticPlugin()<|endoftext|>",
666,client,rest,False,3,rest|client|client,"rest.RestRequest;
import org.elasticsearch.client.internal. [MASK] ;
import org.elasticsearch.client.internal.","rest.RestRequest;
import org.elasticsearch.client.internal. [MASK] ;
import org.elasticsearch.client.internal.|client<|endoftext|>|client<|endoftext|>",
667,buffer,MASK,False,41,MASK|MASK|MASK|MASK|MASK|MASK|MASK|MASK|MASK|MASK|MASK|MASK|MASK|MASK|MASK|MASK|MASK|MASK|MASK|MASK||MASK|MASK|MASK|MASK|MASK|MASK|MASK|MASK|MASK|MASK|MASK|MASK|MASK|MASK|MASK|MASK|MASK|MASK|MASK|MASK, [MASK]<|endoftext|>," [MASK]<|endoftext|>| [MASK] <|endoftext|>| [MASK] <|endoftext|>| [MASK] <|endoftext|>|MASK <|endoftext|>| MASK<|endoftext|>|[MASK]<|endoftext|>|[MASK]<|endoftext|>|[MASK]<|endoftext|>|MASK ]<|endoftext|>| [MASK]<|endoftext|>|[MASK]<|endoftext|>|MASK<|endoftext|>|MASK]<|endoftext|>|MASK<|endoftext|>|MASK<|endoftext|>| [MASK]<|endoftext|>|[MASK]<|endoftext|>|[MASK]<|endoftext|>|[MASK]<|endoftext|>|<|endoftext|>|[MASK]<|endoftext|>| [MASK]<|endoftext|>|[MASK]<|endoftext|>|[MASK]<|endoftext|>|[MASK]<|endoftext|>|[MASK]<|endoftext|>|MASK<|endoftext|>|[MASK]<|endoftext|>| [MASK]<|endoftext|>|[MASK]<|endoftext|>|[MASK]<|endoftext|>|[MASK] .readUnsignedShort();
        bitmapHeight =  [MASK] .readUnsignedShort|[MASK]<|endoftext|>| [MASK]<|endoftext|>|MASK<|endoftext|>|[MASK]<|endoftext|>|[MASK]<|endoftext|>| MASK<|endoftext|>|[MASK]<|endoftext|>| MASK<|endoftext|>",
668,inputsSize,MASK,False,3,MASK|MASK|MASK,[MASK]<|endoftext|>,[MASK]<|endoftext|>|[MASK] <|endoftext|>| MASK <|endoftext|>,
669,oinput,result,False,5,result|oundingMode|F_EVEN|this|behavior,""", result);

        result = decimalFormat.format(6.5);
        assertEquals(""Incorrect Rounding",""", result);

        result = decimalFormat.format(6.5);
        assertEquals(""Incorrect Rounding|oundingMode behavior: RoundingMode.HALF_EVEN"", ""-6"", result);

        result|F_EVEN"", ""0"", result);

        result = decimalFormat.format(0.5);
| this DecimalFormat and test its
        // behavior
        decimalFormat.setRoundingMode(RoundingMode|        // behavior
        decimalFormat.setRoundingMode(RoundingMode.HALF_UP);
       ",
670,rtpPayloadType,payloadType,False,2,payloadType|payloadType,payloadType   <|endoftext|>,"payloadType   <|endoftext|>|payloadType, mediaEncoding, channelCount
       <|endoftext|>",
671,quartScratch,MASK,False,2,MASK|MASK,[MASK] <|endoftext|>,[MASK] <|endoftext|>|MASK <|endoftext|>,
672,offset,first,False,6,first|nextOffset|nextOffset|MASK|MASK|MASK,"first element collected, and the highest index contains the last element collected.
     *         The next slot","first element collected, and the highest index contains the last element collected.
     *         The next slot|nextOffset<|endoftext|>|nextOffset<|endoftext|>|[MASK]<|endoftext|>|[MASK]<|endoftext|>|MASK<|endoftext|>",
673,itemIndex,MASK,False,13,MASK|MASK|MASK|MASK|MASK|fim_pad|MASK|MASK|itemOffset|MASK|MASK|MASK|MASK, [MASK]<|fim_pad|><|fim_pad|><|fim_pad|><|fim_pad|><|fim_pad|><|fim_pad|><|fim_pad|><|fim_pad|><|fim_pad|><|fim_pad|><|fim_pad|><|fim_pad|><|fim_pad|><|fim_pad|><|fim_pad|><|fim_pad|><|fim_pad|>," [MASK]<|fim_pad|><|fim_pad|><|fim_pad|><|fim_pad|><|fim_pad|><|fim_pad|><|fim_pad|><|fim_pad|><|fim_pad|><|fim_pad|><|fim_pad|><|fim_pad|><|fim_pad|><|fim_pad|><|fim_pad|><|fim_pad|><|fim_pad|>| [MASK]<|fim_pad|><|fim_pad|><|fim_pad|><|fim_pad|><|fim_pad|><|fim_pad|><|fim_pad|><|fim_pad|><|fim_pad|><|fim_pad|><|fim_pad|><|fim_pad|><|fim_pad|><|fim_pad|><|fim_pad|><|fim_pad|><|fim_pad|>|MASK <|fim_pad|><|fim_pad|><|fim_pad|><|fim_pad|><|fim_pad|><|fim_pad|><|fim_pad|><|fim_pad|><|fim_pad|><|fim_pad|><|fim_pad|><|fim_pad|><|fim_pad|><|fim_pad|><|fim_pad|><|fim_pad|><|fim_pad|><|fim_pad|>|[MASK]<|fim_pad|><|fim_pad|><|fim_pad|><|fim_pad|><|fim_pad|><|fim_pad|><|fim_pad|><|fim_pad|><|fim_pad|><|fim_pad|><|fim_pad|><|fim_pad|><|fim_pad|><|fim_pad|><|fim_pad|><|fim_pad|><|fim_pad|>|[MASK]<|fim_pad|><|fim_pad|><|fim_pad|><|fim_pad|><|fim_pad|><|fim_pad|><|fim_pad|><|fim_pad|><|fim_pad|><|fim_pad|><|fim_pad|><|fim_pad|><|fim_pad|><|fim_pad|><|fim_pad|><|fim_pad|><|fim_pad|>|<|fim_pad|><|fim_pad|><|fim_pad|><|fim_pad|><|fim_pad|><|fim_pad|><|fim_pad|><|fim_pad|><|fim_pad|><|fim_pad|><|fim_pad|><|fim_pad|><|fim_pad|><|fim_pad|><|fim_pad|><|fim_pad|><|fim_pad|><|fim_pad|><|fim_pad|><|fim_pad|>|[MASK]<|fim_pad|><|fim_pad|><|fim_pad|><|fim_pad|><|fim_pad|><|fim_pad|><|fim_pad|><|fim_pad|><|fim_pad|><|fim_pad|><|fim_pad|><|fim_pad|><|fim_pad|><|fim_pad|><|fim_pad|><|fim_pad|><|fim_pad|>|[MASK]<|fim_pad|><|fim_pad|><|fim_pad|><|fim_pad|><|fim_pad|><|fim_pad|><|fim_pad|><|fim_pad|><|fim_pad|><|fim_pad|><|fim_pad|><|fim_pad|><|fim_pad|><|fim_pad|><|fim_pad|><|fim_pad|><|fim_pad|>|itemOffset , charBuffer));
          break;
        case Symbol.CONSTANT_METHOD_HANDLE_TAG:
         |MASK<|fim_pad|><|fim_pad|><|fim_pad|><|fim_pad|><|fim_pad|><|fim_pad|><|fim_pad|><|fim_pad|><|fim_pad|><|fim_pad|><|fim_pad|><|fim_pad|><|fim_pad|><|fim_pad|><|fim_pad|><|fim_pad|><|fim_pad|><|fim_pad|><|fim_pad|>|MASK<|fim_pad|><|fim_pad|><|fim_pad|><|fim_pad|><|fim_pad|><|fim_pad|><|fim_pad|><|fim_pad|><|fim_pad|><|fim_pad|><|fim_pad|><|fim_pad|><|fim_pad|><|fim_pad|><|fim_pad|><|fim_pad|><|fim_pad|><|fim_pad|><|fim_pad|>|MASK<|fim_pad|><|fim_pad|><|fim_pad|><|fim_pad|><|fim_pad|><|fim_pad|><|fim_pad|><|fim_pad|><|fim_pad|><|fim_pad|><|fim_pad|><|fim_pad|><|fim_pad|><|fim_pad|><|fim_pad|><|fim_pad|><|fim_pad|><|fim_pad|><|fim_pad|>|MASK  += 1;
    <|fim_pad|><|fim_pad|><|fim_pad|><|fim_pad|><|fim_pad|><|fim_pad|><|fim_pad|><|fim_pad|><|fim_pad|><|fim_pad|><|fim_pad|><|fim_pad|><|fim_pad|>",
674,classLoader,classLoader,True,1,classLoader,classLoader<|endoftext|>,classLoader<|endoftext|>,
675,classLoader,MASK,False,2,MASK|MASK,  [MASK] <|endoftext|>,  [MASK] <|endoftext|>|MASK <|endoftext|>,
676,scoreDoc,MASK,False,12,MASK||MASK||s|s|MASK|s|s|MASK|s|s," [MASK]  = rankResults.getFirst();
        List<TextSimilarityRankDoc> filteredDocs ="," [MASK]  = rankResults.getFirst();
        List<TextSimilarityRankDoc> filteredDocs =|<|endoftext|>|MASK <|endoftext|>|<|endoftext|>| s[i] .score >= 0;
            if (minScore == null ||  [MASK| s<|endoftext|>|[MASK]<|endoftext|>|s .score,  s .shardIndex, inferenceId, field, chunkScorerConfig| s .shardIndex, inferenceId, field, chunkScorerConfig)
                    );
                }|[MASK]<|endoftext|>|s .doc,  s<|endoftext|>|s<|endoftext|>",
677,staplerResponse,staplerResponse,True,4,staplerResponse|staplerResponse|staplerResponse|staplerResponse,"staplerResponse
       <|endoftext|>","staplerResponse
       <|endoftext|>|staplerResponse
             [MASK]<|endoftext|>|staplerResponse<|endoftext|>|staplerResponse<|endoftext|>",
678,columnIndex,MASK,False,4,MASK|MASK|MASK|MASK,[MASK]<|endoftext|>,[MASK]<|endoftext|>|MASK<|endoftext|>|[MASK]<|endoftext|>|MASK<|endoftext|>,
679,binTools,,False,3,|fallbackExecRoot|processWrapper,<|endoftext|>,"<|endoftext|>|  fallbackExecRoot,   fallbackWorkingDir,   fallbackSandboxBase, <|endoftext|>|   /* processWrapper= */ null,
                    Mockito.mock(RuntoolsTreeUpdater.class)),
            new",
680,service,MASK,False,10,MASK|MASK|MASK|MASK|MASK|MASK|MASK|MASK|MASK|MASK,[MASK]<|endoftext|>,"[MASK]<|endoftext|>|[MASK]<|endoftext|>|MASK<|endoftext|>|[MASK]<|endoftext|>|MASK<|endoftext|>|[MASK]<|endoftext|>|MASK<|endoftext|>|MASK<|endoftext|>|MASK<|endoftext|>|MASK
                        <|endoftext|>",
681,aByte,MASK,False,12,MASK|MASK|MASK|MASK|MASK|MASK|MASK|MASK|MASK|MASK|MASK|MASK, [MASK]<|endoftext|>," [MASK]<|endoftext|>| [MASK]<|endoftext|>|[MASK] <|endoftext|>|MASK] ) & 0xFF) + "" "");
                        break;
                        
                        // handle all quote|[MASK]<|endoftext|>|[MASK]<|endoftext|>|MASK<|endoftext|>| [MASK]<|endoftext|>|[MASK] <|endoftext|>|[MASK]<|endoftext|>|MASK<|endoftext|>| MASK<|endoftext|>",
682,schemaName,schemaName,True,3,schemaName|schemaName|schemaName,schemaName<|endoftext|>,schemaName<|endoftext|>|  schemaName<|endoftext|>|schemaName.toLowerCase()<|endoftext|>,
683,secondImage,MASK,False,6,MASK|MASK|MASK|MASK|MASK|MASK, [MASK]<|endoftext|>, [MASK]<|endoftext|>|[MASK]<|endoftext|>| MASK <|endoftext|>|[MASK]<|endoftext|>|MASK <|endoftext|>|MASK<|endoftext|>,
684,describableType,MASK,False,12,MASK|MASK|MASK|MASK|MASK|MASK|MASK|MASK|MASK|MASK|MASK|MASK,[MASK]<|endoftext|>,"[MASK]<|endoftext|>|[MASK]  == ViewDescriptor.class) {
            return (DescriptorExtensionList) new ViewDescriptor|[MASK]<|endoftext|>|[MASK]<|endoftext|>|MASK<|endoftext|>|[MASK] <|endoftext|>|MASK<|endoftext|>|MASK<|endoftext|>|MASK<|endoftext|>| MASK <|endoftext|>| MASK<|endoftext|>| MASK  && d.isSubTypeOf(  MASK ) && d.isInstantiable() && d",
685,warnings,MASK,False,7,MASK|MASK|MASK|MASK|MASK|MASK|MASK, [MASK]<|endoftext|>, [MASK]<|endoftext|>| [MASK]<|endoftext|>|[MASK]<|endoftext|>| MASK <|endoftext|>|[MASK]<|endoftext|>|MASK<|endoftext|>| MASK<|endoftext|>,
686,charsetObj,MASK,False,3,MASK|MASK|MASK,  [MASK] <|endoftext|>,  [MASK] <|endoftext|>|MASK <|endoftext|>| MASK <|endoftext|>,
687,listeners,MASK,False,3,MASK|listeners|MASK,  [MASK] <|endoftext|>,"  [MASK] <|endoftext|>|  listeners  <|endoftext|>|MASK);
        }, 30L, TimeUnit.SECONDS);

        // Close the index. That should",
688,x500Principal,,False,2,|,<|endoftext|>,<|endoftext|>| <|endoftext|>,
689,samplers,MASK,False,4,MASK|MASK|MASK|MASK,"[MASK] , int offset);

	public native void glGenSamplers (int count, IntBuffer ","[MASK] , int offset);

	public native void glGenSamplers (int count, IntBuffer |[MASK]<|endoftext|>|[MASK]<|endoftext|>|MASK );

	public native void glSamplerParameteri (int sampler, int pname, int param);

	public",
690,attributes,of,False,11,of|MASK|MASK|MASK|MASK|MASK|MASK|MASK|MASK|MASK|MASK,"of attributes
 * that are
 *  [MASK]  [MASK]  [MASK]","of attributes
 * that are
 *  [MASK]  [MASK]  [MASK]| [MASK]<|endoftext|>|[MASK]<|endoftext|>|[MASK]<|endoftext|>| MASK <|endoftext|>|[MASK]<|endoftext|>|[MASK]<|endoftext|>|[MASK]<|endoftext|>| MASK<|endoftext|>| MASK<|endoftext|>| MASK<|endoftext|>",
691,element,,False,28,|MASK|MASK|MASK|MASK|MASK|MASK|MASK|MASK||MASK|MASK|MASK|MASK|MASK|MASK|MASK|MASK|MASK|MASK|MASK|MASK|MASK|MASK|MASK|MASK|MASK|MASK,"
     *  [MASK] <|endoftext|>","
     *  [MASK] <|endoftext|>| [MASK]<|endoftext|>|[MASK]<|endoftext|>|[MASK]<|endoftext|>|[MASK]<|endoftext|>| MASK , AnnotationC.class);
        assertPresent(expectedTypes.contains(AnnotationD.class),  MASK ,| MASK<|endoftext|>|[MASK]<|endoftext|>|MASK<|endoftext|>|<|endoftext|>|[MASK]<|endoftext|>|[MASK]<|endoftext|>|[MASK]<|endoftext|>|[MASK]<|endoftext|>| MASK<|endoftext|>|MASK .getDeclaredAnnotation(null);
            fail();
        } catch (NullPointerException expected) {
        }
|[MASK]<|endoftext|>|[MASK]<|endoftext|>|[MASK]<|endoftext|>|[MASK]<|endoftext|>| MASK<|endoftext|>|[MASK]<|endoftext|>|[MASK]<|endoftext|>| MASK<|endoftext|>|[MASK]<|endoftext|>|"" +  MASK  + "" isAnnotationPresent("" + annotationType + "")"",
                expected,|MASK <|endoftext|>| MASK  + "" and "" + annotationType,
                annotatedElement.isAnnotationPresent(annotationType));
   ",
692,fileInfo,MASK,False,2,MASK|fileInfo,[MASK]<|fim_pad|><|fim_pad|><|fim_pad|><|fim_pad|><|fim_pad|><|fim_pad|><|fim_pad|><|fim_pad|><|fim_pad|><|fim_pad|><|fim_pad|><|fim_pad|><|fim_pad|><|fim_pad|><|fim_pad|><|fim_pad|><|fim_pad|>,"[MASK]<|fim_pad|><|fim_pad|><|fim_pad|><|fim_pad|><|fim_pad|><|fim_pad|><|fim_pad|><|fim_pad|><|fim_pad|><|fim_pad|><|fim_pad|><|fim_pad|><|fim_pad|><|fim_pad|><|fim_pad|><|fim_pad|><|fim_pad|>|fileInfo
            );
        }
    }

    /**
     * Helper class to run code on the",
693,builder,MASK,False,19,MASK|MASK|MASK|MASK|MASK|MASK|MASK|MASK|MASK|MASK|MASK|MASK|MASK|MASK|MASK|MASK|MASK|MASK|MASK,[MASK]<|endoftext|>,[MASK]<|endoftext|>| [MASK]<|endoftext|>|MASK]<|endoftext|>|MASK <|endoftext|>|[MASK]<|endoftext|>| [MASK] <|endoftext|>| MASK<|endoftext|>| [MASK] <|endoftext|>| [MASK]<|endoftext|>|MASK<|endoftext|>|  [MASK] <|endoftext|>| [MASK]<|endoftext|>|[MASK]<|endoftext|>|[MASK]<|endoftext|>|[MASK]<|endoftext|>|MASK  [MASK]  [MASK]  [MASK]  [MASK]  [MASK|MASK<|endoftext|>| MASK <|endoftext|>| MASK<|endoftext|>,
694,model,MASK,False,8,MASK|MASK|MASK|MASK|MASK|MASK|MASK|MASK,[MASK]<|endoftext|>,"[MASK]<|endoftext|>|[MASK] <|endoftext|>|[MASK] , ""model must not be null""<|endoftext|>| MASK<|endoftext|>| MASK<|endoftext|>|MASK<|endoftext|>|[MASK]<|endoftext|>| MASK<|endoftext|>",
695,resource,resource,True,4,resource|MASK|MASK|MASK,resource  [MASK]  [MASK]  [MASK]  [MASK]  [MASK,resource  [MASK]  [MASK]  [MASK]  [MASK]  [MASK|[MASK]<|endoftext|>|MASK<|endoftext|>| MASK <|endoftext|>,
696,playlistParserFactory,MASK,False,11,MASK|MASK|MASK|MASK||MASK|MASK|;|MASK|MASK|MASK, [MASK]<|endoftext|>," [MASK]<|endoftext|>| [MASK]<|fim_pad|><|fim_pad|><|fim_pad|><|fim_pad|><|fim_pad|><|fim_pad|><|fim_pad|><|fim_pad|><|fim_pad|><|fim_pad|><|fim_pad|><|fim_pad|><|fim_pad|><|fim_pad|><|fim_pad|><|fim_pad|><|fim_pad|>| [MASK]<|fim_pad|><|fim_pad|><|fim_pad|><|fim_pad|><|fim_pad|><|fim_pad|><|fim_pad|><|fim_pad|><|fim_pad|><|fim_pad|><|fim_pad|><|fim_pad|><|fim_pad|><|fim_pad|><|fim_pad|><|fim_pad|><|fim_pad|>| [MASK]<|endoftext|>|<|endoftext|>|MASK<|endoftext|>|MASK  =
          useSessionKeys
              ? new FilteringHlsPlaylistParserFactory( [MASK|;
      List<StreamKey> streamKeys = mediaItem.localConfiguration.streamKeys;
      if (!|MASK  =
             MASK  =
            new FilteringHlsPlaylistParserFactory( [MASK] ,|MASK <|endoftext|>|MASK , useSessionKeys
         <|endoftext|>",
697,isBaseSection,MASK,False,2,MASK|MASK,  [MASK] <|endoftext|>,  [MASK] <|endoftext|>|MASK <|endoftext|>,
698,setToCheck,MASK,False,2,MASK|MASK,  [MASK] <|endoftext|>,"  [MASK] <|endoftext|>|MASK
            .add(key)) {
          if (isChanged && key.functionName().getHer",
699,logger,MASK,False,17,MASK|MASK|MASK|MASK|MASK|MASK|MASK|MASK|MASK|MASK|MASK|MASK|MASK||MASK|MASK|,"[MASK]  to which log messages will be sent. This should be called before
   *","[MASK]  to which log messages will be sent. This should be called before
   *|[MASK]  to
   * avoid leaking it.<|endoftext|>|[MASK]<|endoftext|>|[MASK]  to install. Must be a  [MASK]  that is not yet started|[MASK]<|endoftext|>|MASK <|endoftext|>|[MASK]  for testing purposes only. This is used by tests that run in the
  |[MASK]  is being
   * installed. This is useful for tests that want to install|[MASK]<|endoftext|>|MASK<|endoftext|>|MASK <|endoftext|>|[MASK]<|endoftext|>|MASK<|endoftext|>|<|endoftext|>|[MASK]<|endoftext|>| MASK<|endoftext|>|<|endoftext|>",
700,moduleClasses,MASK,False,3,MASK|MASK|MASK, [MASK]<|endoftext|>, [MASK]<|endoftext|>|MASK <|endoftext|>| MASK<|endoftext|>,
701,formattedString,setLenient,False,16,setLenient|Lenient|isCalendarLenient|assertFalse|setLenient|_MATCH|assertTrue|));|fmt|fmt|PACE|after|assertTrue|ient|Lenient|ALLOW_NUMERIC," setLenient(FALSE)"", fmt.isLenient());
        assertFalse(""isCalendarLenient after setLen"," setLenient(FALSE)"", fmt.isLenient());
        assertFalse(""isCalendarLenient after setLen|Lenient(FALSE)"", fmt.isCalendarLenient());
        assertFalse(""ALLOW_WHITESPACE after setLen|.isCalendarLenient());
        assertFalse(""ALLOW_WHITESPACE after setLenient(FALSE)"", fmt.getBoolean|        assertFalse(""ALLOW_NUMERIC  after setLenient(FALSE)"", fmt.getBooleanAttribute(BooleanAttribute.PARSE_ALLOW| setLenient(FALSE)"", fmt.getBooleanAttribute(BooleanAttribute.PARSE_ALLOW_NUMERIC));

        // Set to len|_MATCH after setLenient(FALSE)"", fmt.getBooleanAttribute(BooleanAttribute.PARSE_PARTIAL_LITERAL_MATCH));
       | assertTrue(""MULTIPLE_PATTERNS after setLenient(FALSE)"", fmt.getBooleanAttribute(BooleanAttribute.PARSE|));

        // Set to lenient
        fmt.setLenient(true);

        assertTrue(""isLen| fmt.isLenient());
        assertFalse(""isCalendarLenient after ALLOW_WHITESPACE/TRUE"",| fmt.isCalendarLenient());
        assertTrue(""ALLOW_WHITESPACE after ALLOW_WHITESPACE/TRUE|PACE after ALLOW_WHITESPACE/TRUE"", fmt.getBooleanAttribute(BooleanAttribute.PARSE_ALLOW_WHITESPACE| after ALLOW_WHITESPACE/TRUE"", fmt.getBooleanAttribute(BooleanAttribute.PARSE_ALLOW_NUMERIC));
        //|        assertTrue(""isLeninent after setLenient(TRUE)"", fmt.isLenient());
        assertTrue(""|ient after setLenient(TRUE)"", fmt.isCalendarLenient());
        assertTrue(""ALLOW_WHITESPACE|Lenient(TRUE)"", fmt.getBooleanAttribute(BooleanAttribute.PARSE_ALLOW_WHITESPACE));
        assertTrue(""ALLOW|(""ALLOW_NUMERIC  after setLenient(TRUE)"", fmt.getBooleanAttribute(BooleanAttribute.PARSE_ALLOW_NUMERIC));
",
702,retrieverBuilder,MASK,False,4,MASK|List|MASK|MASK," [MASK] ,
            String inferenceId,
            String inferenceText,
            String field,
            Integer"," [MASK] ,
            String inferenceId,
            String inferenceText,
            String field,
            Integer|   List.of(RetrieverSource.from( [MASK] )),
                    inferenceId,
                    inferenceText|[MASK] <|endoftext|>|MASK<|endoftext|>",
703,update,update,True,4,update|updateRequest|updateRequest|updateRequest,update<|endoftext|>,"update<|endoftext|>|updateRequest  = actionRespond(UpdateRequest.class, null);

        final Map<String, Object>|updateRequest <|endoftext|>|updateRequest<|endoftext|>",
704,upsertMap,upsertMap,True,3,upsertMap|upsertMap|upsertMap,"upsertMap = update.upsertRequest().sourceAsMap();
        assertThat( [MASK] .","upsertMap = update.upsertRequest().sourceAsMap();
        assertThat( [MASK] .|upsertMap .get(ENABLED_FIELD), equalTo(Boolean.TRUE));
        assertThat(  upsert|upsertMap .get(User.Fields.PASSWORD.getPreferredName()), equalTo(BLANK_PASSWORD));
   ",
705,beansMap,MASK,False,3,MASK|MASK|MASK,[MASK] <|endoftext|>,[MASK] <|endoftext|>|[MASK]<|endoftext|>|MASK<|endoftext|>,
706,compositeFieldScript,MASK,False,3,MASK|MASK|MASK,  [MASK] <|endoftext|>,"  [MASK] <|endoftext|>|MASK
                           <|endoftext|>|MASK <|endoftext|>",
707,charset,MASK,False,10,MASK|MASK|MASK|MASK||MASK|MASK|MASK|MASK|MASK, [MASK]<|endoftext|>, [MASK]<|endoftext|>| MASK<|endoftext|>|[MASK]<|endoftext|>|[MASK]<|endoftext|>| <|endoftext|>| [MASK]<|endoftext|>| [MASK]<|endoftext|>| MASK<|endoftext|>| MASK<|endoftext|>|MASK<|endoftext|>,
708,indicesStr,MASK,False,2,MASK|MASK,  [MASK] <|endoftext|>,  [MASK] <|endoftext|>|MASK <|endoftext|>,
709,expressions,MASK,False,5,MASK|MASK|MASK|MASK|MASK,[MASK] <|endoftext|>,"[MASK] <|endoftext|>|[MASK]<|endoftext|>|MASK .addAll(parameters);
            for (Attribute attr : inputAttributes.get()) {
                for (Es|MASK<|endoftext|>| MASK <|endoftext|>",
710,applicationContext,MASK,False,7,MASK|MASK|MASK|MASK|MASK|MASK|MASK, [MASK]<|endoftext|>," [MASK]<|endoftext|>|[MASK] , validatedType);
		this.validatedType = validatedType;
	}

	Configuration|[MASK]<|endoftext|>| MASK<|endoftext|>|[MASK]<|endoftext|>|MASK<|endoftext|>|MASK<|endoftext|>",
711,context,MASK,False,53,MASK||MASK||MASK|||MASK|s||MASK|MASK|MASK|MASK|MASK|MASK||MASK|MASK|MASK|||MASK|||MASK|MASK|MASK|||MASK|||MASK|MASK||MASK|MASK|MASK||MASK|MASK|MASK|MASK|MASK|s||||MASK|MASK|s|MASK, [MASK]<|fim_pad|><|fim_pad|><|fim_pad|><|fim_pad|><|fim_pad|><|fim_pad|><|fim_pad|><|fim_pad|><|fim_pad|><|fim_pad|><|fim_pad|><|fim_pad|><|fim_pad|><|fim_pad|><|fim_pad|><|fim_pad|><|fim_pad|>," [MASK]<|fim_pad|><|fim_pad|><|fim_pad|><|fim_pad|><|fim_pad|><|fim_pad|><|fim_pad|><|fim_pad|><|fim_pad|><|fim_pad|><|fim_pad|><|fim_pad|><|fim_pad|><|fim_pad|><|fim_pad|><|fim_pad|><|fim_pad|>|<|endoftext|>| [MASK]<|endoftext|>|<|endoftext|>|[MASK]<|endoftext|>|<|endoftext|>|<|endoftext|>| [MASK] s != null &&  [MASK] s.length > 0) {
            to| s != null &&  <|endoftext|>|<|endoftext|>| [MASK] s into 2 distinct lists, images and links. The V2 API has separated| [MASK]<|endoftext|>| [MASK]<|endoftext|>|MASK]<|endoftext|>|[MASK]<|endoftext|>|MASK]  :  [MASK] s) {
                 [MASK] .toXContent(builder|<|endoftext|>|MASK <|endoftext|>| [MASK]<|endoftext|>| [MASK]<|endoftext|>|<|endoftext|>|<|endoftext|>|[MASK]<|endoftext|>|<|endoftext|>|<|endoftext|>| [MASK]<|endoftext|>| [MASK]<|endoftext|>|[MASK]<|endoftext|>|<|endoftext|>|<|endoftext|>|[MASK]<|endoftext|>|<|endoftext|>|<|endoftext|>|[MASK]<|endoftext|>|[MASK]  :  [MASK] s) {
                     [MASK] .toXContent|<|endoftext|>|MASK <|endoftext|>| [MASK]<|endoftext|>|  [MASK]<|endoftext|>|<|endoftext|>| [MASK]<|endoftext|>|MASK<|endoftext|>|[MASK]<|endoftext|>|MASK<|endoftext|>| [MASK]<|endoftext|>|s == null || this. [MASK]<|endoftext|>|<|endoftext|>|<|endoftext|>|<|endoftext|>|[MASK]<|endoftext|>|[MASK] s
      <|endoftext|>|s
        // and we need to keep this for BWC
        ParseField CONTEXT_DEPRECATED =| MASK s"");
        ParseField ROUTING_KEY = new ParseField(""routing_key"");
        ParseField",
712,scrollH,scrollH,True,7,scrollH|scrollH|MASK|MASK|MASK|MASK|scrollH,scrollH<|fim_pad|><|fim_pad|><|fim_pad|><|fim_pad|><|fim_pad|><|fim_pad|><|fim_pad|><|fim_pad|><|fim_pad|><|fim_pad|><|fim_pad|><|fim_pad|><|fim_pad|><|fim_pad|><|fim_pad|><|fim_pad|><|fim_pad|><|fim_pad|>,scrollH<|fim_pad|><|fim_pad|><|fim_pad|><|fim_pad|><|fim_pad|><|fim_pad|><|fim_pad|><|fim_pad|><|fim_pad|><|fim_pad|><|fim_pad|><|fim_pad|><|fim_pad|><|fim_pad|><|fim_pad|><|fim_pad|><|fim_pad|><|fim_pad|>|scrollH<|fim_pad|><|fim_pad|><|fim_pad|><|fim_pad|><|fim_pad|><|fim_pad|><|fim_pad|><|fim_pad|><|fim_pad|><|fim_pad|><|fim_pad|><|fim_pad|><|fim_pad|><|fim_pad|><|fim_pad|><|fim_pad|><|fim_pad|><|fim_pad|>| [MASK]<|fim_pad|><|fim_pad|><|fim_pad|><|fim_pad|><|fim_pad|><|fim_pad|><|fim_pad|><|fim_pad|><|fim_pad|><|fim_pad|><|fim_pad|><|fim_pad|><|fim_pad|><|fim_pad|><|fim_pad|><|fim_pad|><|fim_pad|>| [MASK]<|fim_pad|><|fim_pad|><|fim_pad|><|fim_pad|><|fim_pad|><|fim_pad|><|fim_pad|><|fim_pad|><|fim_pad|><|fim_pad|><|fim_pad|><|fim_pad|><|fim_pad|><|fim_pad|><|fim_pad|><|fim_pad|><|fim_pad|>| MASK<|fim_pad|><|fim_pad|><|fim_pad|><|fim_pad|><|fim_pad|><|fim_pad|><|fim_pad|><|fim_pad|><|fim_pad|><|fim_pad|><|fim_pad|><|fim_pad|><|fim_pad|><|fim_pad|><|fim_pad|><|fim_pad|><|fim_pad|><|fim_pad|><|fim_pad|>|MASK<|fim_pad|><|fim_pad|><|fim_pad|><|fim_pad|><|fim_pad|><|fim_pad|><|fim_pad|><|fim_pad|><|fim_pad|><|fim_pad|><|fim_pad|><|fim_pad|><|fim_pad|><|fim_pad|><|fim_pad|><|fim_pad|><|fim_pad|><|fim_pad|><|fim_pad|>|scrollH<|fim_pad|><|fim_pad|><|fim_pad|><|fim_pad|><|fim_pad|><|fim_pad|><|fim_pad|><|fim_pad|><|fim_pad|><|fim_pad|><|fim_pad|><|fim_pad|><|fim_pad|><|fim_pad|><|fim_pad|><|fim_pad|><|fim_pad|><|fim_pad|>,
713,context,MASK,False,2,MASK|context,[MASK]<|endoftext|>,"[MASK]<|endoftext|>|context
           <|endoftext|>",
714,registered,MASK,False,7,MASK|MASK|snapshot|MASK|MASK|MASK|MASK, [MASK]<|fim_pad|><|fim_pad|><|fim_pad|><|fim_pad|><|fim_pad|><|fim_pad|><|fim_pad|><|fim_pad|><|fim_pad|><|fim_pad|><|fim_pad|><|fim_pad|><|fim_pad|><|fim_pad|><|fim_pad|><|fim_pad|><|fim_pad|>," [MASK]<|fim_pad|><|fim_pad|><|fim_pad|><|fim_pad|><|fim_pad|><|fim_pad|><|fim_pad|><|fim_pad|><|fim_pad|><|fim_pad|><|fim_pad|><|fim_pad|><|fim_pad|><|fim_pad|><|fim_pad|><|fim_pad|><|fim_pad|>|  [MASK]<|fim_pad|><|fim_pad|><|fim_pad|><|fim_pad|><|fim_pad|><|fim_pad|><|fim_pad|><|fim_pad|><|fim_pad|><|fim_pad|><|fim_pad|><|fim_pad|><|fim_pad|><|fim_pad|><|fim_pad|><|fim_pad|>|snapshot is added to invocationsSinceLastSuccess and
     *  [MASK]<|fim_pad|><|fim_pad|><|fim_pad|>|[MASK] Runs from failure is added to invocationsSinceLastSuccess.
     */
    public void|MASK  snapshot from failure is added to invocationsSinceLastSuccess.
     */
    public void test|  [MASK] <|endoftext|>| MASK  == null ? List.of() :   MASK <|endoftext|>",
715,start,MASK,False,2,MASK|MASK,  [MASK] <|endoftext|>,  [MASK] <|endoftext|>|MASK <|endoftext|>,
716,className,className,True,2,className|className,className<|endoftext|>,className<|endoftext|>|className <|endoftext|>,
717,httpClient,MASK,False,4,MASK|MASK|MASK|MASK,"[MASK] (HttpClientConfig  [MASK] Config);

    @Override
    ServiceBuilderOAuth","[MASK] (HttpClientConfig  [MASK] Config);

    @Override
    ServiceBuilderOAuth|[MASK] );

    @Override
    ServiceBuilderOAuth10a  MASK (HttpClientConfig| MASK HttpClient<|endoftext|>|MASK<|endoftext|>",
718,delta,MASK,False,31,MASK|MASK|MASK|MASK|MASK|MASK|MASK|MASK|MASK|MASK|MASK|MASK|MASK|MASK|MASK|MASK|MASK|MASK|MASK|MASK|MASK|MASK|MASK|MASK|MASK|MASK|MASK|MASK|MASK|MASK|MASK,[MASK]<|fim_pad|><|fim_pad|><|fim_pad|><|fim_pad|><|fim_pad|><|fim_pad|><|fim_pad|><|fim_pad|><|fim_pad|><|fim_pad|><|fim_pad|><|fim_pad|><|fim_pad|><|fim_pad|><|fim_pad|><|fim_pad|><|fim_pad|>,"[MASK]<|fim_pad|><|fim_pad|><|fim_pad|><|fim_pad|><|fim_pad|><|fim_pad|><|fim_pad|><|fim_pad|><|fim_pad|><|fim_pad|><|fim_pad|><|fim_pad|><|fim_pad|><|fim_pad|><|fim_pad|><|fim_pad|><|fim_pad|>| [MASK]<|fim_pad|><|fim_pad|><|fim_pad|><|fim_pad|><|fim_pad|><|fim_pad|><|fim_pad|><|fim_pad|><|fim_pad|><|fim_pad|><|fim_pad|><|fim_pad|><|fim_pad|><|fim_pad|><|fim_pad|><|fim_pad|><|fim_pad|>|MASK<|fim_pad|><|fim_pad|><|fim_pad|><|fim_pad|><|fim_pad|><|fim_pad|><|fim_pad|><|fim_pad|><|fim_pad|><|fim_pad|><|fim_pad|><|fim_pad|><|fim_pad|><|fim_pad|><|fim_pad|><|fim_pad|><|fim_pad|><|fim_pad|><|fim_pad|>|MASK<|fim_pad|><|fim_pad|><|fim_pad|><|fim_pad|><|fim_pad|><|fim_pad|><|fim_pad|><|fim_pad|><|fim_pad|><|fim_pad|><|fim_pad|><|fim_pad|><|fim_pad|><|fim_pad|><|fim_pad|><|fim_pad|><|fim_pad|><|fim_pad|><|fim_pad|>|MASK]<|fim_pad|><|fim_pad|><|fim_pad|><|fim_pad|><|fim_pad|><|fim_pad|><|fim_pad|><|fim_pad|><|fim_pad|><|fim_pad|><|fim_pad|><|fim_pad|><|fim_pad|><|fim_pad|><|fim_pad|><|fim_pad|><|fim_pad|><|fim_pad|>|MASK<|endoftext|>| [MASK]<|fim_pad|><|fim_pad|><|fim_pad|><|fim_pad|><|fim_pad|><|fim_pad|><|fim_pad|><|fim_pad|><|fim_pad|><|fim_pad|><|fim_pad|><|fim_pad|><|fim_pad|><|fim_pad|><|fim_pad|><|fim_pad|><|fim_pad|>|MASK<|fim_pad|><|fim_pad|><|fim_pad|><|fim_pad|><|fim_pad|><|fim_pad|><|fim_pad|><|fim_pad|><|fim_pad|><|fim_pad|><|fim_pad|><|fim_pad|><|fim_pad|><|fim_pad|><|fim_pad|><|fim_pad|><|fim_pad|><|fim_pad|><|fim_pad|>|[MASK]<|fim_pad|><|fim_pad|><|fim_pad|><|fim_pad|><|fim_pad|><|fim_pad|><|fim_pad|><|fim_pad|><|fim_pad|><|fim_pad|><|fim_pad|><|fim_pad|><|fim_pad|><|fim_pad|><|fim_pad|><|fim_pad|><|fim_pad|>|MASK<|fim_pad|><|fim_pad|><|fim_pad|><|fim_pad|><|fim_pad|><|fim_pad|><|fim_pad|><|fim_pad|><|fim_pad|><|fim_pad|><|fim_pad|><|fim_pad|><|fim_pad|><|fim_pad|><|fim_pad|><|fim_pad|><|fim_pad|><|fim_pad|><|fim_pad|>|[MASK]<|endoftext|>|MASK<|endoftext|>|MASK<|endoftext|>| MASK<|endoftext|>|MASK<|endoftext|>| MASK / fadeAlphaSeconds);
			animating = true;
		} else {
			fade|[MASK]<|fim_pad|><|fim_pad|><|fim_pad|><|fim_pad|><|fim_pad|><|fim_pad|><|fim_pad|><|fim_pad|><|fim_pad|><|fim_pad|><|fim_pad|><|fim_pad|><|fim_pad|><|fim_pad|><|fim_pad|><|fim_pad|><|fim_pad|>|MASK<|fim_pad|><|fim_pad|><|fim_pad|><|fim_pad|><|fim_pad|><|fim_pad|><|fim_pad|><|fim_pad|><|fim_pad|><|fim_pad|><|fim_pad|><|fim_pad|><|fim_pad|><|fim_pad|><|fim_pad|><|fim_pad|><|fim_pad|><|fim_pad|><|fim_pad|>| MASK<|endoftext|>| [MASK]<|fim_pad|><|fim_pad|><|fim_pad|><|fim_pad|><|fim_pad|><|fim_pad|><|fim_pad|><|fim_pad|><|fim_pad|><|fim_pad|><|fim_pad|><|fim_pad|><|fim_pad|><|fim_pad|><|fim_pad|><|fim_pad|><|fim_pad|>|MASK )));
				else
					visualScrollX(Math.max(amountX, visualAmountX -|MASK<|fim_pad|><|fim_pad|><|fim_pad|><|fim_pad|><|fim_pad|><|fim_pad|><|fim_pad|><|fim_pad|><|fim_pad|><|fim_pad|><|fim_pad|><|fim_pad|><|fim_pad|><|fim_pad|><|fim_pad|><|fim_pad|><|fim_pad|><|fim_pad|><|fim_pad|>|MASK<|fim_pad|><|fim_pad|><|fim_pad|><|fim_pad|><|fim_pad|><|fim_pad|><|fim_pad|><|fim_pad|><|fim_pad|><|fim_pad|><|fim_pad|><|fim_pad|><|fim_pad|><|fim_pad|><|fim_pad|><|fim_pad|><|fim_pad|><|fim_pad|><|fim_pad|>|MASK<|fim_pad|><|fim_pad|><|fim_pad|><|fim_pad|><|fim_pad|><|fim_pad|><|fim_pad|><|fim_pad|><|fim_pad|><|fim_pad|><|fim_pad|><|fim_pad|><|fim_pad|><|fim_pad|><|fim_pad|><|fim_pad|><|fim_pad|><|fim_pad|><|fim_pad|>|MASK<|endoftext|>|MASK<|fim_pad|><|fim_pad|><|fim_pad|><|fim_pad|><|fim_pad|><|fim_pad|><|fim_pad|><|fim_pad|><|fim_pad|><|fim_pad|><|fim_pad|><|fim_pad|><|fim_pad|><|fim_pad|><|fim_pad|><|fim_pad|><|fim_pad|><|fim_pad|><|fim_pad|>|MASK<|endoftext|>|MASK]<|fim_pad|><|fim_pad|><|fim_pad|><|fim_pad|><|fim_pad|><|fim_pad|><|fim_pad|><|fim_pad|><|fim_pad|><|fim_pad|><|fim_pad|><|fim_pad|><|fim_pad|><|fim_pad|><|fim_pad|><|fim_pad|><|fim_pad|><|fim_pad|>|MASK <|fim_pad|><|fim_pad|><|fim_pad|><|fim_pad|><|fim_pad|><|fim_pad|><|fim_pad|><|fim_pad|><|fim_pad|><|fim_pad|><|fim_pad|><|fim_pad|><|fim_pad|><|fim_pad|><|fim_pad|><|fim_pad|><|fim_pad|><|fim_pad|>|MASK<|fim_pad|><|fim_pad|><|fim_pad|><|fim_pad|><|fim_pad|><|fim_pad|><|fim_pad|><|fim_pad|><|fim_pad|><|fim_pad|><|fim_pad|><|fim_pad|><|fim_pad|><|fim_pad|><|fim_pad|><|fim_pad|><|fim_pad|><|fim_pad|><|fim_pad|>|MASK<|endoftext|>",
719,executionCount,MASK,False,3,MASK|MASK|MASK, [MASK] <|endoftext|>, [MASK] <|endoftext|>|[MASK]<|endoftext|>| MASK <|endoftext|>,
720,clientSecret,clientSecret,True,2,clientSecret|clientSecret,clientSecret<|endoftext|>,clientSecret<|endoftext|>|clientSecret <|endoftext|>,
721,snapshotA,MASK,False,9,MASK|MASK|MASK|MASK||MASK|so|MASK|MASK, [MASK]<|fim_pad|><|fim_pad|><|fim_pad|><|fim_pad|><|fim_pad|><|fim_pad|><|fim_pad|><|fim_pad|><|fim_pad|><|fim_pad|><|fim_pad|><|fim_pad|><|fim_pad|><|fim_pad|><|fim_pad|><|fim_pad|><|fim_pad|>," [MASK]<|fim_pad|><|fim_pad|><|fim_pad|><|fim_pad|><|fim_pad|><|fim_pad|><|fim_pad|><|fim_pad|><|fim_pad|><|fim_pad|><|fim_pad|><|fim_pad|><|fim_pad|><|fim_pad|><|fim_pad|><|fim_pad|><|fim_pad|>|MASK <|fim_pad|><|fim_pad|><|fim_pad|><|fim_pad|><|fim_pad|><|fim_pad|><|fim_pad|><|fim_pad|><|fim_pad|><|fim_pad|><|fim_pad|><|fim_pad|><|fim_pad|><|fim_pad|><|fim_pad|><|fim_pad|><|fim_pad|><|fim_pad|>| [MASK]<|fim_pad|><|fim_pad|><|fim_pad|><|fim_pad|><|fim_pad|><|fim_pad|><|fim_pad|><|fim_pad|><|fim_pad|><|fim_pad|><|fim_pad|><|fim_pad|><|fim_pad|><|fim_pad|><|fim_pad|><|fim_pad|><|fim_pad|>| [MASK]<|fim_pad|><|fim_pad|><|fim_pad|><|fim_pad|><|fim_pad|><|fim_pad|><|fim_pad|><|fim_pad|><|fim_pad|><|fim_pad|><|fim_pad|><|fim_pad|><|fim_pad|><|fim_pad|><|fim_pad|><|fim_pad|><|fim_pad|>|<|endoftext|>| MASK <|endoftext|>|  so it can finish
        TestDelayedRepoPlugin.removeDelay();

        waitForSnapshot(repoName,|MASK <|fim_pad|><|fim_pad|><|fim_pad|><|fim_pad|><|fim_pad|><|fim_pad|><|fim_pad|><|fim_pad|><|fim_pad|><|fim_pad|><|fim_pad|><|fim_pad|><|fim_pad|><|fim_pad|><|fim_pad|><|fim_pad|><|fim_pad|><|fim_pad|>|MASK <|file_sep|><|fim_prefix|>/x-pack/plugin/core/src/main/java/org/elasticsearch/xpack/core/ilm/",
722,depth,depth,True,12,depth|MASK|MASK|MASK|MASK||MASK||MASK||MASK|,depth<|endoftext|>,depth<|endoftext|>| [MASK] <|endoftext|>| [MASK] <|endoftext|>| [MASK]<|endoftext|>| MASK <|endoftext|>|<|endoftext|>| [MASK] <|endoftext|>| <|endoftext|>|  [MASK] <|endoftext|>|<|endoftext|>|[ MASK ]<|endoftext|>|<|endoftext|>,
723,child,precedingLimit,False,10,precedingLimit|precedingLimit|MASK|MASK|MASK|MASK|MASK|MASK|MASK|MASK,precedingLimit<|endoftext|>,precedingLimit<|endoftext|>|precedingLimit<|endoftext|>|[MASK]<|endoftext|>|[MASK]<|endoftext|>|[MASK]<|endoftext|>| MASK<|endoftext|>|MASK<|endoftext|>|[MASK]<|endoftext|>|MASK<|endoftext|>|MASK<|endoftext|>,
724,delta,MASK,False,8,MASK|MASK|MASK|MASK|MASK|MASK|MASK|MASK, [MASK]<|endoftext|>," [MASK]<|endoftext|>| [MASK]<|endoftext|>| MASK  < 0 && i == 0) {
      throw new IllegalStateException(""attempt to decrement|[MASK]<|endoftext|>| MASK
     *<|endoftext|>| MASK<|endoftext|>|MASK <|endoftext|>|MASK <|endoftext|>",
725,humanReadable,humanReadable,True,3,humanReadable|humanReadable|humanReadable,"    humanReadable = randomBoolean();
        final boolean      verbose     <|endoftext|>","    humanReadable = randomBoolean();
        final boolean      verbose     <|endoftext|>|humanReadable<|endoftext|>|humanReadable<|endoftext|>",
726,pluginsDirectory,pluginsRealPath,False,2,pluginsRealPath|pluginsRealPath,pluginsRealPath<|fim_pad|><|fim_pad|><|fim_pad|><|fim_pad|><|fim_pad|><|fim_pad|><|fim_pad|><|fim_pad|><|fim_pad|><|fim_pad|><|fim_pad|><|fim_pad|><|fim_pad|><|fim_pad|><|fim_pad|><|fim_pad|><|fim_pad|>,pluginsRealPath<|fim_pad|><|fim_pad|><|fim_pad|><|fim_pad|><|fim_pad|><|fim_pad|><|fim_pad|><|fim_pad|><|fim_pad|><|fim_pad|><|fim_pad|><|fim_pad|><|fim_pad|><|fim_pad|><|fim_pad|><|fim_pad|><|fim_pad|>|pluginsRealPath <|fim_pad|><|fim_pad|><|fim_pad|><|fim_pad|><|fim_pad|><|fim_pad|><|fim_pad|><|fim_pad|><|fim_pad|><|fim_pad|><|fim_pad|><|fim_pad|><|fim_pad|><|fim_pad|><|fim_pad|><|fim_pad|>,
727,testdefault,{,False,2,{|) {," {
            logln(""two ok"");
        }
        catch(Exception e) {
            warnln("""," {
            logln(""two ok"");
        }
        catch(Exception e) {
            warnln(""|) {
            warnln(""Expected IllegalArgumentException, got: "" + e);
        }

        try {
",
728,pointer,MASK,False,8,MASK|MASK|MASK|MASK|MASK|MASK|MASK|MASK,[MASK]<|endoftext|>,[MASK]<|endoftext|>|[MASK]<|endoftext|>|[MASK]<|endoftext|>|MASK<|endoftext|>|MASK<|endoftext|>| MASK <|endoftext|>| MASK <|endoftext|>|MASK<|endoftext|>,
729,toExclude,MASK,False,20,MASK|MASK|MASK|MASK|MASK|MASK|MASK|MASK|MASK|MASK|MASK|MASK|MASK|MASK|MASK|MASK|MASK|MASK|MASK|MASK, [MASK]<|endoftext|>, [MASK]<|endoftext|>| [MASK]<|endoftext|>|[MASK]<|endoftext|>| MASK]<|endoftext|>| MASK<|endoftext|>|[MASK]<|endoftext|>|[MASK]<|endoftext|>|[MASK]<|endoftext|>|[MASK]<|endoftext|>|MASK<|endoftext|>|[MASK]<|endoftext|>| [MASK]<|endoftext|>| MASK<|endoftext|>| MASK<|endoftext|>|MASK<|endoftext|>|[MASK]<|endoftext|>| MASK<|endoftext|>| MASK<|endoftext|>|MASK<|endoftext|>| MASK<|endoftext|>,
730,bulkRequest,MASK,False,3,MASK|MASK|MASK,  [MASK] <|endoftext|>,"  [MASK] <|endoftext|>| MASK
           <|endoftext|>| MASK <|endoftext|>",
731,bindingResult,MASK,False,5,MASK|MASK|MASK|MASK|MASK, [MASK] <|endoftext|>," [MASK] <|endoftext|>|MASK <|endoftext|>| [MASK]<|endoftext|>|MASK  WithError.reject(""error"");
		  MASK <|endoftext|>| MASK<|endoftext|>",
732,producerContext,context,False,2,context|context,context<|endoftext|>,context<|endoftext|>|context<|endoftext|>,
733,features,features,True,1,features,       features<|endoftext|>,       features<|endoftext|>,
734,resName,resName,True,6,resName|resName|resName|resName|resName|resName,resName    <|endoftext|>,resName    <|endoftext|>|resName<|endoftext|>|resName <|endoftext|>|resName <|endoftext|>|resName<|endoftext|>|resName<|endoftext|>,
735,testtimezone,two,False,4,two|warnln|df|Start,"two ok"");
        }
        catch(Exception e) {
            warnln(""Expected IllegalArgumentException, got:","two ok"");
        }
        catch(Exception e) {
            warnln(""Expected IllegalArgumentException, got:| warnln(""Expected IllegalArgumentException, got: "" + e);
        }

        try {
            DateFormat df| df = new SimpleDateFormat(""aaNNccc"");
            ParsePosition pos = new ParsePosition(0);
|Start(new Date(1000000000000L));
           ",
736,field,MASK,False,5,MASK|MASK|field|MASK|MASK, [MASK]<|endoftext|>," [MASK]<|endoftext|>|[MASK]<|endoftext|>|field  can be made private.
     */
    public static boolean canBeMadePrivate(Field  [|MASK<|endoftext|>| MASK<|endoftext|>",
737,columnName,columnLabel,False,1,columnLabel,columnLabel<|endoftext|>,columnLabel<|endoftext|>,
738,currentFieldName,MASK,False,13,MASK|MASK|MASK|MASK|MASK|MASK|MASK|MASK|MASK|MASK|MASK|MASK|MASK, [MASK]<|endoftext|>," [MASK]<|endoftext|>|MASK<|endoftext|>|[MASK]<|endoftext|>|[MASK]<|endoftext|>|[MASK]<|endoftext|>|[MASK]<|endoftext|>|[MASK]<|endoftext|>|[MASK]<|endoftext|>|[MASK]<|endoftext|>|[MASK]<|endoftext|>|[MASK]<|endoftext|>|MASK , parser.getDeprecationHandler())) {
                    if (Fields.CONTEXTS.match( MASK|MASK <|endoftext|>",
739,formatter,DateFormat,False,47,"DateFormat|dateParse|ex|void|, 0, 1);|GMT|RENCH|dfUS|heure|DateFormat|u0646|else|L|MMMM|out|if|cover|whoops|010.04.01"", ""2010 04 0|fp|12:34:56.789"",|100416122334456000"",|yyyy|fp|:23:34.456"",|010-04-16 12:23:34.4|:34.456"",|en|7596)|BC|Z|T07|Z|T07|."");||equals|Date|u4e03|u6708|time2|test|NumberFormat|y|u95F0|calendar|assertEquals","DateFormat instances to test with
        // 0: US full
        // 1: FR","DateFormat instances to test with
        // 0: US full
        // 1: FR| dateParse.toPattern() + ""\"""");
                        }
                } catch (Exception ex) {
                    if| ex);
                }
            }
        }
    }

    /**
     * Verify the correct behavior when parsing| void TestTwoDigitYear125() {
        SimpleDateFormat  [MASK]  = new SimpleDateFormat|, 0, 1);
        Date expected = cal.getTime();
        String dateString = ""0| GMT 1997
        Locale[] locales = {Locale.US, Locale.GERMANY|RENCH);
        DateFormat dfEnglish = DateFormat.getDateTimeInstance(DateFormat.FULL, DateFormat.FULL| dfUS.setTimeZone(tz);
        String french = dfFrench.format(testDate);
        String us| 1997 00:00:00 heure normale du Pacifique|(DateFormat.FULL, new Locale(""ar"", """", """"));
        dfArab.setTimeZone(tz|5\u0646"";
        String expectedLatn = ""21:52 \| else {
            errln(""FAIL: Expected IllegalArgumentException, got "" + out);
        }
    }

|06400000L); // 1940-05-| MMMM yyyy"", new Locale(""el"", ""GR""));
        String expected = ""Παρ| out = fmt.format(date);
        if (!out.equals(""Κυριακή,| if (d2 == null || !d2.equals(date)) {
            errln(""FAIL:| cover invalid separator after GMT
            {
                ParsePosition pp = new ParsePosition(0);
               |(""whoops GMT+blecch"");
            }

            // cover bad text after GMT-.
|010.04.01"", ""2010 04 0| ""fp"", ""2010 04 01 12 30|12:34:56.789"",
                ""20100|100416122334456000"", ""|                ""yyyy-MM-dd HH:mm:ss.SSSSSSSSSSSSSSSSSSSSSSS| ""fp"", ""2010-04-16 12:23|:23:34.456"",
                ""0000201|010-04-16 12:23:34.4|:34.456"",

                ""yyyyyyMMddHHHHmmmmssssSS|en"", """", """"));
    }

    /*
     * Test case for very long contiguous numeric patterns (ticket|7596)
 */
    @Test
    public void TestISO8601E|0-01-01"", ""BC 4000-01-0|00:00Z"", ""AD 4004-10-23|04-10-23T07:00:00Z"",
       |00Z"",
        ""BC 4004-10-23T0|-23T07:00:00Z"",
        ""4004|."");
                return;
            }

            // format date to string
            String out;
            out =|
            if (!out.equals(data[i + 1]))
            {
                errln(""FAIL:|.equals(expected))
            {
                errln(""FAIL: Expected "" + expected + "" but got ""|        Date date = cal.getTime();

        String expected = ""2009\u5e7|74\u4e03\u6708\u4e8c\u53|03\u6708\u4e8c\u5341\u51| time2 ) {
            errln((String)""FAIL: -> "" + time1 + "" expected| // test override get/set NumberFormat
        for (int i = 0; i < | NumberFormat.getInstance(new ULocale(""en_US""));
        fmt.setNumberFormat(""y"", reused_nf| ""y"", ""\u521D\u516D \u5341|0 \u95F0\u56DB\u6708 2"",
                                                                               |calendar=chinese"",      DateFormat.LONG,  ""2 avril 2012 (|        assertEquals(""hh:mm:ss bbbb | 00:00:30"", """,
740,response,MASK,False,6,MASK|MASK|MASK|MASK|MASK|MASK," [MASK]  body just
 * before it is written with an {@code HttpMessageConverter}.
"," [MASK]  body just
 * before it is written with an {@code HttpMessageConverter}.
|[MASK]<|endoftext|>|[MASK] <|endoftext|>|[MASK] <|endoftext|>|MASK <|endoftext|>|MASK 
	 * @param request the current request
	 * @param  MASK  the current",
741,parent,MASK,False,8,MASK|MASK|MASK|MASK|MASK|MASK|MASK|MASK, [MASK] <|endoftext|>, [MASK] <|endoftext|>|MASK <|endoftext|>|[MASK] <|endoftext|>|[MASK]<|endoftext|>|MASK<|endoftext|>| MASK<|endoftext|>|[MASK]<|endoftext|>|MASK<|endoftext|>,
742,lookup,MASK,False,7,MASK|MASK|MASK|MASK|getSearchLookup|MASK|MASK,"[MASK] .ValueFetcher;
import org.elasticsearch.search. [MASK]<|endoftext|>","[MASK] .ValueFetcher;
import org.elasticsearch.search. [MASK]<|endoftext|>|[MASK] .ValueFetcher;
import org.elasticsearch.search. [MASK]<|endoftext|>|MASK .ValueFetcher;
import org.elasticsearch.search. MASK<|endoftext|>| [MASK] <|endoftext|>|getSearchLookup<|endoftext|>| MASK <|endoftext|>| MASK <|endoftext|>",
743,impls,MASK,False,3,MASK|MASK|MASK,  [MASK] <|endoftext|>,  [MASK] <|endoftext|>| MASK  =  [MASK] <|endoftext|>| MASK <|endoftext|>,
744,beanName,MASK,False,5,MASK|MASK|MASK|MASK|MASK, [MASK] <|endoftext|>, [MASK] <|endoftext|>|[MASK]<|endoftext|>| [MASK] <|endoftext|>|MASK<|endoftext|>| MASK <|endoftext|>,
745,other,MASK,False,10,MASK|MASK|MASK|MASK|MASK|MASK|MASK|MASK|MASK|MASK,[MASK]<|endoftext|>,[MASK]<|endoftext|>|[MASK]<|endoftext|>|[MASK]<|endoftext|>|MASK<|endoftext|>| [MASK]<|endoftext|>| [MASK]<|endoftext|>|MASK<|endoftext|>|[MASK]<|endoftext|>|MASK<|endoftext|>| MASK<|endoftext|>,
746,contextClass,MASK,False,15,MASK|MASK|MASK|MASK|MASK|MASK|MASK|MASK|MASK|MASK|MASK|MASK|MASK|MASK|MASK," [MASK]  The class of object that indicates where the visibility of a descriptor is evaluated.
    "," [MASK]  The class of object that indicates where the visibility of a descriptor is evaluated.
    |[MASK]<|endoftext|>| [MASK]<|endoftext|>|MASK  + ""' in thread '"" + Thread.currentThread().getName() + ""'"");
        }

        if (|[MASK]<|endoftext|>|[MASK]<|endoftext|>|MASK  + "" in thread '"" + Thread.currentThread().getName() + ""'""<|endoftext|>|[MASK]<|endoftext|>|[MASK]<|endoftext|>|[MASK]<|endoftext|>|[MASK]<|endoftext|>|MASK<|endoftext|>|MASK );
                        }
                        continue OUTER; // veto-ed. not shown
                    }
                    if (!| MASK <|endoftext|>|MASK<|endoftext|>",
747,dataTypeName,MASK,False,2,MASK|MASK,[MASK] <|endoftext|>,"[MASK] <|endoftext|>|MASK
          <|endoftext|>",
748,visitor,MASK,False,7,MASK|MASK|MASK|method|MASK|MASK|MASK,"[MASK]  method on each 
	 * member found, and traversing any Descendant axes","[MASK]  method on each 
	 * member found, and traversing any Descendant axes| [MASK]<|endoftext|>| [MASK]<|endoftext|>|method that will be called for each member of the 
	 *         heararchy.
	 * @|[MASK]<|endoftext|>|!  [MASK]<|endoftext|>|MASK<|endoftext|>",
749,actual,MASK,False,2,MASK|MASK,[MASK] <|endoftext|>,[MASK] <|endoftext|>|MASK & ScriptCode.MAX_SCRIPT_CODE.toInt()<|endoftext|>,
750,serverInputStream,MASK,False,12,MASK|MASK|MASK|MASK|MASK|MASK|MASK|MASK|MASK|MASK|MASK|MASK, [MASK]<|endoftext|>, [MASK]<|endoftext|>|MASK<|endoftext|>| MASK <|endoftext|>|[MASK]<|endoftext|>|MASK<|endoftext|>|MASK<|endoftext|>|[MASK]<|endoftext|>|MASK<|endoftext|>|MASK<|endoftext|>|MASK<|endoftext|>|MASK<|endoftext|>|MASK<|endoftext|>,
751,layer,layer,True,1,layer,"layer);

	public native void glPrimitiveRestartIndex (int index);

	public native void glCopyBufferSub","layer);

	public native void glPrimitiveRestartIndex (int index);

	public native void glCopyBufferSub",
752,destConfigDir,MASK,False,17,MASK|MASK|MASK|MASK|MASK|MASK|MASK|MASK|MASK|MASK|MASK|MASK|MASK|MASK|MASK|MASK|MASK, [MASK]<|endoftext|>," [MASK]<|endoftext|>|[MASK] , deleteOnFailure);
        }
    }

    /**
     * Installs the plugin|MASK]  [MASK]  [MASK]  [MASK]  [MASK]  [|MASK<|endoftext|>| MASK<|endoftext|>| MASK<|endoftext|>| [MASK]<|endoftext|>| [MASK] .getParent() != null ?  [MASK] .getParent() :  [MASK| [MASK]<|endoftext|>|MASK<|endoftext|>| [MASK]<|endoftext|>|MASK  [MASK]<|endoftext|>|MASK<|endoftext|>| MASK<|endoftext|>|MASK 
                   <|endoftext|>|MASK<|endoftext|>| MASK<|endoftext|>",
753,accepted,MASK,False,16,MASK|MASK|MASK|result|MASK|MASK|MASK|MASK|MASK|MASK|MASK|MASK|MASK|MASK|MASK|MASK, [MASK]<|endoftext|>," [MASK]<|endoftext|>|[MASK] <|endoftext|>|MASK  );
        }

        public static Response readFromXContent(XContentParser parser) {
           |result<|endoftext|>|[MASK] <|endoftext|>|[MASK]<|endoftext|>|MASK <|endoftext|>| MASK<|endoftext|>| MASK <|endoftext|>|MASK <|endoftext|>|[MASK]<|endoftext|>|MASK
                  <|endoftext|>|MASK  + isDebug());
        }

        @Override
        public String toString() {
            return| MASK <|endoftext|>|MASK <|endoftext|>|MASK <|endoftext|>",
754,invalidValue,MASK,False,3,MASK|MASK|MASK,[MASK]<|endoftext|>,"[MASK]<|endoftext|>|MASK  + ""<|endoftext|>| MASK<|endoftext|>",
755,outerFilterDocCount,filterDocCount,False,4,filterDocCount|filterDocCount|filterDocCount|filterDocCount,filterDocCount <|endoftext|>,filterDocCount <|endoftext|>|filterDocCount <|endoftext|>|filterDocCount <|endoftext|>|filterDocCount<|endoftext|>,
756,newChildren,MASK,False,2,MASK|MASK,[MASK]<|endoftext|>,[MASK]<|endoftext|>| MASK<|endoftext|>,
757,lastIndex,MASK,False,4,MASK|MASK|MASK|MASK," [MASK]  = keysToGet.size() - 1;
      if ( [MASK]"," [MASK]  = keysToGet.size() - 1;
      if ( [MASK]| [MASK]  == 0) {
        return;
      }
      if (  [MASK|MASK <|endoftext|>| MASK <|endoftext|>",
758,valueStart,MASK,False,9,MASK|MASK|MASK|MASK|MASK|MASK|MASK|MASK|MASK, [MASK]<|endoftext|>, [MASK]<|endoftext|>|[MASK]<|endoftext|>| MASK]<|endoftext|>|[MASK]<|endoftext|>|MASK<|endoftext|>|MASK<|endoftext|>|[MASK]<|endoftext|>|MASK<|endoftext|>| MASK<|endoftext|>,
759,applicationContext,,False,3,|MASK|context, <|endoftext|>, <|endoftext|>|[MASK]<|endoftext|>|  context<|endoftext|>,
760,maxes,MASK,False,3,MASK|MASK|MASK, [MASK] <|fim_pad|><|fim_pad|><|fim_pad|><|fim_pad|><|fim_pad|><|fim_pad|><|fim_pad|><|fim_pad|><|fim_pad|><|fim_pad|><|fim_pad|><|fim_pad|><|fim_pad|><|fim_pad|><|fim_pad|><|fim_pad|>, [MASK] <|fim_pad|><|fim_pad|><|fim_pad|><|fim_pad|><|fim_pad|><|fim_pad|><|fim_pad|><|fim_pad|><|fim_pad|><|fim_pad|><|fim_pad|><|fim_pad|><|fim_pad|><|fim_pad|><|fim_pad|><|fim_pad|>|MASK <|fim_pad|><|fim_pad|><|fim_pad|><|fim_pad|><|fim_pad|><|fim_pad|><|fim_pad|><|fim_pad|><|fim_pad|><|fim_pad|><|fim_pad|><|fim_pad|><|fim_pad|><|fim_pad|><|fim_pad|><|fim_pad|><|fim_pad|><|fim_pad|>|MASK<|fim_pad|><|fim_pad|><|fim_pad|><|fim_pad|><|fim_pad|><|fim_pad|><|fim_pad|><|fim_pad|><|fim_pad|><|fim_pad|><|fim_pad|><|fim_pad|><|fim_pad|><|fim_pad|><|fim_pad|><|fim_pad|><|fim_pad|><|fim_pad|><|fim_pad|>,
761,resolver,MASK,False,12,MASK|MASK|MASK|MASK|MASK||Group|MASK||MASK|MASK|MASK,[MASK]<|endoftext|>,"[MASK]<|endoftext|>|MASK<|endoftext|>| [MASK]<|endoftext|>|[MASK]<|endoftext|>| [MASK]<|endoftext|>|<|endoftext|>|Group"" );
    }

    public AddressResolverGroup<? extends SocketAddress>  MASK Group() {
|[MASK] <|endoftext|>|<|endoftext|>|[MASK]<|endoftext|>| MASK<|endoftext|>| MASK <|endoftext|>",
762,urlAuthSection,urlPrefix,False,2,urlPrefix|urlPrefix,urlPrefix<|endoftext|>,urlPrefix<|endoftext|>|urlPrefix<|endoftext|>,
763,constantDynamic,_INVOKESPECIAL,False,5,_INVOKESPECIAL|ESPECIAL|pcodes|param|class,"_INVOKESPECIAL}, {@link
   *     Opcodes#H_NEWINVOKESPECIAL","_INVOKESPECIAL}, {@link
   *     Opcodes#H_NEWINVOKESPECIAL|ESPECIAL} or {@link Opcodes#H_INVOKEINTERFACE}.
   * @param owner the|pcodes#H_INVOKEINTERFACE}.
   * @param owner the internal name of a class of interface| * @param owner the internal name of a class of interface.
   * @param name a field| class of interface.
   * @param name a field or method name.
   * @param descriptor",
764,minDays,MASK,False,5,MASK|MASK|MASK|of|{,  [MASK]<|fim_pad|><|fim_pad|><|fim_pad|><|fim_pad|><|fim_pad|><|fim_pad|><|fim_pad|><|fim_pad|><|fim_pad|><|fim_pad|><|fim_pad|><|fim_pad|><|fim_pad|><|fim_pad|><|fim_pad|><|fim_pad|>,"  [MASK]<|fim_pad|><|fim_pad|><|fim_pad|><|fim_pad|><|fim_pad|><|fim_pad|><|fim_pad|><|fim_pad|><|fim_pad|><|fim_pad|><|fim_pad|><|fim_pad|><|fim_pad|><|fim_pad|><|fim_pad|><|fim_pad|>|MASK<|fim_pad|><|fim_pad|><|fim_pad|><|fim_pad|><|fim_pad|><|fim_pad|><|fim_pad|><|fim_pad|><|fim_pad|><|fim_pad|><|fim_pad|><|fim_pad|><|fim_pad|><|fim_pad|><|fim_pad|><|fim_pad|><|fim_pad|><|fim_pad|><|fim_pad|>|MASK <|fim_pad|><|fim_pad|><|fim_pad|><|fim_pad|><|fim_pad|><|fim_pad|><|fim_pad|><|fim_pad|><|fim_pad|><|fim_pad|><|fim_pad|><|fim_pad|><|fim_pad|><|fim_pad|><|fim_pad|><|fim_pad|><|fim_pad|><|fim_pad|>| of the week-based-year
         * @param wowby the week-of-week-based-year
        | {
            int sow = weekDef.getFirstDayOfWeek().getValue();
            return Math.floorMod(iso",
765,staticMethods,MASK,False,7,MASK|MASK|MASK|MASK|MASK|MASK|MASK, [MASK]<|endoftext|>," [MASK]<|endoftext|>|  [MASK]<|endoftext|>|[MASK]<|endoftext|>|MASK] =
      <|endoftext|>|MASK<|endoftext|>| [MASK] .add(
           <|endoftext|>| MASK ;
  }

  private List<MethodAndStaticVar> generateInstanceMethodOverridesForRequestOptions",
766,refeshOnOperation,MASK,False,5,MASK|MASK|MASK|MASK|MASK,  [MASK]<|endoftext|>,"  [MASK]<|endoftext|>|[MASK]<|endoftext|>|[MASK]<|endoftext|>|MASK  ? IMMEDIATE : NONE)
            .get();
        assertEquals(DocWriteResponse.Result.UP|MASK<|endoftext|>",
767,currency,,False,7,|||MASK||);|Symbol, <|endoftext|>," <|endoftext|>| <|endoftext|>|<|endoftext|>| [MASK]<|endoftext|>| <|endoftext|>|);
                    }

                    String currencyCode = jsonObject.getString("" [MASK] Code"");
                    if (currency|Symbol"");
                    if (   != null) {
                        return (T) Currency.getInstance( ); );
",
768,method,methods,False,5,methods|MASK|MASK|MASK|MASK,"methods. The returned {@link ApplicationListener} is a wrapper that will
 * delegate to the original","methods. The returned {@link ApplicationListener} is a wrapper that will
 * delegate to the original|[MASK]<|endoftext|>|[MASK]<|endoftext|>|[MASK]<|endoftext|>| MASK<|endoftext|>",
769,mediaDescription,fim_pad,False,14,fim_pad|MASK|MASK|MASK|MASK|MASK|MASK|MASK|MASK|MASK|MASK|MASK|MASK|MASK, <|fim_pad|><|fim_pad|><|fim_pad|><|fim_pad|><|fim_pad|><|fim_pad|><|fim_pad|><|fim_pad|><|fim_pad|><|fim_pad|><|fim_pad|><|fim_pad|><|fim_pad|><|fim_pad|><|fim_pad|><|fim_pad|><|fim_pad|><|fim_pad|><|fim_pad|>," <|fim_pad|><|fim_pad|><|fim_pad|><|fim_pad|><|fim_pad|><|fim_pad|><|fim_pad|><|fim_pad|><|fim_pad|><|fim_pad|><|fim_pad|><|fim_pad|><|fim_pad|><|fim_pad|><|fim_pad|><|fim_pad|><|fim_pad|><|fim_pad|><|fim_pad|>|[MASK]<|fim_pad|><|fim_pad|><|fim_pad|><|fim_pad|><|fim_pad|><|fim_pad|><|fim_pad|><|fim_pad|><|fim_pad|><|fim_pad|><|fim_pad|><|fim_pad|><|fim_pad|><|fim_pad|><|fim_pad|><|fim_pad|><|fim_pad|>| [MASK]<|fim_pad|><|fim_pad|><|fim_pad|><|fim_pad|><|fim_pad|><|fim_pad|><|fim_pad|><|fim_pad|><|fim_pad|><|fim_pad|><|fim_pad|><|fim_pad|><|fim_pad|><|fim_pad|><|fim_pad|><|fim_pad|><|fim_pad|>|MASK<|endoftext|>| MASK<|endoftext|>|MASK<|endoftext|>|MASK .mediaType != null) {
      formatBuilder.setSampleMimeType(getMimeTypeFromRtpMediaType|MASK<|endoftext|>|MASK]<|endoftext|>|MASK<|endoftext|>|MASK<|endoftext|>| MASK<|endoftext|>|MASK<|endoftext|>| MASK .fmtpAttribute
       <|endoftext|>",
770,zeroTermsQuery,MASK,False,27,MASK|MASK|MASK|MASK|MASK|MASK|MASK|||MASK|||String||MASK|||||MASK|||MASK|MASK|MASK||MASK, [MASK]<|endoftext|>," [MASK]<|endoftext|>| [MASK]<|endoftext|>| [MASK] .writeTo(out);
        out.writeOptionalString(analyzer);
    }

    @| [MASK]<|endoftext|>| [MASK]<|endoftext|>|[MASK]<|endoftext|>|MASK  option to be non-null"");
        }
        if ( [MASK]  == ZeroTerms|<|endoftext|>|<|endoftext|>| [MASK] <|endoftext|>|<|endoftext|>|<|endoftext|>|String);
        if ( Option == null) {
            throw new IllegalArgumentException(""["" + NAME + ""]|<|endoftext|>|MASK );
    }

    public MatchPhraseQueryBuilder  MASK (String  String) {
        ZeroTerms|<|endoftext|>| <|endoftext|>|<|endoftext|>|<|endoftext|>| [MASK] <|endoftext|>|<|endoftext|>| <|endoftext|>| [MASK]<|endoftext|>| [MASK]<|endoftext|>| MASK<|endoftext|>| <|endoftext|>| MASK <|endoftext|>",
771,legal,allowed,False,8,allowed|MASK|MASK|MASK||MASK|MASK|MASK,"allowed in the unescaped form of a URI and which
 * characters are allowed in a specific component","allowed in the unescaped form of a URI and which
 * characters are allowed in a specific component| [MASK]<|endoftext|>|MASK <|endoftext|>|MASK <|endoftext|>|<|endoftext|>| MASK <|endoftext|>|[MASK]<|endoftext|>| MASK<|endoftext|>",
772,searchLookup,MASK,False,6,MASK|MASK|MASK|MASK|MASK|MASK, [MASK]<|endoftext|>," [MASK]<|endoftext|>|[MASK] , onScriptError<|endoftext|>| MASK<|endoftext|>|[MASK]<|endoftext|>| MASK<|endoftext|>| MASK<|endoftext|>",
773,routingTable,routingTable,True,5,routingTable|routingTable|routingTable|routingTable|getRoutingTable,"   routingTable
          <|endoftext|>","   routingTable
          <|endoftext|>|routingTable(routingTable) // [MASK] ( [MASK] )<|endoftext|>|routingTable <|endoftext|>|routingTable<|endoftext|>|getRoutingTable<|endoftext|>",
774,vVector,MASK,False,12,MASK|MASK|MASK|MASK|MASK|MASK|MASK|MASK|MASK|MASK|MASK|MASK,[MASK]<|endoftext|>,"[MASK]<|endoftext|>|[MASK]<|endoftext|>| MASK <|endoftext|>|[MASK]  = vBlock.asVector();
    if ( [MASK]  == null)| MASK<|endoftext|>|MASK <|endoftext|>|[MASK]<|endoftext|>|[MASK]<|endoftext|>|MASK <|endoftext|>|[MASK]<|endoftext|>| MASK <|endoftext|>|MASK<|endoftext|>",
775,consumer,MASK,False,6,MASK|MASK|MASK|MASK|MASK|MASK, [MASK] <|endoftext|>," [MASK] <|endoftext|>| [MASK] 
                   <|endoftext|>| [MASK] 
                 <|endoftext|>|[MASK] <|endoftext|>| MASK <|endoftext|>| MASK <|endoftext|>",
776,prefix,MASK,False,2,MASK|MASK,/* [MASK] */<|endoftext|>,"/* [MASK] */<|endoftext|>|MASK
          <|endoftext|>",
777,blockFactory,MASK,False,3,MASK|MASK|MASK,  [MASK]<|endoftext|>,  [MASK]<|endoftext|>|[MASK]<|endoftext|>| MASK<|endoftext|>,
778,apiSecret,apiSecret,True,3,apiSecret|apiSecret|apiSecret,apiSecret<|endoftext|>,"apiSecret<|endoftext|>|apiSecret(apiSecret)
                .build(FlickrApi.instance(FlickrApi.FlickrPerm.READ));
|apiSecret <|endoftext|>",
779,tests,PST,False,8,PST|Buenos_Aires|FALSE|assertFalse|ient|getBooleanAttribute||TRUE,"1 01:00 PST"", ""2004/1/1 1","1 01:00 PST"", ""2004/1/1 1|/Buenos_Aires"", ""2004-07-15T00|(FALSE)"", fmt.isCalendarLenient());
        assertTrue(""ALLOW_WHITESPACE after setCalendarLenient|        assertFalse(""ALLOW_WHITESPACE after setLenient(FALSE)"", fmt.getBooleanAttribute(BooleanAttribute.PARSE|ient(FALSE)"", fmt.getBooleanAttribute(BooleanAttribute.PARSE_ALLOW_NUMERIC));

        // Set to lenient
|.getBooleanAttribute(BooleanAttribute.PARSE_PARTIAL_LITERAL_MATCH));
        assertTrue(""MULTIPLE_PATTERNS after|
        fmt.setBooleanAttribute(BooleanAttribute.PARSE_ALLOW_WHITESPACE, true);

        assertFalse(""|TRUE"", fmt.isLenient());
        assertFalse(""isCalendarLenient after ALLOW_WHITESPACE/",
780,itemOffset,itemOffset,True,13,itemOffset|itemOffset|MASK|itemOffset|MASK|MASK|MASK|MASK|MASK|MASK|MASK|MASK|itemOffset,itemOffset<|fim_pad|><|fim_pad|><|fim_pad|><|fim_pad|><|fim_pad|><|fim_pad|><|fim_pad|><|fim_pad|><|fim_pad|><|fim_pad|><|fim_pad|><|fim_pad|><|fim_pad|><|fim_pad|><|fim_pad|><|fim_pad|><|fim_pad|><|fim_pad|>,"itemOffset<|fim_pad|><|fim_pad|><|fim_pad|><|fim_pad|><|fim_pad|><|fim_pad|><|fim_pad|><|fim_pad|><|fim_pad|><|fim_pad|><|fim_pad|><|fim_pad|><|fim_pad|><|fim_pad|><|fim_pad|><|fim_pad|><|fim_pad|><|fim_pad|>|itemOffset<|fim_pad|><|fim_pad|><|fim_pad|><|fim_pad|><|fim_pad|><|fim_pad|><|fim_pad|><|fim_pad|><|fim_pad|><|fim_pad|><|fim_pad|><|fim_pad|><|fim_pad|><|fim_pad|><|fim_pad|><|fim_pad|><|fim_pad|><|fim_pad|>|[MASK]<|fim_pad|><|fim_pad|><|fim_pad|><|fim_pad|><|fim_pad|><|fim_pad|><|fim_pad|><|fim_pad|><|fim_pad|><|fim_pad|><|fim_pad|><|fim_pad|><|fim_pad|><|fim_pad|><|fim_pad|><|fim_pad|><|fim_pad|>|itemOffset <|fim_pad|><|fim_pad|><|fim_pad|><|fim_pad|><|fim_pad|><|fim_pad|><|fim_pad|><|fim_pad|><|fim_pad|><|fim_pad|><|fim_pad|><|fim_pad|><|fim_pad|><|fim_pad|><|fim_pad|><|fim_pad|><|fim_pad|>|[MASK] ));
          break;
        case Symbol.CONSTANT_NAME_AND_TYPE_TAG:
          add|[MASK]<|fim_pad|><|fim_pad|><|fim_pad|><|fim_pad|><|fim_pad|><|fim_pad|><|fim_pad|><|fim_pad|><|fim_pad|><|fim_pad|><|fim_pad|><|fim_pad|><|fim_pad|><|fim_pad|><|fim_pad|><|fim_pad|><|fim_pad|>|MASK<|fim_pad|><|fim_pad|><|fim_pad|><|fim_pad|><|fim_pad|><|fim_pad|><|fim_pad|><|fim_pad|><|fim_pad|><|fim_pad|><|fim_pad|><|fim_pad|><|fim_pad|><|fim_pad|><|fim_pad|><|fim_pad|><|fim_pad|><|fim_pad|><|fim_pad|>|MASK ));
          break;
        case Symbol.CONSTANT_STRING_TAG:
          addConstantString(itemIndex|MASK<|fim_pad|><|fim_pad|><|fim_pad|><|fim_pad|><|fim_pad|><|fim_pad|><|fim_pad|><|fim_pad|><|fim_pad|><|fim_pad|><|fim_pad|><|fim_pad|><|fim_pad|><|fim_pad|><|fim_pad|><|fim_pad|><|fim_pad|><|fim_pad|><|fim_pad|>|MASK  + 1<|fim_pad|><|fim_pad|><|fim_pad|><|fim_pad|><|fim_pad|><|fim_pad|><|fim_pad|><|fim_pad|><|fim_pad|><|fim_pad|><|fim_pad|><|fim_pad|><|fim_pad|><|fim_pad|><|fim_pad|>|MASK<|fim_pad|><|fim_pad|><|fim_pad|><|fim_pad|><|fim_pad|><|fim_pad|><|fim_pad|><|fim_pad|><|fim_pad|><|fim_pad|><|fim_pad|><|fim_pad|><|fim_pad|><|fim_pad|><|fim_pad|><|fim_pad|><|fim_pad|><|fim_pad|><|fim_pad|>|MASK  + 4));
          break;
        case Symbol.CONSTANT_STRING_TAG:
        case|itemOffset<|fim_pad|><|fim_pad|><|fim_pad|><|fim_pad|><|fim_pad|><|fim_pad|><|fim_pad|><|fim_pad|><|fim_pad|><|fim_pad|><|fim_pad|><|fim_pad|><|fim_pad|><|fim_pad|><|fim_pad|><|fim_pad|><|fim_pad|><|fim_pad|>",
781,listener,MASK,False,10,MASK|MASK|MASK|MASK|MASK|MASK|MASK|MASK|MASK|MASK, [MASK]<|endoftext|>, [MASK]<|endoftext|>| [MASK]<|endoftext|>|[MASK]<|endoftext|>| [MASK]<|endoftext|>|[MASK]<|endoftext|>|MASK<|endoftext|>|[MASK]<|endoftext|>| MASK<|endoftext|>|MASK<|endoftext|>|MASK<|endoftext|>,
782,fmtpAttributes,MASK,False,18,MASK|MASK|MASK|MASK|MASK|MASK|MASK|MASK|MASK|MASK|MASK|MASK|MASK|MASK|MASK|MASK|MASK|MASK, [MASK]  [MASK]  [MASK]  [MASK]  [MASK] ," [MASK]  [MASK]  [MASK]  [MASK]  [MASK] |[MASK]<|endoftext|>|[MASK]<|endoftext|>|[MASK]<|endoftext|>| MASK<|endoftext|>|[MASK]<|endoftext|>| [MASK]<|endoftext|>| MASK<|endoftext|>|MASK<|endoftext|>|MASK<|endoftext|>|[MASK] .containsKey(PARAMETER_H265_SPROP_MAX_DON_DIFF)
       |MASK]<|fim_middle|>MASK]<|endoftext|>|[MASK]<|endoftext|>|[MASK]<|endoftext|>|[MASK]<|endoftext|>|[MASK]<|endoftext|>|MASK<|endoftext|>|MASK<|endoftext|>",
783,request,MASK,False,4,MASK|MASK|MASK|MASK, [MASK]<|endoftext|>, [MASK]<|endoftext|>| MASK <|endoftext|>|[MASK]<|endoftext|>|MASK<|endoftext|>,
784,password,keystore,False,6,keystore|MASK|MASK|MASK|MASK|MASK,keystore password<|endoftext|>,keystore password<|endoftext|>| [MASK] <|endoftext|>|MASK <|endoftext|>|MASK <|endoftext|>| MASK<|endoftext|>|MASK<|endoftext|>,
785,srcSize,MASK,False,4,MASK|MASK|MASK|MASK, [MASK] <|endoftext|>, [MASK] <|endoftext|>|MASK <|endoftext|>| MASK <|endoftext|>| MASK<|endoftext|>,
786,empty,MASK,False,9,MASK|MASK|MASK|MASK|MASK|MASK|MASK|MASK|empty, [MASK]<|fim_pad|><|fim_pad|><|fim_pad|><|fim_pad|><|fim_pad|><|fim_pad|><|fim_pad|><|fim_pad|><|fim_pad|><|fim_pad|><|fim_pad|><|fim_pad|><|fim_pad|><|fim_pad|><|fim_pad|><|fim_pad|><|fim_pad|>," [MASK]<|fim_pad|><|fim_pad|><|fim_pad|><|fim_pad|><|fim_pad|><|fim_pad|><|fim_pad|><|fim_pad|><|fim_pad|><|fim_pad|><|fim_pad|><|fim_pad|><|fim_pad|><|fim_pad|><|fim_pad|><|fim_pad|><|fim_pad|>| [MASK]<|fim_pad|><|fim_pad|><|fim_pad|><|fim_pad|><|fim_pad|><|fim_pad|><|fim_pad|><|fim_pad|><|fim_pad|><|fim_pad|><|fim_pad|><|fim_pad|><|fim_pad|><|fim_pad|><|fim_pad|><|fim_pad|><|fim_pad|>| [MASK]<|fim_pad|><|fim_pad|><|fim_pad|><|fim_pad|><|fim_pad|><|fim_pad|><|fim_pad|><|fim_pad|><|fim_pad|><|fim_pad|><|fim_pad|><|fim_pad|><|fim_pad|><|fim_pad|><|fim_pad|><|fim_pad|><|fim_pad|>|MASK<|fim_pad|><|fim_pad|><|fim_pad|><|fim_pad|><|fim_pad|><|fim_pad|><|fim_pad|><|fim_pad|><|fim_pad|><|fim_pad|><|fim_pad|><|fim_pad|><|fim_pad|><|fim_pad|><|fim_pad|><|fim_pad|><|fim_pad|><|fim_pad|><|fim_pad|>|[MASK]<|fim_pad|><|fim_pad|><|fim_pad|><|fim_pad|><|fim_pad|><|fim_pad|><|fim_pad|><|fim_pad|><|fim_pad|><|fim_pad|><|fim_pad|><|fim_pad|><|fim_pad|><|fim_pad|><|fim_pad|><|fim_pad|><|fim_pad|>|MASK .get(""nothing""));
         MASK .put(""something"", ""here"");
        assertTrue(""cannot|MASK .put(""something"", ""here"");
        assertTrue(""cannot get element"",  MASK .get|MASK<|fim_pad|><|fim_pad|><|fim_pad|><|fim_pad|><|fim_pad|><|fim_pad|><|fim_pad|><|fim_pad|><|fim_pad|><|fim_pad|><|fim_pad|><|fim_pad|><|fim_pad|><|fim_pad|><|fim_pad|><|fim_pad|><|fim_pad|><|fim_pad|><|fim_pad|>|empty map"", !hm.isEmpty());
        hm.clear();
        assertTrue(""Returned false for empty map<|fim_pad|>",
787,setterFunc,MASK,False,3,MASK|MASK|MASK,[MASK]<|endoftext|>,"[MASK]<|endoftext|>|MASK
            <|endoftext|>|MASK <|endoftext|>",
788,outputBlock,MASK,False,13,MASK|MASK|MASK|||MASK|MASK|MASK|MASK|MASK|MASK|MASK|MASK,[MASK]<|endoftext|>,"[MASK]<|endoftext|>|[MASK]<|endoftext|>| [MASK]<|endoftext|>|<|endoftext|>|<|endoftext|>| [MASK]<|endoftext|>|[MASK]<|endoftext|>| [MASK]<|endoftext|>|MASK<|endoftext|>|MASK] <|endoftext|>| MASK<|endoftext|>|MASK  != null;
        assert   MASK <|endoftext|>|MASK<|endoftext|>",
789,additionalMatcherName,MASK,False,3,MASK|MASK|MASK,  [MASK]<|endoftext|>,"  [MASK]<|endoftext|>|MASK , subMatchersCount<|endoftext|>|MASK<|endoftext|>",
790,names,,False,2,|, <|endoftext|>, <|endoftext|>|<|endoftext|>,
791,order,MASK,False,5,MASK|MASK|MASK|MASK|MASK, [MASK]<|endoftext|>, [MASK]<|endoftext|>|[MASK] <|endoftext|>|MASK<|endoftext|>| MASK <|endoftext|>| MASK <|endoftext|>,
792,delegate,MASK,False,6,MASK|MASK|MASK|MASK|MASK|MASK, [MASK]<|endoftext|>, [MASK]<|endoftext|>|[MASK]<|endoftext|>|[MASK]<|endoftext|>|[MASK]<|endoftext|>| MASK<|endoftext|>| MASK<|endoftext|>,
793,julyStr,Date,False,3,Date|PM|MMMM,"Date greenwichdate = greenwichcalendar.getTime();
        SimpleDateFormat greenwichformatter = new SimpleDateFormat(""dd","Date greenwichdate = greenwichcalendar.getTime();
        SimpleDateFormat greenwichformatter = new SimpleDateFormat(""dd|1:00:00 PM GMT"",
                ""MMMM d, yyyy h:mm:ss a|                ""MMMM d, yyyy h:mm:ss a zzz"", ""medium format:  "",
               ",
794,healthMetadata,healthMetadata,True,2,healthMetadata|healthMetadata,healthMetadata<|endoftext|>,"healthMetadata<|endoftext|>|healthMetadata
            .getClusterHealthMetadata()
            .getNodeHealthMetadata()
            .getDisk",
795,builders,MASK,False,4,MASK|MASK|MASK|MASK,  [MASK] <|endoftext|>,"  [MASK] <|endoftext|>|[MASK] 
               <|endoftext|>|  [MASK] <|endoftext|>| MASK ).get();
        logger.info(""--> indexing done"" + Arrays.toString(  MASK ) +",
796,bootstrapMethodArguments,return,False,11,return|) {|typeTableIndex1|Table|_TAG|;|value|tag|value|long|this,"return the index of a new or already existing type {@link Symbol} with the given value.
  ","return the index of a new or already existing type {@link Symbol} with the given value.
  |) {
    String value1 = typeTable[typeTableIndex1].value;
    String value2| (typeTableIndex1 & 0xFFFFFFFFL) | ((long) typeTableIndex2 <<|Table[typeTableIndex1].value;
    String type2 = typeTable[typeTableIndex2].|_TAG, data, hashCode, commonSuperTypeIndex));
    return commonSuperTypeIndex;
  }

|;
  }

  /**
   * Adds the given type Symbol to {@link #typeTable}.
  | value,
        final int data,
        final int hashCode) {
      super(index, tag, owner| tag, final String value, final int hashCode) {
      super(index, tag, /* owner =| value, final int hashCode) {
      super(index, tag, /* owner= */ null, name| long data, final int hashCode) {
      super(index, tag, /* owner= */ null,| this.index = index;
      this.label = label;
    }
  }
}<|fim_middle|><|endoftext|>",
797,parentClass,MASK,False,7,MASK|MASK|MASK|MASK|MASK|MASK|MASK,[MASK]<|endoftext|>,[MASK]<|endoftext|>|[MASK]<|endoftext|>|[MASK] .getAlias() != null &&  [MASK] .getAlias()<|endoftext|>| MASK <|endoftext|>|[MASK]<|endoftext|>|[MASK] <|endoftext|>| MASK<|endoftext|>,
798,other,MASK,False,2,MASK|MASK,[MASK]<|endoftext|>,"[MASK]<|endoftext|>| MASK
               <|endoftext|>",
799,drmSessionManagerProvider,MASK,False,6,MASK|MASK|MASK|MASK|MASK|MASK, [MASK]<|endoftext|>," [MASK]<|endoftext|>| [MASK]<|fim_pad|><|fim_pad|><|fim_pad|><|fim_pad|><|fim_pad|><|fim_pad|><|fim_pad|><|fim_pad|><|fim_pad|><|fim_pad|><|fim_pad|><|fim_pad|><|fim_pad|><|fim_pad|><|fim_pad|><|fim_pad|><|fim_pad|>| [MASK]<|endoftext|>|MASK<|endoftext|>|MASK<|endoftext|>|  MASK .get(
              mediaItem.localConfiguration.drmConfiguration,
              mediaItem.localConfiguration.d",
800,usedBuiltInAnalyzers,MASK,False,15,MASK|usedBuiltInAnalyzers|usedBuiltInAnalyzers|usedBuiltInAnalyzers|MASK|MASK|MASK|MASK|MASK|MASK|MASK|MASK|MASK|MASK|MASK, [MASK]<|endoftext|>," [MASK]<|endoftext|>|usedBuiltInAnalyzers.keySet().removeAll(analyzerSettings.keySet());
                 [MASK]<|endoftext|>|usedBuiltInAnalyzers<|endoftext|>|usedBuiltInAnalyzers<|endoftext|>| [MASK] <|endoftext|>|MASK <|endoftext|>| [MASK]<|endoftext|>|MASK <|endoftext|>| MASK<|endoftext|>| MASK <|endoftext|>| MASK <|endoftext|>|[MASK]<|endoftext|>| MASK <|endoftext|>| MASK<|endoftext|>| MASK );
        builder.startObject(""synonyms"");
        builder.map(usedSynonyms);
        builder",
801,builder,MASK,False,4,MASK|MASK|MASK|MASK," [MASK]
                  <|endoftext|>"," [MASK]
                  <|endoftext|>| [MASK]<|endoftext|>|MASK<|endoftext|>| MASK
                    .setServiceDiscovery(serviceDiscovery)
                    .setMetadata(metadata)
                   <|endoftext|>",
802,matcher,MASK,False,4,MASK|MASK|MASK|MASK,  [MASK] <|endoftext|>,"  [MASK] <|endoftext|>| [MASK]<|endoftext|>|MASK<|endoftext|>|MASK 
            );
        }, () -> {
            TestCaseSupplier.TypedData fieldTypedData = fieldSupplier",
803,counter,MASK,False,4,MASK|MASK|MASK|MASK,[MASK]<|endoftext|>,[MASK]<|endoftext|>|  [MASK] <|endoftext|>| MASK <|endoftext|>| MASK <|endoftext|>,
804,mediaPeriod,periodId,False,3,periodId|MASK|mediaPeriod,"periodId= */ null, /* mediaPeriodId= */ null, /* mediaSourceId= */","periodId= */ null, /* mediaPeriodId= */ null, /* mediaSourceId= */|[MASK]<|endoftext|>|mediaPeriod  MASK <|endoftext|>",
805,responseHeaders,MASK,False,8,MASK|MASK|MASK|MASK|MASK|MASK|MASK|MASK,[MASK]<|endoftext|>,[MASK]<|endoftext|>|[MASK]<|endoftext|>|[MASK]<|endoftext|>| MASK<|endoftext|>|[MASK]<|endoftext|>|MASK <|endoftext|>|MASK<|endoftext|>|MASK<|endoftext|>,
806,oldtz,srpen,False,2,srpen|1970 11 01 0:00:00," ""srpen"",               ""1970 08 01 0:0"," ""srpen"",               ""1970 08 01 0:0|            ""1970 11 01 0:00:00",
807,buyPrice,MASK,False,12,MASK|MASK|MASK|MASK|MASK|MASK|MASK|BUY_PRICE|MASK|MASK|MASK|MASK, [MASK]<|endoftext|>, [MASK]<|endoftext|>|[MASK]<|endoftext|>|[MASK]<|endoftext|>| MASK <|endoftext|>|MASK<|endoftext|>|MASK<|endoftext|>| MASK<|endoftext|>|BUY_PRICE<|endoftext|>| MASK<|endoftext|>| MASK<|endoftext|>| MASK<|endoftext|>| MASK<|endoftext|>,
808,activityInfo,MASK,False,4,MASK|activityInfo|info|info, [MASK]<|endoftext|>, [MASK]<|endoftext|>|activityInfo<|endoftext|>|info<|endoftext|>|info<|endoftext|>,
809,duration,MASK,False,3,MASK|MASK|MASK,[MASK] <|endoftext|>,"[MASK] <|endoftext|>|  [MASK] <|endoftext|>| MASK  );
            } else {
                logger.trace(""No job updates to process""<|endoftext|>",
810,limit,);,False,4,);|{|dateStyle|Offset,");
            DateFormat fmtRelTime = DateFormat.getTimeInstance(dateStyle, loc);
            DateFormat fmtDateTime =",");
            DateFormat fmtRelTime = DateFormat.getTimeInstance(dateStyle, loc);
            DateFormat fmtDateTime =| {
                cal.setTime(today);
                cal.add(Calendar.DAY_OF_MONTH, dayOffset);
                Date date| dateStyle + "", dayOffset "" + dayOffset);
                }

                // check that timeStr is|Offset);
                }

                // check that timeStr is in dateTimeStr
                if ( dateTimeStr",
811,settingValue,MASK,False,12,MASK|MASK|MASK|MASK|MASK|MASK|MASK|MASK|MASK|MASK|MASK|MASK, [MASK]<|endoftext|>," [MASK]<|endoftext|>|[MASK]<|endoftext|>| MASK <|endoftext|>|[MASK]<|endoftext|>| MASK <|endoftext|>| [MASK]<|endoftext|>| MASK<|endoftext|>|MASK<|endoftext|>| MASK , Property.DeprecatedWarning, Property.SkipDeprecationCheck
       <|endoftext|>|MASK <|fim_middle|>MASK <|file_sep|><|fim_prefix|>/elastic-agent-libs/libbeat/beat/beat.go
| MASK<|endoftext|>| MASK , Property.DeprecatedWarning, Property.SkipDeprecationCheck)
            .putList(""de",
812,dirtyType,MASK,False,3,MASK|MASK|markedDirtyResult, [MASK] <|endoftext|>," [MASK] <|endoftext|>|MASK <|endoftext|>|markedDirtyResult.getDirtyState() == DirtyType.CHANGE);
      visit(
          markedDirtyResult",
813,position,MASK,False,2,MASK|MASK,  [MASK]<|endoftext|>,"  [MASK]<|endoftext|>|MASK , group), group);
    }

    @Override
    protected void assertCompositeGroup(List<",
814,className,MASK,False,12,MASK|MASK|MASK|MASK|MASK|MASK|MASK|MASK|MASK|MASK|MASK|MASK,[MASK]<|endoftext|>,[MASK]<|endoftext|>|[MASK]<|endoftext|>|[MASK]<|endoftext|>|[MASK]<|endoftext|>|[MASK]<|endoftext|>| MASK<|endoftext|>|[MASK]<|endoftext|>|[MASK]<|endoftext|>|MASK<|endoftext|>|MASK<|endoftext|>|MASK<|endoftext|>|MASK<|endoftext|>,
815,namedXContentRegistry,MASK,False,8,MASK|MASK|MASK|MASK|MASK|MASK|MASK|MASK,[MASK]<|fim_pad|><|fim_pad|><|fim_pad|><|fim_pad|><|fim_pad|><|fim_pad|><|fim_pad|><|fim_pad|><|fim_pad|><|fim_pad|><|fim_pad|><|fim_pad|><|fim_pad|><|fim_pad|><|fim_pad|><|fim_pad|><|fim_pad|>,[MASK]<|fim_pad|><|fim_pad|><|fim_pad|><|fim_pad|><|fim_pad|><|fim_pad|><|fim_pad|><|fim_pad|><|fim_pad|><|fim_pad|><|fim_pad|><|fim_pad|><|fim_pad|><|fim_pad|><|fim_pad|><|fim_pad|><|fim_pad|>| [MASK]<|fim_pad|><|fim_pad|><|fim_pad|><|fim_pad|><|fim_pad|><|fim_pad|><|fim_pad|><|fim_pad|><|fim_pad|><|fim_pad|><|fim_pad|><|fim_pad|><|fim_pad|><|fim_pad|><|fim_pad|><|fim_pad|><|fim_pad|>|[MASK]<|fim_pad|><|fim_pad|><|fim_pad|><|fim_pad|><|fim_pad|><|fim_pad|><|fim_pad|><|fim_pad|><|fim_pad|><|fim_pad|><|fim_pad|><|fim_pad|><|fim_pad|><|fim_pad|><|fim_pad|><|fim_pad|><|fim_pad|>|MASK<|endoftext|>|MASK<|fim_pad|><|fim_pad|><|fim_pad|><|fim_pad|><|fim_pad|><|fim_pad|><|fim_pad|><|fim_pad|><|fim_pad|><|fim_pad|><|fim_pad|><|fim_pad|><|fim_pad|><|fim_pad|><|fim_pad|><|fim_pad|><|fim_pad|><|fim_pad|><|fim_pad|>|MASK<|fim_pad|><|fim_pad|><|fim_pad|><|fim_pad|><|fim_pad|><|fim_pad|><|fim_pad|><|fim_pad|><|fim_pad|><|fim_pad|><|fim_pad|><|fim_pad|><|fim_pad|><|fim_pad|><|fim_pad|><|fim_pad|><|fim_pad|><|fim_pad|><|fim_pad|>|MASK<|fim_pad|><|fim_pad|><|fim_pad|><|fim_pad|><|fim_pad|><|fim_pad|><|fim_pad|><|fim_pad|><|fim_pad|><|fim_pad|><|fim_pad|><|fim_pad|><|fim_pad|><|fim_pad|><|fim_pad|><|fim_pad|><|fim_pad|><|fim_pad|><|fim_pad|>|MASK<|endoftext|>,
816,fieldType,type,False,2,type|SimpleDateFormat,type  <|endoftext|>,"type  <|endoftext|>|SimpleDateFormat.class
                        && !out.isEnabled(SerializerFeature.WriteClassName)<|endoftext|>",
817,ruleContext,MASK,False,9,MASK|MASK|MASK|MASK|MASK|MASK|MASK|MASK|MASK,[MASK]<|endoftext|>,"[MASK]<|endoftext|>| [MASK] 
       <|endoftext|>|[MASK]<|endoftext|>|[MASK] 
                       <|endoftext|>|MASK<|endoftext|>|[MASK] 
        .getRule()
        .getRuleClassObject()
        .getRequired|MASK 
             <|endoftext|>| MASK 
            .getConfigurationKey(),
        actual,
        allOverrides.build(),
         MASK .| MASK 
        .getRule()
       <|endoftext|>",
818,inputFile,MASK,False,10,MASK|MASK|MASK|MASK|MASK|MASK|MASK|MASK|MASK|MASK, [MASK]<|endoftext|>," [MASK]<|endoftext|>| [MASK]<|endoftext|>|[MASK]<|endoftext|>| MASK <|endoftext|>|[MASK]<|endoftext|>| MASK  = execRoot.getRelative(input.getExecPath());
     MASK  = execRoot.getRelative|[MASK]<|endoftext|>| MASK<|endoftext|>| MASK<|endoftext|>|MASK <|endoftext|>",
819,predOwner,,False,3,|PARENT|PARENT, <|endoftext|>, <|endoftext|>|[PARENT]<|endoftext|>|PARENT<|endoftext|>,
820,annotation,annotation,True,9,annotation|MASK|MASK|MASK|MASK|MASK|MASK|MASK|MASK,annotation<|endoftext|>,annotation<|endoftext|>| [MASK] <|endoftext|>|[MASK] <|endoftext|>|[MASK]<|endoftext|>| MASK <|endoftext|>|[MASK]<|endoftext|>|[MASK]<|endoftext|>| MASK Type<|endoftext|>| MASK<|endoftext|>,
821,serializeTestFail,cc,False,10,cc|October|yyyy|true|th|Oct|Item|th|UTC|);,"cc MMM dd"",      null),
                new TestMultiPatternMatchItem(false,      ""20","cc MMM dd"",      null),
                new TestMultiPatternMatchItem(false,      ""20|13 October 16 Q4"",         ""yyyy MMM dd QQQ"",      ""2| ""yyyy MMM dd QQQ"",      ""2013 Oct 16 4th|(true,       ""2013 Oct 19 Q4"",             ""yyyy MMM dd|0 4th quarter"",    ""yyyy MMM dd qqqq"",      ""201|"",      ""2013 Oct 20 4th quarter""),
                new TestMulti|Item(false,      ""2013 Oct 22 4th quarter"",    ""|2 4th quarter"",    ""yyyy MMM dd qqqq"",      ""201|UTC""));
        cal.setTime(d);
        for (TestMultiPatternMatchItem item : items) {
|);
            if (item.expectedResult == null) {
                if (p.getErrorIndex() != -",
822,services,services,True,3,services|MASK|MASK,"services
    // null once provider is selected
    private Iterator<Service> services;

    // next","services
    // null once provider is selected
    private Iterator<Service> services;

    // next|  [MASK] <|fim_pad|><|fim_pad|><|fim_pad|><|fim_pad|><|fim_pad|><|fim_pad|><|fim_pad|><|fim_pad|><|fim_pad|><|fim_pad|><|fim_pad|><|fim_pad|><|fim_pad|><|fim_pad|><|fim_pad|>|MASK
               <|fim_pad|><|fim_pad|><|fim_pad|><|fim_pad|><|fim_pad|><|fim_pad|><|fim_pad|><|fim_pad|><|fim_pad|><|fim_pad|><|fim_pad|><|fim_pad|><|fim_pad|><|fim_pad|><|fim_pad|><|fim_pad|><|fim_pad|>",
823,onlyIfAbsent,mc,False,3,mc|e|It," mc = modCount;
                for (Node<K,V> e : tab) {
                    for (;"," mc = modCount;
                for (Node<K,V> e : tab) {
                    for (;| = e.next)
                        action.accept(e.key);
                }
                if (modCount != mc)
|.  It does not
     * support the {@code add} or {@code addAll}",
824,annotation,MASK,False,11,MASK|MASK|MASK|MASK|MASK|MASK|MASK|MASK|MASK|MASK|MASK,[MASK]<|endoftext|>,[MASK]<|endoftext|>|[MASK]<|endoftext|>|MASK<|endoftext|>|[MASK] <|endoftext|>|[MASK]<|endoftext|>| MASK<|endoftext|>|[MASK]<|endoftext|>|[MASK]<|endoftext|>|[MASK]<|endoftext|>|[MASK]<|endoftext|>| MASK<|endoftext|>,
825,snapshotMetrics,MASK,False,2,MASK|MASK,[MASK]<|endoftext|>,[MASK]<|endoftext|>|MASK<|endoftext|>,
826,backingIndices,MASK,False,4,MASK|MASK|MASK|MASK, [MASK]<|endoftext|>, [MASK]<|endoftext|>| [MASK]<|endoftext|>|[MASK]<|endoftext|>|MASK <|endoftext|>,
827,bound,bound,True,2,bound|bounds,"bound of the stdDeviation
     * @param bounds the type of bound to return
    ","bound of the stdDeviation
     * @param bounds the type of bound to return
    |bounds<|endoftext|>",
828,token,token,True,3,token|token|token,token<|endoftext|>,"token<|endoftext|>|token<|endoftext|>|token  == XContentParser.Token.START_OBJECT) {
                if (Fields.REQUEST.match(currentFieldName,",
829,amountX,amountX,True,38,amountX||MASK||MASK|MASK|MASK|MASK|MASK|MASK||MASK|MASK|MASK|delta|fim_pad|MASK|MASK|MASK|MASK|MASK|MASK|MASK|overscrollDistance||MASK|MASK|MASK|file_sep|MASK|MASK|MASK|MASK|MASK|MASK|MASK|MASK|MASK,amountX<|fim_pad|><|fim_pad|><|fim_pad|><|fim_pad|><|fim_pad|><|fim_pad|><|fim_pad|><|fim_pad|><|fim_pad|><|fim_pad|><|fim_pad|><|fim_pad|><|fim_pad|><|fim_pad|><|fim_pad|><|fim_pad|><|fim_pad|><|fim_pad|>,"amountX<|fim_pad|><|fim_pad|><|fim_pad|><|fim_pad|><|fim_pad|><|fim_pad|><|fim_pad|><|fim_pad|><|fim_pad|><|fim_pad|><|fim_pad|><|fim_pad|><|fim_pad|><|fim_pad|><|fim_pad|><|fim_pad|><|fim_pad|><|fim_pad|>|<|endoftext|>| [MASK]<|fim_pad|><|fim_pad|><|fim_pad|><|fim_pad|><|fim_pad|><|fim_pad|><|fim_pad|><|fim_pad|><|fim_pad|><|fim_pad|><|fim_pad|><|fim_pad|><|fim_pad|><|fim_pad|><|fim_pad|><|fim_pad|><|fim_pad|>|<|endoftext|>| [MASK]<|fim_pad|><|fim_pad|><|fim_pad|><|fim_pad|><|fim_pad|><|fim_pad|><|fim_pad|><|fim_pad|><|fim_pad|><|fim_pad|><|fim_pad|><|fim_pad|><|fim_pad|><|fim_pad|><|fim_pad|><|fim_pad|><|fim_pad|>| [MASK]<|fim_pad|><|fim_pad|><|fim_pad|><|fim_pad|><|fim_pad|><|fim_pad|><|fim_pad|><|fim_pad|><|fim_pad|><|fim_pad|><|fim_pad|><|fim_pad|><|fim_pad|><|fim_pad|><|fim_pad|><|fim_pad|><|fim_pad|>| [MASK]<|fim_pad|><|fim_pad|><|fim_pad|><|fim_pad|><|fim_pad|><|fim_pad|><|fim_pad|><|fim_pad|><|fim_pad|><|fim_pad|><|fim_pad|><|fim_pad|><|fim_pad|><|fim_pad|><|fim_pad|><|fim_pad|><|fim_pad|>| [MASK]<|fim_pad|><|fim_pad|><|fim_pad|><|fim_pad|><|fim_pad|><|fim_pad|><|fim_pad|><|fim_pad|><|fim_pad|><|fim_pad|><|fim_pad|><|fim_pad|><|fim_pad|><|fim_pad|><|fim_pad|><|fim_pad|><|fim_pad|>| MASK<|fim_pad|><|fim_pad|><|fim_pad|><|fim_pad|><|fim_pad|><|fim_pad|><|fim_pad|><|fim_pad|><|fim_pad|><|fim_pad|><|fim_pad|><|fim_pad|><|fim_pad|><|fim_pad|><|fim_pad|><|fim_pad|><|fim_pad|><|fim_pad|><|fim_pad|>| [MASK]<|endoftext|>|<|endoftext|>| [MASK]<|endoftext|>|MASK  - visualAmountX) * 7 * delta)));
				else
					visualScroll| MASK<|endoftext|>|) * 7 * delta)));
				animating = true;
			}
			if (visual|<|fim_pad|><|fim_pad|><|fim_pad|><|fim_pad|><|fim_pad|><|fim_pad|><|fim_pad|><|fim_pad|><|fim_pad|><|fim_pad|><|fim_pad|><|fim_pad|><|fim_pad|><|fim_pad|><|fim_pad|><|fim_pad|><|fim_pad|><|fim_pad|><|fim_pad|><|fim_pad|>| MASK<|endoftext|>| [MASK]<|fim_pad|><|fim_pad|><|fim_pad|><|fim_pad|><|fim_pad|><|fim_pad|><|fim_pad|><|fim_pad|><|fim_pad|><|fim_pad|><|fim_pad|><|fim_pad|><|fim_pad|><|fim_pad|><|fim_pad|><|fim_pad|><|fim_pad|>| [MASK]<|fim_pad|><|fim_pad|><|fim_pad|><|fim_pad|><|fim_pad|><|fim_pad|><|fim_pad|><|fim_pad|><|fim_pad|><|fim_pad|><|fim_pad|><|fim_pad|><|fim_pad|><|fim_pad|><|fim_pad|><|fim_pad|><|fim_pad|>| MASK  / overscrollDistance) * delta;
					if ( [MASK]  > 0| MASK<|fim_pad|><|fim_pad|><|fim_pad|><|fim_pad|><|fim_pad|><|fim_pad|><|fim_pad|><|fim_pad|><|fim_pad|><|fim_pad|><|fim_pad|><|fim_pad|><|fim_pad|><|fim_pad|><|fim_pad|><|fim_pad|><|fim_pad|><|fim_pad|><|fim_pad|>| MASK<|fim_pad|><|fim_pad|><|fim_pad|><|fim_pad|><|fim_pad|><|fim_pad|><|fim_pad|><|fim_pad|><|fim_pad|><|fim_pad|><|fim_pad|><|fim_pad|><|fim_pad|><|fim_pad|><|fim_pad|><|fim_pad|><|fim_pad|><|fim_pad|><|fim_pad|>|[MASK]<|fim_pad|><|fim_pad|><|fim_pad|><|fim_pad|><|fim_pad|><|fim_pad|><|fim_pad|><|fim_pad|><|fim_pad|><|fim_pad|><|fim_pad|><|fim_pad|><|fim_pad|><|fim_pad|><|fim_pad|><|fim_pad|><|fim_pad|>|) / overscrollDistance) * delta;
					if ( [MASK]  < maxX) scroll|<|endoftext|>| MASK<|endoftext|>| [MASK]<|endoftext|>| [MASK] <|endoftext|>|<|file_sep|><|fim_prefix|>/Android/AndroidStudio/AndroidProject/app/src/main/java/com/unity3d/player| MASK<|endoftext|>| [MASK]  = this. [MASK] ;
		if (centerHorizontal)
			 [MASK| MASK <|endoftext|>| [MASK]<|endoftext|>|MASK  = MathUtils.clamp( [MASK] , x, x + width - actorArea| MASK <|endoftext|>| MASK <|file_sep|><|fim_prefix|>/core/src/com/brashmonkey/spriter/animation/Animation.java
|MASK<|endoftext|>| MASK<|endoftext|>",
830,context,MASK,False,16,MASK|MASK|MASK|MASK|MASK|MASK|MASK|MASK|MASK|MASK|MASK|MASK|MASK|MASK|MASK|MASK, [MASK]<|endoftext|>," [MASK]<|endoftext|>| [MASK] .searcher().getTopReaderContext().leaves().size() == 0| [MASK]<|endoftext|>|[MASK]<|endoftext|>| MASK .query() == null ? null :  MASK<|endoftext|>|[MASK]<|endoftext|>| [MASK]<|endoftext|>| MASK ,  MASK .highlight(), query, sharedCache);
        return getProcessor( MASK , highlight| [MASK]<|endoftext|>|MASK<|endoftext|>| MASK<|endoftext|>| MASK<|endoftext|>|MASK<|endoftext|>|[MASK]<|endoftext|>| MASK<|endoftext|>| MASK .getSearchExecutionContext().getForField(fieldType),
                          MASK .getSearchExecutionContext().get",
831,bucket,MASK,False,11,"MASK|MASK|MASK|MASK|MASK|MASK|MASK|[0,1]|MASK|MASK|MASKs","[MASK] A = ZeroBucket.create(3.0, 10);
        ZeroBucket","[MASK] A = ZeroBucket.create(3.0, 10);
        ZeroBucket|[MASK]<|endoftext|>|MASK .count(), equalTo(10L));
        assertThat( MASK .isIndexBased(), equalTo|[MASK]<|endoftext|>|[MASK]<|endoftext|>| [MASK]<|endoftext|>|MASK<|endoftext|>|[0,1]
                .setPositiveBucket(1, 10) //  [|MASK<|endoftext|>| MASK<|endoftext|>| MASKs with the same count but different index and<|endoftext|>",
832,workerOutputStream,MASK,False,15,MASK|MASK|MASK|MASK|MASK|MASK|MASK|MASK|MASK|MASK|MASK|MASK|MASK|MASK|MASK, [MASK]<|endoftext|>, [MASK]<|endoftext|>|[MASK]<|endoftext|>|[MASK]<|endoftext|>|[MASK]<|endoftext|>|[MASK]<|endoftext|>|MASK]<|endoftext|>| MASK<|endoftext|>|[MASK]<|endoftext|>|[MASK]<|endoftext|>|[MASK]<|endoftext|>| MASK<|endoftext|>|MASK<|endoftext|>|[MASK]<|endoftext|>|MASK<|endoftext|>| MASK<|endoftext|>,
833,attribute,attribute,True,3,attribute|attribute|attribute,"attribute.*;
import proguard.classfile.attribute.visitor.*;
import proguard.classfile.instruction.*;
import","attribute.*;
import proguard.classfile.attribute.visitor.*;
import proguard.classfile.instruction.*;
import|attribute.visitor.*;
import proguard.classfile.constant.*;
import proguard.classfile.constant.visitor.Constant|attribute   ) {}
    public void visitUnknownAttribute(Clazz clazz, Attribute attribute<|endoftext|>",
834,docIds,MASK,False,4,MASK|MASK|MASK|MASK, [MASK] <|endoftext|>, [MASK] <|endoftext|>| [MASK]  = [MASK] <|endoftext|>|[MASK]<|endoftext|>| MASK <|endoftext|>,
835,allocator,allocator,True,2,allocator|allocator,allocator<|endoftext|>,"allocator<|endoftext|>|allocator,
        startPositionUs,
        /* endPositionUs= */ C.TIME_END_OF_SOURCE,
       ",
836,response,response,True,3,response|response|response,response<|endoftext|>,response<|endoftext|>|response<|endoftext|>|response<|endoftext|>,
837,valuePerShardCounter,MASK,False,4,MASK|MASK|MASK|MASK, [MASK]<|endoftext|>, [MASK]<|endoftext|>| [MASK]<|endoftext|>|MASK<|endoftext|>| MASK<|endoftext|>,
838,expectedKeys,expectedKeys,True,3,expectedKeys|expectedKeys|expectedKeys,expectedKeys<|endoftext|>,"expectedKeys<|endoftext|>|expectedKeys<|endoftext|>|expectedKeys, String::compareTo<|endoftext|>",
839,stats,MASK,False,4,MASK|MASK|stats|MASK, [MASK] <|endoftext|>, [MASK] <|endoftext|>|MASK <|endoftext|>|stats?human&pretty&level=indices&types=_all&groups=_all&include_segment|MASK <|endoftext|>,
840,myMap,MASK,False,3,MASK|MASK|MASK, [MASK] <|fim_pad|><|fim_pad|><|fim_pad|><|fim_pad|><|fim_pad|><|fim_pad|><|fim_pad|><|fim_pad|><|fim_pad|><|fim_pad|><|fim_pad|><|fim_pad|><|fim_pad|><|fim_pad|><|fim_pad|><|fim_pad|>," [MASK] <|fim_pad|><|fim_pad|><|fim_pad|><|fim_pad|><|fim_pad|><|fim_pad|><|fim_pad|><|fim_pad|><|fim_pad|><|fim_pad|><|fim_pad|><|fim_pad|><|fim_pad|><|fim_pad|><|fim_pad|><|fim_pad|>|   MASK.put(objArray2[counter], objArray[counter]);
        LinkedHashMap hm2 = new LinkedHashMap(|MASK );
        for (int counter = 0; counter < hmSize; counter++)
            assertTrue",
841,descriptor,MASK,False,12,MASK|MASK|MASK|MASK|MASK|MASK|MASK|MASK|MASK|MASK|MASK|MASK, [MASK]<|endoftext|>," [MASK]<|endoftext|>|[MASK]<|endoftext|>|[MASK] 
     *    <|endoftext|>|[MASK]<|endoftext|>|MASK<|endoftext|>|[MASK]<|endoftext|>|[MASK]<|endoftext|>|[MASK] 
     *    <|endoftext|>|[MASK] <|endoftext|>| MASK<|endoftext|>| MASK<|endoftext|>|MASK <|endoftext|>",
842,runnable,MASK,False,4,MASK|MASK|MASK|new,[MASK]<|endoftext|>,"[MASK]<|endoftext|>|MASK<|endoftext|>|MASK<|endoftext|>| new Thread( MASK )
          .start();
      try {
        Thread.sleep(1000",
843,get_nf,uC9C4,False,2,uC9C4|uC77C,\uC9C4\uB144 \uC7243\uC6D4\uB1,"\uC9C4\uB144 \uC7243\uC6D4\uB1| 2\uC77C"",
                                                                                ""\uC784\uC9C4\uB14",
844,fields,MASK,False,17,MASK|in|MergeState|MASK|MASK|MASK|MASK|MASK||MASK|||MASK|MASK|MASK|has|MASK, [MASK] <|endoftext|>," [MASK] <|endoftext|>|in The original MergeState instance.
     * @param  [MASK] <|endoftext|>|MergeState  instance to copy.
     * @param  [MASK]  The  [MASK| [MASK] .<|endoftext|>|[MASK]<|endoftext|>|MASK<|endoftext|>| [MASK]<|endoftext|>|[MASK]<|endoftext|>|<|endoftext|>|[MASK]<|endoftext|>|<|endoftext|>|<|endoftext|>|MASK<|endoftext|>|MASK<|endoftext|>| MASK<|endoftext|>|has*  fields<|endoftext|>| MASK 
        //<|endoftext|>",
845,timeout,timeoutException,False,19,timeoutException|MASK|MASK|MASK|MASK|MASK|MASK|MASK|MASK|MASK|MASK|MASK||MASK|MASK|MASK|MASK|MASK|MASK,timeoutException<|fim_pad|><|fim_pad|><|fim_pad|><|fim_pad|><|fim_pad|><|fim_pad|><|fim_pad|><|fim_pad|><|fim_pad|><|fim_pad|><|fim_pad|><|fim_pad|><|fim_pad|><|fim_pad|><|fim_pad|><|fim_pad|><|fim_pad|><|fim_pad|>,timeoutException<|fim_pad|><|fim_pad|><|fim_pad|><|fim_pad|><|fim_pad|><|fim_pad|><|fim_pad|><|fim_pad|><|fim_pad|><|fim_pad|><|fim_pad|><|fim_pad|><|fim_pad|><|fim_pad|><|fim_pad|><|fim_pad|><|fim_pad|><|fim_pad|>|[MASK]<|fim_pad|><|fim_pad|><|fim_pad|><|fim_pad|><|fim_pad|><|fim_pad|><|fim_pad|><|fim_pad|><|fim_pad|><|fim_pad|><|fim_pad|><|fim_pad|><|fim_pad|><|fim_pad|><|fim_pad|><|fim_pad|><|fim_pad|>|[MASK]<|fim_pad|><|fim_pad|><|fim_pad|><|fim_pad|><|fim_pad|><|fim_pad|><|fim_pad|><|fim_pad|><|fim_pad|><|fim_pad|><|fim_pad|><|fim_pad|><|fim_pad|><|fim_pad|><|fim_pad|><|fim_pad|><|fim_pad|>| [MASK]<|fim_pad|><|fim_pad|><|fim_pad|><|fim_pad|><|fim_pad|><|fim_pad|><|fim_pad|><|fim_pad|><|fim_pad|><|fim_pad|><|fim_pad|><|fim_pad|><|fim_pad|><|fim_pad|><|fim_pad|><|fim_pad|><|fim_pad|>|[MASK]<|fim_pad|><|fim_pad|><|fim_pad|><|fim_pad|><|fim_pad|><|fim_pad|><|fim_pad|><|fim_pad|><|fim_pad|><|fim_pad|><|fim_pad|><|fim_pad|><|fim_pad|><|fim_pad|><|fim_pad|><|fim_pad|><|fim_pad|>| [MASK]<|fim_pad|><|fim_pad|><|fim_pad|><|fim_pad|><|fim_pad|><|fim_pad|><|fim_pad|><|fim_pad|><|fim_pad|><|fim_pad|><|fim_pad|><|fim_pad|><|fim_pad|><|fim_pad|><|fim_pad|><|fim_pad|><|fim_pad|>|MASK<|endoftext|>|MASK<|fim_pad|><|fim_pad|><|fim_pad|><|fim_pad|><|fim_pad|><|fim_pad|><|fim_pad|><|fim_pad|><|fim_pad|><|fim_pad|><|fim_pad|><|fim_pad|><|fim_pad|><|fim_pad|><|fim_pad|><|fim_pad|><|fim_pad|><|fim_pad|><|fim_pad|>|[MASK]<|fim_pad|><|fim_pad|><|fim_pad|><|fim_pad|><|fim_pad|><|fim_pad|><|fim_pad|><|fim_pad|><|fim_pad|><|fim_pad|><|fim_pad|><|fim_pad|><|fim_pad|><|fim_pad|><|fim_pad|><|fim_pad|><|fim_pad|>|MASK<|endoftext|>|MASK<|endoftext|>|[MASK]<|fim_pad|><|fim_pad|><|fim_pad|><|fim_pad|><|fim_pad|><|fim_pad|><|fim_pad|><|fim_pad|><|fim_pad|><|fim_pad|><|fim_pad|><|fim_pad|><|fim_pad|><|fim_pad|><|fim_pad|><|fim_pad|><|fim_pad|>|<|endoftext|>|[MASK]<|fim_pad|><|fim_pad|><|fim_pad|><|fim_pad|><|fim_pad|><|fim_pad|><|fim_pad|><|fim_pad|><|fim_pad|><|fim_pad|><|fim_pad|><|fim_pad|><|fim_pad|><|fim_pad|><|fim_pad|><|fim_pad|><|fim_pad|>|MASK<|fim_pad|><|fim_pad|><|fim_pad|><|fim_pad|><|fim_pad|><|fim_pad|><|fim_pad|><|fim_pad|><|fim_pad|><|fim_pad|><|fim_pad|><|fim_pad|><|fim_pad|><|fim_pad|><|fim_pad|><|fim_pad|><|fim_pad|><|fim_pad|><|fim_pad|>|[MASK]<|endoftext|>|MASK<|endoftext|>|[MASK]<|endoftext|>| MASK<|endoftext|>,
846,loader,MASK,False,10,MASK|MASK|MASK|MASK|MASK|MASK|MASK|MASK|MASK|MASK, [MASK]<|endoftext|>, [MASK]<|endoftext|>|[MASK]<|endoftext|>| [MASK]<|endoftext|>|MASK]<|endoftext|>| MASK<|endoftext|>|[MASK]<|endoftext|>|[MASK]<|endoftext|>|MASK<|endoftext|>|[MASK]<|endoftext|>|MASK<|endoftext|>,
847,newReplica,MASK,False,15,MASK|MASK|MASK|MASK|MASK|MASK|MASK|MASK|MASK|MASK|MASK|MASK|MASK|MASK|MASK, [MASK]<|endoftext|>," [MASK]<|endoftext|>|[MASK]<|endoftext|>| MASK  .getTranslog()
               <|endoftext|>|[MASK]<|endoftext|>|MASK );
            // file based recovery should be made
            assertThat( [MASK] .recovery|[MASK] .recoveryState().getTranslog().recoveredOperations(), equalTo(numDocs));
|MASK <|endoftext|>|[MASK] .getHistoryUUID(), equalTo(historyUUIDtoUse));
            assertThat( [MASK]| MASK .store().directory()
                .listAll()
                .stream()
                .filter(p ->|MASK<|endoftext|>|MASK <|endoftext|>|MASK ]<|endoftext|>|MASK<|endoftext|>|[MASK] .recoveryState().getTranslog().recoveredOperations(), equalTo(uncommittedDocs|MASK .recoveryState().getTranslog().totalOperations(), equalTo(initDocs + moreDocs));
",
848,request,MASK,False,7,MASK|MASK|MASK|MASK|MASK|MASK|MASK, [MASK]<|endoftext|>, [MASK]<|endoftext|>|[MASK]<|endoftext|>| MASK<|endoftext|>|[MASK] <|endoftext|>| [MASK]<|endoftext|>| MASK<|endoftext|>|MASK<|endoftext|>,
849,e1size,e1size,True,2,e1size|e1size,e1size<|endoftext|>,e1size<|endoftext|>|e1size<|endoftext|>,
850,field,MASK,False,5,MASK|MASK|MASK|MASK|MASK, [MASK]<|endoftext|>, [MASK]<|endoftext|>|[MASK]<|endoftext|>|[MASK]<|endoftext|>|[MASK]<|endoftext|>|MASK<|endoftext|>,
851,allMethodsAndStaticVars,MASK,False,5,MASK|MASK|MASK|MASK|MASK, [MASK] <|endoftext|>," [MASK] <|endoftext|>| [MASK]<|endoftext|>| [MASK]<|endoftext|>| MASK<|endoftext|>| MASK
   <|endoftext|>",
852,pictureData,MASK,False,16,MASK|MASK|MASK|MASK||MASK|MASK||||MASK|MASK|MASK||MASK|, [MASK] <|endoftext|>, [MASK] <|endoftext|>| [MASK] <|endoftext|>| [MASK]<|endoftext|>| MASK <|endoftext|>|<|endoftext|>| MASK <|endoftext|>| [MASK]<|endoftext|>| <|endoftext|>| <|endoftext|>|<|endoftext|>| [MASK]<|endoftext|>| [MASK] <|endoftext|>|MASK ]<|endoftext|>|<|endoftext|>| MASK<|endoftext|>|<|endoftext|>,
853,className,className,True,2,className|className,     className  <|endoftext|>,"     className  <|endoftext|>|className.replace( '.', '/' )<|endoftext|>",
854,staticMethodsForExtensions,MASK,False,2,MASK|MASK,[MASK] <|endoftext|>,[MASK] <|endoftext|>|MASK<|endoftext|>,
855,includeQueuedWatches,includeQueuedWatches,True,3,includeQueuedWatches|includeQueuedWatches|includeQueuedWatches,"includeQueuedWatches) {
        request().includeQueuedWatches(includeQueuedWatches","includeQueuedWatches) {
        request().includeQueuedWatches(includeQueuedWatches|includeQueuedWatches( includeQueuedWatches );
        return this;
    }

    public|includeQueuedWatches<|endoftext|>",
856,canvas,,False,2,|canvas, <|endoftext|>," <|endoftext|>|canvas
         <|endoftext|>",
857,branchInstruction,MASK,False,2,MASK|new,[MASK] <|endoftext|>,"[MASK] <|endoftext|>|new BranchInstruction(InstructionConstants.OP_GOTO_W,
                                                                                        codeAttribute.u4codeLength - offset",
858,minSdkVersion,minSdkVersion,True,6,minSdkVersion|MASK|MASK|MASK|file_sep|oldFile,minSdkVersion<|endoftext|>,"minSdkVersion<|endoftext|>| [MASK]<|endoftext|>| [MASK]<|fim_pad|><|fim_pad|><|fim_pad|><|fim_pad|><|fim_pad|><|fim_pad|><|fim_pad|><|fim_pad|><|fim_pad|><|fim_pad|><|fim_pad|><|fim_pad|><|fim_pad|><|fim_pad|><|fim_pad|><|fim_pad|><|fim_pad|>|MASK<|endoftext|>|<|file_sep|><|fim_prefix|>/tinker-android-anno/src/main/java/com/tencent/tinker/android/anno/annotation|oldFile.getAbsolutePath()  )
                      .append("" minSdkVersion  ""<|fim_pad|><|fim_pad|><|fim_pad|><|fim_pad|><|fim_pad|>",
859,interval,MASK,False,5,MASK|MASK|MASK|MASK|MASK, [MASK] <|endoftext|>," [MASK] <|endoftext|>|[MASK] <|endoftext|>|[MASK] <|endoftext|>| MASK  =  MASK ;
			}

			public Duration getDelayAfterFailure() {
				return| MASK<|endoftext|>",
860,oldValues,MASK,False,6,MASK|MASK|MASK|MASK|MASK|MASK,[MASK]<|endoftext|>,"[MASK]<|endoftext|>|[MASK]<|endoftext|>| MASK <|endoftext|>| MASK<|endoftext|>| MASK <|endoftext|>| MASK .size() + values.size(), multimap().size());
    assertTrue(multimap().get",
861,texture,MASK,False,6,MASK||MASK|MASK|MASK|MASK, [MASK] <|endoftext|>, [MASK] <|endoftext|>|<|endoftext|>| [MASK] .getTextureFile().getName()<|endoftext|>|[MASK]<|endoftext|>|[MASK]<|endoftext|>|MASK<|endoftext|>,
862,vertexNumbers,MASK,False,4,MASK|MASK|MASK|MASK, [MASK] <|endoftext|>," [MASK] <|endoftext|>| [MASK]<|endoftext|>| MASK  .size());
            vertex.toXContent(builder, extendedParams);
            builder.endObject();
| MASK );
            connection.toXContent(builder, extendedParams,  MASK<|endoftext|>",
863,relation,randomIdentifier,False,11,randomIdentifier|MASK|MASK|MASK|MASK|MASK|MASK|MASK|MASK|MASK|MASK,"randomIdentifier;
import static org.elasticsearch.xpack.esql.optimizer.LocalLogicalPlanOptimizerTests.randomList;
","randomIdentifier;
import static org.elasticsearch.xpack.esql.optimizer.LocalLogicalPlanOptimizerTests.randomList;
| [MASK]<|endoftext|>|[MASK]<|endoftext|>|[MASK]<|endoftext|>|MASK <|endoftext|>|[MASK]<|endoftext|>|MASK<|endoftext|>| MASK <|endoftext|>|[MASK]<|endoftext|>| MASK<|endoftext|>| MASK<|endoftext|>",
864,newChild,field,False,2,field|field,field<|endoftext|>,field<|endoftext|>|field<|endoftext|>,
865,validationException,MASK,False,8,MASK|MASK|MASK|MASK|MASK|MASK|MASK|MASK,[MASK]<|endoftext|>,[MASK]<|endoftext|>|[MASK]<|endoftext|>|[MASK]<|endoftext|>|[MASK]<|endoftext|>| MASK<|endoftext|>|MASK<|endoftext|>|MASK<|endoftext|>| MASK <|endoftext|>,
866,dateText,yyyy,False,2,yyyy|ITESPACE_DIFFERENT,"yyyy-LLL--dd"",     ""2008-Jan--02""),
            new Test","yyyy-LLL--dd"",     ""2008-Jan--02""),
            new Test|ITESPACE_DIFFERENT, item.leniency);
            ParsePosition pp = new ParsePosition(",
867,requestOptionsExtensionGenerator,,False,3,|MASK|, <|endoftext|>, <|endoftext|>|  [MASK]<|endoftext|>| <|endoftext|>,
868,nonPushableLimitValue,MASK,False,3,MASK|MASK|MASK,  [MASK] <|endoftext|>,  [MASK] <|endoftext|>|  [MASK] <|endoftext|>| MASK <|endoftext|>,
869,allowChunklessPreparation,MASK,False,12,MASK|MASK|MASK|MASK|MASK|MASK|MASK|MASK|MASK|MASK|MASK|MASK, [MASK]<|endoftext|>," [MASK]<|endoftext|>| [MASK]<|fim_pad|><|fim_pad|><|fim_pad|><|fim_pad|><|fim_pad|><|fim_pad|><|fim_pad|><|fim_pad|><|fim_pad|><|fim_pad|><|fim_pad|><|fim_pad|><|fim_pad|><|fim_pad|><|fim_pad|><|fim_pad|><|fim_pad|>|[MASK]<|endoftext|>|MASK<|endoftext|>|MASK<|endoftext|>|MASK<|endoftext|>| [MASK]<|endoftext|>| [MASK]<|endoftext|>|MASK<|endoftext|>|MASK  =
       MASK ;
  <|endoftext|>|MASK<|endoftext|>| MASK<|endoftext|>",
870,atomicBoolean,MASK,False,8,MASK|MASK|MASK|MASK|MASK|MASK|MASK|MASK, [MASK]<|fim_pad|><|fim_pad|><|fim_pad|><|fim_pad|><|fim_pad|><|fim_pad|><|fim_pad|><|fim_pad|><|fim_pad|><|fim_pad|><|fim_pad|><|fim_pad|><|fim_pad|><|fim_pad|><|fim_pad|><|fim_pad|><|fim_pad|>," [MASK]<|fim_pad|><|fim_pad|><|fim_pad|><|fim_pad|><|fim_pad|><|fim_pad|><|fim_pad|><|fim_pad|><|fim_pad|><|fim_pad|><|fim_pad|><|fim_pad|><|fim_pad|><|fim_pad|><|fim_pad|><|fim_pad|><|fim_pad|>| [MASK]<|fim_pad|><|fim_pad|><|fim_pad|><|fim_pad|><|fim_pad|><|fim_pad|><|fim_pad|><|fim_pad|><|fim_pad|><|fim_pad|><|fim_pad|><|fim_pad|><|fim_pad|><|fim_pad|><|fim_pad|><|fim_pad|><|fim_pad|>|[MASK]<|fim_pad|><|fim_pad|><|fim_pad|><|fim_pad|><|fim_pad|><|fim_pad|><|fim_pad|><|fim_pad|><|fim_pad|><|fim_pad|><|fim_pad|><|fim_pad|><|fim_pad|><|fim_pad|><|fim_pad|><|fim_pad|><|fim_pad|>|MASK .get());
        build = Settings.builder().put(""foo.bar"", false).build();
       |[MASK]<|fim_pad|><|fim_pad|><|fim_pad|><|fim_pad|><|fim_pad|><|fim_pad|><|fim_pad|><|fim_pad|><|fim_pad|><|fim_pad|><|fim_pad|><|fim_pad|><|fim_pad|><|fim_pad|><|fim_pad|><|fim_pad|><|fim_pad|>|MASK ::set, logger);
        Settings build = Settings.builder().put(""foo.bar"", false).|MASK<|fim_pad|><|fim_pad|><|fim_pad|><|fim_pad|><|fim_pad|><|fim_pad|><|fim_pad|><|fim_pad|><|fim_pad|><|fim_pad|><|fim_pad|><|fim_pad|><|fim_pad|><|fim_pad|><|fim_pad|><|fim_pad|><|fim_pad|><|fim_pad|><|fim_pad|>|MASK<|endoftext|>",
871,receiverClass,unbox,False,3,unbox|unbox|unbox,unbox( [MASK] )<|endoftext|>,"unbox( [MASK] )<|endoftext|>|unbox<|endoftext|>|unbox
          <|endoftext|>",
872,defaultValue,current,False,2,current|current,"     // current entry
        int expectedModCount;  // for fast-fail
        int","     // current entry
        int expectedModCount;  // for fast-fail
        int| current slot

        HashIterator() {
            expectedModCount = modCount;
            Node<K,V",
873,inline,inline,True,5,inline|MASK|MASK|MASK|isInline,inline<|endoftext|>,inline<|endoftext|>| [MASK]<|endoftext|>|MASK<|endoftext|>| MASK <|endoftext|>|isInline<|endoftext|>,
874,level,level,True,14,level|MASK|MASK|MASK|MASK|MASK|MASK||MASK|MASK|MASK|MASK|MASK|MASK,level<|endoftext|>,level<|endoftext|>| [MASK]<|endoftext|>| [MASK]<|endoftext|>| [MASK] <|endoftext|>| [MASK] <|endoftext|>| [MASK] <|endoftext|>| [MASK] <|endoftext|>|<|endoftext|>| MASK<|endoftext|>| [MASK] <|endoftext|>| MASK<|endoftext|>| MASK <|endoftext|>| MASK<|endoftext|>| MASK<|endoftext|>,
875,onreturnMethod,MASK,False,5,MASK|MASK|MASK|MASK|MASK, [MASK] <|endoftext|>," [MASK] <|endoftext|>| [MASK]<|endoftext|>|[MASK] <|endoftext|>| MASK  =  MASK ;
    }

    public Method getOnthrowMethod() {
        return on| MASK<|endoftext|>",
876,intValues,Scope,False,4,Scope|foo|NodeScope|but,"Scope(), is(false));

        // Those should fail
        expectThrows(IllegalArgumentException.class, () ->","Scope(), is(false));

        // Those should fail
        expectThrows(IllegalArgumentException.class, () ->|(""foo.bar"");
        assertThat(setting.hasIndexScope(), is(false));
        assertThat(setting.hasNodeScope|NodeScope(), is(false));

        // Those should fail
        expectThrows(IllegalArgumentException.class, ()| but they will be rejected when we register with SettingsModule.registerSetting
        setting = Setting.simpleString",
877,whitelists,MASK,False,3,MASK|MASK|MASK,  [MASK] <|endoftext|>,"  [MASK] <|endoftext|>|MASK
            .add(WhitelistLoader.loadFromResourceFiles(PainlessPlugin.class, ""org|MASK );
        contexts.put(TestIntFieldScript.CONTEXT,  MASK );
        contexts.put(TestInt",
878,observer,observer,True,2,observer|observer,"observer
   <|endoftext|>","observer
   <|endoftext|>|observer<|endoftext|>",
879,moRef,MASK,False,3,MASK|MASK|MASK,  [MASK] <|endoftext|>,"  [MASK] <|endoftext|>|MASK<|endoftext|>|MASK
           <|endoftext|>",
880,annotatedElement,MASK,False,6,MASK|MASK|MASK|MASK|MASK|MASK,[MASK]<|endoftext|>,[MASK]<|endoftext|>|[MASK]<|endoftext|>|[MASK]<|endoftext|>|MASK<|endoftext|>|MASK<|endoftext|>|MASK<|endoftext|>,
881,slash,,False,3,||+ 1);,      <|endoftext|>,"      <|endoftext|>|<|endoftext|>|+ 1);
      if (verbose) System.out.println(""Adding parent dir "" + dir +",
882,doConnect,MASK,False,4,MASK|MASK|ps|MASK, [MASK]  = false<|endoftext|>, [MASK]  = false<|endoftext|>|MASK<|fim_pad|><|fim_pad|><|fim_pad|><|fim_pad|><|fim_pad|><|fim_pad|><|fim_pad|><|fim_pad|><|fim_pad|><|fim_pad|><|fim_pad|><|fim_pad|><|fim_pad|><|fim_pad|><|fim_pad|><|fim_pad|><|fim_pad|><|fim_pad|><|fim_pad|>|ps != null<|endoftext|>| MASK<|endoftext|>,
883,dataSource,MASK,False,2,MASK|dataSource,[MASK]<|endoftext|>,[MASK]<|endoftext|>|dataSource<|endoftext|>,
884,rowIndices,MASK,False,12,MASK|MASK|MASK|MASK|MASK|MASK|MASK|MASK|MASK|MASK|MASK|MASK,[MASK] <|endoftext|>,"[MASK] <|endoftext|>|[MASK] <|endoftext|>|[MASK]  =  [MASK] ;
    }

    public RowReorderChange(Integer[]| MASK <|endoftext|>|[MASK]<|endoftext|>|[MASK]<|endoftext|>|[MASK]<|endoftext|>|MASK<|endoftext|>| [MASK]<|endoftext|>|MASK<|endoftext|>| MASK<|endoftext|>| MASK <|endoftext|>",
885,meanTime,MASK,False,11,MASK||MASK|MASK|MASK|MASK|MASK|MASK|MASK|MASK|MASK, [MASK]<|endoftext|>," [MASK]<|endoftext|>|<|endoftext|>| [MASK]  = deltaTime;
			numSamples++;
		}

		public void update (float| [MASK]<|endoftext|>| [MASK]<|endoftext|>|MASK<|endoftext|>| MASK <|endoftext|>|MASK  = getAverage(this. MASK , numSamples) / 100000| MASK , numSamples) / 1000000000.0f|MASK<|endoftext|>| MASK<|endoftext|>",
886,toBytes,MASK,False,12,MASK|MASK|MASK|MASK|MASK|MASK|MASK|MASK|MASK|MASK|MASK|, [MASK]<|endoftext|>, [MASK]<|endoftext|>|[MASK]<|endoftext|>|[MASK]<|endoftext|>| MASK <|endoftext|>|[MASK]<|endoftext|>| MASK<|endoftext|>|[MASK]<|endoftext|>| MASK<|endoftext|>|[MASK]<|endoftext|>|MASK <|endoftext|>|MASK<|endoftext|>|<|endoftext|>,
887,yearLen,yowby,False,9,yowby|as|_OF_YEAR|int|MASK|int|MASK|int|int,") != yowby) {
          throw new DateTimeException(
              ""Strict mode rejected resolved date",") != yowby) {
          throw new DateTimeException(
              ""Strict mode rejected resolved date| as it is in a different week-based-year"");
                }
            }
            fieldValues.remove(this);
|_OF_YEAR)) {
                return WEEK_OF_WEEK_BASED_YEAR_RANGE;
            }
            int dow =| int doy = temporal.get(DAY_OF_YEAR);
            int offset = startOfWeekOffset(doy| [MASK]<|endoftext|>| int  + weekDef.getMinimalDaysInFirstWeek());
                if (week >= newYearWeek|MASK<|endoftext|>|int  + weekDef.getMinimalDaysInFirstWeek());
            if (week >= newYearWeek|int  + weekDef.getMinimalDaysInFirstWeek() <|fim_middle|>int  + weekDef.get",
888,rowIndex,rowNum,False,2,rowNum|rowNum,rowNum<|endoftext|>,rowNum<|endoftext|>|rowNum<|endoftext|>,
889,ports,MASK,False,3,MASK|MASK|MASK,  [MASK] <|endoftext|>,"  [MASK] <|endoftext|>|MASK.add(address.getPort());
        }
        assertThat( [MASK] , equalTo(IntStream.range(9|MASK <|endoftext|>",
890,context,MASK,False,15,MASK|MASK|MASK|MASK|MASK|MASK|MASK|MASK|MASK|MASK|MASK|MASK|MASK|MASK|MASK,[MASK]<|endoftext|>,"[MASK]<|endoftext|>| MASK .web.servlet.context.support<|endoftext|>|[MASK] 
import org.springframework.context.annotation. [MASK] 
import org.springframework.context.annotation.|[MASK]<|endoftext|>|MASK<|endoftext|>|[MASK]<|endoftext|>|MASK<|endoftext|>|[MASK]<|endoftext|>|MASK<|endoftext|>|[MASK]<|endoftext|>|MASK<|endoftext|>|MASK<|endoftext|>|MASK<|endoftext|>|[MASK]<|endoftext|>| MASK<|endoftext|>",
891,strings,null,False,11,null|equals|TestDateFormatNone|DateFormat|Locale|lundi|h|return|ParseException|de|iency,"1997"", null, null, null, null, null, null, null, ""","1997"", null, null, null, null, null, null, null, ""|.equals(expectedLatn)) {
            errln(""FAIL: Expected "" + expectedLatn + ""| TestDateFormatNone() {
        Date date = new Date(87426672|(DateFormat.NONE, DateFormat.NONE, Locale.FRENCH);
        DateFormat dfUS = DateFormat.getDateTime|, Locale.FRENCH);
        DateFormat dfUS = DateFormat.getDateTimeInstance(DateFormat.FULL,| = ""lundi 15 septembre 1997 00 h 00| h 00 PDT"";
        logln(""Date set to : "" + testDate);
       |            return;
        }

        /* Create a calendar for parsing */
        cal = Calendar.getInstance();
       | (ParseException e) {
                logln(""time zone ex3 ok"");
            }

            // force|de@calendar=islamic""),
                new ULocale(""de@calendar=buddhist""),
               |iency
        fmt.setBooleanAttribute(BooleanAttribute.PARSE_ALLOW_WHITESPACE, true);

       ",
892,innerFilterDocCount,innerFilterDocCount,True,3,innerFilterDocCount|innerFilterDocCount|innerFilterDocCount,innerFilterDocCount<|endoftext|>,innerFilterDocCount<|endoftext|>|innerFilterDocCount <|endoftext|>|innerFilterDocCount * 2L<|endoftext|>,
893,params,params,True,1,params,"params
   <|endoftext|>","params
   <|endoftext|>",
894,traceThreshold,traceThreshold,True,2,traceThreshold|traceThreshold,traceThreshold<|endoftext|>,traceThreshold<|endoftext|>|traceThreshold<|endoftext|>,
895,snapshot,MASK,False,138,MASK|MASK|MASK|IndexNotFoundException|MASK|MASK|MASK|MASK|MASK|MASK|MASK|MASK|MASK|MASK|MASK|MASK|MASK|clusterService|MASK|MASK|MASK|MASK|MASK|MASK|MASK|MASK|MASK|MASK|MASK|MASK|MASK|MASK|MASK|MASK|MASK|MASK|MASK|MASK|MASK|MASK|MASK|MASK|MASK|MASK|MASK|MASK|MASK|MASK|MASK|MASK|MASK|MASK|MASK|MASK|MASK|MASK|MASK|MASK|MASK|MASK|MASK|MASK|MASK|MASK|MASK|MASK|MASK|MASK|MASK|MASK|MASK|MASK|MASK|MASK|MASK|MASK|MASK|MASK|MASK|MASK|MASK|MASK|MASK|MASK|MASK|MASK|MASK|MASK|MASK|MASK|MASK|MASK|MASK|MASK|MASK|MASK|MASK|MASK|MASK|MASK|MASK|MASK|MASK|MASK|MASK|MASK|MASK|MASK|MASK|MASK|MASK|MASK|MASK|MASK|MASK|MASK|MASK|MASK|MASK|MASK|MASK|MASK|Mask|Mask|MASK|MASK|MASK|MASK|MASK|MASK|MASK|MASK|MASK|MASK|MASK|MASK|the|MASK,"[MASK] s.get.GetSnapshotRequest;
import org.elasticsearch.action.admin.cluster.<|fim_pad|><|fim_pad|><|fim_pad|><|fim_pad|>","[MASK] s.get.GetSnapshotRequest;
import org.elasticsearch.action.admin.cluster.<|fim_pad|><|fim_pad|><|fim_pad|><|fim_pad|>|[MASK] s.get.GetSnapshotsRequest;
import org.elasticsearch.action.admin.cluster. [MASK]|MASK s.status.SnapshotsStatusRequest;
import org.elasticsearch.action.admin.cluster. MASK<|fim_pad|><|fim_pad|><|fim_pad|>|IndexNotFoundException;
import org.elasticsearch.index. [MASK] s.IndexService;
import org.elasticsearch.index.|[MASK] s.AbstractLifecycleIntegTestCase;
import org.elasticsearch. [MASK]<|fim_pad|><|fim_pad|><|fim_pad|>|[MASK] s.SnapshotInfoTests;
import org.elasticsearch. [MASK] s.SnapshotMissing|[MASK] s.SnapshotInfoTests;
import org.elasticsearch. [MASK]<|fim_pad|><|fim_pad|><|fim_pad|><|fim_pad|>|[MASK] s.SnapshotInfo;
import org.elasticsearch. [MASK] s.SnapshotState;
|[MASK] s.SnapshotInfoTests;
import org.elasticsearch. [MASK]<|fim_pad|><|fim_pad|><|fim_pad|><|fim_pad|>| MASK s.SnapshotState;
import org.elasticsearch.<|fim_pad|><|fim_pad|><|fim_pad|><|fim_pad|><|fim_pad|><|fim_pad|><|fim_pad|><|fim_pad|><|fim_pad|><|fim_pad|>|MASK s.SnapshotStats;
import org.elasticsearch. MASK<|fim_pad|><|fim_pad|><|fim_pad|><|fim_pad|><|fim_pad|><|fim_pad|><|fim_pad|><|fim_pad|><|fim_pad|>|[MASK]  is executed again.
 * This is to test the case where a master node is|[MASK]<|fim_pad|><|fim_pad|><|fim_pad|><|fim_pad|><|fim_pad|><|fim_pad|><|fim_pad|><|fim_pad|><|fim_pad|><|fim_pad|><|fim_pad|><|fim_pad|><|fim_pad|><|fim_pad|><|fim_pad|><|fim_pad|><|fim_pad|>|[MASK]<|fim_pad|><|fim_pad|><|fim_pad|><|fim_pad|><|fim_pad|><|fim_pad|><|fim_pad|><|fim_pad|><|fim_pad|><|fim_pad|><|fim_pad|><|fim_pad|><|fim_pad|><|fim_pad|><|fim_pad|><|fim_pad|><|fim_pad|>| MASK<|fim_pad|><|fim_pad|><|fim_pad|><|fim_pad|><|fim_pad|><|fim_pad|><|fim_pad|><|fim_pad|><|fim_pad|><|fim_pad|><|fim_pad|><|fim_pad|><|fim_pad|><|fim_pad|><|fim_pad|><|fim_pad|><|fim_pad|><|fim_pad|><|fim_pad|>|MASK<|endoftext|>| [MASK]  finalize
     * and before the SLM callback is called with the  [|clusterService(),
                fsc.snapshotId(),
                fsc.snapshotInfo(),
                fsc.snapshotSh|MASK<|endoftext|>| [MASK]  and a new  [MASK]  is started,
     * the currently running|[MASK]<|fim_pad|><|fim_pad|><|fim_pad|><|fim_pad|><|fim_pad|><|fim_pad|><|fim_pad|><|fim_pad|><|fim_pad|><|fim_pad|><|fim_pad|><|fim_pad|><|fim_pad|><|fim_pad|><|fim_pad|><|fim_pad|><|fim_pad|>|[MASK]<|fim_pad|><|fim_pad|><|fim_pad|><|fim_pad|><|fim_pad|><|fim_pad|><|fim_pad|><|fim_pad|><|fim_pad|><|fim_pad|><|fim_pad|><|fim_pad|><|fim_pad|><|fim_pad|><|fim_pad|><|fim_pad|><|fim_pad|>|MASK A);

        // wait until  [MASK] A is registered before starting  [MASK]|MASK<|fim_pad|><|fim_pad|><|fim_pad|><|fim_pad|><|fim_pad|><|fim_pad|><|fim_pad|><|fim_pad|><|fim_pad|><|fim_pad|><|fim_pad|><|fim_pad|><|fim_pad|><|fim_pad|><|fim_pad|><|fim_pad|><|fim_pad|><|fim_pad|><|fim_pad|>|MASK A
        assertBusy(() -> assertRegistered(policyName, List.of( MASK A)), |MASK<|fim_pad|><|fim_pad|><|fim_pad|><|fim_pad|><|fim_pad|><|fim_pad|><|fim_pad|><|fim_pad|><|fim_pad|><|fim_pad|><|fim_pad|><|fim_pad|><|fim_pad|><|fim_pad|><|fim_pad|><|fim_pad|><|fim_pad|><|fim_pad|><|fim_pad|>| [MASK]<|fim_pad|><|fim_pad|><|fim_pad|><|fim_pad|><|fim_pad|><|fim_pad|><|fim_pad|><|fim_pad|><|fim_pad|><|fim_pad|><|fim_pad|><|fim_pad|><|fim_pad|><|fim_pad|><|fim_pad|><|fim_pad|><|fim_pad|>|MASK<|endoftext|>|MASK  B: "" +  MASK B);

        // wait until both  MASK s are registered|MASK B);

        // wait until both  [MASK] s are registered before allowing  [MASK| [MASK]<|fim_pad|><|fim_pad|><|fim_pad|><|fim_pad|><|fim_pad|><|fim_pad|><|fim_pad|><|fim_pad|><|fim_pad|><|fim_pad|><|fim_pad|><|fim_pad|><|fim_pad|><|fim_pad|><|fim_pad|><|fim_pad|><|fim_pad|>| [MASK]<|fim_pad|><|fim_pad|><|fim_pad|><|fim_pad|><|fim_pad|><|fim_pad|><|fim_pad|><|fim_pad|><|fim_pad|><|fim_pad|><|fim_pad|><|fim_pad|><|fim_pad|><|fim_pad|><|fim_pad|><|fim_pad|><|fim_pad|>|MASK A,  MASK B)), 1, TimeUnit.MINUTES);

        // remove delay from |MASK<|fim_pad|><|fim_pad|><|fim_pad|><|fim_pad|><|fim_pad|><|fim_pad|><|fim_pad|><|fim_pad|><|fim_pad|><|fim_pad|><|fim_pad|><|fim_pad|><|fim_pad|><|fim_pad|><|fim_pad|><|fim_pad|><|fim_pad|><|fim_pad|><|fim_pad|>|MASK<|fim_pad|><|fim_pad|><|fim_pad|><|fim_pad|><|fim_pad|><|fim_pad|><|fim_pad|><|fim_pad|><|fim_pad|><|fim_pad|><|fim_pad|><|fim_pad|><|fim_pad|><|fim_pad|><|fim_pad|><|fim_pad|><|fim_pad|><|fim_pad|><|fim_pad|>| MASK B);

        assertBusy(() -> {
            assertSnapshotSuccess(repoName,  MASK A);
|MASK B);

        assertBusy(() -> {
            assertSnapshotSuccess(repoName,  MASK A);
|MASK A);
            assertSnapshotSuccess(repoName,  MASK B);
            assertMetadata(policyName,|MASK B);
            assertMetadata(policyName, 2, 0, 0);
            assert|[MASK] , stats are updated and
     *<|fim_pad|><|fim_pad|><|fim_pad|><|fim_pad|><|fim_pad|><|fim_pad|><|fim_pad|><|fim_pad|><|fim_pad|>|[MASK]<|fim_pad|><|fim_pad|><|fim_pad|><|fim_pad|><|fim_pad|><|fim_pad|><|fim_pad|><|fim_pad|><|fim_pad|><|fim_pad|><|fim_pad|><|fim_pad|><|fim_pad|><|fim_pad|><|fim_pad|><|fim_pad|><|fim_pad|>|[MASK] : "" +  MASK Name);

        waitForSnapshot(repoName,  MASK Name);

|MASK Name);

        waitForSnapshot(repoName,  MASK Name);

        assertBusy(() -> {
           |MASK Name);

        assertBusy(() -> {
            assertSnapshotSuccess(repoName,  MASK Name);
|MASK Name);
            assertMetadata(policyName, 1, 0, 0);
            assert|[MASK] s from failure is added to invocationsSinceLastSuccess.
     */
    public void|[MASK]<|fim_pad|><|fim_pad|><|fim_pad|><|fim_pad|><|fim_pad|><|fim_pad|><|fim_pad|><|fim_pad|><|fim_pad|><|fim_pad|><|fim_pad|><|fim_pad|><|fim_pad|><|fim_pad|><|fim_pad|><|fim_pad|><|fim_pad|>|MASK<|fim_pad|><|fim_pad|><|fim_pad|><|fim_pad|><|fim_pad|><|fim_pad|><|fim_pad|><|fim_pad|><|fim_pad|><|fim_pad|><|fim_pad|><|fim_pad|><|fim_pad|><|fim_pad|><|fim_pad|><|fim_pad|><|fim_pad|><|fim_pad|><|fim_pad|>|[MASK]<|fim_pad|><|fim_pad|><|fim_pad|><|fim_pad|><|fim_pad|><|fim_pad|><|fim_pad|><|fim_pad|><|fim_pad|><|fim_pad|><|fim_pad|><|fim_pad|><|fim_pad|><|fim_pad|><|fim_pad|><|fim_pad|><|fim_pad|>|[MASK] : "" +  MASK Name);

        // restart  [MASK]  after |MASK Name);

        // restart  [MASK]  after  [MASK]  finalize, but| [MASK]<|fim_pad|><|fim_pad|><|fim_pad|><|fim_pad|><|fim_pad|><|fim_pad|><|fim_pad|><|fim_pad|><|fim_pad|><|fim_pad|><|fim_pad|><|fim_pad|><|fim_pad|><|fim_pad|><|fim_pad|><|fim_pad|><|fim_pad|>|[MASK]<|fim_pad|><|fim_pad|><|fim_pad|><|fim_pad|><|fim_pad|><|fim_pad|><|fim_pad|><|fim_pad|><|fim_pad|><|fim_pad|><|fim_pad|><|fim_pad|><|fim_pad|><|fim_pad|><|fim_pad|><|fim_pad|><|fim_pad|>|MASK Name);
            assertMetadata(policyName, 0, 0, 0);
            assert| MASK<|endoftext|>|[MASK] Name2 = executePolicy(masterNode, policyName);
        assertNotEquals( [| MASK<|endoftext|>| MASK Name2);
        logger.info(""Created  [MASK] : "" +  [MASK]|[MASK]<|fim_pad|><|fim_pad|><|fim_pad|><|fim_pad|><|fim_pad|><|fim_pad|><|fim_pad|><|fim_pad|><|fim_pad|><|fim_pad|><|fim_pad|><|fim_pad|><|fim_pad|><|fim_pad|><|fim_pad|><|fim_pad|><|fim_pad|>|MASK Name2);

        waitForSnapshot(repoName,  MASK Name2);

        assertBusy(() ->| MASK Name2);

        assertBusy(() -> {
            assertSnapshotSuccess(repoName,  MASK Name|MASK Name2);
            // Check stats, this time past failure should be accounted for
            assert|[MASK]<|fim_pad|><|fim_pad|><|fim_pad|><|fim_pad|><|fim_pad|><|fim_pad|><|fim_pad|><|fim_pad|><|fim_pad|><|fim_pad|><|fim_pad|><|fim_pad|><|fim_pad|><|fim_pad|><|fim_pad|><|fim_pad|><|fim_pad|>|[MASK]<|endoftext|>|[MASK]<|endoftext|>|[MASK] : "" +  [MASK] Name);

        // restart  [MASK] |MASK Name);

        // restart  [MASK]  after  [MASK]  finalize, but|[MASK]  after  [MASK]  finalize, but before SLM callback called
       |MASK  finalize, but before SLM callback called
        runDuringFinalize.awaitAndRun(()|MASK Name);
            assertMetadata(policyName, 0, 0, 0);
            assert|MASK Name));
        }, 1, TimeUnit.MINUTES);

        awaitNoMoreRunningOperations();
       |[MASK] Name2 = executePolicy(masterNode, policyName);
        assertNotEquals( [| MASK Name,  MASK Name2);
        logger.info(""Created  MASK : "" +  MASK|MASK Name2);
        logger.info(""Created  [MASK] : "" +  [MASK]|MASK : "" +  MASK Name2);

        // wait for  [MASK]  to complete|MASK Name2);

        // wait for  [MASK]  to complete and network disruption to stop|MASK Name2);
            // Check metadata, this time past failure should be accounted for
            assert|[MASK]<|endoftext|>|[MASK]<|endoftext|>|MASK  finalize, but before SLM is called back
        var runDuringFinalize = new|[MASK]<|endoftext|>|[MASK]  after  [MASK]  finalize, but before SLM callback called
       |[MASK]<|endoftext|>|MASK<|endoftext|>|[MASK]<|endoftext|>|MASK
      <|endoftext|>|[MASK]<|endoftext|>|[MASK]  finalize and SLM callback to be called, but don't stop network disruption yet|MASK<|endoftext|>|[MASK]<|endoftext|>|[MASK]<|endoftext|>|MASK]<|endoftext|>|MASK]<|endoftext|>|[MASK]<|endoftext|>|[MASK]<|endoftext|>|[MASK]<|endoftext|>|MASK<|endoftext|>|MASK<|endoftext|>|MASK]<|endoftext|>|MASK]<|endoftext|>|MASK<|endoftext|>|MASK sStatusResponse.getSnapshots().get(0);
    }

    private SnapshotsStatusResponse|[MASK]<|endoftext|>|MASK<|endoftext|>|[MASK]<|endoftext|>|[MASK]<|endoftext|>|MASK<|endoftext|>|MASK<|endoftext|>|[MASK]<|endoftext|>|MASK<|endoftext|>|[MASK]<|endoftext|>|[MASK]<|endoftext|>|MASK  + "" but it does yet not exist"");
        }
    }

    private void assertSnapshot|[MASK]<|endoftext|>|[MASK]<|endoftext|>|MASK<|endoftext|>|MASK Info.state());
            assertEquals(0,  MASK Info.successfulShards());
            assertEquals(|[MASK]<|endoftext|>|MASK<|endoftext|>|[MASK]<|endoftext|>|[MASK]<|endoftext|>|MASK<|endoftext|>|[Mask]<|endoftext|>|Mask<|endoftext|>|[MASK]<|endoftext|>|   MASK<|endoftext|>|[MASK]  [MASK]  [MASK]  [MASK]  [MASK] |MASK<|endoftext|>|MASK<|endoftext|>|[MASK]  with name "" +  [MASK] Name + "" but none were returned"",|[MASK]<|endoftext|>|[MASK]<|endoftext|>|[MASK]  with name "" +  [MASK] Name + ""  [MASK] |[MASK]<|endoftext|>|MASK<|endoftext|>|[MASK]<|endoftext|>|the  MASK  and updates the  MASK LifecycleMetadata and  MASK LifecyclePolicyMetadata with the |MASK  and before calling the SLM callback.
     */
    static class RunDuringFinalize {
",
896,supportedVersion,MASK,False,4,MASK|MASK|MASK|MASK,[MASK]<|endoftext|>,"[MASK]<|endoftext|>|[ MASK ] <|endoftext|>|MASK <|endoftext|>| MASK  + ""]"";
            }
        };
    }

    /**
     * Types that are supported starting with",
897,originatingUser,MASK,False,3,MASK|MASK|MASK,[MASK]<|endoftext|>,[MASK]<|endoftext|>|MASK<|endoftext|>| MASK <|endoftext|>,
898,string,string,True,6,string|MASK|MASK|MASK|MASK|MASK,"string"", String.class);
    registerAlias(""str"", String.class);
    registerAlias(""String"",","string"", String.class);
    registerAlias(""str"", String.class);
    registerAlias(""String"",|[MASK] <|endoftext|>| [MASK]<|endoftext|>|[MASK] <|endoftext|>| MASK <|endoftext|>|MASK
        <|endoftext|>",
899,resFieldsMap,MASK,False,5,MASK|MASK|MASK|MASK|MASK, [MASK] <|endoftext|>, [MASK] <|endoftext|>| [MASK]<|endoftext|>| [MASK] <|endoftext|>| MASK <|endoftext|>|MASK <|endoftext|>,
900,screenY,MASK,False,2,MASK|MASK,[MASK]<|endoftext|>,[MASK]<|endoftext|>|MASK<|endoftext|>,
901,charset,MASK,False,12,MASK|MASK|MASK|MASK|MASK|MASK|MASK|MASK|MASK|MASK|MASK|MASK,[MASK]<|endoftext|>,[MASK]<|endoftext|>| MASK<|endoftext|>|[MASK]<|endoftext|>|[MASK]<|endoftext|>|MASK<|endoftext|>|[MASK]<|endoftext|>|MASK<|endoftext|>|[MASK]<|endoftext|>|[MASK]<|endoftext|>|MASK<|endoftext|>|[ MASK]<|endoftext|>|MASK<|endoftext|>,
902,destinationIndex,MASK,False,8,MASK|MASK|MASK|MASK|MASK|MASK|MASK|MASK," [MASK]  = output.index();
                int  [MASK]  =  [MASK]"," [MASK]  = output.index();
                int  [MASK]  =  [MASK]| [MASK] <|endoftext|>|MASK<|endoftext|>| MASK Object : 0;

                while (  MASK  < sourceIndex) {
                    Object o|MASK  < sourceIndex) {
                    Object o = get( [MASK] );
                    if (| MASK  );
                    if (NotificationLite.accept(o, child)) {
                        return;
                    }
                   | MASK  ++;
                }

                output.index =  MASK ;
                missed = output.addAndGet(-miss| MASK<|endoftext|>",
903,keyColumnName,keyColumnName,True,1,keyColumnName,keyColumnName<|endoftext|>,keyColumnName<|endoftext|>,
904,params,MASK,False,4,MASK|MASK|MASK|MASK, [MASK] <|endoftext|>, [MASK] <|endoftext|>|[MASK]<|endoftext|>|MASK <|endoftext|>| MASK<|endoftext|>,
905,valueA,valueA,True,3,valueA|valueA|valueA,valueA<|endoftext|>,valueA<|endoftext|>|valueA <|endoftext|>|valueA<|endoftext|>,
906,bigDecimal,throws,False,16,throws|MASK|fim_pad|_applyLocalizedPattern|();|equal|DecimalFormat|format|not|original|23456789));|());|new|(0));|pos|Double,"throws Exception {
        DecimalFormat form = (DecimalFormat) DecimalFormat.getInstance(Locale.US);
        Number result =","throws Exception {
        DecimalFormat form = (DecimalFormat) DecimalFormat.getInstance(Locale.US);
        Number result =|[MASK]<|endoftext|>|<|fim_pad|><|fim_pad|><|fim_pad|><|fim_pad|><|fim_pad|><|fim_pad|><|fim_pad|><|fim_pad|><|fim_pad|><|fim_pad|><|fim_pad|><|fim_pad|><|fim_pad|><|fim_pad|><|fim_pad|><|fim_pad|><|fim_pad|><|fim_pad|><|fim_pad|><|fim_pad|>|_applyLocalizedPattern() {
        DecimalFormat format = new DecimalFormat(""#.#"");
        assertEquals(""Wrong pattern |();
        DecimalFormat df2 = new DecimalFormat();
        DecimalFormat df3 = new DecimalFormat();
        df1| equal"", df1.hashCode() == df2.hashCode());
    }

    public void test_setDecimalFormat| DecimalFormat();
        cloned = (DecimalFormat) format.clone();
        assertEquals(cloned.getDecimalFormatSymbols|format.clone());
        assertTrue(""Cloned format did not match original format object"",
                format1.equals| not the same
        assertTrue(""Cloned format did not match original format object"",
                format1| original object
        format.setDecimalFormatSymbols(new DecimalFormatSymbols(Locale.US));
        // make sure the|23456789));
        df.setMaximumFractionDigits(2);
        assertEquals(|());
        assertEquals(""1.2346"", df.format(1.2345| = new DecimalFormat(""###0.##"", new DecimalFormatSymbols(Locale.US));
        df.setMaximumFractionDigits|(0));
        assertEquals(""1.234567890123|72036854775808"", pos);
        assertTrue(""|() == Double.class);
        assertTrue(""Wrong result Long.MIN_VALUE + 1"",
                result.double",
907,queryParser,MASK,False,5,MASK|MASK|MASK|MASK|MASK, [MASK] <|endoftext|>," [MASK] <|endoftext|>| [MASK]<|endoftext|>|[MASK] .setLenient(lenient());
         [MASK] .setFuzzyTranspositions| MASK .setLenient(lenient());
         MASK .setFuzzyTranspositions(fuzzyTranspositions| MASK<|endoftext|>",
908,channel,MASK,False,4,MASK|MASK|MASK|MASK,  [MASK]<|endoftext|>,"  [MASK]<|endoftext|>| [MASK] <|endoftext|>|   MASK<|endoftext|>| MASK );
        assertBusy(() -> assertEquals(2, stage.get()));
    }

    public void test",
909,segments,MASK,False,13,MASK|MASK|MASK|MASK|MASK|MASK|MASK|trailingParts|MASK|MASK|MASK|MASK|MASK,[MASK]<|fim_pad|><|fim_pad|><|fim_pad|><|fim_pad|><|fim_pad|><|fim_pad|><|fim_pad|><|fim_pad|><|fim_pad|><|fim_pad|><|fim_pad|><|fim_pad|><|fim_pad|><|fim_pad|><|fim_pad|><|fim_pad|><|fim_pad|>,"[MASK]<|fim_pad|><|fim_pad|><|fim_pad|><|fim_pad|><|fim_pad|><|fim_pad|><|fim_pad|><|fim_pad|><|fim_pad|><|fim_pad|><|fim_pad|><|fim_pad|><|fim_pad|><|fim_pad|><|fim_pad|><|fim_pad|><|fim_pad|>|MASK  and keys.
     */
    public Factory(HlsDataSourceFactory hlsDataSourceFactory) {
|[MASK]<|endoftext|>| MASK<|endoftext|>| [MASK]  segments
  <|endoftext|>| [MASK] <|fim_middle|> [MASK] <|endoftext|>| MASK ]<|endoftext|>|trailingParts.isEmpty()
        && !playlist. [MASK]<|file_sep|><|fim_prefix|>/ExoPlayer/library| MASK<|endoftext|>| MASK  list.
   *
   * @param  [MASK] The  MASK  list.
|MASK]<|endoftext|>| [MASK] .size() - 1, (i) ->  [MASK] .get| MASK
       <|endoftext|>",
910,bootstrapMethodsData,,False,3,|offset|i, <|endoftext|>, <|endoftext|>|  [offset + i] != <|endoftext|>|[i] ||   [offset + i] !=  <|endoftext|>,
911,weekDef,OfWeek,False,36,OfWeek|days|);|_WEEK|1);|Math|validate|safe|}|_WEEK|localDow|MASK|Jdk8Methods|anged|for|YEARS|Supported|temporal|MASK|MASK|MASK|MASK|MASK|MASK|MASK|MASK|MASK|MASK|MASK|MASK|MASK|MASK|MASK|MASK|MASK|MASK,"OfWeek(date);  // safe from overflow
                if (resolverStyle == ResolverStyle.SMART)","OfWeek(date);  // safe from overflow
                if (resolverStyle == ResolverStyle.SMART)|7 + days, DAYS);
                if (resolverStyle == ResolverStyle.STRICT && date.getLong(M|);
            fieldValues.remove(MONTH_OF_YEAR);
            fieldValues.remove(DAY_OF_WEEK);
|_WEEK);
            return date;
        }

        private ChronoLocalDate resolveWoY(
                Map|1);
            if (resolverStyle == ResolverStyle.LENIENT) {
                long weeks = Math| = Math.subtractExact(woy, localizedWeekOfYear(date));
                int days = localDow|);  // validate
                int weeks = (int) (womInt - localizedWeekOfYear|  // safe from overflow
                int days = localDow - localizedDayOfWeek(date); | }
            fieldValues.remove(this);
            fieldValues.remove(YEAR);
            fieldValues.remove(DAY|_WEEK);
            return date;
        }

        private ChronoLocalDate resolveWBY(
                Map|, localDow);
                if (resolverStyle == ResolverStyle.STRICT && date.get( [|( [MASK] .weekOfWeekBasedYear);
            fieldValues.remove(DAY_OF_WEEK);
           | Jdk8Methods.requireNonNull(locale, ""locale"");
            return new DateTimeFormatterBuilder().appendText(this|anged: Use ICU to get localized display name.
        // return new MessageFormat(""{0} ''| for week fields.
        // return new DateTimeFormatterBuilder().appendWeekBasedYear(TextStyle.FULL| == YEARS) {  // week-of-year
                    return temporal.isSupported(DAY_OF_YEAR);
|Supported(DAY_OF_YEAR);
                }
            }
            return false;
        }

        @Override
| (temporal.isSupported(DAY_OF_YEAR) == false) {
                return WEEK_OF_WEEK_BASE| [MASK]<|endoftext|>| [MASK]<|endoftext|>|MASK]<|endoftext|>|MASK ]<|endoftext|>|MASK<|endoftext|>|[MASK]<|endoftext|>|MASK<|endoftext|>|MASK <|endoftext|>|MASK]<|endoftext|>| [MASK]<|endoftext|>|MASK] .weekOfWeekBasedYear);
                long weeks = Math.subtractExact(wowby, |MASK]<|endoftext|>|MASK<|endoftext|>| MASK .weekOfWeekBasedYear);
                int wowby =  MASK .weekOfWeekBasedYear.range|[MASK]<|endoftext|>| MASK<|endoftext|>| MASK<|endoftext|>| MASK <|fim_middle|> MASK <|fim_middle|> MASK  + "","" + rangeUnit + "","" + baseUnit + "",""",
912,bytes,data,False,3,data|data|data,data  <|endoftext|>,"data  <|endoftext|>|   data, 0, data.length, address1.getAddress(), address1.getPort()));
                    socket.send|data, 0, data
                            <|endoftext|>",
913,newCookies,MASK,False,4,MASK|MASK|MASK|MASK, [MASK] <|endoftext|>," [MASK] <|endoftext|>| [MASK]  = new LinkedMultiValueMap<>();
		  [MASK] <|endoftext|>|MASK <|endoftext|>| MASK <|endoftext|>",
914,expectedMinsOnlySearch,expectedMinsOnlySearch,True,3,expectedMinsOnlySearch|expectedMinsOnlySearch|expectedMinsOnlySearch,expectedMinsOnlySearch<|fim_pad|><|fim_pad|><|fim_pad|><|fim_pad|><|fim_pad|><|fim_pad|><|fim_pad|><|fim_pad|><|fim_pad|><|fim_pad|><|fim_pad|><|fim_pad|><|fim_pad|><|fim_pad|><|fim_pad|>,"expectedMinsOnlySearch<|fim_pad|><|fim_pad|><|fim_pad|><|fim_pad|><|fim_pad|><|fim_pad|><|fim_pad|><|fim_pad|><|fim_pad|><|fim_pad|><|fim_pad|><|fim_pad|><|fim_pad|><|fim_pad|><|fim_pad|>|expectedMinsOnlySearch
               <|fim_pad|><|fim_pad|><|fim_pad|><|fim_pad|><|fim_pad|><|fim_pad|><|fim_pad|><|fim_pad|><|fim_pad|><|fim_pad|><|fim_pad|><|fim_pad|><|fim_pad|>|expectedMinsOnlySearch .getOrDefault(keys.get(i), 0d).doubleValue();
                double",
915,prefixKeySetting,foo,False,9,foo|equalTo|Scope|fix|infix2|MASK|fix|MASK|fix,"(""foo.bar"", random, Property.NodeScope);
        assertEquals(random, setting.get(Settings.EMPTY));
       ","(""foo.bar"", random, Property.NodeScope);
        assertEquals(random, setting.get(Settings.EMPTY));
       | equalTo(TimeValue.timeValueSeconds(10)));
        assertThat(settingWithLowerBound.get(Settings.builder().|Scope, Property.Dynamic);
        Setting<Integer> intSetting3 = Setting.intSetting(""prefix.bar"",|fix.suffix"");
        }
        if (changeAffixKeySetting) {
            currentSettingsBuilder|.infix2.suffix"", ""bar"");
        }

        Settings current = currentSettingsBuilder.build();
|<|fim_middle|>  [MASK] <|endoftext|>|fix<|endoftext|>|MASK <|endoftext|>|fix (
            ""prefix"" + ""."",
            key -> Setting.simpleString(key, Property.Dynamic,",
916,binary,MASK,False,2,MASK|MASK,[MASK]<|endoftext|>,"[MASK]<|endoftext|>| MASK   + ""<|endoftext|>",
917,addressCount,MASK,False,2,MASK|i,[MASK] <|endoftext|>,"[MASK] <|endoftext|>|10; i++) {
            if ((i & MASK) == 0) {
                transport",
918,headers,MASK,False,2,MASK|MASK,  [MASK] <|endoftext|>,  [MASK] <|endoftext|>|MASK <|endoftext|>,
919,engine,MASK,False,25,MASK|MASK|MASK|MASK|MASK|MASK|MASK|MASK|MASK|MASK|MASK|MASK|MASK|MASK|MASK|MASK|MASK|MASK|MASK|MASK|MASK|MASK|MASK|MASK|MASK, [MASK]<|endoftext|>," [MASK]<|endoftext|>| [MASK]<|endoftext|>|[MASK] , X509Certificate[] chain, String authType, SSLEngine |[MASK]<|endoftext|>|[MASK]<|endoftext|>| [MASK]<|endoftext|>| MASK<|endoftext|>| [MASK]  = unwrapEngine( MASK );
            <|endoftext|>| MASK<|endoftext|>|MASK<|endoftext|>|[MASK]<|endoftext|>|MASK<|endoftext|>|MASK .getUseClientMode()) {
                    // We are the client, resuming a session trusting|[MASK]<|endoftext|>| MASK<|endoftext|>|[MASK]<|endoftext|>|[MASK]  instanceof OpenSslEngine) {
            return ((OpenSslEngine) |MASK<|endoftext|>| MASK <|endoftext|>|[MASK]<|endoftext|>|MASK<|endoftext|>|MASK<|endoftext|>|[MASK]<|endoftext|>|MASK<|endoftext|>|MASK<|endoftext|>",
920,seenGroupIds,MASK,False,6,MASK|MASK|MASK|MASK|MASK|MASK,[MASK]<|endoftext|>,"[MASK]<|endoftext|>| [MASK] <|endoftext|>|[MASK]<|endoftext|>| MASK <|endoftext|>|MASK , IntBlock vBlock) {
    maybeEnableGroupIdTracking( MASK , vBlock);
 | MASK<|endoftext|>",
921,ZDATA,mm,False,2,"mm|:00"" },",":mm"", ""pf"", ""2004/7/1 PT 1:00",":mm"", ""pf"", ""2004/7/1 PT 1:00|:00"" },
        { ""en"", ""America/Argentina/Buenos_Aires"",",
922,beanName,beanName,True,2,beanName|beanName,"beanName, Class<?> type, Method method) {
		return new TransactionalApplicationListenerMethodAdapter","beanName, Class<?> type, Method method) {
		return new TransactionalApplicationListenerMethodAdapter|beanName<|endoftext|>",
923,currentSeed,seed,False,2,seed|seed,seed <|endoftext|>,seed <|endoftext|>|seed <|endoftext|>,
924,jsonFields,MASK,False,3,MASK|MASK|MASK, [MASK] <|endoftext|>," [MASK] <|endoftext|>|MASK
                .put(""elasticsearch.slowlog.message"", index)
                .put(""el|MASK );
        }

        public static ESLogMessage of(
            Map<String, String> additionalFields",
925,clusterStateString,MASK,False,5,MASK|MASK|MASK|MASK|MASK,  [MASK] <|endoftext|>,"  [MASK] <|endoftext|>|MASK <|endoftext|>|[MASK] , containsString(""test_idx""));
        assertThat( [MASK] , containsString(""|MASK<|endoftext|>|MASK , containsString(""node_foo""));
    }

    public void testClusterStateSerializationWithEmpty",
926,split,MASK,False,5,MASK|split|MASK|MASK|MASK, [MASK] <|endoftext|>, [MASK] <|endoftext|>|split<|endoftext|>|MASK <|endoftext|>|MASK]<|endoftext|>|MASK<|endoftext|>,
927,start,MASK,False,2,MASK|MASK,[MASK]<|endoftext|>,"[MASK]<|endoftext|>| MASK , int end, int count, int type, int offset);

	public native void glDrawElements",
928,vStart,MASK,False,9,MASK|MASK|MASK|MASK|MASK|MASK|MASK|MASK|MASK, [MASK]<|endoftext|>, [MASK]<|endoftext|>| [MASK]<|endoftext|>| MASK]<|endoftext|>|[MASK]<|endoftext|>|MASK<|endoftext|>|MASK<|endoftext|>|[MASK]<|endoftext|>| MASK<|endoftext|>| MASK<|endoftext|>,
929,metaData,MASK,False,7,MASK|MASK|MASK|MASK|MASK|MASK|MASK,[MASK] <|endoftext|>,"[MASK] <|endoftext|>|[MASK]<|endoftext|>|[MASK]<|endoftext|>|MASK .get(""escape""));
        Assertions.assertEquals(""override-config"",  MASK .get(""exclude""));
| MASK<|endoftext|>|[MASK]<|endoftext|>|MASK<|endoftext|>",
930,dataBuffer,MASK,False,4,MASK|MASK|MASK|MASK, [MASK] <|endoftext|>, [MASK] <|endoftext|>|MASK<|endoftext|>|MASK <|endoftext|>|MASK <|endoftext|>,
931,actor,MASK,False,7,MASK|MASK|MASK|MASK|MASK|MASK|MASK, [MASK]<|endoftext|>," [MASK]<|endoftext|>| [MASK]<|endoftext|>| [MASK]  != null) action.setActor( [MASK] );
	}

	public void remove| MASK <|endoftext|>|[MASK]<|endoftext|>|MASK<|endoftext|>| MASK<|endoftext|>",
932,remoteModule,MASK,False,21,MASK|MASK||MASK|MASK|MASK|MASK|MASK|MASK|MASK|MASK|MASK|MASK|MASK|MASK|MASK|MASK|MASK|MASK|MASK|, [MASK]<|endoftext|>," [MASK]<|endoftext|>|[MASK]<|endoftext|>|<|endoftext|>| [MASK] 
        <|endoftext|>| [MASK] 
          .setChannelBuilder(
        (target, proxy, options, interceptors| [MASK] 
                  .getActionContextProvider()
                 <|endoftext|>|[MASK] 
                  .getActionContextProvider()
                  .getRemoteExecutionClient()
                  .|[MASK]<|endoftext|>|[MASK]<|endoftext|>|[MASK]<|endoftext|>|[MASK]<|endoftext|>|[MASK]<|endoftext|>|MASK<|endoftext|>|MASK 
                  .getActionContextProvider()
                  .getRemoteExecutionClient()
                  .getServer|[MASK] 
         <|endoftext|>|MASK 
         <|endoftext|>|[MASK] 
                  .getActionContextProvider()
                  .getCombinedCache()
                  .get|MASK<|endoftext|>|MASK<|endoftext|>| MASK 
        .beforeCommand(env);
    env.throwPendingException();
    return env;
  }

|
       <|endoftext|>",
933,cmcdConfiguration,MASK,False,13,MASK|MASK|||MASK|||MASK|MASK|MASK|MASK|MASK|MASK, [MASK]<|fim_pad|><|fim_pad|><|fim_pad|><|fim_pad|><|fim_pad|><|fim_pad|><|fim_pad|><|fim_pad|><|fim_pad|><|fim_pad|><|fim_pad|><|fim_pad|><|fim_pad|><|fim_pad|><|fim_pad|><|fim_pad|><|fim_pad|>," [MASK]<|fim_pad|><|fim_pad|><|fim_pad|><|fim_pad|><|fim_pad|><|fim_pad|><|fim_pad|><|fim_pad|><|fim_pad|><|fim_pad|><|fim_pad|><|fim_pad|><|fim_pad|><|fim_pad|><|fim_pad|><|fim_pad|><|fim_pad|>| [MASK]<|fim_pad|><|fim_pad|><|fim_pad|><|fim_pad|><|fim_pad|><|fim_pad|><|fim_pad|><|fim_pad|><|fim_pad|><|fim_pad|><|fim_pad|><|fim_pad|><|fim_pad|><|fim_pad|><|fim_pad|><|fim_pad|><|fim_pad|>|<|endoftext|>|<|endoftext|>| [MASK]  =
           [MASK] Factory == null
              ? null
              : |  <|endoftext|>| <|endoftext|>|  [MASK]<|endoftext|>|MASK  =  [MASK]<|endoftext|>|MASK<|endoftext|>| MASK  =  MASK ;
  <|endoftext|>| MASK<|endoftext|>| MASK<|endoftext|>",
934,sameVersionEvent,event,False,2,event|event,event<|endoftext|>,"event<|endoftext|>|event
       <|endoftext|>",
935,parentAlpha,return,False,3,return|}|getVelocityY,"		return disableY;
	}

	/** If true, the scroll pane will always consume mouse and","		return disableY;
	}

	/** If true, the scroll pane will always consume mouse and|	}

	public void setScrollingDisabled (boolean x, boolean y, boolean clamp) {
	| getVelocityY () {
		return velocityY;
	}

	/** Sets the flick scroll velocity.",
936,member,MASK,False,4,MASK|MASK|use|member,[MASK]<|fim_pad|><|fim_pad|><|fim_pad|><|fim_pad|><|fim_pad|><|fim_pad|><|fim_pad|><|fim_pad|><|fim_pad|><|fim_pad|><|fim_pad|><|fim_pad|><|fim_pad|><|fim_pad|><|fim_pad|><|fim_pad|><|fim_pad|>,"[MASK]<|fim_pad|><|fim_pad|><|fim_pad|><|fim_pad|><|fim_pad|><|fim_pad|><|fim_pad|><|fim_pad|><|fim_pad|><|fim_pad|><|fim_pad|><|fim_pad|><|fim_pad|><|fim_pad|><|fim_pad|><|fim_pad|><|fim_pad|>|MASK<|fim_pad|><|fim_pad|><|fim_pad|><|fim_pad|><|fim_pad|><|fim_pad|><|fim_pad|><|fim_pad|><|fim_pad|><|fim_pad|><|fim_pad|><|fim_pad|><|fim_pad|><|fim_pad|><|fim_pad|><|fim_pad|><|fim_pad|><|fim_pad|><|fim_pad|>|use the source of the inlined method, if any.
        source = lineNumberTableAttribute.getSource();

|member)
    {
        // Don't inline methods that must be preserved.
        if (KeepMarker",
937,patterns,MASK,False,2,MASK|MASK,  [MASK]<|endoftext|>,  [MASK]<|endoftext|>|MASK<|endoftext|>,
938,tempBuf,MASK,False,12,MASK|MASK|MASK|MASK|MASK|MASK|MASK|MASK|MASK|MASK|MASK|MASK, [MASK]<|endoftext|>, [MASK]<|endoftext|>|[MASK]<|endoftext|>|MASK<|endoftext|>|[MASK] <|endoftext|>|[MASK]<|endoftext|>|MASK <|endoftext|>|[MASK]<|endoftext|>|[MASK]<|endoftext|>|MASK<|endoftext|>|[MASK]<|endoftext|>|[MASK]<|endoftext|>|MASK<|endoftext|>,
939,reverse,LIFO,False,4,LIFO|MASK|MASK|MASK,LIFO  <|endoftext|>,"LIFO  <|endoftext|>|  [MASK] <|endoftext|>|MASK.add(closeables.pop());
            }
            for (Closeable closeable : MASK) {
               |MASK <|endoftext|>",
940,resolverStyle,MASK,False,13,MASK|MASK|MASK|MASK|MASK|MASK|MASK|MASK|MASK|MASK|MASK|MASK|MASK,[MASK]<|endoftext|>,[MASK]<|endoftext|>|[MASK]<|endoftext|>|MASK<|endoftext|>|MASK<|endoftext|>|[MASK]<|endoftext|>|[MASK]<|endoftext|>| MASK<|endoftext|>|[MASK]<|endoftext|>|[MASK]<|endoftext|>|[MASK]<|endoftext|>|MASK<|endoftext|>| MASK<|endoftext|>| MASK<|endoftext|>,
941,fieldSupplier,valuesSupplier,False,6,valuesSupplier|valuesSupplier|valuesSupplier|MASK|MASK|valuesSupplier,": valuesSupplier) {
                TestCaseSupplier testCaseSupplier = makeSupplier( [MASK] );
                suppliers",": valuesSupplier) {
                TestCaseSupplier testCaseSupplier = makeSupplier( [MASK] );
                suppliers|valuesSupplier <|endoftext|>|valuesSupplier<|endoftext|>|[MASK]<|endoftext|>|[MASK]<|endoftext|>|valuesSupplier <|endoftext|>",
942,hitContext,MASK,False,3,MASK|context|context,  [MASK]<|endoftext|>,"  [MASK]<|endoftext|>|context<|endoftext|>|context.hit()
                    .getDocument()
                    .getFields()
                    .forEach(field -> highlightFields",
943,quantityInStock,MASK,False,12,MASK|MASK|MASK|MASK||MASK||nullable|MASK||MASK|, [MASK]<|endoftext|>," [MASK]<|endoftext|>|[MASK]<|endoftext|>|[MASK]<|endoftext|>| MASK <|endoftext|>|<|endoftext|>|MASK<|endoftext|>|<|endoftext|>|"", nullable=false)
    public short getQuantityInStock() {
        return this. MASK ;
   |[MASK]<|endoftext|>|<|endoftext|>| MASK<|endoftext|>|<|endoftext|>",
944,rtspHeaders,fim_pad,False,9,fim_pad|fim_pad|fim_pad|fim_pad|fim_pad|MASK|MASK|MASK|MASK, <|fim_pad|><|fim_pad|><|fim_pad|><|fim_pad|><|fim_pad|><|fim_pad|><|fim_pad|><|fim_pad|><|fim_pad|><|fim_pad|><|fim_pad|><|fim_pad|><|fim_pad|><|fim_pad|><|fim_pad|><|fim_pad|><|fim_pad|><|fim_pad|><|fim_pad|>," <|fim_pad|><|fim_pad|><|fim_pad|><|fim_pad|><|fim_pad|><|fim_pad|><|fim_pad|><|fim_pad|><|fim_pad|><|fim_pad|><|fim_pad|><|fim_pad|><|fim_pad|><|fim_pad|><|fim_pad|><|fim_pad|><|fim_pad|><|fim_pad|><|fim_pad|>|fim_pad <|fim_pad|><|fim_pad|><|fim_pad|><|fim_pad|><|fim_pad|><|fim_pad|><|fim_pad|><|fim_pad|><|fim_pad|><|fim_pad|><|fim_pad|><|fim_pad|><|fim_pad|><|fim_pad|><|fim_pad|><|fim_pad|>|fim_pad<|endoftext|>|fim_pad  [MASK]  [MASK]  [MASK]  [MASK] |fim_pad<|endoftext|>| [MASK] 
       <|endoftext|>|MASK<|file_sep|><|fim_prefix|>/Android/Android-11.0.0_r30.0.|[MASK]<|endoftext|>|MASK<|endoftext|>",
945,decimalFormat,result,False,145,"result|assertEquals|result|MASK|RoundingMode|set|behavior|result|oundingMode|setRoundingMode|result|Mode|result|result|RoundingMode|oundingMode|test|RoundingMode|5);|(0.2);|result|result|MASK|oundingMode|0.2);|assertEquals|UNNECESSARY|0);|(-1.0);|ONY|RoundingMode|(""0.00000000000000000|);|result|Incorrect|Mode|applyPattern|result|Incorrect|MASK|HALF_EVEN|result|MASK|Incorrect|MASK|set|MASK|applyPattern|format|after|F_EVEN|after|assertEquals|);|}|assertEquals|format|{|size|initCause|MASK|MASK|size|format|MASK|MASK|size|format|MASK|MASK|MASK|MASK|MASK|MASK|MASK|MASK|MASK|MASK|MASK|MASK|MASK|MASK|MASK|MASK|MASK|MASK|MASK|MASK|MASK|MASK|MASK|MASK|MASK|MASK|MASK|MASK|MASK|MASK|MASK|MASK|MASK|MASK|MASK|MASK|MASK|MASK|MASK|MASK|MASK|MASK|MASK|MASK|MASK|MASK|MASK|MASK|MASK|MASK|MASK|MASK|MASK|MASK|MASK|MASK|MASK|MASK|MASK|MASK|MASK|MASK|MASK|MASK|MASK|MASK|MASK|MASK|MASK|MASK|MASK|MASK|MASK|MASK|MASK|MASK|MASK"," result =  [MASK] .format(11.6);
        assertEquals(""Incorrect Rounding"," result =  [MASK] .format(11.6);
        assertEquals(""Incorrect Rounding| assertEquals(""Incorrect RoundingMode behavior: RoundingMode.HALF_DOWN"", ""12"",|12"", result);

        // set RoundingMode.CEILING of this DecimalFormat and test its| =  [MASK] .format(11.3);
        assertEquals(""Incorrect RoundingMode| RoundingMode.CEILING"", ""-11"", result);

        // set RoundingMode.DOWN| set RoundingMode.DOWN of this DecimalFormat and test its
        // behavior
         [MASK]|        // behavior
         [MASK] .setRoundingMode(RoundingMode.DOWN);
        result|11"", result);

        result =  [MASK] .format(-11.5);
|oundingMode.FLOOR of this DecimalFormat and test its
        // behavior
         [MASK] .| .setRoundingMode(RoundingMode.FLOOR);
        result =  [MASK] .format| result =  [MASK] .format(-11.5);
        assertEquals(""Incorrect Rounding|Mode.HALF_EVEN of this DecimalFormat and test its
        // behavior
         [MASK| result =  [MASK] .format(5.5);
        assertEquals(""Incorrect RoundingMode|"", result);

        result =  [MASK] .format(-5.5);
        assertEquals(""| RoundingMode.HALF_EVEN"", ""-6"", result);

        result =  [MASK|oundingMode behavior: RoundingMode.HALF_EVEN"", ""0"", result);

        //| test its
        // behavior
         [MASK] .setRoundingMode(RoundingMode.H|: RoundingMode.HALF_UP"", ""6"", result);

        result =  [MASK|5);
        assertEquals(""Incorrect RoundingMode behavior: RoundingMode.HALF_UP"", ""-|(0.2);
        assertEquals(""Incorrect RoundingMode behavior: RoundingMode.HALF|"", ""0"", result);

        result =  [MASK] .format(-0.2);
|0"", result);

        // set RoundingMode.UP of this DecimalFormat and test its
        //| =  [MASK] .format(5.5);
        assertEquals(""Incorrect RoundingMode behavior|oundingMode.UP"", ""-6"", result);

        result =  [MASK] .format(0|0.2);
        assertEquals(""Incorrect RoundingMode behavior: RoundingMode.UP"", ""1|        assertEquals(""Incorrect RoundingMode behavior: RoundingMode.UP"", ""-1"", result);

       |.UNNECESSARY);

        try {
            // when rounding is needed but RoundingMode is set|0);
        assertEquals(
                ""Incorrect RoundingMode behavior: RoundingMode.UNNECESSARY|(-1.0);
        assertEquals(
                ""Incorrect RoundingMode behavior: RoundingMode.UN|ONY-2930
        DecimalFormat  [MASK]  = new DecimalFormat(""0.|RoundingMode(RoundingMode.HALF_UP);
        result =  [MASK] .format|(""0.00000000000000000|);

        // set RoundingMode.HALF_DOWN of this DecimalFormat and test its
        //| result =  [MASK] .format(0.375);
        assertEquals(""Incorrect R|(""Incorrect RoundingMode behavior after applyPattern"", "".47"", result);
        result = |Mode.HALF_DOWN of this DecimalFormat and test its
        // behavior
         [MASK]| .applyPattern("".##"");
        result =  [MASK] .format(0.12|"", result);
        result =  [MASK] .format(0.255);
       |(""Incorrect RoundingMode behavior after applyPattern"", "".73"", result);
        result = | [MASK] .format(0.467);
        assertEquals(""Incorrect RoundingMode behavior|.HALF_EVEN of this DecimalFormat and test its
        // behavior
         [MASK]|        result =  [MASK] .format(0.125);
        assertEquals(""Incorrect| =  [MASK] .format(0.255);
        assertEquals(""Incorrect Rounding|Incorrect RoundingMode behavior after applyPattern"", "".74"", result);
        result =  [| =  [MASK] .format(0.467);
        assertEquals(""Incorrect Rounding| // set RoundingMode.DOWN of this DecimalFormat and test its
        // behavior
         [MASK|MASK] .applyPattern("".##"");
        result =  [MASK] .format(0.| applyPattern"", "".12"", result);
        result =  [MASK] .format(0|format(0.732);
        assertEquals(""Incorrect RoundingMode behavior after applyPattern"",| after applyPattern"", "".46"", result);

        // set RoundingMode.CEILING of|F_EVEN);
         [MASK] .applyPattern("".##"");
        result =  [MASK| after applyPattern"", "".12"", result);
        result =  [MASK] .format(|        assertEquals(""Incorrect RoundingMode behavior after applyPattern"", "".73"", result);
        result|);
        assertEquals(""Incorrect RoundingMode behavior after applyPattern"", "".47"", result);

       | }

    public void test_format_withRoundingModeAndBigDecimal() {
        DecimalFormat  RoundingMode| assertEquals(expected, format.format(value));
            } catch (AssertionFailedError e) {
                failures.add| format, String expected, long value) {
            try {
                Assert.assertEquals(format.toPattern() +| {
            if (failures.size() == 1) {
                throw failures.get(0);
|.size() == 1) {
                throw failures.get(0);
            }
            AssertionFailedError|.initCause(failure);
            }
            throw combined;
        }
    }

    public void test_format|[MASK]<|endoftext|>|[MASK] .format(11.5653);
        assertEquals(""Incorrect Rounding|size .format(-11.5653);
        assertEquals(""Incorrect RoundingMode behavior|format .format(0);
        assertEquals(""Incorrect RoundingMode behavior: RoundingMode.DOWN"",|[MASK] .setRoundingMode(RoundingMode.FLOOR);
        result =  [MASK|[MASK] .format(11.5653);
        assertEquals(""Incorrect Rounding|size .format(-11.5653);
        assertEquals(""Incorrect RoundingMode behavior|format .format(0);
        assertEquals(""Incorrect RoundingMode behavior: RoundingMode.FLOOR|[MASK] .setRoundingMode(RoundingMode.HALF_EVEN);
        result =|[MASK]<|endoftext|>|[MASK] .format(-11.5653);
        assertEquals(""Incorrect Rounding|MASK .format(11.5655);
        assertEquals(""Incorrect RoundingMode behavior|[MASK] .setRoundingMode(RoundingMode.HALF_UP);
        result = |[MASK]<|endoftext|>|MASK .format(-11.5655);
        assertEquals(""Incorrect RoundingMode behavior|MASK .format(11.5656);
        assertEquals(""Incorrect RoundingMode behavior|[MASK] .setRoundingMode(RoundingMode.UP);
        result =  [MASK]|MASK .format(11.5653);
        assertEquals(""Incorrect RoundingMode behavior|MASK .format(11.5653);
        assertEquals(""Incorrect RoundingMode behavior|[MASK] .setRoundingMode(RoundingMode.UNNECESSARY);

        try {
           |[MASK] .format(11.565);
        assertEquals(""Incorrect RoundingMode|MASK .format(11.565);
        assertEquals(""Incorrect RoundingMode behavior:|[MASK]<|endoftext|>|[MASK] .setRoundingMode(RoundingMode.HALF_DOWN);
        result = |[MASK] .format(11.3);
        assertEquals(""Incorrect RoundingMode behavior:|[MASK]<|endoftext|>|MASK<|endoftext|>|[MASK] .setRoundingMode(RoundingMode.CEILING);
        result =  [|[MASK]<|endoftext|>|[MASK] .format(11.5);
        assertEquals(""Incorrect RoundingMode behavior:|[MASK] .setRoundingMode(RoundingMode.DOWN);
        result =  [MASK]|[MASK] .format(11.3);
        assertEquals(""Incorrect RoundingMode behavior:|MASK .format(-11.5);
        assertEquals(""Incorrect RoundingMode behavior: Rounding|MASK .format(0);
        assertEquals(""Incorrect RoundingMode behavior: RoundingMode.DOWN"",|[MASK] .setRoundingMode(RoundingMode.FLOOR);
        result =  [MASK|[MASK] .format(11.3);
        assertEquals(""Incorrect RoundingMode behavior:|[MASK] .format(-11.5);
        assertEquals(""Incorrect RoundingMode behavior:|MASK .format(0);
        assertEquals(""Incorrect RoundingMode behavior: RoundingMode.FLOOR|[MASK] .setRoundingMode(RoundingMode.HALF_EVEN);
        result =|[MASK] .format(5.5);
        assertEquals(""Incorrect RoundingMode behavior: R|[MASK] .format(-5.5);
        assertEquals(""Incorrect RoundingMode behavior: R|[MASK] .format(0.2);
        assertEquals(""Incorrect RoundingMode behavior: R|[MASK] .setRoundingMode(RoundingMode.HALF_UP);
        result = |[MASK] .format(5.5);
        assertEquals(""Incorrect RoundingMode behavior: R|[MASK] .format(-5.5);
        assertEquals(""Incorrect RoundingMode behavior: R|MASK .format(0.2);
        assertEquals(""Incorrect RoundingMode behavior: RoundingMode|MASK .format(-0.2);
        assertEquals(""Incorrect RoundingMode behavior: RoundingMode|[MASK] .setRoundingMode(RoundingMode.UP);
        result =  [MASK]|[MASK] .format(5.5);
        assertEquals(""Incorrect RoundingMode behavior: R|[MASK] .format(-5.5);
        assertEquals(""Incorrect RoundingMode behavior: R|MASK .format(0.2);
        assertEquals(""Incorrect RoundingMode behavior: RoundingMode|MASK .format(0.2);
        assertEquals(""Incorrect RoundingMode behavior: RoundingMode|[MASK]<|endoftext|>|[MASK]<|endoftext|>|MASK<|endoftext|>|[MASK] .setRoundingMode(RoundingMode.HALF_UP);
         [MASK]|[MASK] .applyPattern("".##"");
        result =  [MASK] .format(0|[MASK] .format(0.125);
        assertEquals(""Incorrect RoundingMode behavior|[MASK] .format(0.255);
        assertEquals(""Incorrect RoundingMode behavior|MASK .format(0.732);
        assertEquals(""Incorrect RoundingMode behavior after apply|[MASK] .format(0.467);
        assertEquals(""Incorrect RoundingMode behavior|[MASK]<|endoftext|>|[MASK] .applyPattern("".##"");
        result =  [MASK] .format(0|[MASK] .format(0.125);
        assertEquals(""Incorrect RoundingMode behavior|[MASK] .format(0.255);
        assertEquals(""Incorrect RoundingMode behavior|MASK .format(0.732);
        assertEquals(""Incorrect RoundingMode behavior after apply|[MASK] .format(0.467);
        assertEquals(""Incorrect RoundingMode behavior|[MASK]<|endoftext|>|[MASK] .applyPattern("".##"");
        result =  [MASK] .format(0|[MASK] .format(0.125);
        assertEquals(""Incorrect RoundingMode behavior|[MASK] .format(0.255);
        assertEquals(""Incorrect RoundingMode behavior|[MASK] .format(0.732);
        assertEquals(""Incorrect RoundingMode behavior|[MASK] .format(0.467);
        assertEquals(""Incorrect RoundingMode behavior|[MASK]<|endoftext|>|[MASK] .applyPattern("".##"");
        result =  [MASK] .format(0|[MASK] .format(0.125);
        assertEquals(""Incorrect RoundingMode behavior|[MASK] .format(0.255);
        assertEquals(""Incorrect RoundingMode behavior|[MASK] .format(0.732);
        assertEquals(""Incorrect RoundingMode behavior|[MASK] .format(0.467);
        assertEquals(""Incorrect RoundingMode behavior|[MASK]<|endoftext|>|MASK .applyPattern("".##"");
        result =  MASK .format(0.125|[MASK] .format(0.125);
        assertEquals(""Incorrect RoundingMode behavior|[MASK] .format(0.255);
        assertEquals(""Incorrect RoundingMode behavior|MASK .format(0.732);
        assertEquals(""Incorrect RoundingMode behavior after apply|MASK .format(0.467);
        assertEquals(""Incorrect RoundingMode behavior after apply",
946,originalNode,MASK,False,4,MASK||MASK|,[MASK]<|endoftext|>,[MASK]<|endoftext|>|<|endoftext|>|MASK<|endoftext|>|<|endoftext|>,
947,message,message,True,5,message|code|bin|code|bin,"message
              <|fim_pad|><|fim_pad|><|fim_pad|><|fim_pad|><|fim_pad|><|fim_pad|><|fim_pad|><|fim_pad|><|fim_pad|><|fim_pad|><|fim_pad|><|fim_pad|><|fim_pad|><|fim_pad|><|fim_pad|><|fim_pad|><|fim_pad|>","message
              <|fim_pad|><|fim_pad|><|fim_pad|><|fim_pad|><|fim_pad|><|fim_pad|><|fim_pad|><|fim_pad|><|fim_pad|><|fim_pad|><|fim_pad|><|fim_pad|><|fim_pad|><|fim_pad|><|fim_pad|><|fim_pad|><|fim_pad|>|code destBinDir}.
     */
    private static void installBin(PluginDescriptor info, Path tmp|, ""bin is not a directory"");
        }
        if (Files.exists(destBinDir)) {
|code  = String.format(
                Locale.ROOT,
                ""plugin directory [%s] already exists|bin );
        }
    }

    private void verifyPluginName(Path pluginsDir, String pluginName)",
948,strategy,,False,4,|MASK|allocation|allocation, <|endoftext|>, <|endoftext|>| [MASK]<|endoftext|>|allocation<|endoftext|>|allocation<|endoftext|>,
949,versions,MASK,False,8,MASK|MASK|MASK|MASK|TransportVersions|MASK|MASK|version,[MASK]<|endoftext|>,"[MASK]<|endoftext|>|[MASK]<|endoftext|>|[MASK]<|endoftext|>|MASK<|endoftext|>|TransportVersions<|endoftext|>|MASK<|endoftext|>|MASK<|endoftext|>|version""));
    }

    public void testPreventJoinClusterWithUnsupportedMappingsVersionAndTransportVersion()",
950,field,MASK,False,2,MASK|);,[MASK]<|endoftext|>,"[MASK]<|endoftext|>|  );
    }

    @Override
    protected Expression build(Source source, Expression  MASK ) {
",
951,pictureType,MASK,False,12,MASK|MASK|MASK|MASK|MASK|mimeType|MASK|MASK|MASK|MASK|MASK|MASK, [MASK] <|endoftext|>," [MASK] <|endoftext|>| [MASK] <|endoftext|>| [MASK]<|endoftext|>|MASK<|endoftext|>| [MASK]<|endoftext|>|mimeType<|endoftext|>|[MASK] <|endoftext|>|MASK <|endoftext|>|MASK <|endoftext|>|MASK <|endoftext|>|MASK  = pictureBlock.readInt();
    int mimeTypeLength = pictureBlock.readInt();
    String mimeType =| MASK <|endoftext|>",
952,validPerPosition,MASK,False,5,MASK|MASK|MASK|MASK|MASK,[MASK]<|endoftext|>,[MASK]<|endoftext|>| [MASK]<|endoftext|>|[MASK]<|endoftext|>|MASK<|endoftext|>|MASK<|endoftext|>,
953,contexts,MASK,False,3,MASK|MASK|MASK, [MASK] <|endoftext|>," [MASK] <|endoftext|>|MASK
           <|endoftext|>| MASK <|endoftext|>",
954,latch,MASK,False,3,MASK|MASK|MASK,   [MASK] <|endoftext|>,"   [MASK] <|endoftext|>|[MASK]<|endoftext|>| MASK
                .await();

            // these tasks will fill the thread pool queue
            for (",
955,vVector,MASK,False,11,MASK|MASK|MASK|MASK|MASK|MASK|MASK|MASK|MASK|MASK|MASK,"[MASK]  = vBlock.asVector();
    if ( [MASK]  == null)","[MASK]  = vBlock.asVector();
    if ( [MASK]  == null)| [MASK] <|endoftext|>|[MASK]<|endoftext|>|MASK<|endoftext|>|MASK<|endoftext|>|[MASK]<|endoftext|>|[MASK]<|endoftext|>|[MASK]<|endoftext|>|MASK<|endoftext|>|MASK<|endoftext|>|MASK<|endoftext|>",
956,listener,,False,2,|, <|endoftext|>, <|endoftext|>|  <|endoftext|>,
957,velocityY,MASK,False,16,MASK|MASK|MASK|MASK|MASK|MASK|MASK|fim_pad|true|FadeScrollBars|fadeScrollBars|Bars|MASK|MASK|MASK|MASK,[MASK] <|fim_pad|><|fim_pad|><|fim_pad|><|fim_pad|><|fim_pad|><|fim_pad|><|fim_pad|><|fim_pad|><|fim_pad|><|fim_pad|><|fim_pad|><|fim_pad|><|fim_pad|><|fim_pad|><|fim_pad|><|fim_pad|>,"[MASK] <|fim_pad|><|fim_pad|><|fim_pad|><|fim_pad|><|fim_pad|><|fim_pad|><|fim_pad|><|fim_pad|><|fim_pad|><|fim_pad|><|fim_pad|><|fim_pad|><|fim_pad|><|fim_pad|><|fim_pad|><|fim_pad|>| [MASK]<|fim_pad|><|fim_pad|><|fim_pad|><|fim_pad|><|fim_pad|><|fim_pad|><|fim_pad|><|fim_pad|><|fim_pad|><|fim_pad|><|fim_pad|><|fim_pad|><|fim_pad|><|fim_pad|><|fim_pad|><|fim_pad|><|fim_pad|>|MASK<|endoftext|>| MASK <|endoftext|>|[MASK]<|fim_pad|><|fim_pad|><|fim_pad|><|fim_pad|><|fim_pad|><|fim_pad|><|fim_pad|><|fim_pad|><|fim_pad|><|fim_pad|><|fim_pad|><|fim_pad|><|fim_pad|><|fim_pad|><|fim_pad|><|fim_pad|><|fim_pad|>| [MASK]<|fim_pad|><|fim_pad|><|fim_pad|><|fim_pad|><|fim_pad|><|fim_pad|><|fim_pad|><|fim_pad|><|fim_pad|><|fim_pad|><|fim_pad|><|fim_pad|><|fim_pad|><|fim_pad|><|fim_pad|><|fim_pad|><|fim_pad|>| MASK<|fim_pad|><|fim_pad|><|fim_pad|><|fim_pad|><|fim_pad|><|fim_pad|><|fim_pad|><|fim_pad|><|fim_pad|><|fim_pad|><|fim_pad|><|fim_pad|><|fim_pad|><|fim_pad|><|fim_pad|><|fim_pad|><|fim_pad|><|fim_pad|><|fim_pad|>|<|fim_pad|><|fim_pad|><|fim_pad|><|fim_pad|><|fim_pad|><|fim_pad|><|fim_pad|><|fim_pad|><|fim_pad|><|fim_pad|><|fim_pad|><|fim_pad|><|fim_pad|><|fim_pad|><|fim_pad|><|fim_pad|><|fim_pad|><|fim_pad|><|fim_pad|><|fim_pad|>| true, the scroll bars are positioned on top of the content. When false, the scroll bars are|FadeScrollBars (boolean fadeScrollBars) {
		this.fadeScrollBars = fadeScrollBars;
|.fadeScrollBars = fadeScrollBars;
		if (fadeScrollBars) {
			fadeAlpha|Bars;
		if (fadeScrollBars) {
			fadeAlpha = fadeAlphaSeconds;
		|[MASK] <|endoftext|>|  [MASK] <|endoftext|>| MASK <|endoftext|>| MASK ;
	}

	/** For flick scroll, if true the actor can be scrolled slightly past its",
958,outputSurfaceInfo,surfaceInfo,False,1,surfaceInfo,"surfaceInfo);

  /**
   * Sets the {@link SurfaceInfo} to use for the next output","surfaceInfo);

  /**
   * Sets the {@link SurfaceInfo} to use for the next output",
959,invocation,invocation,True,5,invocation|MASK|MASK|MASK|MASK,invocation<|endoftext|>,"invocation<|endoftext|>|[MASK]<|endoftext|>|[MASK]<|endoftext|>|[MASK]<|endoftext|>|MASK
                       <|endoftext|>",
960,builder,MASK,False,7,MASK|MASK|MASK|MASK|MASK|MASK|MASK, [MASK]<|endoftext|>, [MASK]<|endoftext|>| [MASK]<|endoftext|>|[MASK]<|endoftext|>|MASK<|endoftext|>|MASK<|endoftext|>|MASK<|endoftext|>| MASK<|endoftext|>,
961,resolverUtil,MASK,False,3,MASK|MASK|MASK, [MASK] <|endoftext|>, [MASK] <|endoftext|>| [MASK]<|endoftext|>|MASK<|endoftext|>,
962,element,MASK,False,5,MASK|MASK|MASK|MASK|element, [MASK]<|endoftext|>," [MASK]<|endoftext|>|[MASK]<|endoftext|>| MASK .TypeParameterElement;
import javax.lang.model. MASK<|endoftext|>| MASK<|endoftext|>|element, boolean isParameter<|endoftext|>",
963,carry,increment,False,9,increment|increment|MASK|MASK||MASK|||,increment<|endoftext|>,increment<|endoftext|>|increment<|endoftext|>| [MASK]<|fim_pad|><|fim_pad|><|fim_pad|><|fim_pad|><|fim_pad|><|fim_pad|><|fim_pad|><|fim_pad|><|fim_pad|><|fim_pad|><|fim_pad|><|fim_pad|><|fim_pad|><|fim_pad|><|fim_pad|><|fim_pad|><|fim_pad|>|MASK<|fim_pad|><|fim_pad|><|fim_pad|><|fim_pad|><|fim_pad|><|fim_pad|><|fim_pad|><|fim_pad|><|fim_pad|><|fim_pad|><|fim_pad|><|fim_pad|><|fim_pad|><|fim_pad|><|fim_pad|><|fim_pad|><|fim_pad|><|fim_pad|><|fim_pad|>|<|endoftext|>| [MASK]<|endoftext|>|<|endoftext|>|<|endoftext|>|<|endoftext|>,
964,pIgnoreExceptions,MASK,False,3,MASK|MASK|MASK, [MASK]    <|endoftext|>, [MASK]    <|endoftext|>|[MASK]<|endoftext|>|MASK<|endoftext|>,
965,errorMessage,MASK,False,18,MASK|MASK|MASK|MASK|MASK|MASK|MASK|MASK|MASK|MASK|MASK|MASK|MASK|MASK|MASK|MASK|MASK|MASK,[MASK]<|endoftext|>,"[MASK]<|endoftext|>|[MASK]<|endoftext|>| MASK  );
                        }
                    } else {
                        String  MASK  = isPass(tuple);
                       |[MASK]  = codeUnderTest.format(tuple);
            if ( [MASK]  != null)|MASK  != null) {
                result.append( [MASK] );
            }
        } else if|MASK  );
            }
        } else if (tuple.format != null) {
            String  [|[MASK]<|endoftext|>|MASK  != null) {
                result.append( MASK );
            }
        } else if (tuple|MASK<|endoftext|>|[MASK]<|endoftext|>|MASK<|endoftext|>| MASK<|endoftext|>|[MASK]<|endoftext|>|MASK<|endoftext|>| MASK<|endoftext|>|[MASK]<|endoftext|>|MASK<|endoftext|>| MASK<|endoftext|>",
966,nameAndTypeItemOffset,MASK,False,10,MASK|MASK|MASK|MASK|MASK|MASK|MASK|MASK|MASK|MASK," [MASK]  = 0;
      int   [MASK]  = 0;
     "," [MASK]  = 0;
      int   [MASK]  = 0;
     | [MASK]<|fim_pad|><|fim_pad|><|fim_pad|><|fim_pad|><|fim_pad|><|fim_pad|><|fim_pad|><|fim_pad|><|fim_pad|><|fim_pad|><|fim_pad|><|fim_pad|><|fim_pad|><|fim_pad|><|fim_pad|><|fim_pad|><|fim_pad|>| [MASK] <|fim_pad|><|fim_pad|><|fim_pad|><|fim_pad|><|fim_pad|><|fim_pad|><|fim_pad|><|fim_pad|><|fim_pad|><|fim_pad|><|fim_pad|><|fim_pad|><|fim_pad|><|fim_pad|><|fim_pad|><|fim_pad|>| MASK<|fim_pad|><|fim_pad|><|fim_pad|><|fim_pad|><|fim_pad|><|fim_pad|><|fim_pad|><|fim_pad|><|fim_pad|><|fim_pad|><|fim_pad|><|fim_pad|><|fim_pad|><|fim_pad|><|fim_pad|><|fim_pad|><|fim_pad|><|fim_pad|><|fim_pad|>|  [MASK]<|fim_pad|><|fim_pad|><|fim_pad|><|fim_pad|><|fim_pad|><|fim_pad|><|fim_pad|><|fim_pad|><|fim_pad|><|fim_pad|><|fim_pad|><|fim_pad|><|fim_pad|><|fim_pad|><|fim_pad|><|fim_pad|>|MASK , charBuffer),
              classReader.readUTF8( MASK  + 2, charBuffer| MASK<|fim_pad|><|fim_pad|><|fim_pad|><|fim_pad|><|fim_pad|><|fim_pad|><|fim_pad|><|fim_pad|><|fim_pad|><|fim_pad|><|fim_pad|><|fim_pad|><|fim_pad|><|fim_pad|><|fim_pad|><|fim_pad|><|fim_pad|><|fim_pad|><|fim_pad|>| MASK  =
              classReader.getItem(classReader.readUnsignedShort(itemOffset + 2));
          add| MASK , charBuffer),
              classReader.readUTF8( MASK  + 2, charBuffer| MASK  + 2, charBuffer),
              classReader.readUnsignedShort(itemOffset + 4",
967,columnMatcher,MASK,False,9,MASK|MASK|MASK|MASK|MASK|MASK|MASK|MASK|MASK, [MASK] <|endoftext|>, [MASK] <|endoftext|>| [MASK]<|endoftext|>| [MASK]<|endoftext|>|[MASK]<|endoftext|>|[MASK] <|endoftext|>|[MASK]<|endoftext|>|[MASK] <|endoftext|>| MASK <|endoftext|>|MASK<|endoftext|>,
968,androidMorEarlier,MASK,False,7,MASK|MASK|MASK|MASK|MASK|MASK|MASK,[MASK]<|endoftext|>,[MASK]<|endoftext|>|[MASK]<|endoftext|>|MASK<|endoftext|>|[MASK]<|endoftext|>|MASK<|endoftext|>|MASK<|endoftext|>|MASK<|endoftext|>,
969,concurrencyCompensation,concurrencyCompensation,True,2,concurrencyCompensation|concurrencyCompensation,concurrencyCompensation<|endoftext|>,"concurrencyCompensation<|endoftext|>|concurrencyCompensation
                / (1 + concurrencyCompensation)
              <|endoftext|>",
970,clusterer,MASK,False,8,MASK|MASK|MASK|MASK|MASK|MASK|MASK|MASK, [MASK]  [MASK]<|endoftext|>," [MASK]  [MASK]<|endoftext|>| [MASK]<|endoftext|>| [MASK]<|endoftext|>| MASK <|endoftext|>|MASK<|endoftext|>|MASK<|endoftext|>| MASK  = config.apply(project);
         MASK .computeClusters(new Engine(project));
        assertEquals( [| MASK<|endoftext|>",
971,targetClass,MASK,False,3,MASK|MASK|MASK, [MASK] <|endoftext|>, [MASK] <|endoftext|>| MASK<|endoftext|>| MASK <|file_sep|><|fim_prefix|>/spring-framework/spring-webflux/src/main/java/org/springframework/web/react,
972,maxLength,MASK,False,2,MASK|MASK,[MASK]<|endoftext|>,[MASK]<|endoftext|>|MASK<|endoftext|>,
973,apiKey,MASK,False,12,MASK|MASK|MASK|MASK|MASK|MASK|MASK|MASK|MASK|MASK|MASK|MASK,[MASK]<|endoftext|>,[MASK]<|endoftext|>|[MASK]<|endoftext|>|[MASK]<|endoftext|>|[MASK]<|endoftext|>|[MASK]<|endoftext|>| MASK<|endoftext|>|[MASK]<|endoftext|>|MASK<|endoftext|>|[MASK]<|endoftext|>|MASK<|endoftext|>|MASK<|endoftext|>|MASK<|endoftext|>,
974,thisModuleExports,moduleExports,False,2,moduleExports|moduleExports,moduleExports<|endoftext|>,moduleExports<|endoftext|>|moduleExports <|endoftext|>,
975,withNulls,MASK,False,4,MASK|MASK|MASK|MASK, [MASK] <|endoftext|>, [MASK] <|endoftext|>| [MASK]<|endoftext|>|MASK<|endoftext|>| MASK <|endoftext|>,
976,globalCheckpoint,MASK,False,9,MASK|MASK|i|MASK|MASK|MASK|MASK|MASK|MASK," [MASK]  = 0;
        for (int i = 0; i < num"," [MASK]  = 0;
        for (int i = 0; i < num| [MASK]  = randomLongBetween( [MASK] , i);
                primaryShard.update|i - 1<|endoftext|>|MASK <|endoftext|>| MASK  );
                primaryShard.sync();
                primaryShard.updateGlobalCheckpointForShard(primary| [MASK] <|endoftext|>| MASK <|endoftext|>| MASK <|endoftext|>|MASK<|endoftext|>",
977,separator,MASK,False,5,MASK|MASK|MASK|MASK|MASK, [MASK] <|endoftext|>," [MASK] <|endoftext|>|[MASK] <|fim_pad|><|fim_pad|><|fim_pad|><|fim_pad|><|fim_pad|><|fim_pad|><|fim_pad|><|fim_pad|><|fim_pad|><|fim_pad|><|fim_pad|><|fim_pad|><|fim_pad|><|fim_pad|><|fim_pad|><|fim_pad|>|MASK <|endoftext|>|MASK <|file_sep|><|fim_prefix|>/guava/src/com/google/common/collect/ImmutableSortedSet.java
/*
| MASK<|endoftext|>",
978,parsedHeuristic,MASK,False,5,MASK|MASK|MASK|MASK|MASK,"[MASK] ;
                stParser.nextToken();
                stParser.nextToken();
                stParser.nextToken();
               ","[MASK] ;
                stParser.nextToken();
                stParser.nextToken();
                stParser.nextToken();
               |MASK]<|endoftext|>|[MASK]  = null<|endoftext|>|MASK  = parseSignificanceHeuristic(stParser);
        }
        assertThat(significanceHeuristic,|MASK<|endoftext|>",
979,otherSettings,MaskedSettings,False,2,MaskedSettings|MaskedSettings,[MaskedSettings]<|endoftext|>,[MaskedSettings]<|endoftext|>|MaskedSettings<|fim_pad|><|fim_pad|><|fim_pad|><|fim_pad|><|fim_pad|><|fim_pad|><|fim_pad|><|fim_pad|><|fim_pad|><|fim_pad|><|fim_pad|><|fim_pad|><|fim_pad|><|fim_pad|><|fim_pad|><|fim_pad|><|fim_pad|>,
980,expectedMap,MASK,False,5,MASK|MASK|MASK|MASK|MASK, [MASK] <|endoftext|>," [MASK] <|endoftext|>|[MASK]<|endoftext|>| MASK 
                   <|endoftext|>|MASK
                  <|endoftext|>| MASK<|endoftext|>",
981,classes,MASK,False,2,MASK|MASK," [MASK]  = Collections.class.getDeclaredClasses();
            Map<String, String> env = System.getenv"," [MASK]  = Collections.class.getDeclaredClasses();
            Map<String, String> env = System.getenv|MASK <|endoftext|>",
982,nullability,MASK,False,4,MASK|MASK|MASK|MASK,[MASK]<|endoftext|>,[MASK]<|endoftext|>|[MASK]<|endoftext|>|[MASK]<|endoftext|>|MASK<|endoftext|>,
983,metaAnnotation,MASK,False,12,MASK|MASK||MASK|MASK|MASK|MASK|MASK|MASK|MASK|MASK|MASK, [MASK]  =<|endoftext|>," [MASK]  =<|endoftext|>|[MASK]  :  [MASK] s) {
			if (!isMappable(source,|<|endoftext|>| [MASK]<|endoftext|>| MASK<|endoftext|>| MASK , true, visitedAnnotationTypes<|endoftext|>|[MASK] <|endoftext|>|MASK  != null && !this.filter.matches( MASK ) &&
				!AnnotationFilter.PLAIN.matches|[MASK] .annotationType()<|endoftext|>| MASK<|endoftext|>|MASK<|endoftext|>| MASK<|endoftext|>",
984,fieldsProducers,MASK,False,7,MASK|MASK|MASK|MASK|MASK||MASK, [MASK] <|endoftext|>, [MASK] <|endoftext|>|[MASK]<|endoftext|>| MASK<|endoftext|>| [MASK]<|endoftext|>| MASK <|endoftext|>|<|endoftext|>| MASK<|endoftext|>,
985,returnType,MASK,False,6,MASK|MASK|MASK|MASK|MASK|MASK,[MASK]    <|endoftext|>,[MASK]    <|endoftext|>|[MASK]<|endoftext|>|[MASK]<|endoftext|>|[MASK]<|endoftext|>|MASK <|endoftext|>|MASK<|endoftext|>,
986,object,fim_pad,False,7,fim_pad|objects|MASK|MASK|MASK|MASK|MASK,<|fim_pad|><|fim_pad|><|fim_pad|><|fim_pad|><|fim_pad|><|fim_pad|><|fim_pad|><|fim_pad|><|fim_pad|><|fim_pad|><|fim_pad|><|fim_pad|><|fim_pad|><|fim_pad|><|fim_pad|><|fim_pad|><|fim_pad|><|fim_pad|><|fim_pad|><|fim_pad|>,"<|fim_pad|><|fim_pad|><|fim_pad|><|fim_pad|><|fim_pad|><|fim_pad|><|fim_pad|><|fim_pad|><|fim_pad|><|fim_pad|><|fim_pad|><|fim_pad|><|fim_pad|><|fim_pad|><|fim_pad|><|fim_pad|><|fim_pad|><|fim_pad|><|fim_pad|><|fim_pad|>|objects
   * in the array; for example, whether {@code list.get(0) ==| [MASK] <|endoftext|>| [MASK]<|endoftext|>| MASK
        <|endoftext|>| MASK <|file_sep|><|fim_prefix|>/src/main/java/com/google/common/collect/ImmutableSortedSet.java
/*
 *| MASK <|endoftext|>",
987,initial,MASK,False,3,MASK|MASK|,[MASK]<|endoftext|>,[MASK]<|endoftext|>|MASK<|endoftext|>|<|endoftext|>,
988,source,MASK,False,22,MASK|MASK|MASK|MASK|MASK|MASK|MASK|MASK|MASK|MASK|MASK|MASK|MASK|MASK|MASK|MASK|MASK|MASK|MASK|MASK|MASK|MASK, [MASK] <|endoftext|>," [MASK] <|endoftext|>| [MASK]<|endoftext|>|[MASK] 
				.getAnnotationType(), false);
		@Nullable Annotation[] repeatedAnnotations|[MASK]<|endoftext|>|[MASK]<|endoftext|>|[MASK]<|endoftext|>|MASK<|endoftext|>|[MASK]<|endoftext|>|[MASK]<|endoftext|>|[MASK]<|endoftext|>|MASK<|endoftext|>|[MASK]  != null ?  [MASK] .getAnnotationType() : null), ex|MASK .getAnnotationType() : null), ex);
			}
		}
		catch (|[MASK]<|endoftext|>|MASK<|endoftext|>| MASK<|endoftext|>| MASK<|endoftext|>| MASK <|endoftext|>|[MASK]<|endoftext|>|[MASK]<|endoftext|>|[MASK]<|endoftext|>| MASK<|endoftext|>",
989,onScriptError,MASK,False,6,MASK|MASK|MASK|MASK|MASK|MASK,[MASK]<|endoftext|>,"[MASK]<|endoftext|>|[MASK]<|endoftext|>| MASK<|endoftext|>|[MASK]<|endoftext|>|MASK<|endoftext|>| MASK , ctx
       <|endoftext|>",
990,inferenceEntityId,MASK,False,2,MASK|id,  [MASK]<|endoftext|>,"  [MASK]<|endoftext|>|   ""id""<|endoftext|>",
991,allULocales,fp,False,3,fp|u0159|LLL," ""fp"", ""1970 10 01 0:00:"," ""fp"", ""1970 10 01 0:00:|:00:00"", ""\u0159\u00EDj"",       | ""LLL"", ""fp"", ""1970 11 01 0:",
992,params,params,True,1,params,params<|endoftext|>,params<|endoftext|>,
993,minutesStr,Locale,False,6,Locale|PDT|PDT|PDT|vv|vvv,"Locale(""en@numbers=hanidays""));
                fmt.setNumberFormat(""M"", single_override","Locale(""en@numbers=hanidays""));
                fmt.setNumberFormat(""M"", single_override| ""2011/7/1 12:34:00 PDT"",|011/7/1 12:34:00 PDT""),
            new|4:00 PDT""),
            new ParseTestData(""y/M/d H:mm:ss z"", ""|vv"", ""America/Los_Angeles""),
            new ParseTestData(""vvvv"", ""America|vvv"", ""10:21 Pacific Time""),
            new ParseTestData(""HH:mm v",
994,decompressedSize,decompressedSize,True,2,decompressedSize|decompressedSize,decompressedSize<|fim_pad|><|fim_pad|><|fim_pad|><|fim_pad|><|fim_pad|><|fim_pad|><|fim_pad|><|fim_pad|><|fim_pad|><|fim_pad|><|fim_pad|><|fim_pad|><|fim_pad|><|fim_pad|><|fim_pad|><|fim_pad|><|fim_pad|>,decompressedSize<|fim_pad|><|fim_pad|><|fim_pad|><|fim_pad|><|fim_pad|><|fim_pad|><|fim_pad|><|fim_pad|><|fim_pad|><|fim_pad|><|fim_pad|><|fim_pad|><|fim_pad|><|fim_pad|><|fim_pad|><|fim_pad|><|fim_pad|>|decompressedSize<|endoftext|>,
995,chunkingSettingsMap,chunkingSettingsMap,True,2,chunkingSettingsMap|chunkingSettingsMap,chunkingSettingsMap<|endoftext|>,chunkingSettingsMap<|endoftext|>|chunkingSettingsMap<|endoftext|>,
996,distance,MASK,False,12,MASK|MASK|MASK|MASK|MASK|MASK|MASK|MASK|MASK|MASK|MASK|MASK, [MASK] <|endoftext|>," [MASK] <|endoftext|>| [MASK]  mod array.length<|endoftext|>|MASK ]<|endoftext|>| [MASK]<|endoftext|>| [MASK] <|endoftext|>|[MASK] , double[] array) {
    rotate(array,  [MASK] , 0| [MASK]<|endoftext|>|MASK<|endoftext|>|MASK<|endoftext|>| MASK<|endoftext|>| MASK  % length), a non-negative value less than ""length"". This is how many
   | MASK <|endoftext|>",
997,contentSupplier,MASK,False,2,MASK|,  [MASK]<|endoftext|>,  [MASK]<|endoftext|>|<|endoftext|>,
998,options,outputservice,False,16,outputservice|MASK|MASK|MASK|MASK|MASK|MASK|MASK|MASK|MASK|MASK|MASK|MASK|allowResidue|MASK|credentials,"outputservice.OutputServiceClient;
import com.google.devtools.build.lib.remote.options.RemoteExecutionOptions;
import","outputservice.OutputServiceClient;
import com.google.devtools.build.lib.remote.options.RemoteExecutionOptions;
import|[MASK]<|fim_pad|><|fim_pad|><|fim_pad|><|fim_pad|><|fim_pad|><|fim_pad|><|fim_pad|><|fim_pad|><|fim_pad|><|fim_pad|><|fim_pad|><|fim_pad|><|fim_pad|><|fim_pad|><|fim_pad|><|fim_pad|><|fim_pad|>| MASK<|endoftext|>| MASK<|endoftext|>| [MASK] ;
  <|endoftext|>|[MASK]<|endoftext|>|[MASK]<|fim_pad|><|fim_pad|><|fim_pad|><|fim_pad|><|fim_pad|><|fim_pad|><|fim_pad|><|fim_pad|><|fim_pad|><|fim_pad|><|fim_pad|><|fim_pad|><|fim_pad|><|fim_pad|><|fim_pad|><|fim_pad|><|fim_pad|>|[MASK]<|fim_pad|><|fim_pad|><|fim_pad|><|fim_pad|><|fim_pad|><|fim_pad|><|fim_pad|><|fim_pad|><|fim_pad|><|fim_pad|><|fim_pad|><|fim_pad|><|fim_pad|><|fim_pad|><|fim_pad|><|fim_pad|><|fim_pad|>|[MASK]<|fim_pad|><|fim_pad|><|fim_pad|><|fim_pad|><|fim_pad|><|fim_pad|><|fim_pad|><|fim_pad|><|fim_pad|><|fim_pad|><|fim_pad|><|fim_pad|><|fim_pad|><|fim_pad|><|fim_pad|><|fim_pad|><|fim_pad|>|[MASK] .getOptions(ClientOptions.class)).thenReturn(clientOptions);
    when( [MASK]|[MASK] .getOptions(BlazeServerStartupOptions.class))
        .thenReturn(Options.get|[MASK]<|fim_pad|><|fim_pad|><|fim_pad|><|fim_pad|><|fim_pad|><|fim_pad|><|fim_pad|><|fim_pad|><|fim_pad|><|fim_pad|><|fim_pad|><|fim_pad|><|fim_pad|><|fim_pad|><|fim_pad|><|fim_pad|><|fim_pad|>| MASK .getOptions(Options.class)).thenReturn( [MASK] );
    when( MASK<|fim_pad|><|fim_pad|>|allowResidue(false).addOptionsClasses(Classes(BlazeServerStartupOptions.class).build()).| MASK ,
        /* startupOptions= */ null,
        /* startupOptionsProvider= */ null,
       |credentials, channelBuilder, channelBuilderInterceptor,<|endoftext|>",
999,newXml,MASK,False,4,MASK|MASK|MASK|MASK,[MASK] <|fim_pad|><|fim_pad|><|fim_pad|><|fim_pad|><|fim_pad|><|fim_pad|><|fim_pad|><|fim_pad|><|fim_pad|><|fim_pad|><|fim_pad|><|fim_pad|><|fim_pad|><|fim_pad|><|fim_pad|><|fim_pad|>,[MASK] <|fim_pad|><|fim_pad|><|fim_pad|><|fim_pad|><|fim_pad|><|fim_pad|><|fim_pad|><|fim_pad|><|fim_pad|><|fim_pad|><|fim_pad|><|fim_pad|><|fim_pad|><|fim_pad|><|fim_pad|><|fim_pad|>|MASK<|fim_pad|><|fim_pad|><|fim_pad|><|fim_pad|><|fim_pad|><|fim_pad|><|fim_pad|><|fim_pad|><|fim_pad|><|fim_pad|><|fim_pad|><|fim_pad|><|fim_pad|><|fim_pad|><|fim_pad|><|fim_pad|><|fim_pad|><|fim_pad|><|fim_pad|>|  [MASK]<|endoftext|>|MASK<|fim_pad|><|fim_pad|><|fim_pad|><|fim_pad|><|fim_pad|><|fim_pad|><|fim_pad|><|fim_pad|><|fim_pad|><|fim_pad|><|fim_pad|><|fim_pad|><|fim_pad|><|fim_pad|><|fim_pad|><|fim_pad|><|fim_pad|><|fim_pad|><|fim_pad|>,
