id,ground_truth,prediction,correct,mask_count,all_predictions,raw_prediction,all_raw_predictions,error
0,decodedCapacity,len,False,2,len|len,"len      <file_sep>/*
 * Licensed to the Apache Software Foundation (ASF) under one or more
","len      <file_sep>/*
 * Licensed to the Apache Software Foundation (ASF) under one or more
|len);
        s.getBytes(from, firstEscaped, buf, 0);

        //",
1,canExclude,MASK,False,4,MASK|MASK|MASK|MASK,"[MASK]<file_sep>/*
 * Copyright (C) 2016 The Android Open Source","[MASK]<file_sep>/*
 * Copyright (C) 2016 The Android Open Source|MASK; i++) {
      MASK = i!= index &&!isTrackExcluded(i, now| MASK = i!= index &&!isTrackExcluded(i, nowMs);
    }
    if| MASK ) {
      return false;
    }
    excludeUntilTimes[index] =
        max(",
2,expectedIndexName,indexName,False,4,indexName|indexName|MASK|MASK,"indexName = IndexNameExpressionResolver.resolveDateMathExpression(expression);
        final String indexName","indexName = IndexNameExpressionResolver.resolveDateMathExpression(expression);
        final String indexName|indexName));

        if (refeshOnOperation == false) {
            client.admin().indices|[MASK]<file_sep>/x-pack/plugin/core/src/main/java/org|MASK, multiGetResponse.getResponses()[0].getResponse().getIndex());
        assertEquals( MASK, multi",
3,style,MASK,False,61,MASK|MASK|MASK|MASK|actor|MASK|MASK|MASK|MASK|MASK|MASK|MASK|MASK|actor|actor|MASK|hScrollKnob|actorArea|hScrollKnob|scrollbarHeight|actorArea|actor|actorArea|out|if|corner|corner|void|if|a|draw|param|batch|void|void|background|single|the|void|ring|ring|le|only|param|he|MASK|MASK|if|if|return|MASK|if|if|for|) {|hScroll|MASK|MASK|MASK|MASK|MASK," [MASK] ;
	private Actor actor;

	final Rectangle actorArea = new Rectangle();"," [MASK] ;
	private Actor actor;

	final Rectangle actorArea = new Rectangle();| MASK ) {
		this(actor, skin.get( [MASK] Name, ScrollPane|MASK Name, ScrollPaneStyle.class));
	}

	/** @param actor May be| [MASK] ) {
		this. [MASK]  =  [MASK] ;
	|actor!= null) {
			this.actor = actor;
			actor.setTouchable(| [MASK]  cannot be null."");
		this. [MASK]  =  [MASK| [MASK]  =  [MASK] ;
		setActor(actor);
		setSize| MASK ;
		setActor(actor);
		setSize(150, 15| [MASK] ) {
		if ( [MASK]  == null) throw new IllegalArgumentException(""| MASK == null) throw new IllegalArgumentException("" [MASK]  cannot be null."");
		this.|MASK  cannot be null."");
		this. [MASK]  =  [MASK] ;|MASK  =  [MASK] ;
		invalidateHierarchy();
	}

	/** Returns| MASK<file_sep>/core/src/com/mygdx/game/MyGdxGame.java| actor. */
	public Actor getActor () {
		return actor;
	}

| actor  will be positioned and sized depending on the scroll state and available actor area.
	 *|MASK ;
	}

	public void draw (Batch batch, float parentAlpha) {
	|.hScrollKnob, vScrollKnob =  [MASK].vScrollKnob;| actorArea.width;
		if (actorHeight > actorArea.height) actorHeight =|.hScrollKnob.getMinWidth();
		if ( [MASK].hScroll!= null| scrollbarHeight = 0;
			if ( [MASK].hScrollKnob!= null)| actorArea.width);
		if (actor instanceof Layout) {
			((Layout)actor|actor. */
	public void setScrollX (boolean scrollX) {
		this.| actorArea.height);
		}
		if (scrollX) {
			if (|out the scroll pane. */
	public void setScrollFocus (boolean scrollFocus) {
	|	if (<file_sep>/*******************************************************************************
 * Copyright 2011 See AUTHORS file.
 * 
|.corner!= null)  [MASK].corner.draw(batch, hScrollBounds.x|.corner.draw(batch, hScrollBounds.x + hScrollBounds.width, h|void removeActor (Actor actor) {
		throw new UnsupportedOperationException(""Use ScrollPane#setActor|		if ( [MASK].hScrollKnob!= null)
				 [MASK].hScroll|a single child.
	 * @see #setActor(Actor) */
	@Deprecated
|.draw(batch, hScrollBounds.x, hScrollBounds.y, hScrollBounds|param actor Actor to add.
	 * @param index Index to add the actor at. */
|		batch.setColor(r, g, b, a);
			if ( void.|void) {
		if (actor == null) throw new IllegalArgumentException(""actor cannot be null."");| void.vScrollKnob.draw(batch, vKnobBounds.x, vKn|.background;
		if (background!= null)
			height = Math.max(height|single child.
	 * @see #setActor(Actor) */
	@Deprecated
	|the scroll pane. */
	public void setScrollBounds (float left, float right, float|void) */
	public void setFlickScroll (boolean flickScroll) {
		|ring. */
	public void setScrollingDisabled (boolean x, boolean y) {
		|ring. */
	public void setScrollingDisabled (boolean x, boolean y);

	/**|le a single child.
	 * @see #setActor(Actor) */
	@Deprecated| only a single child.
	 * @see #setActor(Actor) */
	@Deprecated|@param flingTime Time in seconds for which you want to fling last.
	 * @|he.hScroll.getMinHeight());
			height += scrollbarHeight;
		}
		|  [MASK]  for a scroll pane, see {@link ScrollPane}.
	 * @author|  [MASK].hScroll.getMinWidth();
		if ( [MASK].h|if possible. Coordinates are in the scroll pane actor's coordinate system. */
	public void scroll| if ( if.hScroll!= null) height = Math.max(height,  if.|return scrollY;
	}

	/** Returns the width of the scroll knob. */|  MASK.hScrollKnob.getMinWidth();
		if ( MASK.hScroll!=| if ( if.vScroll!= null) height = Math.max(height,  if.| if (.vScroll!= null) height = Math.max(height, <file_sep>/core|  for a scroll pane, see {@link ScrollPane}.
	 * @author mzechner
	|) {
			background =  [MASK].background;
			corner =  [MASK|.hScroll;
			hScrollKnob =  [MASK].hScrollKnob| [MASK].hScroll;
			hScrollKnob =  [MASK].h| [MASK].hScroll;
			hScrollKnob =  [MASK].h|MASK.hScrollKnob;

			vScroll =  [MASK].vScroll;|MASK.vScroll;
			vScrollKnob =  MASK.vScrollKnob;|MASK.vScrollKnob;
		}

		public void set (ScrollPaneStyle  )",
4,methodHandlesLookup,UP_METHOD_HANDLES_LOOKUP,False,5,UP_METHOD_HANDLES_LOOKUP||findStatic||return,"UP_METHOD_HANDLES_LOOKUP;
        UP_METHOD_HANDLES_LOOKUP","UP_METHOD_HANDLES_LOOKUP;
        UP_METHOD_HANDLES_LOOKUP|
           <file_sep><fim_prefix><fim_suffix>e.class, ""get"", MethodType.methodType(Object.class|.findStatic(
                 <file_sep>/src/main/java/org/codehaus/groovy/runtime|
           <file_sep><fim_prefix><fim_suffix>e.class, ""get"", MethodType.methodType(Object.class| return DYNAMIC_CAST.bindTo(clazz);
        } catch (ReflectiveOperationException e",
5,nPredicates,n,False,12,n|null|n|n|MASK|executePredicates|m_predicates|null|MASK|MASK|MASK|MASK," n = getPredicateCount();
    for (int i = 0; i < n; i"," n = getPredicateCount();
    for (int i = 0; i < n; i|(null!= m_predicates) && (m_predicates.length > 0))
    {|n];
      }
    }
  }

  /**
   * Init the proximity position to zero for| n ; i++)
      {
        try
        {
          initProximityPosition(i);
        }|  [MASK]  = getPredicateCount();
    if ( [MASK]  == 0|executePredicates - waiting count: ""+m_lpi.getWaitingCount());
    int |m_predicates.length);
    if ( [MASK]  == 0)
      return true|(null == m_predicates) || (0 ==  [MASK] ))
      return true;|MASK ; i++)
      {
        // System.out.println(""Executing predicate expression - waiting count|MASK - 1)
          {
            m_foundLast = true;
          }
        }
       |  MASK  = getPredicateCount();

    for (int i = 0; i < |MASK ; i++)
    {
      m_predicates[i].fixupVariables(vars, globals",
6,status,MASK,False,8,MASK|indicatorColor|MASK|indicatorColor|MASK|indicatorColor|MASK|indicatorColor," [MASK] (), true);
        assertTrue(indicatorResult.impacts().isEmpty());
        assertTrue("," [MASK] (), true);
        assertTrue(indicatorResult.impacts().isEmpty());
        assertTrue(|indicatorColor, int maxShardsPerNode, int indexNumShards) {
        var clusterService =|[MASK] (),  [MASK] );
            assertEquals(
                ""Cluster is close to reaching|indicatorColor );
            assertEquals(
                ""Cluster is close to reaching the configured maximum number of sh| MASK (),  indicatorColor );
            assertEquals(
                ""Cluster is close to reaching the configured maximum|indicatorColor );
            assertEquals(
                ""Cluster is close to reaching the configured maximum number of sh| MASK (),  indicatorColor );
            assertEquals(
                ""Cluster is close to reaching the configured maximum|indicatorColor );
            assertEquals(
                ""Cluster is close to reaching the configured maximum number of sh",
7,mockXPackLicenseStatus,mockLicenseState,False,2,mockLicenseState|mockLicenseState,"mockLicenseState = new XPackLicenseState(currentTime::get,  [MASK] );

       ","mockLicenseState = new XPackLicenseState(currentTime::get,  [MASK] );

       |mockLicenseState);

        assertThat(
            TransportPutTrainedModelAction.validateModelDefinition(
               ",
8,typeClsFullName,fullName,False,2,fullName|fullName,  fullName<file_sep>/jadx-core/src/test/java/jadx/tests/,"  fullName<file_sep>/jadx-core/src/test/java/jadx/tests/|fullName);
		if (rClsExists) {
			ClassNode existCls = root.",
9,bytes,MASK,False,8,"MASK|MASK|\"":[1,2]}"");|MASK|MASK|MASK|MASK|MASK"," [MASK] \"":\""AQI\\u003d\""}"");
	}

"," [MASK] \"":\""AQI\\u003d\""}"");
	}

|[MASK] \"":\""AQI=\""}"");
	}

	@Test
	void| \"":[1,2]}"");
	}

	@Test
	void base64|[MASK]<file_sep>/*
 * Copyright 2002-2023 the original| MASK ;
		}

		public void setBytes(byte[]  MASK ) {
			|MASK) {
			this. MASK  =  MASK ;
		}
	}


| MASK  =  MASK ;
		}
	}


	private static class ByteArrayBeanWith| MASK ;
		}

		@Override
		public String toString() {
			return """,
10,restoreId,snapshotShardSizeInfo,False,3,snapshotShardSizeInfo|snapshot|snapshot,"snapshotShardSizeInfo = new SnapshotShardSizeInfo(
            Map.of(new InternalSnapshotsInfo","snapshotShardSizeInfo = new SnapshotShardSizeInfo(
            Map.of(new InternalSnapshotsInfo|snapshot, indexId, snapshotShardSizeInfo, 0, 0, 0, |   snapshot,
                                indexId,
                                new ShardId(indexMetadata.getIndex(), 0",
11,context,context,True,3,context|context|context,"context) {
		return evaluate(context.getElement());
	}

	private ConditionEvaluation","context) {
		return evaluate(context.getElement());
	}

	private ConditionEvaluation|context.getTestMethod().isPresent()) {
			return evaluate(context.getTestMethod().get());|context.getElement().get(), SearchStrategy.TYPE_HIERARCHY)
			.get",
12,cache,MASK,False,20,MASK|MASK|MASK|MASK|MASK|MASK|MASK|link|MASK|MASK|MASK|MASK|MASK|MASK|MASK|MASK|MASK|MASK|MASK|MASK,"[MASK] ;

import com.google.common. [MASK].CacheBuilder;","[MASK] ;

import com.google.common. [MASK].CacheBuilder;|[MASK].CacheBuilder;
import static com.google.common. [MASK]<file_sep>| MASK.CacheTesting.checkEmpty;
import static com.google.common. [MASK]| MASK.TestingCacheLoaders.exceptionLoader;
import static com.google.common. MASK| MASK.TestingRemovalListeners.queuingRemovalListener;
import static com.google.common.| MASK.CacheBuilder;
import com.google.common.  MASK.CacheLoader;
| MASK.CacheLoader.InvalidCacheLoadException;
import com.google.common. MASK.|{@link CacheBuilder#maximumSize(long)} with a maximum size of zero.
 *
| [MASK]  =
        CacheBuilder.newBuilder()
           .maximumSize(0)
           .| [MASK].getUnchecked(key)).isSameInstanceAs(computed);
    RemovalNotification| MASK );
  }

  public void testGetIfPresent() {
    Object computed = new Object();
   |[MASK]  =
        CacheBuilder.newBuilder()
           .expireAfterWrite(0, SE| MASK.getUnchecked(key)).isSameInstanceAs(computed);
    RemovalNotification<Object| MASK );
  }

  public void testGet_expireAfterAccess() {
    Object computed = new Object|[MASK]  =
        CacheBuilder.newBuilder()
           .expireAfterAccess(0, SE| MASK.getUnchecked(key)).isSameInstanceAs(computed);
    RemovalNotification<Object| MASK );
  }

  public void testGet_refreshAfterWrite() {
    Object computed = new Object|MASK  =
        CacheBuilder.newBuilder()
           .maximumSize(0)
           .removal| MASK.getUnchecked(new Object()));

    assertThat(listener.isEmpty()).isTrue();
    checkEmpty|MASK );
  }

  public void testGet_exception() {
    LoadingCache<Object, Object>",
13,relativePath,path,False,3,path|path|path,"path = create(""foo/bar/baz"");
    assertThat(path.hashCode()).isEqualTo(path","path = create(""foo/bar/baz"");
    assertThat(path.hashCode()).isEqualTo(path|path.hashCode();
    int newResult = path.getRelative(""new"").hashCode();
    assertThat|path.hashCode()).isEqualTo(oldResult);
    assertThat(rootPath.hashCode()).isEqualTo(rootResult",
14,queryBuilder,queryBuilder,True,2,queryBuilder|queryBuilder,      queryBuilder   = TRANSLATOR_HANDLER.asQuery(LucenePushdownPredicates,"      queryBuilder   = TRANSLATOR_HANDLER.asQuery(LucenePushdownPredicates|queryBuilder);
        }
        return match;
    }

    @Override
    protected Matcher<String>",
15,printer,printer,True,2,printer|printer,"printer) {
    printer.append(""<output file target "" + getLabel() + "">"");
 ","printer) {
    printer.append(""<output file target "" + getLabel() + "">"");
 | printer
         .append(""<output file target "")
         .append(getLabel())
         .append("" generated",
16,sourceBitmapConfig,config,False,3,config|config|config,"config = sourceBitmap.getConfig();
    CloseableReference<Bitmap> destBitmapRef =
        bitmap","config = sourceBitmap.getConfig();
    CloseableReference<Bitmap> destBitmapRef =
        bitmap|   config
              <file_sep><fim_prefix><fim_suffix>e.get(0).getUri());
    assertEquals(
        ""|config  : FALLBACK_BITMAP_CONFIGURATION);
    try {
      process(destBitmapRef",
17,millis,MASK,False,6,MASK|MASK|MASK|MASK|MASK|MASK,"[MASK]  = System.currentTimeMillis() - start;
        System.out.println("" [","[MASK]  = System.currentTimeMillis() - start;
        System.out.println("" [|[MASK]  : "" +  MASK );
    }

    public static void perf2() {|MASK );
    }

    public static void perf2() {
        long start = System.currentTimeMillis();|[MASK]<file_sep><fim_prefix><fim_suffix>t.println(JSON.toJSONString(model));

        for (|MASK  : "" +  MASK );
    }

    public static void perf3() {
        long|MASK );
    }

    public static void perf3() {
        long start = System.currentTimeMillis();",
18,numShards,numShards,True,2,numShards|numShards,"numShards = randomIntBetween(1, 20);
        int valuesPerShard = (","numShards = randomIntBetween(1, 20);
        int valuesPerShard = (|numShards);

        MultiPassStats multiPassStats = new MultiPassStats(""a"", ""b",
19,fullSchedule,result,False,6,result|result|result|result|result|result,"result = new ArrayList<>();
        result.addAll(pointerFreeUpdates.getUpdates());
        for (","result = new ArrayList<>();
        result.addAll(pointerFreeUpdates.getUpdates());
        for (|result.add(update);
        }
        while (!mentionedNewEntities.isEmpty()) {
           |result.addAll(backPointers.getUpdates());
            }
            mentionedNewEntities.remove(update|result.add(new ItemEditBuilder(missingId).addContributingRowIds(entry.getValue|result<file_sep><fim_prefix>/src/main/java/org/openrefine/wikibase/schema|result ;
    }

    @Override
    public String toString() {
        return ""QuickStatementsUpdateScheduler",
20,match,MASK,False,5,MASK|candidates|Collections|MASK|judgment,"[MASK]  = new ReconCandidate(id, id, new String[0], ","[MASK]  = new ReconCandidate(id, id, new String[0], |candidates = Collections.singletonList(MASK);
                    newRecon.judgment = Judgment.|Collections.singletonList( [MASK] );
                    newRecon. [MASK] Rank = -1|MASK );
                    newRecon.candidates = Collections.singletonList( MASK<file_sep>/main/src/|judgment = Judgment.Matched;
                    newRecon.judgmentAction = ""mass",
21,sectionLength,sectionLength,True,17,sectionLength|sectionLength|MASK|MASK|MASK|MASK|MASK|MASK|MASK|MASK|If|MASK|buffer|MASK|MASK|MASK|MASK,"sectionLength = buffer.readUnsignedShort();
    if (sectionLength > limit - buffer.getPosition","sectionLength = buffer.readUnsignedShort();
    if (sectionLength > limit - buffer.getPosition|sectionLength;
    if (nextSectionPosition < buffer.getPosition()) {
      return null;
   |[MASK] );
        break;
      case SECTION_TYPE_BITMAP_PICTURE:
        c|[MASK] );
        break;
      case SECTION_TYPE_END:
        cueBuilder.|MASK );
        break;
      case SECTION_TYPE_END:
        cue = cueBuilder|[MASK] ) {
      if ( [MASK]  < 2) {
        return;|MASK ) < 2) {
        return;
      }
      if (( MASK ) < 2|MASK <file_sep>/library/core/src/main/java/com/google/android/|MASK ) {
      if ( [MASK]  < 4) {
        return;
      }| MASK  < 4) {
        return;
      }
      buffer.skipBytes(3);|// If this is a base section, the next 4 bytes are the total length of the section| MASK  < 11) {
          return;
        }
        buffer.skipBytes(1|buffer.skipBytes(totalLength - 4);
          -= 7;
      } else {|[MASK]  > 0) {
        int bytesToRead = min( [MASK]| MASK  - 7, limit - position);
        buffer.readBytes(bitmapData.getData|MASK ) {
      if ( MASK  < 19) {
        return;
      }
     | MASK  < 19) {
        return;
      }
      buffer.skipBytes(1",
22,status,status,True,3,status|status|status,"status) {
            if (isLast(status)) {
              getConsumer().onNewResult(","status) {
            if (isLast(status)) {
              getConsumer().onNewResult(|status )) {
              getConsumer().onNewResult(null,  [MASK] );
            }|status );
            }
          }

          @Override
          protected void onFailureImpl(Throwable throwable) {",
23,fooAbs,foo,False,3,foo|foo|foo,"foo = create(""foo"");
    assertThat(fooBarWizAbs.getParentDirectory()).isEqualTo(","foo = create(""foo"");
    assertThat(fooBarWizAbs.getParentDirectory()).isEqualTo(|foo);
    assertThat(  fooAbs.getParentDirectory()).isEqualTo(rootAbs);
    assertThat(|foo.getParentDirectory()).isEqualTo(empty);
    assertThat(empty.getParentDirectory()).isNull();

   ",
24,request,request,True,2,request|request," request = (Request) o;
            return name.equals( [MASK].name);
       "," request = (Request) o;
            return name.equals( [MASK].name);
       |request.name);
        }

        @Override
        public int hashCode() {
            return Objects.hash",
25,requestUrl,url,False,4,url|url|url|url,url<file_sep>/src/main/java/com/github/scribejava/apis/examples/,"url<file_sep>/src/main/java/com/github/scribejava/apis/examples/|url = PROTECTED_RESOURCE_URL;
            } else {
                 url = PROTECTED|url<file_sep>/src/main/java/com/github/scribejava/core/extractors|url);
            System.out.println(""Signed URL: "" + service.signRequest(accessToken",
26,cmcdConfigurationFactory,cmcdConfiguration,False,6,cmcdConfiguration|cmcdConfigurationFactory|cmcdConfigurationFactory|cmcdConfigurationFactory|playlistTracker|playlistTracker,"cmcdConfiguration;
    private DrmSessionManager drmSessionManager;
    private LoadErrorHandlingPolicy","cmcdConfiguration;
    private DrmSessionManager drmSessionManager;
    private LoadErrorHandlingPolicy| cmcdConfigurationFactory) {
      this.cmcdConfigurationFactory = cmcdConfigurationFactory;
     |  cmcdConfigurationFactory  = cmcdConfigurationFactory;
      return this;
    }

    /**| cmcdConfigurationFactory, ""MediaSource.Factory#setCmcdConfigurationFactory no longer handles null| playlistTracker.getInitialSessionKeys();
      @Nullable
      CmcdConfiguration cmcdConfiguration =|playlistTracker.createCmcdConfiguration(mediaItem);

      return new HlsMediaSource(
         ",
27,formatBuilder,MASK,False,34,MASK|MASK|MASK|}|library|MASK|MASK|MASK|MASK|MASK|MASK|MASK|MASK|MASK|MASK|||MASK|setCodecs|{|else|{|MASK|setSampleMimeType|setSampleMimeType|setCodecs|setSampleMimeType|setSampleMimeType|setSampleMimeType|MASK|setSampleMimeType|}||static,"      [MASK] = new Format.Builder();

    if (mediaDescription.bitrate > ","      [MASK] = new Format.Builder();

    if (mediaDescription.bitrate > | [MASK].setAverageBitrate(mediaDescription.bitrate);
    }

    int rtp| MASK.setSampleMimeType(mimeType);

    int clockRate = mediaDescription.rtpMapAttribute| }
    }

    if (mediaDescription.rtpMapAttribute.encodingParameters!= C.INDEX_|<file_sep>/library/core/src/main/java/com/google/android/exop| [MASK], fmtpAttributes, mediaEncoding, channelCount, clockRate);
        break;| [MASK], fmtpParameters);
        break;
      case MimeTypes.VIDEO_MPEG| [MASK].setWidth(DEFAULT_H263_WIDTH).setHeight(DEFAULT_| [MASK], fmtpParameters);
        break;
      case MimeTypes.VIDEO_MPEG| MASK, fmtpParameters);
        break;
      case MimeTypes.VIDEO_MPEG2:| [MASK]<file_sep><fim_prefix><fim_suffix>e.
 *
 * @param {string} name The name| MASK.setWidth(DEFAULT_VP9_WIDTH).setHeight(DEFAULT_VP9_HEIGHT| MASK.setPcmEncoding(RtpPayloadFormat.getRawPcmEncodingType(mediaEncoding| MASK.build(), rtpPayloadType, clockRate, fmtpParameters, mediaEncoding);
 |  MASK,
      ImmutableMap<String, String> fmtpAttributes,
      String mediaEncoding,
     |
<file_sep>/library/core/src/main/java/com/google/android/ex|
}

  private static void processAacFmtpAttribute(
      Format.Builder  [MASK|  MASK,
      ImmutableMap<String, String> fmtpAttributes,
      String mediaEncoding,
     |.setCodecs(H264_CODECS_PREFIX + ""1"");
    }| {
      return AacUtil.parseAudioSpecificConfig(config, true);
    }
  }| } else {
      // set the default width and height
        [MASK].setWidth(DEFAULT_| {
      return sessionUri.buildUpon().appendEncodedPath(controlAttributeString).build();|  MASK, ImmutableMap<String, String> fmtpAttributes) {
    checkArgument(
        fm|.setSampleMimeType(MimeTypes.VIDEO_H264);
  }

  private static|.setSampleMimeType(MimeTypes.VIDEO_H264);
  }

  private static|.setCodecs(H264_CODECS_PREFIX + ""1"");
  }|.setSampleMimeType(MimeTypes.VIDEO_H264);
  }

  private static|.setSampleMimeType(MimeTypes.VIDEO_H264);
  }

  private static|.setSampleMimeType(H265_CODECS_PREFIX + controlAttributeString);
 |  MASK, ImmutableMap<String, String> fmtpAttributes) {
    checkArgument(
        fm|.setSampleMimeType(MimeTypes.VIDEO_H265);
  }

  private static| }

  /**
   * Returns the {@link Uri} of the track.
   *
   * <|
<file_sep>/library/core/src/main/java/com/google/android/ex| static String getMimeTypeFromRtpMediaType(String mediaEncoding) {
    switch (mediaEncoding)",
28,desktopServicesStore,MASK,False,6,MASK|MASK|MASK|MASK|path|path,  [MASK]<file_sep>/server/src/main/java/org/elasticsearch/index/,"  [MASK]<file_sep>/server/src/main/java/org/elasticsearch/index/|[MASK] );
        assertTrue(FileSystemUtils.isDesktopServicesStore( [MASK] ));

       |[MASK] ), equalTo(true));

        Files.delete( [MASK] );
        Files.| MASK );
        Files.createFile( MASK );
        assertThat(FileSystemUtils.isDesktopServicesStore|path.resolve(""foo"") );
        assertThat(FileSystemUtils.isDesktopServicesStore( path.|path ));

        Files.delete( path );
        Files.createFile( path );
        assertFalse(",
29,roles,server,False,3,server|servere|server,      <file_sep>/server/src/main/java/org/elasticsearch/index/mapper/Mapper,"      <file_sep>/server/src/main/java/org/elasticsearch/index/mapper/Mapper|server<file_sep><fim_prefix><fim_suffix>e.get(0).getShardId().getId() == 0);|server.contains(DiscoveryNodeRole.DATA_ROLE)
            &&  server.contains(Discovery",
30,wasPanning,numSamples,False,2,numSamples|numSamples," (numSamples == 0) return false;
			float sumX = getSum(mean"," (numSamples == 0) return false;
			float sumX = getSum(mean|(numSamples && tracker.numSamples > 0) ||!numSamples) handled = listener",
31,delimiter,MASK,False,4,MASK|MASK|MASK|MASK,[MASK]<file_sep>/jre_emul/android/platform/libcore/ojluni,"[MASK]<file_sep>/jre_emul/android/platform/libcore/ojluni|MASK<file_sep>/jre_emul/android/platform/libcore/ojluni/src|MASK ) {
        ArrayList<String> result = new ArrayList<String>();    
        int colIdx =|MASK ) {
                result.add(
                        fileLine.substring(colStart, idx));
               ",
32,events,MASK,False,4,MASK|FileServiceAccountTokenStore|MASK|MASK,"[MASK] = CapturingLogger.output(logger.getName(), Level.TRACE);
         [","[MASK] = CapturingLogger.output(logger.getName(), Level.TRACE);
         [|   FileServiceAccountTokenStore.parseFile(
            getDataPath(""service_tokens"").getParent().resolve|MASK.size(), is(1));
        assertThat( MASK.get(0), containsString(""| MASK.get(0), containsString(""does not exist""));
        assertThat(  MASK<file_sep>/",
33,clientId,clientId,True,2,clientId|clientId,clientId   <|endoftext|>,"clientId   <|endoftext|>|clientId, clientSecret<file_sep>/scribejava-apis/src/test/java/com/github",
34,integer,MASK,False,10,MASK|MASK|MASK|MASK|MASK|MASK|MASK|MASK|MASK|MASK," [MASK]  = new AtomicInteger();
        do {
            testCase(RandomSamplerAggregatorTests::write"," [MASK]  = new AtomicInteger();
        do {
            testCase(RandomSamplerAggregatorTests::write|[MASK].get()] = result.getDocCount();
                if (result.getDoc|MASK.get()] = agg.getValue();
                }
            },
                new AggTestConfig(|[MASK].incrementAndGet() < 5);
        long avgCount = LongStream.of|[MASK].get();
        double avgAvg = DoubleStream.of(avgs).sum|MASK.get();
        assertThat(avgCount, allOf(greaterThanOrEqualTo(20L|MASK  = new AtomicInteger();
        do {
            testCase(RandomSamplerAggregatorTests::writeTestDocs|MASK.get()] = result.getDocCount();
            },
                new AggTestConfig(| MASK.incrementAndGet() < 5);
        long avgCount = LongStream.of(counts|MASK.get();
        assertThat(avgCount, allOf(greaterThanOrEqualTo(20L",
35,drmEventDispatcher,eventDispatcher,False,2,eventDispatcher|presentationStartTimeUs," eventDispatcher = createDrmEventDispatcher(id);
    return new HlsDrmEventDispatcher(
       "," eventDispatcher = createDrmEventDispatcher(id);
    return new HlsDrmEventDispatcher(
       |   /* presentationStartTimeUs= */ presentationStartTimeMs,
            /* windowStartTimeUs= */ windowStartTime",
36,toExcluded,toExclude,False,10,toExclude|toExclude|toExclude|toExclude|len|toExclude|toExclude|toExclude|toExclude|toExclude,"toExclude, boolean isPath) {
        return decodeComponent(s, from, toExclude,","toExclude, boolean isPath) {
        return decodeComponent(s, from, toExclude,|toExclude<file_sep>/dubbo-common/src/main/java/org/apache/dubbo/|toExclude ; i++) {
            char c = s.charAt(i);
            if (c| toExclude );
        }

        // Each encoded byte takes 3 characters (e.g. ""%|len - (firstEscaped - from) + decodedCapacity);
        // Each encoded byte takes |toExclude<file_sep>/dubbo-common/src/main/java/org/apache/dubbo/|toExclude <file_sep>/dubbo-common/src/main/java/org/apache/dubbo|toExclude<file_sep>/dubbo-common/src/main/java/org/apache/dubbo/|toExclude<file_sep>/dubbo-common/src/main/java/org/apache/dubbo/|toExclude  && str.charAt(i) == '%');
            i--;

            charBufIdx",
37,configurations,MASK,False,6,MASK|MASK|MASK|MASK|MASK|MASK," [MASK]  = new ArrayList<>();

	private final List<File>       [MASK]"," [MASK]  = new ArrayList<>();

	private final List<File>       [MASK]| [MASK] ;
	}

	public void setConfigurations(Configuration...  [MASK]| MASK ) {
		this. [MASK]  =  [MASK] ;
	}| MASK  =  [MASK] ;
	}

	public void setConfigurations(Configuration...| MASK ;
	}

	public void setConfigurations(Configuration...  MASK ) {
		| MASK ) {
			ResolutionResult resolutionResult = configuration.getIncoming().getResolutionResult();
		",
38,unicharsRead,MASK,False,6,MASK|myCompressed|MASK|byteBuffer|len|totalCharsCompressed,[MASK]<file_sep>/jre_emul/android/platform/libcore/ojluni,"[MASK]<file_sep>/jre_emul/android/platform/libcore/ojluni|myCompressed, 0, myCompressedSize);

        myCharCount = myDecompressor.de| MASK  = new int[1];
        int[] bytesRead = new int[1];
        
       | byteBuffer<file_sep>/jre_emul/android/platform/libcore/ojluni/|len;

            /*System.out.logln(""Compression pass complete.  Compressed ""
                              | totalCharsCompressed + "" chars into ""
                               + bytesWritten + "" bytes."");*/
        } while",
39,mediaEncoding,mimeType,False,9,mimeType|mimeType|MASK|fmtpParameters|channelCount|MASK|);|MASK|equals,"mimeType = getMimeTypeFromRtpMediaType( [MASK] );
    formatBuilder.setSample","mimeType = getMimeTypeFromRtpMediaType( [MASK] );
    formatBuilder.setSample|mimeType;
    if (MEDIA_TYPE_AUDIO.equals(mediaDescription.mediaType))| [MASK] );
    formatBuilder.setSampleMimeType(mimeType);

    int clockRate =|fmtpParameters.containsKey(PARAMETER_MP4A_C_PRESENT)
            && fmtp| channelCount, clockRate);
        break;
      case MimeTypes.AUDIO_MP4:
       |[MASK] ));
        break;
      case MimeTypes.VIDEO_RAW:
        formatBuilder.| );
  }

  private static void processMPEG4FmtpAttribute(
      Format.Builder format| MASK ) {
    return new RtpPayloadFormat(
        format, rtpPayloadType, clock|.equals(RtpPayloadFormat.RTP_MEDIA_MPEG4_LATM_",
40,status,status,True,4,status|status|status|status,        status<file_sep>/scribejava-apis/src/test/java/com/github/scribe,"        status<file_sep>/scribejava-apis/src/test/java/com/github/scribe|status();
        final String      reason = aggregatedResponse.status().reasonPhrase();
        final Map<|status,  status<file_sep>/scribejava-apis/src/test/java/com/github|status.reasonPhrase(), headersMap, inputStream, inputStream);
    }

    /**
     * Converts {@",
41,semanticVersion,version,False,4,version|officialPlugin|version|version," version = getSemanticVersion(Build.current().version());
        if (version == null) {"," version = getSemanticVersion(Build.current().version());
        if (version == null) {|(officialPlugin == false) && (Build.current().isSnapshot() == false)) {
           | version,  stagingHash, pluginId);
            } else {
                baseUrl = nonReleaseUrl(""|version, stagingHash, pluginId);
            }
        } else {
            baseUrl = String.format",
42,newReceiverNodes,newPermissionNodes,False,3,newPermissionNodes|newPermissionNodes|newPermissionNodes,"newPermissionNodes = newAppNode.elements(XML_NODENAME_PERMISSION);
                    final","newPermissionNodes = newAppNode.elements(XML_NODENAME_PERMISSION);
                    final|newPermissionNodes);
                    for (Element node : incReceiverNodes) {
                        incAppNode.|newPermissionNodes, Collection<String> incReceivers) {
        announceWarningOrException(""",
43,serviceTimeEWMA,serviceTime,False,4,serviceTime|nodeServiceTime|serviceTime|serviceTime,"       serviceTime<file_sep><fim_prefix>/*
 * Copyright Elasticsearch B.V. and/or licensed to Elasticsearch","       serviceTime<file_sep><fim_prefix>/*
 * Copyright Elasticsearch B.V. and/or licensed to Elasticsearch|nodeServiceTime();
            final long  [MASK]  = queryResult.  [MASK]|serviceTime > 0 && queueSize >= 0) {
                collector.addNodeStatistics(|serviceTime );
            } else {
                collector.addNodeStatistics(nodeId, responseDuration<file_sep>/",
44,lexer,MASK,False,29,MASK|MASK|MASK|MASK|MASK|MASK|;|MASK|stringDefaultValue|MASK|MASK|MASK|MASK|parser|MASK|MASK|MASK|MASK|MASK|MASK|MASK|MASK|MASK|MASK|MASK|MASK|MASK|MASK|MASK," [MASK]  = (JSONLexerBase) parser.getLexer();
        
        if (! [MASK"," [MASK]  = (JSONLexerBase) parser.getLexer();
        
        if (! [MASK|[MASK].isEnabled(Feature.InitStringFieldAsEmpty)) {
            if ( [MASK]|[MASK].matchStat == JSONLexerBase.END) {
            return null;
        }| MASK.scanType(""Image"") == JSONLexerBase.NOT_MATCH) {
            return super| MASK.matchStat == JSONLexerBase.END) {
            return instance;
        }
        
        int| [MASK].isEnabled(Feature.InitStringFieldAsEmpty)) {
            height_gen = |"""";
        } else {
            title_gen = null;
        }
        if ( MASK.| MASK.isEnabled(Feature.InitStringFieldAsEmpty)) {
            uri_gen =  [MASK|.stringDefaultValue();
            _asm_flag_0 |= 8;
        } else {
           |[MASK]<file_sep>/src/main/java/data/media/Image.java
package|[MASK].matchStat > 0) {
                _asm_flag_0 |= | MASK.matchStat == JSONLexerBase.NOT_MATCH) {
                restFlag = true;| MASK.matchStat == JSONLexerBase.END) {
                endFlag = true;
            }|parser, size_gen_prefix__, size_gen_deser__);
            if( MASK.| MASK.matchStat > 0) {
                _asm_flag_0 |= 2;|MASK.matchStat == JSONLexerBase.NOT_MATCH) {
                restFlag = true;|MASK.matchStat == JSONLexerBase.END) {
                endFlag = true;
            }|[MASK].scanFieldString(title_gen_prefix__);
            if( MASK.match|[MASK].matchStat > 0) {
                _asm_flag_0 |= |MASK.matchStat == JSONLexerBase.NOT_MATCH) {
                restFlag = true;|MASK.matchStat == JSONLexerBase.END) {
                endFlag = true;
            }|MASK.scanFieldString(uri_gen_prefix__);
            if( MASK.matchStat >|[MASK].matchStat > 0) {
                _asm_flag_0 |= |MASK.matchStat == JSONLexerBase.NOT_MATCH) {
                restFlag = true;|MASK.matchStat == JSONLexerBase.END) {
                endFlag = true;
            }|MASK.scanFieldInt(width_gen_prefix__);
            if( MASK.matchStat >|MASK.matchStat > 0) {
                _asm_flag_0 |= 16| MASK.matchStat == JSONLexerBase.NOT_MATCH) {
                restFlag = true;| MASK.matchStat == JSONLexerBase.END) {
                endFlag = true;
            }",
45,context,context,True,4,context|context|context|context,"context, Payload payload, HttpRequestAttachment attachment) throws IOException {
        return toAttachment(context, payload","context, Payload payload, HttpRequestAttachment attachment) throws IOException {
        return toAttachment(context, payload|context, payload);
        HttpRequest httpRequest = attachment.getRequestTemplate().render(templateEngine, model);|context<file_sep>/*
 * Copyright Elasticsearch B.V. and/or licensed to Elasticsearch B.V| context.watch().id(),
                attachment.id(),
                httpRequest.host(),
                httpRequest.port",
46,paths,MASK,False,10,MASK|_get_error|MASK|_get_error|class_|_get|class_|_get|MASK|_get,"[MASK] _get;
    private static      boolean   method_ [MASK] _get_","[MASK] _get;
    private static      boolean   method_ [MASK] _get_|_get_error;
    private static      Method    method_  [MASK] _get;|[MASK] _get == null &&!method_ [MASK] _get_error) {|_get_error) {
                        Class<?>  [MASK]  = TypeUtils.loadClass|class_ [MASK] = TypeUtils.loadClass(""java.nio.file.Paths"");|_get =  class_.getMethod(""get"", String.class, String[].class);
                   |class_.getMethod(""get"", String.class);
                    }
                    if (method_ [MASK|_get<file_sep>/src/main/java/com/alibaba/fastjson/serializer/JSONLib|[MASK] _get _get.invoke(null, strVal, new String[0]);|_get _get = null;
                    method_ _get_error _get_error = true",
47,builder,builder,True,3,builder|link|buildere,"builder the builder to use
	 * @param  [MASK]  the  [MASK] ","builder the builder to use
	 * @param  [MASK]  the  [MASK] |{@link Info.Builder Builder}<file_sep><fim_prefix>/spring-boot-project/spring-boot-|builder<file_sep><fim_prefix><fim_suffix>e.get(0).get(""name"").equals(""foo""));
		",
48,consumer,logger,False,2,logger|logger,"> logger<file_sep>/*
 * Copyright Elasticsearch B.V. and/or licensed to Elasticsearch B.","> logger<file_sep>/*
 * Copyright Elasticsearch B.V. and/or licensed to Elasticsearch B.|, logger, validator);

        // THEN affix updater is always expected to have changed (even when",
49,response,response,True,2,response|response,response<file_sep><fim_prefix>/spring-boot-project/spring-boot-tools/spring-boot-,"response<file_sep><fim_prefix>/spring-boot-project/spring-boot-tools/spring-boot-|response);
		}

		@Override
		public void init(jakarta.servlet.",
50,parsed,builder,False,2,builder|builder,"builder = TopMetricsAggregationBuilder.PARSER.apply(parser, name);
        assertThat(parser.","builder = TopMetricsAggregationBuilder.PARSER.apply(parser, name);
        assertThat(parser.|builder<file_sep>/x-pack/plugin/ent-search/src/main/java/org",
51,useKeyAsProperty,MASK,False,14,MASK|MASK|MASK|MASK|MASK|||;|)|)|;|;||;," [MASK] =false)
            external.put(""dubbo.override.key"", ""external"");"," [MASK] =false)
            external.put(""dubbo.override.key"", ""external"");| MASK =true)
            external.put(""dubbo.override.key2"", ""external"");
           |MASK=false)
            external.put(""dubbo.override.key1"", ""external"");
           |MASK] =false)
            external.put(""dubbo.override.key"", ""external"");
           |MASK] =true)
            external.put(""dubbo.override.key2"", ""external"");|
}

@Retention(RetentionPolicy.RUNTIME)
@Target({ElementType.FIELD, ElementType|

Properties properties = new Properties();
properties.load(this.getClass().getResourceAsStream(""/| ;
        public String  [MASK]  ;
        public String  [MASK]  ;
       |)
public @interface ConfigField {
    String value() default """";
}

private static|)
    public @interface ConfigField {
        String value() default """";
    }

    private static class|;
        }

        public String getEscape() {
            return escape;
        }

        public void set|   ;
        public String getEscape() {
            return escape;
        }

        public void setEscape|

public static class AbstractConfig {
    private String id;
    private String name;
    private|;
        }

        public String getEscape() {
            return escape;
        }

        public void set",
52,forwardButton,MASK,False,3,MASK|MASK|MASK,"  [MASK] ;
		backwardButton =  [MASK] = null;
		regions","  [MASK] ;
		backwardButton =  [MASK] = null;
		regions| MASK<file_sep><fim_prefix>/1/core/src/com/mygdx/game/MyGdx|MASK.addActionListener(new ActionListener() {
			@Override
			public void actionPerformed (ActionEvent arg",
53,random,Color,False,6,Color|Randomt|random|random|random|randomt,"Color());
    }
  }

  public static final List<Integer> COLORS = new ArrayList<","Color());
    }
  }

  public static final List<Integer> COLORS = new ArrayList<|Random<file_sep><fim_prefix><fim_suffix>t.get(i);
      if (child instanceof View) {
        View|random   <file_sep><fim_prefix><fim_suffix>t.get(i);
      if (child instanceof View) {
       |random.nextInt(255),
        random.nextInt(255),
        random.|random.nextInt(255),
         random.nextInt(255));
  }

 |random<file_sep><fim_prefix><fim_suffix>t.get(i).get(j).get(k).get(",
54,observer,downstream,False,2,downstream|downstreame,"downstream) {
        source.subscribe(new DetachObserver<>(downstream));
    }

   ","downstream) {
        source.subscribe(new DetachObserver<>(downstream));
    }

   |downstream<file_sep><fim_prefix><fim_suffix>e.rxjava3.core.Observable;
import io.reactivex",
55,valueBlock,max,False,23,max|max|max|max|max|max|MASK|MASK|MASK|MASK|MASK|MASK|MASK|MASK|MASK|MASK|MASK|MASK|MASK|MASK|MASK|MASK|MASK,"max = page.getBlock(channels.get(0));
    if (max.areAllValues","max = page.getBlock(channels.get(0));
    if (max.areAllValues|max.asVector();
    if (valueVector == null) {
      maybeEnableGroupIdTracking(|max );
    }
    return new GroupingAggregatorFunction.AddInput() {
      @Override
     |max <file_sep><fim_prefix><fim_suffix>e.compute.data.IntVector;
import org.elasticsearch.|max<file_sep>/java-client/src/main/java/co/elastic/clients/elasticsearch|max );
        }

        @Override
        public void close() {
        }
      };
    }
   | [MASK] ) {
    BytesRef valueScratch = new BytesRef();
    for (int group| MASK.isNull(valuesPosition)) {
        continue;
      }
      int groupStart = groups.|[MASK].getFirstValueIndex(valuesPosition);
        int valueEnd = valueStart + | MASK.getValueCount(valuesPosition);
        for (int valueOffset = valueStart; valueOffset| MASK.getBytesRef(valueOffset, valueScratch);
          MaxBytesRefAggregator.combine(state|MASK ) {
    BytesRef valueScratch = new BytesRef();
    for (int groupPosition =| MASK.isNull(valuesPosition)) {
        continue;
      }
      int groupStart = groups.|MASK.getFirstValueIndex(valuesPosition);
        int valueEnd = valueStart +  MASK.|MASK.getValueCount(valuesPosition);
        for (int valueOffset = valueStart; valueOffset|MASK.getBytesRef(valueOffset, valueScratch);
          MaxBytesRefAggregator.combine(state|MASK ) {
    BytesRef valueScratch = new BytesRef();
    for (int groupPosition =| MASK.isNull(valuesPosition)) {
        continue;
      }
      int groupId = groups.getInt|MASK.getFirstValueIndex(valuesPosition);
      int valueEnd = valueStart +  MASK.|MASK.getValueCount(valuesPosition);
      for (int valueOffset = valueStart; valueOffset|MASK.getBytesRef(valueOffset, valueScratch);
        MaxBytesRefAggregator.combine(state|MASK<file_sep>/java-client/src/main/java/co/elastic/clients/elasticsearch| MASK.mayHaveNulls()) {
      state.enableGroupIdTracking(seenGroupIds);
   ",
56,calendars,= {,False,26,= {|above||n|);||i|for|time|||fpos|);|MASK||dateStyle|fp|dayOffset|errln|expected|for|expected|dateStyle|expected|time|expected," = {
            new GregorianCalendar(tz),
            new BuddhistCalendar(tz),
           "," = {
            new GregorianCalendar(tz),
            new BuddhistCalendar(tz),
           |  above.
        final DateFormat[] formatters = {
            DateFormat.getPatternInstance(|
        for (int j = 0; j <  [MASK].length; j++) {|\n Expected result="" + expected);
        }
    }

    /*
     * Test case for very|);
        StringBuffer buf = new StringBuffer(64);
        FieldPosition fpos = new FieldPosition|
        StringBuffer dateTimeStr = new StringBuffer(64);
        StringBuffer dateStr = new StringBuffer(6|i], buf, fpos);
                if (!refStr.equals(buf.toString())) {| for dayOffset "" + dayOffset );
        }
    }

    /*
     * Test case for very|, time string is "" + timeStr);

                // check that dateStr is in dateTimeStr
               |
        // The order of test formatters mus match the order of  above  above.
        final|
        StringBuffer buf = new StringBuffer(64);
        FieldPosition fpos = new FieldPosition(|, fpos);
            String refStr = buf.toString();
            String expected = ""20|);
        StringBuffer result = new StringBuffer();
        sdf.format(cal,result,pos);
       | [MASK] [j].setTimeZone(gmt);
                 [MASK] [j].clear();|
        StringBuffer buf = new StringBuffer();
        FieldPosition fpos = new FieldPosition(0);
       | dateStyle + "" for dayOffset "" + dayOffset );
        }
    }

    /*
     *|"", ""fp"", ""2010 04 01"",
                ""20| dayOffset "" + dayOffset);
            }
        }
    }

    /*
     * Test case for| errln(""FAIL: "" + dateTimeStr.toString() + "" expected -> "" + expected);| expected -> "" + expected);
        }
    }

    /*
     * Test case for very long numeric| for dayOffset "" + dayOffset );
        }
    }

    /*
     * Test case for very| expected -> "" + expected);
        }
    }

    /*
     * Test case for very long numeric| dateStyle "" + dateStyle + "" for dayOffset "" + dayOffset );
        }
    }| expected -> "" + expected);
        }
    }

    /*
     * Test case for very long numeric| time string is "" + timeStr.toString());
        }
    }

    /*
     * Test case| expected -> "" + expected);
        }
    }

    @Test
    public void TestSimpleDateFormatConstructor_",
57,serviceKey,MASK,False,4,MASK|MASK|MASK|MASK,"  [MASK], Payload payload, String watchId) throws IOException {
        return HttpRequest.builder(","  [MASK], Payload payload, String watchId) throws IOException {
        return HttpRequest.builder(| MASK, payload, watchId))
          .build();
    }

    XContentBuilder buildAPIX| MASK, Payload payload, String watchId) throws IOException {
        return createRequest( MASK, payload| MASK, payload, watchId);
        builder.field(Fields.ROUTING_KEY.get",
58,FAIL_STR,d,False,3,d|ChineseDateFormat|Test,"-d H:mm:ss.SSS zzz"", ULocale.ROOT);
        ac","-d H:mm:ss.SSS zzz"", ULocale.ROOT);
        ac|ChineseDateFormat.Field.IS_LEAP_MONTH)) {
            errln(""FAIL: separate| * Test case for formatToCharacterIterator
     */
    @Test
    public void TestFormatToCharacter",
59,currentOffset,numBootstrapMethods,False,8,numBootstrapMethods|MASK|numBootstrapMethods|int|numBootstrapMethods|int|numBootstrapMethods|int," numBootstrapMethods = classReader.readUnsignedShort(currentAttributeOffset + 6);
      bootstrap"," numBootstrapMethods = classReader.readUnsignedShort(currentAttributeOffset + 6);
      bootstrap|[MASK]  + 2;
        int numBootstrapArguments = classReader.readUnsignedShort|numBootstrapMethods);
        int numBootstrapArguments = classReader.readUnsignedShort(numBootstrapMethods| int numBootstrapArguments = classReader.readUnsignedShort( numBootstrapMethods  + 2 );| numBootstrapMethods  + 2);
        int  += 2;
        int hashCode = class| int  += 2;
        int  += 2;
        int  += 2;| numBootstrapMethods );
           [MASK]  += 2;
          addConstantDynamicOrInvokeDynamic| int  += 2;
            hashCode ^= classReader.readConst(bootstrapArgument, charBuffer",
60,updateDoc,request,False,3,request|request|request,"request = new Request(""POST"", ""test/_update/1"");
        request.setJsonEntity","request = new Request(""POST"", ""test/_update/1"");
        request.setJsonEntity|request.setJsonEntity(""{\""doc\"":{\""name\"":\""test\""}}"");
        closeWhileListenerEng|request));
    }

    public void testBulkAndThenClose() throws Exception {
        Request request =",
61,dataStream,MASK,False,21,MASK|MASK|MASK|MASK|MASK|MASK|MASKe|MASKe|);|MASK|MASK|Remote1|MASK|MASK|get|MASK|build|MASK|opType|;|get," [MASK] Local = ""metrics-foo"";
        String  [MASK] LocalAlias = random"," [MASK] Local = ""metrics-foo"";
        String  [MASK] LocalAlias = random| [MASK] Remote1 = ""metrics-bar"";
        String  [MASK] Remote1Alias| [MASK] LocalAlias, AliasMetadata.builder( [MASK] LocalAlias).writeIndex(| [MASK] LocalAlias).writeIndex(randomBoolean()).build());
            }
            putComposableIndex| [MASK] Local + ""*""), aliases);
            CreateDataStreamAction.Request createDataStreamRequest = new| MASK Local, numDocsBar);
        }

        // set up data stream on remote1 cluster
       |  MASK<file_sep><fim_prefix><fim_suffix>e.get(0).getShardId().getIndex());
        assertThat(| MASKe Remote1Alias = randomAlphaOfLengthBetween(5, 16);
        {|);
        for (BulkItemResponse itemResponse : bulkResponse) {
            assertThat(itemResponse.| [MASK] )).actionGet();
    }

    private Map<String, Object> setupThree| MASK Local + ""*"")).actionGet();
        assertThat(refreshResponse.get().isTimedOut(),| Remote1);
        }

        // set up data stream on remote1 cluster
        {
            Client client| MASK Local);
        clusterInfo.put(""remote1.datastream"",  [MASK]<file_sep>|"",  MASK LocalAlias);

        clusterInfo.put(""remote1.skip_unavailable"",|.get(remoteIndex2).getSettings().get(remoteIndex2).getAsBoolean(""index|(MASK Remote1Alias);

        clusterInfo.put(""remote2.index"", remoteIndex2|build()
        );
        client.execute(TransportPutComposableIndexTemplateAction.TYPE, request).| MASK<file_sep><fim_prefix>/*
 * Copyright Elasticsearch B.V. and/or licensed to Elasticsearch B.|).opType(DocWriteRequest.OpType.CREATE)
                   .source(String.format| ;
        for (BulkItemResponse itemResponse : bulkResponse) {
            assertThat(itemResponse.| )).get();
    }

    void indexDataStreamDocs(Client client, String  MASK, int",
62,delegateHandler,handler,False,3,handler|exchange|handler,handler      <file_sep>/server/src/main/java/org/elasticsearch/index/mapper/,"handler      <file_sep>/server/src/main/java/org/elasticsearch/index/mapper/|exchange);
                [MASK].parseRequest(exchange);
                [MASK].handle(exchange|handler.ensurePurposeParameterPresent(exchange.parseRequest(exchange));
                 if (request.is",
63,responseDuration,elapsedNanose,False,2,elapsedNanose|serviceTimeEWMA,"elapsedNanos<file_sep><fim_prefix><fim_suffix>e.
 */

package org.elasticsearch.xpack.","elapsedNanos<file_sep><fim_prefix><fim_suffix>e.
 */

package org.elasticsearch.xpack.|serviceTimeEWMA, elapsedNanose);
            } else {
                collector.addNodeStatistics(",
64,tokenStream,tokenStream,True,2,tokenStream|tokenStream,"tokenStream) {
        return new KeepWordFilter(tokenStream, keepWords);
    }

   ","tokenStream) {
        return new KeepWordFilter(tokenStream, keepWords);
    }

   |tokenStream<file_sep>/server/src/main/java/org/elasticsearch/search/aggregations",
65,transformState,prevState,False,2,prevState|prevState,"prevState, [MASK]<file_sep><fim_prefix>/server/src/main/java/org/elasticsearch","prevState, [MASK]<file_sep><fim_prefix>/server/src/main/java/org/elasticsearch|prevState);
    }

    @Override
    protected TransformState apply(ReservedClusterStateHandler<?> handler",
66,runMode,runMode,True,2,runMode|tuple,"runMode) {
        if (fileName == null || fileName.length() == 0) {","runMode) {
        if (fileName == null || fileName.length() == 0) {|(tuple.format!= null && tuple.output!= null)
                            || (tuple.toPattern",
67,screenX,screenX,True,2,screenX|screenX,"screenX, int screenY, int pointer, int button) {
		return super.touch","screenX, int screenY, int pointer, int button) {
		return super.touch|screenX, screenY, pointer, button);
	}

	@Override
	public",
68,yValUncast,MASK,False,9,MASK|MASK|MASK|MASK|MASK|MASK|MASK|MASK|MASK," [MASK]  = page.getBlock(channels.get(2));
    if ( [MASK"," [MASK]  = page.getBlock(channels.get(2));
    if ( [MASK|MASK.areAllValuesNull()) {
      return;
    }
    DoubleVector yVal = ((|MASK ).asVector();
    Block yDelUncast = page.getBlock(channels.get(|[MASK]  = page.getBlock(channels.get(2));
    if ( [MASK| MASK.areAllValuesNull()) {
      return;
    }
    DoubleVector yVal = ((|MASK ).asVector();
    Block yDelUncast = page.getBlock(channels.get(|MASK  = page.getBlock(channels.get(2));
    if ( MASK.areAll| MASK.areAllValuesNull()) {
      return;
    }
    DoubleVector yVal = ((|MASK ).asVector();
    Block yDelUncast = page.getBlock(channels.get(",
69,stBuilder,e,False,3,e|e|e,"<file_sep><fim_prefix><fim_suffix>e.get(0).getDocCount(), equalTo(1L));
        assertThat","<file_sep><fim_prefix><fim_suffix>e.get(0).getDocCount(), equalTo(1L));
        assertThat|   e <file_sep><fim_prefix><fim_suffix>e.get(0).getDocCount(), equalTo(1L|   e<file_sep><fim_prefix>/*
 * Copyright Elasticsearch B.V. and/or licensed to Elasticsearch B",
70,userAgent,MASK,False,11,MASK|MASK|MASK|MASK|MASK|MASK|MASK|MASK|MASK|headersBuilder|MASK," [MASK], Map<String, String> headers, Verb httpVerb, String completeUrl,"," [MASK], Map<String, String> headers, Verb httpVerb, String completeUrl,|[MASK], headers, httpVerb, completeUrl, new BytesBody(bodyContents), callback|[MASK], Map<String, String> headers, Verb httpVerb, String completeUrl,| MASK, headers, httpVerb, completeUrl, new MultipartBody(bodyContents), callback,|[MASK], Map<String, String> headers, Verb httpVerb, String completeUrl,|MASK, headers, httpVerb, completeUrl, new StringBody(bodyContents), callback,
               |MASK, Map<String, String> headers, Verb httpVerb, String completeUrl,
            InputStream|MASK, headers, httpVerb, completeUrl, new FileBody(bodyContents), callback,
               | MASK, Map<String, String> headers, Verb httpVerb,
            String completeUrl, Supplier|headersBuilder.userAgent() == null && clientBuilder.getUserAgent()
              <file_sep><fim_prefix><fim_suffix>e.|MASK );
        }

        if (headersBuilder.contentType() == null) {
            headersBuilder.",
71,policy,MASK,False,63,MASK|MASK|MASK|MASK|MASK|MASK|MASK|MASK|MASK|MASK|MASK|MASK|MASK|MASK|MASK|MASK|MASK|MASK|MASK|MASK|MASK|MASK|MASK|MASK|MASK|MASK|MASK|MASK|get|get|);||MASK|MASK|;|Name|Name|Name|Name|;|MASK|Name|MASK|MASK|MASK|MASK|Name|MASK|MASK|MASK|MASK|equals|Name|e|put|put|e|MASK|e|but|e|e|);," [MASK] Name = ""test- [MASK] "";

        internalCluster().startMasterOnlyNodes"," [MASK] Name = ""test- [MASK] "";

        internalCluster().startMasterOnlyNodes| [MASK] "";

        internalCluster().startMasterOnlyNodes(1);
        final String masterNode| [MASK] Name, ""snap"", NEVER_EXECUTE_CRON_SCHEDULE, repo|MASK Name);
        logger.info(""Created snapshot: "" + snapshotA);

        // wait until| [MASK] Name, taken, failure);
        }
    }

    private void assertStats(Snapshot| MASK Name);
        logger.info(""Created snapshot B: "" + snapshotB);

        // wait| [MASK] Name, List.of(snapshotA, snapshotB));

        // remove delay from| [MASK] Name, taken, failure);
        }
    }

    private void assertRegistered(String| [MASK] Name, List.of(snapshotA, snapshotB));
        }, 1,| [MASK] Name = ""test- [MASK] "";

        internalCluster().startMasterOnlyNodes|MASK "";

        internalCluster().startMasterOnlyNodes(1);
        final String masterNode = internal| [MASK] Name, ""snap"", NEVER_EXECUTE_CRON_SCHEDULE, repo| MASK Name);
        logger.info(""Created snapshot: "" + snapshotName);

        waitForSnapshot(| [MASK] Name, taken, failure);
        }
    }

    private void assertRegistered(String| [MASK] Name, List.of(snapshotName));
        }, 1, TimeUnit.MIN| MASK Name = ""test- MASK "";

        internalCluster().startMasterOnlyNodes(1);
       |MASK "";

        internalCluster().startMasterOnlyNodes(1);
        final String masterNode = internal| [MASK] Name, ""snap"", NEVER_EXECUTE_CRON_SCHEDULE, repo| MASK Name);
        logger.info(""Created snapshot: "" + snapshotName);

        // restart snapshot|MASK] Name, 0, 0);
        }
    }

    /**
     * Test that| [MASK] Name, expected);
    }

    /**
     * Test that after a failed snapshot with| MASK Name);
        logger.info(""Created snapshot: "" + snapshotName2);

        waitForSnapshot|MASK] Name, 1, 1, 1);
            assertRegistered( [MASK]| MASK Name, List.of(snapshotName));
        }, 1, TimeUnit.MINUTES);| MASK Name = ""test- [MASK] "";

        internalCluster().startMasterOnlyNodes(1|MASK "";

        internalCluster().startMasterOnlyNodes(1);
        final String masterNode = internal| [MASK] Name, ""snap"", NEVER_EXECUTE_CRON_SCHEDULE, repo|MASK Name);
        logger.info(""Created snapshot: "" + snapshotName);

        // restart snapshot|.get(0);
        assertEquals(SnapshotState.PARTIAL, snapshotInfo.getState());
       |.get(0);
        assertEquals(SnapshotState.PARTIAL, snapshotInfo.getState());
       |);
        assertMetadata( [MASK] Name, 0, 0, 0);
       |
        final String idxName = ""test-idx"";
        final String repoName = ""test-| MASK] Name, List.of(snapshotName));
        }, 1, TimeUnit.MINUTES|  [MASK] Name = ""test- [MASK] "";

        internalCluster().startMasterOnly| "";

        internalCluster().startMasterOnlyNodes(1);
        final String masterNode = internalCluster|Name, ""snap"", NEVER_EXECUTE_CRON_SCHEDULE, repoName, idx| Name);

        // wait for snapshot to complete and network disruption to stop
        runDuringFinalize.| Name, 0, 0, 0);
        }, 1, TimeUnit.MINUTES| Name = ""test- [MASK] "";

        internalCluster().startMasterOnlyNodes(1);| "";

        internalCluster().startMasterOnlyNodes(1);
        final String masterNode = internalCluster| MASK Name, ""snap"", NEVER_EXECUTE_CRON_SCHEDULE, repoName,| Name);

        // wait for snapshot to complete and network disruption to stop
        runDuringFinalize.| MASK Name, 0, 0, 0);
        }, 1, TimeUnit.MIN| MASK Name, long taken, long failed) {
        var snapshotLifecycleMetadata = getSnapshotLifecycleMetadata| MASK Name);
        assertStats(snapshotLifecycleMetadata,  [MASK] Name, taken, failure| MASK Name, taken, failure);
        if (taken > 0) {
            assertNotNull(snapshot| Name, long taken, long failed) {
        var stats = getStats();
        var  [| MASK Name);
        logger.info(""stats: "" + stats);
        if (taken == | MASK Name, List<String> expected) {
        var snapshotLifecycleMetadata = getSnapshotLifecycleMetadata| MASK<file_sep><fim_prefix>/*
 * Copyright Elasticsearch B.V. and/or licensed to Elasticsearch B.| MASK Name);
        var  MASK Snaps = registered.getSnapshotsByPolicy( MASK Name);|.equals(expected,   MASK<file_sep><fim_prefix><fim_suffix>e.get(0).getShardId().| Name, String snapshotNamePattern, String schedule, String repoId, String indexPattern) {
       |<file_sep><fim_prefix><fim_suffix>e.get(0).get(0).get(0).get(0|.put(""schedule"", schedule);
         MASK  = new SnapshotLifecyclePolicy(
            TEST_|.put(""include_global_state"", false);
        e.put(""metadata_id"",|<file_sep><fim_prefix><fim_suffix>e.get(0).getShardId().getId());
        assertEquals(1,|  [MASK]  + "" got: "" + e);
        }
    }

    private void| <file_sep><fim_prefix><fim_suffix>e.get(0).getShardId().getId());
        assertEquals(1| + "" but it does not exist"");
        }
    }

    private void createRepository(String repo| <file_sep><fim_prefix><fim_suffix>e.get(0).getShardId().getId());
        assertEquals(1|<file_sep><fim_prefix><fim_suffix>e.get(0).getShardId().getId());
        assertEquals(1,|);
        try {
            client(node).execute(ExecuteSnapshotLifecycleAction.INSTANCE, executeReq",
72,width,width,True,12,width|MASK|MASK|MASK|MASK|MASK|MASK|MASK|MASK|MASK|MASK|MASK,"width of the picture in pixels. */
  public final int  [MASK] ;
  /** The","width of the picture in pixels. */
  public final int  [MASK] ;
  /** The| [MASK] <file_sep><fim_prefix><fim_suffix>e.
   * @param listener The listener to be notified of| [MASK],
      int height,
      int depth,
      int colors,
      byte[] picture| [MASK]  =  [MASK] ;
    this.height = height;
    this.|MASK ;
    this.height = height;
    this.depth = depth;
    this.colors| MASK  = in.readInt();
    this.height = in.readInt();
    this.depth| MASK  == other. [MASK] )
        && (height == other.height)
        &&| MASK )
        && (height == other.height)
        && (depth == other.depth)|MASK ;
    result = 31 * result + height;
    result = 31 *|MASK );
    dest.writeInt(height);
    dest.writeInt(depth);
    dest.writeInt| MASK  = pictureBlock.readInt();
    int height = pictureBlock.readInt();
    int depth|MASK, height, depth, colors, pictureData);
  }

  /**
   * Parses a {@",
73,colors,colors,True,9,colors|MASK|MASK|MASK|MASK|MASK|MASK|for|);,"colors
        ArrayList<Integer> colors = new ArrayList<>();

        for (int c : ColorTemplate.","colors
        ArrayList<Integer> colors = new ArrayList<>();

        for (int c : ColorTemplate.|[MASK]<file_sep>/MPChartExample/src/com/xxmassdeveloper/mpchartexample|[MASK].add(c);

        for (int c : ColorTemplate.JOYFUL_|[MASK].add(c);

        for (int c : ColorTemplate.COLORFUL_|[MASK].add(c);

        for (int c : ColorTemplate.LIBERTY_|MASK.add(c);

        for (int c : ColorTemplate.PASTEL_COLORS|MASK.add(c);

        for (int c : ColorTemplate.MATERIAL_COLORS)|   for (int c : ColorTemplate.PASTEL_COLORS)
             MASK.add(|);

        dataSet.setXValuePosition(PieDataSet.ValuePosition.OUTSIDE_SLIC",
74,extension,MASK,False,13,MASK|MASK|MASK|MASK|MASK|MASK|MASK|MASK|MASK|MASK|MASK|MASK|extension," [MASK] ;
    if (cachedFile.getAbsolutePath().endsWith("".zip"")) {
       [MASK"," [MASK] ;
    if (cachedFile.getAbsolutePath().endsWith("".zip"")) {
       [MASK| MASK = FileExtension.ZIP;
    } else if (cachedFile.getAbsolutePath().endsWith("".gz| MASK  = FileExtension.GZIP;
    } else {
        MASK  = FileExtension.JSON| MASK  = FileExtension.JSON;
    }

    Logger.debug(""Cache miss for "" +| MASK, (InputStream) inputStream);
  }

  /**
   * If the animation doesn't exist in|[MASK] ) throws IOException {
    String fileName = filenameForUrl(url,  [MASK|[MASK], true);
    File file = new File(parentDir(), fileName);
    try| MASK ) {
    String fileName = filenameForUrl(url,  [MASK], true);|MASK, true);
    File file = new File(parentDir(), fileName);
    String newFileName|MASK <file_sep>/lottie/src/main/java/com/airbnb/lottie|MASK.tempExtension() :  MASK.extension() );
    String sanitizedUrl = url.replaceAll| MASK.extension());
    // Remove all non-word characters from the url.
    // This is|extension()<file_sep>/lottie/src/main/java/com/airbnb/lottie",
75,credentials,e,False,4,e|||assertThat," <file_sep><fim_prefix><fim_suffix>e.

<pre class=""prettyprint lang-bsh"">
"," <file_sep><fim_prefix><fim_suffix>e.

<pre class=""prettyprint lang-bsh"">
|
    CapabilitiesImpl executionServerCapabilitiesImpl = new CapabilitiesImpl(EXEC_AND_CACHE_|
  public void testVerifyCapabilities_executionOnlyAndCacheOnlyEndpoints() throws Exception {
    Capabilities|assertThat( .getRequestMetadata(URI.create(""https://bar.example.org""))).",
76,missingKeys,Sets,False,2,Sets|enqueueingKeyForExistenceCheck,"  = Sets.difference(ImmutableSet.copyOf(keysToGet), entries.keySet());
       ","  = Sets.difference(ImmutableSet.copyOf(keysToGet), entries.keySet());
       | 10), enqueueingKeyForExistenceCheck));
      }
      // We take a deeper",
77,field,of,False,48,"of|digit|indices|number|;|MASK|PST|);|目前指定为此。|，，，，，，，，，，，，，，，，，，，，|，，，，，，，，，，，，，，，，，，，，|s|s|which|s|s|||||value|acit|new|/|i|value|value|instance|DateFormat|getCalendarField|aused|value|patterns|MASK|DATA|i||i|2012-4-22|i|2012-4-22|2012-04-02"", ""2012-04|invalid|, ""2012-02-25"", ""2012-0|2012-12-29 12:00:00|at|k000000|));","of day
         */
        Date d = fmt.parse(s);
        Calendar cal = Calendar.","of day
         */
        Date d = fmt.parse(s);
        Calendar cal = Calendar.|-digit years are correctly parsed.
     */
    @Test
    public void TestTwoDigitYearParse|   indices are correct.
     */
    @Test
    public void TestFieldPosition2() {
       |  number
        final String EXPECTED[] = {
            ""yyyy MM dd HH:mm:ss|;
            assertEquals(""pattern#"" + j + ""  [MASK]  #"" + i +|  [MASK]  #"" + i + "" "" + DATEFORMAT_FIELD_NAMES[|"", ""2004/10/31 1:30 PST"",|);
            }

            // FieldPostion initialized by DateFormat.Field trac#608|目前指定为此。
        ""y/M/d H:mm zzz"", ""pf|，，，，，，，，，，，，，，，，，，，，|，，，，，，，，，，，，，，，，，，，，| s in DateFormat.
     * This MUST be kept in sync with DateFormat.
     */
   | s run together
     * without intervening separators.
     */
    @Test
    public void|, which have the unique attribute that one is a proper prefix substring of the other.
     */
   |  s. */
        DateFormat df = DateFormat.getDateInstance(DateFormat.SHORT, Locale| s. */
        DateFormat time = DateFormat.getTimeInstance(DateFormat.SHORT, Locale.|
        SimpleDateFormat fmt = new SimpleDateFormat(""MM/dd/yy z"");
        String text = ""0|
            try {
                d = fmt.parse(""07/10/58 DBDY|
            try {
                d = fmt.parse(""07/10/58 DBDY|
            try {
                d = fmt.parse(""07/10/58 DBDY| value -1"");
        }

        // Calendar#clear
        cal.clear();
        if (cal|  "" + acit.current() + "" - Expected: "" + SEPCHAR);
               | = new SimpleDateFormat(testPattern, testLocales[i]);
            if (formatters[i]|/
        //
        //
        //
        //
        //
        //
        //
        //
        //
       |i]  + "" is returned for a Calendar  [MASK]  "" + calField
                           | value -1"");
        }

        // DateFormat constructor with Calendar
        df = DateFormat.getDate| value "" + testPattern);
            }
        }
    }

    /*
     * Test for checking SimpleDateFormat| instance returned by getDateTimeInstance(int dateStyle, int timeStyle, ULocale loc)
    |  = DateFormat.getDateTimeInstance(DateFormat.FULL, DateFormat.FULL, new U|.getCalendarField();
            if (calField!= -1) {
                DateFormat.Field|aused by #6691
        //SimpleDateFormat sdf = new SimpleDateFormat(""GyMMMMdEEEE| value  value -1"");
        }

        // Tests when if (calendarField == ChineseCalendar.|  patterns (ticket#7595)
     */
    @Test
    public void TestLong|  [MASK]  is the  [MASK]  [MASK]  is the expected result| = DATA[i][0];
            String expected  = DATA[i][1];
            SimpleDateFormat|0; i < 100; i++) {
            SimpleDateFormat sdf = new SimpleDateFormat(""MM|
        for (MonthPatternItem item : items) {
            SimpleDateFormat sdf = new SimpleDateFormat(item.|i = 0; i < 100; i++) {
            fmt.setNumberFormat| 2012-4-22
            SimpleDateFormat sdf = new SimpleDateFormat(""yyyy-MM| (i  == """") { // use the one w/o   
                fmt.setNumberFormat(| 2012-4-22
            new ParseTestData( ""y-M-|""2012-04-02"", ""2012-04| invalid  2012-4-22  at first but then full override, both|"", ""2012-02-25"", ""2012-0| 2012-12-29 12:00:00|13 00:37 at night""));
        assertEquals(""yyyy-MM-dd HH| k000000, sdf.parse(""2015-11-|""));
        assertEquals(""yyyy-MM-dd HH:mm B | 2015-",
78,streamedBucket,read,False,4,read|read|read|supersetFreq, read = (SignificantStringTerms.Bucket) in.readNamedWriteable(InternalAggregation.," read = (SignificantStringTerms.Bucket) in.readNamedWriteable(InternalAggregation.|read.getKeyAsString()));
        assertThat(originalBucket.getSupersetDf(), equalTo(read.| read.getSupersetDf()));
    }

    // test that stream output can actually be read -|""supersetFreq > supersetSize""));
        }
        try {
            int idx = randomInt(",
79,parsed,America,False,25,America|Argentina|but|at|date|Instance|DateFormat|endars|) {|MASK|7595)|cal|ate|MASK|Z|new|yyyy|B|with|in|with|12:00.|to|with|with,"America/Argentina/Buenos_Aires"", ""2004-07","America/Argentina/Buenos_Aires"", ""2004-07|/Argentina/Buenos_Aires"" },
        { ""en"", ""America/|, but en_GB does not.
     */
    @Test
    public void TestEnGBPattern|  at  at  at  at  at  at  at  at  at  at| date
        cal.set(Calendar.MILLISECOND, 567);
        Date leap|Instance(pattern, new ULocale(""en_US@calendar=gregorian"")),
            DateFormat|            DateFormat.getPatternInstance(pattern, new ULocale(""en_US@calendar=|endars[i], buf, fpos);
            if (buf.length() == 0)|) {
                    continue;
                }
                calendars[j].setTime(d);
                buf.| [MASK] : "" + dp1 + "" expected: "" + dexp1);
        }|7595)
     */
    @Test
    public void TestLongNumericPattern() {
       | = cal.getTime();
        String expected = ""2010-01-10| ate.getTime();
        long time2 = cal.getTimeInMillis();
        if ( time|  -> "" +  [MASK] ate.toString() + "" expected -> "" + cal|10:20:00Z"", ""BC 4004-1| = new Date(2012-1900, 1-1, |02"", ""yyyy-LLLL dd"", ""2012-Oct 02| // 'B' -- flexible day periods
        // A day period on its own parses to the center| with 'h'.
        // This means we have to tolerate ""0 noon"" as it| 2015-11-13 09:00 in the morning|  with 'h'.
        sdf.applyPattern(""yyyy-MM-dd hh:mm B| 12:00.
        sdf.applyPattern(""yyyy-MM-dd hh:| to 12:00.
        assertEquals(""yyyy-MM-dd b | 2|  with 'a'.
        sdf.applyPattern(""yyyy-MM-dd hh:mm b|  with  with 'h', choose the version that's closer to the period given.
        sdf",
80,hasPostings,hasPostings,True,4,hasPostings|hasPostings|hasPostings|hasPostingse,"hasPostings = false;
            boolean hasProx = false;
            boolean hasPayloads = false","hasPostings = false;
            boolean hasProx = false;
            boolean hasPayloads = false|hasPostings  |= fi.hasIndexCreated();
                    hasProx |= fi.hasProx();|hasPostings;
            this.filteredHasProx = hasProx;
            this.filteredHasPayload|hasPostings<file_sep><fim_prefix><fim_suffix>e.get(0).get(""name"").getAsString().equals",
81,array,MASK,False,14,MASK|MASK|MASK|MASK|MASK|MASK|MASK|MASK|MASK|MASK|MASK|MASK|MASK|MASK,"[MASK]  = createSamplesArray();
     [MASK] [1] = e0();","[MASK]  = createSamplesArray();
     [MASK] [1] = e0();| [MASK] [0] = null;
    collection = getSubjectGenerator().create( [MASK|[MASK] );

    List<E> expectedWithDuplicateRemoved = asList( [MASK]|[MASK] ).subList(1, getNumElements());
    expectContents(expectedWithDuplicateRemoved|[MASK]  = createSamplesArray();
     [MASK] [1] = e0();|[MASK] [1] = e0();
    collection = getSubjectGenerator().create( [|MASK );

    List<E> expectedWithDuplicateRemoved = asList( MASK ).subList(|MASK ).subList(1, getNumElements());
    expectContents(expectedWithDuplicateRemoved);
 |[MASK]<file_sep>/guava/src/com/google/common/collect/testing/|MASK [0] = null;
    assertThrows(
        IllegalArgumentException.class, () -> collection = get| MASK<file_sep>/src/main/java/com/google/common/collect/testing/test| MASK  = createSamplesArray();
     MASK [1] = e0();
    assertThrows(
       |MASK [1] = e0();
    assertThrows(
        IllegalArgumentException.class, () -> collection =|MASK ));
  }

  @CollectionFeature.Require(value = ALLOWS_NULL_VALUES",
82,shape,MASK,False,4,MASK|MASK|MASK|MASK,"[MASK]  = parseGeometry(wkt, rightOrientation);
        return GeometryNormalizer.apply","[MASK]  = parseGeometry(wkt, rightOrientation);
        return GeometryNormalizer.apply|MASK);
    }

    private Geometry actual(XContentBuilder geoJson, boolean rightOrientation) throws|MASK  = parseGeometry(geoJson, rightOrientation);
        return GeometryNormalizer.apply(Orientation|MASK );
    }

    private Geometry parseGeometry(XContentBuilder geoJson, boolean rightOrientation)",
83,timeStamp,ime,False,2,ime|;,"ime) {
			lastX = x;
			lastY = y;
			delta","ime) {
			lastX = x;
			lastY = y;
			delta|;
		}

		public void update (float x, float y, long currTime)",
84,resources,MASK,False,8,MASK|MASK|MASK|MASK|MASK|MASK|MASK|MASK," [MASK] ;
        try {
             [MASK]  = loader.getResources(""mockito-extensions"," [MASK] ;
        try {
             [MASK]  = loader.getResources(""mockito-extensions| [MASK]  = loader.getResources(""mockito-extensions/"" + service.getName());
        }|[MASK] ));
            if (classOrAlias!= null) {
                if (alias.contains| MASK, e);
        }
    }

    public <T> T loadImpl(Class<T|[MASK] ;
        if (loader == null) {
            loader = ClassLoader.getSystemClassLoader();|MASK  = loader.getResources(""mockito-extensions/"" + service.getName());
        } catch (| MASK ));
            if (classesOrAliases.isEmpty()) {
                return new ArrayList<>();
            }
           | MASK, e);
        }
    }

    public <T> T loadImpl(Class<T",
85,project,MASK,False,17,MASK|MASK|MASK|MASK|MASK|MASK|distribution|MASK|MASK|application|MASK|MASK|createStartScripts|MASK|MASK|MASK|MASK," [MASK], TaskContainer tasks, Configuration bootArchives<file_sep>/spring-boot-project/"," [MASK], TaskContainer tasks, Configuration bootArchives<file_sep>/spring-boot-project/| [MASK]<file_sep>/spring-boot-project/spring-boot-tools/spring-boot|MASK.getExtensions().getByType(DistributionContainer.class);
		Distribution distribution = distributions.|MASK ) -> javaApplication.getMainClass().map((mainClass) -> mainClass.substring|[MASK].getTasks()
			.register(""bootStartScripts"", CreateStartScripts.| MASK, javaApplication, distribution, task));
		distribution.getContents().with(artifactFiles|distribution.getContents().copySpec().into(""lib"").from(artifactFiles(javaApplication));| MASK.getTasks(), javaApplication);
	}

	@Override
	public void execute|[MASK], JavaApplication javaApplication,
			Distribution distribution, CreateStartScripts createStartScripts|application."");
		createStartScripts.setMainClassName(javaApplication.getMainClass().get|[MASK]<file_sep><fim_prefix>/spring-boot-project/spring-boot-tools/spring-| MASK.getResources().getText().fromString(loadResource(""/windowsStartScript.txt"")));
		create|createStartScripts.getConventionMapping().map(""mainClassName"", javaApplication::getMainClass);|MASK, configuration));
				createStartScripts.setClasspath(configuration.getArtifacts().getFiles|MASK.getLayout().getBuildDirectory().dir(""bootScripts"").get().getAsFile());
	|MASK<file_sep>/spring-boot-project/spring-boot-tools/spring-boot-gradle|MASK.copySpec();
		copySpec.from(artifactFiles(configuration));
		copy",
86,depthOfRdepOfRdep,rdepDepth,False,2,rdepDepth|//,"  rdepDepth = shallowestRdepDepthMap.get(rdep);
              Streams.","  rdepDepth = shallowestRdepDepthMap.get(rdep);
              Streams.|//
                        rdepDepth)); //
                      });
            });

    return new Visit(
        /*keysToUse",
87,override,,False,16,"|ULocale|ULocale|= ""2010-04-16 12:23:|en|MASK|MASK|NumberFormat|x29|),|),|, 2012-02-25"", ""2012-0|GMT|field|, ""2012-04-02"", ""2012-0|test","
        }
        if (f.equals(null)) {
            errln(""FAIL: f should","
        }
        if (f.equals(null)) {
            errln(""FAIL: f should|, ULocale loc)
     */
    @Test
    public void TestSimpleDateFormatConstructor_String_String| ULocale loc) ""
                    + ""was not suppose to return an exception when constructing a new ""|  = ""2010-04-16 12:23:|en@numbers=hebr"");
        SimpleDateFormat  [MASK]  = new SimpleDateFormat(""y/|  [MASK]  NF will not crash
        String[][] DATA = {
                { """", ""\u|  [MASK]  [MASK]  [MASK]  [MASK]  [MASK]| = NumberFormat.getInstance(new ULocale(""en_US""));
        Calendar cal = Calendar.| 78x29-4-2"",                      ""78x29-5|""),
            new ParseTestData(""y-M-d"", ""2011-8-|""),
            new ParseTestData(""en@calendar=dangi"", DateFormat.SHORT, ""|, 2012-02-25"", ""2012-0|00:00 GMT+05:00""),
            new ParseTestData(""yyyy-|field,  [MASK] );
            } else {
                fmt.setNumberFormat(field, |, ""2012-04-02"", ""2012-0|); // test the same  MASK  NF will not crash
        // DATA[i][0]",
88,boxedArray,collection,False,3,collection|length|i," = collection.toArray();
    int len =  [MASK].length;
    double[] array"," = collection.toArray();
    int len =  [MASK].length;
    double[] array|.length;
    double[] array = new double[len];
    for (int i = |[i])).doubleValue();
    }
    return array;
  }

  /**
   * Returns a fixed",
89,bytes,MASK,False,5,MASK|MASK|MASK|MASK|data," [MASK] ;

		public byte[] test() throws Exception {
			InputStream inputStream = null"," [MASK] ;

		public byte[] test() throws Exception {
			InputStream inputStream = null|MASK  == null) {
					if (!validate()) {
						return null;
					|MASK  = read(inputStream);
				} else {
					inputStream = getInputStream();
				| MASK );
			} catch (Exception e) {
				throw e;
			} finally|data) throws Exception {
			return new byte[0];
		}

		private byte",
90,jsonFile,MASK,False,3,MASK|MASK|MASK,"[MASK] ;
    if (url == null) {
      return null;
    }
    File","[MASK] ;
    if (url == null) {
      return null;
    }
    File|MASK.exists()) {
      return  [MASK] ;
    }
    if (zipFile.| MASK ;
    }
    File jsonFile = new File(parentDir(), filenameForUrl(url",
91,merged,parentSet,False,4,parentSet|parentSet|parentSeteanFactory|parentSeteanFactory,"parentSet = (Set<E>) parent;
		Set<E>  [MASK]","parentSet = (Set<E>) parent;
		Set<E>  [MASK]|parentSet.addAll((Set<E>) parent);
		 parentSet.addAll(this);
	|parentSet<file_sep><fim_prefix><fim_suffix>eanFactory.getBean(beanName);
	}
}
|parentSet<file_sep><fim_prefix><fim_suffix>eanFactory.getBean(beanName);
	}

	@",
92,floatSetting,floatSetting,True,7,floatSetting|SettingTests|setting|Scope|Settings|IllegalArgumentException|IllegalArgumentException,"floatSetting(""foo.bar"", 1, 2, Property.Filtered);
        assertThat(","floatSetting(""foo.bar"", 1, 2, Property.Filtered);
        assertThat(|SettingTests.TestEnum.OFF, Property.NodeScope);
        assertFalse(setting.isGroup| setting = Setting.floatSetting(""float_setting"", fallbackSetting, Float.MIN_VALUE,|Scope);
        assertTrue(settingUpdater.apply(Settings.builder().put(""foo.bar.|Settings invalid = Settings.builder().put(""foo.bar"", ""not a time value"").build|IllegalArgumentException e = expectThrows(IllegalArgumentException.class, () -> setting.get(settings));
        assertThat|IllegalArgumentException e = expectThrows(IllegalArgumentException.class, () -> setting.get(settings));
        assertThat",
93,cafti_ja_japanese_custGy,= {,False,2,= {|," = {
            //                     era    yr  mo  da  hr  mi  formattedDate"," = {
            //                     era    yr  mo  da  hr  mi  formattedDate|
            new CalAndFmtTestItem( 235, 145155",
94,model,MASK,False,3,MASK|MASKe|MASK,"[MASK], Map<String, Object> taskSettings);

    ExecutableAction create(Google","[MASK], Map<String, Object> taskSettings);

    ExecutableAction create(Google|MASK<file_sep><fim_prefix><fim_suffix>e.xpack.core.ml.inference.trainedmodel.Trained|MASK, Map<String, Object> taskSettings);

    ExecutableAction create(GoogleVertexAi",
95,inputFrameInfo,frameInfo,False,1,frameInfo,"frameInfo);

  /**
   * Returns the {@link FrameInfo} of the input frames.
  ","frameInfo);

  /**
   * Returns the {@link FrameInfo} of the input frames.
  ",
96,handler,MASK,False,20,MASK|MASK|MASK|transformer|MASK|MASK|MASK|MASK|MASK|MASK|dtm|MASK|MASK|MASK|MASK|MASK|MASK|MASK|MASK|MASK," [MASK] SerializationHandler to which the attributes are added.
     * @param attr Attribute node to"," [MASK] SerializationHandler to which the attributes are added.
     * @param attr Attribute node to| [MASK], int attr)
        throws TransformerException
    {

        TransformerImpl transformer =
            (| [MASK].getTransformer();
        DTM dtm = transformer.getXPathContext().get|transformer,  MASK, attr, dtm))
            return;

        String ns = dtm.|[MASK].addAttribute(
                ns,
                dtm.getLocalName(attr),
                d|[MASK], int src)
        throws TransformerException
    {

        TransformerImpl transformer =
            (| [MASK].getTransformer();
        DTM dtm = transformer.getXPathContext().get| MASK, node);
        }
    }

    /**
     * Copy DOM attributes to the result element.| [MASK],
        XObject obj)
        throws org.xml.sax.SAXException
   |MASK.flushPending();
                // %OPT% This is a hack to get around the fact that|   dtm.dispatchToEvents(n,  [MASK] );
                    // %OPT%| MASK );
                if (dtm.getNodeType(n) == DTM.ELEMENT_NODE| [MASK],
        int src)
        throws TransformerException
    {

        TransformerImpl transformer =
           |[MASK].getNamespaceURIFromPrefix(prefix);
                    //            String desturi = get|MASK.startPrefixMapping(prefix, srcURI, false);
                    }
                }
            }
           |MASK.getNamespaceURIFromPrefix(prefix);
                String srcURI = dtm.getNodeValue|MASK.startPrefixMapping(prefix, srcURI, false);
                }
            }
            else if|[MASK]<file_sep>/src/static/android/app/backup/FullBackupDataOutput.|MASK.getNamespaceMappings();
            if (ns!= null)
            {

                foundURI = ns|MASK.startPrefixMapping(prefix, uri, false);
                }
            }
            else
            {",
97,includeIncubator,includeIncubator,True,2,includeIncubator|includeIncubator,"includeIncubator) {
        return includeIncubator? DEFAULT_MODULE_PREDICATE : DEFAULT","includeIncubator) {
        return includeIncubator? DEFAULT_MODULE_PREDICATE : DEFAULT|includeIncubator == false? DEFAULT_MODULE_PREDICATE : DEFAULT_MODULE_PRED",
98,threads,code,False,12,code|code|generated|generated|public|catch|;|;|Call|catch|fail|NoOpCallable,"code
 * fail.
 *
 * <p>The test classes are designed to be run","code
 * fail.
 *
 * <p>The test classes are designed to be run|code must be
 * wrapped in a call to {@link #threadFail}, {@link #thread|   generated  code  must use the form {@code
 * threadAssertTrue}, {@code thread|   generated  threads,
 * and usually a single   generated  thread.
 *
 *| public void run() {
            try {
                realRun();
            } catch (Throwable fail) {| catch (Throwable fail) {
                threadUnexpectedException(fail);
            }
        }
    }

   |;
            }
        }
    }

    public abstract class CheckedCallableShouldThrow<T> implements Callable|;

        public final T call() {
            try {
                return realCall();
            } catch (|Call();
                threadShouldThrow(""InterruptedException"");
                return result;
            } catch (InterruptedException success)| } catch (InterruptedException success) {
                threadAssertFalse(Thread.interrupted());
                return null|fail);
                return null;
            }
        }
    }

    public abstract class CheckedRunnableShouldThrow| NoOpCallable<T> implements Callable<T> {
        public T call() { return null",
99,refresh,a,False,9,a|number_of_shards|MASK|)));|MASK|MASK|MASK|MASK|true,"a  [MASK]  request to complete before the index is closed.
 *
 * This","a  [MASK]  request to complete before the index is closed.
 *
 * This|number_of_shards\"":1,\""number_of_replicas\"":0,\""refresh_interval\"":|[MASK]  listener to start waiting
        assertBusy(() -> {
            Map<String, Object|"")));
            } catch (IOException e) {
                throw new RuntimeException(e);
            }
            Map|  [MASK]  = (Map<?,?>) total.get("" [MASK] "");
           | MASK "");
            int listeners = (Integer)  [MASK].get(""listeners"");
            assertEquals| MASK.get(""listeners"");
            assertEquals(1, listeners);
        }, 30L,| MASK  to complete, but
             * sometimes they don't. Sometimes they don't even fail,|"", ""true"");
        request.addParameter(""refresh"", ""true"");
        request.addParameter",
100,additionalParams,parameters,False,5,parameters|MASK|parameters|parameters|parameters,"parameters = new HashMap<>();
        parameters.put(""access_type"", ""offline"");
        parameters.","parameters = new HashMap<>();
        parameters.put(""access_type"", ""offline"");
        parameters.|[MASK].put(""access_type"", ""offline"");
        //force to reget refresh|parameters.put(""access_type"", ""offline"");
        //force to reget refresh token (|  parameters (parameters )
               .build();
        //final String authorizationUrl = service.getAuthorization|parameters )
               .build();
        final String authorizationUrl = service.createAuthorizationUrlBuilder()
               ",
101,arrayPool,byteArrayPool,False,2,byteArrayPool|byteArrayPool,"     byteArrayPool,
      int [MASK]<file_sep><fim_prefix><fim_suffix>e.
 */
public class G","     byteArrayPool,
      int [MASK]<file_sep><fim_prefix><fim_suffix>e.
 */
public class G|byteArrayPool);
            } finally {
              ByteBufferUtil.rewind(buffer);
            }
          }
       ",
102,prevState,state,False,5,state|state|state|state|state,"state) throws Exception {
        ClusterUpdateSettingsRequest request = prepare(input, state.keys());","state) throws Exception {
        ClusterUpdateSettingsRequest request = prepare(input, state.keys());|state.currentKeys);
        return transform(request, state);
    }

    @Override
    public|   state<file_sep><fim_prefix>/*
 * Copyright Elasticsearch B.V. and/or licensed to Elasticsearch B|state) {
        return new SettingsUpdater(clusterSettings).updateSettings(
             state.state(),|state );
    }

    @Override
    public ClusterState apply(TransformState  state ) {
       ",
103,method,methods,False,94,"methods|methods|sideEffectClassMarker|methods|methods|methods|methods|MASK|code|.|MASK|MASK|MASK|MASK|MASK|MASK|MASK|Make|MASK|MASK|MASK|0;|MASK|MASK|MASK|if|the|programMethod|MASK|MASK|MASK|MASK|MASK|MASK|the|MASK|MASK|MASK|MASK|MASK|MASK|programMethod|MASK|MASK|MASK|MASKeption||MASK|eption|MASK|MASK|MASK|inlined|MASK|MASK|MASK|MASK|inlined|MASK|CodeAttribute|inlined|codeAttribute|the|the|.|the|);|eption|except|if|if|MASK||ally|MASK|&&|the|is|MASK||.|.|.|the||.|exceptionInfo|CodeAttribute|MASK|clazz|MASK|getName|]"");|CodeAttribute","methods and  [MASK] s that are only invoked
 * once, in the code attributes that","methods and  [MASK] s that are only invoked
 * once, in the code attributes that|methods that are only
 * invoked once, in the code attributes that it visits.
 *|  sideEffectClassMarker     = new OptimizationInfoMemberFilter(
                                                                 new AllAttributeVisitor(
                                                                |methods.
     * @param inlineSingleInvocations indicates whether the single invocations
     *                                should|methods.
     * @param inlineSingleInvocations indicates whether the single invocations
     *                                should|methods.
     * @param inlineSingleInvocations indicates whether the single invocations
     *                                should|methods.
     * @param extraInlinedInvocationVisitor an optional extra visitor for all
     *                                     | [MASK], CodeAttribute codeAttribute)
    {
        // Are we inlining this  [MASK| code is not inlined.
        if (DEBUG)
        {
            System.out.println(""|.
        try
        {
            // Process the code.
            visitCodeAttribute0(clazz, MASK,|MASK, codeAttribute);
        }
        catch (RuntimeException ex)
        {
            System.err.|   [MASK]  [""+clazz.getName()+"".""+ [MASK].getName(clazz)+|  [MASK]  = [""+ [MASK].getName(clazz)+ [MASK].getDescriptor|  MASK  = [""+ [MASK].getName(clazz)+ [MASK].getDescriptor(clazz|MASK].getDescriptor(clazz)+""]"");
            }

            // The invocation itself is no longer necessary| [MASK].getDescriptor(clazz)+""]"");
            }
            System.err.println("" | MASK."");

            if (DEBUG)
            {
                targetMethod.accept(targetClass, new|// Make sure the constant is present in the constant pool of the
                         // target class.
                         constant|MASK, CodeAttribute codeAttribute)
    {
        // Remember the source if we're inlining a| MASK.getName(MASK ).equals(ClassConstants.METHOD_NAME_INIT)?
//               | MASK ;
            constantAdder                = new ConstantAdder(targetClass);
            exceptionInfoAd|0;
            variableOffset = 0;
            inlined         = false;
            codeAttributeComposer| MASK, codeAttribute);

            // Append the body of the code.
            copyCode(clazz,|MASK, codeAttribute);

            // Update the code attribute if any code has been inlined.
           |MASK, codeAttributeComposer);
            }
        }
    }


    // Implementations for InstructionVisitor.| if (allowAccessModification)
                  {
                      clazz.setAccessFlags(clazz.getAccessFlags| the  [MASK]  if it is invoked once or if it is short.
        else if|programMethod) ||
             programClass.equals(targetClass))                                                    &&

            DEBUG(""Branch?"")|MASK.getName(clazz)+MASK.getDescriptor(clazz)+""] in [""+
                                   targetClass| MASK.getDescriptor( MASK )+""] in [""+
                                   targetClass.getName()+"".""+|  [MASK]  invocation.
            if (DEBUG)
            {
                targetMethod.accept(|MASK, codeAttribute);

            // Update the super/private/package/protected accessing flags.
           |MASK);

            // Update the super/private/package/protected accessing flags.
            if (allow| [MASK], CodeAttribute codeAttribute, int offset, Member member)
    {
        // Are we|the  [MASK]  invocation.
            if (DEBUG)
            {
                System.out.| MASK.getName( MASK )+
              MASK.getDescriptor( MASK )+
            "":0:| MASK.getDescriptor( MASK )+""]"");

            // Remember the source if we're inlining|MASK, this);
    }


    public void visitLocalVariableTableAttribute(Clazz clazz, Method |  [MASK].
     */
    private void storeParameters(Clazz clazz, Method  [MASK| MASK )
    {
        // Count the number of parameters, taking into account their categories.
        int| MASK.getDescriptor(clazz);

        boolean isStatic =
            ( MASK.getAccessFlags()|programMethod.getAccessFlags() & ClassConstants.ACC_SYNCHRONIZED)!= | [MASK])
    {
        // The code may expand, due to expanding constant and variable
       | MASK, codeAttribute, this);

        codeAttributeComposer.endCodeFragment();
    }


    /**| MASK, this);

        // End the code fragment.
        codeAttributeComposer.endCodeFragment();| MASK<file_sep><fim_prefix><fim_suffix>eption e) {
            e.printStackTrace();
        }
    }
}|
            // inlined  [MASK].
            if (inlined)
            {
                exceptionInfo|  [MASK]<file_sep><fim_prefix><fim_suffix>eption e) {
            e.printStackTrace();
        }
   |<file_sep><fim_prefix><fim_suffix>eption e) {
            e.printStackTrace();
        }
    }
}
|  [MASK]  into the target  [MASK].
            if (allowAccessModification |||  [MASK].
            if (extraInlinedInvocationVisitor!= null)
            {
                extra| [MASK].getName(clazz)+ [MASK].getDescriptor(clazz)+""]"");
           | (inlined? 1 : 0)                                                                     &&

            DEBUG(""Access private?"")                                                             |  MASK, CodeAttribute codeAttribute, int offset, Instruction instruction)
    {
        codeAttributeComposer|  [MASK]<file_sep>/src/main/java/com/google/devtools/build/| MASK<file_sep>/proguard/src/proguard/classfile/attribute/annotation/Annotation.| MASK, CodeAttribute codeAttribute, int offset, ConstantInstruction constantInstruction)
    {
        // Are|inlined  [MASK]?
            if (programMethod.equals(targetMethod))
            {|  [MASK]  is covered by a catch-all handler.
        coveredByCatchAllHandler|, CodeAttribute codeAttribute, int offset, ConstantInstruction constantInstruction)
    {
        // Are we|  inlined?
        if (inlined)
        {
            coveredByCatchAllHandler = true|, codeAttribute, offset, constantInstruction);
    }


    // Implementations for ConstantVisitor.

   | the  [MASK]  if it is not covered by a catch-all
        // exception handler| the  [MASK]  if it is not synchronized, etc.
            (accessFlags & (|.
            // This currently precludes default interface <file_sep>/src/main/java/com| the  [MASK]  if it doesn't invoke a super  [MASK]  or a|"");
            return;
        }

        // Don't inline a  [MASK]  into itself.|<file_sep><fim_prefix><fim_suffix>eption e) {
            e.printStackTrace();
        }
    }
}
|  );, except in an <init>  eption  in the
            // same class.|  if it doesn't invoke a super  [MASK]  or a
            // dynamic  [| if it doesn't access private code (with
            // invokespecial), because we can't fix|  [MASK]  if it doesn't invoke a super  [MASK]  or a
           |
            // the  [MASK]  if it doesn't invoke a super  [MASK] |ally.
            (!SuperInvocationMarker.invokesSuperMethods(programMethod) &&
            !Dynamic|  [MASK]  from a superclass if it doesn't access
            // private code (with invok|   &&

            DEBUG(""Access?"")                                                                      &&

            // Only inline the  [MASK]  if|  the  the  the  the  the  the  the  the  the  the| is covered by a catchall handler or none at all.
            (!CatchAllHandlerMarker.is|  [MASK]  eption  in the same class.
            (!CatchExceptionMarker.cat|
            // has been obfuscated with fake exception handlers.
            (!CatchExceptionMarker.catchesExceptions|.
            (!ExceptionMarker.throwsExceptions(programMethod) ||
             coveredByCatchAllHandler)|.
            (!StackInstructionMarker.hasStackInstructions(programMethod) ||
             stackSizeComputer.|.
            (!StackSizeMarker.hasStackSize(programMethod) ||
             stackSizeComputer.| the.  if it doesn't catch exceptions, or if it
            // is invoked with an empty|
            // the  MASK  if its invocation is covered by a catchall handler or
            // none|.
            programMethod.attributesAccept(programClass, this);

            // Update the optimization information of|!exceptionInfo.u2catchType == 0;
    }


    // Implementations for Member|, CodeAttribute codeAttribute, ExceptionInfo exceptionInfo)
    {
        // Insert the exception info.|   MASK  "");
                System.err.println(""  Target class   = [""+targetClass|   = [""+clazz.getName()+""]"");
                System.err.println(""  Target  |   = [""+ [MASK].getName(clazz)+ [MASK].getDescriptor(clazz| .getName(clazz)+ [MASK].getDescriptor(clazz)+""]"");
                }
               |""]"");
                }
            }
        }
    }


    // Implementations for LineNumberTableAttributeVisitor|, CodeAttribute codeAttribute, ExceptionInfo exceptionInfo)
    {
        // Are we inlining this",
104,invocation,internal,False,8,internal|MASK|Info|MASK|Info|MASK|MASK|MASKt,"internal.invocation.InvocationInfo;
import org.mockito.  [MASK]<file_sep><fim_prefix><fim_suffix>","internal.invocation.InvocationInfo;
import org.mockito.  [MASK]<file_sep><fim_prefix><fim_suffix>|[MASK], Object returnedValue)
            throws Throwable {
        InvocationInfo  [MASK] Info|Info = new InvocationInfo( [MASK] );
        if (returnedValue!= null &&! [|[MASK].getMock(),  [MASK].getMethod()<file_sep>/src/main/java|Info.isValidReturnType(returnedValue.getClass())) {
            throw wrongTypeReturnedByDefaultAnswer(
                    |[MASK] Info<file_sep><fim_prefix><fim_suffix>t.internal.invocation.InvocationMarker;
import org.|MASK.getMethod(),
                   <file_sep>/src/main/java/org/mockito/internal/util|MASK<file_sep><fim_prefix><fim_suffix>t.internal.invocation.InvocationMarker;
import org.mockito.internal",
105,visibility,visibility,True,7,visibility|package_group|MASK|MASK|MASK|MASK|label,"visibility.
 *
 * <p>The {@link ConfiguredTarget#getActual} method","visibility.
 *
 * <p>The {@link ConfiguredTarget#getActual} method|   package_group} target.
 *
 * <p>An {@code alias} target| [MASK] ) {
    return createWithOverrides(ruleContext, actual,  [MASK]|MASK<file_sep>/src/main/java/com/google/devtools/build/lib/analysis| MASK } parameter).
   *   <li>{@link VisibilityProvider} has the information describing this alias| MASK,
      ImmutableClassToInstanceMap<TransitiveInfoProvider> overrides) {
    return new|   /* label= */ ruleContext.getRule().getLabel(),
                        /*  MASK = */ ",
106,docCount,docCount,True,2,docCount|docCount,"docCount = instance.getDocCount();
        RunningStats runningStats = instance.getStats();","docCount = instance.getDocCount();
        RunningStats runningStats = instance.getStats();|docCount, runningStats, matrixStatsResults, metadata);
    }

    @Override
    protected Internal",
107,entryCount,MASK,False,2,MASK|MASK,"[MASK] = sectionLength / 5;
      for (int i = 0; i","[MASK] = sectionLength / 5;
      for (int i = 0; i|MASK; i++) {
        int index = buffer.readUnsignedByte();
        int y = buffer",
108,scale,MASK,False,10,MASK|MASKe|value|distance|value|MASK|MASK|value|value|MASK,"[MASK] );

    double evaluate(double value, double  [MASK], double  [","[MASK] );

    double evaluate(double value, double  [MASK], double  [| MASK<file_sep><fim_prefix><fim_suffix>e.get(0).getScore(), 0.0);
        assertEquals|value of the  [MASK]  parameter for the decay function.
     *
     * The final|distance between the
     * document and the query location and the  [MASK]<file_sep><fim_prefix><fim_suffix>e|value are
     *<file_sep>/*
 * Copyright Elasticsearch B.V. and/or licensed to Elasticsearch|[MASK]  value is the value that the decay function should take once the
     * distance reaches|[MASK]
     *            the raw  [MASK]  value given by the user
     *|value  parameter for the decay function
     * @param  value 
     *            the<file_sep><fim_prefix><fim_suffix>|value
     * @return the  MASK  value that should be used by the decay function
     *| MASK, double decay);

    /**
     * The final  value  parameter is computed from the ",
109,skippedShards,MASK,False,14,MASK|MASK|MASK|MASK|MASK|MASK|MASK|MASK|MASK|MASK|MASK|MASK|MASK|MASK," [MASK] <file_sep>/*
 * Copyright Elasticsearch B.V. and/or licensed to Elasticsearch"," [MASK] <file_sep>/*
 * Copyright Elasticsearch B.V. and/or licensed to Elasticsearch|[MASK],
        int failedShards,
        RestStatus completionStatus
    ) {
        this(| [MASK]  =  [MASK] ;
        this.failedShards = failedShards;
       |MASK ;
        this.failedShards = failedShards;
        this.completionStatus = completionStatus;|[MASK]<file_sep>/java/neo4j/2019/8/IndexImplementation| MASK  = searchResponse.getSkippedShards();
            failedShards = searchResponse.getFailedShards|MASK,
            failedShards,
            completionStatus,
            clusters
        );
    }

    /**
     *| MASK  = in.readVInt();
        this.failedShards = in.readVInt| MASK );
        out.writeVInt(failedShards);
        if (isRunning == false) {|MASK, failedShards, null);
        builder = RestActions.buildBroadcastShardsHeader(builder,| MASK<file_sep>/server/src/main/java/org/elasticsearch/search/aggregations/| MASK  && failedShards == other.failedShards
            && Objects.equals(completionStatus, other| MASK,
            failedShards,
            completionStatus,
            clusters
        );
    }

    @Override
   | MASK<file_sep>/x-pack/plugin/core/src/main/java/org/elasticsearch",
110,fromUser,fromUser,True,1,fromUser,"fromUser) {
        if (fromUser) {
            chart.resetTracking();

            tvX","fromUser) {
        if (fromUser) {
            chart.resetTracking();

            tvX",
111,additionalSettings,e,False,2,e|clusterSettings,           <file_sep><fim_prefix><fim_suffix>e.xpack.core.ml.action.GetTrainedModelsStats,"           <file_sep><fim_prefix><fim_suffix>e.xpack.core.ml.action.GetTrainedModelsStats|   clusterSettings,
                e,
                Map.of(
                    APMIndexTemplateRegistry.AP",
112,bgBottomHeight,hScrollBounds,False,6,hScrollBounds|if|MASK|);|X|if,"hScrollBounds.width = 0;
		hScrollBounds.height = 0;","hScrollBounds.width = 0;
		hScrollBounds.height = 0;|if (style.vScrollKnob!= null) style.vScrollKnob.draw(|,  [MASK] );

		if (actor instanceof Layout) {
			Layout layout =|);
		}

		// Set the actor's position depending on the scroll state and available actor|X));
	}

	public void setScrollY (float pixels) {
		scroll|	if (maxX == 0) return 0;
			return MathUtils.clamp",
113,bootstrapMethodIndex,the,False,10,the|) {|MASK|) { ) {|Table||the|new|label|labelEntry,"  the index of a type in the TypeTable attribute.
   * @return the index of a","  the index of a type in the TypeTable attribute.
   * @return the index of a| ) {
    int hashCode = hash(tag, value,  [MASK] );
    Entry entry|MASK] );
    return put(new Entry(typeCount, Symbol.TYPE_TAG, value|  ) { ) {
    int hashCode = hash(tag, value, data);
    Entry entry|Table = new Entry[typeCount + 16];
      System.arraycopy(typeTable,|
      typeTable = newTypeTable;
    }
    typeTable[typeCount] = entry;| the {@link LabelEntry} corresponding to the given label.
   */
  private LabelEntry getOr| new LabelEntry[16];
    }
    int labelIndex = label.index;
    Label|label);
    Entry entry = get(hashCode);
    while (entry!= null) {
      if| (labelEntry!= null) {
      if (labelEntry.hashCode == hashCode && labelEntry.",
114,checksumUrlString,urlString,False,5,"urlString|jar|}|> 0) {|니다."");"," = urlString + "".sha512"";
        URL checksumUrl = openUrl( [MASK"," = urlString + "".sha512"";
        URL checksumUrl = openUrl( [MASK|.jar"");
    }

    /**
     * Installs the plugin from {@code tmpRoot} into| }
        }

        // check for jar hell before any copying
        jarHellCheck(info|> 0) {
            throw new UserException(ExitCodes.IO_ERROR, ""Plugin|니다."");
        }

        // create plugin dir
        final Path pluginDir = env.pluginsDir().",
115,tuple,MASK,False,34,MASK|MASK|MASK|MASK|MASK|MASK|MASK|MASK|MASK|MASK|MASK|fileTestName|);|MASK|MASK|if|jre_emul|MASK|MASK|MASK|MASK|MASK|MASK|MASK|MASK|MASK|MASK|MASK|MASK|MASK|MASK|MASK|MASK|MASK," [MASK]  contains the parameters of the format test.
         */
        public String format(NumberFormat"," [MASK]  contains the parameters of the format test.
         */
        public String format(NumberFormat|[MASK] ) {
            return null;
        }
        
        /**
         *  Runs a single to|[MASK]  contains the parameters of the format test.
         */
        public String toPattern(|MASK ) {
            return null;
        }
        
        /**
         *  Runs a single toLocalizedPattern|[MASK]  contains the parameters of the format test.
         */
        public String parse(NumberFormat|MASK ) {
            return null;
        }
        
        /**
         *  Runs a single parse test.|MASK  contains the parameters of the format test.
         */
        public String parseCurrency(NumberFormatTestData|MASK ) {
            return null;
        }
        
        /**
         *  Runs a single parse test.|MASK  contains the parameters of the format test.
         */
        public String select(NumberFormatTestData |MASK ) {
            return null;
        }
        
        /**
         *  Runs a single format test.| [MASK] ;
    
    /**
     * The data driven test data.
     */
    private final Number|fileTestName = fileTestName.substring(5);
                        fileTestName = fileTestName|);
                        if (errorMessage!= null) {
                            showError(errorMessage);
                        }
                    }
               |[MASK].breaks == null? """" :  [MASK].breaks;
      | MASK.breaks;
       return (breaks.toUpperCase().indexOf(code)!= -1|if (name.equals(""locale"")) {
                 [MASK].locale = value;
            }|  <file_sep>/jre_emul/android/platform/libcore/ojluni/src| MASK<file_sep>/jre_emul/android/platform/libcore/ojluni/src| [MASK].format!= null &&  [MASK].output!= null) {
            String|MASK.output!= null) {
            String errorMessage = codeUnderTest.format( [MASK] );|MASK );
            if (errorMessage!= null) {
                result.append(errorMessage);
            }
       |[MASK].toPattern!= null ||  [MASK].toLocalizedPattern!= null)|MASK.toLocalizedPattern!= null) {
            String errorMessage = codeUnderTest.toPattern( MASK|MASK );
            if (errorMessage!= null) {
                result.append(errorMessage);
            }
       |MASK.parse!= null &&  MASK.output!= null &&  MASK.outputCurrency!= null|MASK.output!= null) {
            String errorMessage = codeUnderTest.parse( MASK );
            if|MASK.output!= null) {
            String errorMessage = codeUnderTest.parse( MASK );
            if|MASK );
            if (errorMessage!= null) {
                result.append(errorMessage);
            }
       |MASK.parse!= null &&  MASK.output!= null) {
            String errorMessage = codeUnderTest|MASK.output!= null) {
            String errorMessage = codeUnderTest.parse( MASK );
            if|MASK );
            if (errorMessage!= null) {
                result.append(errorMessage);
            }
       | MASK.select!= null &&  MASK<file_sep><fim_prefix><fim_suffix>t.test.TestFmwk;|MASK );
            if (errorMessage!= null) {
                result.append(errorMessage);
            }
       | MASK.toString());
        }
        return result.length() == 0? null : result.",
116,ascUrl,ING_KEY_ID,False,4,ING_KEY_ID|connection|B4|PLUGIN_DIR_PERMS,"ING_KEY_ID = ""D27D666CD88E42","ING_KEY_ID = ""D27D666CD88E42|  connection = this.proxy == null
          ? (HttpURLConnection) url.openConnection()
           |B4);
    }

    /**
     * Installs the bin dir of the plugin.
     */|PLUGIN_DIR_PERMS));
        return target;
    }

    /**
     * Installs the",
117,bufferSize,MASK,False,14,MASK|MASK|MASK|MASK|MASK|MASK|MASK|MASK|MASK|MASK|MASK|MASK|MASK|MASK," [MASK] ;

    /**
     * Creates an instance.
     *
     * @param cache The"," [MASK] ;

    /**
     * Creates an instance.
     *
     * @param cache The| MASK = CacheDataSink.DEFAULT_BUFFER_SIZE;
    }

    /**
     * Sets the| [MASK]  The buffer size in bytes.
     * @return This factory.
     */
   | [MASK] ) {
      this. [MASK]  =  [MASK] ;
      return| [MASK]  =  [MASK] ;
      return this;
    }

    @Override
   |MASK ;
      return this;
    }

    @Override
    public DataSink createDataSink() {|MASK );
    }
  }

  /**
   * Thrown when an {@link IOException} is encountered| MASK<file_sep>/*
 * Copyright (C) 2016 The Android Open Source Project
|MASK  The buffer size in bytes for writing to a cache file. A zero or negative
   *|MASK) {
    this(cache, fragmentSize,  MASK, null);
  }

  /**| MASK  =  MASK ;
  }

  /**
   * Sets the size of an in-memory| MASK ;
  }

  /**
   * Returns the size of the in-memory buffer used when writing| MASK<file_sep><fim_prefix>/*
 * Copyright (C) 2016 The Android Open Source Project| MASK );
      } else {
        bufferedOutputStream.reset(underlyingFileOutputStream);
      }
      outputStream",
118,flushedDocs,numDocs,False,4,numDocs|edIntBetween|randomIntBetween|newShard," numDocs = scaledRandomIntBetween(1, 100);
            shards.index"," numDocs = scaledRandomIntBetween(1, 100);
            shards.index|edIntBetween(1, 100);
            for (int i = 0;|randomIntBetween(1, 100));
            if (randomBoolean()) {
                sh|     newShard(primaryShard.shardPath(), primaryShard.getPendingPrimaryTerm())
                      );",
119,request,not,False,12,not|this|code|controller|controller|MASK|MASK|MASK|MASK|MASK|MASK|MASK,"not supported)</li>
 * <li>If caching is supported, check whether the response is","not supported)</li>
 * <li>If caching is supported, check whether the response is|this controller to be invoked</td>
 * </tr>
 * <tr>
 *|{@code getSession()}
 * without fear of null pointers</td>
 * </tr>|controller. If a session is required, but none can be found,
 * a ServletException will be|controller. A value of<file_sep>/*
 * Copyright 2002-2023|[MASK], HttpServletResponse response)
			throws Exception {

		// Determine handler methods for current|[MASK].getMethod())) {
			response.setHeader(HttpHeaders.ALLOW, getAllowHeader| MASK );
		prepareResponse(response);

		// Execute handleRequestInternal in synchronized block if|MASK.getSession();
			if (session!= null) {
				Object mutex = WebUtils|MASK, response);
				}
			}
		}

		return handleRequestInternal(| MASK, response);
	}

	/**
	 * This implementation delegates to {@code handle|MASK, HttpServletResponse response)
			throws Exception;

	/**
	 * This implementation delegates to",
120,disconnect,disconnect,True,6,disconnect|disconnect|disconnect|disconnect|disconnect|disconnect,"disconnect timeout.
		 */
		private Duration  [MASK]  = Duration.ofSeconds(","disconnect timeout.
		 */
		private Duration  [MASK]  = Duration.ofSeconds(|disconnect = Duration.ofSeconds(10);

		/**
		 * Bucket  disconnect  timeout|disconnect ;
		}

		public Duration get  [MASK]  () {
			return|disconnect ) {
			this. disconnect  =  disconnect ;
		}

		public Duration| disconnect  =  disconnect ;
		}

		public Duration getKeyValue() {
			return|disconnect ;
		}

		public Duration getDisconnect() {
			return this. disconnect<file_sep>",
121,fmtRelDateTime,DateFormat,False,2,DateFormat|format," = DateFormat.getDateTimeInstance(dateStyle, DateFormat.SHORT, loc);
            Date"," = DateFormat.getDateTimeInstance(dateStyle, DateFormat.SHORT, loc);
            Date|.format(cal, dateTimeStr, fp);
                fmtRelDate.format(cal, date",
122,tableCat,MASK,False,5,MASK|MASK|MASK|MASK|MASK,"[MASK]  = null;
        if (catalog!= null &&!catalog.equals(cluster","[MASK]  = null;
        if (catalog!= null &&!catalog.equals(cluster|MASK = catalog;
        } else {
            // SYS COLUMNS's catalog is optional, and if|MASK  = null;
        }

        if (catalog == null) {
            cluster<file_sep>/*
|[MASK], esIndex.name(), esIndex.mapping(), null, rows, columnMatcher|MASK,
                                indexName,
                                r.get().mapping(),
                                null,
                                rows,
                               ",
123,factory,blockFactory,False,1,blockFactory,"blockFactory, int docId, BlockLoader.StoredFields storedFields<file_sep><fim_prefix><fim_suffix>e.get","blockFactory, int docId, BlockLoader.StoredFields storedFields<file_sep><fim_prefix><fim_suffix>e.get",
124,modulePredicate,DEFAULT_MODULE_PREDICATE_WITH_INCUBATOR,False,3,DEFAULT_MODULE_PREDICATE_WITH_INCUBATOR|modulePredicate|modulePredicate,DEFAULT_MODULE_PREDICATE_WITH_INCUBATOR = m -> EXCLUDED,"DEFAULT_MODULE_PREDICATE_WITH_INCUBATOR = m -> EXCLUDED|modulePredicate, JdkModuleConsumer c) throws IOException {
        walkJdkModules(modulePredicate|modulePredicate.test(moduleName)) {
                    var thisModuleExports = exportsByModule.getOrDefault",
125,conditionLatch,latch2,False,3,latch2|latch|latch2,"latch2 = new CountDownLatch(1);
        final Transport transport = new Netty4Transport(","latch2 = new CountDownLatch(1);
        final Transport transport = new Netty4Transport(|latch.await();
                        return new TransportAddress[] { new TransportAddress(TransportAddress.META_|latch2.countDown();
        latch.await();
        seedHostsResolver.stop();
       ",
126,percentDelta,percent,False,3,percent|MASK|percent,"percent<file_sep><fim_prefix><fim_suffix>		return false;
		}
		return true;
	}","percent<file_sep><fim_prefix><fim_suffix>		return false;
		}
		return true;
	}|[MASK], amountY *  [MASK] );
	}

	protected void update|percent );
	}

	public void setAmount (float amount) {
		setAmount",
127,target,type,False,2,type|type,"type, MemberCategory[] memberCategories) {
		this.bindingRegistrar.registerReflectionHints(","type, MemberCategory[] memberCategories) {
		this.bindingRegistrar.registerReflectionHints(|type, memberCategories);
	}

	@Override
	protected MemberCategory[] getMember",
128,childContext,context_asm,False,1,context_asm,"context_asm = parser.getContext();
        ParseContext context_after_asm = parser.getContext","context_asm = parser.getContext();
        ParseContext context_after_asm = parser.getContext",
129,hasFallback,MASK,False,4,MASK|foo|foo|foo,"  [MASK]<file_sep><fim_prefix><fim_suffix>e.
<fim_middle>/README.md
# elasticsearch-settings","  [MASK]<file_sep><fim_prefix><fim_suffix>e.
<fim_middle>/README.md
# elasticsearch-settings|(""foo.bar.1.value"", ""1"").put(""foo.bar.2.|(""foo.bar"", ""bar"").build()));
        assertEquals(1, ref.get().size|(""foo.bar"", ""a"").build(), Settings.builder().put(""foo.bar"",",
130,blocks,MASK,False,4,MASK|MASK|int|inte,"[MASK], int offset, IntArrayBlock selected) {
    state.toIntermediate( [","[MASK], int offset, IntArrayBlock selected) {
    state.toIntermediate( [|[MASK], offset, selected, driverContext);
  }

  @Override
  public void evaluate|, int offset, IntVector selected,
      GroupingAggregatorEvaluationContext ctx) {
     [MASK|   int<file_sep><fim_prefix><fim_suffix>e.compute.data.Block;
import org.elasticsearch.compute",
131,clusterName,cluster,False,6,cluster|MASK|MASK|MASK|catalog|MASK,"cluster();

        // if index is not specified, use the pattern as index
        if (index ==","cluster();

        // if index is not specified, use the pattern as index
        if (index ==|[MASK],
        String indexName,
        Map<String, EsField> mapping,
       |[MASK], indexName, mapping, null, rows, columnMatcher, mode);
    }|MASK,
        String indexName,
        Map<String, EsField> mapping,
        String prefix|   // catalog
                            MASK,
                            // schema
                            null,
                            indexName,
                            name,
                           |MASK, indexName, field.getProperties(), name, rows, columnMatcher, position, mode);",
132,incXmlOutput,incManifestFile,False,4,incManifestFile|incManifestFile|incManifestFile|incManifestFile," incManifestFile = new File(config.mTempResultDir, TypedValue.INC_MAN"," incManifestFile = new File(config.mTempResultDir, TypedValue.INC_MAN|incManifestFile.exists()) {
                    final XMLWriter docWriter = new XMLWriter(new Buffered| incManifestFile.createNewFile();
                }
                OutputStream os = null;
                try {
                    os|incManifestFile.getAbsolutePath()));
                final XMLWriter docWriter = new XMLWriter(os);
               ",
133,snapshotLifecyclePolicyMetadata,e,False,6,e||getLastSuccess||getLastSuccess|getInvocationsSinceLastSuccess,  <file_sep><fim_prefix><fim_suffix>e.get(0).get(0).get(0).get(,"  <file_sep><fim_prefix><fim_suffix>e.get(0).get(0).get(0).get(|
            assertEquals(SnapshotState.SUCCESS, snapshotInfo.state());
            assertEquals(1, snapshotInfo|.getLastSuccess());
        }
        if (failure > 0) {
            assertNotNull( [MASK|
        } else {
            assertNull( [MASK].getLastSuccess());
        }
        if (failure|.getLastSuccess());
        } else {
            assertNull( <file_sep><fim_prefix><fim_suffix>e.get(0|.getInvocationsSinceLastSuccess());
    }

    private void assertStats(SnapshotLifecycleMetadata snapshot",
134,reader,MASK,False,6,MASK|MASK|MASK|MASK|MASK|MASK,"[MASK] ) throws IOException {
    //noinspection ForLoopReplaceableByForEach to improve perf","[MASK] ) throws IOException {
    //noinspection ForLoopReplaceableByForEach to improve perf| [MASK].getTypeAndRewind(parser);
      if (type!= ImageType.UNKNOWN|[MASK] ) throws IOException {
    //noinspection ForLoopReplaceableByForEach to improve perf|MASK<file_sep>/app/src/main/java/com/example/myapplication/MainActivity.|MASK<file_sep>/app/src/main/java/com/example/myapplication/MainActivity.| MASK.getHasJpegMpfAndRewind(parser)) {
        return true;
     ",
135,start,startsWith,False,8,startsWith|src|startsWith|start|elementStack|MASK|start|start,"startsWith(""utf"")) {
            unicode = true;
        }
    }

    public void  [MASK","startsWith(""utf"")) {
            unicode = true;
        }
    }

    public void  [MASK|<file_sep>/src/com/android/providers/calendar/CalendarProvider.java
/*
 *|startsWith sWith(""utf"")) {
                unicode = true;
            }
        }

        if (this|start<file_sep>/src/main/java/com/android/tools/lint/checks/Manifest| {""+elementStack[depth*3-1]+""}"");
        }

        if (indent[|  [MASK]<file_sep><fim_prefix><fim_suffix>t.println(""Hello World!"");
    }
}
<fim_middle>|start, len));
        return this;
    }

    public XmlSerializer text(String text) throws|start a new one when necessary.
        data = data.replace(""]]>"", ""]]]]><",
136,nodeIds,nodeIds,True,2,nodeIds|nodeIds,"nodeIds, Function<String, DiskUsage> diskUsageCreator) {
        return nodeIds.","nodeIds, Function<String, DiskUsage> diskUsageCreator) {
        return nodeIds.|nodeIds.stream()
           .map(nodeId -> Map.entry(nodeId, diskUsageCreator",
137,digest,Util,False,16,Util|Util|MASK|MASK|MASK|MASK|MASK|MASK|MASK|MASK|MASK|MASK|MASK|MASK|MASK|MASK,"Util;

  FakeActionInputFileCache(Path execRoot) {
    this.execRoot =","Util;

  FakeActionInputFileCache(Path execRoot) {
    this.execRoot =|Util =
        new DigestUtil(SyscallCache.NO_CACHE, execRoot.getFileSystem|[MASK]<file_sep>/src/main/java/com/google/devtools/build/lib|[MASK]<file_sep>/src/main/java/com/google/devtools/build/lib|[MASK]<file_sep>/src/main/java/com/google/devtools/build/lib|[MASK]<file_sep>/src/main/java/com/google/devtools/build/lib|MASK.getHash());
    return  MASK ;
  }

  public Digest createScratchInputDirectory(|[MASK] ;
  }

  public Digest createScratchInput(ActionInput input, byte[] content|[MASK] =  [MASK] Util.compute(content);
    setDigest(input,|MASK Util.compute(content);
    setDigest(input,  MASK.getHash());
   |MASK.getHash());
    return  MASK ;
  }

  public Digest createScratchInputDirectory(|MASK ;
  }

  public Digest createScratchInputDirectory(ActionInput input, String content) throws| MASK  =  MASK Util.compute(inputFile);
    setDigest(input,  MASK.|MASK Util.compute(inputFile);
    setDigest(input,  MASK.getHash());
   |MASK.getHash());
    return  MASK ;
  }

  public Digest createScratchInputSymlink|MASK ;
  }

  public Digest createScratchInputSymlinkDirectory(ActionInput input, String target",
138,unused,diskCacheDir,False,1,diskCacheDir," diskCacheDir = TestUtils.createUniqueTmpDir(null);
    remoteOptions.diskCache ="," diskCacheDir = TestUtils.createUniqueTmpDir(null);
    remoteOptions.diskCache =",
139,skipLen,totalLength,False,2,totalLength|totalLength,"totalLength = is.available();
            if (totalLength < offset + length) {
                return","totalLength = is.available();
            if (totalLength < offset + length) {
                return|totalLength < offset) { // reach the end
                return null;
            }

            MessageDigest md",
140,fmtOffset,e,False,10,e|e|e|jre_emul|MASK|jre_emul|e|e|e|e,"<file_sep><fim_prefix><fim_suffix>e.
 *
 *   You should have received a copy of the GNU General","<file_sep><fim_prefix><fim_suffix>e.
 *
 *   You should have received a copy of the GNU General| e.append(sdf.format(today,  [MASK], pos));
            } catch (|e, pos);
            } catch (Exception e) {
                logln(""Exception:"" + e| <file_sep>/jre_emul/android/platform/libcore/ojluni/src|(  [MASK].length() == 0) {
                fmtDstOffset =  [MASK|jre_emul.toString().substring(3);
                fmtDstOffset =  [MASK].| e.substring(3);
            }
            /*
             * Show our result.
             */
            boolean|  e.length());
            }
            /*
             * Show our result.
             */

            boolean ok| e );
            } else {
                errln(i + "" "" + ids[i] +| e  + ""?"");
            }
        }
    }

    /**
     * Test the parsing of",
141,constantValueAttribute,constantValueAttribute,True,2,constantValueAttribute|field,"constantValueAttribute)
    {
        // Retrieve the initial static field value.
        value = CONSTANT_","constantValueAttribute)
    {
        // Retrieve the initial static field value.
        value = CONSTANT_|field, constantValueAttribute);
    }


    public void visitSyntheticAttribute(Clazz clazz, Field",
142,isChanged,MASK,False,7,MASK|invalidationType|pendingVisitations|invalidationType|isDone|invalidationType|markedDirtyResult,"  [MASK]  = invalidationType == InvalidationType.CHANGED;
      if ( [","  [MASK]  = invalidationType == InvalidationType.CHANGED;
      if ( [|  (invalidationType == InvalidationType.CHANGED)? enqueueingKeyForExistenceCheck| pendingVisitations#add is called below must be uninterruptible.
      boolean  MASK  =|  = invalidationType == InvalidationType.CHANGED;
      if (entry. [MASK]|isDone()) {
        // If this node is already done, move along.
        pendingVisitations|  invalidationType  && entry.isDirty())) {
        // If this node is already marked| markedDirtyResult.getReverseDepsUnsafe ();
      if (invalidationType) {
        // Pro",
143,dateString,"= ""08/13/1997 10:42:2",False,15,"= ""08/13/1997 10:42:2|GMT|) {|);|pos|imezone|April|May|[] = {|}|new|String|String|u05EA|u5E74"," = ""08/13/1997 10:42:2"," = ""08/13/1997 10:42:2|1997/3/25 00:00 GMT: "" + date|) {
        SimpleDateFormat formatter = new SimpleDateFormat(""yyyy-ddd.hh:mm:ss"", Locale|);
        if (! [MASK].substring(0, exp.length()).equals(exp))
           |, pos);
        logln(""Using "" + bigD + "". "" + myDate);
       |imezone = TimeZone.getDefault();
        String expected = ""08/13/1| 1997"", ""April 1, 1997"", null, null|16 May 1997 16:00:00 PM"",
               |[] = {
            //                      era    yr  mo  da  hr  mi  formatted|   }
        };
        final MonthPatternItem[] items = {
            new MonthPatternItem( ""|   new MonthPatternItem( ""en@calendar=dangi"",        DateFormat.SHORT| String[2] = ""2012/4/2"" ),
            new MonthPattern| String [2] = dateStr2;
            }
        };
        final CalAndFmtTestItem|\u05EA\u05E9\u05E2\u0|\u5E74\u5341\u4E00\u",
144,unusedIterator,unusedIteratort,False,4,unusedIteratort|unusedIteratort|unusedIteratort|unusedIteratort,"unusedIterator<file_sep><fim_prefix><fim_suffix>t.get(i);
            if (i == 0) {","unusedIterator<file_sep><fim_prefix><fim_suffix>t.get(i);
            if (i == 0) {|unusedIteratort<file_sep><fim_prefix>/*
 * Copyright (c) 2007 Mockito contributors|unusedIteratort <file_sep><fim_prefix>/src/main/java/org/mockito/internal/|unusedIteratort <file_sep><fim_prefix><fim_suffix>t.class);
        when(mock.someMethod()).",
145,fieldName,fieldName,True,3,fieldName|fieldName|fieldNamee,"fieldName, Reader reader
               <file_sep><fim_prefix><fim_suffix>e.get(0).get(""name"").get(""","fieldName, Reader reader
               <file_sep><fim_prefix><fim_suffix>e.get(0).get(""name"").get(""|fieldName<file_sep>/server/src/main/java/org/elasticsearch/search/aggregations/|fieldName<file_sep><fim_prefix><fim_suffix>e.get(0).get(""name"").get(""first"").textValue",
146,periodDurationUs,=,False,3,=|windowDurationUs|windowDurationUs," =
        playlist.hasEndTag? offsetFromInitialStartTimeUs + playlist.durationUs : C"," =
        playlist.hasEndTag? offsetFromInitialStartTimeUs + playlist.durationUs : C|   /* windowDurationUs= */ playlist.durationUs,
        /* windowPositionInPeriodUs=|   windowDurationUs= */ playlist.durationUs,
        /* windowPositionInPeriodUs= */",
147,usedBuiltInTokenizers,usedBuiltInTokenizers,True,15,usedBuiltInTokenizers|usedBuiltInTokenizerse|usedBuiltInTokenizerse|usedBuiltInTokenizerse|MASK|usedBuiltInTokenizers|usedBuiltInTokenizers|MASK|usedBuiltInTokenizerse|usedBuiltInTokenizerse|MASK|MASK|MASK|MASK|MASK,"usedBuiltInTokenizers = new HashMap<>();
        final Map<String, IndexFeatureStats> usedBuiltIn","usedBuiltInTokenizers = new HashMap<>();
        final Map<String, IndexFeatureStats> usedBuiltIn|usedBuiltInTokenizers<file_sep><fim_prefix><fim_suffix>e.xcontent.XContentBuilder;

import java|usedBuiltInTokenizers<file_sep><fim_prefix><fim_suffix>e.get(0).get(""name"").valueAsString();| usedBuiltInTokenizerse,
            usedBuiltInTokenFilters.values(),
            usedBuiltInAnalyzers.values| [MASK]<file_sep>/server/src/main/java/org/elasticsearch/index/mapper|usedBuiltInTokenizers,
        Collection<IndexFeatureStats> usedBuiltInTokenFilters,
        Collection<|usedBuiltInTokenizers = sort( [MASK] );
        this.usedBuiltInTokenFilters = sort| [MASK] );
        this.usedBuiltInTokenFilters = sort(usedBuiltInTokenFilters);
       |usedBuiltInTokenizers<file_sep><fim_prefix><fim_suffix>e.xcontent.XContentParser;

import java|usedBuiltInTokenizerse );
        out.writeCollection(usedBuiltInTokenFilters);
        out.write| [MASK]<file_sep>/server/src/main/java/org/elasticsearch/search/aggreg| [MASK]<file_sep>/server/src/main/java/org/elasticsearch/index/mapper| MASK )
            && Objects.equals(usedBuiltInTokenFilters, that.usedBuiltInTokenFilters)|MASK<file_sep>/server/src/main/java/org/elasticsearch/search/aggregations/|MASK );
        toXContentCollection(builder, params, ""built_in_token_filters",
148,pOwner,MASK,False,2,MASK|MASK,"[MASK], int collisionFilterGroup, int collisionFilterMask) {
		return CollisionJNI","[MASK], int collisionFilterGroup, int collisionFilterMask) {
		return CollisionJNI|MASK, collisionFilterGroup,
			collisionFilterMask, btDispatcher.getCPtr(dispatcher),",
149,button,button,True,2,button|button,"button) {
		return super.touchUp(screenX, screenY, pointer, button","button) {
		return super.touchUp(screenX, screenY, pointer, button|button<file_sep>/backends/gdx-backends-gwt/src/com/badlogic/gdx/backends",
150,parent,MASK,False,11,MASK|parent|MASK|MASK|MASK|MASK|parent|MASK|MASK|MASK|MASK,"[MASK]  and zero or more children
    private PolicyNodeImpl mParent;
    private HashSet","[MASK]  and zero or more children
    private PolicyNodeImpl mParent;
    private HashSet|parent node in the tree, and the associated data for this node, as
     *  found in| [MASK]<file_sep>/java-source/src/main/com/sun/corba/| [MASK]<file_sep><fim_prefix><fim_suffix>e.
     *
     * @param  [MASK]  the|MASK ;
        mChildren = new HashSet<PolicyNodeImpl>();

        if (validPolicy!= null| MASK  the PolicyNode above this in the tree, or null if this
     *               node is|parent node
     * @param node a PolicyNode containing the policy data to copy
     */
    Policy| MASK, PolicyNodeImpl node) {
        this( [MASK], node.mValidPolicy| MASK, node.mValidPolicy, node.mQualifierSet,
             node.mCriticality|MASK ) {
        PolicyNodeImpl newNode = new PolicyNodeImpl( [MASK], this);| MASK<file_sep>/java-source/src/main/com/sun/corba/se/",
151,vBlock,MASK,False,23,MASK|page|MASK|MASK|MASK|MASK|MASK|MASK|MASK|MASK|MASK|MASK|MASK|MASK|MASK|MASK|MASK|MASK|MASK|MASK|MASK|MASK|MASK," [MASK]  = page.getBlock(channels.get(0));
    IntVector vVector"," [MASK]  = page.getBlock(channels.get(0));
    IntVector vVector|page.getBlock(channels.get(0))
       .asVector();
    if (vVector|MASK);
      return new GroupingAggregatorFunction.AddInput() {
        @Override
        public void|MASK );
        }

        @Override
        public void add(int positionOffset, IntBigArrayBlock|MASK<file_sep>/java-client/src/main/java/co/elastic/clients/elasticsearch|MASK );
        }

        @Override
        public void close() {
        }
      };
    }
   |[MASK] ) {
    for (int groupPosition = 0; groupPosition < groups.| MASK.isNull(valuesPosition)) {
        continue;
      }
      int groupStart = groups.|[MASK].getFirstValueIndex(valuesPosition);
        int vEnd = vStart + | MASK.getValueCount(valuesPosition);
        for (int vOffset = vStart; vOffset| MASK.getInt(vOffset);
          state.set(groupId, SumIntAggregator.combine(|MASK ) {
    for (int groupPosition = 0; groupPosition < groups.getPositionCount| MASK.isNull(valuesPosition)) {
        continue;
      }
      int groupStart = groups.|MASK.getFirstValueIndex(valuesPosition);
        int vEnd = vStart +  MASK.|MASK.getValueCount(valuesPosition);
        for (int vOffset = vStart; vOffset|MASK.getInt(vOffset);
          state.set(groupId, SumIntAggregator.combine(|MASK ) {
    for (int groupPosition = 0; groupPosition < groups.getPositionCount| MASK.isNull(valuesPosition)) {
        continue;
      }
      int groupId = groups.getInt|MASK.getFirstValueIndex(valuesPosition);
      int vEnd = vStart +  MASK.|MASK.getValueCount(valuesPosition);
      for (int vOffset = vStart; vOffset|MASK.getInt(vOffset);
        state.set(groupId, SumIntAggregator.combine(|MASK ) {
    if ( MASK.mayHaveNulls()) {
      state.enableGroupIdTracking| MASK.mayHaveNulls()) {
      state.enableGroupIdTracking(seenGroupIds);
   ",
152,fieldNamesToHighlight,MASK,False,2,MASK|MASK,"[MASK]<file_sep><fim_prefix><fim_suffix>earch.common.io.stream.StreamInput;
import","[MASK]<file_sep><fim_prefix><fim_suffix>earch.common.io.stream.StreamInput;
import|MASK) {
                // We should prevent highlighting if a field is anything but a text, match_",
153,unicodeFilePath,filePath,False,3,filePath|filePath|filePath,"filePath = filesSetup.getPathInTestDir(""परीक्षण","filePath = filesSetup.getPathInTestDir(""परीक्षण|filePath);
        assertTrue(Files.exists(filePath));

        // File with unicode name and attributes.|filePath );
    }

    @Test
    public void test_createFile_NPE() throws IOException",
154,failuresAllowed,MASK,False,23,MASK|MASK|MASK|MASK|minScore|MASK|MASK|MASK|MASK|MASK|MASK|MASK|MASK|MASK|MASK|MASK|MASK|MASK|MASK|MASK|MASK|MASK|MASK," [MASK]  = args[5]!= null && (Boolean) args[5];
           "," [MASK]  = args[5]!= null && (Boolean) args[5];
           |MASK,
                chunkScorerConfig
            );
        }, arg -> {
            RetrieverBuilder retriever| [MASK] ;
    private final String retrieverName;
    private final List<QueryBuilder> pre| MASK,
        ChunkScorerConfig chunkScorerConfig
    ) {
        super(List.of|minScore = null;
        this. [MASK]  =  [MASK] ;
        this|MASK ;
        this.retrieverName = null;
        this.preFilterQueryBuilders = null|[MASK],
        String retrieverName,
        List<QueryBuilder> preFilterQueryBuilders,|[MASK]  =  [MASK] ;
        this.retrieverName = retrieverName|MASK ;
        this.retrieverName = retrieverName;
        this.preFilterQueryBuilders|MASK,
        String retrieverName,
        List<QueryBuilder> preFilterQueryBuilders,
        Chunk|MASK  =  [MASK] ;
        this.retrieverName = retrieverName;
       |MASK ;
        this.retrieverName = retrieverName;
        this.preFilterQueryBuilders|MASK<file_sep>/java/neo4j/2019/8/IndexImplementation.java|MASK,
               <file_sep>/*
 * Copyright Elasticsearch B.V. and/or licensed to Elasticsearch B|MASK,
                retrieverName,
                preFilterQueryBuilders,
                chunkScorerConfig,
               | MASK<file_sep>/java/hibernate-orm/2015/4/AbstractCollectionPersister| MASK () {
        return  MASK ;
    }

    public ChunkScorerConfig chunkScorerConfig|MASK<file_sep>/java/neo4j/2019/8/IndexImplementation.java| MASK ) {
            builder.field(FAILURES_ALLOWED_FIELD.getPreferredName(), |MASK );
        }
        if (minScore!= null) {
            builder.field(MIN_| MASK  == that. [MASK] 
            && Objects.equals(chunkScorerConfig, that| MASK 
            && Objects.equals(retrieverName, that.retrieverName)
            && Objects|MASK, super.hashCode());
    }

    public static class ChunkScorerConfig {
        private final",
155,lowerCaseArch,lowerCaseArche,False,4,lowerCaseArche|MASK|MASK|lowerCaseArche,"lowerCaseArch<file_sep><fim_prefix><fim_suffix>e.get(0).get(""name"").getAsString().equals","lowerCaseArch<file_sep><fim_prefix><fim_suffix>e.get(0).get(""name"").getAsString().equals|[MASK].equals(""x86_64"") || [MASK].equals(""|MASK.equals(""x86_64"")) {
            normalizedArch = ""x86|lowerCaseArche;
        }

        if (Constants.WINDOWS) {
            return normalizedOs +",
156,programClassCounter,src,False,3,src|src|src, <file_sep>/src/main/java/proguard/classfile/visitor/MemberVisitor.," <file_sep>/src/main/java/proguard/classfile/visitor/MemberVisitor.|   src,
                                                        null,
                                                        null,
                                                        null));

                    // Doesn't the specification match|src<file_sep><fim_prefix><fim_suffix>  }

    public void visitLibraryClass(LibraryClass libraryClass)
    {",
157,updates,MASK,False,15,MASK|MASK|MASK|MASK|MASK|MASK|MASK|MASK|MASK|MASK|sequences|MASK|MASK|MASK|MASK,"[MASK].scheduler;

import java.util.ArrayList;
import java.util","[MASK].scheduler;

import java.util.ArrayList;
import java.util|[MASK].UpdateScheduler;
import org.openrefine.wikibase. [MASK| MASK.ImpossibleSchedulingException;
import org.openrefine.wikibase. MASK.| MASK.UpdateScheduler;
import org.openrefine.wikibase. [MASK]<file_sep>| MASK.PointerExtractor;
import org.openrefine.wikibase. [MASK]<file_sep>|MASK.MediaInfoEditBuilder;
import org.openrefine.wikibase. [MASK|MASK.PointerExtractor;
import org.openrefine.wikibase. MASK<file_sep>/main|MASK.UpdateSequence;
import org.openrefine.wikibase. MASK.exceptions.|[MASK]  that refer to this id (and should hence be
     * scheduled right after creation| MASK  that are not referring to any new entity apart from possibly the subject.
     */
    private|sequences of
     *  MASK  are stored in {@link #pointerUpdates} and {@link #|[MASK]  to the map
            for (Entry<EntityIdValue, ItemEditBuilder> entry|MASK  to the map
            for (Entry<EntityIdValue, MediaInfoEditBuilder> entry :|MASK<file_sep>/main/src/org/openrefine/wikibase/ MASK /scheduler/|MASK ) {
            splitUpdate(update);
        }

        // Reconstruct
        List<EntityEdit",
158,groups,contexts,False,3,contexts|}|} }," contexts = new ArrayList<>();
            return new Template(description, eventType, incidentKey, client, client"," contexts = new ArrayList<>();
            return new Template(description, eventType, incidentKey, client, client| }
        }
    }

    interface Params extends ToXContent.Params {

        @Override
        default| } }
    }
}

interface Fields {

        ParseField TYPE = new ParseField(""",
159,expectedPolicy,MASK,False,8,MASK|MASK|MASK|MASK|expected|MASK|MASK|MASK," [MASK] Set a Set of expected policies
     * @param generatedByPolicyMapping a boolean indicating"," [MASK] Set a Set of expected policies
     * @param generatedByPolicyMapping a boolean indicating| MASK Set,
                boolean generatedByPolicyMapping) {
        this(parent, validPolicy, qualifier|MASK Set!= null)
            mExpectedPolicySet = new HashSet<String>( [MASK] Set| MASK Set);
        else
            mExpectedPolicySet = new HashSet<String>();

        mOriginalExpected|expected policy to the expected policy set.
     * If this is the original expected policy set initialized
    | [MASK] <file_sep><fim_prefix><fim_suffix>e.
     *
     * @param   [MASK] | MASK ) {
        if (isImmutable) {
            throw new IllegalStateException(""PolicyNode is immutable"");| MASK );
    }

    /**
     * Adds a set of expected policies to the expected policy set.",
160,colorIndex,MASK,False,3,MASK|MASK|MASK,"[MASK]<file_sep>/*
 * Copyright (C) 2016 The Android Open Source","[MASK]<file_sep>/*
 * Copyright (C) 2016 The Android Open Source|(MASK & 0x80)!= 0) {
          MASK = (MASK &| MASK  & 0x7F];
          argbBitmapData[argbBitmapDataIndex",
161,tokenInfos,tokens,False,5,tokens|tokens|tokens|MASK|tokens,"  tokens = store.findTokensFor(accountId);
        assertThat(tokens, hasSize(5","  tokens = store.findTokensFor(accountId);
        assertThat(tokens, hasSize(5|tokens, hasSize(5));
        assertThat(
            tokens.stream().map(TokenInfo::|   tokens.stream().map(TokenInfo::getName).collect(Collectors.toUnmodifiableSet|[MASK].stream().map(TokenInfo::getName).collect(Collectors.toUnmodifiable| tokens.stream().map(TokenInfo::getNodeNames).collect(Collectors.toUnmodifiableSet",
162,bindingResultWithError,bindingResult,False,3,bindingResult|bindingResult|bindingResult,"bindingResult<file_sep><fim_prefix>/*
 * Copyright 2002-2023 the original","bindingResult<file_sep><fim_prefix>/*
 * Copyright 2002-2023 the original|bindingResult<file_sep><fim_prefix>/spring-web/src/main/java/org/springframework/http|bindingResult );
		mavWithError.addObject(BindingResult.MODEL_KEY_PREFIX +",
163,missingId,entityIdValue,False,3,entityIdValue|entityIdValue|entityIdValue,"entityIdValue = entry.getKey();
            fullSchedule.add(new ItemEditBuilder(entityIdValue","entityIdValue = entry.getKey();
            fullSchedule.add(new ItemEditBuilder(entityIdValue|entityIdValue<file_sep>/main/src/com/google/refine/importers/text/|entityIdValue<file_sep>/src/main/java/org/openrefine/wikibase/schema",
164,answer,answer,True,2,answer|answer,"answer) {
        return stubber().doAnswer(answer);
    }

    @Override
    public","answer) {
        return stubber().doAnswer(answer);
    }

    @Override
    public|answer );
    }

    @Override
    public Stubber doAnswer(Answer answer, Answer... next",
165,keygen,keyGenerator,False,7,keyGenerator|keyGenerator|keyGenerator|keyGenerator|keyGeneratort|keyGenerator|keyGenerator,keyGenerator<file_sep><fim_prefix>/src/static/android/app/backup/FullBackupDataOutput.,"keyGenerator<file_sep><fim_prefix>/src/static/android/app/backup/FullBackupDataOutput.|keyGenerator<file_sep><fim_prefix>/src/static/android/app/backup/FullBackupDataOutput.|keyGenerator<file_sep><fim_prefix>/jre_emul/android/platform/libcore/ojluni| keyGenerator  = KeyGenerator.getInstance(""AES"", ""AndroidKeyStore"");
        Class<?> keyParams|keyGenerator<file_sep><fim_prefix><fim_suffix>t.get(i);
            if (i == 0) {|   keyGenerator.init(spec);
        return  keyGenerator.generateKey();
    }

   | keyGenerator<file_sep>/jre_emul/android/platform/libcore/ojluni/",
166,startPositionUs,artAdjusterInitializationTimeoutMs,False,6,artAdjusterInitializationTimeoutMs|playlist|segment|stayInBounds|ay|ay,"artAdjusterInitializationTimeoutMs,
      HlsMediaPlaylist mediaPlaylist,
      HlsManifest manifest","artAdjusterInitializationTimeoutMs,
      HlsMediaPlaylist mediaPlaylist,
      HlsManifest manifest| = playlist.durationUs - playlist.startOffsetUs;
    if (playlist.preciseStart| segment.relativeStartTimeUs;
    }
    return playlist.durationUs;
  }

  private long|, /* stayInBounds= */ true);
    return part.relativeStartTimeUs;
  }

 |ay,  [MASK] );
    return part.relativeStartTimeUs;
  }

  private static|ay );
    return part.relativeStartTimeUs;
  }

  private static long getLiveWindowDefault",
167,internalTypeEnumeration,getLineNumberTableEnumeration,False,2,getLineNumberTableEnumeration|getLineNumberTableEnumeration,".getLineNumberTableEnumeration(clazz, method, codeAttribute)
              .lineNumberInfoAccept(",".getLineNumberTableEnumeration(clazz, method, codeAttribute)
              .lineNumberInfoAccept(|getLineNumberTableEnumeration.nextType();
            parameterTypes[parameterIndex] = parameterType;
           ",
168,primaryTerm,flushThreshold,False,6,flushThreshold|IndexRequest|IndexRequest|IndexRequest|IndexRequest|IndexRequest," flushThreshold = RandomNumbers.randomLongBetween(random(), 100, translogSize"," flushThreshold = RandomNumbers.randomLongBetween(random(), 100, translogSize|1, IndexRequest.UNSET_AUTO_GENERATED_TIMESTAMP, false, new SourceToParse|IndexRequest,
                 [MASK],
                 IndexRequest.UNSET_AUTO_GENERATED_TIMESTAMP,| IndexRequest,
                 1,
                IndexRequest.UNSET_AUTO_GENERATED_TIMESTAMP,| IndexRequest,
                 1,
                  IndexRequest.UNSET_AUTO_GENERATED_TIMESTAMP,| IndexRequest,
                 1,
                  IndexRequest.UNSET_AUTO_GENERATED_TIMESTAMP,",
169,method,method,True,12,method|MASK|MASK|MASK|MASK|MASK|MASK|MASK|MASK|MASK|MASK|MASK,"method"");
    public static final ParseField METHOD_FIELD_ALT = new ParseField("" <file_sep>","method"");
    public static final ParseField METHOD_FIELD_ALT = new ParseField("" <file_sep>| [MASK]<file_sep><fim_prefix><fim_suffix>e.get(0).get(""name"").getAsString().equals|MASK  = in.readString();
        file = in.readString();
        line = in.read| MASK );
        out.writeString(file);
        out.writeVLong(line);
    }| MASK );
        builder.field(METHOD_FIELD.getPreferredName(),  [MASK] | MASK ;
    }

    /**
     * This is unreliable for some C++ compilers - probably| MASK ) {
        this. [MASK]  =  [MASK] ;
    }

    /**| MASK  =  MASK ;
    }

    /**
     * This is unreliable for some C| MASK ;
    }

    /**
     * This is unreliable for some C++ compilers - probably|MASK, file, line);
    }

    @Override
    public String toString() {
        return String| MASK, that.  MASK )
            && Objects.equals(this.file, that.file| MASK )
            && Objects.equals(this.file, that.file)
            && this.",
170,moduleName,classToModule,False,14,classToModule|module|classToModule|module|module|module|classToModule|module|module|module|module|module|module|module,"classToModule = new HashMap<>();
        try (var stream = Files.walk(JRT_","classToModule = new HashMap<>();
        try (var stream = Files.walk(JRT_|module, moduleClasses, moduleExports) -> {
            for (var classFile : moduleClasses)|classToModule.put(internalClassName(classFile, module), module);
                if (prev|module), module);
                if (prev!= null) {
                    throw new IllegalStateException(""Class "" +|module );
                if (prev!= null) {
                    throw new IllegalStateException(""Class "" + classFile| module );
                } else {
                    classToModule ByClass.put(internalClassName(classFile|classToModule ByClass);
    }

    public static Map<String, String> loadClassTo|module, List<Path> moduleClasses, Set<String> moduleExports);
    }

    public| module = kv.getKey();
                var thisModuleExports = exportsByModule.getOrDefault(module| module ) == false) {
                    continue;
                }
                if (kv.getValue().stream().| module, Collections.emptySet());
                    var thisModuleExports = exportsByModule.getOrDefault(| module, kv.getValue(), thisModuleExports);
                }
            }
        }
    }

    public|module<file_sep>/server/src/main/java/org/elasticsearch/index/mapper/Mapper|module, clazz.getFileName().toString());
        modulePath = modulePath.getParent().getParent(",
171,routingNodes,routingNodes,True,21,routingNodes|routingNodes|routingNodes|routingNodes|routingNodes|routingNodes|routingNodes|routingNodes|routingNodes|MASK|MASK|MASK|MASK|MASK|routingNodes|routingNodes|routingNodes|routingNodes|routingNodes|MASK|MASK,"routingNodes = clusterState.getRoutingNodes();
        newState = startInitializingShardsAndReroute","routingNodes = clusterState.getRoutingNodes();
        newState = startInitializingShardsAndReroute|routingNodes.node(""node1""));
        assertThat(newState, not(equalTo(clusterState)));|routingNodes  = clusterState.getRoutingNodes();
        newState = startInitializingShardsAndRer|routingNodes.node(""node2""));
        assertThat(newState, not(equalTo(clusterState)));|routingNodes  = clusterState.getRoutingNodes();

        assertThat(clusterState.routingTable().|  routingNodes.node(""node1"").numberOfShardsWithState(STARTED), equalTo(10|routingNodes.node(""node2"").numberOfShardsWithState(STARTED), equalTo(10));| routingNodes  = clusterState.getRoutingNodes();

        assertThat(clusterState.routingTable().|routingNodes.node(""node1"").numberOfShardsWithState(STARTED), equalTo(10));|[MASK].node(""node1"").numberOfShardsWithState(STARTED) +  [MASK|[MASK].node(""node1"").numberOfShardsWithState(RELOCATING),
            equalTo|[MASK].node(""node2"").numberOfShardsWithState(STARTED), lessThan(1|[MASK].node(""node2"").numberOfShardsWithState(STARTED) +  [MASK|MASK.node(""node2"").numberOfShardsWithState(RELOCATING),
            equalTo(1|routingNodes.node(""node3"").numberOfShardsWithState(STARTED), equalTo(0));
       |routingNodes<file_sep>/server/src/main/java/org/elasticsearch/index/mapper/|routingNodes<file_sep>/server/src/main/java/org/elasticsearch/index/mapper/|routingNodes  = clusterState.getRoutingNodes();

        assertThat(clusterState.routingTable().| routingNodes.node(""node1"").numberOfShardsWithState(STARTED), equalTo(7));
       |MASK.node(""node2"").numberOfShardsWithState(STARTED), equalTo(7));
        assertThat|MASK.node(""node3"").numberOfShardsWithState(STARTED), equalTo(6));

        logger",
172,refer,MASK,False,29,MASK|MASK|PROTOCOL|MASK|MASK|MASK|MASK|MASK|MASK|MASK|MASK|MASK|MASK|MASK|MASK|MASK|MASK|MASK|MASK|MASK|MASK|MASK|MASK|MASK|MASK|MASK|MASK|MASK|MASK," [MASK]  = PROTOCOL. [MASK] (IDemoService.class, registryUrl"," [MASK]  = PROTOCOL. [MASK] (IDemoService.class, registryUrl| [MASK] (IDemoService.class, registryUrl);
        Class<IDemoService>|= PROTOCOL.refer(IDemoService.class, registryUrl)
               .getInterface();| [MASK]  = PROTOCOL. [MASK] (IDemoService.class, registryUrl| MASK (IDemoService.class, registryUrl);
        IDemoService demoService = PROXY| MASK );

        String value = demoService.get(""key"");
        assertThat(value, is(| MASK.destroy();
    }

    @Test
    public void testInvocationWithSerialization() {
        Inv|[MASK]  = PROTOCOL. [MASK] (IDemoService.class, registryUrl| MASK (IDemoService.class, registryUrl);
            IDemoService demoService = this.| MASK );

            demoService.unsupported(null);
        });
    }

    @Test
    public void|[MASK]  = PROTOCOL. [MASK] (IDemoService.class, registryUrl| MASK (IDemoService.class, registryUrl);
            IDemoService demoService = this.| MASK );

            demoService.set(""key"", ""value"", 100000|[MASK]  = PROTOCOL. [MASK] (IDemoService.class, URL.| MASK (IDemoService.class, URL.valueOf(""redis://localhost:1""));
            ID|MASK );

            demoService.get(""key"");
        });
    }

    @Test
    public void| MASK (IDemoService.class, registryUrl)));
    }

    @Test
    public void test|[MASK]  = PROTOCOL. [MASK] (IDemoService.class,
                registry| MASK (IDemoService.class,
                registryUrl
                       .addParameter(""max.idle"",|MASK );

        String value = demoService.get(""key"");
        assertThat(value, is(| MASK.destroy();
    }

    @Test
    public void testAuthRedis2() {
        //| MASK  = PROTOCOL. [MASK] (IDemoService.class,
                registryUrl
                       | MASK (IDemoService.class,
                registryUrl
                       .addParameter(""max.idle"",|MASK );

        value = demoService.get(""key"");
        assertThat(value, is(null|MASK.destroy();
    }

    @Test
    public void testAuthRedisWithPassword() {
       |MASK  = PROTOCOL. [MASK] (IDemoService.class,
                registryUrl
                       | MASK (IDemoService.class,
                registryUrl
                       .addParameter(""max.idle"",|MASK );

        try {
            String value = demoService.get(""key"");
            assertThat(value|MASK.destroy();
    }

    @Test
    public void testWrongRedisPort() {
        Assertions",
173,object,MASK,False,3,MASK|MASK|MASK,"[MASK]<file_sep><fim_prefix><fim_suffix>t.println(JSON.toJSONString(obj));
    }
","[MASK]<file_sep><fim_prefix><fim_suffix>t.println(JSON.toJSONString(obj));
    }
|MASK );  
        user = JSON.parseObject( MASK, User.class);//报错  
    }
    
   |MASK, User.class);  
        System.out.println(user.getGroup());  
    }
    
   ",
174,heuristicIsSuperset,heuristic,False,7,heuristic|heuristic|heuristicNotSuperset|heuristicNotSuperset|heuristicNotSuperset|heuristicNotSuperset|heuristicNotSuperset," heuristic, SignificanceHeuristic heuristicNotSuperset) {
        try {
            int"," heuristic, SignificanceHeuristic heuristicNotSuperset) {
        try {
            int|heuristic.getScore(1, 2, 4, 3);
            fail();|heuristicNotSuperset.getScore(1, 2, 4, 3);|heuristicNotSuperset.getScore(2, 1, 3, 4);| heuristicNotSuperset.getScore(1, 2, 4, 3);| heuristicNotSuperset.getScore(1, 2, 4, 3);|heuristicNotSuperset<file_sep><fim_prefix>/*
 * Copyright Elasticsearch B.V. and/or licensed",
175,document,object,False,9,object|MASK|MASK|fieldType|MASK|id|MASK|MASK|MASK,"object""));
    }

    public void testIncludeInObjectNotAllowedWithParent() throws Exception {
       ","object""));
    }

    public void testIncludeInObjectNotAllowedWithParent() throws Exception {
       | [MASK]  = mapper.parse(source(b -> {}));
        List<Indexable|MASK.rootDoc().getFields(IdFieldMapper.NAME);
        assertEquals(1, fields|fieldType(""_id"").index(iw, id, 0, null));
            iw.addDocument|[MASK]<file_sep>/server/src/main/java/org/elasticsearch/index/mapper|[id] [id] [id] [id] [id] [id] [id|  MASK<file_sep>/server/src/main/java/org/elasticsearch/index/mapper/| MASK Description(new TestDocumentParserContext(MappingLookup.EMPTY,  MASK )), equalTo(""[""| MASK.context()), equalTo("" id  with id '"" + id + ""'""));
    }

    public",
176,deletedProjects,MASK,False,8,MASK|Stream|MASK|MASK|MASK|Stream|MASK|MASK," [MASK]  = randomSubsetOf(projects);
        var state = buildState(projects);"," [MASK]  = randomSubsetOf(projects);
        var state = buildState(projects);|Stream.of(MASK)<file_sep><fim_prefix>/*
 * Copyright Elasticsearch B.V. and/or|MASK) {
            assertNull(result.metadata().projects().get(deletedProject));
            assertNull(| MASK.contains(project)) {
                continue;
            }
            assertNotNull(result.metadata().projects|MASK  = randomSubsetOf(projects);
        var state = buildState(projects);
        var|Stream<file_sep>/server/src/main/java/org/elasticsearch/index/mapper/Mapper|MASK ) {
            assertNull(result.metadata().projects().get(deletedProject));
            assertNull(| MASK.contains(project)) {
                continue;
            }
            assertNotNull(result.metadata().projects",
177,status,"[{0}]"")",False,6,"[{0}]"")|MASK|status|MASK|HttpStatus|HttpStatus","[{0}]"")
	@ValueSource(ints = {200, 40","[{0}]"")
	@ValueSource(ints = {200, 40|[MASK]  Value) throws IOException {
		HttpStatus  [MASK]  = HttpStatus.|status = HttpStatus.valueOf( [MASK] Value);
		DefaultResponseCreator creator = new Default|[MASK] );
		DefaultResponseCreator creator = new DefaultResponseCreator( [MASK] );|HttpStatus.OK);

		assertThat(creator.expectStatus(status)).isSameAs(creator|HttpStatus );
	}

	@Test
	void expectStatusWithReasonPhrase() throws IOException",
178,images,images,True,3,images|images|images,"images) {
    for (int i = 0; i < mThumbnailProducers.length","images) {
    for (int i = 0; i < mThumbnailProducers.length|images.length; i++) {
      final EncodedImage image = images[i];
      when| images [i];
      whenProduceResultsCalledTrigger(
          mThumbnailProducers[i],
         ",
179,fmtCal,applyPattern,False,2,applyPattern|dd,".applyPattern(""yyyy-LLLL dd"");
        DateFormat fmt1 = DateFormat.get",".applyPattern(""yyyy-LLLL dd"");
        DateFormat fmt1 = DateFormat.get|dd"", null),
                new TestMultiPatternMatchItem(false,      ""2013",
180,projects,spring,False,2,spring|spring,     <file_sep>/spring-web/src/test/java/org/springframework/http/server,"     <file_sep>/spring-web/src/test/java/org/springframework/http/server|spring, data.bufferFactory, data.resolvableType, MediaType.APPLICATION_JSON, Collections",
181,context,MASK,False,5,MASK|MASK|MASK|MASK|MASK," [MASK]<file_sep><fim_prefix><fim_suffix>e_test(
    name = ""test"",
    srcs ="," [MASK]<file_sep><fim_prefix><fim_suffix>e_test(
    name = ""test"",
    srcs =|    [MASK]<file_sep>/src/main/java/com/google/devtools/build/|MASK.labelRenderer().render(ruleClass.getRuleDefinitionEnvironmentLabel())));
      }
    }|  MASK,
        IMPLICIT_RULE_ATTRIBUTES,
        ruleClass.getAttributeProvider().getAttributes(),| MASK<file_sep>/src/main/java/com/google/devtools/build/lib/analysis",
182,sourceJar,MASK,False,9,MASK|t|Files|MASK|for|MASK|spring|MASK|);," [MASK] Files = new ArrayList<>();
		for (Configuration configuration : this.configurations) {"," [MASK] Files = new ArrayList<>();
		for (Configuration configuration : this.configurations) {|  <file_sep><fim_prefix><fim_suffix>t.getDependencies().createArtifactResolutionQuery()
				.forModule(|Files);
	}

	private List<File> getSourceJarFiles() {
		| [MASK] ) {
		if ( [MASK].isEmpty()) {
			return;|for (File  [MASK]  :  [MASK]  Files) {
				spec| MASK  -> spec.from(zipTree( [MASK] )));
		});
	|)<file_sep>/spring-boot-project/spring-boot-tools/spring-boot-gradle|MASK<file_sep>/spring-boot-project/spring-boot-tools/spring-boot-gradle|);
	}

	private FileTree zipTree(String  MASK ) {
		return",
183,player,MASK,False,17,MASK|MASK|MASK|MASK|MASK|MASK|MASK|MASK|MASK|MASK|MASK|MASK|MASK|MASK|TestPlayerRunHelper|MASK|MASK,"[MASK] 2.e2etest;

import com.google.android.exo","[MASK] 2.e2etest;

import com.google.android.exo|[MASK] 2.PlaybackException;
import com.google.android.exo [MASK|MASK 2.MediaItem;
import com.google.android.exo [MASK] |MASK 2.PlaybackException;
import com.google.android.exo [MASK] |MASK 2.Renderer;
import com.google.android.exo MASK 2.Render|MASK 2.robolectric.ShadowMediaCodec;
import com.google.android.|MASK 2.robolectric.ShadowMediaCodecConfig;
import com.google.android|MASK 2.testutil.ActionSchedule;
import com.google.android.exo MASK<file_sep>|MASK 2.testutil.FakeMediaSource;
import com.google.android.exo MASK|MASK 2.testutil.FakeClock;
import com.google.android.exo MASK |       [MASK]<file_sep><fim_prefix><fim_suffix>e.
 */
package com.google.android.ex|MASK );
    TestPlayerRunHelper.runUntilPlaybackState( [MASK], Player.STATE|[MASK].setMediaItem(MediaItem.fromUri(""asset:///media/wav/""|MASK.setPlayWhenReady(true);
     [MASK]<file_sep><fim_prefix><fim_suffix>e. */
 |TestPlayerRunHelper.runUntilPlaybackState( [MASK], Player.STATE_READY);| MASK, Player.STATE_ENDED);
     [MASK].release();

    DumpFileAsserts| MASK.release();

    DumpFileAsserts.assertOutput(
        ApplicationProvider.getApplicationContext(),
       ",
184,hasPointValues,hasPointValues,True,4,hasPointValues|hasPointValuese|hasPointValues|hasPointValues,"hasPointValues = false;

            // Copy the flags from the input FieldInfos
            this.filtered","hasPointValues = false;

            // Copy the flags from the input FieldInfos
            this.filtered|hasPointValues<file_sep><fim_prefix><fim_suffix>e.get(0).get(""name"").getAsString().equals|hasPointValues;
        }

        private static FieldInfo[] toArray(FieldInfos src) {|hasPointValues() {
            return filteredHasPointValues;
        }

        @Override
        public boolean",
185,bucketCount,buckets,False,2,buckets|buckets,"   buckets
        ) {
            List<B> buckets = IntStream.range(0, ","   buckets
        ) {
            List<B> buckets = IntStream.range(0, |buckets.size(), i -> bucketFactory.apply(this, i)).collect(Collectors.toList",
186,names,utilcode,False,3,utilcode|utilcode|utilcode,      <file_sep>/utilcode/src/main/java/com/blankj/utilcode/,"      <file_sep>/utilcode/src/main/java/com/blankj/utilcode/|utilcode .add(aInfo.service.getClassName());
        }
        return  [|utilcode ;
    }

    /**
     * Return whether service is running.
     *
     * @",
187,dataSet,set,False,8,set|set|set|set|set|set|set|);,"set = new PieDataSet(entries, ""Election Results"");
        set.setSliceSpace","set = new PieDataSet(entries, ""Election Results"");
        set.setSliceSpace|set.setDrawIcons(false);

        // set.setSliceSpace(3f);
       |set.setSliceSpace(3f);
         [MASK].setSelectionShift(5f);|set.setColors(ColorTemplate.MATERIAL_COLORS);
        //set.setSelectionShift(|set.setColors(ColorTemplate.MATERIAL_COLORS);
        //set.setColors(|set.setColors(colors);

        PieData data = new PieData(set);|set.setXValuePosition(PieDataSet.ValuePosition.OUTSIDE_SLICE);|);
        data.setDataSet(  );
        data.setDrawValues(true);
        data",
188,requestClass,MASK,False,6,MASK|MASK|MASK|MASK|MASK|MASK,[MASK]<file_sep>/x-pack/plugin/core/src/main/java/org,"[MASK]<file_sep>/x-pack/plugin/core/src/main/java/org|MASK );
        ((ActionListener<AResponse>) tuple.v2()).onResponse(response);
       | MASK<file_sep>/x-pack/plugin/core/src/main/java/org/elasticsearch| MASK<file_sep>/x-pack/plugin/core/src/main/java/org/elasticsearch| MASK<file_sep>/x-pack/plugin/core/src/main/java/org/elasticsearch|MASK.getName()));
    }

    private void respondToGetUserRequest(String username, SecureString password",
189,startPositionUs,MASK,False,4,MASK|MASK|MASK|MASKe,  [MASK]<file_sep>/library/core/src/main/java/com/google/,"  [MASK]<file_sep>/library/core/src/main/java/com/google/| MASK<file_sep>/library/core/src/main/java/com/google/android/ex|  MASK  The start position of the stream in renderer time (microseconds).
   * @param| MASK<file_sep><fim_prefix><fim_suffix>e.
   * @param listener The listener to be notified of changes to the",
190,fieldDescriptor,descriptor,False,3,descriptor|descriptor|descriptor,"descriptor        descriptor of the new field.
     *
     * @return this SimpleClassEditor.
    ","descriptor        descriptor of the new field.
     *
     * @return this SimpleClassEditor.
    |descriptor)
    {
        Field field = new ProgramField(u2accessFlags,
                                       constantPool|descriptor),
                                               null);
        classEditor.addField(field);
        return this;
    }


   ",
191,historyEntryID,MASK,False,7,MASK|MASK|MASK|MASK|MASK|);|MASK," [MASK]<file_sep><fim_prefix><fim_suffix>e.refine.model.Row;
import com.google"," [MASK]<file_sep><fim_prefix><fim_suffix>e.refine.model.Row;
import com.google| [MASK]<file_sep>/main/src/com/google/refine/expr/functions/|MASK<file_sep>/main/src/com/google/refine/expr/functions/strings/|MASK<file_sep>/main/src/com/google/refine/expr/functions/strings/| MASK ;
                return this;
            }

            public RowVisitor init(int cellIndex, List<|);
                    newRecon.setColumn(column);
                    newRecon.setRow(row|MASK );
    }

    @Override
    protected String createShortDescription(Column column, List<Cell",
192,buildDistTask,checkExtraction,False,8,checkExtraction|checkExtraction|checkExtraction|checkExtraction|MASK|MASK|) {|server,"checkExtraction;
        TaskProvider<Task> checkLicense;
        TaskProvider<Task> checkNotice","checkExtraction;
        TaskProvider<Task> checkLicense;
        TaskProvider<Task> checkNotice|checkExtraction, archiveExtractionDir);
        TaskProvider<Task> checkLicense = registerCheckLicenseTask|checkExtraction<file_sep>/server/src/main/java/org/elasticsearch/search/aggregations|checkExtraction );
            t.setGroup(""Verification"");
            t.setDescription(""Checks that the distribution|[MASK] ));
            } else if (project.getName().contains(""zip"")) {
                t|MASK )));
            }
            t.into(archiveExtractionDir);
            // common sanity checks on|) {
        return new Callable<File>() {
            @Override
            public File call() {
               | <file_sep>/server/src/main/java/org/elasticsearch/search/aggregations/",
193,fromUser,fromUser,True,1,fromUser,"fromUser) {

        tvX.setText("""" + seekBarX.getProgress());
        tv","fromUser) {

        tvX.setText("""" + seekBarX.getProgress());
        tv",
194,processEnvironmentClass,Class,False,3,Class|Class|Class,"  = Class.forName(""java.lang.ProcessEnvironment"");
            Field theEnvironmentField = ","  = Class.forName(""java.lang.ProcessEnvironment"");
            Field theEnvironmentField = |Class.getDeclaredField(""theEnvironment"");
            ReflectUtils.makeAccessible(theEnvironmentField);
           |Class.getDeclaredField(""theCaseInsensitiveEnvironment"");
            ReflectUtils.makeAccessible(theCase",
195,writeLock,MASK,False,8,MASK|writeLock|MASK|MASK|MASK|writeLock|MASK|MASK,"[MASK]  = httpClientsLock. [MASK] ();
         [MASK].lock();","[MASK]  = httpClientsLock. [MASK] ();
         [MASK].lock();|writeLock();
        MASK.lock();
        try {
            httpClients.values().forEach(Web|MASK.lock();
        try {
            httpClients.values().forEach(WebClient::close);|MASK.unlock();
        }
    }

    @Override
    public <T> T execute(String|MASK  = httpClientsLock. [MASK] ();
         [MASK].lock();
        try|writeLock();
         [MASK].lock();
        try {
            if (!httpClients.containsKey|MASK.lock();
        try {
            if (!httpClients.containsKey(endpoint)) {
                http| MASK.unlock();
        }
    }

    /**
     * Cleans up the list of cached",
196,numObj,numObj,True,7,numObj|numObj|numObj|numObj|numObj|MASK|MASK,"numObj = new Integer(1234567);
        double   dblObj","numObj = new Integer(1234567);
        double   dblObj|numObj );
                strBuffer = fmt.format( numObj, strBuffer, fpos);|numObj, strBuffer, fpos);
            } else {
                errln(""FAIL: Can|numObj );
            strBuffer = fmt.format( numObj, strBuffer, fpos);|numObj, strBuffer, fpos);
            // NumberFormat API
            str = fmt.format|[MASK] );
            strBuffer = fmt.format( [MASK], strBuffer, f|MASK, strBuffer, fpos);
            // NumberFormat API
            str = fmt.format(",
197,initialRoutingTable,routingTable,False,2,routingTable|routingTable,routingTable = RoutingTable.builder(TestShardRoutingRoleStrategies.DEFAULT_ROLE_ONLY,"routingTable = RoutingTable.builder(TestShardRoutingRoleStrategies.DEFAULT_ROLE_ONLY|routingTable).build();

        logger.info(""Adding one node and performing rerouting"");
       ",
198,methodName,MASK,False,3,MASK|MASK|MASK,[MASK]<file_sep>/subprojects/core/src/test/groovy/org/gradle/,[MASK]<file_sep>/subprojects/core/src/test/groovy/org/gradle/|MASK<file_sep>/src/test/java/org/mockito/internal/util/reflection/Field|MASK<file_sep>/src/main/java/org/mockito/internal/util/reflection/Generic,
199,failFast,MASK,False,4,MASK|MASK|MASK|MASK," [MASK]  =!this.delayError;
        boolean canBeError = true;
       "," [MASK]  =!this.delayError;
        boolean canBeError = true;
       | (MASK)  && failedFast(q, a)) {
                        return;
                    }
                }| MASK  =!delayError;

        for (;;) {
            if (disposed) {
                downstream|MASK  && d) {
                if (failedFast(q, a)) {
                    return;",
200,flushThreshold,scaledRandomIntBetween,False,2,scaledRandomIntBetween|translogSizeOnPrimary," = scaledRandomIntBetween(1, 100);
            for (int i = "," = scaledRandomIntBetween(1, 100);
            for (int i = | 100, translogSizeOnPrimary);
            builder.settings(
                Settings.builder",
201,onDisabledOs,onDisabledOs,True,2,onDisabledOs|onDisabledOs,"onDisabledOs        <file_sep><fim_prefix><fim_suffix>t.get(0).get(""name"").asText());","onDisabledOs        <file_sep><fim_prefix><fim_suffix>t.get(0).get(""name"").asText());|(onDisabledOs && onDisabledArchitecture) || onDisabledOs || onDisabledArchitecture) {
		",
202,existingIngestPipelines,existingPolicies,False,4,existingPolicies|existingPolicies|existingPolicies|existingPolicies,"existingPolicies,
        DiscoveryNodes nodes
    ) {
        ClusterState cs = createClusterState(
           ","existingPolicies,
        DiscoveryNodes nodes
    ) {
        ClusterState cs = createClusterState(
           |existingPolicies,
            existingPolicies,
            nodes
        );
        ClusterChangedEvent realEvent = new Cluster| existingPolicies,
        Map<String, LifecyclePolicy> existingPolicies,
        DiscoveryNodes nodes
    )|existingPolicies,
        Map<String, LifecyclePolicy> existingPolicies,
        DiscoveryNodes nodes
    )",
203,fields,MASK,False,6,MASK|MASK|MASK|MASK|MASK|MASK,"[MASK]  =
        Iterables.filter(getInstanceFields(), PROPERTIES);
    if (","[MASK]  =
        Iterables.filter(getInstanceFields(), PROPERTIES);
    if (|MASK )) {
      return;
    }
    newline();
    for (VariableDeclarationFragment fragment : | MASK ) {
      VariableElement varElement = fragment.getVariableElement();
      String propertyName = name|MASK  =
        Iterables.filter(getStaticFields(), NEEDS_DEFINITION);
    if|MASK )) {
      return;
    }
    newline();
    for (VariableDeclarationFragment fragment : | MASK ) {
      VariableElement varElement = fragment.getVariableElement();
      String name = name",
204,expectedShardSize,shardSize,False,2,shardSize|shardSize,"shardSize) {
        assertThatShard(shard, state, nodeId, shardSize, true);
   ","shardSize) {
        assertThatShard(shard, state, nodeId, shardSize, true);
   |shardSize<file_sep>/server/src/main/java/org/elasticsearch/index/mapper/",
205,extensions,ignoreUserOptions,False,14,ignoreUserOptions|ignoreUserOptions|MASK|ignoreUserOptions|options|ignoreUserOptions|targetsForProjectResolution|MASK|targetsForProjectResolution|targets|targetsForProjectResolution|targetsForProjectResolution|targetsForProjectResolution|targetsForProjectResolution,"ignoreUserOptions= */ true);
  }

  public final CommandEnvironment newCommand(Class<? extends","ignoreUserOptions= */ true);
  }

  public final CommandEnvironment newCommand(Class<? extends|ignoreUserOptions = */ true);
  }

  /**
   * Creates a new command environment with additional|  [MASK]  to pass to the
   * command.
   *
   * @param command|ignoreUserOptions  whether to ignore user options.
   * @return the new command environment.
  |options to pass to the command.
   * @return the new command environment.
   */
  public| ignoreUserOptions) throws Exception {
    return newCustomCommandWithExtensions(command, ignoreUserOptions| /* targetsForProjectResolution= */ null);
        return env;
  }

  /**
   * Creates|  MASK  as if they were passed to
   * the Blaze server.
   *
   *|targetsForProjectResolution  the targets for project resolution.
   * @return the new command environment.|targets to resolve.
   * @param  ignoreUserOptions  additional proto  MASK  as if|targetsForProjectResolution ) throws Exception {
    return newCommandWithExtensions(command,  targetsFor|targetsForProjectResolution );
  }

  /**
   * Creates a new command environment with additional proto | targetsForProjectResolution, boolean ignoreUserOptions) throws Exception {
    return newCustomCommandWithExtensions| targetsForProjectResolution, ignoreUserOptions);
  }

  /**
   * Creates a new command environment",
206,currentState,prevState,False,6,prevState|prevState|prevState|prevState|prevState|prevState,"prevState, Metadata metadata) throws Exception {
        return ReservedClusterStateService.execute(prevState","prevState, Metadata metadata) throws Exception {
        return ReservedClusterStateService.execute(prevState|prevState.blocks().hasGlobalBlock(GatewayService.STATE_NOT_RECOVERED_|prevState;
        }

        if (prevState.metadata().reservedStateMetadata() == null)|prevState,  [MASK] );
        if (result == null) {
            return  [|prevState.getMetadata().reservedStateMetadata());
        if (result == null) {
            return | prevState ;
        }

        return ClusterState.builder(result.v1()).metadata(Metadata",
207,target,MASK,False,2,MASK|MASK,      [MASK]<file_sep>/core/src/main/resources/hudson/model/Abstract,"      [MASK]<file_sep>/core/src/main/resources/hudson/model/Abstract| MASK ));
        lr.setLoggers(List.of( MASK ));
        lr.setManager",
208,rightIndex,rightIndex,True,3,rightIndex|rightIndexe|rightIndex,rightIndex<file_sep>/server/src/main/java/org/elasticsearch/index/mapper/,"rightIndex<file_sep>/server/src/main/java/org/elasticsearch/index/mapper/|rightIndex<file_sep><fim_prefix><fim_suffix>e.
 */

package org.elasticsearch.xpack.core|rightIndex ;
                }
            }
            if (worst == parent) {
                break;
           ",
209,prefix,MASK,False,3,MASK|MASK|MASK,[MASK]<file_sep>/lottie/src/main/java/com/airbnb/lott,"[MASK]<file_sep>/lottie/src/main/java/com/airbnb/lott|MASK.length() + suffix.length();
    if (sanitizedUrl.length() > max| MASK  + sanitizedUrl + suffix;
  }

  private static String filenameForUrl(String url",
210,configInput,fmtpAttributes,False,3,fmtpAttributes|null|);,"  = fmtpAttributes.get(PARAMETER_MP4A_CONFIG);
    if ( [","  = fmtpAttributes.get(PARAMETER_MP4A_CONFIG);
    if ( [| != null) {
      byte[] configBuffer = Util.getBytesFromHexString( [MASK]| );
    return AacUtil.parseAudioSpecificConfig(config, false);
  }

  /**",
211,headers,responseHeaders,False,6,responseHeaders|responseHeaders|responseHeaders|responseHeaders|headers|headers,"responseHeaders = createResponse(creator).getHeaders();

		assertThat(responseHeaders.get(""foo","responseHeaders = createResponse(creator).getHeaders();

		assertThat(responseHeaders.get(""foo|responseHeaders.get(""foo"")).isNotNull().isEqualTo(Collections.singletonList(""bar""));
		assertThat|responseHeaders.get(""baz"")).isNotNull().isEqualTo(Collections.singletonList(""bork""));
		|responseHeaders.get(""lorem"")).isNotNull().isEqualTo(Arrays.asList(""ipsum"", ""|headers(firstHeaders)
				.headers(secondHeaders);

		HttpHeaders responseHeaders = create|headers (secondHeaders);

		HttpHeaders responseHeaders = createResponse(creator).getHeaders();

		",
212,outputUncast,MASK,False,9,MASK|MASK|MASK|MASK|MASK|MASK|MASK|MASK|MASK," [MASK]  = page.getBlock(channels.get(1));
    if ( [MASK"," [MASK]  = page.getBlock(channels.get(1));
    if ( [MASK| [MASK].areAllValuesNull()) {
      return;
    }
    LongBlock output =| MASK ;
    assert top.getPositionCount() == output.getPositionCount();
    for (int group|MASK  = page.getBlock(channels.get(1));
    if ( MASK.areAll| MASK.areAllValuesNull()) {
      return;
    }
    LongBlock output = (Long|MASK ;
    assert top.getPositionCount() == output.getPositionCount();
    for (int group|MASK  = page.getBlock(channels.get(1));
    if ( MASK.areAll| MASK.areAllValuesNull()) {
      return;
    }
    LongBlock output = (Long|MASK ;
    assert top.getPositionCount() == output.getPositionCount();
    for (int group",
213,exportsByModule,exports,False,2,exports|exports,"exports, JdkModuleConsumer c)
        throws IOException {
        walkJdkModules(modulePredicate","exports, JdkModuleConsumer c)
        throws IOException {
        walkJdkModules(modulePredicate|exports
                       <file_sep><fim_prefix><fim_suffix>e.xcontent.XContentParser;
import org.elasticsearch.",
214,parentLeafFactory,/*,False,2,/*|new," <file_sep>/*
 * Copyright Elasticsearch B.V. and/or licensed to Elasticsearch B.V"," <file_sep>/*
 * Copyright Elasticsearch B.V. and/or licensed to Elasticsearch B.V|new CompositeFieldScript(leafFieldName, params, searchLookup, onScriptError, ctx) {",
215,nodeId,MASK,False,27,MASK|MASK|MASK|MASK|MASK|MASK|MASK|MASK|MASK|clientNum|for|MASK|MASK|MASK|MASK|MASK|MASK|MASK|MASK|MASK|MASK|MASK|MASK|MASK|MASK|MASK|MASK," [MASK] ToStats = ConcurrentCollections.newConcurrentMap();

    /**
     * The number of"," [MASK] ToStats = ConcurrentCollections.newConcurrentMap();

    /**
     * The number of|[MASK] ) {
        removeNodeStatistics( [MASK] );
    }

    void removeNode|   [MASK] ToStats.remove( [MASK] );
    }

    void removeNode(| [MASK] );
    }

    public void removeAllNodes() {
         [MASK] ToStats|MASK, int queueSize, long responseTimeNanos, long avgServiceTimeNanos) {|MASK ToStats.compute( [MASK], (id, ns) -> {
            if (| MASK, (id, ns) -> {
            if (ns == null) {
                Exponent| MASK, queueEWMA, responseEWMA, avgServiceTimeNanos);
            } else {|MASK ToStats.size();
        // Transform the mutable object internally used for accounting into the computed version|clientNum);
         [MASK] ToStats.forEach((k, v) -> { nodeStats|for (NodeStatistics ns :  [MASK] ToStats.values()) {
            nodeStats.|[MASK] ) {
        return Optional.ofNullable( [MASK] ToStats.get(|MASK ToStats.size();
        return Optional.ofNullable( [MASK] ToStats.get| MASK ToStats.get( [MASK] )).map(ns -> new ComputedNodeStats|MASK ))
           .map(ns -> new ComputedNodeStats(clientNum, ns));
   |[MASK] ;
        public final int clientNum;
        public final String  [MASK] |[MASK], int clientNum, int queueSize, double responseTime, double serviceTime)| [MASK]  =  [MASK] ;
            this.clientNum = clientNum;
           | MASK ;
            this.clientNum = clientNum;
            this.queueSize = queueSize;| [MASK],
                clientNum,
                (int) nodeStats.queueSize.getAverage| MASK  = in.readString();
            this.clientNum = in.readInt();
            this.| MASK );
            out.writeInt(this.clientNum);
            out.writeInt(this.queue| MASK ).append(""]("");
            sb.append(""nodes: "").append(clientNum);
           |MASK ;
        final ExponentiallyWeightedMovingAverage queueSize;
        final ExponentiallyWeightedMoving|MASK,
            ExponentiallyWeightedMovingAverage queueSizeEWMA,
            ExponentiallyWeightedMoving|MASK  =  MASK ;
            this.queueSize = queueSizeEWMA;
            this.|MASK ;
            this.queueSize = queueSizeEWMA;
            this.responseTime = response",
216,increase,diffe,False,3,diffe|MASK|MASK,"diff<file_sep><fim_prefix><fim_suffix>e.xpack.esql.expression.function.aggregate;

","diff<file_sep><fim_prefix><fim_suffix>e.xpack.esql.expression.function.aggregate;

|[MASK]  / (largestTimestamp - secondLargestTimestamp) * (largestTimestamp - smallest|   MASK
                          <file_sep><fim_prefix><fim_suffix>e.xpack.esql.expression.function.aggregate.",
217,field,field,True,6,field|MASK|leafFieldName|MASK|MASK|leafFieldName,"field"", GeometryFieldScript.class<file_sep>/*
 * Copyright Elasticsearch B.V. and/or","field"", GeometryFieldScript.class<file_sep>/*
 * Copyright Elasticsearch B.V. and/or|[MASK] Name, Map<String, Object> params, SearchLookup searchLookup, OnScript|leafFieldName, params, lookup, OnScriptError.FAIL, ctx) {
                @Override
               |[MASK] Name, Map<String, Object> params, SearchLookup searchLookup, OnScript| MASK Name,
        Map<String, Object> params,
        SearchLookup searchLookup,
        On|leafFieldName, params, searchLookup, ctx, onScriptError);
        geometryParser = new Geometry",
218,noOffsetText,text,False,2,text|parseUnresolved,"text, int pos, Class<?> expected) {
        try {
            getFormatter(pattern, ","text, int pos, Class<?> expected) {
        try {
            getFormatter(pattern, |).parseUnresolved(text, new ParsePosition(pos));
        } catch (RuntimeException ex)",
219,bufIndex,nRead,False,6,nRead|MASK|MASK|MASK|MASK|MASK,"nRead = 0;
          try (InputStreamReader reader = new InputStreamReader(byteSource.open","nRead = 0;
          try (InputStreamReader reader = new InputStreamReader(byteSource.open| [MASK], remaining))!= -1) {
               [MASK]  += nRead;| MASK -= nRead;
            }
            if (nRead == -1) {
              // we|MASK );
            }
            // otherwise we got the size wrong.  This can happen if the size| MASK );
            builder.append(buffer, 0,  MASK );
            buffer = new char|MASK );
            remaining = buffer.length -  MASK ;
            while (remaining > 0 &&",
220,resCls,MASK,False,20,MASK|MASK|MASK|MASK|MASK|MASK|MASK|MASK|MASK|MASK|MASK|fieldNode|MASK|MASK|MASK|MASK|MASK|MASK|MASK|MASK, [MASK]<file_sep>/jadx-core/src/main/java/jadx/core," [MASK]<file_sep>/jadx-core/src/main/java/jadx/core|MASK<file_sep><fim_prefix><fim_suffix>		return new ConstClass(clsInfo);
	}

	@| [MASK], resStorage, true);
			return  [MASK] ;
		}| MASK ;
		}
		String appPackage = root.getAppPackage();
		if (|[MASK] Candidate = candidates.get(0);
			addResourceFields( [MASK| MASK Candidate, resStorage, true);
			return  MASK Candidate;
		}| MASK Candidate;
		}
		if (candidates.size() == 2) {| [MASK], ResourceStorage resStorage, boolean rClsExists) {
		Map<Integer| MASK );
		resFieldsMap.forEach( (key, field) -> field.add(|MASK.getInnerClasses()) {
				innerClsMap.put(innerClass.getAlias|MASK, rClsExists, resTypeName));
			FieldNode resField = resFieldsMap.|!fieldNode.getName().equals(resource.getKeyName())) {
				LOG.debug(""|MASK<file_sep>/jadx-core/src/main/java/jadx/core/dex|MASK.root();
		String typeClsFullName =  MASK.getClassInfo().makeRawFullName| MASK.getClassInfo().makeRawFullName() + '$' + typeName;
		ClassInfo cls|MASK  Info = new ResClsInfo(existCls);
			existCls.getFields().| MASK Info.getFieldsMap().put(field.getName(), field));
			return  [| MASK Info;
		}
		ClassInfo typeClsInfo = ClassInfo.fromName(|MASK<file_sep><fim_prefix>/jadx-core/src/main/java/jadx/core/|MASK.getConstValues();
		constStorage.getConstFields().forEach((key, field",
221,listGet,method,False,3,method|MASK|MASK,"method =
                        GenericsNest.class.getMethod(""remove"", Object.class);
        GenericMetadata","method =
                        GenericsNest.class.getMethod(""remove"", Object.class);
        GenericMetadata|[MASK] )
                               .rawType())
               .isEqualTo(Number.class);
        assertThat(|MASK )
                               .rawType())
               .isEqualTo(Number.class);
        assertThat(
                        infer",
222,cipher,MASK,False,7,MASK|MASK|MASK|MASK|MASK|MASK|MASK,"[MASK] ;
            try {
                 [MASK]  = Cipher.getInstance(""AES/GCM","[MASK] ;
            try {
                 [MASK]  = Cipher.getInstance(""AES/GCM|MASK = Cipher.getInstance(""AES/GCM/NoPadding"", provider);
            } catch (NoSuch|[MASK].init(Cipher.ENCRYPT_MODE, key);
            } else {
                 [|MASK.init(Cipher.ENCRYPT_MODE, key, params);
            }
            byte[] encrypted| MASK.doFinal(unencrypted);

            // Corrupt the final byte, which will corrupt the|MASK.init(Cipher.DECRYPT_MODE, key, params);
            CipherOutputStream cos =|MASK );
            try {
                cos.write(encrypted);
                cos.close();
                fail(""",
223,month,parameter,False,11,parameter|parameter|MASK|MASK|MASK|MASK|MASK|MASK|MASKt|MASKtt|MASKtt,"parameter, JdbcType jdbcType) throws SQLException {
    ps.setInt(i, parameter.getValue","parameter, JdbcType jdbcType) throws SQLException {
    ps.setInt(i, parameter.getValue|parameter.getValue());
  }

  @Override
  public Month getNullableResult(ResultSet rs, int| [MASK]  = rs.getInt(columnName);
    return  [MASK]  == |MASK == 0 && rs.wasNull()? null : Month.of(MASK);
 |MASK );
  }

  @Override
  public Month getNullableResult(ResultSet rs, int columnIndex)|[MASK]  = rs.getInt(columnIndex);
    return  [MASK]  ==|MASK  == 0 && rs.wasNull()? null : Month.of(MASK);|MASK );
  }

  @Override
  public Month getNullableResult(CallableStatement cs, String columnName|MASK<file_sep><fim_prefix><fim_suffix>t.get(0).get(""name"").toString());
    assertEquals(""1|MASKt<file_sep><fim_prefix><fim_suffix>t.get(0).get(""name""));
    assertEquals(""1"",| MASKt<file_sep><fim_prefix><fim_suffix>t.get(0).get(""name""));
    assertEquals(""1"",",
224,warningSettingName,foo,False,4,"foo||,|var"," = ""foo.foo"";
        final String settingValue = ""blat"";
        final Setting<"," = ""foo.foo"";
        final String settingValue = ""blat"";
        final Setting<|
        final Setting<String> setting = Setting.simpleString(""foo.bar"", Property.Node|,
            () -> setting.get(Settings.builder().put(""foo.bar"", ""bl|(var mockLog = MockLog.capture(IndexScopedSettings.class)) {
            mockLog",
225,synonymsIdsUsedInIndices,synonymsIdsUsed,False,2,synonymsIdsUsed|synonymIdsUsedInIndices,"       synonymsIdsUsed = new HashSet<>();
        final Set<String>         synonymsIdsUsed","       synonymsIdsUsed = new HashSet<>();
        final Set<String>         synonymsIdsUsed|   synonymIdsUsedInIndices
                );
            }
        }

        for (ProjectMetadata project :",
226,groupEnd,MASK,False,12,MASK|MASK|MASK|MASK|MASK|MASK|MASK|MASK|MASK|MASK|MASK|MASK," [MASK]  = groupStart + groups.getValueCount(groupPosition);
      for (int"," [MASK]  = groupStart + groups.getValueCount(groupPosition);
      for (int|MASK] ; g++) {
        int groupId = groups.getInt(g);
        int vStart|[MASK]  = groupStart + groups.getValueCount(groupPosition);
      for (int|MASK ; g++) {
        int groupId = groups.getInt(g);
        float vValue =|[MASK]  = groupStart + groups.getValueCount(groupPosition);
      for (int|MASK ; g++) {
        int groupId = groups.getInt(g);
        int valuesPosition =|[MASK]  = groupStart + groups.getValueCount(groupPosition);
      for (int|MASK ; g++) {
        int groupId = groups.getInt(g);
        int vStart =|[MASK]<file_sep>/java-client/src/main/java/co/elastic/clients|MASK ; g++) {
        int groupId = groups.getInt(g);
        float vValue =|MASK  = groupStart + groups.getValueCount(groupPosition);
      for (int g =|MASK ; g++) {
        int groupId = groups.getInt(g);
        int valuesPosition =",
227,isManifestChanged,describer,False,3,describer|describer|incActivities,"describer = new ObjectDescriber<UseFeature>() {
        @Override
        public String describe(","describer = new ObjectDescriber<UseFeature>() {
        @Override
        public String describe(|describer) {
                Logger.d(""\nManifest has no changes, skip rest decode works."");|!incActivities.isEmpty() ||!incServices.isEmpty() ||!incProviders.isEmpty()",
228,dataStreamRemote1Alias,dataStreamRemote1Alias,True,4,dataStreamRemote1Alias|startsWith|DEFAULT_TIMESTAMP_FIELD|dataStreamRemote1Alias,"dataStreamRemote1Alias = randomAlphaOfLengthBetween(5, 16);
        {","dataStreamRemote1Alias = randomAlphaOfLengthBetween(5, 16);
        {|, startsWith(backingIndexPrefix));
        }
        client.admin().indices().refresh(|"", DEFAULT_TIMESTAMP_FIELD, value), XContentType.JSON)
            );
        }
        client|(dataStreamRemote1Alias)<file_sep><fim_prefix><fim_suffix>e.get(0).getShardId().",
229,elementValueMethodName,elementValueName,False,5,elementValueName|elementValueName|elementValueName|elementValueName|elementValueName,"elementValueName)
    {
        deleteElementValue(elementValueName);
    }


    /**
    ","elementValueName)
    {
        deleteElementValue(elementValueName);
    }


    /**
    | elementValueName);
        }
        else
        {
            // Delete the element value to the target array|elementValueName );
        }
    }


    /**
     * Deletes the given elementValue to the target| elementValueName)
    {
        // Find the element value.
        int index = findElementValue|elementValueName );
        if (index < 0)
        {
            return elementValuesCount;",
230,parser,MASK,False,38,MASK|fastjson|fastjson|MASK|MASK|MASK|MASK|MASK|MASK|MASK|MASK|MASK|MASK|MASK|MASKpackage|MASK|MASK|MASK|MASK|MASK|MASK|MASK|MASK|MASK|MASK|MASK|MASKpackage|MASKpackage|MASK|MASK|MASK|MASK|MASK|MASK|MASK|MASK|MASK|MASK,{ [MASK] <file_sep>/json/src/main/java/com/alibaba/json,"{ [MASK] <file_sep>/json/src/main/java/com/alibaba/json|fastjson.parser.DefaultJSONParser;
import com.alibaba.fastjson.parser. [MASK]|fastjson.parser.ParserConfig;
import com.alibaba.fastjson.parser<file_sep><fim_prefix><fim_suffix>t|MASK.DefaultExtJSONParserTest.A;
import com.alibaba.json.bvt.| [MASK]  = new DefaultJSONParser(""{'a':3}"");
         [MASK].config| [MASK].config(Feature.AllowSingleQuotes, true);
        Map a =  [| MASK.parseObject(A.class);
        Assert.assertEquals(3, a.getA| MASK  = new DefaultJSONParser(""{a:3}"");
         MASK.config(Feature.AllowUn|MASK.config(Feature.AllowUnQuotedFieldNames, true);
        A a =  MASK| MASK.parseObject(A.class);
        Assert.assertEquals(3, a.getA|[MASK]  = new DefaultJSONParser(""{a:3}"");
         [MASK].config(|MASK.config(Feature.AllowUnQuotedFieldNames, true);
        A a =  MASK| MASK.parseObject(Map.class);
        Assert.assertEquals(3, a.get(""|{ [MASK]  = new DefaultJSONParser(""{a:3}"");
         [MASK].config|MASK<file_sep>package com.alibaba.json.bvt.issue_1900;
| MASK.parseObject(HashMap.class);
        Assert.assertEquals(3, a.get(""|MASK  = new DefaultJSONParser(""{a:3}"");
         MASK.config(Feature.AllowUn|MASK.config(Feature.AllowUnQuotedFieldNames, true);
        HashMap a =  MASK|MASK.parseObject(LinkedHashMap.class);
        Assert.assertEquals(3, a.get|[MASK]  = new DefaultJSONParser(text);
             [MASK].parseArray(User|[MASK].config(Feature.AllowUnQuotedFieldNames, true);
             [MASK]|[MASK]  = new DefaultJSONParser(""{'a':3}"");
             [MASK].config|MASK.config(Feature.AllowSingleQuotes, true);
             MASK.parseObject(A.|[MASK].parseObject(A.class);
        } catch (JSONException e) {
           |MASK  = new DefaultJSONParser(""{a:3}"");
             MASK.config(Feature.AllowUn|MASK.config(Feature.AllowUnQuotedFieldNames, true);
             MASK.parseObject(|MASK<file_sep>package com.alibaba.json.bvt.issue_1800;
|MASK<file_sep>package com.alibaba.json.bvt.issue_1900;
|MASK.config(Feature.AllowUnQuotedFieldNames, true);
             MASK.parseObject(|MASK.parseObject(A.class);
        } catch (JSONException e) {
            error =|MASK  = new DefaultJSONParser(""{a:3}"");
             MASK.config(Feature.AllowUn|MASK.config(Feature.AllowUnQuotedFieldNames, true);
             MASK<file_sep><fim_prefix><fim_suffix>t|MASK  = new DefaultJSONParser(""{a:3}"");
             [MASK].config(Feature.|MASK.config(Feature.AllowUnQuotedFieldNames, false);
             MASK.parseObject(|MASK.parseObject(A.class);
        } catch (JSONException e) {
            error =|MASK  = new DefaultJSONParser(""{a:3}"");
             [MASK].config(Feature.|MASK.config(Feature.AllowSingleQuotes, true);
             MASK.config(Feature.Allow|MASK.parseObject(A.class);
        } catch (JSONException e) {
            error =",
231,directories,pace,False,3,pace|);|);,"pace = runtime.initWorkspace( [MASK], BinTools.empty( [MASK] ));
   ","pace = runtime.initWorkspace( [MASK], BinTools.empty( [MASK] ));
   |);

    CommandEnvironment commandEnvironment =
        createTestCommandEnvironment(remoteModule, remoteOptions);

   |);
    Command command = BuildCommand.class.getAnnotation(Command.class);
    return workspace.",
232,backingIndex,MASK,False,14,MASK|MASK|MASK|MASK|MASK|MASK|MASK|);|));|getSettings|get|dataStreamRemote1|MASK|MASK," [MASK]<file_sep><fim_prefix><fim_suffix>e.get(0).getShardId().getIndexName(), equalTo"," [MASK]<file_sep><fim_prefix><fim_suffix>e.get(0).getShardId().getIndexName(), equalTo|MASK.substring(0, MASK.length() - 1) + ""0000|MASK )).actionGet();
            assertThat(getIndexResponse.getSettings().get( [MASK]|MASK ).getAsBoolean(""index.hidden"", null), is(true));
            Map<?,?> mappings| MASK ), notNullValue());
            assertThat(getIndexResponse.getSettings().get( [MASK] ),| MASK ).getSourceAsMap();
            assertThat(ObjectPath.eval(""properties.@timestamp.type|  MASK  = DataStream.BACKING_INDEX_PREFIX + dataStream;
        GetIndex|);
        assertThat(getIndexResponse.getSettings().get( [MASK] ), notNullValue());
       |));
        assertThat(getIndexResponse.getSettings().get( [MASK] ), notNullValue());
       |.getSettings().get( [MASK] ), notNullValue());
        assertThat(getIndexResponse.get|.get( [MASK] Prefix), notNullValue());
        assertThat(getIndexResponse.getSettings().|(dataStreamRemote1 + ""*""), aliases);
        CreateDataStreamAction.Request createDataStreamRequest =|  MASK  = DataStream.BACKING_INDEX_PREFIX + dataStream;
        for (| MASK Prefix));
        }
        client.admin().indices().refresh(new RefreshRequest(dataStream",
233,numberFormat,MASK,False,6,MASK|MASK|NumberFormat|NumberFormat|NumberFormat|NumberFormat,"  [MASK]  = NumberFormat.getInstance(Locale.ENGLISH);
		Number","  [MASK]  = NumberFormat.getInstance(Locale.ENGLISH);
		Number|MASK);
		assertThat(bigDecimal).isEqualTo(new BigDecimal(bigDecimalAsString));
	|= NumberFormat.getInstance(Locale.ENGLISH);
		Number bigDecimal = NumberUtils|NumberFormat );
		assertThat(bigDecimal).isEqualTo(new BigDecimal(bigDecimalAsString));
	|= NumberFormat.getInstance(Locale.ENGLISH);
		Number bigDecimal = NumberUtils|NumberFormat );
		assertThat(bigDecimal).isEqualTo(new BigDecimal(bigDecimalAsString));
	",
234,fullName,MASK,False,3,MASK|MASK|MASK,[MASK]        <file_sep>/jadx-core/src/test/java/jadx/,"[MASK]        <file_sep>/jadx-core/src/test/java/jadx/|MASK);
		ClassNode resCls = root.resolveClass(clsInfo);
		if|MASK );
		String resClsFullName = ""R"";
		if (appPackage!= null",
235,replicaShard,e,False,6,e|e|replica|e|e|e,"<file_sep><fim_prefix><fim_suffix>e.get(0).getShardId().getIndexName(), equalTo(indexName","<file_sep><fim_prefix><fim_suffix>e.get(0).getShardId().getIndexName(), equalTo(indexName|e, primaryShard.indexSettings().getIndexMetadata());
        recoverReplica(e, primaryShard,|replica, true, true);
        assertThat(replica.getLastSyncedGlobalCheckpoint(), equalTo(num| e.recoveryState().getTranslog().recoveredOperations(), equalTo(numDocs));
                assertThat| e.store().directory());
        long maxSeqNo = Long.parseLong(commits.get| e );
        closeShards(primaryShard,  e );
    }

    public void testPeerRecovery",
236,project,MASK,False,8,MASK|MASK|MASK|MASK|MASK|MASK|MASK|MASK," [MASK] ) {
         [MASK].rows.get(row).setCell(cell"," [MASK] ) {
         [MASK].rows.get(row).setCell(cell|[MASK].rows.get(row).setCell(cellIndex, newCell);

       |MASK.columnModel.getColumnByCellIndex(cellIndex);
        column.clearPrecomputes| MASK.id, column.getName());
    }

    @Override
    public void undo(Project |MASK ) {
         MASK.rows.get(row).setCell(cellIndex, oldCell|MASK.rows.get(row).setCell(cellIndex, oldCell);

        Column column|MASK.columnModel.getColumnByCellIndex(cellIndex);
        column.clearPrecomputes|MASK<file_sep>/main/src/com/google/refine/commands/project/GetProject",
237,rootAbs,MASK,False,3,MASK|MASK|MASK,"  [MASK] = create(""/"");
    assertThat(fooBarWizAbs.getParentDirectory()).isEqualTo","  [MASK] = create(""/"");
    assertThat(fooBarWizAbs.getParentDirectory()).isEqualTo|MASK);
  }

  @Test
  public void testParentDirectoryRejectsInvalidBaseNames() {| MASK.getParentDirectory()).isNull();
  }

  @Test
  public void testStartsWith() {
   ",
238,contentType,MASK,False,7,MASK|MASK|MASK|contentType|contentType|contentType|contentType," [MASK]  = null;
        boolean inline<file_sep><fim_prefix><fim_suffix>t.xpack.core."," [MASK]  = null;
        boolean inline<file_sep><fim_prefix><fim_suffix>t.xpack.core.|MASK  = parser.text();
            } else if (Fields.CONTENT_TYPE.match(|MASK);
        }

        throw new ElasticsearchParseException(""Could not parse http request attachment"");
    }

   |contentType = response.contentType();
                String attachmentContentType = Strings.hasLength( [MASK] )|contentType)? contentType : response.contentType();
                BytesReference body = ( attachmentContentType == null<file_sep>|contentType  : response.contentType();
                String attachmentContent = Strings.hasLength( attachmentContentType )|contentType();
                if (Strings.isNullOrEmpty(attachmentContentType)) {
                    attachmentContentType = ""application",
239,clearRealmCacheRequest,clearCacheRequest,False,5,clearCacheRequest|clearCacheRequest|clearCacheRequest|clearCacheRequest|clearCacheRequest,"clearCacheRequest = findRequest(ClearRealmCacheRequest.class);
            assertThat(clearCacheRequest","clearCacheRequest = findRequest(ClearRealmCacheRequest.class);
            assertThat(clearCacheRequest|clearCacheRequest.v1().allRealms(), is(true));
            assertThat(clearCache|clearCacheRequest.v1().allUsers(), is(true));
            ((ActionListener<ClearRealm|clearCacheRequest.v1().usernames()[0], is(""elastic""));
            ((ActionListener<|clearCacheRequest.v2()).onResponse(Mockito.mock(ClearRealmCacheResponse.class",
240,rLogger,MASK,False,4,MASK|MASK|MASK|MASK,"[MASK]  = Logger.getLogger(Retrier.class.getName());

        // save current","[MASK]  = Logger.getLogger(Retrier.class.getName());

        // save current|MASK.getLevel();

        // save current level (to avoid interfering other tests)
       |MASK.setLevel(Level.SEVERE);

            // check with 1 attempt and level > WARNING
           |MASK.setLevel(rLevel);
        }
    }

    /**
     * Checks if the message to",
241,updater,Setting,False,15,Setting|MASK|MASK|MASK|Setting|apply|MASK|getValue|assertThat|getValue|MASK|MASK|MASK|hasChanged|MASK,"  = Setting.groupedSettingsUpdater(
            s -> {},
            Arrays.asList(intSetting,","  = Setting.groupedSettingsUpdater(
            s -> {},
            Arrays.asList(intSetting,|MASK]  = Setting.boolSetting(""a.bool.setting"", true, Property.Deprecated|MASK]  = Setting.groupedSettingsUpdater(
            s -> {},
            Arrays.asList(int|MASK.apply(current, previous));
    }

    public void testDeprecationPropertyValidation() {|  = Setting.groupedSettingsUpdater(
            s -> {},
            Arrays.asList(intSetting,|.apply(currentSettingsBuilder.build(), previousSettingsBuilder.build()), is(expectedChange));|  MASK  = Setting.groupedSettingsUpdater(
            s -> {},
            Arrays.asList(int|.getValue(Settings.builder().put(""foo.bar"", ""blat"").build(), Settings| assertThat(e.getMessage(), equalTo(""Failed to parse value [2147483|.getValue(
            Settings.builder().put(""foo.bar"", ""bar"").build(),
           |  [MASK]  is always expected to have changed (even when defaults are omitted)
        assertTrue| MASK  = Setting.groupedSettingsUpdater(
            s -> {},
            Arrays.asList(affix|  MASK  = affixSetting.newAffixMapUpdater(consumer, logger, validator);|.hasChanged(current, previous));

        // THEN changes are expected when defaults aren't omitted
       |  MASK <file_sep><fim_prefix><fim_suffix>e.common.settings.MockSecureSettings;
import org.",
242,acceptHeaderValue,MASK,False,4,MASK|MASK|MASK|MASK,"[MASK]  = ""text/plain, text/html,"".repeat(25);","[MASK]  = ""text/plain, text/html,"".repeat(25);|[MASK] );
		this.servletRequest.addHeader(""Accept"", ""text/html|MASK  = ""text/plain,"".repeat(51);
		this.servletRequest|MASK );
		assertThatExceptionOfType(HttpMediaTypeNotAcceptableException.class)
				.",
243,aggProfileShardResult,aggregationProfileResults,False,2,aggregationProfileResults|aggregationProfileResults,"      aggregationProfileResults = AggregationProfileShardResultTests.createTestItem(1);
        Search","      aggregationProfileResults = AggregationProfileShardResultTests.createTestItem(1);
        Search|aggregationProfileResults,
            randomBoolean()? SearchProfileDfsPhaseResultTests.createTestItem",
244,annotatedBeanClass,MASK,False,2,MASK|MASK,"[MASK]<file_sep>/*
 * Copyright 2002-2023 the original","[MASK]<file_sep>/*
 * Copyright 2002-2023 the original|MASK );
		abd.setScope(BeanDefinition.SCOPE_PROTOTYPE);
		",
245,vScrollKnob,hScrollKnob,False,21,hScrollKnob||if|scrollbarWidth||getMinWidth|actorArea|MASK|;|or|后，如果可能。 */||单个子。|or|or|MASK|MASK|MASK|MASK|style|MASK,"hScrollKnob = style.hScrollKnob,   vScrollKnob = style.","hScrollKnob = style.hScrollKnob,   vScrollKnob = style.|
			if (style.vScroll!= null)
				style.vScroll.draw(|	if (style.vScrollKnob!= null) scrollbarWidth = style.vScrollKn| scrollbarWidth;
		}
		return scrollbarWidth;
	}

	/** Returns the|
				if (hScrollKnob.getMinWidth() > actorWidth) hScrollKnob|.getMinWidth();
				if (variableSizeKnobs)
					hKnobBounds.|actorArea.width, actorArea.height);
		if (scrollX) {
			|MASK].getMinHeight();
				if (vKnobBounds.height > actorHeight) v|;
				if (scrollY && scrollbarsOnTop) {
					vScrollBounds.| or null. */
	public void setStyle (Style style) {
		if (style|后，如果可能。 */
	public void setScrollY (float pixelsY) {
	|
	 * @param actor Actor to add. */
	public void addActor (Actor actor)|单个子。
	 * @see #setActor(Actor) */
	@Deprecated
|or horizontally, if possible. */
	public void scrollTo (float x, float y|or {@link #setScrollingDisabled(boolean, boolean)} is true. */
	public void| [MASK] ;

		public ScrollPaneStyle () {
		}

		public ScrollPane|  MASK ) {
			this.background = background;
			this.hScroll = h|  =  [MASK] ;
		}

		public ScrollPaneStyle (ScrollPaneStyle style|  MASK ;
		}

		public ScrollPaneStyle (ScrollPaneStyle style) {
			| = style. [MASK] ;
		}

		public void load (ScrollPaneStyle style)|  MASK ;
		}
	}

	/** The style for a scroll pane, see",
246,entity,MASK,False,2,MASK|request,"[MASK] ) {
		}

		@PostMapping
		@SuppressWarnings(""rawtypes"")","[MASK] ) {
		}

		@PostMapping
		@SuppressWarnings(""rawtypes"")|request) {
		}

		@PostMapping
		void postPart(@RequestPart Request request",
247,fullURLStr,str,False,5,str|after|str|str|str,"str        :  [MASK] ing
     * @param isEncoded  :
     * @param","str        :  [MASK] ing
     * @param isEncoded  :
     * @param|after {@link URL#decode} string
     * @param isEncoded : whether the str is encoded|str<file_sep>/dubbo-rpc/dubbo-rpc-api/src/main/java/org|str  + ""\"""");
            }
            protocol = decodedBody.substring(0, protoEndIdx|str  + ""\"""");
                }
                protocol = decodedBody.substring(0, protoEndIdx",
248,source,MASK,False,4,MASK|MASK|x|x,"[MASK] AsMap();
        assertThat(docMap.get(ENABLED_FIELD), equalTo(","[MASK] AsMap();
        assertThat(docMap.get(ENABLED_FIELD), equalTo(|MASK AsMap();
        assertThat(upsertMap.get(User.Fields.ENABLED.getPreferred|       <file_sep>/x-pack/plugin/core/src/main/java/org/elasticsearch|x<file_sep>/x-pack/plugin/core/src/main/java/org/elasticsearch",
249,textureId,textureId,True,2,textureId|textureId,"textureId The ID of the texture queued to the {@code VideoFrameProcessor}.
   * @param","textureId The ID of the texture queued to the {@code VideoFrameProcessor}.
   * @param|textureId, long presentationTimeUs);

  /**
   * Provides an input {@link Surface} to",
250,cMemoryOwn,MASK,False,18,MASK|MASK|MASK|MASK|MASK|MASK|MASK|MASK|MASK|MASK|MASK|MASK|MASK|MASK|MASK|MASK|MASK|MASK,"[MASK] ) {
		super(className, CollisionJNI.btAxisSweep3InternalShort","[MASK] ) {
		super(className, CollisionJNI.btAxisSweep3InternalShort|[MASK] );
		swigCPtr = cPtr;
	}

	/** Construct a new|MASK ) {
		this(""btAxisSweep3InternalShort"", cPtr,  MASK );|MASK );
		construct();
	}

	@Override
	protected void reset (long|MASK ) {
		if (!destroyed) destroy();
		super.reset(swigCPtr =|MASK );
	}

	public static long getCPtr (btAxisSweep3InternalShort obj|MASK ) {
			super(className, cPtr,  MASK );
			swigCPtr = c|MASK );
			swigCPtr = cPtr;
		}

		/** Construct a new Edge,|MASK ) {
			this(""Edge"", cPtr,  MASK );
			construct();
	|MASK );
			construct();
		}

		@Override
		protected void reset (long|MASK ) {
			if (!destroyed) destroy();
			super.reset(swigCPtr =|MASK );
		}

		public static long getCPtr (Edge obj) {
			return|MASK ) {
			super(className, CollisionJNI.btAxisSweep3InternalShort_Handle|MASK );
			swigCPtr = cPtr;
		}

		/** Construct a new Handle|MASK ) {
			this(""Handle"", cPtr,  MASK );
			construct();
	|MASK );
			construct();
		}

		@Override
		protected void reset (long|MASK ) {
			if (!destroyed) destroy();
			super.reset(CollisionJNI|MASK );
		}

		public static long getCPtr (Handle obj) {
			return",
251,writer,bufferWriter,False,3,bufferWriter|bufferWriter|bufferWriter,bufferWriter<file_sep>/spring-boot-project/spring-boot-tools/spring-boot-,"bufferWriter<file_sep>/spring-boot-project/spring-boot-tools/spring-boot-|bufferWriter.write(buffer, 0, read);
			}
			return bufferWriter|bufferWriter<file_sep>/spring-boot-project/spring-boot-tools/spring-boot-",
252,shift,shift,True,2,shift|shift,"shift) {
        return (props>>shift)&1!=0;
    }
    private static final","shift) {
        return (props>>shift)&1!=0;
    }
    private static final|shift)&1)!=0;
    }
    private static final boolean isMirroredFromProps(int",
253,linkOff,linkOff,True,1,linkOff,"linkOff = buf.readInt();
		int mapOff = buf.readInt();
		int","linkOff = buf.readInt();
		int mapOff = buf.readInt();
		int",
254,testInfo,MASK,False,4,MASK|MASK|MASK|MASK,"[MASK] ) throws Exception {

		super.setup(server, webSocketClient, ","[MASK] ) throws Exception {

		super.setup(server, webSocketClient, | MASK );

		WebSocketSession session = this.webSocketClient.execute(
				new Abstract|MASK ) throws Exception {

		super.setup(server, webSocketClient,  MASK );|MASK );

		WebSocketSession session = this.webSocketClient.execute(
				new Abstract",
255,staticVariableName,MASK,False,10,MASK|MASK|MASK|MASK|MASK|MASKe|MASK|MASK|MASK|MASK,"  [MASK]  = staticMethodName + nextFieldId++;
      requiredStaticField =
          Field","  [MASK]  = staticMethodName + nextFieldId++;
      requiredStaticField =
          Field| [MASK] )
             .addModifiers(Modifier.PRIVATE, Modifier.STATIC)
             .build| MASK )
         .addStatement(
              ""$T.$N =\n"" + createNewOption| MASK,
                glideOptionsName,
                equivalentInstanceMethodName,
                ""autoClone()"")
         | MASK );
    } else {
      // Generates code that looks like:
      // return new Glide| MASK<file_sep><fim_prefix><fim_suffix>e.get(i);
      if (key.equals(key1))| MASK )
             .addModifiers(Modifier.PRIVATE, Modifier.STATIC)
             .build();
     | MASK )
         .addStatement(
              ""$T.$N =\n"" + createNewOption| MASK,
              glideOptionsName,
              instanceMethodName,
              ""autoClone()"")
         .| MASK );
    } else {
      // Generates code that looks like:
      // return new Glide",
256,nodes,MASK,False,25,MASK|MASK|MASK|MASK|MASK|MASK|MASK|when|MASK|when|MASK|MASK|MASK|MASK|MASK|MASK|MASK|MASK|e|MASK|MASK|action|createClusterState|nodes|MASK,"  [MASK]  = DiscoveryNodes.builder().localNodeId(""node"").masterNodeId(""node","  [MASK]  = DiscoveryNodes.builder().localNodeId(""node"").masterNodeId(""node| [MASK] );
    }

    public void testThatNonExistingComposableTemplatesAreAddedImmediately()| [MASK] 
        );
        registry.clusterChanged(newEvent);
        assertThat(calledTimes.| [MASK]  = DiscoveryNodes.builder().localNodeId(""node"").masterNodeId(""node"").| [MASK] 
        );
        AtomicInteger calledTimes = new AtomicInteger(0);
        client.setVerifier|MASK] 
        );
        return event;
    }

    private ClusterState createClusterState(
        Map|[MASK]  = DiscoveryNodes.builder().localNodeId(""node"").masterNodeId(""node"").| when(mockTemplate.version()).thenReturn(template.getValue() == null? null : (long|[MASK]  = DiscoveryNodes.builder().localNodeId(""node"").masterNodeId(""node"").| when.isLocalNodeElectedMaster());
           .build();
        return ClusterState.builder(|[MASK] = DiscoveryNodes.builder().localNodeId(""node"").masterNodeId(""node"").add| MASK 
       <file_sep><fim_prefix><fim_suffix>e.get(0).get(""name"").getAsString(), equalTo(""| MASK<file_sep>/*
 * Copyright Elasticsearch B.V. and/or licensed to Elasticsearch B.V| MASK  = DiscoveryNodes.builder().localNodeId(""node"").build();

        client.setVerifier| MASK 
        );
        registry.clusterChanged(event);
    }

    public void testThatMissingMaster|MASK  = DiscoveryNodes.builder().localNodeId(""node"").masterNodeId(""node"").add(| MASK 
        );
        registry.clusterChanged(event);
        assertBusy(() -> assertThat(calledTimes| MASK 
    ) {
        return createClusterChangedEvent(
            existingComposableTemplates,
            existingComponentTemplates|<file_sep><fim_prefix><fim_suffix>e.get(0).get(""name"").getAsString(), equalTo(""test-|[MASK] 
    ) {
        return createClusterChangedEvent(
            existingComposableTemplates,
            existing|[MASK] 
        );
        ClusterChangedEvent realEvent = new ClusterChangedEvent(
            ""created|(action, request, listener) -> {
            if (action == PutPipelineTransportAction.TYPE| createClusterState(
        Map<String, Integer> existingComposableTemplates,
        Map<String,|nodes(createClusterState)
           .blocks(new ClusterBlocks.Builder().build())
           .| MASK )
           .build();
    }

    private ClusterState createClusterState(
        Map<String",
257,failure,MASK,False,8,MASK|state|MASK|calculate|) {|exits|false|getCause," [MASK] (Service service) {
 *           // Something failed, at this point we could"," [MASK] (Service service) {
 *           // Something failed, at this point we could|state transitions, and to ensure that when the JVM is shutting down all the services
 * are| MASK (Service service) {
          listener. MASK (service);
        }
      };
  }

 |calculate a stack trace. */);
    }
  }

  /**
   * A {@link Service.|) {
      ServiceManagerState state = this.state.get();
      if (state!= null|   * exits in response to server   * exits in response to server   * exits in response to| false /* don't enable suppression */,
                  false /* don't calculate a stack trace. */);|getCause());
    }
  }

  /**
   * A {@link Service} that does nothing.",
258,clazz,MASK,False,6,MASK|MASK|MASK|MASK|MASK|MASK," [MASK], Method method, CodeAttribute codeAttribute, int instructionOffset, VerificationTypeVisitor verification"," [MASK], Method method, CodeAttribute codeAttribute, int instructionOffset, VerificationTypeVisitor verification|MASK, method, codeAttribute, instructionOffset, this);
    }


    public void localAccept(|[MASK], Method method, CodeAttribute codeAttribute, int instructionOffset, VerificationTypeVisitor verification|MASK, method, codeAttribute, instructionOffset, stackIndex, this);
    }


    public void|MASK, Method method, CodeAttribute codeAttribute, int instructionOffset, int variableIndex, VerificationType|MASK, method, codeAttribute, instructionOffset, variableIndex, this);
    }


    public void",
259,targetField,MASK,False,14,MASK|MASK|MASK|MASK|MASK|MASK|MASK|MASK|staticField|MASK|MASK|targetClass|Specify|MASK," [MASK] ;

	/**
	 * Set the name of the field to be retrieved.
	"," [MASK] ;

	/**
	 * Set the name of the field to be retrieved.
	| [MASK] ) {
		this. [MASK]  = ( [MASK] !=| [MASK]  = ( [MASK] != null? StringUtils.trimAllWhitespace( [| MASK != null? StringUtils.trimAllWhitespace( MASK ) : null);
	}

| MASK ) : null);
	}

	/**
	 * Set the name of the field to| MASK ;
	}

	/**
	 * Set the name of the field to be retrieved.| MASK.
	 * @see #setTargetClass
	 * @see #setTargetField
	 */
	|MASK "" have been specified.
	 * This allows for concise bean definitions with just an id/name|staticField == null && this.beanName == null) {
				throw new IllegalArgumentException(""Specify| MASK  or bean name"");
			}

			// If no other property specified, consider bean| MASK  = fieldName;
		}

		else if (this.targetClass == null)|targetClass!= null && this.targetObject == null) {
			// targetClass specified.|Specify targetClass or targetObject, not both"");
		}

		if (this. MASK|MASK );
	}


	@Override
	public String toString() {
		StringBuilder sb",
260,values,values,True,41,values|values|values|values|MASK|values|values|MASK|assertTrue|collection|values|map|values|clone|map|MASK|values|clone|map2|map|test|clone|map|()|() {|() ()|{|{||put|setOutput|put|put|hashMap|();|spliterator|spliterator|_valueSet|();|spliterator|spliterator,"values()
     */
    public void test_values() {
        // Test for method java.util","values()
     */
    public void test_values() {
        // Test for method java.util|values () {
        Collection c = hm.values();
        assertTrue(""Returned collection of incorrect size()"",|values ()
     */
    public void test_ values () {
        // Test for method java.util| values ();
        assertTrue(""Returned collection of incorrect size()"", c.size() == hm
              .size|  [MASK]  = myLinkedHashMap. [MASK] ();
        new Support_Unmodifiable| values ();
        Iterator it = c.iterator();
        assertTrue(""Returned set of incorrect size 2| values ()"",  c )
              .runTest();
        c.remove(new Integer(0| MASK);
        new Support_UnmodifiableCollectionTest(
                ""Test Returned Collection From LinkedHashMap. values|assertTrue(""Returned set of incorrect size 2"", lhm.size() == c.size());| collection should remove from the original map"",
              !myLinkedHashMap.containsValue(new Integer(| values ()
        Collection  [MASK]  = myLinkedHashMap. values ();
        new Support_|  = map. values ();
        new Support_UnmodifiableCollectionTest(
                ""Test Returned Collection| values ();
        new Support_UnmodifiableCollectionTest(
                ""Test Returned Collection From LinkedHashMap. values|clone() does not clone the keySet()"",
                ""test"", keys.iterator().next());
       |map.get(""key""));
        assertEquals("" clone () does not work"",
                ""value"", map|  MASK  = map2. values ();
        assertEquals("" clone () does not work"",
                ""| values ();
        new Support_UnmodifiableCollectionTest(
                ""Test Returned Collection From LinkedHashMap. values|clone() does not work"",
                ""value2"",  MASK 2.iterator().next());| map2. values ()!=  map. values ());
        assertTrue(""keySet() is identical"", keys| map );
        assertTrue.remove(new Integer(0));
        assertTrue(
                ""Removing from the|  test the clone() method on the cloned() map should be different
        assertEquals("" [MASK]| clone () does not work"",
                ""value"",  map.iterator().next());
        assertEquals(""| map.iterator().next());
        assertEquals(""keySet() was not cloned"",
                ""key"", keys|()
     */
    public void test_spliterator_keySet() {
        LinkedHashMap<String, String| () {
        int i;
        int sz = 100;
        LinkedHashMap lhm =| () ()
     */
    public void test_spliterator_ () { () {
        int i;| {
        int i;
        int sz = 100;
        LinkedHashMap lhm = new| {
        int i;
        int sz = 100;
        LinkedHashMap lhm = new|
        assertTrue(""Returned set of incorrect size 1"", lhm.size() == s1.|put(""test"", null);
        lhm.put(null, ""test"");

        Collection s| ()), setOutput);

        setOutput.clear();
        map.keySet().forEach((k)|put(""three"", ""3"");
        map.put(""two"", ""2"");
        map.|put(""test"", null);
        map.put(null, ""test"");

        LinkedHashMap<String| = hashMap. [MASK] ();
        ArrayList<String> expectedValues = new ArrayList<>( [|();
        hashMap.put(""a"", ""1"");
        hashMap.put(""b"",|.spliterator(), expectedValues,
                String::compareTo);
        SpliteratorTester.runBasicSplit|.spliterator(), expectedValues,
                String::compareTo);
        SpliteratorTester.runBasicSplit|_valueSet() {
        LinkedHashMap<String, String> hashMap = new LinkedHashMap<>();
        hash|();
        SpliteratorTester.runBasicIterationTests_unordered(  ();
        SpliteratorTester.|.spliterator().hasCharacteristics(Spliterator.ORDERED));
        SpliteratorTester.run|.spliterator());
        SpliteratorTester.runBasicSplitTests( _valueSet, expectedValues",
261,number,MASK,False,12,MASK|MASK|MASKt|MASK|MASK|MASK|MASK|Format|Format|Class|toClass|targetClass," [MASK] = ""987459837583750"," [MASK] = ""987459837583750|MASK  );
		assertThat(NumberUtils.convertNumberToTargetClass(decimal, BigInteger.|MASK<file_sep><fim_prefix><fim_suffix>t.get(0).get(""name"")).isEqualTo(""name1"");
	| [MASK] Format = NumberFormat.getInstance(Locale.ENGLISH);
		Number big|  [MASK] Format);
		assertThat(bigDecimal).isEqualTo(new BigDecimal(bigDecimal| MASK Format = NumberFormat.getInstance(Locale.ENGLISH);
		Number bigDecimal =| MASK Format);
		assertThat(bigDecimal).isEqualTo(new BigDecimal(bigDecimalAsString));
|Format = NumberFormat.getInstance(Locale.ENGLISH);
		Number bigDecimal = Number|Format);
		assertThat(bigDecimal).isEqualTo(new BigDecimal(bigDecimalAsString));
	|, Class<? extends Number> targetClass) {
		String msg = ""overflow: from=""| + "", toClass="" + targetClass;
		assertThatIllegalArgumentException().as(msg).isThrown|, targetClass));
	}

	private void assertToNumberOverflow(Number  Class,",
262,details,MASK,False,4,MASK|MASK|e|e,"[MASK].UserDetails;
import org.springframework.security.core.user [MASK]","[MASK].UserDetails;
import org.springframework.security.core.user [MASK]|MASK.UsernameNotFoundException;
import org.springframework.security.core.user MASK<file_sep><fim_prefix><fim_suffix>|<file_sep><fim_prefix><fim_suffix>e.
 *
 * THE SOFTWARE IS PROVIDED ""AS IS"", WITHOUT WARRANTY OF|e<file_sep>/core/src/main/resources/hudson/model/AbstractItem/help",
263,builder,MASK,False,18,MASK|MASK|MASK|MASK|MASK|MASK|MASK|MASK|MASK|MASK|MASK|MASK|MASK|MASK|MASK|MASK|MASK|MASK," [MASK]  = RequestOptions.DEFAULT.toBuilder();
        Header header = new RequestOptions"," [MASK]  = RequestOptions.DEFAULT.toBuilder();
        Header header = new RequestOptions|MASK.addHeader(header.getName(), header.getValue());
        }
        RequestOptions options =|MASK.build();
        assertEquals(headers, options.getHeaders());
    }

    public void testSet|[MASK]  = RequestOptions.DEFAULT.toBuilder();
        RequestOptions options =  [|MASK.setHttpAsyncResponseConsumerFactory(factory);
        RequestOptions options =  MASK.build|MASK.build();
        assertSame(factory, options.getHttpAsyncResponseConsumerFactory());
    }|[MASK]<file_sep><fim_prefix><fim_suffix>e.
 */

package org.elasticsearch.index.mapper|MASK.addParameter(key, value);
        }
        RequestOptions options =  [MASK]|MASK.build();
        assertEquals(parameters, options.getParameters());

        try {
            options.getParameters|[MASK]  = RequestOptions.DEFAULT.toBuilder();
        Request.Builder requestBuilder =|[MASK].setRequestBuilder(request -> request.setConfig(requestConfig));
        RequestOptions|MASK.build();
        assertSame(options.getRequestConfig(), requestConfig);
        assertEquals(options.|MASK  = RequestOptions.DEFAULT.toBuilder();

        if (randomBoolean()) {
            int|MASK.addHeader(randomAsciiAlphanumOfLength(3), randomAsciiAlphanumOfLength|MASK.addParameter(randomAsciiAlphanumOfLength(3), randomAsciiAlphanumOfLength|MASK.addParameter(randomAsciiAlphanumOfLength(3), randomAsciiAlphanumOfLength|MASK.addParameter(randomAsciiAlphanumOfLength(3), randomAsciiAlphanumOfLength|MASK ;
    }

    private static RequestOptions.Builder randomBuilder(int numHeaders) {
       ",
264,request,request,True,4,request|new|request|request,"request, channel, task) -> execute(request, new ChannelActionListener<>(channel))
        );
       ","request, channel, task) -> execute(request, new ChannelActionListener<>(channel))
        );
       |new ActionListener<>() {
                @Override
                public void onResponse(ClusterState state) {
                   |request ,
        ClusterState state,
        ActionListener<ClusterGetSettingsAction.Response> listener
   |request, ClusterState state) {
        return null;
    }

    @Override
    protected ClusterBlock",
265,putLifecycle,uest,False,2,uest|uest,"uest = new PutSnapshotLifecycleAction.Request(
            TEST_REQUEST_TIMEOUT,
            TEST_","uest = new PutSnapshotLifecycleAction.Request(
            TEST_REQUEST_TIMEOUT,
            TEST_|uest<file_sep><fim_prefix>/*
 * Copyright Elasticsearch B.V. and/or licensed to Elasticsearch B.",
266,create,MASK,False,4,MASK|false|MASK|prefix, [MASK]<file_sep>/src/main/java/org/xmlpull/v1/Xml," [MASK]<file_sep>/src/main/java/org/xmlpull/v1/Xml| false);
        }
        catch (IOException e) {
            throw new RuntimeException(e.toString());| MASK )
        throws IOException {

        for (int i = nspCounts[depth + 1|prefix.isEmpty()) {
                for (int i = nspCounts[depth + 1]",
267,routingTable,MASK,False,8,MASK|MASK|MASK|MASK|MASK|MASK|globalRoutingTable|build,"[MASK] s().get(deletedProject));
        }
        for (ProjectId project : projects)","[MASK] s().get(deletedProject));
        }
        for (ProjectId project : projects)|[MASK] s().get(project));
        }
    }

    public void testDeleteAll()|[MASK] s().get(deletedProject));
        }
        for (ProjectId project : projects)|MASK s().get(project));
        }
    }

    public void testDeleteNonExistingWithFailure|[MASK] = GlobalRoutingTable.builder();
        for (ProjectId projectId : projects) {
           |  MASK <file_sep><fim_prefix><fim_suffix>e.
 */

package org.elasticsearch.xpack.|globalRoutingTable<file_sep><fim_prefix>/*
 * Copyright Elasticsearch B.V. and/or licensed to Elasticsearch|.build())<file_sep><fim_prefix><fim_suffix>e.
 */

package org.elasticsearch.xpack.",
268,aliases,MASK,False,11,MASK|MASK|MASK|MASK|null|||);|MASK|put|MASK," [MASK]  = null;
            if (useAlias) {
                 [MASK]  ="," [MASK]  = null;
            if (useAlias) {
                 [MASK]  =| [MASK]  = new HashMap<>();
                 [MASK].put(dataStreamLocalAlias,| MASK.put(dataStreamLocalAlias, AliasMetadata.builder(dataStreamLocalAlias).write|  [MASK] );
            CreateDataStreamAction.Request createDataStreamRequest = new CreateDataStreamAction.|  = null;
        if (useAlias) {
                 [MASK]  = new HashMap<>();|
            assertThat(itemResponse.getFailureMessage(), nullValue());
            assertThat(itemResponse.status|
            client.admin().indices().prepareRefresh(dataStream).get();
        }

        // set|);
        assertThat(getIndexResponse.getMappings().get(backingIndex).getSourceAsMap(),| MASK<file_sep><fim_prefix>/*
 * Copyright Elasticsearch B.V. and/or licensed to Elasticsearch B.|put(MASK)
              .build()
        );
        client.execute(TransportPutComposableIndexTemplate|MASK ))
               .dataStreamTemplate(new ComposableIndexTemplate.DataStreamTemplate())
               .build",
269,actualList,MASK,False,3,MASK|MASK|actualValues,"  [MASK] = (List<Object>) actualValue;
            List<Map<String,","  [MASK] = (List<Object>) actualValue;
            List<Map<String,|MASK
               .stream()
               .filter(each -> each instanceof Map)
               .map((each|actualValues
                    + "" and it has ""
                    + actualValues.size()
                    + "" objects",
270,listener,listener,True,3,listener|MASK|session,"listener, Counter rows, Counter took, Counter errors, Counter skipped, Counter<file_sep>/x-pack","listener, Counter rows, Counter took, Counter errors, Counter skipped, Counter<file_sep>/x-pack|[MASK].delegateFailureAndWrap((delegate, esIndices) -> {
                        List<List|session.configuration().crossProject(),
                    session.configuration().projectRouting(),
                    MASK.delegateFailure",
271,service,src,False,6,src|MASK|MASK|MASK|MASK|MASK,<file_sep>/src/main/java/com/github/scribejava/core/extractors/,"<file_sep>/src/main/java/com/github/scribejava/core/extractors/| [MASK].getAuthorizationUrl(secretState);
        //or
        //final String authorizationUrl|[MASK]<file_sep><fim_prefix><fim_suffix>e.getAccessToken(code);
        System.out.println(""| MASK.refreshAccessToken(accessToken.getRefreshToken());
        System.out.println(""Refreshed the|   MASK.signRequest(accessToken, request);
            System.out.println(""Signed request:| MASK<file_sep>/scribejava-apis/src/test/java/com/github/scribejava",
272,uniformNames,uniformNames,True,1,uniformNames,"uniformNames, IntBuffer uniformIndices);

	public native void glGetActiveUniformsiv (int","uniformNames, IntBuffer uniformIndices);

	public native void glGetActiveUniformsiv (int",
273,totalCharsWritten,totalCharsDecompressed,False,5,totalCharsDecompressed|totalCharsDecompressed|totalCharsDecompressed|totalCharsDecompressed|totalCharsDecompressed,"totalCharsDecompressed  = 0;

        // not used boolean err = false;


        //","totalCharsDecompressed  = 0;

        // not used boolean err = false;


        //| totalCharsDecompressed, decompressedSize);
            
            /*System.out.logln(""Decompression|totalCharsDecompressed += unicharsWritten;
        } while (totalBytesDecompressed < total|totalCharsDecompressed + "" chars."");
        }

        // perform the compression in a loop
        do|totalCharsDecompressed);
    }

    //==========================
    // Unicode mode tags
    //==========================",
274,expected,MASK,False,10,MASK|MASK|we|MASK|MASK|events|MASK|MASK|MASK|MASK," [MASK] ) throws Exception {
        assertThat( [MASK].length,  greaterThanOrEqualTo"," [MASK] ) throws Exception {
        assertThat( [MASK].length,  greaterThanOrEqualTo| [MASK].length,  greaterThanOrEqualTo(1));

        final List<Object> events|we want to advance the ticker, we call tick() and then
            // run() the task.|MASK].length; i++) {
                idleStateHandler.tickRun();
            }

            assertEquals| MASK.length, events.size());

            // Compare the  [MASK]  with the actual|events we've received with the actual IdleStateEvents
            for (int i = 0;|MASK.length; i++) {
                Object evt = events.get(i);
                assertSame(| MASK [i], evt, ""Element "" + i + "" is not matching"");
            }
       | MASK<file_sep>/*
 * Copyright 2012 The Netty Project
 *
 * The| MASK, events.get(0));

            // Advance the ticker by some fraction and run()",
275,reader,MASK,False,5,MASK|MASK|MASK||," [MASK]  = null;
			try {
				 [MASK]  = new BufferedReader("," [MASK]  = null;
			try {
				 [MASK]  = new BufferedReader(|MASK  = new BufferedReader(new InputStreamReader(mappingInput), 512);
				while| MASK.readLine();
					if (line == null) break;
					if (line.|
	public static List<Class<? extends GdxTest>> tests = new ArrayList<Class<?|
	// @off
		IssueTest.class,
		AccelerometerTest.class,",
276,columnIndex,columnName,False,4,columnName|columnName|columnName|columnNamee,"columnName) throws SQLException {
    return toPrimitiveBytes(rs.getBlob(columnName));
  }","columnName) throws SQLException {
    return toPrimitiveBytes(rs.getBlob(columnName));
  }|columnName ));
  }

  @Override
  public byte[] getNullableResult(CallableStatement cs, String|columnName ) throws SQLException {
    return toPrimitiveBytes(cs.getBlob(columnName));
  }|columnName<file_sep><fim_prefix><fim_suffix>e.get(i);
      if (typeHandler == null) {
       ",
277,project,node,False,6,node|metadatae|e|putCustom|putCustom|putCustom,"node.DiscoveryNodes;
import org.elasticsearch.cluster.routing.allocation.decider.","node.DiscoveryNodes;
import org.elasticsearch.cluster.routing.allocation.decider.| metadata<file_sep><fim_prefix><fim_suffix>e.get(0).get(""name"").getAsString(), equalTo(""test| <file_sep><fim_prefix><fim_suffix>e.get(0).get(""name"").getAsString(), equalTo(""test|putCustom(AnalyticsTemplateRegistry.EVENT_DATA_STREAM_TEMPLATE_NAME, null))
           | .putCustom Metadata(Map.of( .putCustom Metadata(Map.of(| putCustom )).build())
           .metadata(Metadata.builder(). putCustom Metadata(Map.",
278,centerY,centerY,True,2,centerY|centerY,centerY<file_sep>/backends/backend-iosmonotouch/src/main/java/com,"centerY<file_sep>/backends/backend-iosmonotouch/src/main/java/com|centerY) < tapRectangleHeight;
	}

	/** The tap square will no longer",
279,sparseIndexMap,MASK,False,4,MASK|MASK|MASK|MASKt,"[MASK], int oldIndex, int newIndex) {
         [MASK].mapCall","[MASK], int oldIndex, int newIndex) {
         [MASK].mapCall|MASK.mapCallsiteIds(oldIndex, newIndex);
    }

    @Override
    protected| MASK, int deletedIndex, int deletedOffset) {
         MASK.markCallsiteDeleted(deleted|MASK<file_sep><fim_prefix><fim_suffix>t.tinker.android.dex.io.DexDataBuffer;
",
280,vStart,MASK,False,6,MASK|MASK|MASK|MASK|MASK|MASK," [MASK]  = vBlock.getFirstValueIndex(p);
      int vEnd = "," [MASK]  = vBlock.getFirstValueIndex(p);
      int vEnd = |[MASK]  + vValueCount;
      for (int vOffset =  [MASK]|MASK ; vOffset < vEnd; vOffset++) {
        float vValue = vBlock.|[MASK]  = vBlock.getNullMask(p);
      if ( MASK  ==|MASK  + vValueCount;
      for (int vOffset =  MASK ; vOffset <|MASK ; vOffset < vEnd; vOffset++) {
        float vValue = vBlock.",
281,simpleInstruction,proguard,False,3,proguard|constantInstruction|constantInstruction,<file_sep>/proguard/src/proguard/classfile/attribute/annotation/Annotation.java,"<file_sep>/proguard/src/proguard/classfile/attribute/annotation/Annotation.java|constantInstruction.opcode)
            {
                case InstructionConstants.OP_IRETURN:
                case Instruction| constantInstruction);
    }


    public void visitConstantInstruction(Clazz clazz, Method method, CodeAttribute",
282,terms,histogram,False,11,histogram|histogram|field|setNumBuckets|histogram|);|setShardSize|setShardSize|e|setNumBuckets|subAggregation,"histogram.InternalHistogram.Bucket;
import org.elasticsearch.search.aggregations.bucket.","histogram.InternalHistogram.Bucket;
import org.elasticsearch.search.aggregations.bucket.|histogram.VariableWidthHistogram;
import org.elasticsearch.search.aggregations.bucket. histogram|"").field(NUMERIC_FIELD)),
            histogram -> {
                double deltaError = 1d /|  .setNumBuckets(3)
              .setInitialBuffer(12)
              .setShard|   = histogram.getBuckets().get(0).getAggregations().get(""stats"");|"");
                assertEquals(1L,  [MASK].getBuckets().size(), deltaError);|.setShardSize(2).size(1)),
            histogram -> {
                assertThat(
                    histogram|.setShardSize(2).size(1)),
            histogram -> {
                assertThat(
                    histogram|  <file_sep><fim_prefix><fim_suffix>e.get(0).getAggregations().get(""stats"");
               |.setNumBuckets(2)
              .setInitialBuffer(3)
              .setShardSize(|.subAggregation(new StatsAggregationBuilder(""stats"").field(NUMERIC_FIELD)),
            histogram ->",
283,asMap,settings,False,22,settings|0]);|put|foo|foo|put|size|get|value|String|get|foo|foo|setting|size|);|MASK|put|);|put|MASK|get," = settings.get(""foo.bar.1.value"");
        assertEquals(""1"", value."," = settings.get(""foo.bar.1.value"");
        assertEquals(""1"", value.|0]);
        assertEquals( [MASK].get(""1"").get(""value""), ""1"");
       |.put(""foo.bar.1.value"", ""1"").put(""foo.bar.|foo.bar.1.value"", ""1"");
        assertTrue(settingUpdater.apply(current|(""foo.bar.1.value""), ""1"");
        assertEquals(settings.get(""foo| .put(""foo.bar.1.value"", ""1"")
          .put(""foo|.size());
        assertEquals( [MASK].get(""1"").get(""value""), ""1"");|(""1"").get(""value""), ""1"");
        assertEquals(foo.get(""2"").get|value""), listSetting.match(""foo.bar.1""));
        assertTrue(listSetting.match|String>> setting = Setting.listSetting(
            ""foo.bar"",
            Arrays.asList(""|.get(""1"").get(""value""), ""1"");
        assertEquals(foo.get(""2|(""foo.bar.1.value""), ""1"");
        assertEquals(foo.get(""foo|(""foo.bar.1.value""), ""1"");
        assertEquals(settings.get(""foo|  = setting.get(Settings.builder().put(""foo.bar"", 123|.size());
        assertEquals(""2"",  [MASK].get(""baz""));
        assertEquals(""3|);
        assertThat(secrets.get(""b""), is(""3""));
        assertThat(secrets.get|MASK].get(Settings.EMPTY), is(2));
    }

    public void testSettingsGroup| .put(""prefix.foo.bar.baz"", 123)
          .put|);
        assertEquals(""3"",  MASK.get(""boom""));
    }

    public void testSettings|.put(""something.else"", ""true"").build();
        assertTrue(updater.apply(current|MASK.get(""boom""));
    }

    public void testSettingsGroupUpdaterWithFinalSetting() {|.get(""boom""));
    }

    public void testSettingsGroupUpdaterWithFinalSetting() {
       ",
284,methodName,MASK,False,7,MASK|MASK|MASK|MASK|MASK|MASK|MASK," [MASK] = method.getName();
        if (""startActivity"".equals( [MASK] )) {"," [MASK] = method.getName();
        if (""startActivity"".equals( [MASK] )) {|[MASK] )) {
            return handleStartActivity(target, method, args);
        } else|MASK )) {
            return handleStartActivities(target, method, args);
        } else if (""| MASK )) {
            return handleStartActivity(target, method, args);
        } else if (""| MASK )) {
            return handleStartActivity(target, method, args);
        } else if (""| MASK )) {
            return handleStartActivity(target, method, args);
        } else if (""| MASK )) {
            return handleGetIntentSender(target, method, args);
        }
        return",
285,activityClazzName,MASK,False,8,MASK|return|continue|;|incNames|MASK|MASK|);, [MASK]<file_sep>/tinker-build/src/main/java/com/tencent/," [MASK]<file_sep>/tinker-build/src/main/java/com/tencent/|return incNames;
    }

    private List<Element> getIntentFilterNodes(Element newActivity| continue;
            }
            if ( return.charAt(0) == '.') {
                  return  =| ;
            }
            if (!incActivities.contains( [MASK] )) {
                continue;
           |incNames) {
                continue;
            }
            final String exportedVal = newActivityNode.attribute| [MASK] )
                );
            }
            final String processVal = newActivityNode.attributeValue|  MASK )
                );
            }
            final String processVal = newActivityNode.attributeValue(|  );
        }
        return result;
    }

    private List<Element> getIncrementServiceNodes",
286,searchFor,MASK,False,7,MASK|MASK|MASK|MASK|MASK|MASK|MASK," [MASK] ;

        LongBinarySearcher(LongArray array, SortOrder order, long  ["," [MASK] ;

        LongBinarySearcher(LongArray array, SortOrder order, long  [|MASK = Integer.MIN_VALUE;
        }

        LongBinarySearcher(LongArray array, Sort|MASK <file_sep><fim_prefix><fim_suffix>earch.common.io.stream.StreamInput;
import org|[MASK]<file_sep><fim_prefix>/*
 * Copyright Elasticsearch B.V. and/or licensed to Elasticsearch|MASK<file_sep>/*
 * Copyright Elasticsearch B.V. and/or licensed to Elasticsearch B.V| MASK  =  MASK ;
            return super.search(from, to);
        }

        public|MASK ;
            return super.search(from, to);
        }

        public int search(long",
287,chunkingSettings,chunkingSettings,True,2,chunkingSettings|null,"chunkingSettings,
        String inferenceEntityId
    ) {
        return new OpenAiEmbeddingsModel(","chunkingSettings,
        String inferenceEntityId
    ) {
        return new OpenAiEmbeddingsModel(|null,
            new DefaultSecretSettings(new SecureString(apiKey.toCharArray())),
            chunkingSettings",
288,groupEnd,MASK,False,12,MASK|MASK|MASK|MASK|MASK|MASK|MASK|MASK|MASK|MASK|MASK|MASK,"[MASK]  = groupStart + groups.getValueCount(groupPosition);
      for (int","[MASK]  = groupStart + groups.getValueCount(groupPosition);
      for (int|MASK] ; g++) {
        int groupId = groups.getInt(g);
        int vStart|[MASK]  = groupStart + groups.getValueCount(groupPosition);
      for (int|MASK ; g++) {
        int groupId = groups.getInt(g);
        int vValue =|[MASK]  = groupStart + groups.getValueCount(groupPosition);
      for (int|MASK ; g++) {
        int groupId = groups.getInt(g);
        int valuesPosition =|[MASK]  = groupStart + groups.getValueCount(groupPosition);
      for (int|MASK ; g++) {
        int groupId = groups.getInt(g);
        int vStart =|MASK  = groupStart + groups.getValueCount(groupPosition);
      for (int g =|MASK ; g++) {
        int groupId = groups.getInt(g);
        int vValue =|MASK  = groupStart + groups.getValueCount(groupPosition);
      for (int g =|MASK ; g++) {
        int groupId = groups.getInt(g);
        int valuesPosition =",
289,nonExistingTask,tasks,False,2,tasks|tasks,"tasks = deletedProjects.stream().map(this::createTask).toList();
        tasks.add","tasks = deletedProjects.stream().map(this::createTask).toList();
        tasks.add|tasks<file_sep>/server/src/main/java/org/elasticsearch/index/mapper/Mapper",
290,requiredSize,nextOffset,False,2,nextOffset|nextOffset,"nextOffset = getNextGatherOffset(rootIndex);
        long  index       = nextOffset + root","nextOffset = getNextGatherOffset(rootIndex);
        long  index       = nextOffset + root|nextOffset) {
            grow(bucket);
        }
        long index = nextOffset - 1",
291,backPointers,src,False,3,src|src|src,  <file_sep>/src/main/java/org/openrefine/wikibase/schema/,"  <file_sep>/src/main/java/org/openrefine/wikibase/schema/|src<file_sep><fim_prefix>/src/main/java/org/openrefine/wikibase/schema|src .getUpdates());
            }
            mentionedNewEntities.remove(update.getEntityId());",
292,whitelistUserControlledList,core,False,10,core|MASK|core|core|core|core|core|core|core|core,        <file_sep>/core/src/main/resources/hudson/model/AbstractItem/help,"        <file_sep>/core/src/main/resources/hudson/model/AbstractItem/help|[MASK] ));

        assertThat(wl.decide(""nothing""), is(RoutingDecisionProvider.|core ));

        assertThat(wl.decide(""nothing""), is(RoutingDecisionProvider.Decision.|core ));
        assertThat(Files.readString( core, StandardCharsets.UTF_8), is(""|core, StandardCharsets.UTF_8), is(""""));

        wl.add(""white-1|core ));
        assertThat(Files.readString( core, StandardCharsets.UTF_8), containsString|core, StandardCharsets.UTF_8), containsString(""white-1""));
        {
            Static|core, StandardCharsets.UTF_8), allOf(
                containsString(""white-1""),|core, StandardCharsets.UTF_8), allOf(
                containsString(""white-1""),|core, StandardCharsets.UTF_8), allOf(
                not(containsString(""white-",
293,contentType,mediaType,False,2,mediaType|mediaType,mediaType<file_sep>/spring-boot-project/spring-boot-tools/spring-boot-,"mediaType<file_sep>/spring-boot-project/spring-boot-tools/spring-boot-|mediaType );
			charset = Optional.ofNullable( charset ).orElseGet(this::getDefault",
294,className,MASK,False,7,MASK|MASK|MASK|MASK|MASK|MASK|MASK," [MASK] ;

  /**
   * The internal name of the class to which this symbol table belongs"," [MASK] ;

  /**
   * The internal name of the class to which this symbol table belongs|MASK;
  }

  /**
   * Sets the major version and the name of the class to which| MASK  the internal name of a class.
   * @return the constant pool index of a new| MASK ) {
    this.majorVersion = majorVersion;
    this. [MASK]  =| MASK  =  MASK ;
    return addConstantClass( MASK ).index;
  }

  /**| MASK ;
    return addConstantClass( MASK ).index;
  }

  /**
   * Adds a| MASK );
  }

  /**
   * Adds a CONSTANT_Utf8_info to the constant pool",
295,otherLat,lat2,False,11,lat2|lat2|lat2|lat2|MASK|MASK|MASK|lat2|MASK|MASK|MASK,"lat2 = randomLat();
        final double lon2 = randomLon();

        assertEquals(GeoUtils","lat2 = randomLat();
        final double lon2 = randomLon();

        assertEquals(GeoUtils|lat2, otherLon) / 1000d, script.arcDistance(lat| lat2, otherLon) / 1000d, 0.01);| lat2, otherLon) / 1000d,
            script.arcDistanceWithDefault|[MASK], otherLon, 42) / 1000d,
           |MASK, otherLon, 42), 0);

        assertEquals(GeoUtils.arcDistance|[MASK], otherLon) / 1000d, script.planeDistance(| lat2, otherLon) / 1000d, 0.01);|MASK, otherLon) / 1000d,
            script.planeDistanceWithDefault(|[MASK], otherLon, 42) / 1000d,
           | MASK, otherLon, 42), 0);

        assertEquals(GeoUtils.arcDistance",
296,destBitmap,Ref,False,14,Ref|MASK|Ref|Ref|bitmap|bitmap|MASK|bitmap|MASK|}.|Bitmap|MASK|MASK|MASK," Ref =
        bitmapFactory.createBitmapInternal(
            sourceBitmap.getWidth(),
            sourceBitmap."," Ref =
        bitmapFactory.createBitmapInternal(
            sourceBitmap.getWidth(),
            sourceBitmap.| [MASK], sourceBitmap);
      return  [MASK] Ref.clone();
    } finally|Ref;
    } finally {
      CloseableReference.closeSafely(Ref);
    }| Ref);
    }
  }

  /**
   * Clients should override this method only if the post-|bitmap the destination bitmap to be used as output
   * @param sourceBitmap the source bitmap to be|bitmap, Bitmap sourceBitmap) {
    internalCopyBitmap(bitmap, sourceBitmap);
    process(| [MASK]<file_sep><fim_prefix><fim_suffix>e.
 */

package com.facebook.imagepipeline.|bitmap);
  }

  /**
   * Clients should override this method if the post-processing can be|[MASK] }.
   *
   * <p>The implementation uses the native code if {@link|}.
   *
   * <p>This method is used by the default implementation of {@link #|, Bitmap sourceBitmap) {
    if (NativeCodeSetup.getUseNativeCode() && |MASK.getConfig() == sourceBitmap.getConfig()) {
      if (sCopyBitmap == null)|MASK, sourceBitmap);
        return;
      } catch (ClassNotFoundException e) {
        throw new| MASK );
    canvas.drawBitmap(sourceBitmap, 0, 0, null);
 ",
297,fieldName,field,False,4,field|field|field|field,"field) {
            if (filteredNames.contains(field) == false) {
                throw new","field) {
            if (filteredNames.contains(field) == false) {
                throw new|field) == false) {
                throw new IllegalArgumentException(
                    ""The field named '"" + field +|field
                        + ""' is not accessible in the current ""
                        + ""merge context, available ones are| field );
        }

        @Override
        public FieldInfo fieldInfo(int fieldNumber) {
           ",
298,executionServer,Registry,False,43,Registry|MASK|MASK|MASK|MASK|MASK|assertThat|outputServiceService|e|MASK|MASK|MASK|assertThat|MASK|cacheServer|cacheServer|MASK|MASK|MASK|start|MASK|e|awaitTermination|MASK|MASK|MASK|start|RemoteActionContextProvider||private|MASK|=|);|}|src|remoteOptions|MASK|=|);|assertThat|awaitTermination|shutdownNow|}," Registry = new MutableHandlerRegistry();
    for (BindableService service : services) {
       ["," Registry = new MutableHandlerRegistry();
    for (BindableService service : services) {
       [|  [MASK]  = service;
    }
    return InProcessServerBuilder.forName(server|MASK);
  }

  private static Server createFakeServer(String serverName, BindableService...| MASK = new CapabilitiesImpl(EXEC_AND_CACHE_CAPS);
    Server  [MASK| MASK CapabilitiesImpl = new CapabilitiesImpl(EXEC_AND_CACHE_CAPS);
    Server| MASK CapabilitiesImpl);
     [MASK].start();

    try {
      remoteOptions.remote| assertThat(env.getIdleTasks()).hasSize(1);
      assertThat(env.getIdle| outputServiceService.shutdownNow();
      outputServiceService.awaitTermination();
    }
  }

 |<file_sep><fim_prefix><fim_suffix>e.

<pre class=""prettyprint lang-py"">
<a| MASK = new CapabilitiesImpl(EXEC_AND_CACHE_CAPS);
    Server  MASK | [MASK] CapabilitiesImpl = new CapabilitiesImpl(EXEC_AND_CACHE_CAPS);| MASK CapabilitiesImpl);
     [MASK].start();

    try {
      remoteOptions.remote| assertThat(env.getIdleTasks().get(0)).isInstanceOf(DiskCacheGarbageCollectorIdle| [MASK] CapabilitiesImpl.getRequestCount()).isEqualTo(1);
      assertThat(cacheServerCapabilities| cacheServer.shutdownNow();
      cacheServer.awaitTermination();
    }
  }

  @Test|cacheServer.awaitTermination();
    }
  }

  @Test
  public void testVerifyCapabilities_| [MASK] CapabilitiesImpl = new CapabilitiesImpl(EXEC_AND_CACHE_CAPS);| MASK CapabilitiesImpl = new CapabilitiesImpl(EXEC_AND_CACHE_CAPS);
    Server| MASK CapabilitiesImpl);
     [MASK].start();

    try {
      remoteOptions.remote|.start();

    CapabilitiesImpl cacheServerCapabilitiesImpl = new CapabilitiesImpl(CACHE_ONLY| [MASK] CapabilitiesImpl.getRequestCount()).isEqualTo(1);
      assertThat(cacheServerCapabilities|<file_sep><fim_prefix><fim_suffix>e.

<pre class=""prettyprint lang-bsh"">
$|.awaitTermination();
      cacheServer.awaitTermination();
    }
  }

  @Test
  public| MASK CapabilitiesImpl = new CapabilitiesImpl(EXEC_ONLY_CAPS);
    Server  MASK| MASK CapabilitiesImpl = new CapabilitiesImpl(CACHE_ONLY_CAPS);
    Server  MASK| MASK CapabilitiesImpl);
     start.start();

    CapabilitiesImpl cacheServerCapabilitiesImpl = new|.start();

    CapabilitiesImpl cacheServerCapabilitiesImpl = new CapabilitiesImpl(CACHE_ONLY|(RemoteActionContextProvider) remoteModule.getActionContextProvider())
         .isEqualTo(actionContextProvider|
  @Test
  public void testVerifyCapabilities_executionOnlyAndCacheOnlyEndpoints() throws Exception {| private void beforeCommand() throws IOException, AbruptExitException {
    CommandEnvironment env = create|  [MASK] CapabilitiesImpl = new CapabilitiesImpl(EXEC_AND_CACHE_CAPS|  =
        createFakeServer(EXECUTION_SERVER_NAME,  [MASK] Capabilities|);

    try {
      remoteOptions.remoteCache = CACHE_SERVER_NAME;
      remoteOptions| }
  }

  @Test
  public void testVerifyCapabilities_executionAndCacheForDifferentEndpoints()| <file_sep>/src/main/java/com/google/devtools/build/lib/analysis| remoteOptions.diskCacheGcMaxSize = 1234567890L|  MASK CapabilitiesImpl = new CapabilitiesImpl(EXEC_AND_CACHE_CAPS);
   |  =
        createFakeServer(EXECUTION_SERVER_NAME,  [MASK] Capabilities|);
     start.start();

    try {
      remoteOptions.remoteExecutor = EXECUTION_SERVER| assertThat(circuitBreaker).isInstanceOf(FailureCircuitBreaker.class);
    }
    if (remoteOptions|].awaitTermination();
    }
  }

  @Test
  public void testVerifyCapabilities_execution| .shutdownNow();
      .awaitTermination();
    }
  }

  @Test
  public void| }
  }

  @Test
  public void testVerifyCapabilities_executionAndCacheForDifferentEndpointsWith",
299,support,handler,False,4,handler|xctxt|xctxt|avoid,"handler SerializationHandler to which the attributes are added.
     * @param  [MASK]
     *","handler SerializationHandler to which the attributes are added.
     * @param  [MASK]
     *|xctxt)
        throws org.xml.sax.SAXException
    {

        int doc = obj|xctxt.getDTMManager().getDTM(doc);

        if (null!= d|avoid a lot of namespace processing,
     * we only copy the <KBD>xmlns:</K",
300,fillIn,MASK,False,3,MASK|MASK|MASK,"  [MASK], int offset){
        int length = replaceable.length();
        if(","  [MASK], int offset){
        int length = replaceable.length();
        if(|MASK.length){
            throw new IndexOutOfBoundsException(Integer.toString(length));
        }
        replace| MASK,offset);
        return length;
    }

    @Override
    public int getText(char[]",
301,chain,MASK,False,12,MASK|MASK|MASK|MASK|ResourceTransformer|MASK|MASK|MASK|MASK|MASK|MASK|MASK," [MASK]<file_sep><fim_prefix>/*
 * Copyright 2002-2023 the"," [MASK]<file_sep><fim_prefix>/*
 * Copyright 2002-2023 the|[MASK].transformer;
		this.nextChain =  [MASK].nextChain| MASK.transformer!= null?  MASK<file_sep><fim_prefix><fim_suffix>e.
 */

package org.|[MASK]  = new DefaultResourceTransformerChain(resolverChain, null, null);
		|ResourceTransformer transformer = it.previous();
			if (transformer instanceof ResourceTransformerChain) {
			|[MASK] );
		}
		return  [MASK] ;
	}

	| MASK ;
	}

	private DefaultResourceTransformerChain(ResourceResolverChain resolverChain,
		|[MASK] ) {

		this(resolverChain, transformer,  [MASK]<file_sep><fim_prefix>|[MASK]  == null) || (transformer!= null &&  [MASK] != null|MASK != null),
				""Both transformer and transformer  [MASK]  must be null|MASK  must be null, or neither is"");

		this.resolverChain = resolverChain;|MASK ;
	}


	@Override
	public ResourceTransformer getTransformer() {
		",
302,composableTemplates,e,False,3,e|}|e," <file_sep><fim_prefix><fim_suffix>e.xpack.core.security.authc.Authentication;
import"," <file_sep><fim_prefix><fim_suffix>e.xpack.core.security.authc.Authentication;
import| }

        Map<String, ComposableIndexTemplate>  e  = new HashMap<>();
        for|e  )
           .build();
        return ClusterState.builder(new ClusterName(""test""))",
303,indexName,indexName,True,2,indexName|synonymId,"indexName
   <file_sep>/server/src/main/java/org/elasticsearch/index/mapper","indexName
   <file_sep>/server/src/main/java/org/elasticsearch/index/mapper|synonymId, indexName<file_sep>/*
 * Copyright Elasticsearch B.V. and/or licensed",
304,reader,reader,True,4,reader|reader|reader|reader,"reader = context.reader();
        FieldInfo info = reader.getFieldInfos().fieldInfo(fieldName","reader = context.reader();
        FieldInfo info = reader.getFieldInfos().fieldInfo(fieldName|reader;
        String fieldName =  [MASK].getFieldName<file_sep><fim_prefix><fim_suffix>e.
 */|reader .getMetaData()<file_sep>/*
 * Copyright Elasticsearch B.V. and/or licensed|reader, fieldName, toScriptFieldFactory);
    }

    @Override
    public LeafShapeFieldData",
305,found,MASK,False,4,MASK|DnsRecordType|assertSame|);,"[MASK]  = DnsRecordType.valueOf(t.intValue());
            assertSame(t","[MASK]  = DnsRecordType.valueOf(t.intValue());
            assertSame(t|DnsRecordType.find(t.intValue()));
            assertSame(t,  DnsRecordType|   assertSame(t,  [MASK], t.intValue());
            assertSame(t, |);
            assertSame(t, DnsRecordType.valueOf(t.name().toLowerCase()));
           ",
306,libraryClassPool,libraryClassPool,True,4,libraryClassPool|libraryClassPool|programClassPool|libraryClassPool,"libraryClassPool the library class pool
     */
    public void finishEditing(ClassPool programClassPool","libraryClassPool the library class pool
     */
    public void finishEditing(ClassPool programClassPool|libraryClassPool)
    {
        finishEditing();

        // Initialize all references to/from the edited|programClassPool, libraryClassPool, null, null).visitProgramClass(programClass);
           |libraryClassPool, null, null).visitProgramClass(programClass);
        new ClassReferenceInitializer",
307,numHeaders,numHeaders,True,2,numHeaders|numHeaders,"numHeaders = between(0, 5);
        List<Header> headers = new ArrayList<>();","numHeaders = between(0, 5);
        List<Header> headers = new ArrayList<>();|numHeaders; i++) {
            Header header = new RequestOptions.ReqHeader(randomAsciiAl",
308,criticalSettingName,settingName,False,4,"settingName|,|,|s"," settingName = ""foo.bar"";
        final String settingValue = ""blat"";
        final"," settingName = ""foo.bar"";
        final String settingValue = ""blat"";
        final|"",
        reason = ""to ensure we log INFO-level messages from IndexScopedSettings""
    )|,
        reason = ""to ensure we log INFO-level messages from IndexScopedSettings""
    )|(s) -> Setting.simpleString(s, Property.NodeScope, Property.Dynamic)",
309,error,e,False,2,e|e,"e) {
    UncheckedThrowingFuture<V> future = new UncheckedThrowingFuture","e) {
    UncheckedThrowingFuture<V> future = new UncheckedThrowingFuture|e ));
    return future;
  }

  public static <V> ListenableFuture<V>",
310,weeks,weeks,True,31,weeks|the|the|weeks|1)|the|weeks|computed|see||WEEK_BASED_YEAR_RANGE|ValueRange||InFirstWeek|newYearWeek|for|unchecked|put|Math|MASK|jre_emul|Math|Math|MASK|int|MASK|int|WEEK_OF_YEAR_RANGE|MASK||of," 53 weeks of 52
 * days each.
 *
 * <p>"," 53 weeks of 52
 * days each.
 *
 * <p>| the first day-of-week occurs in
 * the same week as the first day-of|the  never overlap a year
 * boundary. The year is divided into periods where each period starts|weeks may contain days from the previous calendar year or next calendar year respectively.
 *
 *| 1)
// querying week-of-month or week-of-year should return the|the ISO
     * year-week calendar system.
     * <p>
     * The ISO-|weeks.
     * <p>
     * The week-based-year and week-of| * computed based on a WeekFields.
         * @see WeekFields#weekOfWeekBasedYear()| * @see WeekFields#weekOfWeekBasedYear()
         */
        static ComputedDayOfField|
        }

        /**
         * Returns a field providing access to the day-of-week within the|WEEK_BASED_YEAR_RANGE = ValueRange.of(0, 1, | ValueRange.of(0, 1, 52, 54);
        private|
                return year - 1;
            } else if (week == weekDef.getMinimalDays|InFirstWeek());
                if (week >= newYearWeek) {
                    // Day is in start| newYearWeek) {
                    // Day is in start of week of next year; return the next| for the day of week and day of month.
         *
         * @param offset  an offset|(""unchecked"")
        @Override
        public <R extends Temporal> R adjustInto(R temporal|put(DAY_OF_WEEK, isoDow);
            } else if (rangeUnit ==|  = Math.subtractExact(wom, 1);
                int days = localDow| [MASK], 7), days), DAYS);
            } else {
                int monthValid| <file_sep>/jre_emul/android/platform/external/icu/android_icu4|, Math.multiplyExact(<file_sep>/jre_emul/android/platform/external/icu|  = Math.subtractExact(woy, localizedWeekOfYear(date));
                int days =|  MASK, 7), days), DAYS);
            } else {
                int womInt|  = (int) (womInt - localizedWeekOfYear(date));  // safe from|,  [MASK]  * 7 + days, DAYS);
                if (resolverStyle|  = (int) (womInt - localizedWeekOfYear(date));  // safe from|, WEEK_OF_YEAR_RANGE);
            } else if (rangeUnit == WEEK| [MASK].
         */
        private ValueRange rangeWeekOfWeekBasedYear(TemporalAccessor temporal)|
         */
        private ValueRange rangeWeekOfWeekBasedYear(TemporalAccessor temporal) {
            if (!|  of following year; recompute from a week in following year
                ChronoLocalDate date = Ch",
311,attachments,MASK,False,2,MASK|MASK,"[MASK], int x, int y, int width,
		int height);

	","[MASK], int x, int y, int width,
		int height);

	|MASK, int x, int y, int width, int height);

	public native void gl",
312,authnState,/*,False,2,/*|); */," <file_sep>/*
 * Copyright Elasticsearch B.V. and/or licensed to Elasticsearch B.V"," <file_sep>/*
 * Copyright Elasticsearch B.V. and/or licensed to Elasticsearch B.V|); */
            state = new SamlAuthenticationState();
        XContentParser.Token token;
       ",
313,params,MASK,False,12,"MASK|MASK|MASK|MASK|MASK|MASK|SecureRandom|MASK|MASK|,|MASK|random",  [MASK]<file_sep>/jre_emul/android/platform/libcore/ojl,"  [MASK]<file_sep>/jre_emul/android/platform/libcore/ojl| MASK, random);
        }
    }

    private void chooseProvider(int initType, Key key|  [MASK]<file_sep>/jre_emul/android/platform/libcore/ojl| MASK, random);
                return;
            }
            Exception lastException = null;
            // Android-| MASK, random);
                    provider = s.getProvider();
                    this.spi = spi;
                   | MASK  the key agreement parameters
     * @param random the source of randomness
     *
     *|, SecureRandom random)
        throws InvalidKeyException, InvalidAlgorithmParameterException
    {
        if (| MASK, random);
    }

    /**
     * Initializes this key agreement with the given key and set| MASK  the source of randomness
     *
     * @exception InvalidKeyException if the given key|,
                           SecureRandom random)
        throws InvalidKeyException, InvalidAlgorithmParameterException
    {
        if| MASK, random);
        } else {
            chooseProvider(I_PARAMS, key,  MASK| random);
        }

        // Android-removed: this debugging mechanism is not used in Android.
       ",
314,instance,instance,True,3,instance|randomValueOtherThan|instance,"instance) throws IOException {
        return new SpatialCentroid(
            instance.source(),
            randomValue","instance) throws IOException {
        return new SpatialCentroid(
            instance.source(),
            randomValue|   randomValueOtherThan( [MASK]<file_sep><fim_prefix><fim_suffix>e.xpack.esql.|instance.field(), AbstractExpressionSerializationTests::randomChild)
        );
    }

    @Override
   ",
315,field,MASK,False,3,MASK|);|MASK, [MASK]<file_sep>/dubbo-common/src/main/java/org/apache/dubbo," [MASK]<file_sep>/dubbo-common/src/main/java/org/apache/dubbo|);
                    Object obj =  [MASK].get(env);
                    Map<String, String|  MASK.get(env);
                    Map<String, String> map = (Map<String",
316,groupEnd,groupEnd,True,12,groupEnd|groupEnd|groupEnd|groupEnd|MASK|MASK|MASK|MASK|MASK|MASK|MASK|MASK,"groupEnd = groupStart + groups.getValueCount(groupPosition);
      for (int g =","groupEnd = groupStart + groups.getValueCount(groupPosition);
      for (int g =|groupEnd; g++) {
        int groupId = groups.getInt(g);
        int valueStart|groupEnd  = groupStart + groups.getValueCount(groupPosition);
      for (int g|groupEnd ; g++) {
        int groupId = groups.getInt(g);
        BytesRef value| [MASK]  = groupStart + groups.getValueCount(groupPosition);
      for (int|MASK ; g++) {
        int groupId = groups.getInt(g);
        int valuesPosition =|[MASK]  = groupStart + groups.getValueCount(groupPosition);
      for (int|MASK ; g++) {
        int groupId = groups.getInt(g);
        int valueStart =|MASK  = groupStart + groups.getValueCount(groupPosition);
      for (int g =|MASK ; g++) {
        int groupId = groups.getInt(g);
        int valuesPosition =|MASK  = groupStart + groups.getValueCount(groupPosition);
      for (int g =|MASK ; g++) {
        int groupId = groups.getInt(g);
        int valuesPosition =",
317,foobarRelative,subFragment,False,21,subFragment|false|create|{|> 0) {|Fragment|MASK|Fragment|foo|contains|contains|create|contains|contains|create|dir1|||create|containsUplevelReferences|pathFragment,".subFragment(0, 0).getPathString()).isEqualTo(""."");
    assertThat(create(""",".subFragment(0, 0).getPathString()).isEqualTo(""."");
    assertThat(create(""|false
    assertThat(create(""a/b"").startsWith(create(""a/b/c""))|(create(""a/b/c"").startsWith(create(""a/b""))).isFalse();| {
    assertThat(create(pathFragmentString).getDriveStr()).isEqualTo(pathFragmentString);|> 0) {
      return 1;
    } else {
      return -1;
   |Fragment> paths = toPaths(pathFragmentStrings);
    for (PathFragment path : paths)|MASK] )).isTrue();
    assertThat(create(unicodeToInternal(""ÄÖÜ/|Fragment foobar = create(""/foo/bar"");
    PathFragment  subFragment  = create(""|/foo/bar/baz"", ""/a/path/fragment/with/lots/of/|.contains(create(""a"")));
    assertThat(path.contains(create(""a/b"")));|.contains(create(""a"")));
    assertThat(create(""a"").contains(create(""a"")));|(), create(""a/b/c""));
    assertThat(create(""a/b/c"").|.contains(create(""a"")));
    assertThat(path.contains(create(""a/b"")));|.contains(create(""a"")));
    assertThat(create(""a"").contains(create(""a"")));|  = create(""foo/bar"");

    // (path, prefix) => true
    assertThat(|/dir1/dir2/../file"");

    assertThat(pathFragment.containsUplevelReferences()).|
  public void testEquals() {
    PathFragment foobar = create(""/foo/bar"");
   |
  }

  @Test
  public void testCheckAllPathsAreUnder() {
    // Check passes|, create(""foo/bar/baz""));
    assertThat(pathFragment.containsUplevelReferences()).|.containsUplevelReferences()).isFalse();
    assertThat(pathFragment.getPathString()).isEqualTo(""/dir|(pathFragment.containsUplevelReferences()).isFalse();
    assertThat(pathFragment.getPathString()).",
318,atlasFilename,MASK,False,5,MASK|MASK|MASK|MASK|MASK," [MASK] ;
	String  [MASK] ;
	String  [MASK] ;"," [MASK] ;
	String  [MASK] ;
	String  [MASK] ;| [MASK], String  [MASK] ) {
		setAtlas(atlas,  [|MASK  =  MASK ;
	}

	public TextureAtlas getAtlas () {
		|MASK ;
	}

	public TextureAtlas getAtlas () {
		return atlas;
|MASK ;
	}

	public TextureAtlas getAtlas () {
		return atlas;
",
319,context,context,True,6,context|MASK|context|MASK|context|MASK,"context, Dependency<?> dependency, boolean linked) {
              throw new AssertionError();
            }

            @Override","context, Dependency<?> dependency, boolean linked) {
              throw new AssertionError();
            }

            @Override|[MASK], boolean linked) {
            return makeCachable(
                MethodHandles.drop|  context<file_sep>/extensions/servletmodule/src/test/java/com/google/inject|MASK, boolean linked) {
        return makeCachable(
            MethodHandles.dropArguments(|context, Dependency<?> dependency, boolean linked)
              throws InternalProvisionException {
            throw new AssertionError();| MASK, boolean linked) {
            return makeCachable(
                MethodHandles.dropArguments(",
320,decimalsBlock,MASK,False,8,MASK|MASK|MASK|MASK|MASK|MASK|MASK|MASK," [MASK]  = (LongBlock) decimals.eval(page)) {
        DoubleVector val"," [MASK]  = (LongBlock) decimals.eval(page)) {
        DoubleVector val| [MASK] );
        }
        LongVector  [MASK]  =  [MASK].| MASK.asVector();
        if (decimalsVector == null) {
          return eval(page.|MASK );
        }
        if (valVector.size()!= decimalsVector.size()) {
         |MASK ) {
    try(DoubleBlock.Builder result = driverContext.blockFactory().newDouble| MASK.getValueCount(p)) {
          case 0:
              result.appendNull();
             |MASK.getLong( MASK.getFirstValueIndex(p));
        result.appendDouble(Round.| MASK.getFirstValueIndex(p));
        result.appendDouble(Round.process(val,",
321,oldDescs,MASK,False,4,MASK|}|) {|);," [MASK] = new HashSet<>(newObjs);
        [MASK].removeAll(oldObjs);"," [MASK] = new HashSet<>(newObjs);
        [MASK].removeAll(oldObjs);| }
        }
    }

    private static <T> void copyAttributes(Element srcNode, Element|) {
                addedDescs.add(newDesc);
            }
        }
        return addedDes| );
        return sb.toString();
    }

    private static <T> String describeChanges(Collection",
322,lineNumberInfo,lineNumberInfo,True,7,lineNumberInfo|getSource|programClass|lineNumberInfo|lineNumberInfo|u2startPC|u2lineNumber," lineNumberInfo)
    {
        try
        {
            String newSource =  [MASK]."," lineNumberInfo)
    {
        try
        {
            String newSource =  [MASK].|.getSource()!= null?
                 [MASK].getSource() :
                source;

            LineNumber|   programClass.getName() + '.' +
                    programMethod.getName(programClass) +
                   |  lineNumberInfo.u2startPC,
                                            lineNumberInfo.u2lineNumber,
                                           new|  lineNumberInfo.u2lineNumber,
                                           newSource) :
                new LineNumberInfo(|.u2startPC,
                                    [MASK].u2lineNumber);

            minimumLineNumberIndex| u2lineNumber,
                                            newSource);

            minimumLineNumberIndex =
                codeAttributeComposer.insert",
323,headersBuilder,MASK,False,8,MASK|final|MASK|contents|MASK|MASK|MASK|MASK,"[MASK] = RequestHeaders.builder();
        headers.forEach( [MASK] ::add);","[MASK] = RequestHeaders.builder();
        headers.forEach( [MASK] ::add);|final RequestHeaders headers = headers.entrySet().stream()
                 [MASK].build();

        //|  [MASK]<file_sep>/scribejava-core/src/main/java/com/github|contents instanceof FileBody) {
                final FileBody fileBody = (FileBody) contents;
               | MASK.contentType(MediaType.PLAIN_TEXT_UTF_8);
            }

            if (contents|[MASK].build(), contents);
            } else {
                response = client.execute( [| MASK.build());
            }
        } else if (httpVerb == Verb.HEAD) {
           | MASK.build());
        }

        // Aggregate HTTP response (asynchronously) and return the result Future",
324,client,MASK,False,3,MASK|MASK|e,"      [MASK]<file_sep><fim_prefix><fim_suffix>e.
 */

package com.google.inject.","      [MASK]<file_sep><fim_prefix><fim_suffix>e.
 */

package com.google.inject.|   MASK.go();
    assertTrue(mock.isGone());
  }

  public void test|<file_sep><fim_prefix><fim_suffix>e.class).to(ServiceImpl.class).in(Scopes.SINGLETON);",
325,configuration,amqpContainer,False,17,amqpContainer|amqpContainer|amqpContainer|amqpContainer|amqpContainer|amqpContainer|amqpContainer|amqpContainer|amqpContainer|amqpContainer|amqpContainer|amqpContainer|amqpContainer|amqpContainer|amqpContainer|amqpContainer|amqpContainer,"amqpContainer) {
		configure(factory, connectionFactory);
		if (amqpContainer.","amqpContainer) {
		configure(factory, connectionFactory);
		if (amqpContainer.|amqpContainer, ""' [MASK]'must not be null"");
		factory.setConnectionFactory(|amqpContainer'must not be null"");
		factory.setConcurrentConsumers( [MASK]|amqpContainer.isAutoStartup());
		if ( [MASK].getAcknowledgeMode()|amqpContainer.getConcurrentConsumers()!= null) {
			factory.setConcurrentConsumers|amqpContainer.getAcknowledgeMode());
		}
		if ( amqpContainer.get|amqpContainer.getAdviceChain()!= null) {
			factory.setAdviceChain|amqpContainer.getPrefetch());
		}
		if ( amqpContainer.getPref|amqpContainer.getConsumerTagPrefix()!= null) {
			factory.setConsumerTagStrategy|amqpContainer<file_sep>/spring-boot-project/spring-boot-tools/spring-boot-|amqpContainer.getShutdownTimeout()!= null) {
			factory.setShutdownTimeout(amqp|amqpContainer<file_sep>/spring-boot-project/spring-boot-tools/spring-boot-|amqpContainer<file_sep>/spring-boot-project/spring-boot-tools/spring-boot-|amqpContainer<file_sep>/spring-boot-project/spring-boot-tools/spring-boot-|amqpContainer<file_sep>/spring-boot-project/spring-boot-tools/spring-boot-|amqpContainer<file_sep>/spring-boot-project/spring-boot-tools/spring-boot-|amqpContainer<file_sep>/spring-boot-project/spring-boot-tools/spring-boot-",
326,operator,MASK,False,10,MASK|MASK|parent|parent|parent|parent|parent|parent|parent|parent,"[MASK] s.mixed;

import static org.junit.Assert.*;

import","[MASK] s.mixed;

import static org.junit.Assert.*;

import|MASK s.mixed.FlowableConcatMapSingle;
import io.reactivex.rxjava3|parent =
                new ConcatMapSingleSubscriber<>(
                        ts, Functions.justFunction(Single.just|   parent.onSubscribe(new BooleanSubscription());

            parent.queue.offer(1);

           |parent.onNext(1);

        parent.onNext(2);

        parent.onNext(3);|parent.onSubscribe(new BooleanSubscription());

         parent.queue.offer(2);

         parent|parent.queue.isEmpty());

        parent.addAndGet(-2);

        parent.cancel();

       |parent.getAndIncrement();

        ts.cancel();

        assertTrue(parent.queue.isEmpty());|parent.dispose();

        assertTrue(parent.queue.isEmpty());
    }

    @Test
    public| parent.queue.isEmpty());
    }

    @Test
    public void cancelNoConcurrentCleanDelayError",
327,checkLicense,checkLicense,True,5,checkLicense|checkLicense|checkLicensee|checkLicense|checkLicensee,checkLicense    <file_sep><fim_prefix>/server/src/main/java/org/elasticsearch/search/,"checkLicense    <file_sep><fim_prefix>/server/src/main/java/org/elasticsearch/search/|checkLicense);
            task.dependsOn(checkNotice);
            task.dependsOn(checkModules|checkLicense<file_sep><fim_prefix><fim_suffix>e.get(0).get(""name"").getAsString().equals(""|checkLicense"", task -> {
            task.dependsOn(checkExtraction);
            String projectName = project|checkLicensee ;
    }

    private TaskProvider<Task> registerCheckModulesTask(Project project",
328,seekPoint,seekPoint,True,3,seekPoint|MASK|seekPoint,"seekPoint = new SeekPoint(seekTimeUs, seekPosition);
    return new SeekPoints(","seekPoint = new SeekPoint(seekTimeUs, seekPosition);
    return new SeekPoints(|[MASK], seekPoint);
    } else if (blockIndex == 0) {
     |seekPoint, secondSeekPoint);
    }
  }

  @Override
  public SeekPoints getSeek",
329,array,}.,False,175,"}.|MASK|of|contains|double|double|Note|MASK|of|MASK|MASK|MASK|MASK|MASK|MASK|between|,|MASK|of|of|MASK|MASK|MASK|MASK|end|MASK|MASK|MASK|of|MASK|MASK|MASK|MASK|MASK|MASK|MASK|MASK|of|MASK|MASK|MASK|MASK|MASK|MASK|length|MASKt|MASK|a|of|MASK|MASK|MASK|MASK|MASK|[0];|MASK|MASK|MASK|MASK|of|MASK|s|e|MASK|is|MASK|MASK|MASK|MASK|MASK|MASK|arraycopy|MASK|MASK|MASK|be|MASK|in|MASK|MASK|in|if|is|be|MASK|MASK|if|MASK|MASK|MASK|MASK|MASK|of|MASK|length|length|MASK|length|MASK|s|of|of||}|) {|null|) {||code|{|) {|length|MASK|length|MASK|is|) {|length|Double|length|String|code|distance|new|MASK|);|MASK|append|MASK|append||length|),|) {|fromIndex|length|in|but|toIndex|int|);|int|length|fromIndex|fromIndex|fromIndex|containing|containing|new|}|toString|of|the|ing|ingArray|) {|int|) {|) { ) {|append|;|Double|start|int|start|start|Double|asList|start|equals|get|Double|start|i|Double","}.
   *
   * @param  [MASK]  an  [MASK]  of {@","}.
   *
   * @param  [MASK]  an  [MASK]  of {@|  [MASK]  an  [MASK]  of {@code double} values, possibly empty|  of {@code double} values, possibly empty
   * @param target a primitive {@code double|} contains {@code target}
   */
  public static boolean contains(double[]  [MASK],|, double target) {
    return indexOf( [MASK], target)!= -1;
  }|  double ) {
      if (value == target) {
        return true;
      }
    }|}. Note
   * that this always returns {@code -1} when {@code target} is {@|  [MASK]  an  [MASK]  of {@code double} values, possibly empty| of {@code double} values, possibly empty
   * @param target a primitive {@code double}| [MASK] [i] == target}, or {@code -1} if no
   *    | [MASK], double target) {
    return indexOf( [MASK], target, 0, | [MASK], target, 0,  [MASK].length);
  }

  /**
   *|  [MASK].length);
  }

  // TODO(kevinb): consider making this public|  [MASK], int fromIndex, int toIndex) {
    checkNotNull( [MASK] );| [MASK] [i] == target) {
        return i;
      }
    }
    return|} between {@code start} inclusive and {@code end} exclusive.
   *
   * @param|,
   * start, end) is equal to {@code target}.
   *
   * @param|  [MASK]  an  [MASK]  of {@code double} values, possibly empty|  of {@code double} values, possibly empty
   * @param target a  [MASK]|  of {@code double} values
   * @return the start position of the first occurrence of the|  [MASK] }.
   *
   * <p>Note that this always returns {@code -|  MASK, double[] target) {
    checkNotNull( [MASK], "" [MASK] "");
   | [MASK] );
    checkNotNull(target);
    if (target.length == 0) {| MASK  is null"");
    if (target.length == 0) {
      return 0|end; i++) {
      if (compare( MASK [i], target[0])== | MASK [i] == target[j]) {
          continue outer;
        }
      }
      return| MASK,
   * starting at the specified {@code start} position and continuing backward.
   *
  |  MASK  an  of {@code double} values, possibly empty
   * @param target a| of {@code double} values, possibly empty
   * @param target a primitive {@code double}| MASK [i] == target}, or {@code -1} if no
   *     such index| MASK, double target) {
    return lastIndexOf( MASK, target, 0,  MASK| MASK, target, 0,  MASK.length);
  }

  // TODO(kevin| MASK.length);
  }

  // TODO(kevinb): consider making this public
  private| MASK, double target, int start, int end) {
    for (int i = end -| MASK [i] == target) {
        return i;
      }
    }
    return -1|  MASK } using the same rules of comparison as {@link
   * Math#min(double,|  [MASK]  a <i>nonempty</i>  [MASK]  of| of {@code double} values
   * @return the least value present in {@code  MASK },|  MASK } that is less than or equal to every other value in
   *     the  MASK|  MASK 
   * @throws IllegalArgumentException if {@code  MASK } is empty
   */
  @G|  [MASK] } is empty
   */
  @GwtIncompatible(
      ""Available in| [MASK]<file_sep><fim_prefix><fim_suffix>e.
   *
   * @param value the value to be converted| MASK.length > 0);
    double min =  MASK [0];
    for (int| MASK [0];
    for (int i = 1; i <  MASK.length;|.length; i++) {
      min = Math.min(min,  [MASK] [| MASK<file_sep><fim_prefix><fim_suffix>t.
   *
   * @param value the value to be converted
   *|  MASK }, using the same rules of comparison as
   * {@link Math#max(double,|  a <i>nonempty</i>  of {@code double} values
   * @| of {@code double} values
   * @return the value present in {@code  MASK } that|  MASK } that is greater than or equal to every other value
   *     in the  MASK|  MASK 
   * @throws IllegalArgumentException if {@code  MASK } is empty
   */
  @G| MASK } is empty
   */
  @GwtIncompatible(
      ""Available in GWT!| [MASK] ) {
    checkArgument( [MASK].length > 0);
    double min| MASK.length > 0);
    double max =  MASK [0];
    for (int| [0];
    for (int i = 1; i <  length.length; i| MASK.length; i++) {
      max = Math.max(max,  MASK [i| MASK [i]);
    }
    return max;
  }

  /**
   * Returns the sum of|   [MASK] s, in order. For example, {@code
   * concat(new double|  [MASK]  containing all the
   * values from each provided  [MASK]  in| of  [MASK]  {a, b, c}}.
   *
   * @param |  [MASK]  s
   * @return a list view of the  [MASK] | s
   * @return a list view of the  [MASK] s
   * @since |<file_sep><fim_prefix><fim_suffix>e.
   *
   * @param value the value to be converted
   * @|  [MASK] s, in order
   * @throws IllegalArgumentException if the total number of elements in|} is
   *     negative
   * @return a single  e  containing all the values from|  [MASK] s) {
    int totalLength = 0;
    for (double[]|:  [MASK] ) {
      length +=  [MASK].length;
    }
    if|MASK s) {
      length +=  [MASK].length;
    }
    double[] result =| [MASK].length;
    }
    double[] result = new double[checkNoOverflow(length| :  [MASK] s) {
      System. [MASK] copy( [MASK], | MASK s) {
      System. [MASK] copy( [MASK], 0, result,|arraycopy( [MASK], 0, result, pos,  [MASK].length);
      pos| [MASK], 0, result, pos,  [MASK].length);
      pos += |MASK].length);
    }
    return result;
  }

  /**
   * Returns a fixed-| MASK.length;
    }
    return result;
  }

  /**
   * Returns a fixed-| be s} does not fit in an int"",
        result);
    return (int) result;|  [MASK]  containing the same values as {@code collection}, converted to a {@code double|} in the same order.
   *
   * @param  [MASK]  the source |  [MASK]  is shorter than {@code minLength}, it is padded with zeroes
  |  [MASK]  is returned, containing the same values as {@code  [MASK] },|  in }, and zeroes in the remaining places.
   *
   * @param  [MASK| 0 if the list is empty
   * @throws IndexOutOfBoundsException if {@code fromIndex < | is null, an empty  is returned
   * @return a  containing the values of {@code| be at least
   * @return a single  [MASK]  containing all the values from the| MASK  by if growth is necessary
   * @throws IllegalArgumentException if {@code minLength} or {@|}  [MASK]  containing the same values as {@code  in }, but guaranteed to be|} if {@code  MASK } already has a length of at least {@code
   * minLength| [MASK], int minLength, int padding) {
    checkArgument(minLength >= |[MASK].length == 0)? Collections.emptyList() : new DoubleArrayAsList( [|MASK, minLength + padding) :  [MASK] ;
  }

  /**
   * Returns| [MASK] ;
  }

  /**
   * Returns a fixed-size list backed by the specified|  [MASK]  of {@code double} values, possibly empty
   * @return a string| of {@code double} values, possibly empty
   */
  public static String join(String separator,| [MASK] ) {
    checkNotNull(separator);
    if ( [MASK].length == 0|.length == 0) {
      return """";
    }

    StringBuilder builder = new StringBuilder( [|.length * 12);
    builder.append( [MASK] [0]);
    for|[MASK] [0]);
    for (int i = 1; i <  [MASK|.length; i++) {
      if (i > 0) {
        builder.append(| MASK [i]);
    }
    return builder.toString();
  }

  /**
   * Returns a|s in the order they appear in the
   *  [MASK]. For example, {@code| of the values is greater than the other. For example, {@code [] < [1.0| of the
   * shorter  as the lesser. For example, {@code [] < [1|
   * {@link Arrays#equals(double[], double[])} does).
   *
   * <|}
   *
   * @param string the string representation of a {@code double} value
   *|) {
    return new DoubleArrayAsList( [MASK], start, end);
  }

 | null}
   * @throws NullPointerException if {@code string} is {@code null}
   * @|) {
    return new DoubleArrayAsList( [MASK], start, end);
  }

 |
   *     return false;
   *   }
   *   return true;
   * }
  | {@code fromIndex} inclusive and {@code toIndex}
   * exclusive in descending order.
  | {
    return new DoubleArrayAsList( [MASK] );
  }

  /**
   * Returns|) {
    checkNotNull( <file_sep><fim_prefix><fim_suffix>e.
   *
   * @param value the value|, 0,  .length);
  }

  /**
   * Sorts the elements of {@|( [MASK], fromIndex, toIndex);
    reverse(<file_sep><fim_prefix><fim_suffix>e.
  |.length);
    }

    @Override
    public boolean contains(@Nullable Object target) {
      if|[MASK], int fromIndex, int toIndex) {
    int size = size();
   |} is as thread-safe as calling that method.
   *
   * @param  [MASK|) {
    return new DoubleArrayAsList(backingArray);
  }

  /**
   *|.length; i++) {
      if ( [MASK] [i]!= that. [MASK|(Double) object);
    }

    @Override
    public int hashCode() {
      return Double.|, 0,  .length);
  }

  /**
   * Returns the index of the first|(String)} for prevalidating
   * inputs.
   *
   * @param string the string| {@code Double.parseDouble(string)}
   *     throws an exception, or if {@code string| ""distance"" may be negative, which will rotate left.
   *
   * @param string the| = new DoubleArrayAsList( [MASK], 0,  [MASK].length|, 0,  [MASK].length);
  }

  /**
   * Returns a fixed|);
    Arrays.sort( [MASK], fromIndex, toIndex);
    reverse( length|( [MASK], fromIndex, toIndex);
    }

    @Override
    public boolean equals|.append( [MASK] [i]);
    }
    return builder.append(']').toString();|( [MASK] [i]);
    }
    return result;
  }

  /**
   * Returns|.append( [MASK] [i]);
    }
    return builder.append(']').toString();|
   *     to primitives
   *
   * <p>This implementation is likely to be faster than|.length}.
   *
   * <p>The provided ""distance"" may be negative, which|),
   * distance)}, but is considerably faster and avoids allocation and garbage collection.
   *
  |) {
    checkNotNull( [MASK] );
    checkPositionIndex(index,  [MASK]|, fromIndex, toIndex);
  }

  /**
   * Returns the index of the first occurrence|.length);
  }

  /**
   * Performs a right rotation of {@code  [MASK]| } } in ascending order.
   *
   * <p>Note that this method uses the total|)}, but is considerably faster and avoids allocation and garbage collection.
   *
   * @param | toIndex}
   * exclusive. This is equivalent to {@code Collections.reverse(Ints.asList|, int fromIndex, int toIndex) {
    checkNotNull( [MASK] );
    checkPosition|);
    checkPositionIndexes(fromIndex, toIndex,  length.length);
    if (|, int fromIndex, int toIndex) {
    checkNotNull( ); );
    checkPositionIndexes(|.length <= 1) {
      return;
    }

    int length = toIndex - from|, fromIndex, toIndex);
    reverse( [MASK], fromIndex, toIndex);|, fromIndex, toIndex);
    reverse( [MASK]<file_sep>/src/main/java|, fromIndex, toIndex);
  }

  /**
   * Returns a fixed-size list backed| containing each value of {@code collection}, converted to a {@code double}
   * value in the| containing the same values as {@code collection}, in the same order, converted
   *     to primitives| = new double[len];
    for (int i = 0; i < len; i| }
    }
    return  [MASK] ;
  }

  /**
   * Returns a fixed-|.toString();
  }

  /**
   * Returns a fixed-size list backed by the specified | of {@code Double} values, converted to a {@code double}
   * value in the manner| the   of  of  of  of  of  of  of  of  of |ing the same values as {@code collection}, in the same order, converted
   *     to primitives|ingArray;
    final int start;
    final int end;

    DoubleArrayAsList(double|) {
      this( [MASK], 0,  [MASK].length);
   |, int start, int end) {
      this. [MASK]  =  [MASK]|) {
      this( int, 0,  <file_sep>/src/main/java/com|) { ) {
    checkNotNull( ); );
    checkPositionIndexes(fromIndex, toIndex,|.append( [MASK] [i]);
    }
    return builder.toString();
  }

 | ;
      this.start = 0;
      this.end =  ;
    }

    Double|(Double) object);
    }

    @Override
    public Double get(int index) {
     |, start, end);
    }

    @Override
    public boolean contains(@Nullable Object target) {|, int start, int end) {
      this. append  =  ; ;
      this.|, start, end);
    }

    @Override
    public boolean contains(@Nullable Object target) {|, start, end);
    }

    @Override
    public Double get(int index) {
     |(Double) target, start, end);
    }

    @Override
    public Double set(int|.asList(Object[])} instead, which has an {@link ImmutableDoubleArray#asList asList|, start + fromIndex, start + toIndex);
    }

    @Override
    public boolean equals|.equals(that.)) {
          return false;
        }
      }
      return true;
   |.get(start + i)) {
            return false;
          }
        }
        return true;|(Double) target, start, end);
    }

    @Override
    public int indexOf(@Nullable|(start + i));
      }
      return builder.append(']').toString();
    }

    @| [i]);
      }
      return builder.append(']').toString();
    }

    @Override
   |(Double) object);
      }
      return false;
    }
    return super.equals(object",
330,content,MASK,False,6,MASK|MASK|MASK|MASK|MASK|MASK, [MASK]<file_sep>/spring-boot-project/spring-boot-tools/spring-boot," [MASK]<file_sep>/spring-boot-project/spring-boot-tools/spring-boot| MASK = relocation.transformContent( [MASK] );
		}
		return  [| MASK<file_sep>/spring-boot-project/spring-boot-tools/spring-boot-gradle| MASK<file_sep>/spring-boot-project/spring-boot-tools/spring-boot-gradle| MASK ) {
			return  [MASK].replaceAll(""\\b"" + this.pattern,| MASK .replaceAll(""\\b"" + this.pathPattern, this.pathDestination)
					",
331,options,MASK,False,12,MASK|MASK|MASK|MASK|MASK|MASK|MASK|MASK|MASK|MASK|MASK|MASK," [MASK]<file_sep><fim_prefix><fim_suffix>t.get(i);
      if (child instanceof ViewGroup) {"," [MASK]<file_sep><fim_prefix><fim_suffix>t.get(i);
      if (child instanceof ViewGroup) {| MASK = new Options();
    MASK.set(Option.DISALLOW_HARDWARE_CONFIG,|[MASK] ));
  }

  @Test
  public void testReturnsNullIfUrlIsEmpty() {|MASK ));
  }

  @Test
  public void testReturnsNullIfUrlIsBlank() {
   | MASK )))
       .thenReturn(new ModelLoader.LoadData<>(mock(Key.class), fetch|MASK )).fetcher);
  }

  @Test
  public void testReturnsUrlFromWrappedLoaderIf| MASK )))
       .thenReturn(new ModelLoader.LoadData<>(mock(Key.class), fetch|MASK ))
           .fetcher);
  }

  @Test
  public void testBuildsNewUrlIfNot|MASK );

    verify(modelCache).put(eq(model), eq(width), eq(| MASK )))
       .thenReturn(new ModelLoader.LoadData<>(mock(Key.class), fetch| MASK<file_sep>/library/src/main/java/com/bumptech/glide/load/| MASK<file_sep>/library/src/main/java/com/bumptech/glide/load/",
332,width,size,False,68,"size|actorArea|hKnobBounds|width|actorArea|width|actorArea|MASK|actorArea|= 0;|bgLeftWidth|.|MASK|MASK|0);|MASK|available|MASK|MASK|0);|, 0);|the|宽度，其中0是左边的滚动窗。 */|MASK|f|的高度。 */|。 */|actorArea|位置。 */|0);|0);|0, 0, 0);|高度。 */|系统。 */|MASK|的位置。 */|MASK|and|actor|system|MASK|Actor|0, 0, 0, 0, 0, 0, 0,|0, 0, 0, 0, 0, 0, 0,|he|MASK|if|if|MASK|if|0, 0, 0, 0, 0, 0, 0,|MASK|MASK|float|float|float|MASK|坐标系。 */|actorArea|坐标系。 */|= 0;|Math|Math|style|0;|of|= 0;|actorArea","size is larger than the size of this scroll pane,
 * it is set to the size of","size is larger than the size of this scroll pane,
 * it is set to the size of|actorArea. [MASK]  * (x < hKnobBounds.x? -1|hKnobBounds. [MASK] ) * actorArea. [MASK] ;
					set|width, scrollH);
					lastPoint.set(x, y);
				} else| actorArea  - hKnobBounds. [MASK] ;
					if (total!= |width ;
					if (total!= 0) setScrollPercentX((scrollH - h|actorArea. [MASK]  * 0.1f)) && //
				(!touch|[MASK]  > 0)) && //
				(!touchScrollV || (scrollY|actorArea.  / actorWidth)) && //
				(!touchScrollV || (scrollY| = 0;
		if (actor instanceof Layout)
			height = ((Layout)actor|  - bgLeftWidth - bgRightWidth, height - bgTopHeight - bgBottomHeight);|.
		float actorWidth, actorHeight;
		if (actor instanceof Layout) {
		|MASK]  - actor.getWidth();
		if (actor instanceof Layout)
			actorWidth|MASK]  = actor.getWidth();
		actorHeight = actor.getHeight();
	}|0);
		if (actor instanceof Layout) {
			((Layout)actor).validate();|MASK]  = Math.max(actorArea. [MASK]  - actorCullingArea| available space.
		if (actor instanceof Cullable) {
			actorCullingArea|MASK] ;
		if (scrollX) {
			if (hScrollKnob!=|MASK] ;
		if (style.hScrollKnob!= null) scrollbarWidth = style|0);
		if (style.hScrollKnob!= null) {
			float x|, 0);
		if (scrollY) {
			float y = actorArea.| the available space.
		if (scrollX) {
			if (hScrollKnob|宽度，其中0是左边的滚动窗。 */
	public float getScrollX|MASK  - hKnobBounds. [MASK] ;
	}

	/** Returns the|高度，其中0是顶部的滚动窗。 */  * 0.9f|的高度。 */
	public float getScrollPercentY () {
		return amountY /|。 */
	public float getScrollPercentX () {
		return amountX / maxX|宽度，其中0是左边的滚动窗。 */  * actorArea. [MASK|位置。 */
	public void setVisualScrollX (float pixels) {
		visualScroll|0);
				if (scrollY && scrollbarsOnTop) {
					hScrollBounds|0);
		if (scrollY) scrollY(MathUtils.clamp(amountY +|0, 0, 0);
		hKnobBounds.set(0, |高度。 */
	public void setScrollPercentY (float percentY) {
		scroll|系统。 */
	public void scrollTo (float x, float y, float  [MASK|MASK]  - actorArea. [MASK] ) / 2;
		else
			|的位置。 */
	public void setScrollX (float pixels) {
		scrollX|MASK]  - actorArea. [MASK] );
		scrollY(MathUtils.clamp|and/or vertically. */
	public boolean isScrollable () {
		return scroll|actor's coordinate system. */
	public void scrollTo (float x, float y, float|system. */
	public void setScrollX (boolean scrollX) {
		if (|MASK], actorArea.height);
	}

	/** Returns the x scroll position in pixels|Actor). */
	public void setScrollingDisabled (boolean x, boolean y) {
		|0, 0, 0, 0, 0, 0, 0,|0, 0, 0, 0, 0, 0, 0,|he scroll pane. */
	public void setScrollingDisabled (boolean x, boolean y) {|	 [MASK]  = Math.max( [MASK]  + style.hScrollKn|if (style.corner!= null) style.corner.draw(batch, x, y,|	if (style.hScrollKnob!= null) style.hScrollKnob.draw|MASK]  = actorArea. [MASK] ;
	}

	/** Returns the height|  if  = Math.max( [MASK], style.hScroll.getMinWidth());|0, 0, 0, 0, 0, 0, 0,|MASK]  * 0.9f, maxX * 0.1f) /| [MASK] );
	}

	/** Returns the x scroll position in pixels, where | 0, float height) {
		scrollTo(x, y,  [MASK],|, float  height) {
		scrollTo(x, y,  [MASK], height|, float  float, float height) {
		scrollTo(x, y,  float,| [MASK], actorArea.height);
		if (centerVertical)
			amountY|坐标系。 */
	public void scrollTo (float x, float y) {
		|  - actorArea. [MASK] );
		scrollX(MathUtils.clamp(amount|坐标系。 */
		float amountX = this.amountX;
		x = max|  = 0;
		if (style.hScrollKnob!= null)  [| = Math.max(height, style.hScroll.getMinHeight());
		return height;| = Math.max( [MASK], style.hScroll.getMinWidth());
		return|, style.hScroll.getMinWidth());
		return  [MASK] ;
	}| 0;
	}

	/** Returns the  [MASK]  of the scrolled|  of the scrolled viewport. */
	public float getScrollWidth () {
		return|  = 0;
		if (style.hScrollKnob!= null)  Math|, actorArea.height)) {
			drawDebugChildren(shapes);
			shapes.flush",
333,orientation,result,False,4,result|orientation|orientation|orientation,"result from the first of {@code parsers} that returns something other than {@link
   * ImageHeader","result from the first of {@code parsers} that returns something other than {@link
   * ImageHeader|orientation = reader.getOrientationAndRewind(parser);
      if (orientation!= ImageHeaderParser| orientation<file_sep>/library/test/src/test/java/com/bumptech/glide/|orientation;
      }
    }

    return ImageHeaderParser.UNKNOWN_ORIENTATION;
  }

 ",
334,totalBytes,totalBytes,True,5,totalBytes|totalBytes|MASK|MASK|MASK,"  totalBytes      = ByteSizeValue.ofBytes(usage.totalBytes());
        ByteSize","  totalBytes      = ByteSizeValue.ofBytes(usage.totalBytes());
        ByteSize|totalBytes());
        ByteSizeValue  freeBytes   = ByteSizeValue.ofBytes(usage|[MASK]<file_sep>/*
 * Copyright Elasticsearch B.V. and/or licensed to Elasticsearch B|MASK ).getBytes();
        if (usage.freeBytes() < floodStageThreshold) {
           |MASK ).getBytes();
        if (usage.freeBytes() < highThreshold) {
            if (",
335,mockClient,getTaskInfoListOfOne,False,8,getTaskInfoListOfOne|mockListTasksClient|mockListTasksClient|mockListTasksClient|mockClient|mockClient|mockClient|mockClient,"getTaskInfoListOfOne;
import static org.elasticsearch.xpack.ml.utils.","getTaskInfoListOfOne;
import static org.elasticsearch.xpack.ml.utils.|mockListTasksClient(threadPool);
        prepareGetTrainedModelResponse(client, Collections.|mockListTasksClient<file_sep>/x-pack/plugin/core/src/main/java/|mockListTasksClient<file_sep>/x-pack/plugin/core/src/main/java/|mockClient<file_sep>/x-pack/plugin/core/src/main/java/org/|mockClient<file_sep>/x-pack/plugin/core/src/main/java/org/|mockClient<file_sep>/x-pack/plugin/core/src/main/java/org/| mockClient<file_sep>/x-pack/plugin/core/src/main/java/org/",
336,suppressPositionProjection,=,False,3,=|isDynamic|isDynamic," =
        playlist.playlistType == HlsMediaPlaylist.PLAYLIST_TYPE_EVENT
            &&"," =
        playlist.playlistType == HlsMediaPlaylist.PLAYLIST_TYPE_EVENT
            &&|   /* isDynamic= */ false,
            /*  [MASK] = */ true,
            manifest|   isDynamic= */ false,
        /* isSeekable= */ false,
        manifest,
       ",
337,nameStart,MASK,False,19,MASK|MASK|MASK|MASK|MASK|MASK|MASK|MASK|MASK|MASK|MASK|MASK|MASK|MASK|MASK|MASK|MASK|MASK|MASK," [MASK]  = from;
        int valueStart = -1;
        int i;
       "," [MASK]  = from;
        int valueStart = -1;
        int i;
       | [MASK]  == i) {
                         [MASK]  = i + 1;
                   | MASK  = i + 1;
                    } else if (valueStart <  [MASK]|MASK  ) {
                        valueStart = i + 1;
                    }
                    break;
                case|MASK<file_sep>/dubbo-common/src/main/java/org/apache/dubbo/common| MASK  = i + 1;
                    break;
                default:
                    // continue
            }
       | MASK, valueStart, i, params, tempBuf);
        return params;
    }

    private| MASK  = from;
        int valueStart = -1;
        int i;
        for (| MASK  == i) {
                         MASK  = i + 1;
                    } else if (|MASK  = i + 1;
                    } else if (valueStart <  [MASK]|MASK ) {
                        valueStart = i + 1;
                    }
                    break;
                case '+|MASK, valueStart, i, params, tempBuf);
                     MASK  = i + 1|MASK  = i + 1;
                    break;
                default:
                    // continue
            }
       |MASK, valueStart, i - 2, params, tempBuf);
        return params;
   |MASK, int valueStart, int valueEnd, Map<String, String> params,
                                    Temp| MASK  >= valueEnd) {
            return false;
        }

        if (valueStart <= |MASK ) {
            valueStart =  MASK ;
        }

        if (valueStart >= valueEnd| MASK, valueStart - 3, true, tempBuf);
            value = valueStart >= value| MASK, valueStart - 1);
            value = valueStart >= valueEnd? name : str",
338,expectedChecksum,ing,False,5,"ing||li|, , , , , , , , , ,|public_key","ing = new StringBuilder();
        sb.append(info.getName());
        if (info.getVersion","ing = new StringBuilder();
        sb.append(info.getName());
        if (info.getVersion|
        terminal.println(
            ""The plugin installer is trying to verify the signature of the downloaded plugin|li>
     * </ul>
     *
     * @param info      the plugin descriptor
     *|, , , , , , , , , , |/public_key.asc"");
    }

    /**
     * Installs the bin directory from {@",
339,PF_LENGTH,= 0;,False,3,= 0;|GMT|GMT," = 0;
        final int INPUT_LENGTH = inputStrings.length;

        dateParse."," = 0;
        final int INPUT_LENGTH = inputStrings.length;

        dateParse.|GMT)
        TimeZone.setDefault(thedefault);
        // java.util.Locale.setDefault| GMT  + 1)) {
            ParsePosition parsePosition = new ParsePosition(0);
           ",
340,userPassedSupplier,MASK,False,4,MASK|MASK|MASK|MASK,"[MASK] = */ true);
  }

  @CanIgnoreReturnValue
  static <T extends Throwable","[MASK] = */ true);
  }

  @CanIgnoreReturnValue
  static <T extends Throwable|MASK = */ false);
  }

  @CanIgnoreReturnValue
  static <T extends Throwable> T|MASK) {
    return doAssertThrows(expectedThrowable, supplier, MASK, INSTANCE_OF);| MASK ) {
      throw new AssertionError(
          ""expected to throw ""
              + expectedThrowable.getSimpleName",
341,transFactory,MASK,False,2,MASK|MASK,"[MASK] = TransformerFactory.newInstance();
            Transformer transformer =  [MASK].newTransformer","[MASK] = TransformerFactory.newInstance();
            Transformer transformer =  [MASK].newTransformer|  MASK.newTransformerFactory();
            transformer.setAttribute(""indent-number"", 2);
           ",
342,hudson,org,False,14,org|org|org|java|java|java|java|java|jenkins|jenkins|jenkins|jenkins|MASK|model,org.jenkinsci.plugins.structs.describable.DescribableModel;,"org.jenkinsci.plugins.structs.describable.DescribableModel;|org.kohsuke<file_sep>/src/main/generated/org/jenkinsci/|org.model.Descriptor;
import  org<file_sep>/src/main/generated/org/|java.util.List;
import  org<file_sep>/src/main/generated/org/|java.util.List;
import  java<file_sep><fim_prefix>/src/main/generated/org|java.util.List;
import  java.model.DescriptorExtensionList;
import |java.util.List;
import  java.model.DescriptorExtensionList;
import |java.tasks.BuilderDescriptor;
import  java<file_sep><fim_prefix><fim_suffix>e.
 */

|jenkins, Class<T> describableType) {
        return createDescriptorList((Jenkins|jenkins, describableType);
    }

    /**
     * @deprecated as of 1.| jenkins, Class<T> describableType) {
        this((Jenkins)  [|jenkins, describableType);
    }

    protected DescriptorExtensionList(Hudson  jenkins,|[MASK].model.DescriptorVisibilityFilter}
     * @throws FormException Data submission error
    |.model.DescriptorVisibilityFilter}
     * @throws FormException Data submission error
     */
    @",
343,constructedUserInfo,MASK,False,2,MASK|MASK,"      [MASK]<file_sep>/*
 * Copyright Elasticsearch B.V. and/or licensed to Elasticsearch","      [MASK]<file_sep>/*
 * Copyright Elasticsearch B.V. and/or licensed to Elasticsearch|MASK.hasEmptyPassword(), equalTo(false));
    }

    public void testDefaultReservedUserInfoPassword",
344,event,pagerduty,False,7,pagerduty|MASK|MASK|MASK|MASK|MASK|MASK,"pagerduty.account."" + Setting.GROUP_SETTING + "".trigger_defaults"";
    public static","pagerduty.account."" + Setting.GROUP_SETTING + "".trigger_defaults"";
    public static|[MASK] ;

    public PagerDutyAccount(String name, Settings accountSettings) {
       |[MASK]<file_sep><fim_prefix><fim_suffix>e.xpack.core.ml.action.GetDataFrameAnalytics| MASK Defaults;
    }

    public void setDefaults(IncidentEventDefaults  MASK Defaults) {
       | MASK  event) throws IOException {
        return send(event, null);
    }

    public Sent|MASK.getRequest()<file_sep><fim_prefix>/*
 * Copyright Elasticsearch B.V. and/or licensed to| MASK, request, response);
    }

    public SentEvent send(IncidentEvent  MASK, Payload",
345,targetSize,targetSize,True,2,targetSize|targetSize,"targetSize = decodingInfo.getTargetSize();
			boolean powerOf2 = scaleType == Image","targetSize = decodingInfo.getTargetSize();
			boolean powerOf2 = scaleType == Image|targetSize, decodingInfo.getViewScaleType(),
					powerOf2);
		}
	",
346,searchProfileQueryPhaseResult,MASK,False,3,MASK|return|;,"[MASK] = new SearchProfileQueryPhaseResult(
            queryProfileResults,
            aggProfileShard","[MASK] = new SearchProfileQueryPhaseResult(
            queryProfileResults,
            aggProfileShard|return  [MASK].setSearchProfileFetchPhaseResult(SearchProfileFetchPhaseResultTests.|;
    }

    @Override
    protected SearchProfileQueryPhaseResult mutateInstance(SearchProfileQueryPhase",
347,minSettings,Settings,False,2,Settings|f," = Settings.builder().put(""foo.bar.1.value"", ""1"").put("""," = Settings.builder().put(""foo.bar.1.value"", ""1"").put(""|42.0f, 43.0f, Property.Dynamic, Property.Node",
348,observer,s,False,3,s|moRef|s,"s) {
                            [MASK].onSubscribe(Disposable.empty());
                            moRef.set","s) {
                            [MASK].onSubscribe(Disposable.empty());
                            moRef.set|   moRef.set(s);
                                s.onSubscribe(Disposable.empty());
                                s|s);
                        }
                    };
                }
            })
           .to(TestHelper.<Integer>testConsumer",
349,messageConverter,MASK,False,7,MASK|the|the|=  ;|;|null|);, [MASK]  = null<file_sep>/spring-boot-project/spring-boot-tools/," [MASK]  = null<file_sep>/spring-boot-project/spring-boot-tools/|the {@link MessageConverter}
	 */
	protected void setMessageConverter(@Nullable MessageConverter |the  ) {
		this. [MASK]  =  [MASK] ;
	| =  ;
	}

	/**
	 * Set the {@link MessageConverter} to use|;
	}

	/**
	 * Set the {@link MessageConverter} to use or {@|!= null) {
			factory.setMessageConverter(this. [MASK] );
		}|);
		}
		if (configuration.getConcurrentConsumers()!= null) {
		",
350,fileNAK,schemes,False,3,schemes|schemes|Invalid,"[] schemes = {""file""};
        UrlValidator urlValidator = new UrlValidator(schemes);
       ","[] schemes = {""file""};
        UrlValidator urlValidator = new UrlValidator(schemes);
       |schemes));
    }

    @Test
    void testValidator411_2() {
       |""Invalid domain name"");
    }

    @Test
    void testValidator464_2()",
351,codeUnderTestIdObj,codeUnderTestId,False,3,codeUnderTestId|codeUnderTestId|codeUnderTestId,"codeUnderTestId = codeUnderTest.Id();
        BufferedReader in = null;
        try {
            in","codeUnderTestId = codeUnderTest.Id();
        BufferedReader in = null;
        try {
            in|       codeUnderTestId == null? 0 : Character.toUpperCase(codeUnderTestId.charValue|codeUnderTestId);
        TestFmwk.logln(""Running "" + fileName + "" with",
352,passwordHash,hash,False,3,hash|MASK|MASK,"hash));
    }

    public void testBlankPasswordInIndexImpliesDefaultPasswordWhenEnabledIsFalse()","hash));
    }

    public void testBlankPasswordInIndexImpliesDefaultPasswordWhenEnabledIsFalse()|[MASK]<file_sep>/x-pack/plugin/core/src/main/java/org|MASK, future);

        Tuple<IndexRequest, ActionListener<?>> createElasticUserRequest = findRequest(Index",
353,taken,long,False,6,long|failure|> 0) {|failure|if|assertEquals,", long failure, long invocationsSinceLastSuccess) {
        var snapshotLifecycleMetadata = getSnapshot",", long failure, long invocationsSinceLastSuccess) {
        var snapshotLifecycleMetadata = getSnapshot|, failure);
        if ( [MASK]  > 0) {
            assertNotNull(snapshotLifecycle|> 0) {
            assertNotNull(snapshotLifecyclePolicyMetadata.getLastSuccess());
        } else {| failure) {
        var stats = snapshotLifecycleMetadata.getStats().getMetrics().get(policy|if (failure<file_sep><fim_prefix><fim_suffix>e.get(0).getShardId().getId());
        assertEquals|assertEquals( <file_sep><fim_prefix><fim_suffix>e.get(0).getShardId().getId());
        assertEquals",
354,tableName,tableNamee,False,2,tableNamee|tableNameee,"tableName<file_sep><fim_prefix><fim_suffix>e.
 */

package org.springframework.web.servlet.mvc","tableName<file_sep><fim_prefix><fim_suffix>e.
 */

package org.springframework.web.servlet.mvc|tableNamee<file_sep><fim_prefix><fim_suffix>e.get(0).get(""name"").toString());
		assertEquals",
355,strict,MASK,False,10,MASK|MASK|MASK|MASK|MASK|MASK|MASK|boolean|;|fixedWidth," [MASK]  parsing, the negative sign will be accepted and the positive sign rejected.
     *"," [MASK]  parsing, the negative sign will be accepted and the positive sign rejected.
     *| [MASK]  parsing, the negative sign will be accepted and the positive sign rejected.
     *|[MASK]  parsing, the sign will be rejected unless the pad width is exceeded.
     *|[MASK]  parsing, the negative sign will be rejected.
     * In lenient parsing,|MASK  parsing, the sign will be rejected unless the pad width is exceeded.
     * In len|[MASK]<file_sep>/jre_emul/android/platform/libcore/ojluni| MASK  parsing, false if lenient
     * @param fixedWidth  true if fixed width,|, boolean fixedWidth) {
        switch (ordinal()) {
            case 0: // NORMAL
               |;
            case 1: // ALWAYS
                // valid if positive or (negative and lenient| &&!fixedWidth;
        }
    }

    /**
     * Print helper.
     *
     *",
356,driverContext,MASK,False,8,MASK|MASK|MASKe|MASK|MASK|MASK|MASK|MASK," [MASK] ;

  public SpatialCentroidGeoPointDocValuesGroupingAggregatorFunction(List<Integer"," [MASK] ;

  public SpatialCentroidGeoPointDocValuesGroupingAggregatorFunction(List<Integer| [MASK] ) {
    this.channels = channels;
    this.state = state;
   | MASK<file_sep><fim_prefix><fim_suffix>e.compute.aggregation.spatial;

import java.lang.Override|MASK ;
  }

  public static SpatialCentroidGeoPointDocValuesGroupingAggregatorFunction create(
     |MASK ) {
    return new SpatialCentroidGeoPointDocValuesGroupingAggregatorFunction(channels, Spatial|),  [MASK] );
  }

  public static SpatialCentroidGeoPointDocValuesGroupingAggregator|MASK );
  }

  public static SpatialCentroidGeoPointDocValuesGroupingAggregatorFunction create(
     |MASK );
  }

  @Override
  public void evaluateIntermediate(Block[] blocks, int offset,",
357,amountX,x,False,2,x|x,"x, float y, long time) {
		queue.add(SCROLLED);
	","x, float y, long time) {
		queue.add(SCROLLED);
	|x<file_sep>/backends/gdx-backends-gwt/src/com/badlogic/gdx/backends",
358,response,additionalFields,False,2,additionalFields|additionalFields,"additionalFields, String rawResponse) {
        return new SalesforceToken(accessToken, tokenType,","additionalFields, String rawResponse) {
        return new SalesforceToken(accessToken, tokenType,|additionalFields, ""id"", rawResponse).asText(),
                extractRequiredParameter( additionalFields,",
359,missed,MASK,False,12,MASK|MASK|MASK|MASK|MASK|MASK|MASK|MASK|= 1;|dispose|MASK|dispose,"  [MASK]  = 1;
        SimpleQueue<T> q = queue;
       ","  [MASK]  = 1;
        SimpleQueue<T> q = queue;
       | [MASK]<file_sep><fim_prefix><fim_suffix>e.rxjava3.core.Observable;
import io.| [MASK] );
            if ( [MASK]  == 0) {
                break;
           |( MASK ) == 0) {
                break;
            }
        }
    }

    void drain|  MASK  = 1;
        SimpleQueue<T> q = queue;
        boolean fail| MASK  = wip.addAndGet(- MASK );
            if ( MASK  == 0)| MASK );
            if ( MASK  == 0) {
                break;
            }
        }
   | MASK  == 0) {
                break;
            }
        }
    }

    void drainDelay|  = 1;

        for (;;) {

            if (a!= null) {
                if (|.dispose();
    }

    @Override
    public boolean hasThrowable() {
        return error!= null| MASK );
            if ( MASK  == 0) {
                break;
            }
        }
   |dispose  == 0) {
                break;
            }

            a = downstream.get();
       ",
360,unused,provider,False,7,provider|assertThat|MASK|MASK|Object|MASK|Object,"provider = InternalMethodHandles.makeProvider(factory, injector, dep);
    assertThat(provider.","provider = InternalMethodHandles.makeProvider(factory, injector, dep);
    assertThat(provider.|   assertThat(provider.get()).isEqualTo(""Hello World"");
    injector = null;
    dep =|[MASK] "")
      final InjectorImpl injectorCapture = injector;

      @SuppressWarnings("" [MASK|[MASK]  = (Object) handle.invokeExact((InternalContext) null, (Dependency| = (Object) handle.invokeExact((InternalContext) null, (Dependency<?>) null);|MASK "")
    TestClass(String s) {}
  }

  @Test
  public void testNull|= (Object) nullHandle.invokeExact((InternalContext) null, nonNullStringDep);",
361,existing,existing,True,4,existing|existing|existing|existing,"existing {@link AnnotationTypeMappings} instance
		 */
		AnnotationTypeMappings get(Class<? extends","existing {@link AnnotationTypeMappings} instance
		 */
		AnnotationTypeMappings get(Class<? extends|existing = this.mappings.putIfAbsent(annotationType, result);
			return (existing|existing != null?  existing  : result);
		}

		AnnotationTypeMappings get|existing<file_sep>/*
 * Copyright 2002-2023 the original author or",
362,valueString,e,False,1,e,"      <file_sep><fim_prefix><fim_suffix>e.get(0).get(""name"").getAsString());
        assertEquals(""","      <file_sep><fim_prefix><fim_suffix>e.get(0).get(""name"").getAsString());
        assertEquals(""",
363,source,source,True,3,source|source|source,"source = JavaFileObjects.forSourceString(""test.Test"", """"
        + ""package test","source = JavaFileObjects.forSourceString(""test.Test"", """"
        + ""package test|source<file_sep>/butterknife-compiler/src/test/java/butterknife/Bind|source )
       .onLine(4);
  }

  @Test public void typeMustBeInt",
364,buffer,MASK,False,16,MASK|buffer|buffer|buffer|buffer|bufferMode|MASK|MASK|MASK|MASK|MASK|MASK|MASK|buffer|buffer|int,"[MASK]  (int srcX0, int srcY0, int srcX1,","[MASK]  (int srcX0, int srcY0, int srcX1,|buffer (int src, int dst);

	public native void glReadPixels (int x,|buffer StorageMultisample (int target, int samples, int internalformat, int width, int|buffer, int offset, int size);

	public native void glBindBufferBase (int target,|buffer, int offset, int size);

	public native void glGetIntegeri_v (int|bufferMode);

	public native void glGetTransformFeedbackVaryings (int program, int max| [MASK], int draw [MASK], IntBuffer value);

	public native void gl|[MASK], IntBuffer value);

	public native void glClearBufferuiv (int|[MASK], int draw [MASK], IntBuffer value);

	public native void gl|[MASK], IntBuffer value);

	public native void glClearBufferfv (int |[MASK], int draw [MASK], IntBuffer value);

	public native void gl|MASK, FloatBuffer value);

	public native void glClearBufferfi (int  MASK,|MASK, int draw MASK, float depth, int stencil);

	public native void glClearBuffer|buffer, float depth, int stencil);

	public native void glGetIntegeri_v (int|buffer Data  (int target, int numAttachments, IntBuffer attachments);

	public native void|(int target, int numAttachments, IntBuffer attachments, int x, int y, int width",
365,interval,lastTime,False,2,lastTime|lastTime,"lastTime = ResourceHolder.BAD_FILTERS.get(f);
        if (lastTime","lastTime = ResourceHolder.BAD_FILTERS.get(f);
        if (lastTime|lastTime<file_sep>/core/src/main/resources/hudson/model/AbstractProject/",
366,onthrowMethod,MASK,False,5,MASK|MASK|MASK|MASK|MASK," [MASK] ;

    // callback instance when async-call is cancelled
    private Object oncancelInstance"," [MASK] ;

    // callback instance when async-call is cancelled
    private Object oncancelInstance|[MASK] ;
    }

    public void setOnthrowMethod(Method  [MASK] )|MASK ) {
        this.  [MASK]  =  [MASK] ;
    }

   | MASK  =  MASK ;
    }

    public AsyncMethodInfo(Object oninvokeInstance, Method on|MASK ;
    }

    public AsyncMethodInfo() {
    }

    public AsyncMethodInfo(Object oninvoke",
367,projectIndex,x,False,8,x|x|MASK|MASK|MASK|MASK|MASK|MASK,      <file_sep>/x-pack/plugin/core/src/main/java/org/elasticsearch,"      <file_sep>/x-pack/plugin/core/src/main/java/org/elasticsearch|x<file_sep>/server/src/main/java/org/elasticsearch/index/mapper/Mapper|[MASK]<file_sep>/server/src/main/java/org/elasticsearch/index/mapper|[MASK]<file_sep>/x-pack/plugin/core/src/main/java/org|[MASK]<file_sep>/*
 * Copyright Elasticsearch B.V. and/or licensed to Elasticsearch B|[MASK]<file_sep>/*
 * Copyright Elasticsearch B.V. and/or licensed to Elasticsearch B|[MASK]<file_sep>/x-pack/plugin/core/src/main/java/org| MASK<file_sep>/x-pack/plugin/core/src/main/java/org/elasticsearch",
368,bgRightWidth,bgTopHeight,False,5,bgTopHeight|y|bgBottomHeight|maxY|flickScroll,"]  = 0, bgTopHeight = 0, bgBottomHeight = 0;","]  = 0, bgTopHeight = 0, bgBottomHeight = 0;|   y = actor.getTopHeight();
			height = actor.getBottomHeight();
	|bgBottomHeight);

		if (scrollX) {
			if (style.hScroll| maxY, 0, 1);
	}

	public float getScrollPercentX| flickScroll;
		if (flickScroll) {
			addListener(flickScroll",
369,moduleName,,False,3,|;|int,"
    }
    labelEntry = new LabelEntry(labelEntries.length, label);
    labelEntries","
    }
    labelEntry = new LabelEntry(labelEntries.length, label);
    labelEntries|;
      LabelEntry[] newLabelEntries = new LabelEntry[newCapacity];
      System.arraycopy|int i = 0; i < currentCapacity; i++) {
        newLabelEntries[i",
370,stagingHash,stagingHash,True,7,stagingHash|stagingHash|officialPlugin|stagingHash|urlOpenStream|{|The," stagingHash, final boolean isSnapshot, final String pluginId, final String platform)
        throws IOException"," stagingHash, final boolean isSnapshot, final String pluginId, final String platform)
        throws IOException|stagingHash!= null) {
            baseUrl = nonReleaseUrl(""snapshots"", stagingHash, pluginId|(officialPlugin && urlString.contains(""https://artifacts.elastic.co/downloads/elasticsearch| stagingHash, pluginId);
            } else {
                baseUrl = nonReleaseUrl(""staging"", semantic| urlOpenStream(openUrl(urlString)));
    }

    /**
     * Returns the URL of| {
        return Files.createTempDirectory(pluginsDir, null);
    }

    /**
     *|   ""The plugin installer is trying to verify the signature of the downloaded plugin ""
                + ""but",
371,supersetSize,MASK,False,12,MASK|supersetSize|supersetSizee|MASK|heuristicIsSuperset|supersetFreq|assertTrue|subsetSize|subsetSize|subsetSize|));|));,"  [MASK],
            List<B> buckets
        ) {
            return new SignificantLong","  [MASK],
            List<B> buckets
        ) {
            return new SignificantLong|supersetSize, buckets);
        }

        abstract A createAggregation(SignificanceHeuristic signific| supersetSize<file_sep><fim_prefix><fim_suffix>e.get(0).getDocCount(), equalTo(1L));|  [MASK]<file_sep><fim_prefix><fim_suffix>e.get(0).getDocCount(), equalTo(1| heuristicIsSuperset,
                emptyList()
            );
        }

        @Override
        Significant| supersetFreq,
            long subsetFreq,
            long subsetSize,
            long  [MASK]| assertTrue(illegalArgumentException.getMessage().contains(""subsetFreq > subsetSize""));
        }
        try|subsetSize""));
        }
        try {
            heuristicIsSuperset.getScore(1,|subsetSize""));
        }
        try {
            heuristicIsSuperset.getScore(2,|subsetSize""));
        }
        try {
            heuristicIsSuperset.getScore(1,|""));
        }
        try {
            heuristic.getScore(1, 2, 4| ""));
        }
        try {
            heuristic.getScore(2, 3, 1",
372,equal,equals,False,8,equals|MASK|MASK|MASK|equals|equals|MASK|MASK,"equals(line)) {
            int  [MASK]  = line.indexOf('=');
           ","equals(line)) {
            int  [MASK]  = line.indexOf('=');
           |[MASK]  = line.indexOf('=');
            CharSequence field = line.subSequence(|MASK);
            if (field.length() == 0) {
                throw new Exception(""Invalid|MASK  + 1);

            if (""row"". [MASK] s(field)) {
               |equals s(field)) {
                row = Integer.parseInt(value);
            } else if (""|equals s(field)) {
                cellIndex = Integer.parseInt(value);
            } else if|[MASK] s(field) && value.length() > 0) {
                newCell|MASK s(field) && value.length() > 0) {
                oldCell = Cell",
373,clazz,MASK,False,28,MASK|MASK|type|MASK|MASK|MASK|MASK|MASK|MASK|MASK|MASK|MASK|MASK|MASK|MASK|MASK|MASK|MASK|MASK|;|MASK|MASK|MASK|MASK|MASK|MASK|getName|);," [MASK]  = (Class<?>) object;
            strVal =  [MASK]."," [MASK]  = (Class<?>) object;
            strVal =  [MASK].|MASK.getName();
        } else if (objClass == UUID.class) {
            strVal|type, Object fieldName) {
        if (type == null) {
            type = Object.class| [MASK]  == UUID.class) {
            if (lexer.token() == JSONToken| [MASK]  == Class.class) {
                    String className = jsonObject.getString(""val"");| MASK  == Map.class) {
                    return (T) jsonObject;
                }

                if (| MASK );
            }

            strVal = objVal.toString();
        }

        if (strVal| MASK  == Currency.class) {
            return (T) Currency.getInstance(strVal);| [MASK]  == Date.class) {
            return (T) parser.getDateFormat().| [MASK]<file_sep>/src/main/java/com/alibaba/fastjson/serializer/JSON| [MASK]  == Date.class) {
            return (T) parser.getDateFormat().| [MASK]  == Date.class) {
            return (T) parser.getDateFormat().| MASK  == Date.class) {
            return (T) parser.getDateFormat().parse(| MASK  == Class.class) {
            return (T) TypeUtils.loadClass(str|[MASK]<file_sep>/src/main/java/com/alibaba/fastjson/serializer/JSON|MASK<file_sep>/src/main/java/com/alibaba/fastjson/serializer/JSONLibData| MASK  == Currency.class) {
            return (T) Currency.getInstance(strVal);| MASK  == Currency.class) {
            return (T) Currency.getInstance(strVal);| MASK  == Currency.class) {
            return (T) Currency.getInstance(strVal);|;
             [MASK]  = parmeterizedType.getRawType();
        }

        if (|MASK  = parmeterizedType.getRawType();
        }

        if ( [MASK] | MASK  == Class.class) {
            return (T) TypeUtils.loadClass(str| MASK  == Charset.class) {
            return (T) Charset.forName(strVal);| MASK  == Currency.class) {
            return (T) Currency.getInstance(strVal);| MASK  == JSONPath.class) {
            return (T) new JSONPath(strVal| MASK  == JSONPath.class) {
            return (T) new JSONPath(strVal|).getName();

            if (className.equals(""java.nio.file.Path"")) {
               |);
    }

    public int getFastMatchToken() {
        return JSONToken.LITERAL_STRING",
374,indexMetadata,snapshot,False,18,snapshot|MASK|MASK|MASK|MASK|snapshotShardSizeInfo|MASK|new|new|MASK|MASK|MASK|MASK|false|))|MASK|false|)),"snapshot = new Snapshot(""repository"", new SnapshotId(""snapshot-1"", ""na""));
        var","snapshot = new Snapshot(""repository"", new SnapshotId(""snapshot-1"", ""na""));
        var| [MASK], false))
           .routingTable(RoutingTable.builder(TestShardRoutingRole| [MASK]<file_sep>/server/src/main/java/org/elasticsearch/index/mapper| [MASK].getIndex(), 0), true), shardSize)
        );

        AllocationService|MASK.getIndex()).shard(0).primaryShard(),
            INITIALIZING,
            expectedNodeId,|snapshotShardSizeInfo = new SnapshotShardSizeInfo(
            Map.of(new InternalSnapshotsInfo| MASK, false))
           .routingTable(
                RoutingTable.builder(TestShardRoutingRoleStr|   new ShardRouting(
                                new ShardId( [MASK].getIndex(), 0|new ShardId( [MASK].getIndex(), 0), snapshotShardSizeInfo)
                       |[MASK].getIndex(), 0), new RestoreInProgress.ShardRestoreStatus(randomIdentifier()))|MASK.getIndex(), 0)), shardSize)
        );

        AllocationService service = createAllocation|MASK.getIndex()).shard(0).primaryShard(),
            INITIALIZING,
            expectedNodeId,|[MASK]<file_sep>/server/src/main/java/org/elasticsearch/index/mapper|, false))
           .routingTable(RoutingTable.builder(TestShardRoutingRoleStrategies.|))
           .nodes(DiscoveryNodes.builder().add(newNode(""node1"")))
           .|  MASK<file_sep>/server/src/main/java/org/elasticsearch/index/mapper/|, false))
           .routingTable(RoutingTable.builder(TestShardRoutingRoleStrategies.|))
           .nodes(DiscoveryNodes.builder().add(newNode(""node1"")).add(",
375,certificates,certificates,True,6,certificates|MASK|MASK|MASK|MASK|MASK,"certificates for certificate-based cluster authentication.
			 */
			private @Nullable String  [MASK]","certificates for certificate-based cluster authentication.
			 */
			private @Nullable String  [MASK]|[MASK] ;

			/**
			 * PEM-formatted private key for certificate-based cluster authentication| [MASK] ;
			}

			public void setCertificates(@Nullable String  [MASK]|MASK ) {
				this. [MASK]  =  [MASK] ;
			}| MASK  =  MASK ;
			}

			public @Nullable String getPrivateKey() {
			|MASK<file_sep>/spring-boot-project/spring-boot-tools/spring-boot-gradle",
376,bufferSize,maxAge,False,17,maxAge|MASK|maxAge|maxAge|maxAge|MASK|maxAge|MASK|long|MASK|;|eagerTruncate|MASK|long|=  ;|;|maxAge," maxAge the maximum age of entries
     * @param unit the unit of measure of the age amount"," maxAge the maximum age of entries
     * @param unit the unit of measure of the age amount|  [MASK], boolean eagerTruncate) {
        return create(source, new ReplayBufferSupplier|(maxAge <= 0) || (unit == null) || (scheduler == null)) {|maxAge, eagerTruncate));
    }

    /**
     * Creates a replaying ConnectableObservable with| maxAge  the maximum number of elements to hold
     * @param eagerTruncate if true, the| MASK, boolean eagerTruncate) {
        return create(source, new ScheduledReplaySupplier<>( [MASK| maxAge, unit, scheduler, eagerTruncate));
    }

    /**
     * Creates a OperatorReplay|  [MASK]<file_sep>/src/main/java/io/reactivex/internal/operators/|, long maxAge, TimeUnit unit, Scheduler scheduler, boolean eagerTruncate) {
            this. [| =  [MASK] ;
            this.eagerTruncate = eagerTruncate;
        }

        @| ;
        }

        @Override
        public ReplayBuffer<T> call() {
            return new|, eagerTruncate);
        }
    }

    static final class SizeBoundReplaySupplier<T> implements|  MASK] ;
        private final long maxAge;
        private final TimeUnit unit;
        private final|, long maxAge, TimeUnit unit, Scheduler scheduler, boolean eagerTruncate) {
            this. MASK| =  ;
            this.maxAge = maxAge;
            this.unit = unit;
           | ;
            this.maxAge = maxAge;
            this.unit = unit;
            this.|, maxAge, unit, scheduler, eagerTruncate);
        }
    }

    static final class Re",
377,listener,MASK,False,5,MASK|MASK|MASKe|MASKe|MASKe,"[MASK] ) {
        datafeedManager.putDatafeed(request, state, securityContext","[MASK] ) {
        datafeedManager.putDatafeed(request, state, securityContext|[MASK]<file_sep>/server/src/main/java/org/elasticsearch/index/mapper| MASK<file_sep><fim_prefix><fim_suffix>e.xpack.core.ml.action.GetTrainedModelsStats|MASKe);
        } else if (MachineLearningField.ML_API_FEATURE.check(| MASKe.onFailure(LicenseUtils.newComplianceException(XPackField.MACHINE_LEAR",
378,strategy,allocationService,False,8,allocationService|MASK|MASK|MASK|MASK|MASK|MASK|MASK,"allocationService = createAllocationService(
            Settings.builder()
               .put(""cluster.routing.","allocationService = createAllocationService(
            Settings.builder()
               .put(""cluster.routing.| [MASK].reroute(clusterState, ""reroute"", ActionListener.noop());
        assertThat|MASK.reroute(clusterState, ""reroute"", ActionListener.noop());
        assertThat(newState|[MASK], clusterState, routingNodes.node(""node1""));
        assertThat(newState,|MASK.reroute(clusterState, ""reroute"", ActionListener.noop());
        assertThat(newState|MASK, clusterState, routingNodes.node(""node2""));
        assertThat(newState, not(|MASK.reroute(clusterState, ""reroute"", ActionListener.noop());
        assertThat(newState|MASK, clusterState, routingNodes.node(""node3""));
        assertThat(newState, not(",
379,vPath,MASK,False,3,MASK|MASK|MASK,"[MASK], long lastModified, File fromArchive)
      throws IOException {
    super.zip","[MASK], long lastModified, File fromArchive)
      throws IOException {
    super.zip|      [MASK]<file_sep><fim_prefix><fim_suffix>  }

  public void setVerbose(boolean verbose) {
   |MASK ;
    struct.time = lastModified;
    if (proc.process(struct)) {",
380,webSocketClient,MASK,False,6,MASK|MASK|MASK|MASK|MASK|MASK," [MASK], TestInfo testInfo) throws Exception {

		super.setup(server,"," [MASK], TestInfo testInfo) throws Exception {

		super.setup(server,|[MASK], testInfo);

		WebSocketSession session = this. [MASK].execute|[MASK].execute(
				new AbstractWebSocketHandler() {}, getWsBaseUrl() + ""/|MASK, TestInfo testInfo) throws Exception {

		super.setup(server,  MASK|MASK, testInfo);

		WebSocketSession session = this. MASK.execute(
				new|MASK.execute(
				new AbstractWebSocketHandler() {}, getWsBaseUrl() + ""/sockjs",
381,toBeReturned,toBeReturned,True,4,toBeReturned|toBeReturned|toBeReturned|toBeReturned,"toBeReturned) {
        return stubber().doReturn(toBeReturned);
    }

    @Override","toBeReturned) {
        return stubber().doReturn(toBeReturned);
    }

    @Override|toBeReturned );
    }

    @Override
    public Stubber doReturn(Object  [MASK]|toBeReturned, Object... nextToBeReturned) {
        return stubber().doReturn(toBeReturned|toBeReturned, nextToBeReturned);
    }

    @Override
    public Stubber doAnswer(Answer",
382,array,array,True,2,array|arraye,"array) {
      return standardToArray(array);
    }

    @Override
    public String toString()","array) {
      return standardToArray(array);
    }

    @Override
    public String toString()|array<file_sep><fim_prefix><fim_suffix>e.
 */

package com.google.common.collect;
",
383,batch,float,False,17,float|getWidth|if|float|void|float|if|if|float|float|float|float|a|void|TopEdge|;|;,", float parentAlpha) {
		if (actor == null) return;

		validate();",", float parentAlpha) {
		if (actor == null) return;

		validate();|, 0, getWidth(), getHeight());
		if (style.background!= null)|	if (style.hScrollKnob!= null) {
				float width = hScroll|float, float, float, float, float, float, float, float, float, float,|void updateActorPosition () {
		if (actor == null) return;
		if (|, float, float, float, float, float, float, float, float, float, float|	if (style.vScrollKnob!= null) width = style.vScrollKnob|	if (actor instanceof Cullable) {
			actorCullingArea.x = actor|float, float, float, float, float, float, float, float, float, float,|, float, float, float, float, float, float, float, float, float, float|, float parentAlpha) {
		if (actor == null) return;

		validate();|		float width = 0;
		if (style.vScrollKnob!= null|a);
	}

	/** @deprecated Use {@link #setActor(Actor)}. */|void drawScrollBars (Batch  float, float r, float g, float b, float a|TopEdge () {
		return!scrollY || amountY <= 0;
	}|;
	}

	public boolean isDraggingX () {
		return draggingPointer == |;
	}

	public boolean isFlickScrolling () {
		return flickScroll",
384,expectedLatn,u0645,False,3,u0645|PDT|heure," = ""9:52 \u0645"";
        String actual = f.format"," = ""9:52 \u0645"";
        String actual = f.format|00:00:00 PDT 986517900|00:00:00 heure d\u2019\u0",
385,sampleEntry,entry,False,5,entry|entry|entry|entry|entry,"entry = entryList[0];
                    if (entry!= null) {
                        if (entry.","entry = entryList[0];
                    if (entry!= null) {
                        if (entry.|entry!= null && entry.id!= null && entry.name!= null && entry.url!=|entry.id!= null && entry.name!= null && entry.url!= null) {
                           |entry.name!= null &&  entry.url!= null) {
                            return true;
                        }|entry.url!= null) {
                            return true;
                        }
                    }
                }
            }
           ",
386,expected,MASK,False,6,MASK|MASK|MASK|MASK|MASK|MASK," [MASK]  = Set.of(HttpMethod.GET);
		StepVerifier.create("," [MASK]  = Set.of(HttpMethod.GET);
		StepVerifier.create(|MASK.equals(response.headers().getAllow()))
				.expectComplete()
				.|  [MASK]  = now.toInstant().toEpochMilli();
		StepVerifier.|MASK.equals(response.headers().getLastModified() / 1000))
				|MASK<file_sep>/*
 * Copyright 2002-2023 the original author or|MASK.equals(response.headers().getVary()))
				.expectComplete()
				",
387,unstubbedIterator,allIterator,False,4,allIterator|allIterator|allIterator|allIterator,"allIterator = allInvocations.iterator();
            while (allIterator.hasNext()) {
                Invocation","allIterator = allInvocations.iterator();
            while (allIterator.hasNext()) {
                Invocation|allIterator.hasNext()) {
                InvocationMatcher unstubbed =  allIterator.next();
               |allIterator <file_sep>/src/main/java/org/mockito/internal/util/reflection|allIterator.remove();
                }
            }
        }

        Iterator<InvocationMatcher> allIterator ",
388,builder,bit,False,9,bit|MASK|for|MASK|MASK|}|}|append|object,"-bit-wise
    StringBuilder  [MASK]  = new StringBuilder(array.length * ","-bit-wise
    StringBuilder  [MASK]  = new StringBuilder(array.length * |[MASK]  = new StringBuilder(array.length * 12);
     [MASK].| for (int i = 0; i < array.length; i++) {
         [MASK|  [MASK].append(separator).append(array[i]);
    }
    return  [|  [MASK].toString();
  }

  /**
   * Returns a string containing the supplied {@code| <file_sep><fim_prefix><fim_suffix>  }
}
<fim_middle>/src/main/java/com/google| }

    @Override
    public String toString() {
      StringBuilder  MASK  = new StringBuilder(size|.append("", "").append(array[i]);
      }
      return  [MASK].append|(object);
    }

    @Override
    public String toString() {
      return Doubles.toString",
389,request,template,False,13,template|template|template|template|template|template|template|template|template|template|request|request|request,"template request
 * that will be executed by {@link WatcherSearchTemplateService}.
 *
","template request
 * that will be executed by {@link WatcherSearchTemplateService}.
 *
|template is deprecated."";
    static final String SEARCH_TYPE_DEPRECATION_MESSAGE =
        ""[|template  into a search template,
        // this way if any Watcher related context variables are used|template  from the specified parser.
     *
     * @param parser the parser to read the watcher|template . expected string values in [""
                                    + currentFieldName
                                    + ""] field, but instead found|template. unexpected array field ["" + currentFieldName + ""]""
                    );
                }
            } else if|template. unexpected object field ["" + currentFieldName + ""]""
                    );
                }
            } else if|template. unexpected string field ["" + currentFieldName + ""]""
                    );
                }
            } else if|template. unexpected boolean field ["" + currentFieldName + ""]""
                    );
                }
            } else if|template. unexpected token ["" + token + ""]"");
            }
        }

        if (searchSource ==|request = new WatcherSearchTemplateRequest(
            indices.toArray(new String[0]),
           |request <file_sep>/server/src/main/java/org/elasticsearch/index/mapper/| request ;
    }

    @Override
    public String toString() {
        return Strings.toString(this",
390,queueSize,MASK,False,17,MASK|1);|MASK|);|MASK|MASK|MASK|MASK|MASK|MASK|MASK|;|);|MASK|MASK|MASK|EWMA," [MASK], long responseTimeNanos, long avgServiceTimeNanos) {
        nodeId"," [MASK], long responseTimeNanos, long avgServiceTimeNanos) {
        nodeId|1);
                ExponentiallyWeightedMovingAverage responseEWMA = new ExponentiallyWeightedMovingAverage| [MASK].addValue(1);
                ns.responseTime.addValue(responseTime|);
                ns.responseTime.addValue((double) responseTimeNanos);
                ns.| [MASK] ;
        public final double responseTime;
        public final double serviceTime;

        public| MASK, double responseTime, double serviceTime) {
            this.nodeId = nodeId;
            this| [MASK]  =  [MASK] ;
            this.responseTime = responseTime;
           | MASK ;
            this.responseTime = responseTime;
            this.serviceTime = serviceTime;| MASK.getAverage(),
                nodeStats.responseTime.getAverage(),
                nodeStats.service| MASK  = in.readInt();
            this.responseTime = in.readDouble();
            this| MASK );
            out.writeDouble(this.responseTime);
            out.writeDouble(this|;
            // EWMA of queue size plus concurrency compensation
            double qHat = <file_sep>|);
            sb.append("", response time: "").append(String.format(Locale.ROOT,|MASK ;
        final ExponentiallyWeightedMovingAverage responseTime;
        double serviceTime;

        Node|MASK,
            ExponentiallyWeightedMovingAverage responseTime,
            double serviceTime
        ) {
           | MASK  =  MASK EWMA;
            this.responseTime = responseTimeEWMA;|EWMA;
            this.responseTime = responseTimeEWMA;
            this.serviceTime =",
391,idleStateHandler,MASK,False,23,MASK|MASK|MASK|MASK|MASK|MASK|MASK|MASK|MASK|MASK|MASK|MASK|MASK|MASK|MASK|MASK|MASK|MASK|MASK|MASK|MASK|MASK|MASKt,"[MASK]  = new TestableIdleStateHandler(1L, 0L, ","[MASK]  = new TestableIdleStateHandler(1L, 0L, | [MASK], IdleStateEvent.FIRST_READER_IDLE_STATE_EVENT,| [MASK]  = new TestableIdleStateHandler(0L, 1L, | MASK, IdleStateEvent.FIRST_WRITER_IDLE_STATE_EVENT,
                Id| [MASK]  = new TestableIdleStateHandler(0L, 0L, | MASK, IdleStateEvent.FIRST_ALL_IDLE_STATE_EVENT,
                Idle|[MASK], Object... expected) throws Exception {
        assertThat(expected.length,  greater|[MASK]<file_sep>/*
 * Copyright 2012 The Netty Project
 *
| MASK.tick(1L, TimeUnit.NANOSECONDS);
                 MASK.run();
            }|[MASK]  = new TestableIdleStateHandler(1L, 0L, | MASK, action, IdleStateEvent.FIRST_READER_IDLE_STATE_EVENT);|[MASK]  = new TestableIdleStateHandler(0L, 1L, |MASK, action, IdleStateEvent.FIRST_WRITER_IDLE_STATE_EVENT);|[MASK]  = new TestableIdleStateHandler(1L, 0L, |MASK, reader, IdleStateEvent.FIRST_ALL_IDLE_STATE_EVENT);

       |MASK<file_sep>/*
 * Copyright 2021 The Netty Project
 *
 * The|MASK, writer, IdleStateEvent.FIRST_ALL_IDLE_STATE_EVENT);

       | MASK<file_sep>/*
 * Copyright 2021 The Netty Project
 *
 * The| MASK, handler);
        try {
            // For each expected event advance the ticker and run() the|MASK.tickRun();

            // Advance the ticker by some fraction and run() the task.|[MASK].delay(TimeUnit.NANOSECONDS);
            assertNotEquals(0L,| MASK.tickRun(delayInNanos / 2L, TimeUnit.NANOSECONDS);| MASK<file_sep><fim_prefix><fim_suffix>t.channel.ChannelHandlerContext;
import io.netty5.channel.",
392,aabbMax,MASK,False,8,MASK|aabbMin|MASK|aabbMin|MASK|aabbMin|MASK|aabbMin,"[MASK], long pOwner, int collisionFilterGroup, int collisionFilterMask,
		","[MASK], long pOwner, int collisionFilterGroup, int collisionFilterMask,
		|aabbMin,  MASK<file_sep>/*******************************************************************************
 * Copyright 2011 See AUTHORS file.
|[MASK], btDispatcher dispatcher) {
		CollisionJNI.btAxisSweep3InternalShort|aabbMin,  [MASK]<file_sep>/*******************************************************************************
 * Copyright 2011 See AUTHORS file|[MASK]<file_sep>/src/com/badlogic/gdx/physics/bullet/collision/bt|aabbMin,  MASK<file_sep>/*******************************************************************************
 * Copyright 2011 See AUTHORS file.
|MASK<file_sep>/src/com/badlogic/gdx/physics/bullet/collision/btCollisionWorld|aabbMin );
	}

	public void calculateOverlappingPairs (btDispatcher dispatcher) {",
393,listSize,e,False,5,e|pendingList|/|numThreads|numThreadse,"<file_sep><fim_prefix><fim_suffix>e.

## License

Apache 2.0
<fim_middle>/README","<file_sep><fim_prefix><fim_suffix>e.

## License

Apache 2.0
<fim_middle>/README|pendingList.size());
      // To avoid contention and scheduling too many jobs for our #cpus|/
          // pendingList.size() is not guaranteed to be an integer, so we use long|*  /  numThreads);
          int endIndex = (int) (((i + 1|  numThreads<file_sep><fim_prefix><fim_suffix>e.

package com.google.devtools.build.lib",
394,ownerType,typeArgument,False,3,typeArgument|typeArgument|this,"typeArgument) {
        return parameterizedTypeOf(rawType, typeArgument, null);
    }","typeArgument) {
        return parameterizedTypeOf(rawType, typeArgument, null);
    }|typeArgument<file_sep>/subprojects/core/src/test/groovy/org/gradle/api|this.getOwnerType()<file_sep>/src/test/java/org/mockito/internal/util",
395,modulesExports,MASK,False,3,MASK|MASK|MASK,"       [MASK]  = new HashMap<String, Set<String>>();
        try (var stream","       [MASK]  = new HashMap<String, Set<String>>();
        try (var stream|   MASK
                       <file_sep><fim_prefix><fim_suffix>e.xcontent.XContentParser;
import org.elasticsearch| MASK );
    }

    public static Map<String, Set<String>> loadExportsForModules(",
396,secretSettings,accessKey,False,3,accessKey|accessKey|accessKey,"  accessKey      = model.getAccessSettings().accessKey();
        var     secretKey    ","  accessKey      = model.getAccessSettings().accessKey();
        var     secretKey    |accessKey.accessKey(),  [MASK] accessKey.secretKey(), serviceSettings.region|accessKey <file_sep>/*
 * Copyright Elasticsearch B.V. and/or licensed to Elasticsearch B",
397,positionCount,size,False,6,size|MASK|MASK|size|);|size,"      size  <file_sep>/*
 * Copyright Elasticsearch B.V. and/or licensed to Elasticsearch B","      size  <file_sep>/*
 * Copyright Elasticsearch B.V. and/or licensed to Elasticsearch B|[MASK] );
            IntVector.Builder segmentsBuilder = blockFactory.newIntVectorBuilder(|[MASK] );
            IntVector.Builder docsBuilder = blockFactory.newIntVectorBuilder(|size );
        ) {
            List<Integer> docIds = new ArrayList<>( size );
            for|);
            shardsBuilder.setCapacity( size );
            segmentsBuilder.setCapacity( size );|size; i++) {
                shardsBuilder.appendInt(docVector.shards().getInt(",
398,elements,n,False,2,n|n,"n) {
        return
            Flowable.combineLatestArray(
                new Publisher[] { Flowable","n) {
        return
            Flowable.combineLatestArray(
                new Publisher[] { Flowable|n )) },
                new Function<Object[], Long>() {
                    @Override
                    public Long apply(",
399,classVisitor,classVisitor,True,2,classVisitor|classVisitor,"classVisitor)
    {
        if (referencedClass!= null)
        {
            referencedClass.accept","classVisitor)
    {
        if (referencedClass!= null)
        {
            referencedClass.accept|classVisitor<file_sep>/src/main/java/com/google/devtools/build/lib/",
400,ruleClass,MASK,False,13,MASK|MASK|MASK|MASK|MASK|MASK|MASKe|MASK|MASK|MASK|MASK|MASK|MASK," [MASK]  the rule class to extract documentation for
   * @return a {@link RuleInfo"," [MASK]  the rule class to extract documentation for
   * @return a {@link RuleInfo| MASK) {
    return buildRuleInfo(context, qualifiedName, MASK);
  }

  @| MASK<file_sep>/src/main/java/com/google/devtools/build/lib/analysis| MASK<file_sep>/src/main/java/com/google/devtools/build/lib/analysis| MASK<file_sep>/src/main/java/com/google/devtools/build/lib/analysis| MASK.getStarlarkExtensionLabel()));
      } else {
        // Unexported Starlark| MASK<file_sep><fim_prefix><fim_suffix>e.

package(default_visibility = [""//visibility:public""])| MASK.getRuleClassType() == RuleClassType.REPOSITORY) {
      ruleInfoBuilder.setRepository| MASK.getStarlarkDocumentation()));
    } else {
      ruleInfoBuilder.setDocString| MASK.getRuleClassType() == RuleClassType.TEST) {
      ruleInfoBuilder.setTest| MASK.getRuleClassType() == RuleClassType.REPOSITORY) {
      ruleInfoBuilder.setRepository|MASK.getAttributeProvider().getMandatoryAttributes(),
        ruleInfoBuilder::addMandatoryAttribute,
        MASK|   MASK<file_sep>/src/main/java/com/google/devtools/build/lib/",
401,expectedIndexCount,expectedCount,False,2,expectedCount|expectedCount,"expectedCount = securityEnabled? 1 : 0;
        checkIndexCount(""index_allowed","expectedCount = securityEnabled? 1 : 0;
        checkIndexCount(""index_allowed|expectedCount);
        checkIndexCount(""index_allowed"", expectedCount<file_sep>/x-pack/",
402,management,management,True,6,management|MASK|;|) {|=  ;|;,"management service.
		 */
		private Duration management = Duration.ofSeconds(75);

	","management service.
		 */
		private Duration management = Duration.ofSeconds(75);

	| [MASK]  = Duration.ofSeconds(75);

		/**
		 * Timeout for|;
		}

		public void setManagement(Duration  [MASK] ) {
			|) {
			this.  =  ;
		}

	}

	public static|=  ;
		}

		public Duration getMASK() {
			return this.MASK|;
		}

		public Duration getManagement() {
			return this. ; ;
	",
403,renderTimeNs,presentationTimeUs,False,5,presentationTimeUs|MASK|MASK|presentationTimeUs|presentationTimeUs,"presentationTimeUs}.
   *
   * <p>If the {@code presentationTimeUs} is","presentationTimeUs}.
   *
   * <p>If the {@code presentationTimeUs} is|[MASK]  presentationTimeUs<file_sep>/*
 * Copyright 2022 The Android Open|[MASK] } parameter is used to control the render time of the frame.
   *
   *|presentationTimeUs The presentation time of the frame, in microseconds.
   * @param  MASK|presentationTimeUs);

  /**
   * Returns the number of output frames that have become {@linkplain",
404,pname,MASK,False,16,MASK|MASK|MASK|MASK|MASK|MASK|MASK|MASK|MASK|MASK|MASK|MASK|MASK|MASK|MASK|MASK,"[MASK], IntBuffer params);

	public native void glGetQueryObjectiv (int id","[MASK], IntBuffer params);

	public native void glGetQueryObjectiv (int id|[MASK], IntBuffer params);

	public native void glGetQueryObjectiv (int id|[MASK], Buffer params);

	public native void glGetBufferSubData (int target,|[MASK], IntBuffer params);

	public native void glGetVertexAttribIuiv (int index|MASK, IntBuffer params);

	public native void glGetVertexAttribPointerv (int index, int|[MASK], IntBuffer params);

	public native void glGetActiveUniformBlockiv (int| MASK, IntBuffer params);

	public native void glGetActiveUniformBlockName (int program,|[MASK], LongBuffer data);

	public native void glGetBufferParameteri64v|MASK, LongBuffer params);

	public native void glGetInteger64i_v (int|[MASK], int param);

	public native void glSamplerParameteriv (int sampler,|MASK, IntBuffer param);

	public native void glSamplerParameterf (int sampler, int|MASK, float param);

	public native void glSamplerParameterfv (int sampler, int |MASK, FloatBuffer param);

	public native void glSamplerParameterIiv (int sampler,|MASK, IntBuffer params);

	public native void glGetSamplerParameteriv (int sampler, int|MASK, FloatBuffer params);

	public native void glVertexAttribP1ui (int index,|MASK, int value);

	public native void glInvalidateBufferData (int buffer);

	public",
405,platformUrl,baseUrl,False,6,baseUrl|zip|MASK|String|) {|String," baseUrl = String.format(Locale.ROOT, ""https://%s.elastic.co/%"," baseUrl = String.format(Locale.ROOT, ""https://%s.elastic.co/%|zip, urlString);
        }

        if (officialPlugin) {
            verifySignature(zip,|[MASK] ;
        }
        return String.format(Locale.ROOT, ""%s/%s|<String> scoredKeys = new ArrayList<>();
        for (String officialPlugin : OFFICIAL|) {
            return null;
        }
        return checksumUrl;
    }

    private Path unzip(| String  = String.format(Locale.ROOT, ""%s/%s-%s-%s.",
406,context,context,True,3,context|contexte|contexte,"       context,
                               QueryRewriteContext queryRewriteContext,
                               QueryBuilder         queryBuilder
   <file_sep>/","       context,
                               QueryRewriteContext queryRewriteContext,
                               QueryBuilder         queryBuilder
   <file_sep>/|   context<file_sep><fim_prefix><fim_suffix>e.xpack.core.ml.inference.trainedmodel.Tr|context<file_sep><fim_prefix><fim_suffix>e.xpack.core.ml.inference.trainedmodel.Trained",
407,topUncast,MASK,False,9,MASK|MASK|MASK|MASK|MASK|MASK|MASK|MASK|MASK,"[MASK]  = page.getBlock(channels.get(0));
    if ( [MASK","[MASK]  = page.getBlock(channels.get(0));
    if ( [MASK| [MASK].areAllValuesNull()) {
      return;
    }
    FloatBlock top =|MASK ;
    Block outputUncast = page.getBlock(channels.get(1));
    if|MASK  = page.getBlock(channels.get(0));
    if ( MASK.areAll| MASK.areAllValuesNull()) {
      return;
    }
    FloatBlock top = (Float|MASK ;
    Block outputUncast = page.getBlock(channels.get(1));
    if|MASK  = page.getBlock(channels.get(0));
    if ( MASK.areAll| MASK.areAllValuesNull()) {
      return;
    }
    FloatBlock top = (Float|MASK ;
    Block outputUncast = page.getBlock(channels.get(1));
    if",
408,expectedCount,expectedCount,True,2,expectedCount|expectedCount,"expectedCount) throws IOException {
        final Request request = new Request(""POST"", ""/"" + indexName","expectedCount) throws IOException {
        final Request request = new Request(""POST"", ""/"" + indexName|expectedCount<file_sep>/*
 * Copyright Elasticsearch B.V. and/or licensed to Elasticsearch B.",
409,dfLatn,DateFormat,False,3,DateFormat||AM," = DateFormat.getDateTimeInstance(DateFormat.FULL, DateFormat.FULL, Locale.US"," = DateFormat.getDateTimeInstance(DateFormat.FULL, DateFormat.FULL, Locale.US|
        String out = dfFrench.format(testDate);
        logln(""Date Formated|6:45:00 AM Pacific Daylight Time"";
        if (!out.equals",
410,usedBuiltInCharFilters,usedBuiltInTokenizers,False,15,usedBuiltInTokenizers|usedCharFilterTypes|usedBuiltInCharFilters|usedBuiltInCharFilters|usedBuiltInCharFilters|usedBuiltInCharFilters|usedBuiltInCharFilters|usedBuiltInCharFilters|usedBuiltInCharFilterse|usedBuiltInCharFilterse|MASK|MASK|MASK|MASK|MASK,"usedBuiltInTokenizers = new HashMap<>();
        final Map<String, IndexFeatureStats> usedBuiltIn","usedBuiltInTokenizers = new HashMap<>();
        final Map<String, IndexFeatureStats> usedBuiltIn|usedCharFilterTypes.computeIfAbsent(charFilter, IndexFeatureStats::new);
                        stats|usedBuiltInCharFilters.keySet().removeAll(charFilterSettings.keySet());
                aggregateAnalysisTypes(|usedBuiltInCharFilters.values(),
            usedBuiltInTokenizers.values(),
            usedBuiltInTokenFilters|usedBuiltInCharFilters<file_sep>/server/src/main/java/org/elasticsearch/index/|usedBuiltInCharFilters,
        Collection<IndexFeatureStats> usedBuiltInTokenizers,
        Collection<|usedBuiltInCharFilters  = sort( usedBuiltInCharFilters );
        this.usedBuiltInTokenizers| usedBuiltInCharFilters );
        this.usedBuiltInTokenizers = sort(usedBuiltInTokenizers);|usedBuiltInCharFilters<file_sep><fim_prefix><fim_suffix>e.xcontent.XContentBuilder;

import java| usedBuiltInCharFilters<file_sep><fim_prefix><fim_suffix>e.xcontent.XContentBuilder;

import java|[MASK]<file_sep>/server/src/main/java/org/elasticsearch/search/aggreg|[MASK]<file_sep>/server/src/main/java/org/elasticsearch/search/aggreg|MASK )
            && Objects.equals(usedBuiltInTokenizers, that.usedBuiltInTokenizers)|MASK<file_sep>/server/src/main/java/org/elasticsearch/index/mapper/Mapper|MASK<file_sep>/server/src/main/java/org/elasticsearch/index/mapper/Mapper",
411,upstream,MASK,False,6,MASK|MASK|MASK|MASK|MASK|MASK,"[MASK] ) {
                return  [MASK].concatMapSingle(new Function<Integer","[MASK] ) {
                return  [MASK].concatMapSingle(new Function<Integer|  MASK.concatMapSingle(new Function<Integer, Single<Integer>>() {
                    @Override|MASK ) {
                return  MASK.concatMapSingleDelayError(new Function<Integer, Single|MASK<file_sep>/src/test/java/io/reactivex/rxjava3/internal/operators|MASK ) {
                return  MASK.concatMapSingleDelayError(new Function<Integer, Single|MASK.concatMapSingleDelayError(new Function<Integer, Single<Integer>>() {
                    @",
412,newEntries,new,False,4,new|;|param|;," = new Entry[newCapacity];
      for (int i = currentCapacity - 1; i"," = new Entry[newCapacity];
      for (int i = currentCapacity - 1; i|;
    }
    entries =  [MASK] ;
    }
    entryCount++;
    int index| * @param name a field or method name.
   * @param descriptor a field or method descriptor|;
    }
    entryCount++;
    int index = entry.index;
    entry.index =",
413,request,requestConfigBuilder,False,16,requestConfigBuilder|requestConfigBuilder|requestConfig|requestConfigBuilder|requestConfig|requestConfig|MASK|MASK|MASK|MASK|MASK|MASK|MASK|MASK|MASK|MASK,"requestConfigBuilder = RequestConfig.custom();
        int socketTimeout = 10000","requestConfigBuilder = RequestConfig.custom();
        int socketTimeout = 10000|   requestConfigBuilder.setSocketTimeout(socketTimeout).setConnectTimeout(connectTimeout);
       |requestConfig = requestConfigBuilder.build();
        builder.setRequestConfig(requestConfig);
        Request| requestConfigBuilder.build();
        builder.setRequestConfig( [MASK] Config);
        RequestOptions| requestConfig Config);
        RequestOptions options = builder.build();
        assertSame(options.getRequestConfig|requestConfig Config);
        assertEquals(options.getRequestConfig().getSocketTimeout(), socketTimeout);
       |[MASK] = randomBuilder().build();
        RequestOptions copy = copy( [MASK] );| [MASK],  [MASK] );
        assertEquals( [MASK].hashCode(),  [|MASK );
        assertEquals(MASK,  MASK );
        assertEquals(MASK.hashCode(),  MASK.| MASK );
        assertEquals( [MASK], copy);
        assertEquals(copy,  [MASK]| MASK, copy);
        assertEquals(copy,  MASK );
        assertEquals( [MASK].hashCode|MASK );
        assertEquals(copy.hashCode(),  MASK.hashCode());

        copy = copy(copy| MASK.hashCode(), copy.hashCode());

        RequestOptions mutant = mutate( [MASK] );| MASK );
        assertNotEquals( MASK, mutant);
        assertNotEquals(mutant,| MASK, mutant);
        assertNotEquals(mutant,  MASK );

        mutant =|MASK );
        assertNotEquals( MASK.hashCode(), mutant.hashCode());

        if (random",
414,database,database,True,7,database|database|database|database|database|database|database,"database index used by the connection factory
		 */
		default int getDatabase() {
			return","database index used by the connection factory
		 */
		default int getDatabase() {
			return|database index.
		 * @param host the host
		 * @param port the port
		 * @|database the  [MASK] 
		 * @return the new instance
		 */
		static Standalone|database  index used by the connection factory
		 * @return the new instance
		 */
		static|database ) {
			Assert.hasLength(host, ""'host' must not be empty"");|database ;
				}

				@Override
				public String toString() {
					return ""|database  index used by the connection factory
		 */
		int getDatabase();

		/**
		",
415,observer,MASK,False,15,MASK|s|MASK|);|s|parent|parent|parent|MASK|MASK|MASK|MASK|MASK|MASK|MASK," [MASK] s;

    T value;

    Throwable error;

    @SuppressWarnings(""unchecked"")
   "," [MASK] s;

    T value;

    Throwable error;

    @SuppressWarnings(""unchecked"")
   |s = new AtomicReference<>(EMPTY);
    }

    @SuppressWarnings(""unchecked"")
    public MaybeCache| [MASK] ) {
        CacheDisposable<T> parent = new CacheDisposable<>( [MASK]|);
         [MASK].set(parent);
         [MASK].setDisposable(parent);|s.compareAndSet(null, EMPTY);
         [MASK]<file_sep><fim_prefix><fim_suffix>e.rxjava|   parent.downstream.onError(ex);
                    } else {
                        T v = value;|parent.onSuccess(v);
                    } else {
                         parent.onComplete();
                    }
                }|parent.onComplete();
                    }
                }
                remove(parent);
                return;
            } else {|[MASK] s.get()) {
            if (!inner.isDisposed()) {
                inner.|[MASK]<file_sep>/src/main/java/io/reactivex/rxjava3/internal|[MASK] s.getAndSet(TERMINATED)) {
            if (!inner.isDisposed())|[MASK] s.get();
            if (a == TERMINATED) {
                return false| MASK s.compareAndSet(a, b)) {
                return true;
            }
        }
   |MASK s.get();
            int n = a.length;
            if (n == 0|MASK s.compareAndSet(a, b)) {
                return;
            }
        }
    }",
416,cMemoryOwn,MASK,False,6,MASK|MASK|MASK|MASK|MASK|MASK,"[MASK] ) {
		super(className, cPtr,  [MASK] );
	","[MASK] ) {
		super(className, cPtr,  [MASK] );
	|MASK );
		construct();
	}

	protected btMultiBodyLinkFloatData (final|[MASK] ) {
		this(""btMultiBodyLinkFloatData"", cPtr, |MASK );
	}

	protected void construct () {
		swigCMemOwn = true|MASK ) {
		super.reset(cPtr,  MASK );
	}

	|MASK );
	}

	protected void construct () {
		DynamicsJNI.btMultiBody",
417,desturi,uri,False,6,uri|uri|uri|the|uri|uri,"uri = dtm.getNodeValue(namespace);

                    if ((uri!= null && uri.length","uri = dtm.getNodeValue(namespace);

                    if ((uri!= null && uri.length|uri = getURI(prefix);

                    if ((null!= uri) && uri.equals(dt|uri))
                    {
                        handler.startPrefixMapping(prefix, srcURI, false);
                    }|the namespace
                // from the prefix.
                // String prefix = dtm.getPrefix(src|uri  = handler.getNamespaceURIFromPrefix(prefix);
                String srcURI = dtm|uri ))
                {
                    handler.startPrefixMapping(prefix, srcURI, false);
                }",
418,bucket,code,False,78,code|MASK|code|code|code|code|code|code|elements|code|code|code|code|code|Size|MASK|Size|code|MASK|MASK|MASK|MASK|MASK|MASK|requiredSize|MASK|MASK|MASK|MASK|MASK|code|MASK|code|code|) {|MASK|MASK|code|);|MASK|groups|selected|MASK|MASK|MASK|MASK|MASK|/*|);|MASK|MASK|MASK|MASK|MASK|MASK|) {|MASK|MASK|MASK|MASK|MASK|MASK|MASK|MASKe|MASKe|MASK|MASK|MASK|MASK|MASK|MASK|MASK|MASK|MASK|MASK|of|MASK|Size,"{@code  [MASK] }
 * and returns a {@link Block} with the top N","{@code  [MASK] }
 * and returns a {@link Block} with the top N| [MASK] Size;
    /**
     * {@code true} if the  [MASK] |{@code double} values are sorted in ascending order.
     * {@code false} if they are|{@code  [MASK] }s.
     * <p>
     *     The structure is|code, there are  [MASK] Size elements, based on the  [MASK]  id|{@code  [MASK] Size} elements.
     *     The first  [MASK] Size|{@code  [MASK] Size}
     *     and the  [MASK]  id (|{@code value} in the  [MASK], the  [MASK]  is stored in|elements are stored in the array from the highest index to the lowest index.
     *         The lowest|{@code  [MASK] Size} elements.
     *         The  [MASK]  is|code  has  code Size elements, it transitions to heap mode.
     *         </p>|code  transitions to heap mode, by heapifying its contents.
     *         </p>
    |code  is now in heap mode, and the values are stored in a min heap.
     *|code  and the leaves are the  code Size-th elements.
     *         </p>|Size) {
        this.bigArrays = bigArrays;
        this.order = order;
       | MASK Size =  [MASK] Size;
        this.heapMode = new BitArray(0|Size;
        this.heapMode = new BitArray(0, bigArrays);

        boolean success| code }.
     * <p>
     *     It may or may not be inserted in the heap| [MASK] ) {
        if (betterThan(value, values.get( [MASK]| MASK  *  MASK Size;
        if (inHeapMode( [MASK] )) {
           | MASK Size;
        if (inHeapMode( [MASK] )) {
            if (betterThan| [MASK]<file_sep>/*
 * Copyright Elasticsearch B.V. and/or licensed to Elasticsearch B|MASK Size);
            }
            return;
        }
        // Gathering mode
        long requiredSize|MASK Size;
        if (values.size() < requiredSize) {
            grow( [MASK|requiredSize);
        }
        long index = getNextGatherOffset(rootIndex) + rootIndex;|MASK Size;
        assert next >= 0 && next <  MASK Size
            : ""Expected next|[MASK] Size"" +
            "" but got "" + next + "" for  [MASK]|MASK] Size;
        int next = getNextGatherOffset(rootIndex);
        assert next >= |MASK );
            // We've filled the  [MASK], so we need to heapify it|MASK Size);
        } else {
            setNextGatherOffset(rootIndex, next - 1| code.
     */
    public int getBucketSize() {
        return  MASK Size;
    }| MASK Size;
    }

    /**
     * The number of  [MASK] s.
     */|code.
     * <p>
     *     The first index is inclusive, the last index is|code  has never been collected.
     */
    public Tuple<Long, Long> getBucketValues|) {
        return getBucketValuesIndexes( [MASK] );
    }

    private Tuple<Long|*  MASK Size;
        // The root index is the start of the  [MASK] |MASK Size;
        if (rootIndex >= values.size()) {
            // We've never seen|code, so it has no values.
            // We return [0, 0] to indicate|);
        long start = inHeapMode(  MASK<file_sep>/*
 * Copyright Elasticsearch B.V| MASK Size;
        assert start <= end && end <= rootIndex +  MASK Size
            : ""|groups, by merging the heaps.
        // For now, we just merge the values<file_sep>/*| = selected.getInt(s);
                var bounds = getBucketValuesIndexes( [MASK] );|[MASK] );
                var rootIndex = bounds.v1();
                var size = bounds.| MASK ); ) {
                    heapify(rootIndex, (int) size);
                }

                //| MASK ) <file_sep>/*
 * Copyright Elasticsearch B.V. and/or licensed to Elasticsearch B| MASK ) );
            var rootIndex = bounds.v1();
            var size = bounds.v|[MASK]  in heap mode or in gathering mode?
     * @param  [MASK|<file_sep>/*
 * Copyright Elasticsearch B.V. and/or licensed to Elasticsearch B.V.|);
    }

    /**
     * Set the heap mode for a  [MASK].
     */|[MASK]  rooted
     * at {@code rootIndex}.
     */
    private int getNext|MASK  rooted
     * at {@code rootIndex}.
     */
    private void setNextGather|[MASK] s.
     * <p>
     * This is a bit tricky. We want|MASK s.
     * <p>
     * This is a bit tricky. We want to grow|[MASK] s.
     * <p>
     * This is done to avoid having to re| MASK's
     * as it would be wasteful to do so.
     * <p|) {
        long oldMax = values.size();
        assert oldMax %  MASK Size ==|[MASK] Size == 0;
        assert newMax %  [MASK] Size == |[MASK] Size) * 2, PageCacheRecycler.DOUBLE_PAGE_SIZE, Double|MASK Size, PageCacheRecycler.DOUBLE_PAGE_SIZE, Double.BYTES);
        // Round| MASK s.
        newSize = (newSize +  MASK Size - 1) / |MASK Size - 1) /  MASK Size;
        values = bigArrays.resize(values|MASK Size *  MASK Size;
        values = bigArrays.resize(values, newSize);|MASK Size, false);
        // Set the next gather offsets for all newly allocated  [MASK]|MASK<file_sep><fim_prefix><fim_suffix>e.
     */
    public static final String NAME = ""name"";

    /**|MASKe s.
     * <p>
     * This is done by setting the ""next gather|=  [MASK]<file_sep>/*
 * Copyright Elasticsearch B.V. and/or licensed to|MASK Root < values.size();  [MASK] Root += getBucketSize()) {
            set|MASK Root += getBucketSize()) {
            setNextGatherOffset( [MASK] Root, next| MASK Root, nextOffset);
            nextOffset--;
        }
        // Set the next gather offsets for|MASK  of values starting at {@code rootIndex} and ending at
     * {@code rootIndex|[MASK] 
     * @param heapSize Number of values that belong to the heap.
     *|[MASK] 
     * @param heapSize Number of values that belong to the heap.
     *|[MASK] Size.
     *                 In such a case, the remaining values in range
     *|MASK] Size)
     *                 are *not* considered part of the heap.
     */
   |MASK 
     * @param parent Index within the  MASK  of the parent to check.
     *|of the parent to check.
     *               For example, 0 is the ""root"".
    |MASK Size.
     *                 In such a case, the remaining values in range
     *                 (|Size)
     *                 are *not* considered part of the heap.
     */
    private void",
419,object,value,False,2,value|value,"value) {
            script.checkMaxSize(script.geometries.size());
            script.emit","value) {
            script.checkMaxSize(script.geometries.size());
            script.emit|value );
        }

        public void emit(Geometry geometry) {
            script.checkMaxSize(script",
420,superType,MASK,False,2,MASK|MASK,[MASK]<file_sep>/src/main/java/org/apache/ibatis/reflection/,[MASK]<file_sep>/src/main/java/org/apache/ibatis/reflection/|MASK<file_sep>/src/main/java/org/apache/ibatis/reflection/factory/,
421,pathSet,MASK,False,6,MASK|MASK|MASK|MASK|MASK|MASK, [MASK]<file_sep>/jre_emul/android/platform/libcore/ojluni," [MASK]<file_sep>/jre_emul/android/platform/libcore/ojluni|[MASK]<file_sep>/jre_emul/android/platform/libcore/ojluni|MASK );
        }
    }

    @Test
    public void test_newDirectoryStream$Path$|[MASK]  = new HashSet<>();
        HashSet<Path> expectedPathSet = new HashSet<>();|MASK.add(k));
            assertEquals(expectedPathSet,  MASK );
        }
    }|MASK );
        }
    }

    @Test
    public void test_newDirectoryStream$Path$",
422,resolverChain,MASK,False,13,MASK|MASK|MASK|MASK|MASK|MASK|MASK|MASK|MASK|MASK|MASK|MASK|MASK," [MASK] ;

	private final @Nullable ResourceTransformer transformer;

	private final @Nullable"," [MASK] ;

	private final @Nullable ResourceTransformer transformer;

	private final @Nullable|[MASK], @Nullable ResourceTransformer transformer,
			@Nullable ResourceTransformerChain nextChain)|MASK, ""ResourceResolverChain is required"");
		this. [MASK]  =  [| MASK  =  [MASK] ;
		this.transformer = null;
		this.| MASK ;
		this.transformer = null;
		this.nextChain = null;
| MASK, new ArrayList<>(transformers));
		this.transformer = chain.transformer;
		this|[MASK],
			ArrayList<ResourceTransformer> transformers) {

		if (transformers| MASK, null, null);
		ListIterator<? extends ResourceTransformer> it = transformers.| MASK, it.previous(), chain);
		}
		return chain;
	}

|MASK, @Nullable ResourceTransformer transformer) {
		this( MASK, transformer, null);
| MASK  =  MASK ;
		this.transformer = transformer;
		this.nextChain|MASK ;
		this.transformer = transformer;
		this.nextChain = chain;
| MASK ;
	}

	@Override
	public ResourceTransformerChain getNext() {
		",
423,section,dexDataBuffer,False,2,dexDataBuffer|dexDataBuffer,"dexDataBuffer, int offset) {
        return dexDataBuffer.readCallSiteId();
   ","dexDataBuffer, int offset) {
        return dexDataBuffer.readCallSiteId();
   |dexDataBuffer
               <file_sep><fim_prefix><fim_suffix>dex.io.DexDataBuffer;
import com.tencent",
424,originalBucket,bucket,False,4,bucket|streamedBucket|streamedBucket|streamedBucket,"bucket = sigTerms.getBuckets().get(0);
        assertThat(bucket.getKeyAsString(),","bucket = sigTerms.getBuckets().get(0);
        assertThat(bucket.getKeyAsString(),|streamedBucket.getKeyAsString(), equalTo(bucket.getKeyAsString()));
        assertThat(streamedBucket|streamedBucket.getSubsetDf(), equalTo(streamedBucket.getSubsetDf()));
        assertThat|streamedBucket.getScore(), equalTo(streamedBucket.getScore()));
    }

    public",
425,expected,MASK,False,2,MASK|MASK,"[MASK]
    ) {
        verifyEncoding(min, max, invalidValue, allowedDiff,","[MASK]
    ) {
        verifyEncoding(min, max, invalidValue, allowedDiff,|MASK.apply(randomValue)));
        assertThat(encode.apply(randomValue), equalTo(MASK",
426,executor,) {,False,1,) {,") {
            try {
                realCompute();
            } catch (Throwable fail) {
                threadUnexpected",") {
            try {
                realCompute();
            } catch (Throwable fail) {
                threadUnexpected",
427,idpMetadataCertificates,MASK,False,2,MASK|MASK,"[MASK] = randomSubsetOf(certificates);
        final List<X509Certificate>","[MASK] = randomSubsetOf(certificates);
        final List<X509Certificate>|MASK );
        doc1.certificates.setIdentityProviderX509EncryptionCertificates( MASK );",
428,height,height,True,63,"height|height|hKnobBounds|height|vKnobBounds|height|height|height|height|getHeight|bgBottomHeight|MASK|null|MASK|;|y||Math|public|maxY|Y|setScrollPercentX|0, 1));|actorHeight|return|0, 1);|ScrollPercentY|return|flickScroll|MASK|0, 0, 0);|MASK|0, 0);|MASK|0;|0, 0);|actorArea|0, 0, 0, 0, 0, 0, 0,|0, 0, 0, 0, 0, 0, 0|height|the|width|a|MASK|param|the|MASK|contains|0, 0, 0, 0, 0, 0, 0|, 0, 0, 0, 0, 0, 0,|, 0, 0, 0, 0, 0, 0,|bounds|MASK|width|的坐标系统。 */|0, 0, 0, 0, 0, 0, 0|Math|Math|0, 0, 0, 0, 0, 0, 0|0, 0, 0, 0, 0, 0, 0|of|, 0, 0, 0, 0, 0, 0,|0, 0, 0, 0, 0, 0, 0","height is larger than the size of this scroll
 * pane, the scroll pane is sized to the","height is larger than the size of this scroll
 * pane, the scroll pane is sized to the|height * (y < vKnobBounds.y? 1 : -1));
					|hKnobBounds. [MASK] ) / total);
					lastPoint.set(x|height );
					lastPoint.set(x, y);
				}
			}

		| - vKnobBounds. [MASK] ;
					if (total!= 0) set|height, scrollV);
					lastPoint.set(x, y);
				}
		|height - vKnobBounds. [MASK] ) > actorArea. [MASK]  *|height  > 0)) //
				) {
				if (visualAmountX!= amount|height )) //
		) {
			if (visualAmountX!= amountX) {
			|  = getHeight();
		actorArea.set(bgLeftWidth, bgBottomHeight,|  - bgBottomHeight);

		if (scrollX) {
			float scrollbarHeight =|MASK] );
		}
	}

	/** @deprecated Use {@link #setScroll|null. */
	@Deprecated
	public void removeActor (Actor actor) {
		|MASK] );
		}
	}

	public void setScrollX (boolean scrollX|;
	}

	/** Called whenever the visual y scroll amount is changed. */
	| y scroll amount is changed. */
	protected void visualScrollY (float pixelsY) {|
	}

	/** Returns the x scroll amount. */
	public float getScrollX| Math.min(actorArea. [MASK], Math.max(actorArea. [MASK|	public float getScrollY () {
		return amountY;
	}

	public|maxY == 0) return 0;
		return MathUtils.clamp(visualAmount|Y, 0, 1);
	}

	public float getScrollPercentX ()| setScrollPercentX (float percent) {
		scrollX(MathUtils.clamp(percent| 0, 1));
	}

	public float getScrollPercentY () {
	|  / actorHeight));
		}
	}

	/** Called whenever the x scroll amount| 0) return 0;
		return MathUtils.clamp(amountY / maxY|0, 1);
	}

	public void setScrollPercentY (float percentY|ScrollPercentY (float percentY) {
		scrollY(maxY * MathUtils.| return;
		this.flickScroll = flickScroll;
		if (flick| flickScroll;
		if (flickScroll) {
			if (scrollX)|MASK]  = 0;
		if (style.vScrollKnob!= null)|0, 0, 0);
		if (style.vScrollKnob!= null|MASK] );
		}
		if (style.vScrollKnob!= null) {|0, 0);
		}
	}

	/** Returns the x scroll amount in|MASK] );
		if (style.vScrollKnob!= null)  [MASK]|0;
		if (style.vScrollKnob!= null)  [MASK] |0, 0);
		if (style.hScrollKnob!= null) style.|0, actorArea.width, actorArea. [MASK] );
	}

	/**|0, 0, 0, 0, 0, 0, 0,| 0, 0, 0, 0, 0, 0, 0| height = 0;
		if (style.vScrollKnob!= null) height =| the specified rectangle is fully in view, if possible. Coordinates are in the scroll pane actor's coordinate|	width = Math.max(width, style.vScroll.getMinWidth());
		return| a single child.
	 * @see #setActor(Actor) */
	@Deprecated
|MASK]  = Math.max( [MASK], style.vScroll.getMinHeight());
	| * @param x The x scroll amount in pixels.
	 * @param y The y scroll amount| the scroll pane. */
	public void setFlingTime (float flingTime) {|MASK]  = 0;
		if (style.hScrollKnob!= null)|contains(x, y)) return this;
		if (scrollX && x < 0| 0, 0, 0, 0, 0, 0, 0|, 0, 0, 0, 0, 0, 0, |, 0, 0, 0, 0, 0, 0, | bounds and will animate back to its bounds when scrolling is stopped. */
	public void scrollTo|MASK], y + actorArea. [MASK] );
		scrollY(MathUtils.| width - actorArea.width);
		scrollX(MathUtils.clamp(amountX,|的坐标系统。 */
	public void scrollTo (float x, float y, float width| 0, 0, 0, 0, 0, 0, 0|  = Math.max( [MASK], style.hScroll.getMinHeight());
		|  = Math.max( [MASK], style.hScroll.getMinHeight());
		| 0, 0, 0, 0, 0, 0, 0| 0, 0, 0, 0, 0, 0, 0|  of the scrolled viewport. */
	public void setActorArea (float x, float|, 0, 0, 0, 0, 0, 0, | 0, 0, 0, 0, 0, 0, 0",
429,rhsElem,MASK,False,6,MASK|MASK|describer|rhsElem|rhsElem|describerDesc," [MASK]  = rhs.get(i);
                if ( [MASK]  == null"," [MASK]  = rhs.get(i);
                if ( [MASK]  == null|MASK  == null) {
                    continue;
                }
                final String  [MASK] Desc =|  = describer!= null? describer.describe( [MASK] ) :  [MASK|rhsElem) : rhsElem.toString();
                if (!lhsDescs.remove(rhsElem| rhsElem.toString();
                if (!lhsDescs.remove( rhsDesc )) {
                    has|describerDesc)) {
                    hasAddedElemDesc = true;
                    break;
                }
                ++",
430,actualLatn,dfLatn,False,3,dfLatn|MASK|);," = dfLatn.format(now);
        if (!out.equals(expected)) {
           "," = dfLatn.format(now);
        if (!out.equals(expected)) {
           |  [MASK] );
        }
        if (f.equals(null)) {
            errln|);
        }
    }

    @Test
    public void TestDateFormatLocalizedPatternChars() {
        //",
431,addArr,addLastArr,False,2,addLastArr|addLastArr,"addLastArr<file_sep><fim_prefix><fim_suffix>  }

    @Override
    public void onDestroy() {
        super","addLastArr<file_sep><fim_prefix><fim_suffix>  }

    @Override
    public void onDestroy() {
        super|addLastArr);
        Assert.assertArrayEquals(new int[]{-2, -1, 0",
432,oninvokeInstance,oninvokeInstance,True,5,oninvokeInstance|oninvokeInstanceethod|oninvokeInstance|oninvokeInstanceethod|oninvokeInstance,"oninvokeInstance;

    // callback instance when async-call is returned
    private Object onreturnInstance","oninvokeInstance;

    // callback instance when async-call is returned
    private Object onreturnInstance|oninvokeInstance<file_sep><fim_prefix><fim_suffix>ethod.invoke(proxy, args);
        } catch (Throwable|oninvokeInstance) {
        this.oninvokeInstance = oninvokeInstance;
    }

    public|oninvokeInstanceethod =  oninvokeInstance ;
    }

    public Object getOninvokeMethod|oninvokeInstance ;
    }

    public Object getOninvokeMethod() {
        return  oninvoke",
433,target,actualt,False,2,actualt|actualt,"actual<file_sep><fim_prefix><fim_suffix>t.name = 'butterknife-gradle-plugin'
<fim_middle>/","actual<file_sep><fim_prefix><fim_suffix>t.name = 'butterknife-gradle-plugin'
<fim_middle>/|actualt, tree);
      fail();
    } catch (IllegalStateException e) {
      assertThat(e",
434,buffer,buffer,True,3,buffer|buffer|buffer,buffer<file_sep>/lottie/src/main/java/com/airbnb/lottie/,buffer<file_sep>/lottie/src/main/java/com/airbnb/lottie/|buffer<file_sep>/lottie/src/main/java/com/airbnb/lottie/|buffer<file_sep>/lottie/src/main/java/com/airbnb/lottie/,
435,parentDirName,e,False,3,"e|matcher|.+"" )) {"," <file_sep><fim_prefix><fim_suffix>e.get(0).get(""name"").getAsString().equals(""foo"," <file_sep><fim_prefix><fim_suffix>e.get(0).get(""name"").getAsString().equals(""foo|.*)"".matcher(version);
        return matcher.matches()? matcher.group(1)|"".+"" )) {
                    setFileAttributes(file, BIN_FILES_PERMS);
                }",
436,processor,processor,True,3,processor|processor|processor,"processor = new FailProcessor(randomAlphaOfLength(10), null, new TestTemplateService","processor = new FailProcessor(randomAlphaOfLength(10), null, new TestTemplateService|processor.setIngestDocument(ingestDocument);
            processor<file_sep><fim_prefix><fim_suffix>e.
 */

|processor should have<file_sep>/*
 * Copyright Elasticsearch B.V. and/or licensed to Elasticsearch B",
437,referencingUpdates,MASK,False,8,MASK|MASK|MASK|MASK|MASK|MASK|MASK|MASK," [MASK]  = new HashMap<>();
            Map<EntityIdValue, ItemEditBuilder>  ["," [MASK]  = new HashMap<>();
            Map<EntityIdValue, ItemEditBuilder>  [|[MASK].get(pointer);
                    if (referencingBuilder == null) {
                        referencing|[MASK].put(pointer, referencingBuilder);
                } else if (pointers.size()|MASK.entrySet()) {
                ItemEdit pointerUpdate = entry.getValue().build();
                UpdateSequence|MASK  = new HashMap<>();

            for (StatementEdit statement : update.getStatementEdits())|MASK.get(pointer);
                    if (referencingBuilder == null) {
                        referencingBuilder =|MASK.put(pointer, referencingBuilder);
                } else if (pointers.size() == |MASK.entrySet()) {
                MediaInfoEdit pointerUpdate = entry.getValue().build();
                Update",
438,snapshotShardSizeInfo,snapshotShardSizeInfo,True,2,snapshotShardSizeInfo|snapshotShardSizeInfo,"snapshotShardSizeInfo = new SnapshotShardSizeInfo(
            Map.of(new InternalSnapshotsInfo","snapshotShardSizeInfo = new SnapshotShardSizeInfo(
            Map.of(new InternalSnapshotsInfo|snapshotShardSizeInfo
        );
        clusterState = service.reroute(clusterState, ""rer",
439,inferenceEntityId,MASK,False,7,MASK|MASK|MASK|idAndProject|()|model|ProjectId," [MASK], ProjectId project, ActionListener<Model> listener) {
        getEndpoint( ["," [MASK], ProjectId project, ActionListener<Model> listener) {
        getEndpoint( [|[MASK], projectResolver.getProjectId());
        var cachedModel = cacheEnabled()? cache| MASK );
            listener.onResponse(cachedModel);
        } else {
            loadFromIndex(|, idAndProject.projectId, listener.delegateFailureAndWrap(model -> {
            if (|()
                    )
                );

            var model = service.parsePersistedConfigWithSecrets(
                un|model(),
                unparsedModel.service(),
                unparsedModel.version(),
                unparsedModel|, ProjectId projectId) {}

    private record InferenceIdAndProject(String <file_sep>/*
 *",
440,entry,MASK,False,5,MASK|MASK|MASK|MASK|MASK,"  [MASK]<file_sep><fim_prefix><fim_suffix>e.get(0).get(""name"").value();
       ","  [MASK]<file_sep><fim_prefix><fim_suffix>e.get(0).get(""name"").value();
       |MASK.startsWith(""META-INF/versions/"") == false && MASK.startsWith(""META-INF|MASK.endsWith(""module-info.java"") == false) {
                    if (ext.getResource| MASK )!= null) {
                        detected.add( [MASK].replace(""/"", ""."").replace| MASK.replace('/', '.').replace("".class"", """"));
                    } else if (ext.getResource(""",
441,parsedate,Locale,False,7,Locale|PatternInstance|buf||cal|T07|u516b,"Locale(""en_US@calendar=gregorian"")),
            DateFormat.getPatternInstance(pattern","Locale(""en_US@calendar=gregorian"")),
            DateFormat.getPatternInstance(pattern|PatternInstance(pattern, new ULocale(""en_US@calendar=islamic"")),
           |], buf, fpos);
            if (buf.length() == 0) {
                err|
                    continue;
                }
                calendars[j].setTime(d);
                buf.setLength| = cal.getTime();
        String expected = ""BC 4004-10-|1004-10-23T07:00:00Z|10\u516b\u65e5"" ),
            new SimpleDateFormat(""",
442,aggregationToJsonProcessor,processor,False,3,processor|CompositeAggregation|afterKeyTimeBucket,"processor = new AggregationToJsonProcessor(
            context.queryContext.timeField,
            context.","processor = new AggregationToJsonProcessor(
            context.queryContext.timeField,
            context.|CompositeAggregation compositeAgg = aggs.get(compositeAggregationBuilder.getName());
        afterKey =|afterKeyTimeBucket!= null && afterKeyTimeBucket < context.queryContext.end;
       ",
443,newIndex,newIndex,True,2,newIndex|newIndex,"newIndex<file_sep><fim_prefix><fim_suffix>  }

    public void setType(int type) {
        this.","newIndex<file_sep><fim_prefix><fim_suffix>  }

    public void setType(int type) {
        this.|newIndex);
    }

    @Override
    protected void updateIndexOrOffset(SparseIndexMap sparse",
444,printer,printer,True,2,printer|actual,"printer, StarlarkSemantics semantics) {
    actual.repr(printer, semantics);
  }","printer, StarlarkSemantics semantics) {
    actual.repr(printer, semantics);
  }|actual.repr(printer);
  }

  @Override
  public String toString(String indent) {",
445,message,index,False,3,index|message|message,"index"", index.getName());
            map.put(""elasticsearch.slowlog.type"", doc.","index"", index.getName());
            map.put(""elasticsearch.slowlog.type"", doc.|message<file_sep>/*
 * Copyright Elasticsearch B.V. and/or licensed to Elasticsearch B.V|message, e);
            } catch (RuntimeException e) {
                StringBuilder sb = new StringBuilder(""_failed",
446,sampleToCompute,instance,False,2,instance|instance,"instance     = createInstance.get();
    long computedSize = ShallowObjectSizeComputer.get","instance     = createInstance.get();
    long computedSize = ShallowObjectSizeComputer.get|instance);
    assertThat(computedSize).isGreaterThan(0);
    assertThat(computedSize).is",
447,eventType,MASK,False,31,MASK|incidentKey|MASK|incidentKey|MASK|Fields|getPreferredName|MASK|MASK|account|incidentKey|incidentKey|incidentKey|Fields|contexts|incidentKey|MASK|MASK|MASK|MASK|incidentKey|Fields|MASK|MASK|this|incidentKey|PAYLOAD|MASK||this|;," [MASK] ;
    @Nullable
    final String account;

    public IncidentEvent(
        String"," [MASK] ;
    @Nullable
    final String account;

    public IncidentEvent(
        String|incidentKey,
        @Nullable String client,
        @Nullable String clientUrl,
        @Nullable String|MASK =  [MASK] ;
    }

    public static IncidentEvent parse(String watchId|incidentKey)? incidentKey : watchId;
    }

    public static IncidentEvent parse(|MASK : incidentKey;
        this.attachPayload = attachPayload;
        this.contexts = contexts|Fields.CONTEXTS.getPreferredName(),
                            parser.currentName()
                        );
                    }
           |getPreferredName()
                        );
                    }
            } else if (Fields.CLIENT_URL.match| MASK, contexts, proxy);
    }

    public static class Builder {

        final TextTemplate description;|  MASK  );
        } else if (Fields.ATTACH_PAYLOAD.match(currentFieldName,| account;
        final Boolean attachPayload;
        final IncidentEventContext.Template[] contexts;
       | incidentKey,
            TextTemplate client,
            TextTemplate clientUrl,
            String account,
            Boolean|incidentKey = incidentKey;
            this.client = client;
            this.clientUrl = client| incidentKey ;
            this.client = client;
            this.clientUrl = clientUrl;
           |Fields.CONTEXT_DEPRECATED.getPreferredName(), contexts);
        }

        public static class Builder {|contexts);
            }
        }
    }

    public static class IncidentEventDefaults {

        final String|incidentKey, client, clientUrl, account, attachPayload, contexts, proxy);
        }

       | [MASK]  =  [MASK] ;
            }

            public Builder setIncidentKey(Text|MASK ;
            boolean attachPayload = this.attachPayload!= null? this.attachPayload : defaults| MASK, model) : defaults. [MASK] ;
            boolean attachPayload = this.attachPayload|MASK;
            boolean attachPayload = this.attachPayload!= null? this.attachPayload : defaults| incidentKey, client, clientUrl, account, attachPayload, contexts, proxy);
        }

       |Fields.CONTEXT_DEPRECATED.match(currentFieldName, parser.getDeprecationHandler())) {
                       |MASK);
            }
            if (attachPayload!= null) {
                builder.field(Fields.| [MASK] ;
            String account = null;
            HttpProxy proxy = null;
            Boolean attach|this.contexts.add(context);
                        }
                    } else {
                        throw new ElasticsearchParseException(|incidentKey, incidentKey, client, clientUrl, account, attachPayload, contexts, proxy);| PAYLOAD = new ParseField(""payload"");
        ParseField ROUTING_KEY = new Parse|   MASK  ) {
                this. MASK  =  MASK  ;
                return this;
           |
<file_sep><fim_prefix><fim_suffix>e.get(0).get(""name"").toString());
        assertEquals(""1| this.contexts.toArray(new IncidentEventContext.Template[this.contexts.size()]);|;
            }
        }

        public static class IncidentEventDefaults {

            final String description;
           ",
448,settingKey,name,False,2,name|name,"name) {
        return randomFrom(Settings.EMPTY, Settings.builder().put(name,","name) {
        return randomFrom(Settings.EMPTY, Settings.builder().put(name,|name, randomBoolean()).build());
    }

    private static Settings randomBooleanSetting(String  name",
449,idleTask,"*/ 0,",False,5,"*/ 0,|e|DiskCacheGarbageCollectorIdleTask|src|DiskCacheGarbageCollectorIdleTask","  */ 0,
        /*   */ 0,
        /*   */ 0,
       ","  */ 0,
        /*   */ 0,
        /*   */ 0,
       |<file_sep><fim_prefix><fim_suffix>e.

<pre class=""prettyprint lang-py"">
def _|(DiskCacheGarbageCollectorIdleTask) env.getIdleTasks().get(0))
        |(<file_sep>/src/main/java/com/google/devtools/build/lib/analysis|(DiskCacheGarbageCollectorIdleTask) env.getIdleTasks().get(0))
        ",
450,deltaX,deltaX,True,4,deltaX|deltaX|deltaX|deltaX,"deltaX, float velocityY) {
				if (velocityX!= 0 || velocityY","deltaX, float velocityY) {
				if (velocityX!= 0 || velocityY|deltaX = 0;
				if (!scrollY) deltaY = 0;
			|deltaX;
				amountY -=  deltaY;
				clamp();
				if (|deltaX!= 0 || deltaY!= 0)) cancelTouchFocus();
			}

		",
451,pathFragmentString,e,False,2,e|a," <file_sep><fim_prefix><fim_suffix>e.

## 0.1.0

* Initial release"," <file_sep><fim_prefix><fim_suffix>e.

## 0.1.0

* Initial release|/a/path/fragment/with/lots/of/parts"");
  }

  @Test",
452,context,MASK,False,5,MASK|MASK|MASK|context|context,"[MASK].bean.override.mockito;

import org.junit.jupiter.api","[MASK].bean.override.mockito;

import org.junit.jupiter.api|[MASK].context.annotation.MockitoBean;
import org.springframework.test. [|MASK.junit.jupiter.MockitoBean;
import org.springframework.test. MASK.junit|context) throws Exception {
			String name = context.getTestMethod().get().getName();

		|context.getRequiredTestMethod().getName();

			// Should not have been reset.
			assertThat",
453,description,description,True,20,description|MASK|MASK|description|MASK|MASK|MASK|MASK|MASK|MASK|MASK|MASK|MASK|MASK|MASK|MASK|MASK|MASK|MASK|MASK,"description"");

    public static final String CALENDAR_TYPE_DESCRIPTION = ""A calendar object for","description"");

    public static final String CALENDAR_TYPE_DESCRIPTION = ""A calendar object for| [MASK] ;

    /**
     * {@code jobIds} can be a mix of job groups|[MASK]  An optional  [MASK]
     */
    public Calendar(String id, String|description
     * @throws NullPointerException if {@code id} or {@code jobIds} is {@code|MASK) {
        this.id = Objects.requireNonNull(id, ID.getPreferredName()| [MASK]<file_sep>/*
 * Copyright Elasticsearch B.V. and/or licensed to Elasticsearch B|MASK<file_sep>/server/src/main/java/org/elasticsearch/index/mapper/Mapper| MASK  = in.readOptionalString();
    }

    /**
     * {@code jobIds}| MASK ;
    }

    public String getMask() {
        return  MASK<file_sep><fim_prefix><fim_suffix>e.| MASK );
    }

    public static Calendar fromStreamInput(StreamInput in) throws IOException {
       | MASK != null) {
            builder.field(DESCRIPTION.getPreferredName(),  MASK );|MASK );
        }
        if (params.paramAsBoolean(ToXContentParams.FOR_|MASK<file_sep>/x-pack/plugin/core/src/main/java/org/elasticsearch| MASK<file_sep>/server/src/main/java/org/elasticsearch/index/mapper/Mapper|MASK<file_sep>/x-pack/plugin/core/src/main/java/org/elasticsearch| MASK<file_sep>/x-pack/plugin/core/src/main/java/org/elasticsearch| MASK ) {
            this. MASK  =  MASK ;
            return this;
        }

        public| MASK  =  MASK ;
            return this;
        }

        public Calendar build() {
            return| MASK ;
            return this;
        }

        public Builder addJobIds(String... jobIds)| MASK );
        }

        @Override
        public boolean equals(Object obj) {
            if (obj",
454,newThr,= 0;,False,6,= 0;|newCap|int|e|if|;," = 0;
        if (oldCap > 0) {
            if (oldCap >="," = 0;
        if (oldCap > 0) {
            if (oldCap >=|    newCap = oldCap << 1; // double capacity
            }
            else if ((new|  = (int)(DEFAULT_LOAD_FACTOR * DEFAULT_INITIAL_CAPACITY);
        }| (e = e.next)!= null) {
                if (e.hash == hash &&
                   |   if (binCount >= TREEIFY_THRESHOLD - 1) // -1 for |;
        return newTab;
    }

    /**
     * Returns a shallow copy of this <tt",
455,leftIndex,leftIndex,True,3,leftIndex|leftIndexe|leftIndex,leftIndex<file_sep>/server/src/main/java/org/elasticsearch/index/mapper/,"leftIndex<file_sep>/server/src/main/java/org/elasticsearch/index/mapper/|leftIndex<file_sep><fim_prefix><fim_suffix>e.get(0).get(0).get(0).get|leftIndex;
                }
                int rightChild = leftChild + 1;
                long rightIndex",
456,image,MASK,False,11,MASK|MASK|MASK|common|MASK|images|images|image|images|image|image,"[MASK] pipeline.producers;

import static org.mockito.ArgumentMatchers.any","[MASK] pipeline.producers;

import static org.mockito.ArgumentMatchers.any|MASK pipeline.Consumer;
import com.facebook. [MASK] pipeline.Producer;
import|MASK pipeline.core.Consumer;
import com.facebook. MASK pipeline.core.Producer;|common.EncodedImage;
import com.facebook. MASK pipeline.core.Consumer;
import|MASK pipeline.core.Consumer;
import com.facebook. MASK pipeline.core.Producer;|images) {
    for (int i = 0; i < images.length; i++)|images s.length; i++) {
      final EncodedImage  [MASK]  = |image =  images s[i];
      whenProduceResultsCalledTrigger(
          mThumbnailProducers| images s[i];
      whenProduceResultsCalledTrigger(
          mThumbnailProducers[i],|image  == null) {
                consumer.onNewResult(null, Consumer.IS_LAST| image  == null? null :  image );
              }
            }
          });
    }
  }",
457,parentIndex,MASK,False,3,MASK|rootIndex|MASK,"  [MASK]  = rootIndex + parent;
            int worst = parent;
            long worst","  [MASK]  = rootIndex + parent;
            int worst = parent;
            long worst|rootIndex + worst;
            // The following is equivalent to:
            // int leftChild = parent|MASK);
            MASK = worstIndex;
            parent = worst;
        }
    }

    /**
    ",
458,proxyThreads,threads,False,4,threads|threads|threads|threads,"threads = new Thread[2];
    threads[0] = new Thread(() -> worker1.","threads = new Thread[2];
    threads[0] = new Thread(() -> worker1.|threads[0] = Thread.currentThread();
              }

              return worker1.getResponse(3);|threads [1] = Thread.currentThread();
              }
              return worker2.getResponse(42|threads)) {
      Thread.sleep(1);
    }

    WorkResponse fakedResponse1 =",
459,title,name,False,3,name|MASK|MASK,"name, Supplier<String> text, int expectedLength) {
        return makeTestCases(name","name, Supplier<String> text, int expectedLength) {
        return makeTestCases(name|[MASK]  + "" with string"",
                List.of(DataType.STRING),
                ()|MASK<file_sep>/x-pack/plugin/ent-search/src/main/java/org",
460,spawn,MASK,False,18,MASK|MASK|MASK|MASK|MASK|We|MASK|MASK|MASK|MASK|MASK|MASK|MASK|MASK|createSpawn|createSpawn|createSpawn|createSpawn," [MASK]  = createSpawn(getFalseCommand());
    executor.getContext(SpawnStrategyResolver"," [MASK]  = createSpawn(getFalseCommand());
    executor.getContext(SpawnStrategyResolver|[MASK], createContext());

    if (OS.getCurrent()!= OS.WINDOWS) {|[MASK] ) throws Exception {
    return executor.getContext(SpawnStrategyResolver.class).exec| MASK, createContext());
  }

  private void run(Spawn  MASK ) throws Exception {
   |[MASK] ;
    if (OS.getCurrent() == OS.WINDOWS) {
       [MASK|// We use cmd.exe as an alternative, the caveat is that the command will have some|[MASK]<file_sep>/src/main/java/com/google/devtools/build/lib| MASK<file_sep>/src/main/java/com/google/devtools/build/lib/analysis|[MASK]  = createSpawn(getTrueCommand());
    run( [MASK] );
   |[MASK]  = createSpawn(CMD_EXE, ""/c"", ""cd"");
    }|MASK  = createSpawn(""/bin/pwd"");
    }
    run( MASK );
    assertThat(|MASK );
    if (OS.getCurrent() == OS.WINDOWS) {
      assertThat(out().|MASK ;
    if (OS.getCurrent() == OS.WINDOWS) {
       MASK  = create| MASK );
    HashSet<String> environment = Sets.newHashSet(out().split(System.|= createSpawn(getFalseCommand());
    run( MASK );
    assertThat(out()).isEmpty();|createSpawn = createSpawn(CMD_EXE, ""/c"", ""echo Oops!>&2|createSpawn  = createSpawn(""/bin/sh"", ""-c"", ""echo Oops! >&|createSpawn );
    assertThat(err()).isEqualTo(""Oops!"" + System.lineSeparator());
   ",
461,incReceiverNodes,incNames,False,2,incNames|newObjs,"incNames = new HashSet<>(newObjs);
        incNames.removeAll(oldObjs);
        if","incNames = new HashSet<>(newObjs);
        incNames.removeAll(oldObjs);
        if|newObjs) {
            final String newDesc = describer!= null? describer.describe(",
462,transportVersions,transportVersions,True,3,transportVersions|transportVersions|transportVersions,"transportVersions = IntStream.range(0, randomIntBetween(2, 10))","transportVersions = IntStream.range(0, randomIntBetween(2, 10))|transportVersions);
        Collections.shuffle( transportVersions, random()<file_sep>/server/src/main|transportVersions
           <file_sep>/server/src/main/java/org/elasticsearch/search/aggreg",
463,returnedRecord,MASK,False,13,MASK|MASK|MASK|MASK|MASK|MASK|MASK|MASK|MASK|MASK|MASK|MASK|MASK,"[MASK]  = mapper.selectByPrimaryKey(generatedCustomerId);

      assertEquals(generatedCustomerId,","[MASK]  = mapper.selectByPrimaryKey(generatedCustomerId);

      assertEquals(generatedCustomerId,|MASK.getCustomerId());
      assertEquals(record.geteMail(),  MASK.geteMail|MASK.geteMail());
      assertEquals(record.getEmailaddress(),  MASK.getEmailaddress());|MASK.getEmailaddress());
      assertEquals(record.getFirstFirstName(),  MASK.getFirstFirstName());
     |MASK.getFirstFirstName());
      assertEquals(record.getFrom(),  MASK.getFrom());
     |MASK.getFrom());
      assertEquals(record.getId1(),  MASK.getId1());
     |MASK.getId1());
      assertEquals(record.getId2(),  MASK.getId2());
     |MASK.getId2());
      assertEquals(record.getId5(),  MASK.getId5());
     |MASK.getId5());
      assertEquals(record.getId6(),  MASK.getId6());
     |MASK.getId6());
      assertEquals(record.getId7(),  MASK.getId7());
     |MASK.getId7());
      assertEquals(record.getSecondFirstName(),  MASK.getSecondFirstName|MASK.getSecondFirstName());
      assertEquals(record.getThirdFirstName(),  MASK.getThird|MASK.getThirdFirstName());
    }
  }

  @Test
  void awfulTableSelect()",
464,parsedInferenceConfig,MASK,False,2,MASK|MASK,"[MASK] = TransportPutTrainedModelAction.parseInferenceConfigFromModelPackage(
            Collections","[MASK] = TransportPutTrainedModelAction.parseInferenceConfigFromModelPackage(
            Collections|MASK);
    }

    public void testParseInferenceConfigFromModelPackage_ThrowsExceptionForUnknownInference",
465,regex,concurrent,False,5,concurrent|concurrent|MASK|MASK|MASK,"concurrent.atomic.AtomicReferenceArray;
import java.util.concurrent.atomic.DoubleAccumulator","concurrent.atomic.AtomicReferenceArray;
import java.util.concurrent.atomic.DoubleAccumulator|concurrent.Matcher;
import java.util. concurrent.Matcher;
import java.util.| [MASK]<file_sep>/jre_emul/android/platform/libcore/ojluni|MASK == null)? null : Pattern.compile(MASK);
    }

    /**
     * The number|MASK);
    }

    /**
     * The number of milliseconds that tests are permitted for
     * execution",
466,expectedCollection,MASK,False,12,MASK|MASK|MASK|MASK|MASK|MASK|MASK|MASK|MASK|MASK|MASK|MASK," [MASK]  = copyToList(collection);

      multimap().remove(key, value);"," [MASK]  = copyToList(collection);

      multimap().remove(key, value);|[MASK].remove(value);

      assertEqualIgnatingOrder( [MASK], collection| MASK, collection);
      assertEquals(!  MASK.isEmpty(), multimap().containsKey(key));
   | MASK.isEmpty(), multimap().containsKey(key));
    }
  }

  @MapFeature.|[MASK]  = copyToList(collection);

      multimap().remove(key, value);|MASK.remove(value);

      assertEqualIgnoringOrder( MASK, collection);
      assertEquals(!|MASK, collection);
      assertEquals(! MASK.isEmpty(), multimap().containsKey(key));
    }| MASK.isEmpty(), multimap().containsKey(key));
    }
  }

  @MapFeature.|MASK  = copyToList(collection);

      multimap().remove(key, value);
       MASK|MASK.remove(value);

      assertEqualIgnoringOrder( MASK, collection);
      assertEquals(!| MASK, collection);
      assertEquals(!  MASK.isEmpty(), multimap().containsKey(key));
   | MASK.isEmpty(), multimap().containsKey(key));
    }
  }

  @MapFeature.",
467,invocationOnMock,invocation,False,4,invocation|invocation|MASK|MASK,invocation<file_sep>/library/test/src/test/java/com/bumptech/glide/,"invocation<file_sep>/library/test/src/test/java/com/bumptech/glide/|invocation<file_sep>/library/test/src/test/java/com/bumptech/glide/|[MASK] ) {
                GlideUrl glideUrl = (GlideUrl)  [|MASK.getArguments()[0];
                int width = (Integer)  MASK.getArguments()[",
468,selected,evaluateIntermediate,False,5,evaluateIntermediate|MASK|MASK|MASK|MASK,"evaluateIntermediate(Block[] blocks, int offset, IntArrayBlock  [MASK] ) {
   ","evaluateIntermediate(Block[] blocks, int offset, IntArrayBlock  [MASK] ) {
   |[MASK],
      GroupingAggregatorEvaluationContext ctx) {
    state.enableGroupIdTracking(|MASK );
  }

  @Override
  public void evaluateIntermediate(Block[] blocks, int offset,| MASK ) {
    state.toFinal(blocks, offset,  MASK, driverContext);
 |MASK, ctx.driverContext());
    blocks[offset + 1] = state.toSeen",
469,flushablePool,MASK,False,42,MASK|0);|10);|MASK|getFree|max|MASK|getFree|max|MASK|MASK|getFree|MASK|getFree|assertEquals|getFreet|MASK|MASK|MASK|getFree|MASK|getFree|MASK|MASK|MASK|MASK|MASK|MASK|MASK|MASK|MASK|MASK|MASK|MASK|MASK|MASK|MASK|MASK|MASK|MASK|MASK|MASK," [MASK]  = new FlushablePoolClass();
		assertEquals(0,  [MASK"," [MASK]  = new FlushablePoolClass();
		assertEquals(0,  [MASK|0);
		assertEquals(Integer.MAX_VALUE,  [MASK].max);
|10);
	}

	@Test
	public void initializeFlushablePoolTest4|[MASK]  = new FlushablePoolClass(10);
		assertEquals(0,|0);.getFree());
		assertEquals(10,  10);.max|10);.max);
	}

	@Test
	public void initializeFlushable|MASK  = new FlushablePoolClass(10, 10);
		assertEquals(|0);.getFree());
		assertEquals(10,  max.max);
	|10.max);
	}

	@Test
	public void initializeFlushablePool| [MASK]  = new FlushablePoolClass(10, 10);
		|[MASK].newObject();
		assertEquals(0,  getFree.getFree());|1,  getFree());
	}

	@Test
	public void obtainTest2|[MASK].obtain();
		assertEquals(1,  getFree.obtained.size|1,  getFree.obtained.size);
	}

	@Test
	|assertEquals(0,  getFree.free.size);
	}

	@Test
|0,  getFree<file_sep><fim_prefix><fim_suffix>t.get(i);
			if (child instanceof|[MASK]  = new FlushablePoolClass(10, 10);
		 [|[MASK].newObject();
		 [MASK].newObject();
		assertEquals(0|[MASK].newObject();
		assertEquals(0,  getFree.obtained.|0);.getFree());
		assertEquals(1, .obtained.size);
		|[MASK].flush();
		assertEquals(0,  getFreet.obtained.|0,  getFree.obtained.size);
	}

	@Test
	|[MASK]  = new FlushablePoolClass(10, 10);
		 [|MASK.newObject();
		 MASK.obtain();
		assertEquals(1,  getFree.|MASK.obtain();
		assertEquals(1,  getFree.obtained.size);
		|[MASK].obtain();
		String element2 =  [MASK].obtain();

	|MASK.obtain();

		// Test preconditions.
		assertTrue( [MASK].obt|[MASK].obtained.contains(element1, true));
		assertTrue( [MASK|[MASK].obtained.contains(element2, true));

		// Free element and|[MASK].free(element1);
		assertFalse( [MASK].obtained.|[MASK].obtained.contains(element1, true));
		assertFalse( [MASK| MASK.obtained.contains(element2, true));

		// Free element and check contain|MASK  = new FlushablePoolClass(10, 10);
		 MASK.new|MASK.newObject();
		 MASK.newObject();

		// Obtain the elements.
	|MASK.newObject();

		// Obtain the elements.
		final String element1 =|[MASK].obtain();
		final String element2 =  [MASK].obtain();|MASK.obtain();

		// Test preconditions.
		assertTrue( MASK.obtained.|[MASK].obtained.contains(element1, true));
		assertTrue( [MASK|MASK.obtained.contains(element2, true));

		// Free elements and check contain|MASK.freeAll(elementArray);
		assertFalse( [MASK].obtained.contains|MASK.obtained.contains(element1, true));
		assertFalse( MASK.obtained|MASK.obtained.contains(element2, true));

		// Free elements and check contain",
470,isDesignatedInitializer,needsTypeLiteral,False,5,needsTypeLiteral|hasDesignatedInitializer|needsDesignatedInitializer|hasDesignatedInitializer|hasDesignatedInitializer,"needsTypeLiteral() {
    return!typeElement.getKind().isInterface()
        &&!","needsTypeLiteral() {
    return!typeElement.getKind().isInterface()
        &&!|hasDesignatedInitializer = false;
    for (ExecutableElement method : ElementUtil.getOverridden|needsDesignatedInitializer (m.getExecutableElement());
    if ( [MASK] ) {
     |hasDesignatedInitializer ) {
      println(""J2OBJC_IGNORE_DESIGNATED_|hasDesignatedInitializer ) {
      println(""J2OBJC_IGNORE_DESIGNATED_",
471,codePoint,cp,False,2,"cp|;"");",  cp<file_sep><fim_prefix>/src/main/java/org/xmlpull/v1/Xml,"  cp<file_sep><fim_prefix>/src/main/java/org/xmlpull/v1/Xml|"";"");
    }

    public void docdecl(String dd, String dtd) throws IOException {",
472,artifactsResults,MASK,False,2,MASK|MASK,[MASK]<file_sep>/spring-boot-project/spring-boot-tools/spring-boot,"[MASK]<file_sep>/spring-boot-project/spring-boot-tools/spring-boot|MASK) {
					artifactResult.getArtifacts(SourcesArtifact.class).forEach(sourceArtifact",
473,connection,way,False,3,way|resolve|);,"way
     */
    private static void setFileAttributes(Path path, String permissions) throws IOException {","way
     */
    private static void setFileAttributes(Path path, String permissions) throws IOException {|.resolve(PluginDescriptor.NAMED_COMPONENTS_FILENAME);
    }

    /**
     * Return the|);
    }

    private static final String PLUGIN_MALFORMED;

    static {
       ",
474,rayCallback,MASK,False,9,MASK|MASK|MASK|MASK|MASK|MASK|MASK|MASK|MASK,"[MASK], Vector3 aabbMin, Vector3 aabbMax, Vector3 rayA","[MASK], Vector3 aabbMin, Vector3 aabbMax, Vector3 rayA|[MASK] ),  [MASK], aabbMin, aabbMax);
	}|MASK, aabbMin, aabbMax);
	}

	public void rayTest (|[MASK], Vector3 aabbMin, Vector3 aabbMax,
		Vector3|MASK ),  MASK, aabbMin);
	}

	public void rayTest (Vector|MASK<file_sep>/src/com/badlogic/gdx/physics/bullet/collision/btCollisionWorld|MASK ) {
		CollisionJNI.btAxisSweep3InternalShort_rayTest__SWIG_|MASK ),  MASK );
	}

	public void aabbTest (Vector3 aabb|MASK );
	}

	public void rayTest (Vector3 rayFrom, Vector3 ray",
475,argumentCount,argumentCount,True,2,argumentCount|argumentCount,"argumentCount) {
    if (reference == null) {
      throw new NullPointerException(
          ""@Auto","argumentCount) {
    if (reference == null) {
      throw new NullPointerException(
          ""@Auto|argumentCount
              + "" in ""
              + FactoryImplementingGenericInterfaceExtension.class.getCanonicalName",
476,health,actuator,False,15,actuator|MASK|getHealth|MASK|MASK|MASK|MASK|MASK|MASK|MASK|this|MASKt|MASK|MASKt|MASKtt,"actuator.health;

import org.springframework.boot.actuator.health.Health","actuator.health;

import org.springframework.boot.actuator.health.Health|  [MASK]  = adapted. [MASK] (true);
		assertThat( [MASK|getHealth(true).block();
		assertThat( [MASK] ).isNotNull();
		assertThat|MASK ).isNotNull();
		assertThat( MASK.getStatus()).isEqualTo(Status.UP);
		|MASK.getStatus()).isEqualTo(Status.UP);
		assertThat( MASK<file_sep><fim_prefix><fim_suffix>t.|[MASK]  = this.indicator. [MASK] (true).block();
		assertThat|[MASK] (true).block();
		assertThat( [MASK] ).isNotNull();
		|MASK ).isNotNull();
		assertThat( MASK.getStatus()).isEqualTo(Status.UP);
		|MASK.getStatus()).isEqualTo(Status.UP);
		assertThat( MASK.getDetails()).contains| MASK.getDetails()).containsEntry(""spring"", ""boot"");
	}

	@Test|= this.indicator.getHealth(false).block();
		assertThat( MASK ).isNotNull();| MASK<file_sep><fim_prefix><fim_suffix>t.
 *
 * @author 
 * @author 
 * @author|[MASK]<file_sep><fim_prefix><fim_suffix>t.
 *
 * @author 
 * @author 
 *| MASK<file_sep><fim_prefix><fim_suffix>t.
 *
 * @author 
 * @author 
 * @author| MASKt<file_sep><fim_prefix><fim_suffix>t.
 *
 * @author 
 * @author 
 * @",
477,names,names,True,2,names|names,"names,
                             String pronunciation,
                             String[] addresses,
                             String[] emails,
                            ","names,
                             String pronunciation,
                             String[] addresses,
                             String[] emails,
                            |names, addressResult.getNames());
    assertEquals(pronunciation, addressResult.get",
478,bScale,bScale,True,34,bScale|MASK|bScale|MASK|bScale|MASK|bScale|MASK|bScale|MASK|bScale|MASK|bScale|MASK|bScale|MASK|bScale|MASK|bScale|MASK|= 41;|MASK|= 41;|);|= 41;|);|cScale|cNumber|precision|); ); ); ); ); ); ); ); ); ); ); ); ); ); ); ); ); ); ); );|a|);|a|); ); ); ); ); ); ); ); ); ); ); ); ); ); ); ); ); ); ); );,"bScale<file_sep><fim_prefix><fim_suffix>  }

    /**
     * Test for method java.lang.String.","bScale<file_sep><fim_prefix><fim_suffix>  }

    /**
     * Test for method java.lang.String.| [MASK] );
        int result = 0;
        assertEquals(""incorrect result"", result, a|bScale  = 18;
        BigDecimal aNumber = new BigDecimal(new BigInteger(a|MASK );
        int result = -1;
        assertEquals(""incorrect result"", result, aNumber.|bScale  = 18;
        BigDecimal aNumber = new BigDecimal(new BigInteger(a|MASK );
        int result = 1;
        assertEquals(""incorrect result"", result, aNumber.|bScale  = 18;
        BigDecimal aNumber = new BigDecimal(new BigInteger(a|MASK );
        int result = -1;
        assertEquals(""incorrect result"", result, aNumber.|bScale  = 18;
        BigDecimal aNumber = new BigDecimal(new BigInteger(a|MASK );
        int result = 1;
        assertEquals(""incorrect result"", result, aNumber.|bScale  = 2;
        BigDecimal aNumber = new BigDecimal(new BigInteger(a),|MASK );
        int result = 1;
        assertEquals(""incorrect result"", result, aNumber.| bScale  = 13;
       BigDecimal aNumber = new BigDecimal(new BigInteger(a|[MASK] );
       assertFalse(aNumber.equals(bNumber));
    }

    /**
    |bScale  = -24;
       BigDecimal aNumber = new BigDecimal(new BigInteger(a|MASK );
       assertFalse(aNumber.equals(bNumber));
    }

    /**
     * Equals|bScale  = -24;
       BigDecimal aNumber = new BigDecimal(new BigInteger(a|MASK );
       assertEquals(""incorrect value"", aNumber, bNumber);
    }

    /**
     *|bScale  = -24;
       BigDecimal aNumber = new BigDecimal(new BigInteger(a|MASK );
       assertEquals(aNumber.hashCode(), bNumber.hashCode());
    }

    /**
    |  = 41;
       BigDecimal aNumber = new BigDecimal(new BigInteger(a), a|MASK );
       assertTrue(""incorrect value"", aNumber.hashCode()!= bNumber.hashCode());
    }| = 41;
       String c = ""8478231212|);
       assertEquals(""incorrect value"", cNumber, aNumber.max(bNumber));
    }|  = 41;
       String c = ""929487820| );
       BigDecimal cNumber = new BigDecimal(new BigInteger(c), cScale);
       assertEquals(""| cScale = 41;
       BigDecimal aNumber = new BigDecimal(new BigInteger(a),| cNumber = new BigDecimal(new BigInteger(c), cScale);
       assertEquals(""incorrect value"",| precision = 37;
       RoundingMode rm = RoundingMode.FLOOR;
       MathContext| ); ); ); ); ); ); ); ); ); ); ); ); ); ); ); ); ); ); ); );| a = ""92948782094488478| );
       BigDecimal cNumber = new BigDecimal(new BigInteger(c), cScale);
       assertEquals(""| a = ""92948782094488478| ); ); ); ); ); ); ); ); ); ); ); ); ); ); ); ); ); ); ); );",
479,bgLeftWidth,hScrollBounds,False,7,hScrollBounds|if|actorArea|bgRightWidth|amountX||addListener,"hScrollBounds = new Rectangle(), vScrollBounds = new Rectangle();
		float hScrollBounds","hScrollBounds = new Rectangle(), vScrollBounds = new Rectangle();
		float hScrollBounds|if (bg!= null) {
				bg.draw(batch, 0, 0|actorArea.width, actorArea.height);
		if (scrollX) {
			|bgRightWidth, height - bgTopHeight - bgBottomHeight);

		if (actor instanceof| amountX) {
		scrollX(amountX);
	}

	public void set|
	}

	public float getScrollPercentX () {
		if (maxX ==|addListener(flickScrollListener);
		else
			removeListener(flickScrollListener);",
480,classLevelEnabled,classLevelEnabled,True,2,classLevelEnabled|classLevelEnabled,"classLevelEnabled = isTestEnabledInThisEnvironment(profileValueSource, ifProfileValue);

	","classLevelEnabled = isTestEnabledInThisEnvironment(profileValueSource, ifProfileValue);

	|classLevelEnabled ) {
			return true;
		}

		ifProfileValue = Annot",
481,testAnn,testAnnotationBindingInAroundAdvice,False,4,testAnnotationBindingInAroundAdvice|org|org|org,"testAnnotationBindingInAroundAdvice() {
		assertThat(testBean.doThis()).isEqualTo","testAnnotationBindingInAroundAdvice() {
		assertThat(testBean.doThis()).isEqualTo|org.springframework.aop.aspectj.autoproxy.TestAnnotation )"")
	public Object|org) throws Throwable {
		String annValue =  [MASK].value();
		|org.value();
		Object result = pjp.proceed();
		return (result instanceof",
482,finalBitmap,decodedBitmap,False,3,decodedBitmap|decodedBitmap|decodedBitmap,"decodedBitmap = Bitmap.createBitmap(subsampledBitmap, 0, 0, subsampled","decodedBitmap = Bitmap.createBitmap(subsampledBitmap, 0, 0, subsampled|decodedBitmap<file_sep>/results-java/JetBrains--intellij-community/50501|decodedBitmap;
	}

	protected static class ImageDecodingInfo {

		private final",
483,target,butterknife,False,4,butterknife|butterknife|MASK|butterknifet, <file_sep>/butterknife-integration-test/src/androidTest/java/com/," <file_sep>/butterknife-integration-test/src/androidTest/java/com/|butterknife, tree);
    assertThat( [MASK].actual).isEqualTo(expected);

   |[MASK]<file_sep><fim_prefix><fim_suffix>t.get(i);
      if (view == null) {| butterknife<file_sep><fim_prefix><fim_suffix>t.test.R;
import org.junit.Test;
",
484,categoryClass,categoryClass,True,2,categoryClass|categoryClass,"categoryClass) {
        DescriptorExtensionList<UserProperty, UserPropertyDescriptor> all = all();","categoryClass) {
        DescriptorExtensionList<UserProperty, UserPropertyDescriptor> all = all();|categoryClass<file_sep><fim_prefix>/core/src/main/java/hudson/model/Fingerprint.",
485,lengthIfKnown,length,False,4,length|lengthIfKnown|length|length,"length = source.lengthIfKnown();
    if (length.isPresent()) {
      assertEquals(expected","length = source.lengthIfKnown();
    if (length.isPresent()) {
      assertEquals(expected|lengthIfKnown();
    if (length.isPresent()) {
      assertEquals(expected.length(), (|length.isPresent()) {
      assertEquals(expected.length(), (long)  [MASK].|length.get());
    }
  }

  public void testSize() throws IOException {
    assertEquals(",
486,expectedPattern,expectedPattern,True,3,expectedPattern|expectedPattern|expectedPattern," expectedPattern = EXPECTED[i][1];
            ULocale locale = new ULocale(EXPECTED"," expectedPattern = EXPECTED[i][1];
            ULocale locale = new ULocale(EXPECTED|expectedPattern) && isVerbose()) {
                errln(""FAILURE! Expected pattern: "" + expected|expectedPattern
                        + "" but was: "" + actualPattern);
                ok=false;
            }",
487,exponent,MASK,False,33,MASK|MASK|MASK|MASK|MASK|MASK|MASK|MASK|MASK|MASK|MASK|MASK|MASK|MASK|MASK|MASK|MASK|MASK|MASK|MASK|MASK|MASK|MASK|MASK|MASK|MASK|MASK|MASK|MASK|MASK|MASK|MASK|MASK,[MASK]<file_sep><fim_prefix><fim_suffix>e.xpack.esql.expression.function.scalar.,"[MASK]<file_sep><fim_prefix><fim_suffix>e.xpack.esql.expression.function.scalar.|MASK ) {
    this.source = source;
    this.base = base;
    this.| MASK  =  MASK ;
    this.driverContext = driverContext;
  }

  public Pow|MASK ;
    this.driverContext = driverContext;
  }

  public PowEvaluator(Source source| [MASK] Block = (DoubleBlock)  [MASK].eval(page)) {
       |MASK.eval(page)) {
        DoubleVector baseVector = baseBlock.asVector();
       |MASK Block);
        }
        DoubleVector  [MASK] Vector =  [MASK] Block.| MASK Vector =  MASK Block.asVector();
        if ( MASK Vector == null) {
         | MASK Block.asVector();
        if ( [MASK] Vector == null) {
          return eval| MASK Vector == null) {
          return eval(page.getPositionCount(), baseVector,  MASK|MASK Block);
        }
        return eval(page.getPositionCount(), baseVector,  MASK Vector| MASK Vector);
      }
    }
  }

  @Override
  public Block eval(int positionCount| MASK.baseRamBytesUsed();
    return baseRamBytesUsed;
  }

  @Override
 |MASK Block) {
    try(DoubleBlock.Builder result = driverContext.blockFactory().new| MASK Block.getValueCount(p)) {
          case 0:
              result.appendNull();| [MASK]  =  [MASK] Block.getDouble( MASK Block.getFirstValueIndex(|MASK Block.getDouble( MASK Block.getFirstValueIndex(p));
        try {
          result.|MASK Block.getFirstValueIndex(p));
        try {
          result.appendDouble(Pow.|MASK ));
        } catch (ArithmeticException e) {
          warnings().registerException(e);
         |MASK Vector) {
    try(DoubleBlock.Builder result = driverContext.blockFactory().new|[MASK]<file_sep><fim_prefix><fim_suffix>e.xpack.esql.expression.function.scalar.|MASK Vector.getDouble(p);
        try {
          result.appendDouble(Pow.process(|MASK ));
        } catch (ArithmeticException e) {
          warnings().registerException(e);
         |MASK ="" +  [MASK]  + ""]"";
  }

  @Override
  public String toExplain|MASK  + ""]"";
  }

  @Override
  public String toExplain() {
    return ""Pow|MASK<file_sep>/x-pack/plugin/ent-search/src/main/java/org|MASK ;

    public Factory(Source source, EvalOperator.ExpressionEvaluator.Factory base,
        Eval|MASK, DriverContext driverContext) {
      this.source = source;
      this.base =|MASK  =  MASK ;
    }

    @Override
    public Source source() {
      return source|MASK ;
    }

    @Override
    public String toString() {
      return ""PowEvaluator.Factory|MASK.get(context), context);
    }

    @Override
    public String toString() {
     |MASK ="" +  MASK  + ""]"";
    }
  }

  static class FactoryFactory implements EvalOperator|MASK  + ""]"";
    }

    @Override
    public boolean equals(Object o) {
      if",
488,decodingOptions,options,False,5,options|options|options|options|options,"options = prepareDecodingOptions(imageInfo.imageSize, decodingInfo);
			decodedBitmap","options = prepareDecodingOptions(imageInfo.imageSize, decodingInfo);
			decodedBitmap|options);
		} catch (OutOfMemoryError e) {
			L.e(e|options  = new Options();
		options.inJustDecodeBounds = false;
		options|options  = options  == null? new Options() : options ;
		options .in| options ;
	}

	protected Options prepareDecodingOptions(ImageDecodingInfo decodingInfo",
489,componentTemplates,,False,4,|}|putCustom|componentTemplates,"
        Map<String, ComponentTemplate> componentTemplates = new HashMap<>();
        for (Map.Entry","
        Map<String, ComponentTemplate> componentTemplates = new HashMap<>();
        for (Map.Entry| }

        Map<String, LifecyclePolicy> policies = new HashMap<>();
        for (Map.Entry|putCustom(Metadata.TYPE, project)
           .putCustom(AnalyticsTemplateRegistry.EVENT_|componentTemplates)
           .putCustom(IngestMetadata.TYPE, ingestMetadata)
           .putCustom",
490,protocols,protocols,True,2,protocols|protocols,"protocols, String[] ciphers, HostnameVerifier verifier) {
        return new SSLIOSession","protocols, String[] ciphers, HostnameVerifier verifier) {
        return new SSLIOSession|protocols, ciphers, verifier) {
            @Override
            protected void verifySession(HttpHost host",
491,useAlias,MASK,False,3,MASK|MASK|) {," [MASK] ) throws IOException, ExecutionException, InterruptedException {
        String dataStreamLocal = ""metrics"," [MASK] ) throws IOException, ExecutionException, InterruptedException {
        String dataStreamLocal = ""metrics| [MASK] ) {
                aliases = new HashMap<>();
                aliases.put(dataStreamLocalAlias| ) {
                aliases = new HashMap<>();
                aliases.put(dataStreamRemote1Alias, Alias",
492,dateTimeStr,new,False,11,"new|new|expected||expected|||) {|expected|yyyy|, ""2010-04-16 12:23:3"," = new StringBuffer(64);
                StringBuffer dateStr = new StringBuffer(64);
                StringBuffer"," = new StringBuffer(64);
                StringBuffer dateStr = new StringBuffer(64);
                StringBuffer|, new FieldPosition(0) );
                fmtRelDate.format(cal, dateStr,| expected -> "" + expected);
        }
    }

    @Test
    public void TestSimpleDateFormatConstructor_|
     */
    @Test
    public void TestSimpleDateFormatConstructor_String_ULocale() {
       | + "" expected -> "" + expected);
        }
    }

    @Test
    public void Test6|
     */
    @Test
    public void TestParsePosition() {
        String DATA[] = {
               |
     */
    @Test
    public void TestParsePosition() {
        String DATA[] = {
               |) {
            if (!dp1.equals(dexp1)) {
                errln(""FAIL| expected -> "" + expected);
        }
    }

    @Test
    public void TestSimpleDateFormatConstructor_|"", ""yyyy-MM-dd"", ""yyyy-MM-dd"", ""yyyy-MM-|"", ""2010-04-16 12:23:3",
493,meanX,meanX,True,6,meanX|return|}|return|}|;," meanX = new float[sampleSize];
		float[] meanY = new float[sample"," meanX = new float[sampleSize];
		float[] meanY = new float[sample|return getSum(this.meanTime, numSamples);
		}

		public float get|}
	}

	static class GestureAdapter implements GestureListener {
		@Override|return getSum(this.meanX, numSamples) / getSum(this.meanTime|}
	}

	static class VelocityTracker {
		int sampleSize = 1|;
		}

		public float getAverage (float[] values, int numSamples) {",
494,columnValues,MASK,False,7,MASK|MASK|MASK|MASK|MASK|MASK|MASK," [MASK]  = splitBy(2, (char) 0x09);
           "," [MASK]  = splitBy(2, (char) 0x09);
           |MASK = splitBy(columnNamesSize, (char) 0x09);
                    int| MASK Size =  [MASK].size();
                    for (int i = 0; i| MASK.size();
                    if (columnNamesSize!=  [MASK] Size) {
                        show| MASK Size; ++i) {
                        if ( MASK.get(i).length() == | MASK.get(i))) {
                            return;
                        }
                    }
                    for (int i =| MASK Size; i < columnNamesSize; ++i) {
                        if (!clearField(column",
495,dependency,MASK,False,4,MASK|MASK|MASK|MASK,[MASK]<file_sep>/spring-boot-project/spring-boot-tools/spring-boot,"[MASK]<file_sep>/spring-boot-project/spring-boot-tools/spring-boot| [MASK]  );
				for (ComponentArtifactsResult artifactResult : artifactsResults) {
				| MASK ) {
		return resolveArtifacts( MASK );
	}

	private Set<Component|MASK.getRequested();
		ArtifactResolutionQuery query = getProject().getDependencies().createArtifact",
496,params,params,True,1,params,"params) throws IOException {
        super.doToXContent(builder, params);
        builder.","params) throws IOException {
        super.doToXContent(builder, params);
        builder.",
497,which,which,True,1,which,"which) {
                dialog.dismiss();
            }
        });
        b.setNegativeButton(""No","which) {
                dialog.dismiss();
            }
        });
        b.setNegativeButton(""No",
498,codeUnderTestId,Obj,False,5,Obj|Obj|codeUnderTest|Obj|Obj,"Obj = codeUnderTest.Id();
        char  [MASK]  =
                 [MASK] Obj","Obj = codeUnderTest.Id();
        char  [MASK]  =
                 [MASK] Obj|Obj = codeUnderTest.Id();
        char  [MASK] = codeUnderTest.Id();
       |   codeUnderTest.Id() == null? 0 : Character.toUpperCase(codeUnderTest.Id|Obj);
        TestFmwk.logln(""Running "" + fileName + "" with "" +| Obj )) {
                        continue;
                    }
                    if (!breaks(  Obj<file_sep>/jre_",
499,clone,MASK,False,3,MASK|MASK|;,  [MASK]<file_sep>/src/test/java/net/jcip/examples/Thread,"  [MASK]<file_sep>/src/test/java/net/jcip/examples/Thread|  MASK .getClass());
            return  [MASK] ;
        } catch (Throwable fail)|;
        } catch (Throwable fail) {
            threadUnexpectedException(fail);
            return null;",
500,configCenter,new,False,4,new|class|new|);," = new ConfigCenterConfig();
    overrideConfig.setConfigCenter( [MASK] );
    //"," = new ConfigCenterConfig();
    overrideConfig.setConfigCenter( [MASK] );
    //|.class;

@interface
@interface
@interface
@interface
@interface
|  = new ConfigCenterConfig();
            overrideConfig.setConfigCenter( [MASK] );
           |);
        }
    }

    @Retention(RetentionPolicy.RUNTIME)
    @Target({ElementType.FIELD",
501,isVolatile,isPrimitive,False,5,isPrimitive|isVolatile|isVolatile|isPrimitive|isVolatile,"isPrimitive(type)? ""(id)"" : """";
        printf(""%s%s = %s","isPrimitive(type)? ""(id)"" : """";
        printf(""%s%s = %s|isVolatile = ElementUtil.isVolatile(varElement);
        boolean isFinal  <file_sep>/jre|isVolatile(varElement);
        String mask = isVolatile? ""J2OBJC_VOL|isPrimitive && isVolatile ) {
            printf(
                ""\n+ (%s)%s {\n| isVolatile
                 ? (isPrimitive? ""JreAssignVolatile"" + typeSuffix : ""J",
502,pager,pager,True,5,pager|MASK|viewpager|MASK|MASK,"pager.widget.ViewPager;
import android.view.LayoutInflater;
import android.view.","pager.widget.ViewPager;
import android.view.LayoutInflater;
import android.view.| [MASK]<file_sep>/MPChartExample/src/com/xxmassdeveloper/mpchartexample|  viewpager  );
         [MASK].setPageMargin(getResources().getDimensionPixelSize|[MASK].setOffscreenPageLimit(3);

        PageAdapter a = new PageAdapter|MASK <file_sep>/MPChartExample/src/com/xxmassdeveloper/mpchartexample/",
503,offset,MASK,False,4,MASK|MASK|DriverContext|MedianAbsoluteDeviationIntAggregator,"[MASK], DriverContext driverContext) {
    assert channels.size() == intermediateBlockCount","[MASK], DriverContext driverContext) {
    assert channels.size() == intermediateBlockCount|MASK, driverContext);
  }

  @Override
  public void evaluateFinal(Block[] blocks,|, DriverContext driverContext) {
    state.toFinal(blocks, , driverContext);|0 ] = MedianAbsoluteDeviationIntAggregator.evaluateFinal(state, driverContext);
 ",
504,matches,MASK,False,5,MASK|MASK|MASK|MASK|MASK," [MASK]  = new Integer[passage.getNumMatches()];
        for (int i ="," [MASK]  = new Integer[passage.getNumMatches()];
        for (int i =|MASK.length; ++i) {
            MASK[i] = i;
        }
        for|MASK [i] = i;
        }
        Arrays.sort( [MASK], (l|MASK, (l, r) -> passage.getMatchStarts()[l] - passage.get|MASK ) {
            int start = passage.getMatchStarts()[matchId];
            int end =",
505,byteArrayPool,arrayPool,False,18,arrayPool|arrayPool|arrayPool|arrayPool|arrayPool|arrayPool|arrayPool|arrayPool|arrayPool|arrayPool|arrayPool|arrayPool|arrayPool|arrayPool|arrayPool|arrayPool|arrayPool|arrayPool,"arrayPool)
      throws IOException {
    if (is == null) {
      return ImageType.","arrayPool)
      throws IOException {
    if (is == null) {
      return ImageType.|arrayPool);
    }

    is.mark(MARK_READ_LIMIT);
    final InputStream final|arrayPool)
      throws IOException {
    return getTypeInternal(
        parsers,
        new TypeReader()|arrayPool );
              return parser.getType(is);
            } finally {
              // If we close|arrayPool)
      throws IOException {
    if (is == null) {
      return ImageHeaderParser|arrayPool );
    }

    is.mark(MARK_READ_LIMIT);
    final InputStream final|arrayPool);
            } finally {
              finalIs.reset();
            }
          }
        });
 |arrayPool )
      throws IOException {
    return getOrientationInternal(
        parsers,
        new OrientationReader|arrayPool );
              return parser.getOrientation(is,  arrayPool );
            } finally {|arrayPool );
            } finally {
              // If we close the stream, we'll close the file|arrayPool)
      throws IOException {
    if (buffer == null) {
      return false;
   |arrayPool );
            } finally {
              ByteBufferUtil.rewind(buffer);
            }
          }
       |arrayPool )
      throws IOException {
    if (is == null) {
      return false;
   |arrayPool );
    }

    is.mark(MARK_READ_LIMIT);
    final InputStream final|arrayPool );
            } finally {
              finalIs.reset();
            }
          }
        });
 |arrayPool<file_sep>/app/src/main/java/com/example/myapplication/MainActivity|arrayPool<file_sep>/library/src/main/java/com/bumptech/glide/load|arrayPool<file_sep>/library/test/src/test/java/com/bumptech/glide",
506,otherParamType,MASK,False,5,MASK|MASK|MASK|MASK|MASK,[MASK]<file_sep>/src/test/java/org/mockito/internal/util/reflection,"[MASK]<file_sep>/src/test/java/org/mockito/internal/util/reflection|  MASK <file_sep>/src/test/java/org/mockito/internal/util/reflection|MASK.getOwnerType())
                                && equals(rawType,  [MASK].getRawType())|MASK<file_sep>/src/test/java/org/mockito/internal/util/reflection/Field|   MASK<file_sep>/src/test/java/org/mockito/internal/util/reflection/",
507,request,MASK,False,12,MASK|request|s|request|MASK|MASK|MASK|s|MASK|MASK|request|MASK," [MASK] ;
    private final List<Tuple<ActionRequest, ActionListener<? extends ActionResponse>>>"," [MASK] ;
    private final List<Tuple<ActionRequest, ActionListener<? extends ActionResponse>>>| request,
                ActionListener<Response> listener
            ) {
                 [MASK] s.add(new|s.add(new Tuple<>(request, listener));
            }

            @Override
            protected <Request|request, listener));
                 s.execute(action, request, listener);
            }

            @Override|[MASK]<file_sep>/server/src/main/java/org/elasticsearch/search/aggreg|MASK Class);
        ((ActionListener<AResponse>) tuple.v2()).onResponse(response);|MASK<file_sep>/server/src/main/java/org/elasticsearch/search/aggregations/|s.stream()
           .filter(t ->  [MASK] Class.isInstance(t|MASK<file_sep>/x-pack/plugin/core/src/main/java/org/elasticsearch|MASK<file_sep>/x-pack/plugin/core/src/main/java/org/elasticsearch|request<file_sep>/server/src/main/java/org/elasticsearch/index/mapper/Mapper|MASK<file_sep>/x-pack/plugin/core/src/main/java/org/elasticsearch",
508,outstandingRequests,MASK,False,4,MASK|clientNum|MASK|MASK," [MASK] ) {
            return innerRank( [MASK], this.queueSize, this"," [MASK] ) {
            return innerRank( [MASK], this.queueSize, this|clientNum * queueSize;

            // The paper defines the mask as a way to control the number|[MASK]<file_sep>/*
 * Copyright Elasticsearch B.V. and/or licensed to Elasticsearch B|MASK<file_sep>/server/src/main/java/org/elasticsearch/search/aggregations/",
509,message,messages,False,17,messages|MASK|message|MASK|MASK|MASK|MASK|MASK|MASK|MASK|MASK|messages|the|messages|MASK|MASK|MASK,"messages that arrive via a named pipe in JSON format.
 *
 * Note: This class","messages that arrive via a named pipe in JSON format.
 *
 * Note: This class| [MASK] "");

    /**
     * Field Names (these are defined by log4cxx; we|message"");

    public static final String TYPE_VALUE = ""cpp_log_message"";

    public| [MASK]<file_sep>/x-pack/plugin/core/src/main/java/org| MASK  = in.readString();
        clazz = in.readString();
        method = in.readString| MASK );
        out.writeString(clazz);
        out.writeString(method);
        out.writeString|MASK );
        builder.field(CLASS_FIELD.getPreferredName(), clazz);
        builder.|MASK ;
    }

    public void setMessage(String  MASK ) {
        this. [MASK|MASK ) {
        this. [MASK]  =  [MASK] ;
    }

    public| MASK  =  MASK ;
    }

    public String getMask() {
        return  MASK ;| MASK ;
    }

    /**
     * This is unreliable for some C++ compilers - probably|messages.
     *
     * We are looking for messages that are similar in the sense that they are|    the  message  to compare with
     * @return true if  [MASK] s are|messages  are similar
     */
    public boolean isSimilarTo(CppLogMessage other) {
       |MASK, clazz, method, file, line);
    }

    @Override
    public String toString()| MASK, that.  MASK )
            && Objects.equals(this.clazz, that.clazz| MASK )
            && Objects.equals(this.clazz, that.clazz)
            && Objects.",
510,consumer,accept,False,2,accept|we,"accept
    ) {
        runForDoc(docId);
        for (int i = 0","accept
    ) {
        runForDoc(docId);
        for (int i = 0|   // we use the InetAddressPoint.decode method to convert the bytes to an InetAddress
               ",
511,dialog,dialog,True,2,dialog|dialog,"dialog, int which) {
                dialog.dismiss();
            }
        });
        b.setNegative","dialog, int which) {
                dialog.dismiss();
            }
        });
        b.setNegative|   dialog.dismiss();
            }
        });
        b.show();
    }

    @Override
   ",
512,vStart,MASK,False,9,MASK|vBlock|MASK|MASK|vBlock|MASK|MASK|vBlock|MASK," [MASK]  = vBlock.getFirstValueIndex(valuesPosition);
        int vEnd ="," [MASK]  = vBlock.getFirstValueIndex(valuesPosition);
        int vEnd =|vBlock.getFirstValueIndex(valuesPosition) + vBlock.getValueCount(valuesPosition);|MASK] ; vOffset < vEnd; vOffset++) {
          float vValue = vBlock|MASK  = vBlock.getFirstValueIndex(valuesPosition);
        int vEnd =  [|vBlock  + vBlock.getValueCount(valuesPosition);
        for (int vOffset =|MASK ; vOffset < vEnd; vOffset++) {
          float vValue = vBlock.| MASK  = vBlock.getFirstValueIndex(valuesPosition);
      int vEnd =  v|vBlock  + vBlock.getValueCount(valuesPosition);
      for (int vOffset =|MASK ; vOffset < vEnd; vOffset++) {
        float vValue = vBlock.",
513,parentBd,bd,False,2,bd|bd,"bd = new RootBeanDefinition();
		bd.setBeanClassName(""org.springframework.beans","bd = new RootBeanDefinition();
		bd.setBeanClassName(""org.springframework.beans|bd, null, null, null<file_sep>/*
 * Copyright 2002-20",
514,testClassNames,args,False,2,args|args," args) {
        TestSuite suite = new TestSuite();
        for (String testClassName : args"," args) {
        TestSuite suite = new TestSuite();
        for (String testClassName : args| args ) {
        for (String testClassName :  args ) {
            try {
                Class<?>",
515,height,MASK,False,14,MASK|MASK|MASK|height|height|height|height|height|height|height|height|height|height|height, [MASK]  = THUMBNAIL_HEIGHTS[2] + 50;," [MASK]  = THUMBNAIL_HEIGHTS[2] + 50;|[MASK] );

    mockProducersToProduce(
        mockEncodedImage(THUMBNAIL|[MASK] );
    verify(mThumbnailProducers[0]).canProvideImageForSize(|height = THUMBNAIL_HEIGHTS[0] - 10;
    mockRequest|height);

    mockProducersToProduce(null, null, null);

    mProducer.produce|height = THUMBNAIL_HEIGHTS[0];
    mockRequestWithResizeOptions(width|height );

    mockProducersToProduce(null, null, THROW_FAILURE);

    mProducer|height) {
    ResizeOptions resizeOptions = new ResizeOptions(width, height);
    when(|height );
    when(mImageRequest.getResizeOptions()).thenReturn(resizeOptions);
  }|height, int rotationAngle) {
    EncodedImage mockImage = mock(EncodedImage.class|height );
    when(mockImage.getRotationAngle()).thenReturn(rotationAngle);
    return mock|height) {
    when(mockProducer.canProvideImageForSize(any(ResizeOptions.|height  <=  height ;
              }
            });
  }

  private static void mockProducerToSupport|height ;
              }
            });
    when(mockProducer.canProvideImageForSize(any(",
516,alpha,MASK,False,14,MASK|MASK|MASK|MASK|MASK|MASK|MASK|MASK|MASK|MASK|MASK|MASK|MASK|MASK," [MASK] ) {
			return lerp(target,  [MASK] );
		"," [MASK] ) {
			return lerp(target,  [MASK] );
		|MASK );
		}

		public Transform lerp (final Transform target, final float  MASK|MASK ) {
			translation.lerp(targetT,  [MASK] );
			rotation| MASK );
			rotation.slerp(targetR,  MASK );
			scale.lerp| MASK );
			scale.lerp(targetS,  MASK );
			return this;
	| MASK );
			return this;
		}

		public Transform lerp (final Vector3|MASK<file_sep>/backends/gdx-backends-gwt/src/com/badlogic/gdx/backends| MASK  > 0.999999f)
				t.set(|MASK );
		} else {
			if ( MASK  > 0.999| MASK<file_sep>/backends/gdx-backends-gwt/src/com/badlogic/gdx/backends|MASK<file_sep>/*******************************************************************************
 * Copyright 2011 See AUTHORS file.
 * 
 * Licensed|MASK, final float time) {
		applyAnimation(out, pool,  MASK, null|MASK, time);
			for (final ObjectMap.Entry<Node, Transform> e :|MASK );
					e.value.toMatrix4(e.key.localTransform);
				",
517,incReceivers,incProviders,False,6,incProviders|incProviders|obj|incNames|obj|obj,"incProviders = getIncrementProviders(oldAndroidManifest.providers, newAndroidManifest.providers);

           ","incProviders = getIncrementProviders(oldAndroidManifest.providers, newAndroidManifest.providers);

           |incProviders.isEmpty());

            if (!config.mSupportHotplugComponent && hasIncComponent)|obj.toString();
                }
            }
            return true;
        } catch (ParseException e) {|incNames.isEmpty()) {
            announceWarningOrException(""found added providers: "" + incNames|obj);
                    if (!incNames.isEmpty()) {
                        announceWarningOrException(""found added receiv| obj<file_sep><fim_prefix>/tinker-core/src/main/java/com/tencent/t",
518,indexInTrackGroup,trackGroupIndex,False,2,trackGroupIndex|trackGroupIndexe,"trackGroupIndex) {
    for (int i = 0; i < length; i++)","trackGroupIndex) {
    for (int i = 0; i < length; i++)|trackGroupIndex<file_sep><fim_prefix><fim_suffix>e.
 */
package com.google.android.exop",
519,readOffset,readOffset,True,1,readOffset,"readOffset, int writeTarget<file_sep>/*******************************************************************************
 * Copyright 2011 See AUTHORS file.","readOffset, int writeTarget<file_sep>/*******************************************************************************
 * Copyright 2011 See AUTHORS file.",
520,ignoreUserOptions,MASK,False,12,MASK|MASK|MASK|MASK|MASK|MASK|MASK|MASKe|MASKe|MASKee|MASKee|skipStarlarkOptionPrefixes," [MASK] ) throws Exception {
    return newCommandWithExtensions(command, /* extensions= */"," [MASK] ) throws Exception {
    return newCommandWithExtensions(command, /* extensions= */|[MASK] );
  }

  public final CommandEnvironment newCommand(Class<? extends BlazeCommand| MASK ) throws Exception {
    Command commandAnnotation =
        checkNotNull(
            command.getClass().getAnnotation(| MASK );
    return env;
  }

  /**
   * Creates a new command environment with additional proto| MASK ] );
  }

  /**
   * Runs a build command with the given target.
   *| MASK )
      throws Exception {
    if (command == null) {
      newCommand(command);| MASK );
  }

  /**
   * Creates a new command environment with additional proto extensions as if they| MASK<file_sep><fim_prefix><fim_suffix>e.

## Usage

```
bazel run //src/test| MASKe<file_sep>/src/main/java/com/google/devtools/build/lib/| MASKe<file_sep><fim_prefix><fim_suffix>e.

#include ""test/cpp/util/test_| MASKee ) {
      optionserParserBuilder. [MASK] ();
    }
    optionserParser|skipStarlarkOptionPrefixes();
    }
    return optionserParserBuilder.build();
  }",
521,commonSuperTypeIndex,addType,False,3,addType|;|; ;," = addType(classWriter.getCommonSuperClass(type1, type2));
    put"," = addType(classWriter.getCommonSuperClass(type1, type2));
    put|  ;
    return  [MASK] ;
  }

  /**
   * Adds a merged type in|  ; ;
  }

  /**
   * Adds a merged type in the type table of this symbol",
522,newField,newInput,False,5,newInput|newInpute|newInput|newInput|newPattern,"newInput  = input.resolveAttributes(resolver);
        Pipe newPattern = pattern.resolveAttributes","newInput  = input.resolveAttributes(resolver);
        Pipe newPattern = pattern.resolveAttributes|newInput<file_sep><fim_prefix><fim_suffix>e.xpack.core.ml.action.DatafeedConfigAction|newInput, newPattern);
    }

    @Override
    public final Pipe replaceChildren(Pipe new|newInput, Pipe newPattern) {
        return new StartsWithFunctionPipe(source(), expression(),|newPattern);
    }

    @Override
    public final StartsWithFunctionPipe replaceChildren(Expression new",
523,color,r,False,11,r|a|a|b|b|r|MASK|b|Returns|the|,".r,  [MASK].g,  [MASK].b, alpha);
		style",".r,  [MASK].g,  [MASK].b, alpha);
		style|].a * parentAlpha;
		if (style.hScrollKnob!= null)
		|a, 0, 1);
	}

	public void setScrollPercentY (|b, alpha);
			style.hScrollKnob.draw(batch, hKnob|b, alpha);
			style.hScrollKnob.draw(batch, hKnob|.r,  [MASK].g,  [MASK].b, alpha);
		if|MASK].b, alpha);
		if (style.hScrollKnob!= null)
		| b.b, alpha);
		if (style.hScrollKnob!= null)
		|	/** Returns the height of the scrolled viewport. */
	public float getScrollHeight ()| the scrolled viewport. */
	public float getScrollHeight () {
		return actorArea|
	public float getScrollHeight () {
		return actorArea.height;
	}",
524,testClasses,MASK,False,8,MASK|MASK|return|stream|MASK|MASK|MASK|MASK,"[MASK]<file_sep>/*
 * Copyright 2002-2023 the original","[MASK]<file_sep>/*
 * Copyright 2002-2023 the original|[MASK]<file_sep>/*
 * Copyright 2002-2023 the original|return  [MASK]<file_sep>/*
 * Copyright 2002-2023|.stream();
		}
		if (isJupiterNestedClass(testClass)) {|[MASK], Set<Class<?>> visited) {
		collectNestedTestClasses(testClass|MASK, visited);
			}
			for (Class<?> nestedClass : testClass.getDeclared|MASK.add(nestedClass);
					collectNestedTestClasses(nestedClass,  MASK,|MASK, visited);
				}
			}
			for (Class<?> nestedClass : test",
525,testClass,testClassNames,False,13,testClassNames|testClassName|testClassNames|testClass|testClassName|testClass|of|getDeclaredMethods|data|new|args|thread|do," testClassNames) {
        for (String testClassName : testClassNames) {
            try {
                Class"," testClassNames) {
        for (String testClassName : testClassNames) {
            try {
                Class| testClassName : testClassNames) {
            try {
                Class<?>  [MASK]  = Class| testClassNames) {
        try {
            Class<?>  [MASK]  = Class.forName(| testClass = Class.forName(testClassName);
            TestSuite suite = newTestSuite(testClass| testClassName Name);
                Method m =  [MASK].getDeclaredMethod(""suite"",
                                                       new Class|  testClass.getDeclaredMethod(""suite"",
                                                       new Class<?>[0]);
                suite.add| of the given thread pool.
     */
    void dumpTestThreads() {
        @RetainedLocal|.getDeclaredMethods();
        ArrayList<String> names = new ArrayList<String>(methods.length);| data) {
        try {
            return (Test) Class.forName(name)
                  .getMethod| new Date(System.currentTimeMillis() + delayMillis + 1);
    }

    /**
     *|args) {
        System.err.println(String.format(format, args));
    }|thread.isAlive());
        } catch (InterruptedException fail) {
            threadUnexpectedException(fail);| do not terminate within the default
     * millisecond delay of {@code timeoutMillis()}.
     */
   ",
526,pluginPolicy,server,False,2,server|server,  <file_sep>/server/src/main/java/org/opensearch/search/aggregations,"  <file_sep>/server/src/main/java/org/opensearch/search/aggregations|server, info.getName(), tmpRoot, deleteOnFailure, batch, terminal<file_sep><fim_prefix><fim_suffix>e",
527,symbolsOut,{,False,2,{|," {
        DecimalFormat decimalFormat = (DecimalFormat) DecimalFormat.getInstance(Locale.US);"," {
        DecimalFormat decimalFormat = (DecimalFormat) DecimalFormat.getInstance(Locale.US);|
        decimalFormat.setRoundingMode(RoundingMode.HALF_EVEN);
        assertEquals(""1",
528,response,;,False,11,;|MASK|MASK|MASK|MASK|MASK|MASK|MASK|MASK|Headers|Headers,";

import org.springframework.test.web.client.DefaultResponseCreator<file_sep><fim_prefix><fim_suffix>",";

import org.springframework.test.web.client.DefaultResponseCreator<file_sep><fim_prefix><fim_suffix>| [MASK] response = createResponse(new DefaultResponseCreator(HttpStatus.OK).body(resource|MASK.getBody())).isEqualTo(resourceContent);
	}

	@Test
	void set| [MASK] Headers = createResponse(creator).getHeaders();

		assertThat( [MASK] Headers|MASK Headers.getContentType()).isEqualTo(MediaType.APPLICATION_JSON);
		assertThat( MASK Headers|[MASK] Headers.getOrigin()).isEqualTo(""https://github.com"");
		assertThat(| MASK Headers.getAllow()).isEqualTo(Collections.singleton(HttpMethod.PUT));
	}

|[MASK] Headers = createResponse(creator).getHeaders();

		assertThat( [MASK] Headers| MASK Headers.get(HttpHeaders.SET_COOKIE))
				.containsExactly(
						first|Headers = createResponse(creator).getHeaders();

		assertThat( MASK Headers.get(HttpHeaders.|Headers Headers.get(HttpHeaders.SET_COOKIE))
				.containsExactly(
						first",
529,endFlag,MASK,False,10,MASK|MASK|MASK|MASK|MASK|MASK|MASK|MASK|MASK|MASK,"[MASK]<file_sep>/src/main/java/data/media/Image.java
package","[MASK]<file_sep>/src/main/java/data/media/Image.java
package|[MASK] ) && (!restFlag)) {
            height_gen = lexer.scanFieldInt|[MASK]  = true;
            }
            
        }
        if ((! [MASK] ) && (!| MASK ) && (!restFlag)) {
            size_gen = (data.media.Image.|MASK  = true;
            }
            
        }
        if ((! MASK ) && (!restFlag)) {| MASK ) && (!restFlag)) {
            title_gen = lexer.scanFieldString(title|MASK  = true;
            }
            
        }
        if ((! MASK ) && (!restFlag)) {| MASK ) && (!restFlag)) {
            width_gen = lexer.scanFieldInt(width|MASK  = true;
            }
            
        }
        if ((! MASK ) && (!restFlag)) {|MASK ) && (!restFlag)) {
            lexer.nextToken();
            if(lexer.token()",
530,selectedConverterType,MASK,False,4,MASK|MASK|MASK|MASK,"[MASK]  the converter type selected to write to the response
	 * @param request the current","[MASK]  the converter type selected to write to the response
	 * @param request the current|[MASK],
			ServerHttpRequest request, ServerHttpResponse response);

	/**
	 * Inv|MASK  the converter type selected to write to the response
	 * @return the hints determined otherwise {@|MASK ) {
		return null;
	}

	/**
	 * Invoked to determine",
531,offset,inclusive,False,5,inclusive|inclusive|offset|MASK|inclusive,"} inclusive.
     *
     * <p>If the {@code sharedSecret} buffer is too","} inclusive.
     *
     * <p>If the {@code sharedSecret} buffer is too|  inclusive } inclusive.
     *
     * @param sharedSecret the buffer for the shared secret
    | offset<file_sep>/jre_emul/android/platform/libcore/ojluni/src|MASK]<file_sep>/jre_emul/android/platform/libcore/ojluni/| inclusive<file_sep>/jre_emul/android/platform/libcore/ojluni/src",
532,trace,MASK,False,6,MASK|MASK|MASK|trace|MASK|MASK," [MASK] ) {
    logToRemote(level, msg,  [MASK], ("," [MASK] ) {
    logToRemote(level, msg,  [MASK], (|[MASK] );
    }
  }

  /**
   * @see #logToRemote(Level| MASK  The stack  [MASK]. May be null.
   */
  public static void log|trace. May be null.
   * @param values Additional values to upload.
   */
  public|MASK<file_sep>/src/main/java/com/google/devtools/build/lib/rules| MASK<file_sep>/src/main/java/com/google/devtools/build/lib/rules",
533,infoThreshold,infoThreshold,True,2,infoThreshold|infoThreshold,"infoThreshold) {
        this.indexInfoThreshold = infoThreshold.nanos();
    }

   ","infoThreshold) {
        this.indexInfoThreshold = infoThreshold.nanos();
    }

   |infoThreshold.nanos();
    }

    private void setWarnThreshold(String warnThreshold) {",
534,queue,queue,True,6,queue|queue|upstream|upstream|queue|queue,"queue =  [MASK] ;
            int state = this.state;
            int consumed = this","queue =  [MASK] ;
            int state = this.state;
            int consumed = this|queue;
            ConcatMapSingleObserver<R> inner = this.inner;
            int state =|   upstream.cancel();
                            return;
                        }

                    if (state == STATE_RESULT_VALUE|upstream.cancel();
                             [MASK].clear();
                            errors.tryTerminateConsumer(downstream| queue.poll();
                        } catch (Throwable ex) {
                            Exceptions.throwIfFatal(ex|queue.clear();
                            errors.tryAddThrowableOrReport(ex);
                            errors.tryTerminate",
535,cause,MASK,False,5,MASK|MASK|MASK|MASK|MASK,"[MASK]  = wrapper.getCause();
      if ( [MASK]  instanceof RuntimeException)","[MASK]  = wrapper.getCause();
      if ( [MASK]  instanceof RuntimeException)|MASK  instanceof RuntimeException) {
        throw (RuntimeException)  MASK ;
      } else if ( MASK|MASK ;
      } else if ( [MASK]  instanceof Error) {
        throw (Error)| MASK  instanceof Error) {
        throw (Error)  MASK ;
      }
    }
    throw|MASK ;
      } else {
        throw new AssertionError(""Unexpected throwable type: "" + wrapper.getClass",
536,runLength,MASK,False,3,MASK|MASK|MASK,"[MASK]<file_sep>/*
 * Copyright (C) 2016 The Android Open Source","[MASK]<file_sep>/*
 * Copyright (C) 2016 The Android Open Source|MASK, color);
            argbBitmapDataIndex += MASK;
          } else {
            int MASK|MASK ;
          } else {
            int  MASK  =
                (switchBits & 0x",
537,fieldsCopy,fields,False,7,fields|fields|fields|fields|fields|fields|fields,[] fields = new String[instance.getStats().getFields().length + 1][];,"[] fields = new String[instance.getStats().getFields().length + 1][];|       fields[fields.length - 1] = ""field_"" + (fields.length -|fields.length - 1] = ""field_"" + ( fields.length - 1);| fields.length - 1);
                double[] values = new double[ fields.length];
               | fields.length];
                for (int i = 0; i <  [MASK].|fields.length; i++) {
                    values[i] = randomDouble() * 20|fields, values);
                matrixStatsResults = new MatrixStatsResults(runningStats);
                break;",
538,outputColorInfo,effects,False,3,effects|inputFrameInfo|inputFrameInfo," effects} in the order they are specified.
   * @param debugViewProvider A {@link Debug"," effects} in the order they are specified.
   * @param debugViewProvider A {@link Debug|inputFrameInfo The {@link FrameInfo} for the input frames.
   * @param outputColor|inputFrameInfo,
        @Nullable SurfaceInfo outputSurfaceInfo,
        @Nullable DebugViewProvider debug",
539,bulkShardRequest,bulkShardRequest,True,2,bulkShardRequest|bulkShardRequest,"   bulkShardRequest   = new BulkShardRequest(indexRequest);
                final BulkShardResponse bulk","   bulkShardRequest   = new BulkShardRequest(indexRequest);
                final BulkShardResponse bulk|  bulkShardRequest , shards, replica);
                }
            }
            shards.sync",
540,newReceivers,newReceivers,True,2,newReceivers|newReceivers," newReceivers) {
        final Set<String> incNames = new HashSet<>(newRe"," newReceivers) {
        final Set<String> incNames = new HashSet<>(newRe|newReceivers<file_sep>/tinker-core/src/main/java/com/tencent",
541,future,Futures,False,7,Futures|MASK|MASK|MASK|MASK|MASK|MASK,"Futures, or for testing
 *<file_sep>/src/main/java/com/google/","Futures, or for testing
 *<file_sep>/src/main/java/com/google/|[MASK]  = new UncheckedThrowingFuture<V>();
     [MASK].complete|[MASK].complete(checkNotNull(error));
    return  [MASK] ;
  }

 | MASK ;
  }

  public static <V> ListenableFuture<V> throwingRuntimeException(RuntimeException|[MASK]  = new UncheckedThrowingFuture<V>();
     [MASK].complete| MASK.complete(checkNotNull(e));
    return  MASK ;
  }

  public static <V| MASK ;
  }

  public static <V> ListenableFuture<V> throwingException(Exception",
542,histo,tests,False,3,tests|histogramA|histogramA,"tests.buckets;

import org.elasticsearch.exponential.buckets.CopyableBucketIterator","tests.buckets;

import org.elasticsearch.exponential.buckets.CopyableBucketIterator|histogramA = createAutoReleasedHistogram(
            b -> b.scale(0).setPositiveBucket|histogramA.buckets()
           <file_sep><fim_prefix><fim_suffix>e.xcontent.XContentParser;
import",
543,checkMlCppNoticeTask,checkMlCppNoticeTask,True,4,checkMlCppNoticeTask|checkMlCppNoticeTask|checkMlCppNoticee|checkMlCppNoticee,"checkMlCppNoticeTask = registerCheckMlCppNoticeTask(
                project,
                checkExtraction,","checkMlCppNoticeTask = registerCheckMlCppNoticeTask(
                project,
                checkExtraction,|checkMlCppNoticeTask );
            checkTask.configure(task -> task.dependsOn( check|checkMlCppNotice<file_sep><fim_prefix><fim_suffix>e.get(0).get(""name"").getAsString().|checkMlCppNoticee;
    }

    private static TaskProvider<Task> registerCheckModulesTask",
544,actualValue,MASK,False,10,MASK|MASK|MASK|MASK|actualMaps|actualList|actualMaps|actualMaps|MASK|MASK," [MASK], String field<file_sep><fim_prefix>/*
 * Copyright Elasticsearch B.V. and/or"," [MASK], String field<file_sep><fim_prefix>/*
 * Copyright Elasticsearch B.V. and/or|MASK  instanceof List) {
            expectedValue = List.of(expectedValue);
        }
       | MASK, expectedValue);
            assertThat(
                getField() + "" expected to be a list but was| MASK ;
            assertThat(
                getField()
                    + "" expected to be a list with at least one|actualMaps = actualList.stream()
               .filter(each -> each instanceof Map)
               .|actualList,
                is(not(empty()))
            );
            assertThat(
                getField() + ""|actualMaps,
                actualMaps.stream().anyMatch(each -> each.entrySet().containsAll|actualMaps<file_sep>/server/src/main/java/org/elasticsearch/index/mapper/|MASK  instanceof List) {
            logger.trace(""assert that [{}] contains [{}]"", | MASK, containsString((String) expectedValue));
        } else if (expectedValue instanceof String &&",
545,service,indicesAdmin,False,2,indicesAdmin|indicesAdmin,"indicesAdmin = internalCluster().getInstance(IndicesService.class, dataNode);
        String uuid =","indicesAdmin = internalCluster().getInstance(IndicesService.class, dataNode);
        String uuid =|indicesAdmin.indexService(new Index(INDEX_NAME, uuid)).getShard(0).",
546,testInfo,MASK,False,6,MASK|MASK|MASK|MASK|MASK|MASK,"[MASK]<file_sep>/*
 * Copyright 2002-2023 the original","[MASK]<file_sep>/*
 * Copyright 2002-2023 the original|[MASK] );
	}

	@Test
	void test002(Test| MASK ) {
		// Should not have been reset.
		assertThat(puzzleServiceNone| MASK );
	}

	@Test
	void test003(TestInfo | MASK ) {
		String name =  [MASK].getTestMethod().get().getName();|MASK.getTestMethod().get().getName();
		given(puzzleServiceNone.getAnswer",
547,integerSetting,,False,11,|foo|foo||value|bar|fix0|MASK|count|ExistsOrFallbackExists|to,"
        Setting<String> setting = Setting.stringSetting(""foo.bar"", ""foo"", Property","
        Setting<String> setting = Setting.stringSetting(""foo.bar"", ""foo"", Property|""foo.bar.1.value"", ""1"");
        assertEquals(""1"", settings.get|""foo.bar.1.value"", ""1"");
        assertEquals(""1"", settings.get|
        assertEquals(""foo,bar"", value.get(0));

        // try to parse this really|value"", value.get(0));

        // try to parse this really annoying format
        builder =|bar"", ""foo.bar.1"", ""foo.bar.2"", ""foo.bar| fix0 = Setting.intSetting(""abc.tuv"", 20, 0);|MASK].get(Settings.builder().put(""MASK.tuv"", ""foo"").build()),|"" + count;
            assertTrue(fooSetting.exists(Settings.builder().put(setting,|ExistsOrFallbackExists() {
        final Setting<String> fooSetting = Setting.simpleString(""|"" to ""prefix._foo""=""foo""
        final Setting<String> affixSetting =",
548,urlWithPort,urlWithPort,True,2,urlWithPort|urlWithPort,urlWithPort<file_sep>/server/src/main/java/org/elasticsearch/index/mapper,urlWithPort<file_sep>/server/src/main/java/org/elasticsearch/index/mapper|urlWithPort<file_sep>/server/src/main/java/org/elasticsearch/index/mapper,
549,warnThreshold,indexWarnThresholde,False,2,indexWarnThresholde|indexWarnThresholde,"indexWarnThreshold<file_sep><fim_prefix><fim_suffix>e.get(0).get(""name"").getAsString());
       ","indexWarnThreshold<file_sep><fim_prefix><fim_suffix>e.get(0).get(""name"").getAsString());
       |indexWarnThresholde<file_sep>/server/src/main/java/org/elasticsearch/",
550,array,array,True,3,array|array|array,"       array = { new ModelA(), new ModelB() };

        SerializeConfig config = new Serialize","       array = { new ModelA(), new ModelB() };

        SerializeConfig config = new Serialize|array, config);
        Assert.assertEquals(""[{},{\""id\"":1002}]"", text|array, config);
        Assert.assertEquals(""[{},{\""id\"":1002}]"", text",
551,mockTrainedModelDefinition,mockModelInferenceConfig,False,3,mockModelInferenceConfig|mockModelInferenceConfig|mockModelInferenceConfig,"mockModelInferenceConfig = spy(new LearningToRankConfig(1, List.of(), Map","mockModelInferenceConfig = spy(new LearningToRankConfig(1, List.of(), Map|mockModelInferenceConfig.isTargetTypeSupported(any())).thenReturn(true);

        var mockTr|mockModelInferenceConfig);

        ActionListener<PutTrainedModelAction.Response> responseListener = ActionListener",
552,builder,builder,True,4,builder|builder|builder|builder,"builder = new RequestedContentTypeResolverBuilder();
		builder.headerResolver();
		builder.","builder = new RequestedContentTypeResolverBuilder();
		builder.headerResolver();
		builder.|builder.headerResolver();
		 [MASK].fixedResolver(MediaType.APPLICATION_JSON);
	|builder.parameterResolver();
		builder.headerResolver();
		builder<file_sep>/*
 * Copyright|builder.build();

		ProducesRequestCondition none = new ProducesRequestCondition(new String[",
553,downstream,MASK,False,12,MASK|MASK|MASK|MASK|MASK|MASK|MASK|MASK|MASK|MASK|MASK|MASK," [MASK] ;

        final Function<? super T,? extends SingleSource<? extends R>> mapper"," [MASK] ;

        final Function<? super T,? extends SingleSource<? extends R>> mapper| [MASK],
                Function<? super T,? extends SingleSource<? extends R>> mapper,|MASK  =  [MASK] ;
            this.mapper = mapper;
            this.requested =|MASK ;
            this.mapper = mapper;
            this.requested = new AtomicLong();
            this| MASK.onSubscribe(this);
        }

        @Override
        void onNextDownstream(T| [MASK]  =  MASK ;
            int state = this.state;
            T item =| MASK ;
            int state = this.state;
            int consumed = this.consumed;
            int|MASK );
                            return;
                        }
                    }

                    if (s == STATE_RESULT_VALUE)| MASK );
                            return;
                        }
                        boolean empty = v == null;

                        if (d &&| MASK );
                            return;
                        }

                        if (empty) {
                            break;
                        }

                        if| MASK );
                            return;
                        }

                        if (cancelled) {
                            queue.clear();
                            errors|   MASK<file_sep>/src/main/java/io/reactivex/rxjava3/internal/",
554,pwdEndIdx,@ = -1;,False,5,@ = -1;|> 0) {|);|);|;,"@ = -1;
        if (decodedBody.charAt(starIdx) == '[') {","@ = -1;
        if (decodedBody.charAt(starIdx) == '[') {|  > 0) {
            int userNameEndIdx = indexOf(decodedBody, ':', star|);
            if (userNameEndIdx > 0) {
                if (lastIndexOf(decodedBody,|);
            starIdx =  [MASK]  + 1;
        } else if ( >|;
        } else {
            // case: file:/path/to/file.txt
            int",
555,pathFragment,MASK,False,14,MASK|a|MASK||create||create|containsUplevelReferences_uplevelReferenceMidGlobalPath_normalizesAndReturnsFalse|create|containsUplevelReferences|containsUplevelReferences|create|containsUplevelReferences|containsUplevelReferences,"  [MASK]  = create( [MASK] String);
    PathFragment  [MASK]","  [MASK]  = create( [MASK] String);
    PathFragment  [MASK]|/a/path/fragment/with/lots/of/parts"");
  }

  @Test|  [MASK]  = create(""a/b"");
    PathFragment  [MASK] |
  }

  @Test
  public void containsUplevelReference_uplevelOnlyPath_returnsTrue|  = create(""a/.."");
    assertThat( [MASK].containsUplevelReferences()).|
  }

  @Test
  public void containsUplevelReference_uplevelReferenceMidPath_normal|  = create(""a/b/c"");
    PathFragment  [MASK]  = create|containsUplevelReferences_uplevelReferenceMidGlobalPath_normalizesAndReturnsFalse() {
   |  = create(""a/b/c"");

    assertThat(.containsUplevelReferences()).isFalse|.containsUplevelReferences()).isFalse();
    assertThat(.getPathString()).isEqualTo(""b"");
 |.containsUplevelReferences()).isFalse();
    assertThat(.getPathString()).isEqualTo(""a/b|  = create(""a/b/c"");
    assertThat(.containsUplevelReferences()).isFalse|.containsUplevelReferences()).isFalse();
    assertThat( .getPathString()).isEqualTo(""/dir1| containsUplevelReferences.getPathString()).isEqualTo(""/dir1/file"");
  }

  @Test",
556,timestampAdjusterInitializationTimeoutMs,MASK,False,11,MASK|MASK|MASK|MASK|MASK|MASK|MASK|MASK|private|long|isDynamic,"  [MASK] ;

  private HlsMediaSource(
      MediaItem mediaItem,
      H","  [MASK] ;

  private HlsMediaSource(
      MediaItem mediaItem,
      H|  [MASK]  The timeout in milliseconds. A timeout of
     *     zero is interpreted as| MASK) {
      this. [MASK]  =  [MASK] ;
      return this;|  MASK  =  [MASK] ;
      return this;
    }

    /**
     * Sets| MASK ;
      return this;
    }

    /**
     * Returns a new {@link HlsMedia|  MASK<file_sep>/library/core/src/main/java/com/google/android/| MASK ) {
    this.extractorFactory = extractorFactory;
    this.dataSourceFactory = dataSourceFactory| MASK ) {
    this.extractorFactory = extractorFactory;
    this.dataSourceFactory = dataSourceFactory| private final long  MASK ;

  HlsMediaSource(
      MediaItem mediaItem,
      H| */ long  MASK ) {
    this.extractorFactory = extractorFactory;
    this.dataSourceFactory|   /* isDynamic= */ false,
            /* suppressPositionProjection= */ true,
            manifest,",
557,initialSeedRef,MASK,False,6,MASK|MASK|MASK|MASK|MASK|MASK," [MASK]  = new AtomicReference<>();

        sessions.then(j -> {
                j."," [MASK]  = new AtomicReference<>();

        sessions.then(j -> {
                j.| [MASK].set(alice.getProperty(UserSeedProperty.class).getSeed());
       |MASK.get());
        });
    }

    @Test
    @Issue(""SECURITY-901|[MASK]  = new AtomicReference<>();
        AtomicReference<String> seedRef = new Atomic|MASK.set(alice.getProperty(UserSeedProperty.class).getSeed());

                requestRenew| MASK.get(), seedRef.get());
        });
        sessions.then(j -> {
               ",
558,context,.,False,18,.|MASK|method|.||.|node||MASK|node|.|MASK|MASK|MASK|MASKe|e|epackage|the,".
   *
   * @param xctxt The XPath runtime  [MASK].
   *
  ",".
   *
   * @param xctxt The XPath runtime  [MASK].
   *
  | [MASK]  node list.
   */
  public int getProximityPosition(int predicateIndex|method method method method method method method method method method method method method method method method method method method method|.
   * @param n The node to check to see if it passes the filter or not.|
   *  subtree can occur.
   * @return true if traversal outside the  [MASK]|.
   * @param n  The node to check to see if it passes the filter or not|node node node node node node node node node node node node node node node node node node node node|
   *  [MASK].
   *
   * @throws javax.xml.transform.Transformer|  [MASK]  node.
   * @param xctxt The XPath runtime ..
  |  node.
   * @param xctxt The XPath runtime ..
   *
   * @| .
   *
   * @return the result of executing the predicate expressions.
   *
   *|  MASK <file_sep><fim_prefix><fim_suffix>e.
   *
   * @param xctxt The XPath runtime |MASK );

      for (int i = 0; i < nPredicates; i++)
     |  [MASK] : ""+nodeToString( [MASK] ));
              System.out.println(""|MASK<file_sep><fim_prefix><fim_suffix>e.
   *
   * @param xctxt The XPath runtime ..| <file_sep><fim_prefix><fim_suffix>e.
   *
   * @param xctxt The XPath runtime ..|e<file_sep>package org.apache.xpath.axes;

import org.apache.xml.|the subtree can occur.
   */
   public boolean canTraverseOutsideSubtree()
   {
   ",
559,unfilteredRdepsOfRdeps,rdepsOfRdepsOfRdepsBelowDepthBound,False,2,rdepsOfRdepsOfRdepsBelowDepthBound|We,"rdepsOfRdepsOfRdepsBelowDepthBound =
        env.getReverseDepLabelsOf","rdepsOfRdepsOfRdepsBelowDepthBound =
        env.getReverseDepLabelsOf|   // We need to filter out the rdeps that are not in the universe.
        // We",
560,trieIterator,MASK,False,3,MASK|MASK|MASK,"[MASK] =trie.iterator();
        Trie2.Range range;
        while( [","[MASK] =trie.iterator();
        Trie2.Range range;
        while( [|MASK.hasNext() &&!(range= [MASK].next()).leadSurrogate) {
           | MASK.hasNext()) && (range=  MASK.next()).value==0) {
            set",
561,sourceCodec,httpCodec,False,3,httpCodec|httpCodec|httpCodec,"httpCodec   = new HttpServerCodec();
        final HttpObjectAggregator httpAggregator = new HttpObject","httpCodec   = new HttpServerCodec();
        final HttpObjectAggregator httpAggregator = new HttpObject|httpCodec);
        p.addLast(new HttpObjectAggregator(maxHttpContentLength)<file_sep>|httpCodec, upgradeCodecFactory));
        p.addLast(new SimpleChannelInboundHandler<Http",
562,header,MASK,False,24,MASK|MASK|MASK|MASK|MASK|MASK|MASK|MASK|MASK|MASK|MASK|MASK|MASK|MASK|MASK|MASK|MASK|MASK|MASK|MASK|MASK|MASK|MASK|MASK," [MASK] s;

        private final String clientAddress;

        public Request(
            String eventCollection"," [MASK] s;

        private final String clientAddress;

        public Request(
            String eventCollection|MASK s,
            @Nullable String clientAddress
        ) {
            this.eventCollectionName = event| [MASK] s = Objects.requireNonNullElse( [MASK] s, Map.of());
           | MASK s, Map.of());
            this.clientAddress = clientAddress;
        }

        public| MASK s = in.readMap(StreamInput::readStringCollectionAsList);
            this.client|MASK (""User-Agent"");
        }

        @Override
        public String referer() {
            return|MASK s() {
            return Collections.unmodifiableMap( [MASK] s);
        }

        public| MASK s);
        }

        public boolean hasMask(String  [MASK] ) {
            return|MASK (String  [MASK] ) {
            final List<String> values =  [MASK|MASK ) {
            return  MASK ( [MASK] );
        }

        private String  MASK (|MASK s.get( [MASK] );
            if (values!= null && values.isEmpty()|MASK );
            if (values!= null && values.isEmpty() == false) {
                return values| MASK s);
            out.writeOptionalString(clientAddress);
        }

        public static Request read| [MASK] s, that. [MASK] s)
                && Objects.equals(clientAddress| MASK s)
                && Objects.equals( MASK s, that. MASK<file_sep>/x-pack| MASK s,
                clientAddress
            );
        }

        @Override
        public String toString() {
           |MASK s"",  [MASK] s);
            builder.field(""client_address"", clientAddress|MASK s);
            builder.field(""client_address"", clientAddress);
            builder.endObject|MASK s;

        private String clientAddress;

        private RequestBuilder(String eventCollectionName, String|MASK s, clientAddress);
        }

        public Request request(StreamInput in) throws IOException {|MASK s(Map<String, List<String>>  MASK s) {
            this. MASK|MASK s) {
            this. MASK s =  MASK s;
            return this;
        }| MASK s =  MASK s;
            return this;
        }

        public RequestBuilder  MASK s|MASK s;
            return this;
        }

        public RequestBuilder  MASK s(String  MASK",
563,execRoot,MASK,False,5,MASK|execRoot|execRoot|execRoot|actionFileSystem,"  [MASK]  = directories.getExecRoot(TestConstants.WORKSPACE_NAME);
   ","  [MASK]  = directories.getExecRoot(TestConstants.WORKSPACE_NAME);
   |   /* execRoot= */ directories.getExecRoot(TestConstants.WORKSPACE_NAME)
                       |execRoot<file_sep>/src/main/java/com/google/devtools/build/lib/|   /* execRoot= */ execRoot,
                /* buildFileCache= */ null,
                /*|/* actionFileSystem= */ null,
            /* outputMetadataStore= */ null,
            /* rewind",
564,candidate,e,False,3,e|buf|," e = tab[i]; e!= null; e = e.next) {
                    if ("," e = tab[i]; e!= null; e = e.next) {
                    if (|buf, count);
        }

        RETAINED_WITH_CHILD(this$0_)
       |
        }

        /*-[
        - (NSUInteger)countByEnumeratingWithState:(NS",
565,parts,isDynamic,False,4,isDynamic|segments|segments|segments,"isDynamic= */ false,
        /* suppressPositionProjection= */ true,
        manifest,
        media","isDynamic= */ false,
        /* suppressPositionProjection= */ true,
        manifest,
        media| segments, long positionUs) {
    @Nullable HlsMediaPlaylist.Part closestPart = null|segments.size(); i++) {
      HlsMediaPlaylist.Part part =  [MASK]| segments.get(i);
      if (part.relativeStartTimeUs <= positionUs) {
       ",
566,evict,MASK,False,7,MASK|false|null|MASK|) {|e|next,"  [MASK]  if false, the table is in creation mode.
     */
    final void","  [MASK]  if false, the table is in creation mode.
     */
    final void| false, true);
    }

    /**
     * Replaces all linked nodes in bin at index for| null);
            }
        }
    }

    /**
     * Returns a shallow copy of this {@code|MASK] ) {
        Node<K,V>[] tab; Node<K,V> p| ) {
        Node<K,V>[] tab; Node<K,V> p; int|> e = e.next) {
                if (e.hash == hash &&
                    ((k|> next) {
        return new Node<>(hash, key, value, next);
    }

   ",
567,newest,String,False,4,String|return|getKey|getValue,"<String, String> e = m.entrySet().iterator().next();
        assertEquals(""KEY"",","<String, String> e = m.entrySet().iterator().next();
        assertEquals(""KEY"",|   return e.getKey().equals(""KEY"");
        }
        return false;
    }

    /**|.getKey());
    }

    public void test_put_present() {
        Map<String,|.getValue());
    }

    /**
     * java.util.LinkedHashMap#entrySet()
     */",
568,fromArchive,file,False,2,file|file,"file,
      int mode)
      throws IOException {}

  protected void zipFile(
      InputStream is,","file,
      int mode)
      throws IOException {}

  protected void zipFile(
      InputStream is,|file,
          ZipFileSet.DEFAULT_FILE_MODE, JAR_MARKER);
    }",
569,repeatedValuesString,repeatedString,False,2,repeatedString|repeatedString,"repeatedString = joiner.toString();
            return ""("" + repeatedString + "")"";
        } else {","repeatedString = joiner.toString();
            return ""("" + repeatedString + "")"";
        } else {|repeatedString<file_sep><fim_prefix>/jre_emul/android/platform/libcore/ojluni",
570,indexId,indexId,True,3,"indexId|0, 0, 0, 0, 0, 0, 0,|indexId","indexId  <file_sep><fim_prefix><fim_suffix>e.
 */

package org.elasticsearch.xpack.","indexId  <file_sep><fim_prefix><fim_suffix>e.
 */

package org.elasticsearch.xpack.|0, 0, 0, 0, 0, 0, 0,|indexId, 0), shardSize)
        );

        assertThat(
            snapshotShardSizeInfo.",
571,start,MASK,False,4,MASK|MASK|MASK|MASKt,"[MASK]<file_sep><fim_prefix><fim_suffix>  }
}
<fim_middle>/src/main/java/com","[MASK]<file_sep><fim_prefix><fim_suffix>  }
}
<fim_middle>/src/main/java/com|MASK;
        System.out.println(""millis : "" + millis);
    }

    public static|MASK<file_sep>/src/main/java/com/alibaba/json/test/benchmark/basic|MASK<file_sep><fim_prefix><fim_suffix>t.println(JSON.toJSONString(model));

        for (int i",
572,restRequest,requestearch,False,3,requestearch|requestearchearch|requestearchearch,  request<file_sep><fim_prefix><fim_suffix>earch.xpack.core.ml.action.GetTrained,  request<file_sep><fim_prefix><fim_suffix>earch.xpack.core.ml.action.GetTrained|requestearch<file_sep><fim_prefix><fim_suffix>earch.xpack.core.ml.action.GetTr|requestearch<file_sep><fim_prefix><fim_suffix>earch.xpack.core.ml.action.GetTr,
573,expected,expected,True,3,expected|expected|expected,"expected = createArrayWithNullKey();
    expected[getNullLocation()] = entry(null,","expected = createArrayWithNullKey();
    expected[getNullLocation()] = entry(null,|   expected[getNullLocation()] = entry(null, v3());
    expectContents( [|expected );
  }

  @MapFeature.Require({SUPPORTS_PUT, ALLOWS_",
574,other,that,False,3,that|that|thate,"that = (FullTextPredicate) obj;
        return Objects.equals(query, that.query","that = (FullTextPredicate) obj;
        return Objects.equals(query, that.query|that.query) && Objects.equals(options,  that.options);
    }

    @|that<file_sep><fim_prefix><fim_suffix>e.xpack.core.ml.inference.trainedmodel.Trained",
575,qualifiedName,context,False,3,context|contextName|contextName,"context the extractor context
   * @param  [MASK] <file_sep>/src/main/java","context the extractor context
   * @param  [MASK] <file_sep>/src/main/java|contextName, RuleClass ruleClass) {
    return buildRuleInfo(context, contextName,|contextName ));
    // Record the exported name of the rule class.
    ruleInfoBuilder.set",
576,avgCount,MASK,False,4,MASK|MASK|MASK|MASK," [MASK]  = LongStream.of(counts).sum() / integer.get();
       "," [MASK]  = LongStream.of(counts).sum() / integer.get();
       |[MASK], allOf(greaterThanOrEqualTo(20L), lessThanOrEqualTo(7| MASK  = LongStream.of(counts).sum() / integer.get();
        assertThat(| MASK, allOf(greaterThanOrEqualTo(20L), lessThanOrEqualTo(70L",
577,innerAgg,agg,False,2,agg|agg,"agg = agg.getAggregations().get(""filter_inner"");
            long innerFilterDoc","agg = agg.getAggregations().get(""filter_inner"");
            long innerFilterDoc|agg.getDocCount();
            if (sampledDocCount == 0) {
                // in",
578,buffer,buffer,True,3,buffer|buffer|buffer,"buffer = new Buffer();
    adapter.encode(buffer, value);
    return RequestBody.create","buffer = new Buffer();
    adapter.encode(buffer, value);
    return RequestBody.create|buffer, value);
    return RequestBody.create(MEDIA_TYPE, buffer.readByteArray());|buffer.snapshot());
  }

  static final class WireStreamingRequestBody<T extends Message<T,",
579,targetR,targetR,True,2,targetR|targetR,"targetR, final Vector3 targetS, final float alpha) {
			translation.lerp(","targetR, final Vector3 targetS, final float alpha) {
			translation.lerp(|targetR, alpha);
			scale.lerp(targetS, alpha);
			return this",
580,statusPerLine,count,False,3,count|System|) {,"count = 0;
      int max = 1;
      for (int index = 0","count = 0;
      int max = 1;
      for (int index = 0| System.out.println(""testIsValid() - testUrlPartsOptions"");
        }
        long options|) {
               System.out.println();
               printed = 0;
            }
         }
     ",
581,builder,requestBuilder,False,2,requestBuilder|requestBuilder,"requestBuilder) {
        requestBuilder.setDiskHealthInfo(determineCurrentHealth());
    }

   ","requestBuilder) {
        requestBuilder.setDiskHealthInfo(determineCurrentHealth());
    }

   |requestBuilder
           <file_sep><fim_prefix><fim_suffix>e.get(0).getShardId().getId() == ",
582,configLocations,locations,False,2,locations|locations,"locations) {
		return Stream.of(Arguments.of(locations));
	}

","locations) {
		return Stream.of(Arguments.of(locations));
	}

|locations);
		context.refresh();
		return context;
	}

	private static",
583,entries,MASK,False,34,MASK|MASK|MASK|MASK|MASK|MASK|MASK|MASK|MASK|MASK|MASK|MASK|MASK|MASK|MASK|MASK|MASK|MASK|MASK|MASK|MASK|MASK|MASK|MASKt|MASK|MASKt|MASK|MASK|MASK|MASKt|MASKt|MASKt|MASKt|MASKt,"[MASK] ) {
                return populate(new HashMap<String, String>(),  [MASK]","[MASK] ) {
                return populate(new HashMap<String, String>(),  [MASK]|[MASK] );
                return Collections.checkedMap(map, String.class, String.class|[MASK] ) {
                SortedMap<String, String> map = populate(new TreeMap<|MASK );
                return Collections.checkedSortedMap(map, String.class, String.class);|[MASK] ) {
                return emptyMap();
              }
            })
       .named(""emptyMap|[MASK] ) {
                return singletonMap( [MASK] [0].getKey(),  [|[MASK] [0].getKey(),  [MASK] [0].getValue());
              }
           | MASK [0].getValue());
              }
            })
       .named(""singletonMap"")
       .with|[MASK] ) {
                return populate(new HashMap<String, String>(),  [MASK]| MASK );
              }
            })
       .withFeatures(
            MapFeature.GENERAL_PURPOSE,|MASK ) {
                return populate(new Hashtable<String, String>(),  MASK );
              }
           |MASK );
              }
            })
       .withFeatures(
            MapFeature.GENERAL_PURPOSE,|MASK ) {
                return populate(new LinkedHashMap<String, String>(),  MASK );
              }
           |MASK );
              }
            })
       .named(""LinkedHashMap"")
       .withFeatures(
            Map|[MASK]<file_sep>/jre_emul/android/platform/libcore/ojluni|MASK );
              }
            })
       .named(""TreeMap, natural"")
       .withFeatures(
           |[MASK] ) {
                return populate(new TreeMap<String, String>(arbitraryNullFriendly|MASK<file_sep>/*
 * Copyright (C) 2008 The Guava Authors
 *|[MASK] ) {
                return unmodifiableMap(populate(new HashMap<String, String>(),| MASK ));
              }
            })
       .named(""unmodifiableMap/HashMap"")
       .withFeatures(|MASK ) {
                return unmodifiableSortedMap(populate(new TreeMap<String, String>(), |MASK );
                return Collections.unmodifiableSortedMap(map);
              }
            })
       .named(""|[MASK] ) {
                return populate(new EnumMap<AnEnum, String>(AnEnum|MASK<file_sep><fim_prefix><fim_suffix>t.get(0).get(0).get(0).get(|[MASK]<file_sep>/*
 * Copyright (C) 2008 The Guava Authors|MASK<file_sep><fim_prefix><fim_suffix>t.get(0).get(0).get(0).get(|[MASK]<file_sep>/jre_emul/android/platform/libcore/ojluni|[MASK]<file_sep>/jre_emul/android/platform/libcore/ojluni|[MASK]<file_sep>/jre_emul/android/platform/libcore/ojluni|MASKt<file_sep>/jre_emul/android/platform/libcore/ojluni/|MASKt<file_sep>/jre_emul/android/platform/libcore/ojluni/|MASKt );
  }

  private static <T> Map<T, String> unmodifiableMap|MASKt<file_sep>/*
 * Copyright (C) 2008 The Guava Authors
|MASKt<file_sep>/*
 * Copyright (C) 2008 The Guava Authors
",
584,suite,suite,True,19,suite|testsForCheckedMap|src|src|src|MASK|MASK|MASK|MASK|MASK|MASK|MASK|MASK|MASK|MASK|MASK|MASK|MASK|src,"suite for {@link Map} implementations.
 *
 * @author 
 */
@Gwt","suite for {@link Map} implementations.
 *
 * @author 
 */
@Gwt|testsForCheckedMap();

  public static Test  testsForCheckedSortedMap();

  public static Test|<file_sep>/src/main/java/com/google/common/collect/testing/testers|src.addTest(testsForCheckedMap());
     src.addTest(testsForCheckedSorted|src.addTest(testsForCheckedSortedMap());
     src.addTest(testsForEmpty|[MASK].addTest(testsForEmptyMap());
     [MASK].addTest(testsFor|MASK.addTest(testsForSingletonMap());
     [MASK].addTest(testsForHashMap|MASK.addTest(testsForHashMap());
     [MASK].addTest(testsForHashtable());|[MASK].addTest(testsForHashtable());
     [MASK].addTest(testsForLinked|MASK.addTest(testsForLinkedHashMap());
     MASK.addTest(testsForTreeMapNatural|MASK.addTest(testsForTreeMapNatural());
     MASK.addTest(testsForTreeMapWith|MASK.addTest(testsForTreeMapWithComparator());
     MASK.addTest(testsForUn|MASK.addTest(testsForUnmodifiableMap());
     MASK.addTest(testsForUn|MASK.addTest(testsForUnmodifiableSortedMap());
     MASK.addTest(testsFor|MASK.addTest(testsForEnumMap());
     MASK.addTest(testsForConcurrentHashMap|MASK.addTest(testsForConcurrentHashMap());
     MASK.addTest(testsForConcurrentSkip|MASK.addTest(testsForConcurrentSkipListMap());
    return  MASK ;
  }

 |MASK.addTest(testsForConcurrentSkipListMapWithComparator());
    return  [MASK]|src ;
  }

  public static Test  testsForCheckedSortedMap () {
    return new Tests",
585,encodedURLStr,str,False,8,str|str|str|str|str|str|str|str,"str     : after {@link URL#encode(String)} string
     *                       [MASK] ","str     : after {@link URL#encode(String)} string
     *                       [MASK] |   str format: protocol://username:password@host:port/path?k1=v|str, String decodedURLStr) {
        Map<String, String> parameters = null;
       |str.indexOf('?');// '?'
        if (pathEndIdx >= 0) {|str, pathEndIdx + 3);
        } else {
            pathEndIdx =  str|str.length();
        }

        //decodedBody format: [protocol://][username:password@| str, 0, pathEndIdx, false, DECODE_TEMP_BUF.get());|str, decodedBody, parameters);
    }

    /**
     * @param  str  : after",
586,admin,SecurityConfig,False,20,SecurityConfig|user|MASK|SecurityConfig|MASK|MASK|MASK|SecurityConfig|MASK|MASK|MASK|MASK|MASK|MASK|userSecurity|String|MASK|MASK|assertTrue|MASK,"SecurityConfig() {
       <file_sep>/x-pack/plugin/core/src/main/java","SecurityConfig() {
       <file_sep>/x-pack/plugin/core/src/main/java|user"", ""test-user-password"", keystoreLocation, keystorePassword);
    }

    static Security| [MASK] SecurityConfig = userSecurity(user);
            if (user == null) {
               |SecurityConfig();
            if (user == null) {
                return  [MASK] ;
            }|MASK;
            }
            if (user.equals(""cli_or_drivers_minimal"")) {|[MASK].keystoreLocation(),
                 [MASK].keystorePassword()
            );
        }

       | MASK.keystorePassword()
            );
        }

        @Override
        public void querySingleFieldGranted()|SecurityConfig<file_sep>/server/src/main/java/org/elasticsearch/index/mapper/|[MASK] Sql, String user, String userSql) throws Exception {
            expectMatchesAdmin(| MASK Sql, user, userSql);
        }

        @Override
        public void expectQueryMatchesAdmin|[MASK] Sql, String user, String userSql) throws Exception {
            expectScrollMatchesAdmin| MASK Sql, user, userSql, cli -> {
                assertEquals(""[?1l>[?1| MASK Sql, String user, String userSql) throws Exception {
            expectMatchesAdmin( MASK Sql|[MASK] Result = new ArrayList<>();
            List<String>  [MASK] Result = new|userSecurity(null))) {
                customizer.accept(cli);
                 [MASK] Result.|String  MASK Sql = ""SELECT * FROM test ORDER BY a"";
                assertEquals( [MASK]| MASK Sql));
                String line;
                do {
                    line = cli.readLine();
                     [MASK|MASK Result.add(line);
                } while (false == (line.equals(""[0m|assertTrue(expected.hasNext());
                assertEquals(expected.next(), line);
                assertFalse(expected.|MASK Result.iterator();
            try (EmbeddedCli cli = new EmbeddedCli(elasticsearchAddress(), true",
587,aggBuilder,MASK,False,10,MASK|MASK|MASK|MASKe|MASK|{|MASK|{|e|histo," [MASK]  = new CategorizeTextAggregationBuilder(""my_agg"", TEXT_FIELD_"," [MASK]  = new CategorizeTextAggregationBuilder(""my_agg"", TEXT_FIELD_|[MASK],
                new TextFieldMapper.TextFieldType(TEXT_FIELD_NAME, randomBoolean(),|  MASK  = new CategorizeTextAggregationBuilder(""my_agg"", TEXT_FIELD_NAME| MASK<file_sep><fim_prefix><fim_suffix>e.get(0).getAggregations().get(""my_agg|  [MASK]  = new CategorizeTextAggregationBuilder(""my_agg"", TEXT_FIELD| {
            assertThat(result.getBuckets(), hasSize(2));
            assertThat(result.get| [MASK]<file_sep><fim_prefix><fim_suffix>e.get(0).getDocCount(), equalTo(1L| {
            w.addDocument(
                Arrays.asList(
                    new StoredField(""_source"", new| <file_sep><fim_prefix><fim_suffix>e.get(0).getDocCount(), equalTo(1L));
       |(histo.getBuckets().get(bucket).getDocCount(), equalTo(0L));",
588,constantPoolOffset,em,False,3,em|1;|constantPoolLength,"em = classReader.header;
    constantPoolCount = classReader.getItemCount();
    constant","em = classReader.header;
    constantPoolCount = classReader.getItemCount();
    constant| 1;
    constantPool = new ByteVector(constantPoolLength);
    constantPool.put| 1, constantPoolLength);

    // Add the constant pool items in the symbol table entries.",
589,length,loop,False,8,loop|start|) {|start|) {|loop|linear|i,"// loop variable
       <file_sep>/jre_emul/android/platform/libcore/ojl","// loop variable
       <file_sep>/jre_emul/android/platform/libcore/ojl|start=indexes[IX_MIRROR_START];
        limit=start+indexes[IX_|) {
            if(mirrors[i]==0) {
                break;
            }
        }|start+=loop;
            if(start==limit) {
                break;
            }
            loop<file_sep>|) {
                jg=jga[i];
                if(jg!=prev) {
                   |  loop ;
            int m2;

             [MASK] =indexes[IX_MIRROR_|/* linear search */
            for(i=0; i< [MASK] ; ++i)|; ++i) {
                m=mirrors[i];
                c2=getMirrorCode",
590,methodSpecBuilder,e,False,16,e|MASK|MASK|addStatement|MASK|e|MASK|new|createNewOptionAndCall|e|MASKt|MASK|e|MASK|e|e,"<file_sep><fim_prefix><fim_suffix>e.get(i);
      if (key.equals(key1)) {","<file_sep><fim_prefix><fim_suffix>e.get(i);
      if (key.equals(key1)) {| [MASK], ""new $T().$N("", processorUtil.getParameters(staticMethod));|  [MASK] 
           .beginControlFlow(""if ($T.$N == null)"", glide|.addStatement(
              ""return "" + createNewOptionAndCall, glideOptionsName,| [MASK].addTypeVariable(
          TypeVariableName.get(typeParameterElement.getSimpleName|<file_sep><fim_prefix><fim_suffix>e.get(i);
            if (value instanceof String) {
                String string|MASK.build(), requiredStaticField);
  }

  private MethodAndStaticVar generateStaticMethodEquivalent| = ""new $T().$L("",
      List<ParameterSpec> specs) {
    StringBuilder| createNewOptionAndCall.append(""this, "");
      }
      for (ParameterSpec parameter :|<file_sep><fim_prefix><fim_suffix>e.get(i);
            if (value instanceof String) {
                String string| MASK<file_sep><fim_prefix><fim_suffix>t.get(i);
            if (item.isHeader) {
               | [MASK].beginControlFlow(""if ($T.$N == null)"", glideOptionsName| <file_sep><fim_prefix><fim_suffix>e.get(i);
            if (value instanceof String) {
                String| [MASK].addTypeVariable(
          TypeVariableName.get(typeParameterElement.getSimpleName| e 
       .addAnnotation(processorUtil.checkResult())
       .addAnnotation(processorUtil.|e.build(), requiredStaticField);
  }

  private static final class MethodAndStaticVar {",
591,commits,DirectoryReader,False,2,DirectoryReader|replicaShard," = DirectoryReader.listCommits(replica.store().directory());
            long maxSeqNo = Long"," = DirectoryReader.listCommits(replica.store().directory());
            long maxSeqNo = Long|replicaShard.store().listCommits().get(0).getUserData().get(SequenceNumbers.",
592,myCompressor,MASK,False,4,MASK|MASK|new|new,"  [MASK]  = new UnicodeCompressor();
        UnicodeDecompressor myDecompressor = new Unicode","  [MASK]  = new UnicodeCompressor();
        UnicodeDecompressor myDecompressor = new Unicode|MASK.compress(chars, 0, len, unicharsRead,
                myCompressed,| = new UnicodeCompressor();
        UnicodeDecompressor myDecompressor = new UnicodeDecompressor();
        
        //|new.compress(chars, totalCharsCompressed, 
                   len, unicharsRead, byteBuffer",
593,coreOptions,coreOptions,True,2,coreOptions|coreOptions," coreOptions = Options.getDefaults(CoreOptions.class);
    CommonCommandOptions commonCommandOptions"," coreOptions = Options.getDefaults(CoreOptions.class);
    CommonCommandOptions commonCommandOptions|coreOptions);
    when(options.getOptions(CommonCommandOptions.class)).thenReturn(commonCommand",
594,putDataStreamRequest,earch,False,2,earch|earchearch,"     <file_sep><fim_prefix><fim_suffix>earch.rest.RestRequest;
import org.elasticsearch.rest.","     <file_sep><fim_prefix><fim_suffix>earch.rest.RestRequest;
import org.elasticsearch.rest.|earch<file_sep><fim_prefix><fim_suffix>earch.common.io.stream.StreamInput;
import org",
595,prefix,the,False,19,the|MASK|MASK|MASK|MASK|MASK|MASK|MASK|MASK|MASK|MASK|MASK|MASK|namespace|namespace|MASK|MASK|MASK|MASK,"the buffer, but I don't think it's needed
                // anymore.  If it is,","the buffer, but I don't think it's needed
                // anymore.  If it is,| [MASK]  = dtm.getPrefix(namespace);
                    String  [MASK]<file_sep>| [MASK]  = dtm.getNodeNameX(namespace);
                    String desturi = handler|MASK );
                    //      String desturi = getURI( [MASK] );
                    String srcURI| [MASK] );

                    if ((null!= desturi) && desturi.equals(dtm| [MASK], srcURI, false);
                    }
                }
            }
            else if (type| [MASK]  = dtm.getNodeNameX(src);
                String desturi = handler|MASK );
                //            String desturi = getURI( MASK<file_sep>/src/org/apache|MASK, srcURI, false);
                }
            }
            else
            {
                String  MASK | [MASK]  = dtm.getPrefix(attr);
            String  [MASK] |[MASK]<file_sep>/src/static/android/app/backup/FullBackupDataOutput.|MASK );
            //      String uri = getURI( [MASK] );

            if ((null!=| MASK );

            if ((null!= uri) && uri.equals(dtm.getStringValue(|namespace is declared
     * in the SerializationHandler.  This is necessary because the
     * SerializationHandler|namespace
     * or it may be a namespace that was declared in a parent element.
     *
    |MASK  = dtm.getNodeNameX(namespace);

        if ((uri!= null && uri|MASK  &&   MASK.length() > 0))
        {
            String foundURI;
           | MASK );
            }
            else
            {
                foundURI = handler.getNamespaceURIFromPrefix(| MASK, uri, false);
                }
            }
            else
            {
                foundURI = handler.",
596,test_date,new,False,2,"new|0, ""2012-4-2"", ""2012-5-"," = new SimpleDateFormat(""y\u5e74M\u6708d\"," = new SimpleDateFormat(""y\u5e74M\u6708d\|0, ""2012-4-2"", ""2012-5-",
597,parser,parser,True,10,parser|MASK|MASK|parser|parser|parser|parser|parser|parser|parsere,"parser, String name) throws IOException {
        return TopMetricsAggregationBuilder.PARSER.apply(parser","parser, String name) throws IOException {
        return TopMetricsAggregationBuilder.PARSER.apply(parser|[MASK].nextToken(), equalTo(XContentParser.Token.START_OBJECT));
        assertThat|[MASK].currentToken(), equalTo(XContentParser.Token.FIELD_NAME));
       |parser.currentName();
        assertThat( parser.nextToken(), equalTo(XContentParser.Token.|parser.nextToken(), equalTo(XContentParser.Token.START_OBJECT));
        assertThat( parser|parser.nextToken(), equalTo(XContentParser.Token.FIELD_NAME));
        assertThat( parser|parser.currentName(), equalTo(""sort""));
        List<SortBuilder<?>> sortBuilders = FieldSort|parser, name);
        assertThat( parser.nextToken(), equalTo(XContentParser.Token.END| parser.nextToken(), equalTo(XContentParser.Token.END_OBJECT));
        assertThat( |parser<file_sep><fim_prefix><fim_suffix>e.get(0).get(""value"").asDouble(), equalTo(1",
598,weekData,weekData,True,3,weekData|weekData|null," weekData = calendar.getWeekData();
    int calDow = retrieveFirstDayOfWeek(locale"," weekData = calendar.getWeekData();
    int calDow = retrieveFirstDayOfWeek(locale|weekData);
    int minDays = weekData.minimalDays;
    return WeekFields.of| null;
    /**
     * Returns a field to access the day of week based on this {@code",
599,trainedModelConfigBuilder,MASK,False,6,MASK|MASK|MASK|new|new|new,"[MASK]  = new TrainedModelConfig.Builder().setModelId(
            ""."" + package","[MASK]  = new TrainedModelConfig.Builder().setModelId(
            ""."" + package|   MASK,
                packageConfig,
                xContentRegistry()
        );

        TrainedModelConfig trained| MASK.build();

        assertEquals(packageConfig.getModelType(), trainedModelConfig.getModelType().|= new TrainedModelConfig.Builder().setModelId(
            ""."" + packageConfig.getPackage|new,
            packageConfig,
            xContentRegistry()
        );

        var mockTrainedModelDefinition|new.build();

        ActionListener<PutTrainedModelAction.Response> responseListener = ActionListener.",
600,marker,MASK,False,3,MASK|MASK|MASK,"[MASK] = expectedLocation.list();
        if ( [MASK].length == 0","[MASK] = expectedLocation.list();
        if ( [MASK].length == 0|MASK.exists() &&  [MASK].readToString().equals(i.url);
   |MASK.readToString().equals(i.url);
    }

    protected boolean isUpToDate(",
601,secret,);,False,9,);|MASK|MASK||;|. ;|MASK||;,""");
            Assertions.assertEquals(""external"", overrideConfig.getUseKeyAsProperty());
        } finally",""");
            Assertions.assertEquals(""external"", overrideConfig.getUseKeyAsProperty());
        } finally|  [MASK] ;

        public Map getParameters() {
            Map<String, String> map| MASK ) {
            this.number = number;
            this.name = name;
            this.|

        public String getStr() {
            return str;
        }

        public void setStr(String|;
        }

        public void setNumber(int number) {
            this.number = number;|. ;
        }

        public void setSecret(String  MASK ) {
            this. [MASK| MASK ) {
            this.  =  ;
        }
    }

    private static class ParameterConfig|
        }

        public String getStr() {
            return str;
        }

        public void setStr| ;
        }

        @Parameter(key = ""num"", append = true)
        public int get",
602,options,decodingOptions,False,6,decodingOptions|decodingOptions|decodingOptions|decodingOptions|decodingOptions|decodingOptions,"decodingOptions = decodingInfo.getDecodingOptions();
		if (decodingOptions.","decodingOptions = decodingInfo.getDecodingOptions();
		if (decodingOptions.|decodingOptions.inJustDecodeBounds = true;
		BitmapFactory.decodeStream(image|decodingOptions );
		if (loggingEnabled) L.d(""Image size, original:|decodingOptions.outMimeType)) {
			exif = defineExifOrientation(imageUri| decodingOptions.outWidth,  decodingOptions.outHeight), exif);
	}

| decodingOptions.outHeight), exif);
	}

	protected ImageFileInfo defineImageSize",
603,targetClass,MASK,False,16,MASK|MASK|MASK|MASK|MASK|the|nor|MASK|or|MASK|or|MASK|or|MASK|MASK|MASK," [MASK] ;

	private @Nullable Object targetObject;

	private @Nullable String target"," [MASK] ;

	private @Nullable Object targetObject;

	private @Nullable String target| [MASK] ) {
		this. [MASK]  =  [MASK] ;
| [MASK]  =  [MASK] ;
	}

	/**
	 * Set the|MASK ;
	}

	/**
	 * Set the target class on which the field is defined| MASK ;
	}

	/**
	 * Set the name of the field to be retrieved.|the targetClass,
	 * targetObject, and targetField properties.
	 * <p>This|"" nor ""targetObject""
	 * nor ""targetField"" have been specified.
	 * This| [MASK] != null && this.targetObject!= null) {
			throw new IllegalArgumentException|or targetObject, not both"");
		}

		if (this. [MASK] | MASK != null) {
			//  [MASK]  specified.
			this.| or targetObject, not staticField"");
			}
			if (this.beanName ==| MASK  = ClassUtils.forName(className, this.beanClassLoader);
			this.target|or  specified.
			throw new IllegalArgumentException(""targetField is required"");
		}

		|[MASK]  = (this. MASK != null? this. MASK  : this.| MASK );
		this.fieldObject = ReflectionUtils.findField( MASK, this.target|MASK.getDeclaredField(this.targetField);
		if (this.fieldObject == null",
604,exception,MASK,False,8,MASK|MASK|MASK|MASK|MASK|MASK|MASK|error,"[MASK] s.JedisConnectionException;
import redis.clients.jedis. [","[MASK] s.JedisConnectionException;
import redis.clients.jedis. [| MASK s.JedisConnectionException;
import redis.clients.jedis.  MASK<file_sep>| [MASK]<file_sep>/dubbo-rpc/dubbo-rpc-api/src/main/java|MASK  = null;
            } catch (IOException e) {
                e.printStackTrace();
                 [| MASK  = e;
            }
            if ( [MASK]  == null) {
                break| MASK  == null) {
                break;
            }
        }

        Assertions.assertNull( [MASK| MASK );
        Assertions.assertNotNull(redisServer, ""Redis server failed to start after 10|error<file_sep>/dubbo-rpc/dubbo-rpc-api/src/main/java/org",
605,tables,MASK,False,7,MASK|Output|Output|MASK|MASK|Output|MASK," [MASK], String user) throws Exception {
            try (EmbeddedCli cli = new EmbeddedCli"," [MASK], String user) throws Exception {
            try (EmbeddedCli cli = new EmbeddedCli|Output = cli.command(""SHOW TABLES"");
                assertThat( [MASK] Output, containsString(""|Output, containsString(""table""));
                assertThat( [MASK]<file_sep>/x-pack/plugin|[MASK] Output, containsString(""schema""));
                assertThat( [MASK]<file_sep>/x-|[MASK] Output, containsString(""type""));
                assertEquals(""---------------+---------------+---------------"", cli|Output, containsString(""kind""));
                assertEquals(""---------------+---------------+---------------+---------------"", cli.|MASK ) {
                    String line = null;
                    /*
                     * Security automatically creates either a `.security",
606,oldIndex,newIndex,False,4,newIndex|newIndex|main|main,"newIndex = 0; newIndex < oldRows.size(); newIndex++) {
                int","newIndex = 0; newIndex < oldRows.size(); newIndex++) {
                int|newIndex ));
            }

            project.rows.clear();
            project.rows.addAll(new| <file_sep>/main/src/com/google/refine/model/changes/ColumnRename|main<file_sep>/main/src/com/google/refine/commands/project/GetProject",
607,builder,MASK,False,18,MASK|MASK|MASK|MASK|MASK|MASK|MASK|MASK|MASK|MASK|MASK|MASK|MASK|MASK|MASK|MASK|MASK|MASK, [MASK]<file_sep>/server/src/main/java/org/elasticsearch/search/aggreg," [MASK]<file_sep>/server/src/main/java/org/elasticsearch/search/aggreg|[MASK]<file_sep>/server/src/main/java/org/elasticsearch/index/mapper| MASK, params);
        }
         [MASK].endArray();
    }

    private static void|[MASK]<file_sep>/server/src/main/java/org/elasticsearch/index/mapper| MASK<file_sep>/server/src/main/java/org/elasticsearch/index/mapper/Mapper|[MASK].startObject(""analysis"");
        toXContentCollection( [MASK], params| MASK<file_sep>/server/src/main/java/org/elasticsearch/index/mapper/Mapper|MASK, params, ""tokenizer_types"", usedTokenizers);
        toXContentCollection( [|MASK, params, ""filter_types"", usedTokenFilters);
        toXContentCollection( [|MASK, params, ""analyzer_types"", usedAnalyzers);
        toXContentCollection( [|MASK, params, ""built_in_char_filter_types"", usedBuiltInCharFilters);|MASK, params, ""built_in_tokenizers"", usedBuiltInTokenizers);
        toX|MASK, params, ""built_in_filters"", usedBuiltInTokenFilters);
        toXContent|MASK, params, ""built_in_analyzers"", usedBuiltInAnalyzers);
         [MASK|MASK.startObject(""synonyms"");
        for (Map.Entry<String, SynonymsStats| MASK.startObject();
        toXContentCollection( MASK, params, ""inline"", usedSyn|MASK.endObject();
         MASK<file_sep>/server/src/main/java/org/elasticsearch|MASK ;
    }

    public static class IndexFeatureStats implements ToXContentFragment {

        private final",
608,response,MASK,False,8,MASK|MASK|x|x|x|MASK|MASK|MASK,[MASK]<file_sep>/server/src/main/java/org/elasticsearch/search/aggreg,"[MASK]<file_sep>/server/src/main/java/org/elasticsearch/search/aggreg|MASK<file_sep>/x-pack/plugin/core/src/main/java/org/elasticsearch| <file_sep>/x-pack/plugin/core/src/main/java/org/elasticsearch|x.getResult());
        assertEquals(expectedIndexName, x.getIndex());

        if (refesh|x.getIndex(), containsString(expectedIndexName));

        if (refeshOnOperation == false|[MASK].getId())
           .setDoc(Requests.INDEX_CONTENT_TYPE, ""|MASK.getId()).setFetchSource(true).get();
        assertThat(getResponse.isExists(),| MASK<file_sep>/x-pack/plugin/core/src/main/java/org/elasticsearch",
609,deprecationHandler,deprecationHandler,True,10,deprecationHandler|deprecationHandler|deprecationHandler|MASK|MASK|MASK|MASK|MASK|MASK|MASK,"deprecationHandler) {
        return parseRewriteMethod(rewriteMethod, MultiTermQuery.CONSTANT_SCORE","deprecationHandler) {
        return parseRewriteMethod(rewriteMethod, MultiTermQuery.CONSTANT_SCORE|deprecationHandler );
    }

    public static MultiTermQuery.RewriteMethod parseRewriteMethod(@Nullable String|deprecationHandler<file_sep><fim_prefix>/*
 * Copyright Elasticsearch B.V. and/or licensed to Elasticsearch B|[MASK] )) {
            return MultiTermQuery.CONSTANT_SCORE_REWRITE;
        }
       |[MASK] )) {
            return MultiTermQuery.SCORING_REWRITE;
        }
       |MASK )) {
            return MultiTermQuery.CONSTANT_SCORE_BOOLEAN_REWRITE;
        }
       |MASK )) {
            return MultiTermQuery.CONSTANT_SCORE_BLENDED_REWRITE;
        }|MASK )) {
                return new MultiTermQuery.TopTermsRewrite(size);
            }
            if|MASK )) {
                return new MultiTermQuery.TopTermsBoostOnlyBooleanQueryRewrite(size);|MASK<file_sep>/server/src/main/java/org/elasticsearch/index/mapper/Mapper",
610,allocation,;,False,8,;|ShardRoutingState|ShardRoutingState|strategy|strategy|strategy|strategy|strategy,";

import org.elasticsearch.action.ActionListener;
import org.elasticsearch.cluster.",";

import org.elasticsearch.action.ActionListener;
import org.elasticsearch.cluster.|ShardRoutingState;
import org.elasticsearch.cluster.routing.allocation.AllocationService;
|ShardRoutingState.command.AllocateEmptyPrimaryCommand;
import org.elasticsearch.cluster.routing| strategy = createAllocationService(Settings.EMPTY, () -> clusterInfo);
        logger.info(""|strategy.reroute(clusterState, ""reroute"", ActionListener.noop());

        logger.info| strategy<file_sep>/*
 * Copyright Elasticsearch B.V. and/or licensed to Elasticsearch B.V| strategy<file_sep>/*
 * Copyright Elasticsearch B.V. and/or licensed to Elasticsearch B.V| strategy, clusterState);

        assertEquals(clusterState.getRoutingNodes().node(existingNodeId).",
611,newFinalizeContext,runDuringFinalize,False,2,runDuringFinalize|networkDisruption," runDuringFinalize = new RunDuringFinalize();
        TestRestartBeforeListenersRepoPlugin.setOnResponse("," runDuringFinalize = new RunDuringFinalize();
        TestRestartBeforeListenersRepoPlugin.setOnResponse(|networkDisruption::stopDisrupting);

        assertBusy(() -> {
            assertSnapshotSuccess(",
612,upstream,MASK,False,4,MASK|MASK|MASK|MASK,"[MASK] ) {
                return  [MASK].switchMapSingle(new Function<Integer","[MASK] ) {
                return  [MASK].switchMapSingle(new Function<Integer|  MASK<file_sep>/src/test/java/io/reactivex/rxjava3/internal/|MASK ) {
                return  MASK.switchMapSingleDelayError(new Function<Integer, Single|MASK.switchMapSingleDelayError(new Function<Integer, Single<Integer>>() {
                    @",
613,storedFields,storedFields,True,2,storedFields|storedFieldse,"storedFields, BlockLoader.Builder builder) throws IOException {
        delegate.read(docId,","storedFields, BlockLoader.Builder builder) throws IOException {
        delegate.read(docId,|storedFields<file_sep><fim_prefix><fim_suffix>e.get(0).get(""name"").get(""first"").text",
614,description,description,True,2,description|description,"description) {
            description.appendText(""a finite double value"");
        }

        @Override
       ","description) {
            description.appendText(""a finite double value"");
        }

        @Override
       |description<file_sep>/server/src/main/java/org/elasticsearch/search/aggregations/",
615,invocation,invocation,True,4,invocation|internal|invocation|invocation,"invocation.InvocationInfo;
import org.mockito. [MASK]<file_sep><fim_prefix><fim_suffix>t.Test","invocation.InvocationInfo;
import org.mockito. [MASK]<file_sep><fim_prefix><fim_suffix>t.Test|internal.invocation.Invocation;
import org.mockito.internal.invocation.InvocationInfo;
|        invocation =
                new InvocationBuilder()
                       .method(methodName)
                       .mockClass(Current|invocation );

        // then
        assertThat(info.isValidException(new CharacterCodingException())).isTrue();",
616,factory,MASK,False,13,MASK|MASK|MASK|MASK|MASK|MASK|MASK|MASK|awaitClear|MASKt|MASK|MASK|MASK," [MASK]  = ConstantFactory.create(""Hello World"", ""[a source]"");
    Provider<"," [MASK]  = ConstantFactory.create(""Hello World"", ""[a source]"");
    Provider<|   MASK,
                injector,
                Dependency.get(Key.get(String.class), ""|[MASK]  =
        new InternalFactory<String>() {
          @Override
          public String get| MASK<file_sep>/extensions/servletmodule/src/test/java/com/google/inject/|[MASK]  = makeFactoryCapturingInjector(injector);
    var injectorRef = new Weak| [MASK]  = makeFactoryCapturingInjector(injector);
    Provider<String> provider =|MASK);
    Provider<String> provider = InternalMethodHandles.makeProvider( [MASK],|MASK, injector, dep);
    unused = null;
     [MASK]  = null;
   |  .awaitClear(injectorRef);
    Asserts.awaitClear(depRef);
    Assert| MASK<file_sep><fim_prefix><fim_suffix>t.get(String.class));
    assertThat(dep.getInjectionPoint| MASK  handle.
      // This is used to test that the handle doesn't keep the injector alive|MASK  =
        new InternalFactory<String>() {
          @Override
          public String get(Internal| MASK, injector);
    assertThat(provider).isInstanceOf(InternalMethodHandles.MethodHandleProvider.class",
617,observer,actual,False,2,actual|actual,"actual, boolean delayError) {
        source.subscribe(new FlatMapSingleObserver<>(actual,","actual, boolean delayError) {
        source.subscribe(new FlatMapSingleObserver<>(actual,|actual, mapper, delayErrors));
    }

    static final class FlatMapSingleObserver<T,",
618,securityEnabled,enabled,False,6,enabled|enabled|enabled|enabled|enabled|enabled,"enabled) throws Exception {
        logger.info(""Security status: {}"", enabled);
        logger.info","enabled) throws Exception {
        logger.info(""Security status: {}"", enabled);
        logger.info|enabled);
        logger.info(""Cluster:\n{}"", getClusterInfo());
        logger.info(""|enabled );

        final String indexName = ""index_allowed"";
        final Request request = new Request| enabled ) {
            checkAuthentication();
        }

        checkAllowedWrite(""index_allowed"");
        //|enabled? 1 : 0;
        checkIndexCount(""index_allowed"", expectedIndexCount| enabled ) {
            checkDeniedWrite(otherIndex);
        } else {
            checkAllowedWrite(",
619,usedTokenizerTypes,usedTokenizers,False,3,usedTokenizers|usedTokenizers|usedTokenizers,"usedTokenizers = new HashMap<>();
        final Map<String, IndexFeatureStats> usedTokenFilters","usedTokenizers = new HashMap<>();
        final Map<String, IndexFeatureStats> usedTokenFilters|usedTokenizers, indexTokenizerTypes);

                Map<String, Settings> tokenFilterSettings = index|usedTokenizers.values(),
            usedTokenFilterTypes.values(),
            usedAnalyzerTypes.values",
620,uniquePluginIds,pluginZip,False,2,pluginZip|pluginZip," pluginZip = downloadZip(plugin.getLocation(), env.tmpDir());
        final Path extractedZip"," pluginZip = downloadZip(plugin.getLocation(), env.tmpDir());
        final Path extractedZip|pluginZip.add(plugin.getId()) == false) {
                throw new UserException(Exit",
621,sourceFilePath,sourceFilePath,True,7,sourceFilePath|sourceFilePath|sourceFilePath|sourceFilePath|sourceFilePath|cwdPath|sourceFilePath,"sourceFilePath = typeNode.getSourceFilePath();
    if (sourceFilePath == null) {
      return","sourceFilePath = typeNode.getSourceFilePath();
    if (sourceFilePath == null) {
      return|sourceFilePath;
    }

    // If the source file path is relative, then it is relative to|sourceFilePath = Paths.get(sourceFilePath);
    Path   [MASK] = Paths.get| sourceFilePath );
    Path  [MASK]  = toNormalizedSourcePath(options.getMask|sourceFilePath.startsWith(cwdPath)) {
      return  [MASK] String;
    }

   |cwdPath.relativize( [MASK] ).toString();
    }

    return sourceFilePath.| sourceFilePath );
  }

  private boolean needsCompanionClass() {
    return typeElement.getKind",
622,suite,TODO,False,7,TODO|suite|src|src|src|src|src,TODO(b/149130031): Remove when we have a replacement,"TODO(b/149130031): Remove when we have a replacement|suite<file_sep>/*
 * Copyright (C) 2008 The Guava Authors
 *| <file_sep>/src/main/java/com/google/common/collect/ForwardingNavigable| <file_sep>/src/main/java/com/google/common/collect/ForwardingNavigable|  src<file_sep>/src/main/java/com/google/common/collect/ForwardingNavig|src.addTest(
        CollectionTestSuiteBuilder.using(
                new TestStringCollectionGenerator() {|src ;
  }

  public void testStandardAddAll() {
    Collection<String> collection =",
623,newPreFilterQueryBuilders,preFilterQueryBuilders,False,2,preFilterQueryBuilders|preFilterQueryBuilders,"preFilterQueryBuilders,
        int rankWindowSize,
        Float minScore,
        String retriever","preFilterQueryBuilders,
        int rankWindowSize,
        Float minScore,
        String retriever|preFilterQueryBuilders,
            chunkScorerConfig,
            windowSizeSupplier
        );
    }

   ",
624,localDataStream,dataStreamRemote2Alias,False,6,dataStreamRemote2Alias|MASK|MASK|MASK|dataStreamLocal|MASK," dataStreamRemote2Alias = randomAlphaOfLengthBetween(5, 16);

        //"," dataStreamRemote2Alias = randomAlphaOfLengthBetween(5, 16);

        //|   [MASK] + ""*"",
                REMOTE_CLUSTER_1 + "":"" + remoteDataStream1 +| MASK,
                REMOTE_CLUSTER_1 + "":"" + remoteDataStream1,
                REMOTE_| MASK,
                REMOTE_CLUSTER_1 + "":"" + remoteDataStream1,
                REMOTE_| dataStreamLocal = ""metrics-foo"";
        String dataStreamLocalAlias = randomAlphaOfLength| MASK,
                REMOTE_CLUSTER_1 + "":"" + remoteDataStream1Alias,
                REMOTE",
625,contextBuilders,new,False,5,new|builders|fieldContext|builders|(,"new FieldContext<file_sep>/*
 * Copyright Elasticsearch B.V. and/or licensed to Elasticsearch B","new FieldContext<file_sep>/*
 * Copyright Elasticsearch B.V. and/or licensed to Elasticsearch B|builders = fieldContext.builders;
                for (String field :  [MASK].keySet())|fieldContext.builders.keySet()) {
                    FieldHighlightContext fieldContext =  [MASK].|builders.get(field).apply(hitContext);
                    Highlighter highlighter = getHighlighter(|(
        FetchContext context,
        SearchHighlightContext highlightContext,
        Query query,
        Map<",
626,length,MASK,False,48,MASK|length|MASK|MASK|MASK|MASK|MASK|MASK|MASK|MASK|MASK|= 0;|array|;|));|MASK|;|length|length|length|length|MASK|MASK|MASK|MASK|right|MASK|MASK|MASK|MASK|MASK|);|be|MASK|}.|);|been|);|isEmpty|array|array|array|;|);|;|isEmpty|);|length," [MASK] );
  }

  /**
   * Returns the index of the last appearance of the value"," [MASK] );
  }

  /**
   * Returns the index of the last appearance of the value|length() == target.  [MASK] } returns the greatest index {@code i} for which|MASK]  > 0) {
      return -1;
    }
    int targetOffset =| MASK ; i++) {
      if (Arrays.equals(array, i, i + target.|MASK  - target. [MASK] ; i++) {
      if (array[i] ==|MASK  ; j++) {
        if (array[i + j]!= target[j])|MASK );
  }

  // TODO(kevinb): consider making this public
  private static int| [MASK]  > 0);
    double min = array[0];
    for (int|MASK  ; i++) {
      min = Math.min(min, array[i]);
   |MASK  > 0);
    double max = array[0];
    for (int i =|MASK ; i++) {
      max = Math.max(max, array[i]);
    }|  = 0;
    for (double[] array : arrays) {
       [MASK] |  += array. [MASK] ;
    }
    double[] result = new double[checkNo|;
    }
    return checkNoOverflow( [MASK] );
  }

  /**
   * Returns|));
    return result;
  }

  /**
   * Returns a fixed-size list backed by the|[MASK]<file_sep><fim_prefix><fim_suffix>e.
   *
   * @param value the value to check
  |;
    }
    return result;
  }

  /**
   * Returns a fixed-size list backed| length.
   *
   * <p>If {@code array} is {@code null}, returns| length  greater than that of
   * the source arrays, the returned array is padded with zeroes|length of the returned array
   * @return a new array containing the same values as {@code array| length.
   *
   * @param array the source array
   * @param minLength the minimum|[MASK]  >= minLength)? Arrays.copyOf(array, minLength + padding) :|[MASK]  == 0) {
      return """";
    }

    StringBuilder builder = new StringBuilder|[MASK]  * 12);
    for (double value : array) {
      builder|MASK ) {
      builder.append(separator).append(array[i]);
    }
    return|right. [MASK], right. [MASK] );
      for (int i = 0|MASK] );
      for (int i = 0; i < minLength; i++) {|[MASK]  - right. [MASK] ;
    }

    @Override
    public String toString|MASK ;
    }

    @Override
    public String toString() {
      return ""Doubles.lexico|. [MASK] );
    }

    @Override
    public int hashCode() {
      int result =|. [MASK]  == 0) {
      return Collections.emptyList();
    }
    return|);
  }

  /**
   * Returns the index of the first occurrence of the specified value in the|be
   * {@code null}
   * @since 1.0 (parameter was {@code|. [MASK]  == 0) {
      return Collections.emptyList();
    }
    return|}.
   *
   * @param array the array to be rotated
   * @param distance the distance|);
  }

  /**
   * Returns the index of the first occurrence of the specified value in the|been
   * specified.
   *
   * @param array the array to be rotated
   * @|);
  }

  /**
   * Returns the index of the first occurrence of the specified value in the|.isEmpty() || (other.isEmpty() && this.equals(other));
  }

  /**| = array. [MASK] ;
    int len = toIndex - fromIndex;
    // Ob| array. }. }. This is equivalent to {@code
   * Collections.rotate(Ints.asList(|array. }.
   *
   * @since 1.0
   */
  public static void rotate|;
    }

    int  array  = toIndex - fromIndex;
    // Obtain m| );
    }

    // Obtain m = (-distance mod  array ), a non-negative value| ;
    int m = -distance %  ;
    m = (m < 0)? m|.isEmpty  <= 1) {
      return Collections.emptyList();
    }
    return new Double|);
    }

    DoubleArrayAsList(double[] array, int start, int end) {|length  of zero or cannot be parsed as a {@code double} value
   * @throws NullPointerException",
627,location,MASK,False,10,MASK|MASK|MASK|MASK|MASK|MASK|MASK|MASK|MASK|MASK,"[MASK], int count, boolean transpose, FloatBuffer value);

	public native void gl","[MASK], int count, boolean transpose, FloatBuffer value);

	public native void gl|[MASK], int count, boolean transpose, FloatBuffer value);

	public native void gl|[MASK], int count, boolean transpose, FloatBuffer value);

	public native void gl|[MASK], int count, boolean transpose, FloatBuffer value);

	public native void gl|[MASK], int count, boolean transpose, FloatBuffer value);

	public native void gl|MASK, int count, boolean transpose, FloatBuffer value);

	public native void glUniformMatrix|[MASK], int count, IntBuffer params);

	public native void glGetActiveUniformBlock|[MASK], int count, IntBuffer value);

	public native void glUniform2u|[MASK], int count, IntBuffer value);

	public native void glUniform4u|MASK, int count, IntBuffer value);

	public native void glUniform2uiv (",
628,warningMessage,expectedWarning,False,3,expectedWarning|expectedWarning|expectedWarning,"expectedWarning = ""Model architecture [test] is not supported on this cluster. ""
            + ""","expectedWarning = ""Model architecture [test] is not supported on this cluster. ""
            + ""|expectedWarning));
        successListener.getValue().onResponse(mockConfigToReturn);

        ensureNo|expectedWarning, actionSpy.getHeaderWarnings());
    }

    public void testVerifyMlNodesAndModel",
629,oauthVerifier,verifier,False,2,verifier|verifier,"verifier = in.nextLine();
        System.out.println();

        // Trade the Request Token and","verifier = in.nextLine();
        System.out.println();

        // Trade the Request Token and|verifier);
        System.out.println(""Got the Access Token!"");
        System.out.println",
630,fieldNumber,fieldNumber,True,3,fieldNumber|fieldNumber|fieldNumber,"fieldNumber) {
            FieldInfo res = super.fieldInfo(fieldNumber);
            if (","fieldNumber) {
            FieldInfo res = super.fieldInfo(fieldNumber);
            if (| fieldNumber );
            if (filteredNames.contains(res.name) == false) {
               |fieldNumber
                        + ""'<file_sep>/server/src/main/java/org/elasticsearch/index",
631,serializer,{,False,10,{|MASK|MASK|MASK|MASK|MASK|MASKt|MASK|MASK|MASKt,"{

import<file_sep>/json/src/test/java/com/alibaba/json/","{

import<file_sep>/json/src/test/java/com/alibaba/json/|[MASK].JSONSerializer;
import com.alibaba.fastjson. [MASK].Name|. MASK.SerializerFeature;
import com.alibaba.fastjson.  [MASK].Name| MASK.SerializeConfig;
import com.alibaba.fastjson. MASK<file_sep><fim_prefix><fim_suffix>t.TestCase| [MASK]  = new JSONSerializer(out);
         [MASK].getNameFilters().add|[MASK].getNameFilters().add(filter);

        Bean a = new Bean();
         [|MASK<file_sep><fim_prefix><fim_suffix>t.println(JSON.toJSONString(obj));
    }
}
| MASK  = new JSONSerializer(out);
         [MASK].getNameFilters().add(filter|MASK.getNameFilters().add(filter);

        Bean a = new Bean();
        a.setId|MASKt.write(map);

        String text = out.toString();
        Assert.assertEquals(""{",
632,endIndex,opIndex,False,2,opIndex|opIndex,opIndex<file_sep>/src/main/java/com/google/devtools/build/lib/,"opIndex<file_sep>/src/main/java/com/google/devtools/build/lib/|+ opIndex, Pair::getFirst),
                      InvalidationType.DELETED));
        }
      }
     ",
633,version,dataVersion,False,3,dataVersion|dataVersion|*/,"dataVersion, int formatVersion) {
            return dataVersion[0]==2 && dataVersion[","dataVersion, int formatVersion) {
            return dataVersion[0]==2 && dataVersion[|dataVersion<file_sep>/jre_emul/android/platform/libcore/ojluni/|*/
    private static final int IX_JG_LIMIT2=7;

    private static final",
634,response,MASK,False,8,MASK|MASK|MASK|MASK|MASK|MASK|respondJSON|MASK," [MASK] ) throws ServletException, IOException {
        internalRespond(request,  [MASK] );"," [MASK] ) throws ServletException, IOException {
        internalRespond(request,  [MASK] );|[MASK] );
    }

    @Override
    public void doGet(HttpServletRequest request, HttpServletResponse | MASK )
            throws ServletException, IOException {
        internalRespond(request,  MASK );
    }

   |MASK<file_sep>/main/src/com/google/refine/expr/functions/strings/| MASK )
            throws ServletException, IOException {
        internalRespond(request,  MASK );
    }

   | MASK, ""Project not found"");
                return;
            } catch (IOException e) {
                respond|respondJSON( [MASK], new ModelsResponse(
                project.columnModel,
                project.|MASK, new ModelsResponse(
                project.columnModel,
                project.recordModel,
                project",
635,rootDir,licensePath,False,2,licensePath|licensePath,licensePath<file_sep>/server/src/main/java/org/elasticsearch/search/aggregations,"licensePath<file_sep>/server/src/main/java/org/elasticsearch/search/aggregations|licensePath.toPath().resolve(""licenses/"" + licenseFilename));
                    assertLinesInFile(",
636,proxy,MASK,False,10,MASK|MASK|MASKe|MASK|ut|gin|{|s|}|pathsToDeleteOnShutdown,"  [MASK]  = null;

    public InstallPluginAction(Terminal terminal, Environment env,","  [MASK]  = null;

    public InstallPluginAction(Terminal terminal, Environment env,|  [MASK]<file_sep><fim_prefix><fim_suffix>e.get(0).get(""name"").getAsString().|  MASK<file_sep><fim_prefix><fim_suffix>e.get(0).get(""name"").getAsString().equals(""| MASK ;
    }

    /**
     * Downloads a zip from the url, into a temp file|ut the plugin author to remove the intermediate \""elasticsearch\"" directory within the plugin zip.""
                    );
               |gin) {
        return Files.createTempDirectory(pluginsDir, "".installing-"", PosixFile| {
        return Files.createTempDirectory(pluginsDir, "".installing-"", PosixFilePermissions.|s)"");
        }
        return info;
    }

    /**
     * Unzip the plugin to a| }

    /**
     * Removes the plugin from the plugins dir.
     */
    private void removePlugin|(pathsToDeleteOnShutdown);
    }

    private static void setFileAttributes(final Path path,",
637,webServer,webServer,True,3,webServer|webServer|webServer,"webServer = context
			.getSourceApplicationContext(AnnotationConfigServletWebServerApplicationContext.class)
			","webServer = context
			.getSourceApplicationContext(AnnotationConfigServletWebServerApplicationContext.class)
			|webServer).isNotNull();
		int port = webServer.getPort();
		return WebTest|webServer.getPort();
		return WebTestClient.bindToServer()
			.baseUrl(""",
638,idleHttpConnectionTimeout,MASK,False,5,MASK|MASK|idleHttpConnectionTimeout|MASK|idleHttpConnectionTimeout,"[MASK] ;

		/**
		 * Length of time an HTTP connection may remain idle before it","[MASK] ;

		/**
		 * Length of time an HTTP connection may remain idle before it|[MASK] ;
		}

		public void setIdleHttpConnectionTimeout(Duration  [|idleHttpConnectionTimeout) {
			this. MASK  = idleHttpConnectionTimeout;
		| MASK  = idleHttpConnectionTimeout;
		}

		public Duration getIdleHttpConnectionTimeout|idleHttpConnectionTimeout ;
		}

		public Duration getIdleHttpConnectionTimeout() {
		",
639,attrs,attrs,True,1,attrs,"attrs) throws IOException {
                String entry = root.relativize(file).toString().replace","attrs) throws IOException {
                String entry = root.relativize(file).toString().replace",
640,elapsedRealtimeUs,The,False,2,The|long,"The maximum number of microseconds that the renderer is allowed to make progress.
   * @throws Ex","The maximum number of microseconds that the renderer is allowed to make progress.
   * @throws Ex|, long  <file_sep>/*
 * Copyright (C) 2016 The Android Open Source",
641,targetOffsetUs,argetLiveOffsetUs,False,6,argetLiveOffsetUs|MASK|argetLiveOffsetUs|argetLiveOffsetUs|argetLiveOffsetUs|argetLiveOffsetUs,"argetLiveOffsetUs =
        playlist.startOffsetUs!= C.TIME_UNSET
          ?","argetLiveOffsetUs =
        playlist.startOffsetUs!= C.TIME_UNSET
          ?|  [MASK]<file_sep>/*
 * Copyright (C) 2017 The Android Open| argetLiveOffsetUs = serverControl.partHoldBackUs;
    } else if (server| argetLiveOffsetUs  = serverControl.holdBackUs;
    } else {
      //| argetLiveOffsetUs  = 3 * playlist.targetDurationUs;
    }
    return| argetLiveOffsetUs;
  }

  /**
   * Gets the target live offset, in micro",
642,metaAnnotations,metaAnnotations,True,2,metaAnnotations|metaAnnotations,"metaAnnotations = AnnotationsScanner.getDeclaredAnnotations(annotationType, false);
		for (Annotation","metaAnnotations = AnnotationsScanner.getDeclaredAnnotations(annotationType, false);
		for (Annotation|metaAnnotations) {
			if (!isMappable(source, metaAnnotation)) {
				",
643,header,MASK,False,11,MASK|MASK|headers|header|headers|header|header|header|/*|MASK|MASK," [MASK]  name cannot be null"", e.getMessage());
        }

        try {
            random"," [MASK]  name cannot be null"", e.getMessage());
        }

        try {
            random| MASK  value cannot be null"", e.getMessage());
        }

        RequestOptions.Builder builder =|headers = new ArrayList<>();
        for (int i = 0; i < numHeaders; i|header = new RequestOptions.ReqHeader(randomAsciiAlphanumOfLengthBetween(5, |headers s.add(header);
            builder.addHeader(header.getName(), header.getValue|header );
            builder.addHeader(  header.getName(),  header.getValue());
        }| header.getName(),  header.getValue());
        }
        RequestOptions options = builder.build();|header.getValue());
        }
        RequestOptions options = builder.build();
        assertEquals( [MASK|<file_sep>/*
 * Licensed to Elasticsearch B.V. under one or more contributor
 * license agreements|[MASK] Count = between(1, 5);
            for (int i = 0| MASK Count; i++) {
                builder.addParameter(randomAsciiAlphanumOfLength(3",
644,timeout,expiryTimeValue,False,4,expiryTimeValue|MASK|expiryTimeValue|expiryTimeValue,"expiryTimeValue) {
        this(model, expiryTimeValue == null? null : expiryTime","expiryTimeValue) {
        this(model, expiryTimeValue == null? null : expiryTime|[MASK] );
        this.expiryTimestamp = Instant.now(clock).plus(expiryTime|expiryTimeValue ) {
        var secretSettings = model.getSecretSettings();
        var serviceSettings|expiryTimeValue);
    }

    public static Integer getModelKeysAndRegionHashcode(AmazonBedrock",
645,formatter,MASK,False,3,MASK|MASK|MASK,"[MASK] ) {
    formatMessage( [MASK] );
    formatSources(mergeableErrors","[MASK] ) {
    formatMessage( [MASK] );
    formatSources(mergeableErrors| [MASK]<file_sep><fim_prefix><fim_suffix>e.get(key);
    if (value == null) {|MASK ).withPreposition(""due to"").format();
    }
    if (dependencies.isEmpty())",
646,instanceMethod,staticMethodsForExtensions,False,17,staticMethodsForExtensions|MethodAndStaticVar|MASK|MASK|e|MASK|MASK|MASK|MASK|MASK|MASK|parameters|MASK|MASK|MASK|MASKe|MASK,"* staticMethodsForExtensions =
        requestOptionsExtensionGenerator.generateStaticMethodOverridesForExtensions(
           ","* staticMethodsForExtensions =
        requestOptionsExtensionGenerator.generateStaticMethodOverridesForExtensions(
           |MethodAndStaticVar methodAndStaticVar) {
      this.method = method;
      this.|  [MASK]<file_sep><fim_prefix><fim_suffix>e.get(i);
      if (key.equals(| [MASK] );
    if (Strings.isNullOrEmpty(staticMethodName)) {
      if ( [| <file_sep><fim_prefix><fim_suffix>e.get(i);
            if (key.equals(key2))| [MASK].getSimpleName().toString();
    if (Strings.isNullOrEmpty(staticMethodName)) {|(  [MASK].isVarArgs()) {
        throw new IllegalArgumentException(
            ""Varargs| MASK Name.replace(""dont"", """");
        } else {
          staticMethodName =  MASK Name +| MASK Name.replace(""dont"", """");
      }
    }
    return staticMethodName;
  }

 | MASK );

    String staticMethodName = getStaticMethodName(  MASK<file_sep>/app/src/main/| MASK Name,  MASK );

    List<? extends TypeParameterElement> typeParameters =  MASK.|parameters.size() > 1 &&  MASK.isVarArgs())
           .returns(glide|  [MASK]<file_sep><fim_prefix><fim_suffix>e.get(i);
            if (key.equals(| MASK Name);
    }
    if ( MASK Name.startsWith(""dont"")) {
      staticMethodName =| [MASK]<file_sep><fim_prefix><fim_suffix>t.get(i);
            if (item.get(0| MASK<file_sep><fim_prefix><fim_suffix>e.get(i);
            if (key.equals(key2))| MASK.getTypeParameters();
    for (TypeParameterElement typeParameterElement : typeParameters) {
     ",
647,emails,MASK,False,2,MASK|MASK,[MASK]<file_sep><fim_prefix>/core/src/main/java/com/google/zxing,"[MASK]<file_sep><fim_prefix>/core/src/main/java/com/google/zxing|MASK, addressResult.getMASK());
    assertArrayEquals(urls, addressResult.getURLs());",
648,screenY,MASK,False,8,MASK|MASK|MASK|MASK|MASK|MASK|MASK|MASK,"[MASK], int pointer, long time) {
		// Skip any queued touch down events","[MASK], int pointer, long time) {
		// Skip any queued touch down events| [MASK] );
		queue.add(pointer);
		queue.add(button);|[MASK], int pointer, int button, long time) {
		// Skip any queued| MASK );
		queue.add(pointer);
		queue.add(button);
		|[MASK], int pointer, long time) {
		// Skip any queued touch dragged|MASK );
		queue.add(pointer);
		return false;
	}

	|MASK<file_sep>/backends/gdx-backends-gwt/src/com/badlogic/gdx/backends| MASK );
		return false;
	}

	public synchronized boolean scrolled (int amount",
649,subsetSize,MASK,False,12,MASK|MASK|long|MASKe|MASK|long|catch|supersetFreq|subsetFreq|subsetFreq|));|));,"  [MASK],
            long supersetSize,
            List<B> buckets
        ) {
           ","  [MASK],
            long supersetSize,
            List<B> buckets
        ) {
           |MASK, supersetSize, buckets);
        }

        abstract A createAggregation(SignificanceHeuristic|, long supersetSize, List<B> buckets) {
            return new SignificantLongTerms(|  MASK<file_sep><fim_prefix><fim_suffix>e.get(0).getDocCount(), equalTo(1L));|    [MASK],
                supersetSize,
                significanceHeuristic,
                buckets
            );|, long supersetFreq, long supersetSize) {
            try {
                heuristic.getScore| } catch (IllegalArgumentException illegalArgumentException) {
            assertNotNull(illegalArgumentException.getMessage());
            assertTrue(|supersetFreq > supersetSize""));
        }
        try {
            heuristicIsSuperset.get|subsetFreq""));
        }
        try {
            heuristicIsSuperset.getScore(1,|subsetFreq""));
        }
        try {
            heuristicIsSuperset.getScore(1,|""));
        }
        try {
            heuristic.getScore(1, 2, 4|""));
        }
        try {
            heuristic.getScore(1, 3, 4",
650,params,SearchLookup,False,7,SearchLookup|MASK|MASK|MASK|MASK|MASK|MASK,", SearchLookup searchLookup, OnScriptError onScriptError) {
            return ctx -> new Geometry",", SearchLookup searchLookup, OnScriptError onScriptError) {
            return ctx -> new Geometry|[MASK], lookup, OnScriptError.FAIL, ctx) {
                @Override
                public|[MASK], searchLookup, onScriptError) -> {
            return ctx -> new GeometryField|MASK, searchLookup, onScriptError, ctx) {
                    @Override
                    public void setDocument|MASK<file_sep>/server/src/main/java/org/elasticsearch/index/mapper/Mapper|MASK,
        SearchLookup searchLookup,
        OnScriptError onScriptError,
        LeafReaderContext| MASK, searchLookup, ctx, onScriptError);
        geometryParser = new GeometryParser(Orientation",
651,inner,MASK,False,13,MASK|MASK|MASK|MASK|MASK|MASK|MASK|MASK|MASK|MASK|MASK|MASK|MASK,"[MASK]  : observers.getAndSet(TERMINATED)) {
            if (! [MASK","[MASK]  : observers.getAndSet(TERMINATED)) {
            if (! [MASK| [MASK].isDisposed()) {
                 [MASK].downstream.onSuccess(value|[MASK].downstream.onSuccess(value);
            }
        }
    }

    @|[MASK]<file_sep>/src/main/java/io/reactivex/rxjava3/internal| MASK.isDisposed()) {
                 MASK.downstream.onError(e);
            }
        }| MASK.downstream.onError(e);
            }
        }
    }

    @SuppressWarnings(""unchecked|[MASK]  : observers.getAndSet(TERMINATED)) {
            if (! [MASK| MASK.isDisposed()) {
                 MASK.downstream.onComplete();
            }
        }
    }|MASK.downstream.onComplete();
            }
        }
    }

    @SuppressWarnings(""unchecked"")
   |[MASK] ) {
        for (;;) {
            CacheDisposable<T>[] a = observers.|MASK ;
            if (observers.compareAndSet(a, b)) {
                return true;|MASK ) {
        for (;;) {
            CacheDisposable<T>[] a = observers.get();|MASK ) {
                    j = i;
                    break;
                }
            }

            if (j <",
652,content,MASK,False,6,MASK|MASK|MASK|MASK|MASK|MASK,"[MASK] ) {
        return format(passages,  [MASK],  [MASK","[MASK] ) {
        return format(passages,  [MASK],  [MASK|[MASK], pos, start);
                }
                if (end > pos) {
                    sb|MASK, start, end);
                    sb.append(""]("");
                    sb.append(markup.|MASK<file_sep>/*
 * Copyright Elasticsearch B.V. and/or licensed to Elasticsearch B.V|MASK<file_sep><fim_prefix>/server/src/main/java/org/elasticsearch/index/mapper/|MASK.substring(start, end)));
    }

    private void append(StringBuilder dest, String ",
653,parsers,MASK,False,32,MASK|MASK|MASK|MASK|MASK|MASK|MASK|MASK|MASK|MASK|MASK|MASK|MASK|MASK|MASK|MASK|MASK|MASK|MASK|MASK|MASK|MASK|MASK|MASK|MASK|MASK|MASK|MASK|MASK|MASK|MASK|MASK," [MASK], @Nullable ByteBuffer buffer)
      throws IOException {
    if (buffer == null)"," [MASK], @Nullable ByteBuffer buffer)
      throws IOException {
    if (buffer == null)|[MASK],
        new TypeReader() {
          @Override
          public ImageType getTypeAndRew|[MASK], @Nullable final ByteBuffer buffer)
      throws IOException {
    if (buffer == null|[MASK],
        new TypeReader() {
          @Override
          public ImageType getTypeAndRew|[MASK],
      @NonNull final ParcelFileDescriptorRewinder parcelFileDescriptorRewinder,
      @NonNull|  MASK,
        new TypeReader() {
          @Override
          public ImageType getTypeAndRewind|MASK, TypeReader reader) throws IOException {
    //noinspection ForLoopReplaceableByForEach to| MASK.size(); i < size; i++) {
      ImageHeaderParser parser =  MASK.| MASK.get(i);
      if (parser.getType(reader)!= ImageType.UNKNOWN| MASK } that returns something other than {@link
   * ImageHeaderParser#UNKNOWN_ORIENTATION}.| MASK  returns a valid
   * value, {@link ImageHeaderParser#UNKNOWN_ORIENTATION}|[MASK],
      @Nullable final ByteBuffer buffer,
      @NonNull final ArrayPool arrayPool)|  MASK,
        new OrientationReader() {
          @Override
          public int getOrientationAndRewind|[MASK],
      @Nullable InputStream is,
      @NonNull final ArrayPool byteArrayPool)
     |MASK,
        new OrientationReader() {
          @Override
          public int getOrientationAndRewind(|[MASK],
      @Nullable final ParcelFileDescriptorRewinder parcelFileDescriptorRewinder,
      @NonNull|MASK,
        new OrientationReader() {
          @Override
          public int getOrientationAndRewind(|[MASK], OrientationReader reader) throws IOException {
    //noinspection ForLoopReplaceableBy|MASK.size(); i < size; i++) {
      ImageHeaderParser parser =  MASK.|MASK<file_sep>/src/static/android/app/backup/FullBackupDataOutput.d
|MASK} that returns true when MPF is detected, if
   * any..
   *
   *|MASK  is empty, or none of the  MASK  returns a valid
   * value, false|MASK  returns a valid
   * value, false is returned.
   */
  public static boolean has|[MASK],
      @Nullable final ByteBuffer buffer,
      @NonNull ArrayPool byteArrayPool)
     |MASK,
        new JpegMpfReader() {
          @Override
          public boolean getHasJ|[MASK],
      @Nullable InputStream is,
      @NonNull final ArrayPool byteArrayPool)
     |[MASK],
        new JpegMpfReader() {
          @Override
          public boolean get|MASK,
      @NonNull final ParcelFileDescriptorRewinder parcelFileDescriptorRewinder,
      @NonNull final Array|MASK,
        new JpegMpfReader() {
          @Override
          public boolean getHasJ|MASK, JpegMpfReader reader) throws IOException {
    //noinspection ForLoopReplaceable|MASK.size(); i < size; i++) {
      ImageHeaderParser parser =  MASK.|MASK.get(i);
      if (reader.getHasJpegMpfAndRewind",
654,beans,servletRegistrationBeans,False,2,servletRegistrationBeans|servletRegistrationBeans,"servletRegistrationBeans = this.context.getBeansOfType(ServletRegistrationBean.class);
		","servletRegistrationBeans = this.context.getBeansOfType(ServletRegistrationBean.class);
		|servletRegistrationBeans
				.get(TestMultipartServlet.class.getName());
		assertThat(",
655,parameterObject,parameterObject,True,1,parameterObject,"parameterObject);

  /**
   * @since 3.5.1
   */
  @Deprecated","parameterObject);

  /**
   * @since 3.5.1
   */
  @Deprecated",
656,environmentValue,name,False,2,name|name,"name           <file_sep>/*
 * Copyright 2002-2023 the original author","name           <file_sep>/*
 * Copyright 2002-2023 the original author|name) ||
					ObjectUtils.nullSafeEquals(value,  ""!"" + name)",
657,flingTime,flickScrollSeconds,False,18,flickScrollSeconds|MASK|MASK|{|panning|delta|delta|if|r|panning|float|y|Y|public|r|fadeDelaySeconds||;," flickScrollSeconds = 1;
	private float flickScrollSeconds = 1;"," flickScrollSeconds = 1;
	private float flickScrollSeconds = 1;| [MASK] r = 0;
	private float velocityX, velocityY;
	|[MASK] r, velocityX, velocityY);
				}
			}

			public|{
						if (event.getButton() == InputEvent.Type.touchDown) {|!panning && touchScrollH && scrollX && maxX / (hScrollBounds.width|delta / flickScrollListener.getGestureDetector().getTouchDownTime();
			if (| delta;
			if (alpha > 0) {
				float alpha =  delta r|if (amountX == -overscrollDistance || amountX == maxX + overscrollDistance)| r <= 0) {
				velocityX = 0;
				velocityY = |!panning &&!touchScrollH &&!touchScrollV) {
			if (visual| float getVelocityX () {
		return velocityX;
	}

	public void set| y velocity. */
	public float getVelocityY () {
		return velocityY;
|Y;
	}

	public void setFlickScrollTapSquareSize (float halfTap|	public void setVelocity (float velocityX, float velocityY) {
		this.velocity| r > 0;
	}

	public void setTouchScroll (boolean touchScrollX| fadeDelaySeconds) {
		this.fadeAlphaSeconds = fadeAlphaSeconds;
		this|
	 * @author <NAME> */
	static public class ScrollPaneStyle {
		public @| ;
	}

	/** For flick scroll, sets the amount of time in seconds that",
658,client,xpack,False,3,xpack|client|client,"xpack.core.ClientHelper;
import org.elasticsearch.client.internal.Client;","xpack.core.ClientHelper;
import org.elasticsearch.client.internal.Client;|client) {
        return channel ->  [MASK].execute(PutCCMConfigurationAction.|client
           .execute(PutCCMConfigurationAction.INSTANCE, putReq, new RestToX",
659,string,),False,2,)|);," )
    {
        if (DEBUG_DETAILS)
        {
            System.out.println("" "," )
    {
        if (DEBUG_DETAILS)
        {
            System.out.println("" |);
        }

        return true;
    }


    /**
     * Returns true, while printing out the",
660,searchResponse,MASK,False,8,MASK|MASK|MASK|MASK|MASK|MASK|MASK|MASK," [MASK]  = AbstractAggregationDataExtractor.executeSearchRequest(client, context.queryContext"," [MASK]  = AbstractAggregationDataExtractor.executeSearchRequest(client, context.queryContext| [MASK].getTook());
            // If we have not processed a single composite agg page yet|MASK.getAggregations();
            if (aggregations == null) {
                return null;| MASK.decRef();
        }
    }

    @Override
    public InputStream getFirstPage() throws|MASK<file_sep>/server/src/main/java/org/elasticsearch/index/mapper/Mapper|MASK.getTook());
            return DataExtractorUtils.getDataSummary( [MASK] );
        }| MASK );
        } finally {
             MASK.decRef();
        }
    }

    @Override
   |MASK<file_sep>/server/src/main/java/org/elasticsearch/index/mapper/Mapper",
661,future,MASK,False,19,MASK|MASK|Fails_ifAlreadySet|MASK|assertThat|MASK|FutureValue|MASK|MASK|MASK|MASK|MASK|MASK|MASK|MASK|MASK|MASK|MASK|MASK," [MASK]  = new FutureValue(""key"", (unusedA, unusedB) -> {});"," [MASK]  = new FutureValue(""key"", (unusedA, unusedB) -> {});|MASK.tryTakeOwnership()) {
                  tryOwnSuccessCount.getAndIncrement();
                }
               |Fails_ifAlreadySet() {
    var  [MASK]  = new FutureValue(""key| [MASK]  = new FutureValue(""key"", (unusedA, unusedB) -> {});|assertThat(MASK.tryTakeOwnership()).isTrue();
    assertThat(MASK.tryTakeOwnership()).isFalse| MASK ::get);

    assertThat(thrown)
       .hasMessageThat()
       .contains(""|FutureValue was unexpectedly unset for key, look for unchecked exceptions"");
  }

  @Test
 |[MASK]  =
        new FutureValue(
            ""key"",
            (key, value)| [MASK]<file_sep>/src/main/java/com/google/devtools/build/lib|[MASK].verifyComplete();
    assertThat( [MASK].get()).isEqualTo(value);| MASK.get()).isEqualTo(value);
  }

  @Test
  public void completeWithFuture_|[MASK]  =
        new FutureValue(
            ""key"",
            (key, value)| MASK.completeWith(immediateFuture(value))).isEqualTo(immediateFuture(value));
    assertThat(| MASK.verifyComplete();
    assertThat( MASK.get()).isEqualTo(value);
  }

  @|MASK.get()).isEqualTo(value);
  }

  @Test
  public void completeWithFuture_|[MASK]  =
        new FutureValue(
            ""key"",
            (key, value)| MASK.failWith(new IllegalStateException(""injected failure""));
    var thrown = assertThrows(ExecutionException.| MASK.verifyComplete();
    var thrown2 = assertThrows(ExecutionException.class,  [MASK]|MASK<file_sep>/src/main/java/com/google/devtools/build/lib/analysis",
662,range,MASK,False,5,MASK|MASK|MASK|MASK|*/,"[MASK]  */
        start=0;
        for(;;) {
            length=indexes[","[MASK]  */
        start=0;
        for(;;) {
            length=indexes[|[MASK] ;
        while(trieIterator.hasNext() &&!( [MASK] =trieIterator|MASK =trieIterator.next()).leadSurrogate) {
            c= [MASK].start| MASK.startCodePoint,  MASK.startCodePoint+1);
            if(  MASK|*/
                /* (the second Joining_Group array is only used for code points above 0",
663,columnValuesSize,columnValuesSizet,False,3,columnValuesSizet|columnValuesSizet|columnValuesSizet,"columnValuesSize<file_sep><fim_prefix><fim_suffix>t.println(""Test 1: "" + (System.currentTimeMillis","columnValuesSize<file_sep><fim_prefix><fim_suffix>t.println(""Test 1: "" + (System.currentTimeMillis|columnValuesSizet; ++i) {
                        if (columnValues.get(i)|columnValuesSizet ; i < columnNamesSize; ++i) {
                        if (!clear",
664,animating,scrolling,False,11,scrolling|if|if|MASK|}|MASK|true|true|if|getScrollPercentX|the,"  scrolling = false;

		if (actor == null) return;

		validate();

	","  scrolling = false;

		if (actor == null) return;

		validate();

	|if (fadeAlpha > 0) scrolling  = true;
		}

		if (|if (scrollX) {
				if (style.hScrollKnob!= null)
				| [MASK]  = true;
			}
			if (visualAmountY!= amountY|}
			if (visualAmountY!= amountY) visualScrollY(amountY);
	| [MASK]  = true;
				} else if (amountX > maxX) {|}  = true;
				}
			}
			if (overscrollY && scroll|}  = true;
			}
			if (overscrollY && scrollY) {|		if (style.hScrollKnob!= null) style.hScrollKnob.|# getScrollPercentX() # getScrollPercentY() # getVisualScrollPercentX() #| the bounds in that direction. */
	public void setFadeScrollbars (boolean fadeScrollbars",
665,plugin,plugins,False,3,plugins|plugin|plugin,"plugins.analysis.phonetic;

import org.elasticsearch.cluster.metadata.IndexMetadata","plugins.analysis.phonetic;

import org.elasticsearch.cluster.metadata.IndexMetadata|plugin = new AnalysisPhoneticPlugin();

        Settings settings = Settings.builder()
           .put|plugin.getAnalysis().getAnalyzers()
           .get(""phonetic"").get(idxSettings",
666,client,xpack,False,3,xpack|client|client,"xpack.core.ClientHelper;
import org.elasticsearch.rest.RestChannelConsumer;","xpack.core.ClientHelper;
import org.elasticsearch.rest.RestChannelConsumer;|client) {
        return handleRequest(restRequest, client);
    }

    private RestChannelConsumer|client
           <file_sep><fim_prefix>/*
 * Copyright Elasticsearch B.V. and/or licensed to Elasticsearch B",
667,buffer,MASK,False,41,MASK|MASK|MASK|MASK|MASK|MASK|MASK|inflater|MASK|MASK|inflater|MASK|MASK|MASK|MASK|MASK|MASK|MASK|MASK|MASK|MASKe|MASK|int|MASK|MASK|MASK|MASK|MASK|MASK|MASK|MASK|MASK|MASK|MASK|MASK|MASK|MASK|MASK|MASK|MASK|MASK," [MASK] ;
  private final ParsableByteArray inflatedBuffer;
  private final Cue"," [MASK] ;
  private final ParsableByteArray inflatedBuffer;
  private final Cue|MASK = new ParsableByteArray();
    inflatedBuffer = new ParsableByteArray();
   |MASK.reset(data, length);
    maybeInflateData( [MASK] );
    c| [MASK] );
    if (reset) {
      if (inflater!= null) {
       | [MASK].bytesLeft() >= 3) {
      Cue cue = readNext|MASK, cueBuilder);
      if (cue!= null) {
        cues.add(|MASK) throws SubtitleDecoderException {
    maybeInflateData( MASK );
  }

  private|inflater!= null &&  [MASK]<file_sep><fim_prefix><fim_suffix>e.android.exoplayer2|MASK.bytesLeft() > 0 &&  [MASK]<file_sep><fim_prefix><fim_suffix>e.android.| MASK<file_sep>/library/core/src/main/java/com/google/android/ex|inflater.reset();
         [MASK]<file_sep><fim_prefix><fim_suffix>e.android.exoplayer2|MASK, CueBuilder cueBuilder) {
    int limit =  MASK.limit();
   | MASK.limit();
    int sectionType =  MASK.readUnsignedByte();
    int sectionLength| MASK.readUnsignedByte();
    int sectionLength =  [MASK].readUnsignedShort();| MASK.readUnsignedShort();
    if (sectionLength < 2) {
      return null;|MASK.getPosition() + sectionLength;
    if (nextSectionPosition > limit) {
       [|  [MASK].setPosition(limit);
        return null;
    }

    if (nextSection|[MASK]<file_sep><fim_prefix><fim_suffix>e.android.exoplayer2.util.Assertions.check|MASK, sectionLength);
        break;
      case SECTION_TYPE_END:
        cueBuilder|MASK, sectionLength);
        break;
      case SECTION_TYPE_END:
        cueBuilder| MASK<file_sep><fim_prefix><fim_suffix>e.android.exoplayer2.util.Assertions.checkArgument;|[MASK]<file_sep>/library/core/src/main/java/com/google/android|int entryCount = sectionLength / 5;
      if (entryCount > 256|[MASK].readUnsignedByte();
        if (index >= colors.length) {
          return|[MASK].readUnsignedByte();
        int cr =  [MASK].readUnsignedByte|[MASK].readUnsignedByte();
        int cb =  [MASK].readUnsignedByte|MASK.readUnsignedByte();
        int a =  MASK.readUnsignedByte();
        int r|MASK.readUnsignedByte();
        int r = (int) (y + (1.4|[MASK], int sectionLength) {
      if (sectionLength < 4) {
       |[MASK].skipBytes(2); // Width, height.
      [MASK].skip|MASK.readUnsignedByte())!= 0;
      boolean isCompressed = (0x40|MASK.readUnsignedInt24();
        if (totalLength < 7) {
          return| MASK.readUnsignedShort();
        planeHeight =  MASK.readUnsignedShort();
        bitmapX| MASK.readUnsignedShort();
        bitmapX =  MASK.readUnsignedShort();
        bitmapY|[MASK].skipBytes(bytesToRead);
        sectionLength -= bytesToRead;
     |MASK, int sectionLength) {
      if (sectionLength < 1) {
        return;|[MASK].readUnsignedShort();
      planeHeight =  [MASK].readUnsignedShort|MASK.readUnsignedShort();
       MASK.skipBytes(1);
      bitmapWidth =  MASK| MASK.skipBytes(1);
      bitmapWidth =  MASK.readUnsignedShort();
      bitmap|MASK.readUnsignedShort();
      bitmapWidth =  MASK.readUnsignedShort();
      bitmapHeight|MASK.readUnsignedShort();
      bitmapWidth =  MASK.readUnsignedShort();
      bitmapHeight",
668,inputsSize,inputSize,False,3,inputSize|inputSize|inputSizee,"inputSize, int embeddingSize) {
        if (inputSize!= embeddingSize) {
            throw","inputSize, int embeddingSize) {
        if (inputSize!= embeddingSize) {
            throw|inputSize<file_sep>/*
 * Copyright Elasticsearch B.V. and/or licensed to Elasticsearch B.|inputSize<file_sep><fim_prefix><fim_suffix>e.get(0).get(""value"").asText());
        assertEquals",
669,oinput,result,False,5,result|Incorrect|set|Format|RoundingMode,""", result);

        result = decimalFormat.format(-11.5);
        assertEquals(""Incorrect",""", result);

        result = decimalFormat.format(-11.5);
        assertEquals(""Incorrect|Incorrect RoundingMode behavior: RoundingMode.FLOOR"", ""-12"", result);

        // set| set RoundingMode.HALF_UP of this DecimalFormat and test its
        // behavior
        decimalFormat|Format.setRoundingMode(RoundingMode.HALF_EVEN);
        result = decimalFormat.|(RoundingMode.HALF_EVEN);
        result = decimalFormat.format(11.",
670,rtpPayloadType,channelCount,False,2,channelCount|channelCount," channelCount = C.INDEX_UNSET;
    if (mediaDescription.rtpMapAttribute."," channelCount = C.INDEX_UNSET;
    if (mediaDescription.rtpMapAttribute.|, channelCount, clockRate, fmtpParameters, mediaEncoding);
  }

  private static void",
671,quartScratch,quartValue,False,2,quartValue|quartValue,"quartValue = quart.getBytesRef(0);
    MedianAbsoluteDeviationIntAggregator.","quartValue = quart.getBytesRef(0);
    MedianAbsoluteDeviationIntAggregator.|quartValue));
  }

  @Override
  public void evaluateRaw(Block[] blocks, int offset",
672,offset,lowest,False,6,lowest|nextOffset|nextOffset|MASK|MASK|MASK,"lowest value.
     *         <p>
     *             The next index contains the second lowest value","lowest value.
     *         <p>
     *             The next index contains the second lowest value|nextOffset) {
        values.set(rootIndex, nextOffset);
    }

    /**
    |nextOffset);
    }

    /**
     * Get the number of values in the bucket.
     */|[MASK] s""
     * for those new buckets. We always grow the storage by whole bucket|[MASK]<file_sep>/server/src/main/java/org/elasticsearch/index/mapper|MASK<file_sep>/server/src/main/java/org/elasticsearch/index/mapper/Mapper",
673,itemIndex,classReader,False,13,classReader|classReader|);|itemTag|itemTag|itemTag|itemTag|itemTag|itemOffset|itemTag|classReader|itemTag|}," = classReader.readUnsignedShort(constantPoolOffset);
    while ( [MASK]  <"," = classReader.readUnsignedShort(constantPoolOffset);
    while ( [MASK]  <|(classReader  < constantPoolCount) {
      int itemOffset = classReader.getItem(|);
      int itemTag = inputBytes[itemOffset - 1];
      int nameAndType|itemTag, classReader.readClass(itemOffset, charBuffer), classReader.readName| itemTag, classReader.readInt(itemOffset));
          break;
        case Symbol.CONSTANT_| itemTag,
              classReader.readClass(itemOffset, charBuffer),
              classReader.| itemTag, itemTag, classReader.readLong(itemOffset));
          break;
        case|itemTag, itemTag, classReader.readUTF8(itemOffset, charBuffer));
         |itemOffset, charBuffer));
          break;
        case Symbol.CONSTANT_METHOD_HANDLE_TAG|itemTag,
              classReader.readByte(itemOffset),
              classReader.readClass(| classReader.readUnsignedShort(itemOffset),
                classReader.readUnsignedShort(itemOffset| itemTag,
              classReader.readUTF8(itemOffset, charBuffer));
          break;| }
  }

  /**
   * Adds a number or string constant to the constant pool of this symbol",
674,classLoader,classLoader,True,1,classLoader,"classLoader) {
		registerConnectionFactoryProxies(hints);
	}

	private void","classLoader) {
		registerConnectionFactoryProxies(hints);
	}

	private void",
675,classLoader,classLoader,True,2,classLoader|classLoader,"classLoader = applicationContext.getClassLoader();
		for (String validatorClass : VALIDATOR_CLASSES","classLoader = applicationContext.getClassLoader();
		for (String validatorClass : VALIDATOR_CLASSES|classLoader)) {
				return false;
			}
		}
		return true;",
676,scoreDoc,MASK,False,12,MASK|s|MASK|s|MASK|MASK|MASK|MASK|MASK|MASK|MASK|MASK,"[MASK] = rankResults.getFirst();
        if (s.length == 0) {","[MASK] = rankResults.getFirst();
        if (s.length == 0) {|s.length; i++) {
            ScoreDoc  [MASK]  =  [MASK]|=  [MASK] s[i];
            assert  [MASK].score >= 0|s[i];
            assert  [MASK].score >= 0;
            if (min|[MASK].score >= 0;
            if (minScore == null ||  [MASK| MASK.score >= minScore) {
                if (enrichResults) {
                    filteredDocs.|[MASK].doc,  [MASK].score,  [MASK].shardIndex| MASK.score,  [MASK].shardIndex, inferenceId, field, chunkScorer|[MASK].shardIndex, inferenceId, field, chunkScorerConfig)
                    );
               | MASK.doc,  MASK.score,  MASK.shardIndex)
                    );
                }
           | MASK.score,  MASK.shardIndex));
                }
            }
        }
        return filteredDocs| MASK.shardIndex));
                }
            }
        }
        return filteredDocs.toArray(new Text",
677,staplerResponse,staplerResponse,True,4,staplerResponse|staplerResponse|staplerResponse|staplerResponse,"staplerResponse) throws IOException, ServletException {
            staplerResponse.setContentType(""text","staplerResponse) throws IOException, ServletException {
            staplerResponse.setContentType(""text|staplerResponse
             [MASK]<file_sep><fim_prefix><fim_suffix>e.get(0).getDisplayName());|staplerResponse<file_sep>/core/src/main/resources/hudson/model/Abstract|staplerResponse.getWriter().append(UpdateSiteTest.extract(""update-center.",
678,columnIndex,MASK,False,4,MASK|MASK|MASK|MASKt,"[MASK] ) throws SQLException {
    int month = rs.getInt( [MASK] );
   ","[MASK] ) throws SQLException {
    int month = rs.getInt( [MASK] );
   |[MASK] );
    return month == 0 && rs.wasNull()? null : Month|[MASK]<file_sep><fim_prefix><fim_suffix>t.get(0).get(""name"").toString());
    assertEquals| MASK<file_sep><fim_prefix><fim_suffix>t.get(0).get(""name"").toString());
    assertEquals(""1",
679,binTools,binTools,True,3,binTools|binTools|processWrapper,"binTools =
        BinTools.forIntegrationTesting(directories, ImmutableList.of());
    Path fallback","binTools =
        BinTools.forIntegrationTesting(directories, ImmutableList.of());
    Path fallback|binTools, /* processWrapper= */ null, Mockito.mock(RunfilesTreeUpdater.class|/* processWrapper= */ null,
                Mockito.mock(RunfilesTreeUpdater.class)),
           ",
680,service,MASK,False,10,MASK|MASK|MASK|MASK|MASK|MASK|MASK|MASK|MASK|MASK," [MASK] ) {
        ClassLoader loader = Thread.currentThread().getContextClassLoader();
        if (loader"," [MASK] ) {
        ClassLoader loader = Thread.currentThread().getContextClassLoader();
        if (loader|[MASK] .getName());
        } catch (IOException e) {
            throw new IllegalStateException(""|[MASK], e);
        }

        try {
            String classOrAlias =
                    new Plugin| MASK<file_sep><fim_prefix>/src/main/java/org/mockito/internal/util/reflection/|MASK  + "" implementation declared in "" + resources, e);
        }
    }

    public <| MASK ) {
        ClassLoader loader = Thread.currentThread().getContextClassLoader();
        if (loader == null|MASK.getName());
        } catch (IOException e) {
            throw new IllegalStateException(""Failed to load|MASK, e);
        }

        try {
            List<String> classesOrAliases =
                    new| MASK.cast(plugin));
            }
            return impls;
        } catch (Exception e)|MASK  + "" implementation declared in "" + resources, e);
        }
    }

    public <",
681,aByte,x00,False,12,x00|}|case|byteBuffer|MASK|SSWITCH0|SDEFINE0|handle|end|UDEFINE0|curByteIndex|xFF,"  = 0x00;
        int  <file_sep>/jre_emul/android/","  = 0x00;
        int  <file_sep>/jre_emul/android/|   }
                }
            }
        }
    }

    //==========================
    // Single-byte mode|case SQUOTE0: case SQUOTE1: case SQUOTE2: case SQUOTE3:|byteBuffer[curByteIndex++]) & 0xFF) + "" "");
                        break;
                        
                       |[MASK]  - SDEFINE0) + "" "");
                        if (curByteIndex < byte| - SSWITCH0) + "" "");
                        mode = SINGLEBYTEMODE;
                        break;
                        
                       | - SDEFINE0) + "" "");
                        if (curByteIndex < byteBufferLimit) {|   // handle all define tags
                    case UDEFINE0: case UDEFINE1: case UDEFINE|} // end switch
        } // end while
        
        logln("""");
    }

    private void printBytes| - UDEFINE0) + "" "");
                        if (curByteIndex < byteBufferLimit) {|curByteIndex < byteBufferLimit) {
                            log(Integer.toHexString(((int) byte| ) & 0xFF) + "" "");
                        break;
                        
                    } // end switch
                }",
682,schemaName,schemaName,True,3,schemaName|schemaNamee|schemaName,"schemaName, @Nullable String catalogName) {
		return schemaName;
	}

","schemaName, @Nullable String catalogName) {
		return schemaName;
	}

|schemaName<file_sep><fim_prefix><fim_suffix>e.
 */

package org.springframework.web.servlet.|schemaName.toLowerCase() : getDefaultSchema());
	}

	@Override
	public @",
683,secondImage,firstImage,False,6,firstImage|x100|firstImage|firstImage|x100|firstImage,"firstImage = mockEncodedImage(THUMBNAIL_WIDTHS[0], THUMBNA","firstImage = mockEncodedImage(THUMBNAIL_WIDTHS[0], THUMBNA|// 100x100
        firstImage);

    mProducer.produceResults(|firstImage, Consumer.IS_LAST);
    verifyNoMoreInteractions(mThumbnailProducers[|firstImage = mockEncodedImage(THUMBNAIL_WIDTHS[0], THUMBNA|x100 );

    mProducer.produceResults(mImageConsumer, mProducerContext);| firstImage, Consumer.IS_LAST);
    verifyNoMoreInteractions(mThumbnailProducers[",
684,describableType,MASK,False,12,MASK|jenkins|MASK|MASK|MASK|MASK|MASK|MASK|MASK|MASK|MASK|MASK, [MASK]<file_sep>/core/src/main/java/hudson/model/Fingerprint.," [MASK]<file_sep>/core/src/main/java/hudson/model/Fingerprint.|jenkins == null) {
            throw new IllegalArgumentException(""Jenkins instance is null"");
        }
        if|[MASK] );
    }

    /**
     * @deprecated as of 1.416|[MASK] ) {
        return createDescriptorList((Jenkins) hudson,  [MASK|MASK );
    }

    /**
     * @deprecated as of 1.416
     *| [MASK] ;

    /**
     * @deprecated as of 1.416
     *|[MASK] ) {
        this((Jenkins) hudson,  [MASK] );
   |MASK );
    }

    /**
     * @deprecated as of 1.416
     *|MASK ) {
        super(jenkins, (Class) Descriptor.class);
        this. [MASK| MASK  =  MASK ;
    }

    public Class<T>  MASK () {
        return|MASK ;
    }

    /**
     * Gets the type of the {@link Describable} that|MASK )
                    r.add((ExtensionComponent) c);
            } catch (ClassCastException e)",
685,warnings,MASK,False,7,MASK|MASK|MASK|MASK|MASK|MASKe|MASK,"[MASK]  = new ArrayList<>();
        for (Header header : response.getHeaders(""Warning""))","[MASK]  = new ArrayList<>();
        for (Header header : response.getHeaders(""Warning""))|MASK.add(extractWarningValueFromWarningHeader(warning));
            } else {
                 [MASK|MASK.add(warning);
            }
        }
        for (Header header : response.getHeaders(""|MASK ;
    }

    /**
     * Returns a list of all warning headers returned in the response.|[MASK]<file_sep><fim_prefix><fim_suffix>e.get(0).get(""name"").getAsString());
       | MASK<file_sep><fim_prefix><fim_suffix>e.get(0).get(""name"").getAsString());
        assertEquals(""| MASK.length > 0;
    }

    /**
     * Returns true if there is at least",
686,charsetObj,charset,False,3,charset|charset|ByteBuffer,"charset = Charset.forName(charset);
		String content = ""hello! €½","charset = Charset.forName(charset);
		String content = ""hello! €½|charset);

		assertThat(IOUtils.toByteArray(createResponse(creator).getBody()))
				|ByteBuffer.allocate(content.length() * 2);
		expectBuff.put(content",
687,listeners,MASK,False,3,MASK|open_contexts|Integer,"[MASK] = (Integer) refresh.get("" [MASK] "");
            assertEquals(0,","[MASK] = (Integer) refresh.get("" [MASK] "");
            assertEquals(0,|  open_contexts"");
            assertEquals(1,  [MASK] );
            int  MASK |(Integer) refresh.get("" open_contexts ""));
        }, 30L, TimeUnit.",
688,x500Principal,subjectPrincipal,False,2,subjectPrincipal|subjectPrincipal,"subjectPrincipal<file_sep><fim_prefix>/*
 * Copyright Elasticsearch B.V. and/or licensed to Elasticsearch B","subjectPrincipal<file_sep><fim_prefix>/*
 * Copyright Elasticsearch B.V. and/or licensed to Elasticsearch B|subjectPrincipal.toString() }
                        )
                    );
                }
            }

            @Override
            protected void",
689,samplers,MASK,False,4,MASK|MASK|MASK|MASK,"[MASK], int offset);

	public native void glGenSamplers (int count","[MASK], int offset);

	public native void glGenSamplers (int count|[MASK], int offset);

	public native void glGenSamplers (int count|[MASK], int offset);

	public native void glDeleteSamplers (int count|MASK );

	public native boolean glIsSampler (int sampler);

	public native void glBind",
690,attributes,of,False,11,of|MASK|MASK|MASK|MASK|MASK|MASK|MASK|MASK|MASK|MASK,"of attributes.
 *
 * <p>This class is used to collect {@link ResourceHints","of attributes.
 *
 * <p>This class is used to collect {@link ResourceHints|[MASK]  = new LinkedHashMap<>();
		handleCondition( [MASK], hint);
		|MASK, hint);
		MASK.put(""name"", hint.getBaseName());
		return|[MASK].put(""name"", hint.getBaseName());
		return  [MASK]|MASK ;
	}

	private Map<String, Object> toAttributes(ResourcePatternHint|[MASK] = new LinkedHashMap<>();
		handleCondition( [MASK], hint);
		 [|MASK, hint);
		 MASK.put(""pattern"", hint.getPattern());
		return |MASK.put(""pattern"", hint.getPattern());
		return  MASK ;
	}|MASK ;
	}

	private Map<String, Object> toAttributes(ResourcePatternHint|MASK, ConditionalHint hint) {
		if (hint.getReachableType()!= null|MASK.put(""condition"", conditionAttributes);
		}
		else if (hint.get",
691,element,MASK,False,28,MASK|MASK|MASK|MASK|MASK|MASK|MASK|MASK|MASK|MASK|MASK|MASK|MASK|MASK|MASK|MASK|MASK|MASK|MASK|MASK|MASK|MASK|MASK|MASK|annotatedElement|MASK|MASK|MASK," [MASK]
     * returns annotations of the supplied expected classes.
     *
     * <p>"," [MASK]
     * returns annotations of the supplied expected classes.
     *
     * <p>| [MASK]<file_sep><fim_prefix><fim_suffix>e.
 *
 * @param {string} name
 *| [MASK].getAnnotations());
        Set<Class<? extends Annotation>> expectedTypes = set(| [MASK], AnnotationA.class);
        assertPresent(expectedTypes.contains(AnnotationB| MASK, AnnotationB.class);
        assertPresent(expectedTypes.contains(AnnotationC.class|MASK, AnnotationC.class);

        assertPresent(expectedTypes.contains(AnnotationD.class| MASK, AnnotationC.class);
        assertPresent(expectedTypes.contains(AnnotationD.class| MASK.isAnnotationPresent(null);
            fail();
        } catch (NullPointerException expected) {
       | MASK.getAnnotation(null);
            fail();
        } catch (NullPointerException expected) {
        }
   |  MASK  returns annotations of the supplied expected classes.
     *
     * <p>Where the|[MASK], Class<? extends Annotation>... expectedDeclaredAnnotations) {
        Set<Class<?|MASK.getDeclaredAnnotations());
        Set<Class<? extends Annotation>> expectedTypes = set(expectedDeclared|[MASK], AnnotationA.class);
        assertDeclared(expectedTypes.contains(AnnotationB|MASK, AnnotationB.class);
        assertDeclared(expectedTypes.contains(AnnotationC.class|MASK, AnnotationC.class);

        try {
             [MASK].getDeclaredAnnotation(null);|MASK.getDeclaredAnnotation(null);
            fail();
        } catch (NullPointerException expected) {
        }|[MASK],
            Class<? extends Annotation> annotation) {
        if (present) {
           | MASK.getAnnotation(annotation));
            assertTrue( [MASK]<file_sep>/jre_emul/android| MASK.isAnnotationPresent(annotation));
        } else {
            assertNull( MASK.getAnnotation(annotation| MASK.getAnnotation(annotation));
            assertFalse( MASK.isAnnotationPresent(annotation));
        }
   | MASK.isAnnotationPresent(annotation));
        }
    }

    private static void assertPresent(boolean|MASK,
            Class<? extends Annotation> annotation) {
        if (present) {
            assertNotNull(| MASK.getDeclaredAnnotation(annotation));
        } else {
            assertNull(  MASK<file_sep>/jre_| MASK<file_sep>/jre_emul/android/platform/libcore/ojluni/src|annotatedElement, Class<? extends Annotation> annotationType,
            boolean expected) {
        assertEquals("" [|"" +  [MASK]  + "" isAnnotationPresent() for "" + annotationType,
               |MASK  + "" and "" + annotationType,
                expected,  MASK.isAnnotationPresent(|MASK.isAnnotationPresent(annotationType));
    }

    /**
     * Asserts that {@link",
692,fileInfo,file,False,2,file|filee,"file,  [MASK] ) {
            delayFn.run();
            super.snapshotFile(","file,  [MASK] ) {
            delayFn.run();
            super.snapshotFile(|file<file_sep><fim_prefix><fim_suffix>e.get(0).get(""name"").textValue());
        assertEquals(""",
693,builder,EMPTY_SETTINGS,False,19,EMPTY_SETTINGS|MASK|MASK|MASK|MASK|MASK|EMPTY_SETTINGS|MASK|MASK|MASK|MASK|MASK|MASK|MASK|MASK|MASK|MASK|MASK|MASK,"EMPTY_SETTINGS);
    }

    @After
    public void tearDown() throws Exception {
        super.","EMPTY_SETTINGS);
    }

    @After
    public void tearDown() throws Exception {
        super.| [MASK]  = XContentFactory.jsonBuilder();
        xcontent.toXContent(| MASK, ToXContent.EMPTY_PARAMS);
        XContentParser parser = XContentType.JSON| MASK.bytes()));
        parser.nextToken();
        parser.nextToken();
        parser.nextToken();
       |[MASK]<file_sep>/server/src/main/java/org/elasticsearch/index/mapper| MASK<file_sep>/*
 * Copyright Elasticsearch B.V. and/or licensed to Elasticsearch B.V|EMPTY_SETTINGS<file_sep>/*
 * Copyright Elasticsearch B.V. and/or licensed to Elasticsearch B| MASK (ProjectId.DEFAULT).put(idxMetadata.build()));
        }

        return ClusterState.| MASK (clusterState).metadata(metadata).build();
    }

    private ClusterState createClusterState| MASK  = DiscoveryNodes. [MASK] ();
         [MASK].add(
            DiscoveryNode| MASK ();
         [MASK].add(
            DiscoveryNodeUtils. [MASK] (indexNodeId|[MASK].add(
            DiscoveryNodeUtils. [MASK] (indexNodeId).roles(|[MASK]<file_sep><fim_prefix>/*
 * Copyright Elasticsearch B.V. and/or licensed to Elasticsearch|[MASK].add(DiscoveryNodeUtils. [MASK] (""index-"" + i).roles|[MASK] (""index-"" + i).roles(Set.of(DiscoveryNodeRole.INDEX|MASK.add(DiscoveryNodeUtils. [MASK] (""search-"" + i).roles(Set|MASK (""search-"" + i).roles(Set.of(DiscoveryNodeRole.SEARCH_ROLE| MASK.build();
    }

    private static Settings indexSettings(IndexVersion indexVersion, int num| MASK (
           <file_sep><fim_prefix><fim_suffix>e.get(0).get(""name"").get(""first"").",
694,model,MASK,False,8,MASK|MASK|MASK|MASKe|MASKe|MASK|MASK|MASK," [MASK] KeysAndRegionHashcode;
    protected final String    [MASK]<file_sep><fim_prefix><fim_suffix>"," [MASK] KeysAndRegionHashcode;
    protected final String    [MASK]<file_sep><fim_prefix><fim_suffix>|[MASK], @Nullable TimeValue timeout) {
        this( [MASK], timeout,| [MASK] );
        Objects.requireNonNull(timeout);
        this.expiryTimestamp = clock.instant| MASK<file_sep><fim_prefix><fim_suffix>e.get(0).get(""value"").asDouble();
        }
       | MASK<file_sep><fim_prefix><fim_suffix>e.get(0).get(""value"").asDouble(), 0.|MASK, @Nullable TimeValue timeout) {
        var secretSettings =  [MASK].get|[MASK].getSecretSettings();
        var serviceSettings =  [MASK].getServiceSettings| MASK.getServiceSettings();
        return Objects.hash(secretSettings.accessKey(), secretSettings.",
695,resource,;,False,4,;|resource|resource|resource,";

import org.springframework.core.io.ResourceResolverChain ;
import org.",";

import org.springframework.core.io.ResourceResolverChain ;
import org.|resource) throws IOException {
		return (this.transformer!= null && this.nextChain!=|resource, this.nextChain) :
				this.resolverChain.resolveResource(request,| resource );
	}

	@Override
	public String toString() {
		return """,
696,playlistParserFactory,MASK,False,11,MASK|MASK|MASK|MASK|MASK|MASK|MASKe|MASKe|MASKe|MASKe|MASKe," [MASK] ;
    private HlsPlaylistTracker.Factory playlistTrackerFactory;
    private CompositeSequence"," [MASK] ;
    private HlsPlaylistTracker.Factory playlistTrackerFactory;
    private CompositeSequence| MASK  = new DefaultHlsPlaylistParserFactory();
      playlistTrackerFactory = DefaultHlsPlaylist| MASK  A factory for {@link HlsPlaylistParser} instances.
     * @return This factory| MASK ) {
      this. [MASK]  =
          checkNotNull(
               [MASK],
              ""|  [MASK]  = checkNotNull( [MASK], ""HlsMediaSource.Factory#set|  MASK,
              ""HlsMediaSource.Factory#setPlaylistParserFactory no longer handles null|MASK<file_sep><fim_prefix><fim_suffix>e.
 *
 * @param {string} name
 * @param|  MASKe ;
      if (!streamKeys.isEmpty()) {
         [MASKe]  =| MASKe  =
            new FilteringHlsPlaylistParserFactory( [MASK], streamKeys);| MASKe, streamKeys);
      }
      @Nullable
      CmcdConfiguration cmcdConfiguration =| MASKe, mediaItem),
          elapsedRealTimeOffsetMs,
          allowChunklessPreparation,",
697,isBaseSection,MASK,False,2,MASK|sectionLength,[MASK] = (0x80 & buffer.readUnsignedByte())!= 0;,"[MASK] = (0x80 & buffer.readUnsignedByte())!= 0;|sectionLength < 4) {
        return;
      }
      int width = buffer.readUnsigned",
698,setToCheck,pendingVisitations,False,2,pendingVisitations|depthForOverflowCheck," pendingVisitations = this.pendingVisitations;
      for (SkyKey key : keys) {"," pendingVisitations = this.pendingVisitations;
      for (SkyKey key : keys) {| (depthForOverflowCheck > SAFE_STACK_DEPTH) {
        logger.atInfo().",
699,logger,MASK,False,17,MASK|MASK|MASK|MASK|MASK|MASK|MASK|MASK|MASK|MASK|MASK|MASK|MASK|MASK|MASK|MASK|MASK, [MASK] <file_sep>/src/main/java/com/google/devtools/build/," [MASK] <file_sep>/src/main/java/com/google/devtools/build/| [MASK]
   * reference.
   *
   * <p>This method is synchronized to prevent| MASK  The  [MASK]  future. Must have already started.
   */
  public static|MASK  to install. Must have already started.
   * @throws IllegalStateException if the  [MASK| MASK ) {
    Preconditions.checkState(remoteLogger == null);
    remoteLogger =  MASK| MASK ;
  }

  /**
   * Installs the remote  MASK. Same as {@link #| MASK  for testing purposes.
   *
   * <p>This can be called multiple times,|MASK  is being
   * installed.
   *
   * <p>This can only be called| MASK ) {
    if (remoteLogger!= null) {
      throw new IllegalStateException(""Remote logger already| MASK ;
  }

  /**
   * Uninstalls the remote  MASK.
   *
   *| MASK, or null if none is installed. */
  @Nullable
  public static synchronized Logger getRemote|MASK  = getRemoteLogger();
    if ( [MASK] != null) {
       [| MASK != null) {
       [MASK].log(level, msg, trace);
   |  MASK.log(level, msg, trace);
    }
  }

  /**
   * @|MASK  = getRemoteLogger();
    if ( MASK != null) {
      LogRecord log| MASK != null) {
      LogRecord logRecord = new LogRecord(level, msg);| MASK<file_sep>/src/main/java/com/google/devtools/build/lib/rules",
700,moduleClasses,classFile,False,3,classFile|) {|classFilese,"classFile, moduleExports) -> {
            moduleNameByClass.put(internalClassName(classFile","classFile, moduleExports) -> {
            moduleNameByClass.put(internalClassName(classFile|) {
                String prev = moduleNameByClass.put(internalClassName(classFile, moduleName),|classFiles<file_sep><fim_prefix><fim_suffix>e.get(0).get(""name"").getAsString());
        assertEquals",
701,formattedString,new,False,16,new|yyyy|new|yyyy|10336.|July|MASK|yyyy|replace|contains|contains|) {|ticket|result|timeFormat|replace," = new StringBuffer();
        Date d = new Date();
        GregorianCalendar cal = new Gregorian"," = new StringBuffer();
        Date d = new Date();
        GregorianCalendar cal = new Gregorian|13"", ""yyyy-LLLL dd"", ""2012-July 13|  new  = dateFormat.format(TEST_DATE) + ""  "" + timeFormat.| 2008-07 02"",   ""yyyy-LLLL dd"",|10336.

        class TestMultiPatternMatchItem {
            public boolean leniency| 2008-July 02""),
                new TestDateFormatLeniencyItem(|MASK] ) {
        DateFormat fmt = DateFormat.getInstance();

        assertTrue(""isLenient|02"", ""yyyy-LLLL dd"", ""2012-July 02|.replace(""n. "", ""n. "") + ""  "" + timeFormat.format(|10336..contains(""n "")) { // will add ""."" after the end of text|10336..contains(""n. "") + ""."" );
        }
        if ( MASK|) {
        ParsePosition parsePosition = new ParsePosition(0);
        parsePosition.setIndex|ticket/10261
        // Make sure that the parse method works for getInstance overloads| "" + result);
            }
        }
    }

    @Test
    public void TestParseLeni| + timeFormat.format(TEST_DATE));
            tests.add(new Object[]{format,|.replace("" "", "" "")});
        }
    }

    @Test
    public void TestParseLen",
702,retrieverBuilder,innerRetriever,False,4,innerRetriever|innerRetriever|innerRetriever|innerRetriever,"innerRetriever = args[0];
            String inferenceId = args[1] == null? DEFAULT","innerRetriever = args[0];
            String inferenceId = args[1] == null? DEFAULT|   innerRetriever,
                    inferenceId,
                    inferenceText,
                    field,
                    rankWindowSize,|innerRetriever,
        String inferenceId,
        String inferenceText,
        String field,
        int rank|innerRetriever ), rankWindowSize);
        this.inferenceId = inferenceId;
        this.inference",
703,update,update,True,4,update|request|new|upsertRequest,"update.UpdateRequest;
import org.elasticsearch.action.  update.UpdateResponse;
","update.UpdateRequest;
import org.elasticsearch.action.  update.UpdateResponse;
|request = actionRespond(UpdateRequest.class, null);

        final Map<String, Object>|new HashMap<>();
        docMap.put(ENABLED_FIELD, Boolean.TRUE);
        docMap|.upsertRequest().sourceAsMap();
        assertThat(upsertMap.get(User.Fields.",
704,upsertMap,upsertMap,True,3,upsertMap|upsertMap|upsertMap,"upsertMap = update.upsertRequest().sourceAsMap();
        assertThat(upsertMap.get(","upsertMap = update.upsertRequest().sourceAsMap();
        assertThat(upsertMap.get(|upsertMap.get(ENABLED_FIELD), equalTo(Boolean.TRUE));
        assertThat(upsertMap| upsertMap.get(User.Fields.PASSWORD.getPreferredName()), nullValue());
    }",
705,beansMap,MASK,False,3,MASK|MASK|MASK,"[MASK] = context.getBeansOfType(ApplicationConfig.class);

        Assert.assertEquals(","[MASK] = context.getBeansOfType(ApplicationConfig.class);

        Assert.assertEquals(|MASK.get(""dubbo-consumer-2.7.x"");

        Assert.assertEquals(1|MASK.size());

        Assert.assertEquals(""dubbo-consumer-2.7.x"", application",
706,compositeFieldScript,parentLeafScript,False,3,parentLeafScript|parentLeafScript|parentLeafScript,"parentLeafScript = parentLeafFactory.newInstance(ctx);
                return new IpFieldScript(leaf","parentLeafScript = parentLeafFactory.newInstance(ctx);
                return new IpFieldScript(leaf|   parentLeafScript.setDocument(docId);
                        super.setDocument(docId);| parentLeafScript );
                    }
                };
            };
        };
    }

    public static Factory leafAdapter",
707,charset,*;,False,10,*;|ByteBuffer|charset|charset|Charset|charset|charset|charset|charset|charset,"*;
import java.nio.  [MASK].ByteBuffer;
import java.nio.","*;
import java.nio.  [MASK].ByteBuffer;
import java.nio.| *;.ByteBuffer;
import java.nio. *;.CharBuffer;
import java|charset) throws IOException {
		assumeThat(Charset.isSupported(charset))
				.|charset<file_sep>/*
 * Copyright 2002-2023 the original author or|Charset %s is not supported by this JVM"",  [MASK] )
				.isTrue();|charset )
				.isTrue();

		Charset  [MASK] Obj = Charset.forName(|charset = Charset.forName( charset );
		String content = ""hello! €½| charset );
		String content = ""hello! €½$~@><·─|charset Obj);

		assertThat(IOUtils.toByteArray(createResponse(creator).getBody()))
			|charset Obj.encode(content);
		byte[] expect = new byte[expectBuff.remaining",
708,indicesStr,value,False,2,value|value,"value = parser.text();
                    if (value.isEmpty()) {
                        deprecationLogger.deprecated(","value = parser.text();
                    if (value.isEmpty()) {
                        deprecationLogger.deprecated(|value, new String[] { "" "", "",""<file_sep><fim_prefix><fim_suffix>e.xpack.core.ml",
709,expressions,parameters,False,5,parameters|parameters|parameters|parameters|parameters,"              parameters = parameters();
            List<Attribute>                   attributes = new ArrayList<>(1 + parameters.","              parameters = parameters();
            List<Attribute>                   attributes = new ArrayList<>(1 + parameters.|parameters.add(Expressions.constant(true));
             [MASK].addAll(parameters);
           |parameters.add(filter());
             parameters.add(window());
             parameters.addAll(parameters());|parameters.add(Attribute.of(attr.name(), attr.type()));
                        break;
                   | parameters );
        } else {
            return super.aggregateInputReferences(inputAttributes);
        }
   ",
710,applicationContext,MASK,False,7,MASK|MASK|MASK|MASK|MASK|MASK|MASK,"[MASK] ) {
		this( [MASK], null);
	}

	","[MASK] ) {
		this( [MASK], null);
	}

	| [MASK] );
		this.delegate.setValidationMessageSource(new ConfigurationPropertiesValidationMessage|[MASK] ) {
		return isJsr303Present( [MASK].|MASK.getClassLoader();
		for (String validatorClass : VALIDATOR_CLASSES) {
			| MASK ) {
			super( MASK );
		}

		@Override
		protected void| MASK );
			setValidationMessageSource(new ConfigurationPropertiesValidationMessageSource( MASK<file_sep>/spring| MASK ).getObject());
		}

		@Override
		protected void afterPropertiesSet() {",
711,context,MASK,False,53,MASK|MASK|MASK|MASK|MASK|MASK|MASK|token|MASK|MASK|ECT|MASK|MASK|MASK|token|MASKe|MASK|throw|MASK|MASK|attachPayload|MASK|MASK|MASK|MASK|MASK|MASK|MASKe|MASK|MASK|MASK|MASK|MASKee|Fields|MASKe|MASK|MASKe|MASKe|}||s|) {||;|s|}||s|}|contexts|s|s|);," [MASK] s;

    public IncidentEvent(
        String description,
        @Nullable String eventType"," [MASK] s;

    public IncidentEvent(
        String description,
        @Nullable String eventType| [MASK] s,
        @Nullable HttpProxy proxy
    ) {
        this.description = description| [MASK] s =  [MASK] s;
        this.eventType = Strings.hasLength|MASK s;
        this.eventType = Strings.hasLength(eventType)? eventType : ""trigger"";|MASK] s);
        }
    }

    public static class Builder {

        final TextTemplate description;| [MASK] s);
    }

    @Override
    public int hashCode() {
        int result =|MASK s);
    }

    public static class IncidentEventContext implements ToXContentObject {

       | (token == XContentParser.Token.START_OBJECT) {
                    builder.startObject(| MASK s.length > 0) {
            toXContentV2Contexts(builder, params|MASK s);
        }
        return builder;
    }

    /**
     * Turns the V1|ECT   [MASK] s into 2 distinct lists, images and links. The V2 API|MASK] s) {
        return new Template(description, eventType, incidentKey, client, client|MASK] s = new ArrayList<>();
            while ((token = parser.nextToken())!= XContentParser|MASK s) {
            return groups.getOrDefault(IncidentEventContext.Type.IMAGE, Collections| (token s!= null &&  [MASK] s.length > 0) {
                to|MASK<file_sep><fim_prefix><fim_suffix>e.get(0).get(""name"").value();
        assertThat(name|MASK] s) {
                 [MASK].toXContent(builder, params);
            }|   throw new ElasticsearchParseException(
                        ""could not parse pager duty event template. failed to parse| [MASK] s;

            public Builder(TextTemplate description) {
                this.description = description| [MASK] s,
            HttpProxy proxy
        ) {
            this.description = description;
           |attachPayload = attachPayload;
            this. [MASK] s =  [MASK] s;| [MASK] s;
            return new Template(description, eventType, incidentKey, client, client| [MASK] s);
            }

            public static Builder builder(TextTemplate description) {
                return| [MASK] s, proxy);
            }
        }
    }

    public static class IncidentEvent| [MASK] s);
            return result;
        }

        public static class Builder {

            final Text| [MASK] s = this. [MASK] s.isEmpty()
                   ? null
                    : this| [MASK] s!= null) {
                 [MASK] s = new IncidentEventContext[| MASK<file_sep><fim_prefix><fim_suffix>e.xcontent.XContentParser;
import org.elasticsearch.x|MASK] s.length];
                for (int i = 0; i < this. [| MASK s.length; i++) {
                     [MASK] s[i] = this. [| [MASK] s.add( [MASK] );
                }
            }
            return new Template(| MASK s[i].render(engine, model, defaults);
                }
            }
            return new| MASKe<file_sep><fim_prefix><fim_suffix>e.xpack.core.ml.action.GetBucketsAction;|Fields.CONTEXT_DEPRECATED.match(currentFieldName, parser.getDeprecationHandler())) {
                       |MASKe  :  [MASK] s) {
                        [MASK].toXContent(|[MASK] s) {
                        if (token == XContentParser.Token.START_ARRAY| MASKe  = this. MASK s[i].render(engine, model, defaults);
               |MASK<file_sep><fim_prefix><fim_suffix>e.xcontent.XContentParser;
import org.elasticsearch.x|}
                            MASK s = list.toArray(new IncidentEventContext.Template[list.size|
}

interface IncidentEventDefaults {

    String description;
    String incidentKey;
   | s = null;

            public Builder(TextTemplate description) {
                this.description = description;|   ) {
                this. MASKs.add( [MASK] );
                return this;
           |
}
}

interface IncidentEventDefaults {

    String description;
    String incidentKey|;
            }

            public Builder addContext(IncidentEventContext.Template  ) { ) {
               | s = this. [MASK] s.isEmpty()
                   ? null
                    : this. [MASK|}
        }

        public static class IncidentEventDefaults {

            final String description;
            final String|
}

public static class IncidentEventDefaults {

    final String description;
    final String| s.size()]);
                return new Template(description, eventType, incidentKey, client, clientUrl| }

            public Builder addContext(IncidentEventContext.Type type, TextTemplate text) {
               |contexts"");
        ParseField PAYLOAD = new ParseField(""payload"");
        ParseField ROUTING|   s
        // we need to keep this for BWC
        ParseField CONTEXT_DEPRECATED =| s
        // this field exists because in versions prior 6.0 we accidentally used  s |"");
        ParseField PAYLOAD = new ParseField(""payload"");
        ParseField ROUTING_",
712,scrollH,knobWidth,False,7,knobWidth|amountX|handlePosition|hKnobBounds|handlePosition|hKnobBounds|handlePosition,"knobWidth = 0;
					if (hKnobBounds.width!= 0","knobWidth = 0;
					if (hKnobBounds.width!= 0|amountX + actorArea.width * (x < hKnobBounds.x? -1|handlePosition =  amountY ;
						touchScrollV = true;
						draggingPointer| hKnobBounds.width - hKnobBounds.width,  handlePosition );
					 [|handlePosition  = Math.min(hScrollBounds.x + hScrollBounds.width -|hKnobBounds );
					 handlePosition  = Math.min(hScrollBounds.x +|handlePosition - amountX) / total);
					lastPoint.set(x, y);",
713,context,leafReaderContext,False,2,leafReaderContext|leafReaderContext,"leafReaderContext, boolean loadFromFieldDataCache) {
        return load(leafReaderContext.","leafReaderContext, boolean loadFromFieldDataCache) {
        return load(leafReaderContext.|leafReaderContext.reader();
        FieldInfo info = reader.getFieldInfos().fieldInfo(fieldName",
714,registered,MASK,False,7,MASK|MASK|s|MASK|MASK|registeredPolicySnapshotse|getSnapshotsByPolicy," [MASK]  before starting snapshotB
        assertBusy(() -> assertRegistered(policyName, List"," [MASK]  before starting snapshotB
        assertBusy(() -> assertRegistered(policyName, List| MASK  before allowing snapshotA to continue
        assertBusy(() -> assertRegistered(policyName, List|s stats are recorded
     */
    public void testFailSnapshotFailStats() throws Exception {
        final| [MASK] Runs from failure is added to invocationsSinceLastSuccess.
     */
    public void| MASK  snapshot from failure is added to invocationsSinceLastSuccess.
     */
    public void test| registeredPolicySnapshots<file_sep><fim_prefix><fim_suffix>e.get(0).getShardId().getId());
        assertEquals|.getSnapshotsByPolicy(policyName).stream().map(SnapshotId::getName).toList();",
715,start,start,True,2,start|start,"start<file_sep><fim_prefix><fim_suffix>		return new JadxArgs(args);
	}
}","start<file_sep><fim_prefix><fim_suffix>		return new JadxArgs(args);
	}
}|start);
		}
		return list;
	}

	@Override
	public",
716,className,classNameeanDefinitionRegistryPostProcessor,False,2,classNameeanDefinitionRegistryPostProcessor|classNameeanDefinitionRegistryPostProcessor,"className<file_sep><fim_prefix><fim_suffix>eanDefinitionRegistryPostProcessor {

	@Override
	public void post","className<file_sep><fim_prefix><fim_suffix>eanDefinitionRegistryPostProcessor {

	@Override
	public void post|classNameeanDefinitionRegistryPostProcessor, this.beanClassLoader);
			this.targetField =",
717,httpClient,MASK,False,4,MASK|Config|MASK|httpClient,"[MASK] (String  [MASK] );

    @Override
    ServiceBuilderOAuth10a","[MASK] (String  [MASK] );

    @Override
    ServiceBuilderOAuth10a|Config);

    @Override
    ServiceBuilderOAuth10a  [MASK] (HttpClientConfig |MASK Config(HttpClientConfig  Config Config);

    @Override
    ServiceBuilderOAuth10a |httpClient);

    @Override
    ServiceBuilderOAuth10a  MASK (HttpClientConfig  Config Config",
718,delta,MASK,False,31,MASK|MASK|MASK|MASK|MASK|MASK|MASK|MASK|MASK|MASK|MASK|MASK|) {|);|MASK|MASK|MASK|MASK|MASK|MASK|MASK|MASK|MASK|MASK|MASK|MASK|MASK|MASK|MASK|MASK|;,"  [MASK]  = x - lastPoint.x;
					float scrollH = handle","  [MASK]  = x - lastPoint.x;
					float scrollH = handle| [MASK] ;
					setScrollX(handlePosition + actorArea.width * (x|   MASK  = y - lastPoint.y;
					float scrollV = handlePosition +|MASK ;
					handlePosition = scrollV;
					touchScrollV = true;
					| MASK ) {
				if (flingTimer > 0) {
					flingTimer|MASK Y) {
				if (scrollX) {
					float  MASK  = x| MASK ;
				if (!scrollY)  MASK Y = 0;
				amountX| MASK Y = 0;
				amountX -=  [MASK] X;
				amount| MASK X;
				amountY -=   MASK Y;
				clamp();
				if (|MASK Y;
				clamp();
				if (cancelTouchFocus && ( [MASK] X| MASK X!= 0 ||  [MASK] Y!= 0)) cancelTouchFocus();
		|MASK Y!= 0)) cancelTouchFocus();
			}

			public void fling (| ) {
		super.act( [MASK] );

		boolean panning = flick|);

		if (flingTimer > 0) {
			flingTimer -= |  [MASK] ;
			if (fadeDelay <= 0) fadeAlpha = Math.| MASK ;
			if (fadeAlpha < 0) fadeAlpha = 0;
		| MASK ;
			amountY -= velocityY * alpha *  [MASK] ;
			clamp|  [MASK] ;
			animating = true;
		}

		if (anim| MASK ;
			if (flingTimer <= 0) {
				velocityX = |  [MASK], (amountX - visualAmountX) * 7 *  [MASK]| MASK] )));
				else
					visualScrollX(Math.max(amountX,| MASK, (visualAmountX - amountX) * 7 *  [MASK] )));| MASK )));
				animating = true;
			}
			if (visualAmountY| MASK, (amountY - visualAmountY) * 7 *  [MASK] )));| MASK )));
				animating = true;
			}
		}

		if (!|MASK, (visualAmountY - amountY) * 7 *  [MASK] )));|MASK )));
				animating = true;
			}
		}

		if (| MASK ;
					if (amountX < 0) scrollX(0);
					anim| MASK ;
					animating = true;
				}
			}
			if (over|MASK ;
					if (amountY < maxY) scrollY(maxY);
					| ;
					if (amountY < maxY) scrollY(maxY);
					anim",
719,executionCount,MASK,False,3,MASK|MASK|MASK,"      [MASK] the number of times the line was executed
   * @throws IllegalArgumentException if the line","      [MASK] the number of times the line was executed
   * @throws IllegalArgumentException if the line|[MASK] ) {
    if (lineNumber < 0) {
      throw new IllegalArgumentException(""|MASK ;
    instrumentedLines.set(lineNumber);
  }

  /**
   * Adds data",
720,clientSecret,clientSecret,True,2,clientSecret|clientSecret,  clientSecret<file_sep>/scribejava-apis/src/test/java/com/github/,  clientSecret<file_sep>/scribejava-apis/src/test/java/com/github/|clientSecret<file_sep>/scribejava-apis/src/test/java/com/github/scribe,
721,snapshotA,snapshotName,False,9,snapshotName|snapshotName|snapshot|));|the|snapshotName|repo|snapshotName|snapshotName,"snapshotName = executePolicy(masterNode, policyName);
        logger.info(""Created snapshot:","snapshotName = executePolicy(masterNode, policyName);
        logger.info(""Created snapshot:|snapshotName);
        } catch (SnapshotMissingException e) {
            fail(""expected a snapshot with| snapshot is registered before allowing  [MASK]  to continue
        assertBusy(() -> assertRegistered(|));
        }
    }

    /**
     * Test that after a failed snapshot with a master restart during|the snapshot to finish
        TestRestartBeforeListenersRepoPlugin.clearOnResponse();
        TestDelayedRepo|snapshotName);
    }

    private void createRepository(String repoName, String repoType) {|repo finalize
        TestDelayedRepoPlugin.removeDelay();

        waitForSnapshot(repoName,  [|snapshotName);

        assertBusy(() -> {
            assertSnapshotSuccess(repoName, snapshotName);| snapshotName);
            assertMetadata(policyName, 1, 0, 0);
           ",
722,depth,depth,True,12,depth|MASK|MASK|MASK|MASK|MASK|MASK|MASK|MASK|MASKe|MASK|MASK,"depth of the picture in bits-per-pixel. */
  public final int  [MASK]","depth of the picture in bits-per-pixel. */
  public final int  [MASK]| [MASK]  ;
  /**
   * The color type of the picture.
   *
   *| [MASK],
      int colors,
      byte[] pictureData) {
    this(pictureType| MASK  =  MASK ;
    this.colors = colors;
    this.pictureData = picture|MASK ;
    this.colors = colors;
    this.pictureData = pictureData;
  }|MASK  = in.readInt();
    this.colors = in.readInt();
    this.picture| MASK <file_sep><fim_prefix><fim_suffix>e.
 */
package com.google.android.exoplayer|MASK )
        && (colors == other.colors)
        && Arrays.equals(pictureData,|MASK ;
    result = 31 * result + colors;
    result = 31 *|MASK<file_sep><fim_prefix><fim_suffix>e.
 */
package com.google.android.exoplayer2|MASK  = pictureBlock.readInt();
    int colors = pictureBlock.readInt();
    int picture|MASK, colors, pictureData);
  }

  /**
   * Parses a {@code METADATA_",
723,child,plan,False,10,plan|plan|MASK|MASK|MASK|MASK|MASK|left|left|MASK,"plan, Attribute attr) {
            return planBuilder.apply(plan, attr);
        }

       ","plan, Attribute attr) {
            return planBuilder.apply(plan, attr);
        }

       |plan, attr);
        }

        public void checkOptimizedPlan(LogicalPlan basePlan, Plan| [MASK] (),
                precedingLimit
            );
            assertEquals(
                as(optimizedPlan, UnaryPlan|[MASK] ());
            assertEquals(optimizedPlan. [MASK] (), new Limit(EMPTY, new| MASK (), UnaryPlan.class),
                nonPushableLimitTestPlan
            );
            assertEquals(optimized| MASK (), nonPushableLimitTestPlan. [MASK] ());
        }
    }

    public void|MASK ());
        }
    }

    public void testPushableLimitDuplicate() {
        FieldAttribute a|left(), Limit.class);
                assertTrue(limit.local());
                assertFalse(limit.duplicated|left (), Limit.class);
            assertTrue(limit.local());
            assertTrue(limit.duplicated|MASK ());
            assertEquals(
                optimizedPlan,
                new Limit(EMPTY, new Literal(EMPTY,",
724,delta,delta,True,8,delta|delta|delta|MASK|MASK|the|) {|);,"delta) {
    if (isFrozen()) {
      return false;
    }
    int i =","delta) {
    if (isFrozen()) {
      return false;
    }
    int i =|delta > 0) {
      i++;
      this.iteratorCount.put(x, i| delta  < 0) {
      i--;
      if (i == 0) {
       |[MASK]  is positive, this increments the count of active iterators over the
     * value| MASK  is
     * negative, the counter is decremented, and if  MASK  is zero|the result<file_sep>/src/main/java/com/google/devtools/build/lib/|) {
      return mutability().updateIteratorCount(this,  [MASK] );
    }|);
    }

    /**
     * Returns whether this Freezable is temporarily immutable due to active iterators",
725,humanReadable,pretty,False,3,pretty|pretty|pretty,    pretty <file_sep>/server/src/main/java/org/elasticsearch/index/mapper,"    pretty <file_sep>/server/src/main/java/org/elasticsearch/index/mapper|pretty, [MASK] );
        final SamlServiceProviderDocument obj2 = SamlServiceProviderDocument.|pretty );
            assertToXContentEquivalent(bytes1, bytes2, xContentType);

            return",
726,pluginsDirectory,pluginsDir,False,2,pluginsDir|pluginsDir," pluginsDir = env.pluginsDir().toRealPath();
            if (pluginRealPath.startsWith"," pluginsDir = env.pluginsDir().toRealPath();
            if (pluginRealPath.startsWith|pluginsDir) == false) {
                throw new UserException(ExitCodes.USAGE, ""Plugin",
727,testdefault,TimeZone,False,2,TimeZone|equals," = TimeZone.getDefault();
        String testtimezone =  [MASK].getID();
        if ("," = TimeZone.getDefault();
        String testtimezone =  [MASK].getID();
        if (|.equals(""GMT""))
            logln(""Test timezone = "" + testtimezone);
        else
           ",
728,pointer,MASK,False,8,MASK|MASK|MASK|MASK|MASK|.|MASK|MASK,"[MASK], int button, long time) {
		// Skip any queued touch down events","[MASK], int button, long time) {
		// Skip any queued touch down events| [MASK] );
		queue.add(button);
		return false;
	}|[MASK], int button, long time) {
		// Skip any queued touch up events|MASK );
		queue.add(button);
		return false;
	}

	| MASK, long time) {
		// Skip any queued touch dragged events for the same |.
		for (int i = next(TOUCH_DRAGGED, 0);|MASK<file_sep>/backends/gdx-backends-gwt/src/com/badlogic/gdx/backends|MASK );
		return false;
	}

	public synchronized boolean touchDragged (int",
729,toExclude,to,False,20,to|to|to|to|len|to|to|to|to|to|o|MASK|o|MASK|MASK|o|MASK|o|MASK|o,"to, boolean isPath, TempBuf tempBuf) {
        int len = to - from;","to, boolean isPath, TempBuf tempBuf) {
        int len = to - from;|to - from;
        if (len <= 0) {
            return EMPTY_STRING;
       |to d, i++) {
            char c = s.charAt(i);
            if (c|to d);
        }

        // Each encoded byte takes 3 characters (e.g. ""%|len + decodedCapacity * 2) / 3;
        char[] buf = tempBuf.|to d, isPath, buf, charBuf, charBufIdx);
    }

    private static|to d, boolean isPath, byte[] buf,
                                              char[] charBuf, int charBuf|to d; i++) {
            char c = str.charAt(i);
            if (c|to d) {
                    throw new IllegalArgumentException(""unterminated escape sequence at index "" + i +|to d && str.charAt(i) == '%');
            i--;

            charBufIdx +=|o<file_sep>/dubbo-common/src/main/java/org/apache/dubbo/common|[MASK]  = Math.min( [MASK], str.length());
        if (|o, str.length());
        if (from >  [MASK] ) {
            return -|[MASK] ) {
            return -1;
        }

        for (int i = from;|MASK ; i++) {
            if (str.charAt(i) == ch) {
                return|o ) {
        from = Math.max(from, 0);
         MASK  = Math|MASK  = Math.min( o, str.length());
        if (from >  MASK|o, str.length());
        if (from >  MASK ) {
            return -1;|MASK ) {
            return -1;
        }

        for (int i =  MASK ; i|o ; i >= from; i--) {
            if (str.charAt(i) == ch",
730,bulkRequest,MASK,False,3,MASK|MASK|actionGet," [MASK]<file_sep><fim_prefix>/*
 * Copyright Elasticsearch B.V. and/or licensed to Elasticsearch"," [MASK]<file_sep><fim_prefix>/*
 * Copyright Elasticsearch B.V. and/or licensed to Elasticsearch|   MASK <file_sep><fim_prefix><fim_suffix>e.get(0).getShardId().getIndexName(), equalTo|).actionGet();
        assertThat(bulkResponse.getItems().length, equalTo(numDocs));
       ",
731,bindingResult,MASK,False,5,MASK|MASK|MASK|MASK|MASK,"[MASK] = new BeanPropertyBindingResult(""good"", ""good"");
		mav.add","[MASK] = new BeanPropertyBindingResult(""good"", ""good"");
		mav.add|MASK);
		mav.addObject(BindingResult.MODEL_KEY_PREFIX + ""good|MASK  = new BeanPropertyBindingResult(date, ""date"");
		mav.addObject| MASK WithError.rejectValue(""time"", ""error"");

		ModelAndView mavWithError =| MASK WithError);
		mavWithError.addObject(BindingResult.MODEL_KEY_PREFIX",
732,producerContext,context,False,2,context|context,"context) {
    produceResults(consumer, context, null);
  }

  @Override
  public","context) {
    produceResults(consumer, context, null);
  }

  @Override
  public|context<file_sep>/imagepipeline-base/src/main/java/com/facebook/imagepipeline",
733,features,features,True,1,features,"features) throws IOException {
        if (object == null) {
            serializer.out.writeNull","features) throws IOException {
        if (object == null) {
            serializer.out.writeNull",
734,resName,resName,True,6,resName|resName|name|resName|resName|resName,"resName     = resource.getKeyName();
			int     resId       = resource.getId","resName     = resource.getKeyName();
			int     resId       = resource.getId|resName, name -> {
				FieldNode newResField = new FieldNode(typeCls|name,
					AccessFlags.PUBLIC | AccessFlags.STATIC | AccessFlags.FINAL,
				|resName )
					&& NameMapper.isValidAndPrintable( resName )
					&&|resName<file_sep>/jadx-core/src/test/java/jadx/tests/|resName<file_sep>/jadx-core/src/test/java/jadx/tests/",
735,testtimezone,"= ""1970 01 01 12:34:5",False,4,"= ""1970 01 01 12:34:5|{|);|out"," = ""1970 01 01 12:34:5"," = ""1970 01 01 12:34:5| {
            TimeZone.setDefault(saveDefault);
        }

    }

    /**
     * Test the|);
        if (!out.equals(expected))
            errln(""FAIL: Expected "" + expected|out);
        }
    }

    /**
     * Test the formatting of dates in different locales.
    ",
736,field,field,True,5,field|field|method|field|field,"field)
    {
        ProgramFieldOptimizationInfo.getProgramFieldOptimizationInfo(field).setCan","field)
    {
        ProgramFieldOptimizationInfo.getProgramFieldOptimizationInfo(field).setCan|field ).setCanNotBeMadePrivate();
    }


    /**
     * Returns whether the given field|method can be made private.
     */
    public static boolean canBeMadePrivate(Method method)|field )
    {
        return FieldOptimizationInfo.getFieldOptimizationInfo(field).canBeMadePrivate|field ).canBeMadePrivate();
    }


    private static void markCanNotBeMadePrivate(",
737,columnName,columnName,True,1,columnName,"columnName) throws SQLException {
    return null;
  }

  @Override
  public Object getResult(","columnName) throws SQLException {
    return null;
  }

  @Override
  public Object getResult(",
738,currentFieldName,MASK,False,13,MASK|throw|MASK|MASK|MASK|MASK|MASK|MASK|MASK|MASK|MASK|Fields|parser,"[MASK]<file_sep><fim_prefix><fim_suffix>e.xpack.security.authc.AuthenticationToken;
","[MASK]<file_sep><fim_prefix><fim_suffix>e.xpack.security.authc.AuthenticationToken;
| throw new ElasticsearchParseException(
                            ""could not parse pager duty event template. unexpected field [{}| [MASK], parser.getDeprecationHandler())) {
                    try {
                        incidentKey = Text|[MASK]<file_sep><fim_prefix><fim_suffix>e.get(0).get(""name"").toString());
        assertEquals| [MASK], parser.getDeprecationHandler())) {
                    try {
                        clientUrl = Text| [MASK], parser.getDeprecationHandler())) {
                    try {
                        clientUrl = Text|[MASK], parser.getDeprecationHandler())) {
                    try {
                        account = parser.| MASK, parser.getDeprecationHandler())) {
                    proxy = HttpProxy.parse(parser);| [MASK], parser.getDeprecationHandler())) {
                    if (token == XContentParser| MASK, parser.getDeprecationHandler())) {
                    if (token == XContentParser.Token| MASK, parser.getDeprecationHandler())
                    || Fields.CONTEXT_DEPRECATED.match( MASK|Fields.CONTEXT_DEPRECATED.match(  MASK, parser.getDeprecationHandler())) {
                       |parser.currentName()
                        );
                    }
            }
            return new Template(description, eventType,",
739,formatter,cases,False,47,cases|f|);|;|);|new|String|new|GMT|new|);|new|||);||for|for|df||else|s|s|s|s|s|s|}|honor|s|i|i|0);|n|s|yles|s|source|Date|s||Date||{|MASK||overloads,"cases
        StringBuffer buf = new StringBuffer();
        // Create DateFormats
        // 1. DateFormat","cases
        StringBuffer buf = new StringBuffer();
        // Create DateFormats
        // 1. DateFormat| f = new SimpleDateFormat(format);
        Date date = f.parse(str);
        String s|);
        try {
            format.applyPattern(pat);
            Date date = format.parse(|;
        Date expected = new Date(1997, 1 - 1, |);
        Date date = f.parse(str);
        String f = ((DateFormat) f).| = new SimpleDateFormat(""MM/dd/yyyy 'at' hh:mm:ss a zzz|, String expected = ""March 1, 2000 at 1:23|  = new SimpleDateFormat(""MMMM d, yyyy h:mm:ss a zzz"", Locale|1997/3/25 00:00 GMT: "" + date|  = new SimpleDateFormat(""MMMM d, yyyy h:mm:ss a z"", Locale.|);
        try {
            Date when = sdf.parse(dateString);
            logln(""Using| = new SimpleDateFormat(""dd-MMM-yyyyy HH:mm"", Locale.UK);
        String|
        String expected = ""1970 01 01 12:3|
        String expected = ""1997 04 05 00:0|);
        if (!temp.equals(expected))
            errln(""FAIL: Expected "" + expected|
        String DATA[] = {
            ""yyyy MM dd HH:mm:ss"",

            // pattern|  for date fields. */
        DateFormat f = DateFormat.getDateInstance(DateFormat.SHORT|  for time fields. */
        DateFormat f = DateFormat.getTimeInstance(DateFormat.FULL| df = new SimpleDateFormat(testPattern, testLocales[i]);
            if (df instanceof SimpleDateFormat)|
            errln(""FAIL: "" + df + "" is returned for a Calendar field "" + cal| } else {
                 [MASK] s[0] = null;
            }

            // DateFormat|] s[2] = null;
            }
        }
    }

    /*
     * Test case| s[0] = null;
            }
        }
    }

    /*
     * Test case for| s[0].applyPattern(testPattern);
            } else {
                 s[0] =| s[2] = null;
            }
        }
    }

    /*
     * Test case for| s[1] = null;
            }
        }
    }

    /*
     * Test case for| s[2].applyPattern(testPattern);
            } else {
                 s[2] =|}

            // DateFormat constructor with DateFormatSymbols
            DateFormatSymbols dfs = new DateFormatSymbols|    * honor the calendar keyword in the given locale.  See ticket#6100| s[0] = (SimpleDateFormat)df;
                 else s[0].applyPattern(test|i].length; j++) {
                if ( [MASK] s[i][j]!=|i s[i] = null;
            }

            // DateFormat constructor with Calendar
            df =|0);
            fpos.setBeginIndex(0);
            fpos.setEndIndex(|"" + ""\n Actual result="" + buf.toString());
                }
            }
        }
    }| s commented out below are currently failing because of
        // the calendar calculation problem reported by #66|yles above.
        final DateFormat[]  [MASK] s = {
            DateFormat.| s = {
            DateFormat.getPatternInstance(pattern, new ULocale(""en_US|/source/test/cintltst/cdattst.c
    @Test
    public| Date string="" + refStr + ""\n Actual result="" + buf.toString());
            }
       |  s s[i].format(calendars[i], buf, fpos);
            String|
        StringBuffer dateTimeStr = new StringBuffer(64);
        StringBuffer dateStr = new StringBuffer(6| Date  s s s s s s s s s s s s s s s s s s|
        for (int i = 0; i < dateStylesList.length; i++) {| {
        String pattern = ""GyMMMMdEEEEHHmmssVVVV"";
        String override =|[MASK] 
        SimpleDateFormat fmt1 = new SimpleDateFormat(""GGG yyyy-MM-dd'|
        SimpleDateFormat sdf = new SimpleDateFormat(""yyyy-MM-dd HH:mm:ssZ"");

       | overloads.
    @Test
    public void Test10336() {
        DateFormat",
740,response,code,False,6,code|MASK|the|response|response|response,"{@code HttpMessageConverter} used to write the response body.
 *
 * <p>","{@code HttpMessageConverter} used to write the response body.
 *
 * <p>| [MASK] 
	 * @param request the current request
	 * @param  [MASK] |the current  [MASK] 
	 * @param <file_sep><fim_prefix><fim_suffix>e.
 */

|response
	 * @return the body that was passed in or a modified (possibly new) instance
	|response);

	/**
	 * Invoked after an {@code HttpMessageConverter} is selected and|response 
	 * @return the hints determined otherwise {@code null}
	 * @since 7.",
741,parent,MASK,False,8,MASK|MASK|MASK|MASK|MASK|MASK|parent|parent,"[MASK]  = new CacheDisposable<>(observer, this);
        observer.onSubscribe( [","[MASK]  = new CacheDisposable<>(observer, this);
        observer.onSubscribe( [|MASK );

        if (MASK.isDisposed()) {
            return;
        }

        CacheDisposable<|MASK ) ) {
            if (MASK.isDisposed()) {
                remove( MASK );
                return|! [MASK].isDisposed()) {
                observer.onSubscribe( [MASK] );
           | MASK );
                observer.onSubscribe(Disposable.disposed()<file_sep>/src/main/java| MASK.isDisposed()) {
            T v = value;
            if (v!= null) {|parent) {
            super(parent);
            this.downstream = actual;
        }

        @|parent );
            this.downstream = actual;
        }

        @Override
        public void dispose()",
742,lookup,MASK,False,7,MASK|MASK|MASK|searchLookup|searchLookup|searchLookup|searcher,"[MASK].QueryShardContext;
import org.elasticsearch.search. [MASK].","[MASK].QueryShardContext;
import org.elasticsearch.search. [MASK].|[MASK].ValueFetcher;
import org.elasticsearch.search.lookup.SearchLookup;|MASK.ValueFetcher;
import org.elasticsearch.search.lookup.SearchLookup;
import|searchLookup   = new SearchLookup(
                mapperService::fieldType,
                fieldDataLookup(mapper|searchLookup()).thenReturn(searchLookup);
            when(searchExecutionContext. <file_sep><fim_prefix><fim_suffix>earch|searchLookup );
            when(searchExecutionContext.getMapperService()).thenReturn(mapperService<file_sep><fim_prefix><fim_suffix>|searcher.getIndexReader().leaves().get(0)
               .reader()
               <file_sep>/server",
743,impls,eption,False,3,eption|eption|eption,"     <file_sep><fim_prefix><fim_suffix>eption {
        return new DefaultMockitoConfiguration();
    }
}
<fim_middle>","     <file_sep><fim_prefix><fim_suffix>eption {
        return new DefaultMockitoConfiguration();
    }
}
<fim_middle>|   eption .add(service.cast(plugin));
            }
            return  eption| eption ;
        } catch (Exception e) {
            throw new IllegalStateException(
                    ""Failed to",
744,beanName,beanName,True,5,beanName|MASK|MASK|MASK|;,"beanName;

	@SuppressWarnings(""NullAway"") // Dataflow analysis limitation
	public Field","beanName;

	@SuppressWarnings(""NullAway"") // Dataflow analysis limitation
	public Field| [MASK] ) {
		this. [MASK]  =  [MASK] ;
|[MASK]<file_sep>/*
 * Copyright 2002-2023 the original| MASK ));
	}

	@Override
	public void setBeanClassLoader(ClassLoader classLoader|;
				Assert.state(this.staticField!= null, ""No target field specified"");",
745,other,MASK,False,10,MASK|MASK|MASK|MASK|MASK|MASK|MASK|MASK|MASK|MASK,"[MASK] } into this bucket.
     * <p>
     *     This is used to","[MASK] } into this bucket.
     * <p>
     *     This is used to|[MASK] } into {@code groupId}.
     */
    public void merge(int groupId, Double|MASK, int  [MASK] GroupId) {
        var  [MASK] Bounds = | MASK GroupId) {
        var  [MASK] Bounds =  [MASK].getBucket| MASK Bounds =  [MASK].getBucketValuesIndexes( [MASK] GroupId);
       |MASK.getBucketValuesIndexes( [MASK] GroupId);
        var bounds = getBucketValues| MASK GroupId);
        var bounds = getBucketValuesIndexes(groupId);
        if (bounds.| MASK Bounds.v1(); i <  [MASK] Bounds.v2(); i++) {| MASK Bounds.v2(); i++) {
            collect( [MASK].values.get(| MASK.values.get(i), groupId);
        }
    }

    /**
     * Merge the",
746,contextClass,context,False,15,context|context|MASK|MASK|MASK|MASK|MASK|MASK|MASK|MASK|MASK|MASK|MASK|MASK|MASK,"context
     *      The object that indicates where the visibility of a descriptor is evaluated.
     *     ","context
     *      The object that indicates where the visibility of a descriptor is evaluated.
     *     |context, @NonNull Descriptor descriptor) {
        return true;
    }

    /**
     * Decides| [MASK]  = context == null? null : context.getClass();

        if (source ==|MASK  + ""' in thread '"" + Thread.currentThread().getName() + ""'"");
        }

        OUT| [MASK] != null &&!f.filterType( [MASK], d)) {| MASK, d)) {
                        if (LOGGER.isLoggable(Level.CONFIG)) {
                           |MASK );
                        }
                        continue OUTER; // veto-ed. not shown
                    }
                   | MASK, Iterable<T> source) {
        ExtensionList<DescriptorVisibilityFilter> filters = all|MASK );
            }
            for (DescriptorVisibilityFilter f : filters) {
                if (LOGGER.|MASK );
                }
                try {
                    if ( MASK != null &&!f.filterType| MASK != null &&!f.filterType( MASK, d)) {
                        if (LOGGER|MASK, d)) {
                        if (LOGGER.isLoggable(Level.CONFIG)) {
                           |MASK );
                        }
                        continue OUTER; // veto-ed. not shown
                    }
               |MASK, e);
                    throw e;
                } catch (Throwable e) {
                    LOGGER.log|MASK, e);
                    continue OUTER; // veto-ed. not shown
                }
           ",
747,dataTypeName,dataTypee,False,2,dataTypee|dataTypee,dataType<file_sep><fim_prefix><fim_suffix>e.xpack.core.ml.inference.trainedmodel.Trained,"dataType<file_sep><fim_prefix><fim_suffix>e.xpack.core.ml.inference.trainedmodel.Trained|dataTypee + ""]"");
    }

    public static EsqlIllegalArgumentException illegalDataType(DataType dataType, String",
748,visitor,acceptNode,False,7,acceptNode|acceptNode|MASK|MASK|MASK|MASK|MASK,"acceptNode() 
   * method on the passed  [MASK]  for each member.  If","acceptNode() 
   * method on the passed  [MASK]  for each member.  If| acceptNode  returns 
   * false, the subtree should not be called.
   * 
   * @|[MASK]  The  [MASK]  whose appropriate method will be called.
	 */
|MASK  to use.
	 * @param  visitor  The visitor instance to use.
	 *|  [MASK] )
	{
	  if (null!= m_predicates)
	    {
	   |MASK  instanceof  XPathVisitor  )
	        {
	        if (  MASK <file_sep><fim_prefix><fim_suffix>e|MASK );
	        }
	      }
	    }
	  }
	} 
	
    /**
     * @see",
749,actual,MASK,False,2,MASK|ScriptFeatureExtractor,"[MASK] = ScriptFeatureExtractor.getScriptFeatureValue(text);
        assertEquals(expected.","[MASK] = ScriptFeatureExtractor.getScriptFeatureValue(text);
        assertEquals(expected.|ScriptFeatureExtractor.getScriptId(MASK));
    }

    public void testScriptId() {",
750,serverInputStream,MASK,False,12,MASK|MASK|MASK|MASK|MASK|MASK|MASK|MASK|MASK|MASK|MASK|MASK,"[MASK]  = new PipedInputStream();
    OutputStream workerOutputStream = new PipedOutputStream(","[MASK]  = new PipedInputStream();
    OutputStream workerOutputStream = new PipedOutputStream(|[MASK] );
    multiplexer.setProcessFactory(params -> new FakeSubprocess( [| MASK ));

    WorkRequest request1 = WorkRequest.newBuilder().setRequestId(1).build();|[MASK]  = new PipedInputStream();
    OutputStream workerOutputStream = new PipedOutputStream(|MASK );
    multiplexer.setProcessFactory(params -> new FakeSubprocess( MASK ));

   |MASK ));

    WorkerProxy worker =
        new WorkerProxy(workerKey, 1, logPath|[MASK]  = new PipedInputStream();
    OutputStream workerOutputStream = new PipedOutputStream(| MASK );
    multiplexer.setProcessFactory(params -> new FakeSubprocess( MASK ));

   | MASK ));

    WorkerProxy worker1 =
        new WorkerProxy(workerKey, 1, log|MASK  = new PipedInputStream();
    OutputStream workerOutputStream = new PipedOutputStream( MASK );|MASK );
    multiplexer.setProcessFactory(params -> new FakeSubprocess( MASK ));

   |MASK ));

    WorkerProxy worker1 =
        new WorkerProxy(workerKey, 1, log",
751,layer,layer,True,1,layer,"layer);

	public native void glInvalidateFramebuffer (int target, int numAttachments, int[]","layer);

	public native void glInvalidateFramebuffer (int target, int numAttachments, int[]",
752,destConfigDir,MASK,False,17,"MASK|resolve|CONFIG_DIR_PERMS|throws|new|getParent|MASK|,|MASK|AttributesView|null|matches|matcher|);|resolve|matches|);","  [MASK] ) throws Exception {
        if (Files.isDirectory(tmpConfigDir) ==","  [MASK] ) throws Exception {
        if (Files.isDirectory(tmpConfigDir) ==|.resolve(file.getFileName().toString())
                );
                setFileAttributes(destFile,|, CONFIG_DIR_PERMS);
        final PosixFileAttributeView  [MASK] Attributes|) throws Exception {
        if (Files.isDirectory(tmpConfigDir) == false) {
           |(new Path[0]));
    }

    /**
     * Creates a URL and opens a connection.|.getParent(),
            PosixFileAttributeView.class
        );
        final PosixFileAttributes | MASK = Files.getFileAttributeView(tmpConfigDir, PosixFileAttributeView.class);|,
                PosixFileAttributeView.class
            );
        if (fileAttributeView!= null)| =  [MASK] AttributesView!= null
           ?  [MASK] AttributesView.readAttributes| AttributesView.readAttributes();
        if ( [MASK] Attributes!= null) {
            setOwner| null;
        if ( [MASK] Attributes!= null) {
            setOwnerGroup( [MASK|.matches()? matcher.group(1) : null;
    }

    /**
     * Returns|.*).matcher(version);
        return matcher.matches()? matcher.group(1) :|);
        }

        try (DirectoryStream<Path> stream = Files.newDirectoryStream(tmp|.resolve(tmpConfigDir.relativize(srcFile));
                if (Files.exists|.matches()) {
                    setFileAttributes(destFile, permissions);
                }
            }
        }|);
                }
            }
        }
        IOUtils.rm(tmpConfigDir); // clean up",
753,accepted,MASK,False,16,MASK|MASK|MASK|result|MASK|MASK|MASK|MASK|MASK|MASK|MASK|MASK|MASK|MASK|MASK|MASK," [MASK]  = in.readBoolean();
            boolean isDebug = in.readBoolean();"," [MASK]  = in.readBoolean();
            boolean isDebug = in.readBoolean();| [MASK], null);
            }

            return new Response( [MASK] );
        }

       | [MASK] );
        }

        public static Response readFromXContent(XContentParser parser)|result"");

        public static final ConstructingObjectParser<Response, Void> PARSER = new Constructing| [MASK] ;

        public Response(StreamInput in) throws IOException {
            this(readFrom|[MASK]<file_sep>/x-pack/plugin/ent-search/src/main/java| MASK  =  MASK ;
        }

        public Response(StreamInput in) throws IOException {
           |MASK<file_sep>/*
 * Copyright Elasticsearch B.V. and/or licensed to Elasticsearch B.V| MASK ;
        }

        public boolean isDebug() {
            return false;
        }

        @Override| MASK );
        }

        @Override
        public boolean equals(Object o) {
            if (this| MASK  == that. [MASK] ;
        }

        @Override
        public int hashCode() {| MASK ;
        }

        @Override
        public int hashCode() {
            return Objects.hash( MASK| MASK, isDebug());
        }

        @Override
        public String toString() {
            return Strings.| MASK );
                addFieldsToXContent(builder, params);
            }

            return builder.end|MASK<file_sep>/x-pack/plugin/core/src/main/java/org/elasticsearch| MASK );
            this.analyticsEvent = Objects.requireNonNull(analyticsEvent, ""analyticsEvent cannot be",
754,invalidValue,randomValuee,False,3,randomValuee|randomValue|randomValuee,"randomValue<file_sep><fim_prefix><fim_suffix>e.get(0).get(""name"").get(""first"").get","randomValue<file_sep><fim_prefix><fim_suffix>e.get(0).get(""name"").get(""first"").get|randomValue, () -> encode.apply(randomValue));
        assertThat(e.getMessage(), end|randomValuee ));
        assertThat(e.getMessage(), endsWith(""must be between "" + min",
755,outerFilterDocCount,filterOuterDocCount,False,4,filterOuterDocCount|filterOuterDocCount|sampledDocCount|sampledDocCount,"filterOuterDocCount = agg.getDocCount();
            SingleBucketAggregation innerAgg = agg.","filterOuterDocCount = agg.getDocCount();
            SingleBucketAggregation innerAgg = agg.|filterOuterDocCount, equalTo(0L));
            } else if (filterOuterDocCount ==|sampledDocCount, lessThan(filterOuterDocCount));
                assertThat( sampledDocCount, less|sampledDocCount, lessThan(filterOuterDocCount));
                assertThat( filterOuterDocCount<file_sep>",
756,newChildren,newChildren,True,2,newChildren|newChildren,"newChildren) {
        return new ExtendedStats(source(), newChildren.get(0));
   ","newChildren) {
        return new ExtendedStats(source(), newChildren.get(0));
   |newChildren.get(0));
    }

    @Override
    public ExtendedStats copy() {
       ",
757,lastIndex,MASK,False,4,MASK|depthForOverflowCheck|1024) {|1024);,"  [MASK]  = entries.size();
      if ( [MASK]  == 0","  [MASK]  = entries.size();
      if ( [MASK]  == 0| (depthForOverflowCheck > SAFE_STACK_DEPTH) {
        logger.atInfo().| 1024) {
        SkyKey key = keysToGet.get(i);|1024);
      if (depthForOverflowCheck > SAFE_STACK_DEPTH)",
758,valueStart,MASK,False,9,MASK|valueBlock|MASK|MASK|valueBlock|MASK|MASK|valueBlock|MASK," [MASK]  = valueBlock.getFirstValueIndex(valuesPosition);
        int valueEnd ="," [MASK]  = valueBlock.getFirstValueIndex(valuesPosition);
        int valueEnd =|valueBlock.getValueCount(valuesPosition);
        for (int valueOffset =  [MASK]|[MASK] ; valueOffset < valueEnd; valueOffset++) {
          BytesRef valueValue =|  [MASK]  = valueBlock.getFirstValueIndex(valuesPosition);
        int valueEnd|valueBlock  + valueBlock.getValueCount(valuesPosition);
        for (int valueOffset =|MASK ; valueOffset < valueEnd; valueOffset++) {
          BytesRef valueValue = valueBlock| MASK  = valueBlock.getFirstValueIndex(valuesPosition);
      int valueEnd =  value|valueBlock<file_sep>/java-client/src/main/java/co/elastic/clients/|MASK ; valueOffset < valueEnd; valueOffset++) {
        BytesRef valueValue = valueBlock",
759,applicationContext,context,False,3,context|context|context,"context<file_sep><fim_prefix>/*
 * Copyright (C) 2021 The Android Open Source Project","context<file_sep><fim_prefix>/*
 * Copyright (C) 2021 The Android Open Source Project|context, /* useSurface= */ false<file_sep><fim_prefix><fim_suffix>e.
 */
package com.google|context, new PlaybackOutput.Factory() {
          @Override
          public PlaybackOutput createPlayback",
760,maxes,MASK,False,3,MASK|MASK|MASK," [MASK] = Arrays.asList(1d, 5d, 9d, "," [MASK] = Arrays.asList(1d, 5d, 9d, | MASK.get(i));
        }

        testSearchCase(DEFAULT_QUERY, dataset, false| MASK.get(i));
            }
        );
    }

    public void testBigKeys() throws",
761,resolver,util,False,12,util|util|MASK|MASK|MASK|MASK|MASK|MASK|MASK|MASK|remoteAddresseption|MASK,"util.concurrent.Future;
import io.netty5.util.concurrent.FutureListener;","util.concurrent.Future;
import io.netty5.util.concurrent.FutureListener;|util.AddressResolverGroup;
import io.netty5.util.concurrent.Future;
|[MASK]<file_sep><fim_prefix><fim_suffix>e.
 */
package io.netty5.channel.socket|[MASK] Group) {
        this. [MASK] Group = Objects.requireNonNull( [MASK|[MASK]  Group = Objects.requireNonNull( [MASK]  Group, "" [MASK]| MASK Group, "" [MASK] Group"");
    }

    public ResolveAddressHandler(AddressResolver<?|MASK Group"");
    }

    public ResolveAddressHandler(AddressResolver<? extends SocketAddress>  [|      [MASK]<file_sep><fim_prefix><fim_suffix>eption(Throwable cause) {
        super(cause);
   |MASK Group.getResolver(ctx.executor());
        if ( [MASK].isSupported(| MASK.isSupported(remoteAddress) &&! [MASK].isResolved(remoteAddress))|remoteAddress<file_sep><fim_prefix><fim_suffix>eption(Throwable cause) {
        super(cause);
    }
|   MASK.resolve(remoteAddress).addListener((FutureListener<SocketAddress>) future -> {
                Throwable",
762,urlAuthSection,urlPrefixe,False,2,urlPrefixe|urlPrefixe,"urlPrefix<file_sep><fim_prefix><fim_suffix>e.get(0).get(""name""));
        Assertions.assertEquals(""","urlPrefix<file_sep><fim_prefix><fim_suffix>e.get(0).get(""name""));
        Assertions.assertEquals(""|urlPrefixe, redisPort) + urlSuffix);
    }

    private static URL newRedisUrl",
763,constantDynamic,_TAG,False,5,_TAG|owner|value|String|referenceKind,"_TAG;
    int hashCode = hash(tag, owner, name, descriptor, data);
   ","_TAG;
    int hashCode = hash(tag, owner, name, descriptor, data);
   |owner, name, descriptor);
  }

  /**
   * Adds a CONSTANT_MethodType_info to| value, hashCode));
  }

  /**
   * Adds a CONSTANT_MethodType_info to the constant| String descriptor.
   * @return a new or already existing Symbol with the given value.
   */|, referenceKind, addConstantMethodref(owner, name, descriptor, isInterface).index);",
764,minDays,minDays,True,5,minDays|minDays|);||_BASED_YEARS," minDays = CalendarDataUtility.retrieveMinimalDaysInFirstWeek(locale);
    int minDays"," minDays = CalendarDataUtility.retrieveMinimalDaysInFirstWeek(locale);
    int minDays| minDays  = weekData.minimalDaysInFirstWeek;
    return WeekFields.of(|);
    }

    /**
     * Returns a field to access the week of a week-based-|
        static ComputedDayOfField ofWeekBasedYearField(WeekFields weekDef) {
           |_BASED_YEARS) {  // week-of-week-based-year
               ",
765,staticMethods,MASK,False,7,MASK|Objects|{|MASK|ec|return|false,"  [MASK]  = new ArrayList<>();
    for (MethodAndStaticVar item :  [","  [MASK]  = new ArrayList<>();
    for (MethodAndStaticVar item :  [|Objects.hashCode(name, returnType, parameterTypes, isStatic);
    }
  }

  private|{
      MethodSpec spec) {
      name = spec.name;
      isStatic = spec.| {MASK} = new ArrayList<>();
    for (ExecutableElement element :  [MASK] ThatReturn|ec.getModifiers()) {
      if (element.getAnnotation(Deprecated.class)!= null)| return false;
      }
    }
    return  [MASK] ;
  }

  private List<| false;
  }

  private static final class MethodSignature {
    private final TypeName returnType;
   ",
766,refeshOnOperation,randomBoolean,False,5,randomBoolean|MASK|randomBoolean|MASK|randomBooleane,"  = randomBoolean();
        Client client = client().filterWithHeader(Collections.singletonMap(""","  = randomBoolean();
        Client client = client().filterWithHeader(Collections.singletonMap(""|[MASK] ? IMMEDIATE : NONE)
           .get();

        assertEquals(DocWrite|randomBoolean()) {
            client.admin().indices().prepareRefresh(expression).get();
        }|MASK ? IMMEDIATE : NONE)
           .get();
        assertEquals(DocWriteResponse.|randomBoolean<file_sep><fim_prefix><fim_suffix>e.get(0).get(""name"").getAsString(), is(""",
767,currency,MASK,False,7,MASK|MASK|MASK|MASK|MASK|MASK|symbol," [MASK]<file_sep><fim_prefix><fim_suffix>e.get(i);
            if (i!= 0)"," [MASK]<file_sep><fim_prefix><fim_suffix>e.get(i);
            if (i!= 0)|MASK.getSymbol();
        } else if (object instanceof UUID) {
            strVal = ((| [MASK]  = jsonObject.getString("" [MASK] "");
                    if ( [MASK] | MASK "");
                    if ( [MASK] != null) {
                        return (T) Currency.| MASK != null) {
                        return (T) Currency.getInstance( [MASK] );
                   | MASK );
                    }

                    String symbol = jsonObject.getString("" [MASK] Code"");
                    if (|symbol"");
                    if (symbol!= null) {
                        return (T) Currency.getInstance(symbol",
768,method,methods,False,5,methods|MASK|type|MASKe|MASKee,"methods on any bean.
 *
 * <p>This factory is registered by default in the","methods on any bean.
 *
 * <p>This factory is registered by default in the|[MASK] ) {
		return AnnotatedElementUtils.hasAnnotation( [MASK],|type, TransactionalEventListener.class);
	}

	@Override
	public boolean supports| MASK<file_sep><fim_prefix><fim_suffix>e.
 */

package org.springframework.web.servlet.mvc| MASKe<file_sep><fim_prefix><fim_suffix>e.
 */

package org.springframework.web.servlet.",
769,mediaDescription,mediaDescription,True,14,mediaDescription|mediaDescription|mediaDescription|mediaDescription|mediaDescription|mediaDescription|mediaDescription|mediaDescription|mediaDescription|mediaDescription|mediaDescription|mediaDescription|mediaDescription|mediaDescription,"mediaDescription The {@link MediaDescription} of this track.
   * @param sessionUri The {@","mediaDescription The {@link MediaDescription} of this track.
   * @param sessionUri The {@|mediaDescription, Uri sessionUri) {
    checkArgument(
         [MASK].attributes.containsKey(|mediaDescription.mediaType.equals(MEDIA_TYPE_AUDIO) ||  mediaDescription.media|mediaDescription );
    uri =
        extractTrackUri(
            rtspHeaders, sessionUri, cast|mediaDescription.attributes.get(ATTR_CONTROL)));
  }

  @Override
  public boolean equals| mediaDescription ) {
    Format.Builder formatBuilder = new Format.Builder();

    if ( [|mediaDescription.mediaType.equals(MEDIA_TYPE_AUDIO)) {
      formatBuilder.set| mediaDescription.bitrate);
    }

    int rtpPayloadType =  [MASK].rtp| mediaDescription.rtpMapAttribute.payloadType;
    String mediaEncoding =  [MASK].rtp| mediaDescription.rtpMapAttribute.mediaEncoding;
    formatBuilder.setSampleMimeType(mediaEncoding| mediaDescription.rtpMapAttribute.clockRate;
    int channelCount = C.INDEX_UN|mediaDescription.mediaType)) {
      channelCount =
          inferChannelCount( mediaDescription.rtp| mediaDescription.rtpMapAttribute.encodingParameters, mimeType);
    }

    if (MEDIA_TYPE| mediaDescription.fmtpParametersAsMap();
    switch (mimeType) {
      case MimeTypes",
770,zeroTermsQuery,MASK,False,27,MASK|MASK|MASK|MASK|MASK|MASK|MASK|MASK|MASK|MASK|MASK|MASK|MASK|MASK|MASK|MASK|MASK|MASK|MASK|MASK|MASK|MASK|MASK|MASK|MASK|MASK|MASK, [MASK]<file_sep>/src/main/java/org/elasticsearch/index/mapper/Mapper," [MASK]<file_sep>/src/main/java/org/elasticsearch/index/mapper/Mapper|MASK  = ZeroTermsQueryOption.readFromStream(in);
        analyzer = in.read|MASK.writeTo(out);
        out.writeOptionalString(analyzer);
    }

    @Override|MASK (ZeroTermsQueryOption  [MASK] ) {
        if ( [MASK]  ==|[MASK] ZeroTermsQueryOption) {
        if ( [MASK]  == null) {| [MASK]  == null) {
            throw new IllegalArgumentException(""["" + NAME + ""] requires |MASK  option"");
        }
        if (this. [MASK]  == null) {
           | [MASK]  =  MASK ;
        return this;
    }

    public MatchPhraseQueryBuilder |MASK ;
        return this;
    }

    public MatchPhraseQueryBuilder  [MASK] (ZeroTerms|MASK (String  [MASK] String) {
        return  [MASK] (ZeroTermsQuery|MASK  String) {
        return  [MASK] (ZeroTermsQueryOption.readFromString(|MASK  = ZeroTermsQueryOption.readFromString( [MASK] String);
        return  [|MASK String);
        return  [MASK] ( [MASK] Option);
    }

    public Match|MASK ( MASK );
    }

    public MatchPhraseQueryBuilder  MASK (ZeroTermsQueryOption  MASK|MASK );
    }

    public String  MASK () {
        return  MASK.toString();
    }|MASK () {
        return this. [MASK] ;
    }

    public String  MASK<file_sep><fim_prefix>| MASK ;
    }

    public String  MASK () {
        return this.  MASK.toString();| MASK <file_sep><fim_prefix><fim_suffix>e.get(0).get(""name"").getAsString().equals(""|MASK.toString());
        }
        boostAndQueryNameToXContent(builder);
        builder.| MASK );
        queryParser.setQueryName(queryName);
        queryParser.setBoost(| MASK, other. [MASK] );
    }

    @Override
    protected boolean doEquals(QueryBuilder| MASK );
    }

    @Override
    protected int doHashCode() {
        return Objects.hash(|[MASK]<file_sep>/server/src/main/java/org/elasticsearch/index/mapper|MASK  = ZeroTermsQueryOption.NONE;
                            } else if (""all"".equalsIgnoreCase(zero|MASK  = ZeroTermsQueryOption.ALL;
                            } else if (""none"".equalsIgnoreCase(zero| MASK ( MASK );
        matchQuery.queryName(queryName);
        matchQuery.boost(| MASK );
        matchQuery.queryName(queryName);
        matchQuery.boost(boost);",
771,legal,allowed,False,8,allowed|legal|}.|)|ch|legal|legal|legal,"allowed to be escaped.
 *
 * <p>This class is not thread-safe.","allowed to be escaped.
 *
 * <p>This class is not thread-safe.|legal character in "" + name, i);
            }
        }
        return uri.substring(start|}.
     */
    public static void validate(String s, String  [MASK], String name|)
            throws URISyntaxException {
        for (int i = 0; i < s.length|  (ch >= 'a' && ch <= 'z')
                    || (ch >= 'A|legal  character"", i);
            }
        }
    }

    /**
     * Throws if {@code|legal  character exception on
     *     invalid escape sequences; false to replace them with the replacement
    |legal ArgumentException(""Invalid % sequence at "" + i + "": "" + s);
                    } else {",
772,searchLookup,MASK,False,6,MASK|MASK|MASK|MASK|MASK|MASK,"[MASK]<file_sep><fim_prefix><fim_suffix>e.get(0).get(""name"").getAsString());
       ","[MASK]<file_sep><fim_prefix><fim_suffix>e.get(0).get(""name"").getAsString());
       | [MASK], onScriptError);
            return (LeafFactory) ctx -> new IpFieldScript| MASK, onScriptError, ctx) {
                    @Override
                    public void setDocument(int doc|MASK, OnScriptError onScriptError);

        boolean isResultDeterministic();

        boolean isParsed| MASK,
        OnScriptError onScriptError,
        LeafReaderContext ctx
    ) {
        super|MASK, ctx, onScriptError);
    }

    public IpFieldScript(
        String fieldName,",
773,routingTable,routingTable,True,5,routingTable|routingTable|routingTable|routingTable|routingTable,  routingTable = RoutingTable.builder(TestShardRoutingRoleStrategies.DEFAULT_ROLE_,"  routingTable = RoutingTable.builder(TestShardRoutingRoleStrategies.DEFAULT_ROLE_|routingTable(routingTable)
           .build();

        clusterState = ClusterState.builder(cluster|routingTable )
           .build();

        clusterState = ClusterState.builder(clusterState)
           |routingTable ( strategy.reroute(clusterState, ""reroute"", ActionListener.noop()). [|routingTable ())
           .build();

        String clusterStateString = Strings.toString(clusterState);",
774,vVector,MASK,False,12,MASK|MASK|MASK|vBlock|vBlock|vBlock|MASK|MASK|MASK|BooleanVector|BooleanVector|BooleanVector," [MASK]  = vBlock.asVector();
    if ( [MASK]  == null"," [MASK]  = vBlock.asVector();
    if ( [MASK]  == null| [MASK]  == null) {
      addRawBlock(vBlock, mask);
      return|[MASK], mask);
  }

  private void addRawInputMasked(Page page,|vBlock = page.getBlock(channels.get(0));
    IntVector   MASK  =| vBlock  == null) {
      addRawBlock(vBlock);
      return;
    }|vBlock<file_sep>/java-client/src/main/java/co/elastic/clients/|[MASK]<file_sep>/java-client/src/main/java/co/elastic/clients|MASK.getPositionCount(); valuesPosition++) {
      int vValue =  [MASK].getInt| MASK.getInt(valuesPosition);
      MedianAbsoluteDeviationIntAggregator.combine(state,|, BooleanVector mask) {
    for (int valuesPosition = 0; valuesPosition < |BooleanVector.getPositionCount(); valuesPosition++) {
      if (mask.getBoolean(valuesPosition)|BooleanVector.getInt(valuesPosition);
      if (mask.getBoolean(valuesPosition) == false",
775,consumer,MASK,False,6,MASK|MASK|if|MASK|MASK|MASK," [MASK] ) {
              if (image == THROW_FAILURE) {
                 [MASK]."," [MASK] ) {
              if (image == THROW_FAILURE) {
                 [MASK].|  [MASK].onFailure(new IOException(""IMAGE FAILED""));
              } else {
                 [|if (image == null) {
                   MASK.onNewResult(null, Consumer.IS_|[MASK]<file_sep>/vnext/src/android/java/com/facebook/imagepipeline| MASK<file_sep>/vnext/src/androidTest/java/com/facebook/imagepipeline/| MASK );
  }

  private static class Consumer<T> implements com.facebook.imagepipeline.",
776,prefix,name,False,2,name|name,name<file_sep>/server/src/main/java/org/elasticsearch/index/mapper/Mapper,"name<file_sep>/server/src/main/java/org/elasticsearch/index/mapper/Mapper|name
          <file_sep>/server/src/main/java/org/elasticsearch/index/mapper/",
777,blockFactory,blockFactory,True,3,blockFactory|blockFactory|blockFactory,"blockFactory, IntVector selected) {
        // Check if the selected groups are all empty, to","blockFactory, IntVector selected) {
        // Check if the selected groups are all empty, to|blockFactory.newConstantNullBlock(selected.getPositionCount());
        }

        try (var builder|blockFactory.newDoubleBlockBuilder(selected.getPositionCount())) {
            for (int s =",
778,apiSecret,apiSecrete,False,3,apiSecrete|apiSecret|apiSecrete,"apiSecret<file_sep><fim_prefix><fim_suffix>e.getAccessToken(requestToken, oauthVerifier);
        System.out","apiSecret<file_sep><fim_prefix><fim_suffix>e.getAccessToken(requestToken, oauthVerifier);
        System.out|apiSecret(apiSecrete)
               .defaultScope(""read"")
               .debug()
               |apiSecrete )
               .build(FlickrApi.instance(FlickrApi.F",
779,tests,cases,False,8,cases|T00|) {||) {|||) {,"   cases as needed.
     */
    @Test
    public void TestGeneralTimeZoneOrder() {
       ","   cases as needed.
     */
    @Test
    public void TestGeneralTimeZoneOrder() {
       |1-15T00:00:00Z"", ""ZZZZ"", ""|) {
            List<Object[]>   [MASK]  = new ArrayList();

            for (int|

    @Test
    public void TestParseLeniency() {
        // For details see http://| ) {
            DateFormat format = (DateFormat) test[0];
            String formattedString = (|
        DateFormat fmt = DateFormat.getDateTimeInstance(DateFormat.FULL, ULocale.EN|
        DateFormat fmt = (DateFormat) test[0];
        String formattedString = (String)|) {
            DateFormat format = (DateFormat) test[0];
            String formattedString = (",
780,itemOffset,em,False,13,em|em|itemIndex|itemIndex|itemIndex|itemIndex|itemIndex|itemIndex|itemIndex|itemIndex|itemIndex|currentAttributeOffset|itemIndex,"em = classReader.readUnsignedShort( [MASK]  + 2);
          int name","em = classReader.readUnsignedShort( [MASK]  + 2);
          int name|em - 1];
      switch (itemTag) {
        case Symbol.CONSTANT_FIELDREF|itemIndex + 2));
          addConstantFieldOrMethodOrInterfaceMethodReference(
              itemIndex|itemIndex, charBuffer),
              classReader.readUTF8(nameAndTypeItemOffset,| itemIndex  + 1));
          break;
        case Symbol.CONSTANT_STRING_TAG:|itemIndex  + 2, charBuffer),
              classReader.readUTF8(nameAnd|itemIndex + 2, charBuffer));
          break;
        case Symbol.CONSTANT_INTEGER_|itemIndex));
          break;
        case Symbol.CONSTANT_STRING_TAG:
          addConstantString|itemIndex  + 2));
          addConstantMethodHandle(
              itemIndex,
              classReader|itemIndex  + 1));
          break;
        case Symbol.CONSTANT_DYNAMIC_TAG:|itemIndex + 1));
          addConstantDynamicOrInvokeDynamicReference(
              itemTag,
             |currentAttributeOffset + 2));
          break;
        case Symbol.CONSTANT_MODULE_TAG:|itemIndex, charBuffer));
          break;
        case Symbol.CONSTANT_DYNAMIC_TAG:
       ",
781,listener,MASK,False,10,MASK|MASK|MASK|new|MASK|MASK|MASK|MASK|MASK|MASK, [MASK]<file_sep><fim_prefix><fim_suffix>e.xpack.core.ml.inference.trainedmodel.," [MASK]<file_sep><fim_prefix><fim_suffix>e.xpack.core.ml.inference.trainedmodel.| [MASK]  returning the pre-optimized plan when pre-optimization is complete
     */
    public|[MASK] ) {
        doPreOptimize(plan,  [MASK] );
    }

   |   new IllegalStateException(""Expected analyzed plan"")
               <file_sep><fim_prefix><fim_suffix>earch.xpack.core.|MASK.delegateFailureAndWrap((l, preOptimized) -> {
            preOptimized.|MASK.onResponse(plan);
        }));
    }

    /**
     * Pre-optimize a logical|[MASK]<file_sep><fim_prefix><fim_suffix>e.xpack.core.ml.inference.trainedmodel.| MASK  returning the pre-optimized plan when pre-optimization is complete
     */
    private void do|MASK ) {
        SubscribableListener<LogicalPlan> rulesListener = Subscribable| MASK );
    }

    /**
     * Pre-optimize a logical plan.
     *
     * @",
782,fmtpAttributes,",",False,18,",|);|) {|);|) {|library|String|PARAMETER_SPROP_PARAMS|controlAttributeString|) {|controlAttributeString|get|controlAttributeString|PARAMETER_H265_SPROP_VPS|controlAttributeString|PARAMETER_H265_SPROP_SPS|controlAttributeString|controlAttributeString",",
      String controlAttributeString) {
    Uri controlAttributeUri = Uri.parse(controlAttribute",",
      String controlAttributeString) {
    Uri controlAttributeUri = Uri.parse(controlAttribute|);
    formatBuilder.setCodecs(H264_CODECS_PREFIX + profile| ) {
    checkArgument(
         [MASK].containsKey(PARAMETER_SPROP_PARAMS),|);
    checkArgument(configInput!= null &&!configInput.isEmpty(), ""empty config value|) {
    @Nullable String spropParameterSets =  );.get(PARAMETER_SPROP| <file_sep>/library/core/src/main/java/com/google/android/ex| String mediaEncoding, int channelCount, int sampleRate) {
    checkArgument(channelCount!=|PARAMETER_SPROP_PARAMS));
    String[] parameterSets = Util.split(spropParameter|(controlAttributeString);
    return sessionUri.buildUpon().appendEncodedPath(controlAttribute| ) {
    checkArgument(
         [MASK].containsKey(PARAMETER_H264_| controlAttributeString.equals(GENERIC_CONTROL_ATTR)) {
      return sessionUri;
    }| .get(PARAMETER_H264_SPROP_VPS)));
      checkArgument|(controlAttributeString.startsWith(GENERIC_CONTROL_ATTR)) {
      return sessionUri;
   |(PARAMETER_H265_SPROP_VPS));
    checkArgument(
         [|(controlAttributeString.startsWith(GENERIC_CONTROL_ATTR)) {
      return sessionUri.build|(PARAMETER_H265_SPROP_SPS));
    checkArgument(
         control|(controlAttributeString.startsWith(GENERIC_CONTROL_ATTR)) {
      return sessionUri.build|(controlAttributeString);
  }

  /**
   * Returns the {@link Uri} of the track",
783,request,request,True,4,request|request|request|request,"request, ServerHttpResponse response) {
			return this.contextPathDelegate.handle(request,","request, ServerHttpResponse response) {
			return this.contextPathDelegate.handle(request,|request.getURI().getPath();
			if (path.startsWith(basePath)) {
				| request.mutate().path(path.substring(""/cloudfoundryapplication"".length()))
						.build()| request, response);
			}
		}

	}

	private static final class Cloud",
784,password,root,False,6,root|rootFile|MASK|MASK|MASK|MASK,"> <root file> <port>"");
      System.out.println(""Usage: SampleServer <","> <root file> <port>"");
      System.out.println(""Usage: SampleServer <|rootFile = args[1];
    int port = Integer.parseInt(args[2]);

   | [MASK] );
    System.out.println(
        ""Running server at https://localhost:""|MASK )
      throws GeneralSecurityException, IOException {
    KeyStore keystore = KeyStore.getInstance(|MASK .toCharArray());
    }

    char[] password =  [MASK].toCharArray();
   |MASK.toCharArray());

    KeyStore truststore = KeyStore.getInstance(KeyStore.getDefaultType());",
785,srcSize,library,False,4,library|library|library|decodingInfo,      <file_sep>/library/src/main/java/com/nostra13/universalimage,"      <file_sep>/library/src/main/java/com/nostra13/universalimage|library<file_sep>/src/main/java/com/nostra13/universalimageloader/|library,  [MASK].scale(scale), decodingInfo.getImageKey());
				}|decodingInfo.getTargetSize(), scale, decodingInfo.getImageKey());
				}
			",
786,empty,MASK,False,9,MASK|MASK|MASK|MASK|hm2|hm2|assertEquals|here|continue," [MASK]  = new LinkedHashMap(5);
        assertNull(""Empty hashtable access"",  ["," [MASK]  = new LinkedHashMap(5);
        assertNull(""Empty hashtable access"",  [|  [MASK].get(""nothing""));
         [MASK].put(""something"", ""here"");
       |  [MASK].put(""something"", ""here"");
        assertTrue(""cannot get element"",  [| MASK.get(""something"") == ""here"");
    }

    /**
     * java.util.| hm2 = (LinkedHashMap) hm.clone();
        hm2.put(""key"", ""| hm2.get(""something""));
    }

    /**
     * java.util.LinkedHashMap#| assertEquals(""values() was not cloned"",
                ""value2"", values2.iterator().next());|""here"",  hm2.get(""something""));
    }

    /**
     * java.util| continue forEach evaluation"",!it2.hasNext());
    }

    public void test_forEach_entrySet",
787,setterFunc,setterName,False,3,setterName|setterName|setterName,"setterName = nameTable.getStaticSetterName(varElement);
            String setterType = name","setterName = nameTable.getStaticSetterName(varElement);
            String setterType = name|setterName!= null) {
            printf(
                ""\n+ (void)set%s:(|setterName, varName);
          }
        }
      }
    }
    if (typeNode instanceof",
788,outputBlock,MASK,False,13,MASK|MASK|MASK|MASK|inputPage|throw|bytesRefBuilder|bytesRefBuilder|bytesRefBuilder|MASK|MASK|MASK|MASK,"[MASK] Builder;
    private final BytesRefBlock.Builder  [MASK]<file_sep><fim_prefix><fim_suffix>","[MASK] Builder;
    private final BytesRefBlock.Builder  [MASK]<file_sep><fim_prefix><fim_suffix>|[MASK]  [MASK]  [MASK]<file_sep>/*
 * Copyright Elasticsearch B.V| MASK Builder =  MASK Builder;
        this.inputPage = inputPage;
        this. MASK|MASK Builder;
    }

    @Override
    public BytesRefBlock.Builder  getOutputBlockBuilder|inputPage);
    }

    /**
     * Adds an inference request to the output builder.
     *|throw new IllegalStateException(""Received null inference result; expected a non-null result of type ChatCompletionResults|bytesRefBuilder.copyChars(completionResults.getResults().get(0).content());
        |bytesRefBuilder.append(InferenceOperator.OutputBuilder.COMPLETION_SEPARATOR);
            bytes|bytesRefBuilder.copyChars(completionResults.getResults().get(0).content());
        |MASK =  [MASK] Builder.build();
        assert  [MASK].getPositionCount()| MASK Builder.build();
        assert  [MASK].getPositionCount() == inputPage.getPosition|MASK.getPositionCount() == inputPage.getPositionCount();
        return inputPage.appendBlock(| MASK );
    }

    /**
     * Builds the final output page by appending the completion output block",
789,additionalMatcherName,name,False,3,name|name|name,"name, int subMatchersCount) {
        if (matcherStack.isEmpty()) {
            throw report","name, int subMatchersCount) {
        if (matcherStack.isEmpty()) {
            throw report|name );
        }
        if (matcherStack.size() > subMatchersCount) {
            List|   name, subMatchersCount, lastMatchers);
        }
        if (matcherStack.size()",
790,names,MASK,False,2,MASK|MASK,[MASK]<file_sep>/app/src/main/java/com/blankj/androidutil,"[MASK]<file_sep>/app/src/main/java/com/blankj/androidutil|MASK ) {
            if (brand.contains(name) || manufacturer.contains(name)) {",
791,order,orderethod,False,5,orderethod|MASK|orderethodethod|MASK|orderethod,"order<file_sep><fim_prefix><fim_suffix>ethod.invoke(target, args);
		}
		catch (","order<file_sep><fim_prefix><fim_suffix>ethod.invoke(target, args);
		}
		catch (|[MASK] ) {
		this. [MASK]  =  [MASK] ;
|orderethod<file_sep><fim_prefix><fim_suffix>ethod.invoke(target, args);
		}
		|MASK ;
	}

	public void setOrder(int  MASK ) {
		this|orderethod;
	}

	public void setOrder(int  MASK ) {
	",
792,delegate,delegatet,False,6,delegatet|MASK|MASK|MASK|delegatet|MASK,"  delegate<file_sep><fim_prefix><fim_suffix>t.get(i);
      if (i == 0) {","  delegate<file_sep><fim_prefix><fim_suffix>t.get(i);
      if (i == 0) {|[MASK] ) {
                return wrap( [MASK] );
              }
            },
            new Function|[MASK]<file_sep>/*
 * Copyright (C) 2008 The Guava Authors| MASK<file_sep>/*
 * Copyright (C) 2008 The Guava Authors
 *|delegatet () {
        return  MASK ;
      }
    };
  }

  private static <T| MASK ;
      }

      @Override
      public boolean addAll(Collection<? extends T> collection)",
793,julyStr,"= ""1997/03/04"";",False,3,"= ""1997/03/04"";|195() {|GMT"," = ""1997/03/04"";
        SimpleDateFormat formatter = new SimpleDateFormat("""," = ""1997/03/04"";
        SimpleDateFormat formatter = new SimpleDateFormat(""|195() {
        DateFormat fmt = DateFormat.getDateInstance(DateFormat.SHORT,|1997/03/04 00:00 GMT: "" +",
794,healthMetadata,healthMetadata,True,2,healthMetadata|healthMetadata,"  healthMetadata      <file_sep><fim_prefix><fim_suffix>e.get(0).getShardId().getId());
       ","  healthMetadata      <file_sep><fim_prefix><fim_suffix>e.get(0).getShardId().getId());
       |healthMetadata.getDiskMetadata();
        if (diskMetadata == null) {
            return new Disk",
795,builders,e,False,4,e|e|e|actionGet,"<file_sep><fim_prefix><fim_suffix>e.get(0).getShardId().getId());
        assertEquals(1,","<file_sep><fim_prefix><fim_suffix>e.get(0).getShardId().getId());
        assertEquals(1,| e  = new IndexRequestBuilder[numdocs];
        for (int i = 0; i|<file_sep><fim_prefix><fim_suffix>e.get(0).getShardId().getId());
        assertEquals(1,|.actionGet();
        indicesAdmin().refresh(new RefreshRequest(idxName)).actionGet();",
796,bootstrapMethodArguments,entry,False,11,entry|a|already|final|1) << 32);|_TAG|abstract|*/|{|value|This," entry.index;
      }
      entry = entry.next;
    }
    return addTypeInternal"," entry.index;
      }
      entry = entry.next;
    }
    return addTypeInternal| a type in the type table of this symbol table. Does nothing if the type table already
   *| * already contains a similar type.
   *
   * @param value an internal class name.
  | final int typeTableIndex2) {
    int hashCode = hash(Symbol.MERGED_TYPE|1) << 32);
    int hashCode = hash(Symbol.MERGED_TYPE_|_TAG, data);
    Entry entry = get(hashCode);
    while (entry!= null)| abstract class is used to implement a hash table.
   *
   * @author <NAME>
   */| */
  private static class Entry extends Symbol {
    /**
     * The hash code of this Symbol.| {
      super(index, tag, owner, name, value, data);
      this.hashCode| value);
      this.hashCode = hashCode;
    }

    Entry(final int index, final int|. This concrete and private subclass of
   * {@link Label} adds a field which is only used",
797,parentClass,MASK,False,7,MASK|MASK|MASK|clsGen|MASK|MASK|MASK," [MASK]  = clsGen.getClassInfo();
		ClassInfo  [MASK] "," [MASK]  = clsGen.getClassInfo();
		ClassInfo  [MASK] | MASK != null &&  [MASK].getShortName().equals(""R"")) {
			| MASK.getAlias().equals(""R"")) {
			clsGen.useClass(code,|clsGen.getClassInfo());
			code.add(clsGen.getClassInfo().getAlias|MASK<file_sep>/jadx-core/src/test/java/jadx/tests/integration| MASK != null &&  MASK.getAlias().equals(""R"");
	}

	| MASK.getAlias().equals(""R"");
	}

	public static boolean isResourceClass",
798,other,other,True,2,other|other,"other) {
        params.addAll(other.getParams());
    }

    public void addAll","other) {
        params.addAll(other.getParams());
    }

    public void addAll|other.getParams());
    }

    public void addAll(Map<String, String> map",
799,drmSessionManagerProvider,drmSessionManager,False,6,drmSessionManager|drmSessionManager|drmSessionManagerProvider|drmSessionManagerProvider|drmSessionManagerProvider|drmSessionManager," drmSessionManager;
    private LoadErrorHandlingPolicy loadErrorHandlingPolicy;
    private boolean allowChunk"," drmSessionManager;
    private LoadErrorHandlingPolicy loadErrorHandlingPolicy;
    private boolean allowChunk| drmSessionManager = new DefaultDrmSessionManagerProvider();
        playlistParserFactory = new DefaultH| drmSessionManagerProvider) {
      this. [MASK]  =
          checkNotNull(
               [MASK|  drmSessionManagerProvider  = checkNotNull(  drmSessionManagerProvider );
      return this;
   | drmSessionManagerProvider,
              ""MediaSource.Factory#setDrmSessionManagerProvider no longer| drmSessionManager,
          loadErrorHandlingPolicy,
          playlistTracker,
          elapsedRealTimeOffsetMs",
800,usedBuiltInAnalyzers,usedBuiltInAnalyzers,True,15,usedBuiltInAnalyzers|usedAnalyzerTypes|usedAnalyzerTypes|MASK|MASK|MASK|MASK|MASK|MASK|MASK|MASK|MASK|MASK|MASK|MASK,"usedBuiltInAnalyzers = new HashMap<>();
        final Map<String, SynonymsStats> usedSyn","usedBuiltInAnalyzers = new HashMap<>();
        final Map<String, SynonymsStats> usedSyn|   usedAnalyzerTypes.keySet().removeAll(analyzerSettings.keySet());
                usedBuiltInAnalyzers.|usedAnalyzerTypes
                           <file_sep><fim_prefix><fim_suffix>e.xcontent.XContentBuilder;

import java| [MASK],
            usedBuiltInAnalyzers.values(),
            usedSynonyms
        );
    }|MASK<file_sep>/server/src/main/java/org/elasticsearch/search/aggregations/|MASK
   <file_sep>/server/src/main/java/org/elasticsearch/index/mapper/| MASK  = sort( [MASK] );
        this.usedSynonyms = usedSynonyms;| MASK );
        this.usedSynonyms = usedSynonyms;
    }

    public AnalysisStats(|MASK  = Collections.unmodifiableSet(new LinkedHashSet<>(input.readCollectionAsList(Index| MASK );
        out.writeMap(usedSynonyms, StreamOutput::writeWriteable);
   |MASK ;
    }

    /**
     * Return the set of used built-in analyzers in the|MASK, that. [MASK] )
            && Objects.equals(usedSynonyms, that.| MASK )
            && Objects.equals(usedBuiltInAnalyzers, that.usedBuiltInAnalyzers)|MASK<file_sep>/server/src/main/java/org/elasticsearch/index/mapper/Mapper|MASK );
        builder.startObject(""synonyms"");
        builder.field(""count"", usedSyn",
801,builder,metadataServiceURLBuilder,False,4,metadataServiceURLBuilder|metadataServiceURLBuilder|metadataServiceURLBuilder|metadataServiceURLBuilder,"metadataServiceURLBuilder = null;
            ExtensionLoader<MetadataServiceURLBuilder> loader
                    = ExtensionLoader","metadataServiceURLBuilder = null;
            ExtensionLoader<MetadataServiceURLBuilder> loader
                    = ExtensionLoader|metadataServiceURLBuilder  = loader.getExtension(SpringCloudMetadataServiceURLBuilder.NAME);
            }|metadataServiceURLBuilder  = loader.getExtension(StandardMetadataServiceURLBuilder.NAME);
            }

           |metadataServiceURLBuilder
                   .setServiceDiscovery(serviceDiscovery)
                   <file_sep><fim_prefix><fim_suffix>e.get",
802,matcher,MASK,False,4,MASK|MASK|MASK|MASK, [MASK]<file_sep><fim_prefix><fim_suffix>e.xpack.esql.expression.function.aggregate;," [MASK]<file_sep><fim_prefix><fim_suffix>e.xpack.esql.expression.function.aggregate;|MASK = Matchers.nullValue();
            } else if (nonNullDataRows.size()|MASK  = Matchers.allOf(
                    Matchers.greaterThanOrEqualTo(increase / (| MASK
            );
        });
    }

    @SuppressWarnings(""unchecked"")
    private static TestCaseSupplier makeSupplier",
803,counter,MASK,False,4,MASK|MASK|MASKt|MASKtt,"[MASK]<file_sep><fim_prefix><fim_suffix>t.web.reactive.server.WebTestClient;

","[MASK]<file_sep><fim_prefix><fim_suffix>t.web.reactive.server.WebTestClient;

|"",  MASK );
	}

	private Map<String, Object> jsonData(String|MASK<file_sep><fim_prefix><fim_suffix>t.web.reactive.server.WebTestClient;

import static| MASKt<file_sep><fim_prefix><fim_suffix>t.get(0).get(""name"")).isEqualTo(""John"");
	",
804,mediaPeriod,null,False,3,"null|,|refresh"," */ null);
    drmSessionManager.setEventDispatcher(createDrmEventDispatcher(id));
    drm"," */ null);
    drmSessionManager.setEventDispatcher(createDrmEventDispatcher(id));
    drm|,
      long presentationStartTimeMs,
      long windowStartTimeMs,
      long elapsedRealtimeEpochOffsetMs| ).refresh();
    ((HlsMediaPeriod)  <file_sep>/*
 * Copyright (C) ",
805,responseHeaders,MASK,False,8,MASK|MASK|MASK|MASK|MASK|MASK|MASK|MASK," [MASK]  = createResponse(creator).getHeaders();

		assertThat( [MASK]."," [MASK]  = createResponse(creator).getHeaders();

		assertThat( [MASK].|MASK.getContentType()).isEqualTo(MediaType.APPLICATION_JSON);
		assertThat( MASK.get| MASK.getOrigin()).isEqualTo(""https://github.com"");
		assertThat(  MASK.| MASK.getAllow()).isEqualTo(Collections.singleton(HttpMethod.PUT));
	}

	|[MASK]  = createResponse(creator).getHeaders();

		assertThat( [MASK].| MASK.get(HttpHeaders.SET_COOKIE))
				.containsExactly(
						firstCookie|MASK  = createResponse(creator).getHeaders();

		assertThat( MASK.get(HttpHeaders.| MASK.get(HttpHeaders.SET_COOKIE))
				.containsExactly(
						firstCookie",
806,oldtz,TimeZone,False,2,"TimeZone|0:00:00"", ""2004 03 10"," = TimeZone.getTimeZone(""GMT+0137"");
            fmt.setTimeZone("," = TimeZone.getTimeZone(""GMT+0137"");
            fmt.setTimeZone(|0:00:00"", ""2004 03 10 ",
807,buyPrice,MASK,False,12,MASK|MASK|MASK|MASK|MASK|MASK|MASK|MASK|MASK|MASK|MASK|MASK," [MASK] ;
     private double msrp;
     private Set<OrderDetail> orderDetails ="," [MASK] ;
     private double msrp;
     private Set<OrderDetail> orderDetails =|MASK, double msrp) {
        this.productCode = productCode;
        this.product| MASK  =  MASK ;
        this.msrp = msrp;
    }
    public Product|MASK ;
        this.msrp = msrp;
    }
    public Product(String productCode|MASK, double msrp, Set<OrderDetail> orderDetails) {
       this.productCode| MASK  =  MASK ;
       this.msrp = msrp;
       this.orderDetails|MASK ;
       this.msrp = msrp;
       this.orderDetails = orderDetails;|  MASK  "", nullable=false, precision=22, scale=0)
    public double|MASK ;
    }
    
    public void setBuyPrice(double  MASK ) {
        this. MASK|MASK ) {
        this. MASK  =  MASK ;
    }
    
    @Column(name=""|MASK  =  MASK ;
    }
    @Column(name=""buyPrice"", nullable=false|MASK ;
    }
    @Column(name=""buyPrice"", nullable=false, precision=2",
808,activityInfo,activityInfo,True,4,activityInfo|activityInfo|MASK|;,"activityInfo.packageName;
                origClassName = rInfo.activityInfo.name;
            } else","activityInfo.packageName;
                origClassName = rInfo.activityInfo.name;
            } else|activityInfo.name;
            }
        }
        if (origClassName == null) {
            Resolve|[MASK]<file_sep>/tinker-commons/src/main/java/com/tencent/|;
        if (theme == 0) {
            return false;
        }
        if (theme",
809,duration,MASK,False,3,MASK|is|MASK,"[MASK]  = System.currentTimeMillis() - startTime;
                logger.debug(""Completed draining","[MASK]  = System.currentTimeMillis() - startTime;
                logger.debug(""Completed draining|is a rough estimate of the time it takes to drain the queue and submit the requests.
                //|MASK);
            } else {
                logger.trace(""No queued job updates to process""<file_sep>/",
810,limit,());,False,4,());|Test|loc|Format,"());
                }
            }
        }
    }

    /*
     * Test for format/parse method with","());
                }
            }
        }
    }

    /*
     * Test for format/parse method with|Test
    public void TestRelativeDateFormat() {
        // Create a locale with no keywords
        StringBuffer loc| loc);
            String fmtRelDateTimeStr = fmtRelDateTime.format(today);
            if (|Format.getDateInstance(dateStyle, loc);
            DateFormat fmtRelTime = DateFormat.",
811,settingValue,blat,False,12,blat|Property|);|);||final|final|deprecatedSetting|put|build|put|deprecatedSetting,"  = ""blat"";
        final Setting<String> undeprecatedSetting1 = Setting.simple","  = ""blat"";
        final Setting<String> undeprecatedSetting1 = Setting.simple|, Property.DeprecatedWarning);
        deprecatedSetting.checkDeprecation(settings);
        assertSettingDe|);
        final Setting<String> deprecatedSetting = Setting.simpleString(
            criticalSettingName,| );
        final Setting<String> undeprecatedSetting1 = Setting.simpleString(criticalSettingName|
        final Setting<String> deprecatedSetting = Setting.simpleString(
            criticalSettingName,
            | final Setting<String> deprecatedSetting = Setting.simpleString(
                criticalSettingName,
                true| final Setting<String> deprecatedSetting = Setting.simpleString(
                criticalSettingName,
                true| deprecatedSetting = Setting.simpleString(settingName,  [MASK], Property.DeprecatedWarning|.put(deprecatedSetting,  [MASK] ).build();
        setting.checkDeprecation(|).build();
        setting.checkDeprecation(settings);
        ensureNoWarnings();
        final Setting|.put(blat,  build ).build();
        setting.checkDeprecation(settings);|(deprecatedSetting,  build ).build();
        setting.checkDeprecation(settings);
        ensure",
812,dirtyType,isChanged,False,3,isChanged|isChanged|markedDirtyResult," = isChanged? DirtyType.CHANGE : DirtyType.DIRTY;

      // This"," = isChanged? DirtyType.CHANGE : DirtyType.DIRTY;

      // This| isChanged? enqueueingKeyForExistenceCheck : null);
      } catch (InterruptedException e)| markedDirtyResult.getReverseDepsUnsafe()<file_sep><fim_prefix><fim_suffix>e.

#include ""src",
813,position,group,False,2,group|Double,"group) {
        assertSimpleGroup(input, result, group, false);
    }

    private","group) {
        assertSimpleGroup(input, result, group, false);
    }

    private|Double.class));
    }

    @Override
    protected void assertSimpleGroup(List<Page>",
814,className,MASK,False,12,MASK|MASK|MASK|MASK|MASK|MASK|MASK|MASK|MASK|MASK|MASK|MASK, [MASK]    <file_sep>/app/src/main/java/com/blankj/android," [MASK]    <file_sep>/app/src/main/java/com/blankj/android|[MASK] ) {
        try {
            startService(Class.forName( [MASK] ));| MASK ));
        } catch (Exception e) {
            e.printStackTrace();
        }
    }

   |[MASK]  The name of class.
     */
    public static void stopService(@NonNull final|MASK ) {
        try {
            return stopService(Class.forName( [MASK] ));
       |MASK ));
        } catch (Exception e) {
            e.printStackTrace();
            return false;
       | MASK  The name of class.
     * @param conn  The ServiceConnection object.
     */|MASK,
                                   @NonNull final ServiceConnection conn,
                                   final int flags) {
        try {
           |MASK ), conn, flags);
        } catch (Exception e) {
            e.printStackTrace();
       |MASK  The name of class.
     * @return {@code true}: yes<br>{@code| MASK ) {
        return isServiceRunning( MASK, null);
    }

    /**
     * Return| MASK.equals(aInfo.service.getClassName())) return true;
            }
            return false",
815,namedXContentRegistry,MASK,False,8,MASK|MASK|MASK|MASK|MASK|MASK|MASK|MASK,"  [MASK],
            ClusterService clusterService,
            BigArrays bigArrays,
            RecoverySettings recovery","  [MASK],
            ClusterService clusterService,
            BigArrays bigArrays,
            RecoverySettings recovery| MASK,
                    MASK,
                    MASK,
                    MASK,
                    MASK,
                    MASK,
                    MASK,| MASK,
            ClusterService clusterService,
            BigArrays bigArrays,
            RecoverySettings recoverySettings,| MASK, clusterService, bigArrays, recoverySettings, delayFn);
        }
    }

    static| MASK,
            ClusterService clusterService,
            BigArrays bigArrays,
            RecoverySettings recoverySettings,| MASK, repoName, idxName);
        }, 1, TimeUnit.MINUTES);
    }| MASK,
            Runnable beforeResponseRunnable
        ) {
            super(projectId, metadata, env, | MASK, repoName, idxName);

        ensureGreen();

        networkDisruption.startDisrupt",
816,fieldType,fieldName,False,2,fieldName|SimpleDateFormat,"fieldName, int     features) throws IOException {
        if (object == null) {
            serializer.","fieldName, int     features) throws IOException {
        if (object == null) {
            serializer.|SimpleDateFormat.class) {
                out.write('{');
                out.writeFieldName(JSON.DEFAULT",
817,ruleContext,MASK,False,9,MASK|MASK|MASK|MASK|false|actual|actual|actual|MASK," [MASK],
      ConfiguredTarget actual,
      NestedSet<PackageGroupContents> visibility)"," [MASK],
      ConfiguredTarget actual,
      NestedSet<PackageGroupContents> visibility)|  [MASK], actual, visibility);
  }

  public static AliasConfiguredTarget create(
     | MASK,
      ConfiguredTarget actual,
      NestedSet<PackageGroupContents> visibility,
      Immutable|[MASK].getRule()))
           .put(
                VisibilityProvider.class,
                new Visibility|false,
                    /* isCreatedInSymbolicMacro= */  [MASK]<file_sep>/src/main|actual.getProvider(RequiredConfigFragmentsProvider.class)!= null
        &&  [MASK]|actual.getRequiredConfigFragments());
    }
    return new AliasConfiguredTarget(
         [MASK]|   actual.getLookupKey(),
            actual.getOriginalLabel(),
            actual<file_sep>/src/|MASK.getRule().getRuleClassObject(),
        actual.getConfigurationKey(), actual.getRule",
818,inputFile,MASK,False,10,MASK|MASK|MASK|MASK|MASK|MASK|MASK|MASK|MASK|MASK,[MASK]<file_sep>/src/main/java/com/google/devtools/build/lib,"[MASK]<file_sep>/src/main/java/com/google/devtools/build/lib|[MASK]<file_sep>/src/main/java/com/google/devtools/build/lib|[MASK]<file_sep>/src/main/java/com/google/devtools/build/lib| MASK );
    setDigest(input, digest.getHash());
    return digest;
  }

 |[MASK]<file_sep>/src/main/java/com/google/devtools/build/lib|MASK.getParentDirectory().createDirectoryAndParents();
    for (Tree.DirectoryEntry entry : content|[MASK]<file_sep><fim_prefix>/src/main/java/com/google/devtools/build/|[MASK]<file_sep><fim_prefix>/src/main/java/com/google/devtools/build/| MASK.createSymbolicLink(PathFragment.create(target));
    Digest digest = digestUtil.| MASK );
    setDigest(input, digest.getHash());
    return digest;
  }

 ",
819,predOwner,owner,False,3,owner|this|owner," owner = new PredOwner(i);
	      if (visitor.visitPredicate( [MASK],"," owner = new PredOwner(i);
	      if (visitor.visitPredicate( [MASK],|this, owner, m_predicates[i]))
	        {
	        m_predicates[i].call|owner, visitor);
	        }
	      }
	    }
	  }
	} 
	
    /**
     *",
820,annotation,Annotation,False,9,Annotation|MASK|MASK|MASK|key|MASK|MASK|MASK|MASK,"Annotation;
import java.lang.annotation.Annotation;
import java.lang.annotation.","Annotation;
import java.lang.annotation.Annotation;
import java.lang.annotation.| [MASK] = key.getAnnotation();
      if ( [MASK] != null) {
       | MASK != null) {
        name.append("", [MASK] ="").append(quote(|[MASK] ="").append(quote( [MASK].toString()));
      } else {
       |key.getAnnotation().toString()));
      } else if (key.getAnnotation()!= null) {
       | MASK  = key.getAnnotation();
        if ( MASK != null) {
          name.append| MASK Type!= null) {
          name.append("", MASK ="").append(quote(""@"" +| MASK ="").append(quote(""@"" +  [MASK] Type.getName()));
        }
     |MASK Type.getName()));
        }
      }
      for (Map.Entry<String, String>",
821,serializeTestFail,) {,False,10,) {||0) {|}||2012-07-02 15:00:00|}|2012-07-02 15:00:00|}|,") {
                errln(""FAIL: for locale "" + relItem.locale +  "", capital",") {
                errln(""FAIL: for locale "" + relItem.locale +  "", capital|
        }
    }

    @Test
    public void Test10336() {
        //|0) {
                errln(""FAIL: for locale "" + item.locale + "" & date| }
        }
    }

    @Test
    public void TestParseLeniency() {
        //|
        }
    }

    @Test
    public void TestDateFormatLeniency() {
        // For| 2012-07-02 15:00:00| }
            }
        }
    }

    @Test
    public void TestParseLeniency() {| 2012-07-02 15:00:00| }
    }

    @Test
    public void TestParseLeniency() {
        // For details|

    @Test
    public void TestParseLeniency() {
        // For details see http://",
822,services,services,True,3,services|MASK|GetInstance,"services to try in provider selection
    // null once provider is selected
    private Iterator<Service> service","services to try in provider selection
    // null once provider is selected
    private Iterator<Service> service|[MASK] =
                GetInstance.getServices(""KeyAgreement"", algorithm);
        // make sure|  GetInstance.getServices(""KeyAgreement"", algorithm);
        // make sure there is at least",
823,onlyIfAbsent,evict,False,3,evict|) {|null,"evict if false, the table is in creation mode.
     * @return the new node
    ","evict if false, the table is in creation mode.
     * @return the new node
    |) {
        Node<K,V>[] tab; Node<K,V> p; int| null) {
            if (e.hash == hash &&
                ((k = e.key)",
824,annotation,MASK,False,11,MASK|MASK|MASK|MASK|MASKt|MASK|MASK|MASK|MASK|MASK|MASK,"[MASK]<file_sep><fim_prefix><fim_suffix>t.class, ""test"");
		assertThat(result.get","[MASK]<file_sep><fim_prefix><fim_suffix>t.class, ""test"");
		assertThat(result.get|[MASK]<file_sep><fim_prefix><fim_suffix>t.class, ""test"", ""test"", ""test"", ""|MASK.MergedAnnotations.SearchStrategy;
import org.springframework.core.annotation.MergedAnnotation|[MASK]<file_sep><fim_prefix><fim_suffix>t.get(0).get(""name"").asText());
	| MASK<file_sep><fim_prefix><fim_suffix>t.
 *
 * @author 
 * @author 
 * @author| MASK.synthesize());
	}

	@Override
	public ConditionEvaluationResult evaluateTestExecution|MASK ) {
		return evaluate( MASK );
	}

	private ConditionEvaluationResult evaluate|MASK].os()).anyMatch(OS::isCurrentOs)
				&& Arrays.asList|MASK.os()).contains(os)
				&& Arrays.asList( MASK<file_sep><fim_prefix><fim_suffix>t|MASK.disabledReason().isEmpty()
					? String.format(""Disabled on OS = %s|MASK.disabledReason();
			return ConditionEvaluationResult.disabled(reason);
		}
	",
825,snapshotMetrics,MASK,False,2,MASK|MASK,"  [MASK] 
        ) {
            return Map.of(
                TestDelayedRepo.TYPE,","  [MASK] 
        ) {
            return Map.of(
                TestDelayedRepo.TYPE,| MASK 
        ) {
            return Map.of(
                TestRestartBeforeListenersRepo.TYPE,
               ",
826,backingIndices,MASK,False,4,MASK|MASK|new|itemResponse," [MASK]<file_sep><fim_prefix><fim_suffix>e.get(0).getShardId().getIndex());
            assertThat"," [MASK]<file_sep><fim_prefix><fim_suffix>e.get(0).getShardId().getIndex());
            assertThat|[MASK]<file_sep><fim_prefix><fim_suffix>e.get(0).getShardId().getIndex());
            assertThat|  = new ArrayList<>();
        for (int i = 0; i < numDocs; i|(itemResponse.getIndex(), startsWith(backingIndexPrefix));
        }
        client.admin",
827,bound,bound,True,2,bound|bounds,"bound of the confidence interval for the population mean.
     *
     * @param s the confidence level","bound of the confidence interval for the population mean.
     *
     * @param s the confidence level|bounds);

    /**
     * The upper or lower  bound s of the stdDeviation
     */",
828,token,token,True,3,token|token|token,"token ;
        while (( [MASK]  = parser.nextToken())!= XContentParser.Token","token ;
        while (( [MASK]  = parser.nextToken())!= XContentParser.Token|token = parser.nextToken())!= XContentParser.Token.END_OBJECT) {
            if| token  == XContentParser.Token.FIELD_NAME) {
                currentFieldName = parser.",
829,amountX,amountX,True,38,amountX|MASK|if|MASK|MASK|MASK|float|MASK|amountY|visualScrollX|MASK|MASK|visualAmountX|MASK|MASK|MASK|MASK|MASK|visualScrollX|actorArea|MASK|MASK|visualScrollX|actorArea|MASK|mouse|ob|]  = 0;|;|maxY|= 0;||MathUtils|MathUtils|x|x|maxX|0;,"amountX, amountY;
	float visualAmountX, visualAmountY;
	float","amountX, amountY;
	float visualAmountX, visualAmountY;
	float| [MASK]  / 2);
					return true;
				}
				if (|if (scrollX) {
					float scrollX =  [MASK]  + deltaX| [MASK] );
				} else
					return false;
				return true;
			| [MASK], 0, maxX));
		scrollY(overscrollY? MathUtils| [MASK], 0, maxX));
		scrollY(overscrollY? Math|float alpha = flingTimer / flingTime;
			float x =  [MASK]| [MASK]  < 0) velocityX = 0;
			if (amountY|amountY == -overscrollDistance) velocityY = 0;
			if (amountY|) visualScrollX( [MASK] );
			if (visualAmountY!= amountY)| [MASK] ) visualScrollX(Math.min( [MASK], visualAmountX + Math| [MASK], visualAmountX + Math.max(200 * delta, ( [MASK|visualAmountX -  [MASK] ) * 7 * delta)));
				animating =| MASK, visualAmountX - Math.max(200 * delta, (visualAmountX| [MASK] ) * 7 * delta)));
				animating = true;
			}| MASK ) visualScrollX( [MASK] );
			if (visualAmountY!= amountY|MASK );
			if (visualAmountY!= amountY) visualScrollY(amountY);| [MASK]  < 0) {
					setScrollbarsVisible(true);
					 [|visualScrollX(0);
					animating = true;
				} else if ( [|actorArea.width / actorWidth));
				} else if ( [MASK]  > max| MASK  < 0) scrollX(0);
					animating = true;
				| MASK  > maxX) {
					setScrollbarsVisible(true);
					 visualScrollX| visualScrollX(Math.max(0,  visualScrollX - Math.max(2| actorArea  / actorWidth)) * delta;
					if ( MASK  < maxX)| MASK  > maxX) scrollX(maxX);
					animating = true;
			| mouse wheel is scrolled. */
	protected float getMouseWheelY () {
		return|ob, @Null Drawable vScroll, @Null Drawable vScrollKnob) {
			this|]  = 0;
		visualAmountY = 0;
	}

	|;
		visualAmountX = <file_sep>/src/main/java/com/badlogic/|  / maxY, 0, 1);
	}

	public void setScroll|  = 0;
		if (centerHorizontal)
			 [MASK]  = x +|
		if (style.hScrollKnob!= null) hScrollKnob = style.|= MathUtils.clamp( [MASK], 0, maxX);

		float amount| = MathUtils.clamp( [MASK], y, y + height);
		scrollY|, x, x + width - actorArea.width);
		scrollX(MathUtils.|x, 0, maxX));

		float amountY = this.amountY;
	|  >= maxX;
	}

	public boolean isLeftEdge () {
		return| 0;
	}

	/** Returns true if the actor is larger than the scroll pane",
830,context,MASK,False,16,MASK|MASK|MASK|MASK|MASK|MASK|MASK|MASK|MASK|MASK|MASK|Builders|MASK|MASK|MASK|MASK," [MASK] ) {
        return getProcessor( [MASK],  [MASK].highlight"," [MASK] ) {
        return getProcessor( [MASK],  [MASK].highlight| [MASK].highlight() == null) {
            return null;
        }

        return getProcessor| [MASK],  [MASK].highlight());
    }

    @Override
    public FetchSub|[MASK].highlight(),  [MASK].parsedQuery().query());
    }

    @|MASK.parsedQuery().query());
    }

    @Override
    public FetchSubPhaseProcessor getProcessor| MASK, SearchHighlightContext highlightContext, Query query) {
        Map<String, Object> shared|MASK.getSearchExecutionContext().getHighlightFields();
        if (fieldContext == null) {
           |MASK, highlightContext, query, sharedCache);
        return new FetchSubPhaseProcessor() {
           |[MASK] Builders = fieldContext.builders;
                for (String field :  [MASK|MASK Builders.keySet()) {
                    FieldHighlightContext fieldContext =  [MASK] Builders|[MASK] Builders.get(field).apply(hitContext);
                    Highlighter highlighter =|Builders(
        FetchContext  [MASK],
        SearchHighlightContext highlightContext,
        Query query|[MASK],
        SearchHighlightContext highlightContext,
        Query query,
        Map<String,|[MASK].getSearchExecutionContext().getMatchingFieldNames(field.field());
            if (|MASK.getSearchExecutionContext().getMapperService().fieldType(fieldName);
                if (fieldType == null|MASK.getSearchExecutionContext().getMapperService().documentMapper(),
                        hc,
                        highlightQuery ==",
831,bucket,MASK,False,11,"MASK|MASK|MASK|A|A|A|A|[0,1]|MASK|MASK|thresholds"," [MASK] A = ZeroBucket.create(3.0, 10);
        assertThat"," [MASK] A = ZeroBucket.create(3.0, 10);
        assertThat|MASK.zeroThreshold(), equalTo(3.0));
        assertThat( MASK.isIndexBased(),| MASK.count(), equalTo(42L));
        assertThat(  MASK.isIndexBased(),| A = ZeroBucket.create(3.0, 10);
        ZeroBucket  [|A = ZeroBucket.create(3.0, 10);
        ZeroBucket  B|A A.merge( [MASK] B);
        assertThat(merged.zeroThreshold(), equalTo(| A B);
        assertThat(merged.zeroThreshold(), equalTo(3.0));
        assertThat(|  [0,1]
        );

        ZeroBucket  [MASK] A = ZeroBucket.| MASK = ZeroBucket.minimalWithCount(42);
        assertThat(MASK.zeroThreshold(),|MASK A.merge(histo.positiveBuckets().get(0));
        assertThat(merged.|thresholds 2.0 and 4.0 should be equal
        assertEqualsContract(ZeroBucket",
832,workerOutputStream,MASK,False,15,MASK|MASK|MASK|MASK|MASK|MASK|MASK|MASK|MASK|MASK|MASK|MASK|MASK|MASK|MASK," [MASK]  = new PipedOutputStream(serverInputStream);
    multiplexer.setProcessFactory"," [MASK]  = new PipedOutputStream(serverInputStream);
    multiplexer.setProcessFactory| [MASK] );
     [MASK].flush();
    WorkResponse response = worker.getResponse(|[MASK].flush();
    WorkResponse response = worker.getResponse(1);
    assertThat(|[MASK]  = new PipedOutputStream(serverInputStream);
    multiplexer.setProcessFactory|[MASK] );
    fakedResponse1.writeDelimitedTo( [MASK] );
     [|MASK );
     [MASK].flush();

    assertThat(response1.get().getRequestId()).| MASK.flush();

    assertThat(response1.get().getRequestId()).isEqualTo(3);
   |MASK  = new PipedOutputStream(serverInputStream);
    multiplexer.setProcessFactory(params| MASK );
    fakedResponse1.writeDelimitedTo( MASK );
     MASK.flush();

   | MASK );
     MASK.flush();

    assertThat(response1.get().getRequestId()).isEqualTo(|MASK.flush();

    assertThat(response1.get().getRequestId()).isEqualTo(3);
   |MASK  = new PipedOutputStream(serverInputStream);
    multiplexer.setProcessFactory(params|MASK );
    fakedResponse1.writeDelimitedTo( MASK );
     MASK.flush();

   |MASK );
     MASK.flush();

    Thread[] proxyThreads = new Thread[2];
    Executor|MASK.flush();

    Thread[] proxyThreads = new Thread[2];
    Executor executor = Exec",
833,attribute,MASK,False,3,MASK|ClassConstants|field,"[MASK].attribute.*;
import proguard.classfile. [MASK].attribute.","[MASK].attribute.*;
import proguard.classfile. [MASK].attribute.|ClassConstants;
import proguard.classfile.attribute.*;
import proguard.classfile|field, Attribute attribute)
    {
        // Ignore all other attributes.
    }


    public void visit",
834,docIds,MASK,False,4,MASK|docsBuilder|MASK|MASK," [MASK]  = new ArrayList<>(positionCount);
            List<Integer>  [MASK]"," [MASK]  = new ArrayList<>(positionCount);
            List<Integer>  [MASK]|docsBuilder.appendInt(docVector.docs().getInt(i));
                MASK.add(|MASK, random());
            for (Integer d :  [MASK] ) {
                docsBuilder.|MASK ) {
                shardsBuilder.appendInt(docVector.shards().getInt(d));",
835,allocator,long,False,2,long|dataSourceFactory,", long startPositionUs) {
    MediaSourceEventListener.EventDispatcher mediaSourceEventDispatcher = createEventDispatcher(id",", long startPositionUs) {
    MediaSourceEventListener.EventDispatcher mediaSourceEventDispatcher = createEventDispatcher(id|   dataSourceFactory,
        mediaTransferListener,
        cmcdConfiguration,
        drmSessionManager,
       ",
836,response,response,True,3,response|response|response,"response) {
			return handleInternal(request, response);
		}

		private Mono","response) {
			return handleInternal(request, response);
		}

		private Mono|response );
			}
			else if (path.startsWith(""/cloudfoundryapplication/cloudfoundryapplication""))|response );
			}
		}

	}

	private static final class CloudFoundry",
837,valuePerShardCounter,MASK,False,4,MASK|MASK|MASK|MASK,[MASK]<file_sep>/server/src/main/java/org/elasticsearch/index/mapper,"[MASK]<file_sep>/server/src/main/java/org/elasticsearch/index/mapper|[MASK]<file_sep>/server/src/main/java/org/elasticsearch/index/mapper|   MASK  = 0;
            }
        }

        if ( [MASK] != | MASK != 0) {
            shardResults.add(new InternalMatrixStats(""_name"",",
838,expectedKeys,new,False,3,new|expected|put," = new ArrayList<>(keys);

        SpliteratorTester.runBasicIterationTests_unordered(keys."," = new ArrayList<>(keys);

        SpliteratorTester.runBasicIterationTests_unordered(keys.| expected) {}
        // We should get a CME and DO NOT continue forEach evaluation
        assertEquals(|.put(""q"", ""17"");
        hashMap.put(""r"", ""18",
839,stats,MASK,False,4,MASK|MASK|settings|MASK," [MASK]  = entityAsMap(client().performRequest(new Request(""GET"", ""/"," [MASK]  = entityAsMap(client().performRequest(new Request(""GET"", ""/|MASK = entityAsMap(client().performRequest(new Request(""GET"", ""/test/_ [|settings"")));
            } catch (IOException e) {
                throw new RuntimeException(e);
            }
           |MASK.get(""indices"");
            Map<?,?> theIndex = (Map<?,?>) indices.",
840,myMap,String,False,3,String|assertTrue|);,"<String, String> hm2 = new LinkedHashMap(hm);
        assertTrue(""Clone answered equivalent LinkedHashMap","<String, String> hm2 = new LinkedHashMap(hm);
        assertTrue(""Clone answered equivalent LinkedHashMap|   assertTrue(""Failed to construct correct LinkedHashMap"", hm
                  .get(objArray2[counter])|);
        LinkedHashMap hm2 = new LinkedHashMap( hm );
        for (int counter = 0;",
841,descriptor,link,False,12,link|MASK|MASK|MASK|MASK|MASK|link|MASK|MASK|MASK|MASK|MASK,"{@link Descriptor} should be visible to the user.
     *
     * @param contextClass The","{@link Descriptor} should be visible to the user.
     *
     * @param contextClass The| [MASK]  is evaluated.
     *                   For example, if Jenkins is deciding whether a| [MASK] 
     *    <file_sep>/core/src/main/java/hudson/model| MASK  to be visible. false to hide it.
     * If any of the installed {@link| MASK is not shown.
     */
    public boolean filter(@CheckForNull Object context, @NonNull|MASK) {
        return true;
    }

    /**
     * Decides if the given  [| link  should be visible to the user.
     *
     * @param context
     *      The|MASK  is evaluated.
     *      For example, if Hudson is deciding whether a {@|MASK  Descriptor whose visibility is evaluated. Never null.
     * @return true to allow the | MASK  to be visible. false to hide it.
     *      If any of the installed {@| MASK  is not shown.
     *
     * @since 1.393
     *|MASK );

    /**
     * Returns true if the given {@link Descriptor} is visible to the user",
842,runnable,MASK,False,4,MASK|MASKe|MASK|MASKe,"[MASK]<file_sep><fim_prefix><fim_suffix>e.
 */

package j2objc.java.util","[MASK]<file_sep><fim_prefix><fim_suffix>e.
 */

package j2objc.java.util| MASK<file_sep><fim_prefix><fim_suffix>e.
 */

package j2objc.java.util;
| MASK ) {
     [MASK].run();
  }

  @AutoreleasePool
  private| MASKe.run();
  }

  @AutoreleasePool
  private static void runInAut",
843,get_nf,NumberFormat,False,2,NumberFormat|equals," = NumberFormat.getInstance(new ULocale(""en_US""));
            if (! [MASK]."," = NumberFormat.getInstance(new ULocale(""en_US""));
            if (! [MASK].|.equals(expected)) {
            errln((String) ""FAIL: -> "" + result.",
844,fields,link,False,17,link|in|link|fields|filterFields|filterFields|MASK|MASK|MASK|MASK|MASK|MASK|filterFields|filterFields|in|method|method,"{@link FieldInfo}<file_sep>/*
 * Copyright Elasticsearch B.V. and/or licensed to","{@link FieldInfo}<file_sep>/*
 * Copyright Elasticsearch B.V. and/or licensed to|in The input MergeState.
     * @param  [MASK]  The  [MASK]|{@link MergeState}<file_sep>/server/src/main/java/org/elasticsearch/index|fields.
     */
    static MergeState restrictFields(MergeState in, Collection<String> filter|filterFields) {
        return new MergeState(
            in.docMaps,
            in.segment|filterFields);
        }
        var  [MASK] = new FieldsProducer[in. [MASK|[MASK] Producers = new FieldsProducer[in. [MASK] Producers.length];|[MASK] Producers.length];
        for (int i = 0; i < in| MASK Producers.length; i++) {
            MASK Producers[i] = in. MASK| MASK Producers[i] = in. MASK Producers[i] == null? null :| MASK Producers[i] == null? null : new FilterFieldsProducer(in. MASK Pro| MASK Producers[i],  filterFields );
        }
        var  [MASK] Producers|filterFields );
        }
        var  [MASK] Producers = new FieldsProducer[in.|filterFields );
        var fieldInfos = new FieldInfos[in.fieldInfos.length];
       |in.segmentDocValues,
            MASK<file_sep><fim_prefix><fim_suffix>e.index.IndexService;
import|method in FieldInfos
        private static FieldInfo[] toArray(FieldInfos src) {
            Field|method  is being called
        private static FieldInfo[] toArray(FieldInfos src) {
           ",
845,timeout,{,False,19,{|MASK|MASK|MASK|MASK|MASK|MASK|MASK|MASK|MASK|MASK|MASK|MASK|MASK|MASK|MASK|MASK|MASK|unit," {
 *           // stopping timed out
 *         }
 *       }
 *     });"," {
 *           // stopping timed out
 *         }
 *       }
 *     });|  [MASK]  the maximum time to wait
   * @throws TimeoutException if not all of|  [MASK] ) throws TimeoutException {
    awaitHealthy(toNanosSaturated|MASK), NANOSECONDS);
  }

  /**
   * Waits for the {@link| [MASK]  the maximum time to wait
   * @param unit the time unit of the | MASK  argument
   * @throws TimeoutException if not all of the services have finished starting within the|  [MASK], TimeUnit unit) throws TimeoutException {
    monitor.enter();
    try {
     | [MASK], unit);
  }

  /**
   * Returns true if all services are currently in the| MASK  the maximum time to wait
   * @throws TimeoutException if not all of the services have|  MASK, TimeUnit unit) throws TimeoutException {
    state.awaitStopped( MASK, unit);| MASK ), unit);
  }

  /**
   * Returns the set of services that are in the given| MASK  the maximum time to wait
   * @param unit the time unit of the  MASK | MASK  argument
   * @throws TimeoutException if not all of the services have stopped within the deadline| MASK, TimeUnit unit) throws TimeoutException {
    state.awaitStopped( MASK, unit);
 | MASK, unit);
  }

  /**
   * Returns true if all services are currently in the {@|  MASK, TimeUnit unit) throws TimeoutException {
      monitor.enter();
      try {
        if| MASK, unit)) {
          throw new TimeoutException(
              ""Timeout waiting for the services to become|  MASK, TimeUnit unit) throws TimeoutException {
      monitor.enter();
      try {
        if|, unit)) {
          throw new TimeoutException(
              ""Timeout waiting for the services to stop.",
846,loader,MASK,False,10,MASK|MASK|MASK|MASK|MASK|MASK|MASK|MASK|MASK|MASK," [MASK]<file_sep><fim_prefix><fim_suffix>eption {
        return new MockMethodInterceptor(mockHandler, mock"," [MASK]<file_sep><fim_prefix><fim_suffix>eption {
        return new MockMethodInterceptor(mockHandler, mock| [MASK]<file_sep><fim_prefix><fim_suffix>eption {
        return new MockMethodInterceptor(mockHandler, mock|    [MASK]<file_sep><fim_prefix><fim_suffix>eption {
        return new DefaultMockitoPlugins();
    }
| MASK.getResources(""mockito-extensions/"" + service.getName());
        } catch (IOException e)|[MASK]<file_sep><fim_prefix>/src/main/java/org/mockito/internal/util/| MASK  = Thread.currentThread().getContextClassLoader();
        if ( MASK  == null) {
            | MASK  == null) {
             MASK  = ClassLoader.getSystemClassLoader();
        }
        Enumeration<|MASK  = ClassLoader.getSystemClassLoader();
        }
        Enumeration<URL> resources;
        try {| MASK.getResources(""mockito-extensions/"" + service.getName());
        } catch (IOException e)|MASK.loadClass(classOrAlias);
                addReads(pluginClass);
                Object plugin =",
847,newReplica,e,False,15,e|MASK|getTranslog|MASK|MASK|replica|replica|replica|shard|e|MASK|MASK|replica|MASK|MASK,"<file_sep><fim_prefix><fim_suffix>e.get(0).getShardId().getIndexName(), equalTo(indexName","<file_sep><fim_prefix><fim_suffix>e.get(0).getShardId().getIndexName(), equalTo(indexName| [MASK], (r, sourceNode) -> new RecoveryTarget(r, sourceNode,| getTranslog( [MASK] )
               <file_sep><fim_prefix><fim_suffix>e.get(0).getShard|  [MASK]<file_sep><fim_prefix><fim_suffix>e.get(0).getShardId().getIndexName(),| [MASK] );
            assertThat( [MASK].recoveryState().getTranslog().recovered|replica.recoveryState().getIndex().fileDetails(), not(empty()));
            boolean softDeletesEnabled =|replica).totalOperations(), equalTo(softDeletesEnabled? 0 : numDocs));
            shards|replica.recoveryState().getIndex().fileDetails(), empty());
            assertThat(replica.recoveryState().|shard.routingEntry().toString(), getDocIdAndSeqNos(shard), equalTo(docs|<file_sep><fim_prefix><fim_suffix>e.get(0).getShardId().getIndexName(), equalTo(indexName| MASK );
            try (Translog.Snapshot snapshot = getTranslog( [MASK] ).new|[MASK]<file_sep><fim_prefix><fim_suffix>e.get(0).getShardId().getIndexName(), equalTo|(replica = group.addReplicaWithExistingPath(replica.shardPath(), replica.routingEntry| MASK.recoveryState().getTranslog().recoveredOperations(), equalTo(uncommittedDocs + more| MASK.recoveryState().getIndex().fileDetails(), empty());
            shards.assertAllEqual(",
848,request,MASK,False,7,MASK|MASK|MASK|MASK|service|MASK|MASK,"[MASK]  = service.getRequestToken();
        System.out.println(""Got the Request","[MASK]  = service.getRequestToken();
        System.out.println(""Got the Request| [MASK] Token);
        System.out.println(authorizationUrl);
        System.out.| MASK Token, oauthVerifier);
        System.out.println(""Got the Access Token!"");
        System|[MASK] = new OAuthRequest(Verb.GET, PROTECTED_RESOURCE_URL);|service.signRequest(accessToken,  [MASK] );
        try (Response response = service.|MASK );
        System.out.println(""Signed request: "" +   );
        System.out| MASK )) {
            System.out.println(""Got it! Lets see what we found..."");",
849,e1size,e1size,True,2,e1size|e1size,"e1size = countEnumerationElements(e1);
        assertThat(""expect no elements from the original","e1size = countEnumerationElements(e1);
        assertThat(""expect no elements from the original|e1size, is(1));
        // now remove the jar
        pw.removeJars",
850,field,name,False,5,name|MASK|)) {|MASK|value,"name = line.subSequence(0, equal);
            String value = line.substring(equal","name = line.subSequence(0, equal);
            String value = line.substring(equal|[MASK] )) {
                row = Integer.parseInt(value);
            } else if (""cell|)) {
                cellIndex = Integer.parseInt(value);
            } else if (""new"".equals|[MASK] ) && value.length() > 0) {
                newCell = Cell.|) && value.length() > 0) {
                oldCell = Cell.loadStreaming(",
851,allMethodsAndStaticVars,MASK,False,5,MASK|}|return|return|) {,"  [MASK]  = new ArrayList<>();
    for (MethodAndStaticVar item : staticOverrides","  [MASK]  = new ArrayList<>();
    for (MethodAndStaticVar item : staticOverrides| }
    return false;
  }

  private static final class MethodSignature {
    private final TypeName| return Objects.hash(name, returnType, parameterTypes, isStatic);
    }
  }

 | return false;
    }
  }

  private static final class MethodSignature {
    private final TypeName|) {
      return Objects.hashCode(name, returnType, parameterTypes, isStatic);
    }",
852,pictureData,MASK,False,16,MASK|MASK|MASK|MASK|MASKe|MASK|MASK|MASK|MASK|MASKe|MASK|MASKe|MASK|MASKe|MASK|MASKe," [MASK] ;

  /**
   * The type of the picture.
   *
   * @deprecated"," [MASK] ;

  /**
   * The type of the picture.
   *
   * @deprecated|[MASK] ) {
    this(pictureType, mimeType, description, width, height, depth| [MASK]  =  [MASK] ;
  }

  public PictureFrame(
      int picture|MASK ;
  }

  public PictureFrame(
      int pictureType,
      String mimeType,
      String|MASK<file_sep><fim_prefix><fim_suffix>e.
 */
package com.google.android.exoplayer2| MASK, mimeType);
  }

  /**
   * Returns the MIME type of the picture.
   *|MASK, other. [MASK] );
  }

  @Override
  public boolean equals(@Nullable Object| MASK );
  }

  @Override
  public int describeContents() {
    return 0;
 |MASK );
    result = 31 * result + Arrays.hashCode( [MASK]<file_sep><fim_prefix>|MASK<file_sep><fim_prefix><fim_suffix>e.
 */
package com.google.android.exoplayer2|[MASK] Length = pictureBlock.readInt();
    byte[]  [MASK]  = new|MASK<file_sep><fim_prefix><fim_suffix>e.
   * @param value The value to be written.
   */
 |MASK Length];
    pictureBlock.readBytes( [MASK], 0,  [MASK| MASKe, 0,  [MASK] Length);

    return new PictureFrame(
        picture|MASK Length);

    return new PictureFrame(
        pictureType, mimeType, description, width, height|MASKe );
  }

  /**
   * Parses a {@code METADATA_BLOCK_PICTURE",
853,className,className,True,2,className|className,"className = metadataReader.getClassMetadata().getClassName();
		ResolvedType resolvedType = this.","className = metadataReader.getClassMetadata().getClassName();
		ResolvedType resolvedType = this.|className.replace('.', '/'), null, null, null<file_sep><fim_prefix><fim_suffix>e.
 */

",
854,staticMethodsForExtensions,instanceMethodsForExtensions,False,2,instanceMethodsForExtensions|return," instanceMethodsForExtensions =
        FluentIterable.from(
                requestOptionsExtensionGenerator.generateInstanceMethods"," instanceMethodsForExtensions =
        FluentIterable.from(
                requestOptionsExtensionGenerator.generateInstanceMethods|""return new $T().$L("", processorUtil.getParameters(parameters));

    FieldSpec required",
855,includeQueuedWatches,includeQueuedWatches,True,3,includeQueuedWatches|includeQueuedWatches|includeQueuedWatches,"includeQueuedWatches) {
        request().includeQueuedWatches(includeQueuedWatches);
       ","includeQueuedWatches) {
        request().includeQueuedWatches(includeQueuedWatches);
       |includeQueuedWatches(includeQueuedWatches);
        return this;
    }

    public Watcher|includeQueuedWatches );
        return this;
    }

    public WatcherStatsRequestBuilder setIncludeWatch",
856,canvas,canvas,True,2,canvas|canvas,"canvas = new Canvas(destBitmap);
    canvas.drawBitmap(sourceBitmap, 0,","canvas = new Canvas(destBitmap);
    canvas.drawBitmap(sourceBitmap, 0,|canvas
     <file_sep><fim_prefix><fim_suffix>eference<CloseableImage> imageReference =
          CloseableReference.of",
857,branchInstruction,MASK,False,2,MASK|MASK,"   [MASK] =
                            new BranchInstruction(InstructionConstants.OP_GOTO_W,
                                                 ","   [MASK] =
                            new BranchInstruction(InstructionConstants.OP_GOTO_W,
                                                 | MASK);

                        return;

                    case InstructionConstants.OP_ATHROW:
                        // Are we not",
858,minSdkVersion,minSdkVersion,True,6,minSdkVersion|SDK_VERSION|MASK|MASK|minSdkVersion|MASK,"minSdkVersion"";
    private static final String XML_NODEATTR_TARGET_SDK_VERSION =","minSdkVersion"";
    private static final String XML_NODEATTR_TARGET_SDK_VERSION =|SDK_VERSION
            final String oldMinSdkVersion = oldAndroidManifest.apkMeta.getMinSdk|   [MASK]  = Integer.parseInt(oldAndroidManifest.apkMeta.getTargetSdkVersion|(MASK & TypedValue.ANDROID_40_API_LEVEL)!= 0) {|minSdkVersion is below 14, you should set the dexMode to 'jar', "")|MASK  + "" is below 14, you should set the dexMode to 'jar',",
859,interval,interval,True,5,interval|interval|interval|interval|interval,"interval = Duration.ofMinutes(5);

			/**
			 * Delay of a sniff execution","interval = Duration.ofMinutes(5);

			/**
			 * Delay of a sniff execution|interval;
			}

			public void setInterval(Duration interval) {
				this.interval|interval) {
				this. interval  =  interval ;
			}

			public Duration|interval  =  interval ;
			}

			public Duration getDelayAfterFailure() {
			|interval ;
			}

			public Duration getDelayAfterFailure() {
				return this.",
860,oldValues,MASK,False,6,MASK|size|MASK|MASK|MASK|MASK," [MASK]  = new ArrayList<>(multimap().get(k0()));
    List<V"," [MASK]  = new ArrayList<>(multimap().get(k0()));
    List<V|size, multimap().size());
    assertEquals( [MASK], new ArrayList<V>(mult|[MASK].size() + multimap().get(k0()).size(), multimap().| MASK  = new ArrayList<>(multimap().get(k0()));
    List<V> values| MASK, new ArrayList<V>(multimap().replaceValues(k0(), values)));
    assertEquals| MASK.size(), multimap().size());
    assertTrue(multimap().get(k0()).",
861,texture,texture,True,6,texture|texture|texture|atlasRegions|MASK|MASK,"texture : atlas.getTextures()) {
			FileTextureData file = (FileTextureData)","texture : atlas.getTextures()) {
			FileTextureData file = (FileTextureData)|texture.getTextureData();
			regionsPanel.add(new TexturePanel(file, get|texture, getRegions( texture, atlasRegions, regions)));
		}
		for (Texture|atlasRegions, regions)));
		}
		layout.first(regionsPanel);
		this|[MASK], Array<AtlasRegion> atlasRegions, Array<TextureRegion> out) {|MASK ) out.add(region);
		}
		return out;
	}

",
862,vertexNumbers,/*,False,4,/*|MASK|);|);," <file_sep>/*
 * Copyright Elasticsearch B.V. and/or licensed to Elasticsearch B.V"," <file_sep>/*
 * Copyright Elasticsearch B.V. and/or licensed to Elasticsearch B.V|   //  [MASK] .put(vertex,  [MASK].size());
               |);
            builder.field(VERTEX_ID.getPreferredName(), vertex.getId().toString());|);
            builder.endObject();
        }
        builder.endArray();
        builder.endObject",
863,relation,as,False,11,as|MASK|MASK|precedingLimitTestPlan|MASK|MASK|MASK|MASK|MASK|MASK|MASK,"as;
import static org.elasticsearch.xpack.esql.optimizer.LocalLogicalPlan","as;
import static org.elasticsearch.xpack.esql.optimizer.LocalLogicalPlan| [MASK]  =  [MASK] ().withAttributes(List.of(a, b|[MASK] ().withAttributes(List.of(a, b));

        for (PushDown|precedingLimitTestPlan);

            LogicalPlan optimizedPlan = optimizePlan(pushableLimit);|MASK );
            }
        }
    }

    public void testPushableLimitWithJoin() {
       | MASK  =  MASK ().withAttributes(List.of(a, b));

        for (|MASK ().withAttributes(List.of(a, b));

        for (PushDownLimitTestCase|MASK );
            LogicalPlan nonPushableLimitTestPlan = nonPushableLimitTestCase.buildPlan|MASK  =  MASK ().withAttributes(List.of(a, b));

        for (|MASK ().withAttributes(List.of(a, b));

        for (PushDownLimitTestCase|MASK );
            LogicalPlan duplicatingLimitTestPlan = duplicatingTestCase.buildPlan(",
864,newChild,field,False,2,field|field,"field, ZoneId zoneId) {
        return new DayOfMonth(source(), field, zoneId","field, ZoneId zoneId) {
        return new DayOfMonth(source(), field, zoneId|field, zoneId());
    }

    @Override
    protected DayOfMonth replaceChild(ZoneId zone",
865,validationException,e,False,8,e|ee|e|MASK|e|ee|e|e,"<file_sep><fim_prefix><fim_suffix>e.get(0).get(""name"").value();
        assertEquals(""node1","<file_sep><fim_prefix><fim_suffix>e.get(0).get(""name"").value();
        assertEquals(""node1|e<file_sep><fim_prefix><fim_suffix>e.get(0).getShardId().getIndexName(), equalTo(""test|e);
        }
        if (transientSettings.isEmpty() && persistentSettings.isEmpty()) {
            |[MASK]  = addValidationError(error,  [MASK] );
        }
        for (| e );
        }
        for (String error : Loggers.checkRestrictedLoggers(persistentSettings|ee  = addValidationError(error,  e );
        }
        return  e ;
    }| e );
        }
        return  e ;
    }

    @Override
    public ClusterUpdateSettingsRequest| e ;
    }

    @Override
    public ClusterUpdateSettingsRequest copy() {
        return new Cluster",
866,dateText,ring,False,2,ring|8514,"ring = simpleDateFormat.format(cal.getTime());
        if (!result.equals(item.","ring = simpleDateFormat.format(cal.getTime());
        if (!result.equals(item.|8514
        String  ring  = new String(""98MON01"");

       ",
867,requestOptionsExtensionGenerator,=,False,3,=|processorUtil|processorUtile,"  =
        new RequestOptionsExtensionGenerator(glideOptionsName, processorUtil);
    List<Method","  =
        new RequestOptionsExtensionGenerator(glideOptionsName, processorUtil);
    List<Method|   processorUtil.findInstanceMethodsReturning(requestOptionsType, requestOptionsType),
                new|   processorUtil<file_sep><fim_prefix><fim_suffix>e.get(i);
      if (key.equals(key",
868,nonPushableLimitValue,nonPushableLimitValue,True,3,nonPushableLimitValue|nonPushableLimitValue|nonPushableLimitValuee,"    nonPushableLimitValue = randomIntBetween(1, 10_000","    nonPushableLimitValue = randomIntBetween(1, 10_000|nonPushableLimitValue, INTEGER), nonPushableLimitTestPlan);
            Limit optimizedPlan =| nonPushableLimitValue<file_sep><fim_prefix><fim_suffix>e.xpack.esql.expression.function.",
869,allowChunklessPreparation,MASK,False,12,MASK|MASK|MASK|MASK|MASK|MASK|MASK|;|;|private|long|isDynamic,"  [MASK] ;
    private @MetadataType int metadataType;
    private boolean useSessionKeys","  [MASK] ;
    private @MetadataType int metadataType;
    private boolean useSessionKeys| MASK =  [MASK] ;
    }

    /**
     * Sets the {@link HlsExtractor| MASK  Whether chunkless preparation is allowed.
     * @return This factory, for convenience.
    | MASK) {
      this. [MASK]  =  [MASK] ;
      return this;| MASK  =  MASK ;
      return this;
    }

    /**
     * Sets the type of| MASK ;
      return this;
    }

    /**
     * Sets the offset between {@link SystemClock|MASK]<file_sep><fim_prefix><fim_suffix>e.
   *
   * @param mediaItem The {@link MediaItem|;
  private LiveConfiguration liveConfiguration;

  private HlsMediaSource(
      MediaItem mediaItem|;
  private final long elapsedRealTimeOffsetMs;
  private final MediaItem mediaItem;
 | private final long timestampAdjusterInitializationTimeoutMs;

  public HlsMediaSource(
      MediaItem| */ long elapsedRealTimeOffsetMs,
      boolean  ;,
      @MetadataType int metadataType|   /* isDynamic= */ false,
            /* suppressPositionProjection= */ true,
            manifest,",
870,atomicBoolean,MASK,False,8,MASK|MASK|ex|MASK|MASK|MASK|Setting|foo," [MASK]  = new AtomicReference<>(null);
        ClusterSettings.SettingUpdater<Boolean>"," [MASK]  = new AtomicReference<>(null);
        ClusterSettings.SettingUpdater<Boolean>| [MASK] ::set, logger);
        Settings build = Settings.builder().put(""foo.|ex.getCause());
    }

    public void testSimpleUpdateOfFilteredSetting() {
        Setting| MASK.get());
    }

    public void testSimpleUpdateOfFilteredSetting() {
        Setting<| MASK  = new AtomicReference<>(null);
        ClusterSettings.SettingUpdater<Boolean> settingUpdater| [MASK] ::set, logger);
        settingUpdater.apply(Settings.builder().put(""|Setting<Float> setting = Setting.floatSetting(""foo.bar"", 1, Property.|foo.bar.b"", 5).build();
        assertTrue(settingUpdater.apply(build",
871,receiverClass,src,False,3,src|clazz|classA,<file_sep>/src/main/java/org/codehaus/groovy/runtime/typehandling/Default,"<file_sep>/src/main/java/org/codehaus/groovy/runtime/typehandling/Default|clazz, clazz, clazz);
                    return map;
                } catch (ReflectiveOperationException e) {|classA + ""] and ["" + classB + ""]"");
        }
        return handle;
    }",
872,defaultValue,e,False,2,e|e," e) {
        if (e == null)
            throw new NullPointerException();
        int hash = hash"," e) {
        if (e == null)
            throw new NullPointerException();
        int hash = hash|e.value;
    }

    /**
     * {@inheritDoc}
     *
     * <p>",
873,inline,inline,True,5,inline|MASK|MASK|MASK|isInline,"inline"");
        ParseField ID = new ParseField(""id"");
        ParseField NAME = new Parse","inline"");
        ParseField ID = new ParseField(""id"");
        ParseField NAME = new Parse| [MASK]  = false;
        String contentType = null;
        HttpRequestTemplate requestTemplate = null|MASK  = parser.booleanValue();
            } else if (Fields.REQUEST.match(current| MASK, contentType);
        }

        throw new ElasticsearchParseException(""Could not parse http request attachment"");
   |isInline()
                );
            } else if (response.status() == RestStatus.NO_",
874,level,MASK,False,14,MASK|MASK|MASK|MASK|MASK|MASK|MASK|MASK|MASK|MASK|MASK|MASK|MASK|MASK," [MASK]  "", ""level<file_sep>/*
 * Copyright Elasticsearch B.V. and/or"," [MASK]  "", ""level<file_sep>/*
 * Copyright Elasticsearch B.V. and/or| [MASK]<file_sep>/x-pack/plugin/core/src/main/java/org| [MASK]  = in.readString();
        pid = in.readVLong();
        thread| [MASK] );
        out.writeVLong(pid);
        out.writeString(thread);|MASK );
        builder.field(TIMESTAMP_FIELD.getPreferredName(), timestamp.toEpochMilli| MASK ;
    }

    public String getLevelAsString() {
        return  [MASK]<file_sep>/|MASK ) {
        this. [MASK]  =  [MASK] ;
    }

    public| MASK  =  MASK ;
    }

    public String getMask() {
        return  MASK ;| MASK ;
    }

    public String getLevelAsString() {
        return  MASK<file_sep>/x-|MASK.equals(other. [MASK] );
    }

    /**
     * Definition of similar message| MASK )
            && pid == other.pid && thread.equals(other.thread) && message|MASK, pid, thread, message, clazz, method, file, line);
    }

    @| MASK, that. MASK )
            && this.pid == that.pid
            && Objects.equals| MASK )
            && Objects.equals(this.pid, that.pid)
            && Objects.",
875,onreturnMethod,MASK,False,5,MASK|MASK|MASK|MASK|MASK," [MASK] ;

    // callback instance when async-call is returned
    private Object onreturnInstance"," [MASK] ;

    // callback instance when async-call is returned
    private Object onreturnInstance| [MASK] ;
    }

    public void setOnreturnMethod(Method  [MASK] )| MASK ) {
        this.  MASK  =  MASK ;
    }

    public Object getOn| MASK  =  MASK ;
    }

    public Object getOnreturnInstance() {
        return on| MASK ;
    }

    public Object getOninvokeInstance() {
        return oninvokeInstance;
   ",
876,intValues,{,False,4,{|);|0));|0));,"{
            assertEquals(""1"", value.get(0));
            assertEquals(""2"", value.get","{
            assertEquals(""1"", value.get(0));
            assertEquals(""2"", value.get|"");
        assertEquals(""foo,bar"", value.get(0));

        value = listSetting.|0));
        assertEquals(1, value.size());
        assertEquals(""1"", value.get(|0));
        assertTrue(listSetting.exists(builder.build()));

        builder = Settings.builder",
877,whitelists,e,False,3,e|e|e,"     <file_sep><fim_prefix><fim_suffix>e.get(0).get(""name"").getAsString());
        assertEquals(""","     <file_sep><fim_prefix><fim_suffix>e.get(0).get(""name"").getAsString());
        assertEquals(""|e.add(WhitelistLoader.loadFromResourceFiles(PainlessPlugin.class, ""|e );
        contexts.put(TestSearchScript.CONTEXT,  e );
        contexts.put",
878,observer,s,False,2,s|se,"s) {
        source.subscribe(new MaterializeSingleObserver<>(s));
    }

    @","s) {
        source.subscribe(new MaterializeSingleObserver<>(s));
    }

    @|s<file_sep><fim_prefix><fim_suffix>e.rxjava3.core.Single;

/**
 * Returns",
879,moRef,observer,False,3,observer|observer|observer,observer      <file_sep>/src/main/java/io/reactivex/rxjava3/internal/,"observer      <file_sep>/src/main/java/io/reactivex/rxjava3/internal/|   observer.onError(new TestException(""inner""));
                        }
                    };
                }
            })
           |   observer.get().onError(new TestException(""inner""));

            TestHelper.assertUndeliver",
880,annotatedElement,MASK,False,6,MASK|MASK|MASK|MASK|MASK|MASK," [MASK],
            Class<? extends Annotation> annotationType, String expectedAnnotationString) {
       "," [MASK],
            Class<? extends Annotation> annotationType, String expectedAnnotationString) {
       |[MASK].getDeclaredAnnotation(annotationType);
        assertAnnotationMatches(annotation, expectedAnnotationString|[MASK], Class<? extends Annotation> annotationType,
            String[] expectedAnnotationStrings) {|MASK.getDeclaredAnnotationsByType(annotationType);
        assertAnnotationsMatch(annotations, expectedAnnotationStrings);|MASK,
            Class<? extends Annotation> annotationType, String[] expectedAnnotationStrings)
            throws Exception|MASK<file_sep>/jre_emul/android/platform/libcore/ojluni/src",
881,slash,MASK,False,3,MASK|MASK|MASK,"  [MASK]  = file.lastIndexOf('/');
    while ( [MASK]  >= 0","  [MASK]  = file.lastIndexOf('/');
    while ( [MASK]  >= 0|MASK  >= 0) {
      String dir = file.substring(0,  [MASK|MASK );
      if (dirs.add(dir)) {
        addParentDirs(dir, z",
882,doConnect,MASK,False,4,MASK|if|ps|ps,"  [MASK]  = current.compareAndSet(null, new ReplayObserver<>(new Re","  [MASK]  = current.compareAndSet(null, new ReplayObserver<>(new Re| if (ps.shouldConnect.compareAndSet(false, true)) {
                    // we are the|!ps.isDisposed()) {
                ps.dispose();
            }
        }
    }

    /**|ps.shouldConnect.compareAndSet(true, false);
            if (ps.isDisposed())",
883,dataSource,dataSource,True,2,dataSource|dataSource,"dataSource) {
		this.jdbcTemplate = new JdbcTemplate(dataSource);
	}

","dataSource) {
		this.jdbcTemplate = new JdbcTemplate(dataSource);
	}

|dataSource );
	}

	@BeforeEach
	void clearPersonTable() {
		clear",
884,rowIndices,MASK,False,12,MASK|MASK|MASK|MASK|MASK|MASK|MASK|MASK|MASK|MASK|MASK|MASK," [MASK] ;

    public RowReorderChange(int[]  [MASK] ) {
       "," [MASK] ;

    public RowReorderChange(int[]  [MASK] ) {
       | [MASK] ) {
        _ MASK  =  [MASK] ;
    }

    public List| MASK  =  MASK ;
    }

    public RowReorderChange(int[]  MASK )| MASK ;
    }

    @Override
    public String getDescription() {
        return ""Reorder rows"";|[MASK] ) {
                newRows.add(oldRows.get(oldIndex));
           |MASK<file_sep>/main/src/com/google/refine/model/changes/ColumnRename|[MASK].size()));
        writer.write('\n');
        for (Integer index : _|MASK ) {
            writer.write(index.toString());
            writer.write('\n');
       | MASK  = null;

        String line;
        while ((line = reader.readLine())!= null| MASK  = new ArrayList<Integer>(count);
            } else if (""rowIndex"".equals(field| MASK .add(null);
                    }
                }
            } else {
                if ( MASK | MASK );

        if ( MASK  == null) {
            throw new Exception(""RowReorderChange",
885,meanTime,new,False,11,new|}|}|}|}|}|}|}|}|mzechner|},"  = new long[sampleSize];

		public void start (float x, float y,","  = new long[sampleSize];

		public void start (float x, float y,|}
	}

	static class VelocityTracker {
		int sampleSize = 1|}
	}

	static class VelocityTracker {
		int sampleSize = 1|		}

		public float getAverageVelocityX () {
			float meanX = get|}
}

static class VelocityTracker {
	int sampleSize = 10|}
	}

	static class VelocityTracker {
		int sampleSize = 1|}
	}

	static class VelocityTracker {
		int sampleSize = 1|}
	}

	static class VelocityTracker {
		int sampleSize = 1|}
	}

	static class VelocityTracker {
		int sampleSize = 1|mzechner */
	public static class GestureDetectorBuilder {
		float halfTapSquare|}
	}

	static class VelocityTracker {
		int sampleSize = 1",
886,toBytes,MASK,False,12,MASK|MASK|MASK|MASK|MASK|MASK|MASK|MASK|MASK|MASKt|MASK|MASKt," [MASK]  = new SerializingConverter();
		byte[] bytes =  [MASK]"," [MASK]  = new SerializingConverter();
		byte[] bytes =  [MASK]| [MASK].convert(""Testing"");
		DeserializingConverter fromBytes = new DeserializingConverter|[MASK]  = new SerializingConverter(new DefaultSerializer());
		byte[] bytes =| MASK.convert(""Testing"");
		DeserializingConverter fromBytes = new DeserializingConverter();
	| [MASK]  = new SerializingConverter();
		assertThatExceptionOfType(SerializationFailedException.class| MASK.convert(new Object()));
	}

	@Test
	void nonSerializablePayload|[MASK]  = new SerializingConverter();
		assertThatExceptionOfType(SerializationFailedException.class|MASK.convert(new UnSerializable()));
	}

	@Test
	void serializationFailure| MASK  = new SerializingConverter();
		String expected = ""SPRING FRAMEWORK"";
	|MASK<file_sep><fim_prefix><fim_suffix>t.
 *
 * @author 
 * @since 5.3|MASK  = new SerializingConverter();
		String expected = ""SPRING FRAMEWORK"";
	| MASKt.convert(expected))).isEqualTo(expected);
	}

	@Test
	",
887,yearLen,IntValue,False,9,IntValue|);|emp|);|newYearWeek|weekDef|newYearWeek|weekDef|weekDef,"IntValue(fieldValues.get(weekDef.weekBasedYear));
            int wowby =","IntValue(fieldValues.get(weekDef.weekBasedYear));
            int wowby =|);
            int wowby = weekDef.weekOfWeekBasedYear.range().checkValidIntValue|emp = temporal.range(DAY_OF_YEAR);
                int  [MASK]  =|);
            } else if (rangeUnit == FOREVER) {
                return localizedWeekBasedYear(| newYearWeek = computeWeek(offset,  [MASK]  + weekDef.getMinimal| weekDef.getMinimum()));
        }

        /**
         * Map the field range to a week range| newYearWeek  = (int)dayRange.getMaximum();
            int newYearWeek =| weekDef.getMinimalDaysInFirstWeek());
            if (week >= newYearWeek) {|weekDef.weekOfWeekBasedYear.range().getMaximum());
                return rangeWeekOfWeekBasedYear",
888,rowIndex,row,False,2,row|row,"row, int rowIndex, Row row) {
                Cell cell = row.getCell(cellIndex);","row, int rowIndex, Row row) {
                Cell cell = row.getCell(cellIndex);|row, column, cell, newCell);
                    cellChanges.add(cellChange);
                }",
889,ports,MASK,False,3,MASK|MASK|MASK,"[MASK] = new HashSet<>();
        for (final TransportAddress address : transportAddresses) {
           ","[MASK] = new HashSet<>();
        for (final TransportAddress address : transportAddresses) {
           | MASK.add(address.getPort());
        }
        assertThat( [MASK], equalTo(Int| MASK, equalTo(IntStream.range(9300, 9303).",
890,context,web,False,15,web|web|ServletWebServerFactory|boot|boot|MASK|MASK|MASK|MASK|MASK|MASK|MASK|MASK|MASK|MASK,"web.reactive.server.WebTestClient;
import org.springframework.boot.test.","web.reactive.server.WebTestClient;
import org.springframework.boot.test.|web.client.WebTestClient;
import org.springframework.boot.test. web<file_sep>|ServletWebServerFactory;
import org.springframework.boot.web.servlet.server.ServletWebServer|boot.test.context.runner.ApplicationContextRunner;
import org.springframework.boot.test|boot. test.context.runner.WebApplicationContextRunner;
import org.springframework.boot.|[MASK] ) -> {
			WebTestClient webTestClient = getWebTestClient(|MASK );
			webTestClient.get().uri(""/actuator/e1"").exchange().|[MASK] ) -> {
			WebTestClient webTestClient = getWebTestClient(|MASK );
			webTestClient.post().uri(""/actuator/e1"").exchange().|MASK ) -> {
			WebTestClient webTestClient = getWebTestClient( MASK );|MASK );
			webTestClient.get().uri(""/actuator/e1"").exchange().|MASK ) -> {
			WebTestClient webTestClient = getWebTestClient( MASK );|MASK );
			webTestClient.get().uri(""/actuator"").exchange().expectStatus().|MASK ) {
		return getWebTestClient( MASK.getWebApplicationContext());
	}|MASK.getWebApplicationContext();
		assertThat(webServer).isNotNull();
		int port =",
891,strings,AM,False,11,AM|195.|Mar|_length|;|i|dateString|h|);|is|lenient," 1997 10:42:28 AM GMT"", null, null"," 1997 10:42:28 AM GMT"", null, null|195.
     */
    @Test
    public void TestFormattingLocaleTimeSeparator() {
       | = {""Mar 15"", ""Mar 15 1997"", ""asdf| _length =  [MASK].length;
        DateFormat full = DateFormat.getDateTimeInstance|;
        int  _length _length =   [MASK].length;
        DateFormat full|i) {
            final String text =  [MASK] [i];
            for (int j| "" + dateString);
        if (!dateString.substring(0, expected.length()).equals| 1997 00 h 00 PDT"";
        logln(""Date|"");
        }

        {
            SimpleDateFormat fmt = new SimpleDateFormat(""MM/dd/yy z"");
           | + "" is returned for a Calendar field "" + Calendar.IS_LEAP_MONTH
                    +|lenient=true should have failed"");
        }

        // Set calendar to strict
        fmt.set",
892,innerFilterDocCount,innerFilterDocCount,True,3,innerFilterDocCount|innerFilterDocCount|innerFilterDocCount,"innerFilterDocCount = innerAgg.getDocCount();
            if (sampledDocCount == ","innerFilterDocCount = innerAgg.getDocCount();
            if (sampledDocCount == |innerFilterDocCount, equalTo(0L));
                assertThat(outerFilterDocCount, equalTo(|innerFilterDocCount * sampledDocCount / outerFilterDocCount ));
                assertThat(innerFilterDoc",
893,params,params,True,1,params,"params) throws IOException {
        return toXContent(builder, params, false);
    }

   ","params) throws IOException {
        return toXContent(builder, params, false);
    }

   ",
894,traceThreshold,traceThreshold,True,2,traceThreshold|traceThreshold,"traceThreshold) {
        this.indexTraceThreshold = traceThreshold.nanos();
    }

   ","traceThreshold) {
        this.indexTraceThreshold = traceThreshold.nanos();
    }

   |traceThreshold <file_sep>/server/src/main/java/org/elasticsearch/index/mapper",
895,snapshot,MASK,False,138,MASK|cluster|cluster|Index|xpack|xpack|xpack|xpack|xpack|xpack|xpack|the|MASK|MASK|MASK|MASK|MASK|repositoryMetaVersion|SnapshotInfo|MASK|MASK|MASK|MASK|MASK|MASK|MASK|MASK|MASK|MASK|MASK|MASK|the|MASK|MASK|MASK|MASK|MASK|MASK|MASK|MASK|MASK|MASK|MASK|MASK|MASK|SinceLastSuccess|MASK|SLM|Name|MASK|MASK|MASK|MASK|MASK|MASK|MASK|MASK|MASK|MASK|MASK|MASK|MASK|MASK|finalize|policyName|MASK|but|after|failure|);|it|MASK|get|MASK|MASK|MASK|MASK|with|MASK|MASK|MASK|that|a|MASK|MASK|before|MASK|to|);|MASK|MASK|MASK|MASK|MASK|MASK|MASK|MASK|MASK|MASK|MASKe|MASK|MASKe|MASK|MASK|MASK|e|MASK|MASKe|MASKe|MASKe|e|MASK|but|) {|ee|)|e|e|e|e|e|but|) {|getSnapshotConfigurations|) {|e|MASK|e|);|with|but|Name|with|with|MASK|MASK|MASK|MASK,"[MASK] s.action.CreateSnapshotAction;
import org.elasticsearch.action.admin","[MASK] s.action.CreateSnapshotAction;
import org.elasticsearch.action.admin|cluster. MASK s.get.GetSnapshotsResponse;
import org.elasticsearch.action.admin|cluster.state.ClusterState;
import org.elasticsearch.action.admin.indices.create|Index;
import org.elasticsearch.index.IndexSettings;
import org.elasticsearch.index|xpack.core.action.XPackActions;
import org.elasticsearch.xpack.|xpack.core.action.ExecuteSnapshotLifecycleAction;
import org.elasticsearch.xpack|xpack.core.action.ExecuteSnapshotLifecycleAction;
import org.elasticsearch.xpack|xpack s.SnapshotLifecycle;
import org.elasticsearch. xpack s.SnapshotLifecyclePolicy|xpack s.SnapshotLifecycle;
import org.elasticsearch. xpack s.SnapshotLifecyclePolicy| xpack s.SnapshotMissingException;
import org.elasticsearch. xpack s.SnapshotState|xpack.core.action.ExecuteSnapshotLifecycleAction;
import org.elasticsearch. xpack| the  [MASK]  is registered.
 */
@ESIntegTestCase.ClusterScope| [MASK] Metrics
        ) {
            return Map.of(
                TestRestartBeforeListenersRepo.| MASK File(SnapshotShardContext context, BlobStoreIndexShardSnapshot.FileInfo fileInfo) throws IOException| MASK File(context, fileInfo);
        }
    }

    public static class TestDelayedRepoPlugin| MASK Metrics
        ) {
            return Map.of(
                TestRestartBeforeListenersRepo.TYPE,|  [MASK]  is finalized
     */
    public void testDelayedRepo() throws Exception {|repositoryMetaVersion(),
                fsc,
                () -> {
                    // run the passed lambda before calling| SnapshotInfo.
     */
    static class RunDuringFinalize {
        private final CountDownLatch latch =|  [MASK]  is not recorded as a failure
     */
    public void testCurrentlyRunningSnapshot| [MASK] Name = executePolicy(masterNode, policyName);
        logger.info(""Created| MASK  A: "" +  [MASK] A);

        // wait until  [MASK]| [MASK] A);

        // wait until  [MASK] A is registered before starting  [|  [MASK]  A is registered before starting  [MASK]  B
        assertBusy(()| MASK  A
        assertBusy(() -> assertRegistered(policyName, List.of( [MASK|MASK] );
            assertEquals(SnapshotState.PARTIAL,  [MASK] Info.state());|  [MASK]  which will fail
        String  [MASK] B = executePolicy(master| MASK A = executePolicy(masterNode, policyName);
        logger.info(""Created  [| MASK  B: "" +  [MASK] B);

        // wait until  [MASK]| MASK B);

        // wait until  [MASK] B is registered before starting  [MASK]| MASK s are registered before allowing  [MASK] A to continue
        assertBusy(() -> assertRegistered| the  [MASK]  to finish
        assertBusy(() -> assertRegistered(policyName, List|MASK] Name);
            assertMetadata(policyName, 0, 1, 1);| MASK B)), 1, TimeUnit.MINUTES);

        // remove delay from  [MASK]| MASK  A allowing it to finish
        TestDelayedRepoPlugin.removeDelay();

        waitForSnapshot(| MASK A);

        // wait until  MASK B is registered before allowing  the A to continue
       | MASK B);

        assertBusy(() -> {
            assertSnapshotSuccess(repoName,  [MASK| [MASK] );
            assertMetadata(policyName, 1, 0, 0);| MASK B);
        }, 1, TimeUnit.MINUTES);
    }

    /**
     * Test|  MASK  failure, registered  [MASK]  is empty
     */
    public void testFail| MASK Name = executePolicy(masterNode, policyName);
        logger.info(""Created  [| MASK  Name: "" +  [MASK] Name);

        waitForSnapshot(repoName, | [MASK] Name);

        // wait until  [MASK]  is registered before starting  [| MASK Name);

        // wait until  MASK  is registered before starting  MASK B
        assertBusy| MASK Name);
            assertMetadata(policyName, 1, 0, 0);
           |SinceLastSuccess is incremented.
     */
    public void testFailSnapshotFailStats() throws Exception| MASK  fails with PARTIAL status
        NetworkDisruption networkDisruption = isolateMasterDisruption(|SLM is called back
        var runDuringFinalize = new RunDuringFinalize();
        TestRestartBefore| Name = executePolicy(masterNode, policyName);
        logger.info(""Created  [MASK| MASK : "" +  MASK Name);

        // restart  MASK  after  MASK  finalize,| [MASK] Name);

        // restart  [MASK]  after  [MASK]  finalize| MASK  after  [MASK]  finalize, but before SLM callback called
        runDuringFinalize|  [MASK]  finalize, but before SLM callback called
        runDuringFinalize.awaitAnd| MASK Name);
            assertMetadata(policyName, 0, 0, 0);
           |MASK] );
    }

    /**
     * Test that after a failed  [MASK]  with|  MASK Name2 = executePolicy(masterNode, policyName);
        assertNotEquals( [|[MASK] Name,  [MASK] Name2);
        logger.info(""Created  [| MASK Name2);
        logger.info(""Created  [MASK] : "" +  [MASK| MASK 2: "" +  MASK Name2);

        waitForSnapshot(repoName,  MASK| MASK Name2);

        // restart  [MASK]  after  [MASK]  finalize,| MASK Name2);

        assertBusy(() -> {
            assertSnapshotSuccess(repoName,  MASK| MASK Name2);
            assertMetadata(policyName, 1, 1, 0);| MASK  fails with PARTIAL status
        NetworkDisruption networkDisruption = isolateMasterDisruption(| finalize, but before SLM is called back
        var runDuringFinalize = new RunDuringFinalize();|(policyName,  [MASK] Name);
        }
    }

    private void assertSnapshotMissing|  [MASK]  exists and is state PARTIAL"");
        } catch (SnapshotMissingException e|]  + "" but it does not exist"");
        }
    }

    /**
     * Test that|  after  [MASK]  finalize, but before SLM callback called
        runDuringFinalize.| failure that successfully sets stats in cluster state.
     */
    public void testFailedSnapshotFailStats()|);
            assertMetadata(policyName, 0, 0, 0);
            assertRegistered| it does not exist"");
            }
        });
    }

    private void assertSnapshotPartial(String repository|  [MASK] Name = executePolicy(masterNode, policyName);
        logger.info(""|.get();
        } catch (InterruptedException e) {
            throw new RuntimeException(e);
        }|  [MASK] Name);
        }, 1, TimeUnit.MINUTES);
    }

    /**| : "" +  [MASK] Name);

        runDuringFinalize.awaitAndRun(networkDis| MASK] Name);
        }, 1, TimeUnit.MINUTES);
    }

    /**
     *| MASK Name);
            assertMetadata(policyName, 0, 0, 0);
           |  with a master restart during stat upload, update of invocationsSinceLastSuccess is lost.
    |  [MASK]  Name);
        }, 1, TimeUnit.MINUTES);
    }

   |  [MASK]  finalize, but before SLM is called back
        var runDuringFinalize =|  [MASK] Name = executePolicy(masterNode, policyName);
        logger.info(""| that successfully sets stats in cluster state.
     */
    public void testFailedSnapshotFailStats() throws| a master restart during stat upload, update of invocationsSinceLastSuccess is lost.
     */
   | MASK Name);
            assertMetadata(policyName, 0, 0, 0);
           |  [MASK]  Name);
        }, 1, TimeUnit.MINUTES);
    }

   | before SLM is called back
        var runDuringFinalize = new RunDuringFinalize();
        TestRestart| MASK Name = executePolicy(masterNode, policyName);

        // wait for  [MASK]|  to complete and network disruption to stop
        runDuringFinalize.awaitAndRun(networkDis|);
            assertMetadata(policyName, 0, 1, 1);
        }, |  [MASK] LifecycleMetadata = getSnapshotLifecycleMetadata();
        var  [MASK] LifecyclePolicy| MASK LifecycleMetadata = getSnapshotLifecycleMetadata();
        var   MASK<file_sep><fim_prefix><fim_suffix>e.get(| MASK] LifecycleMetadata = getSnapshotLifecycleMetadata();
        var  MASK]<file_sep><fim_prefix><fim_suffix>e.| MASK LifecycleMetadata, policyName, taken, failure);
        }
    }

    private void assertSnapshot| MASK LifecyclePolicyMetadata =  MASK LifecycleMetadata.getSnapshotConfigurations().get(policyName);
       | MASK LifecyclePolicyMetadata.getLastSuccess());
        }
        if (failure > 0) {
           | MASK LifecyclePolicyMetadata =  MASK LifecycleMetadata.getSnapshotConfigurations().get(policyName);
       | MASK LifecyclePolicyMetadata.getLastSuccess());
        } else {
            assertNull( MASK<file_sep><fim_prefix><fim_suffix>e| MASK LifecyclePolicyMetadata.getInvocationsSinceLastSuccess());
    }

    private void assertStats(| MASK Name, String repository, String indexPattern, String  [MASK] NamePattern, String schedule| MASK<file_sep><fim_prefix><fim_suffix>e.get(0).getShardId().getId());
        assertEquals(1| [MASK] Name<file_sep><fim_prefix><fim_suffix>e.get(0).getShardId().getId());
       | MASK<file_sep><fim_prefix><fim_suffix>e.get(0).getShardId().getId());
        assertEquals(1| MASK ) {
        return clusterAdmin().prepareGetSnapshots(TEST_REQUEST_TIMEOUT, repository).|MASK Name);
        return <file_sep><fim_prefix><fim_suffix>e.get(0).get(0).get| MASK Name) {
        try {
            SnapshotInfo  [MASK] Info = getSnapshotInfo(|<file_sep><fim_prefix><fim_suffix>e.get(0).getShardId().getId());
        assertEquals(1,|[MASK]<file_sep><fim_prefix>/*
 * Copyright Elasticsearch B.V. and/or licensed to Elasticsearch| MASK<file_sep><fim_prefix><fim_suffix>e.get(0).getShardId().getId());
        assertEquals(1| MASKe Info.failedShards());
            logger.info(""Checked  [MASK]  exists and| MASKe Info.successfulShards());
            assertEquals(1,  MASKe<file_sep><fim_prefix><fim_suffix>e.| <file_sep><fim_prefix><fim_suffix>e.get(0).getShardId().getId());
        assertEquals(1| [MASK] <file_sep><fim_prefix><fim_suffix>e.get(0).getShardId().getId());
       |  + "" but it does yet not exist"");
        }
    }

    private void assertSnapshotPartial| ) {
        try {
            SnapshotInfo  MASK Info = getSnapshotInfo(repository,  MASK|e<file_sep><fim_prefix><fim_suffix>e.get(0).getShardId().getId());
        assertEquals(1| )
          .get();
        assertEquals(SnapshotState.PARTIAL,  [MASK] Info.|e Info.state());
            assertEquals(0,  [MASK] Info.successfulShards());
           |e Info.successfulShards());
            assertEquals(0,  [MASK] Info.failedShards());|e Info.successfulShards());
            assertEquals(1,  MASKe Info.failedShards());
           | <file_sep><fim_prefix><fim_suffix>e.get(0).getShardId().getId());
        assertEquals(1| <file_sep><fim_prefix><fim_suffix>e.get(0).getShardId().getId());
        assertEquals(1| + "" but it does yet not exist"");
        }
    }

    private void assertSnapshotPartial(|) {
        var stats =  [MASK] LifecycleMetadata.getStats().getMetrics().get|.getSnapshotConfigurations().get(policyName).getStats().getMetrics().get(policyName|) {
        Map<String, Object> snapConfig = new HashMap<>();
        snapConfig.put|<file_sep><fim_prefix><fim_suffix>e.get(0).getShardId().getId());
        assertEquals(1,|  MASK  Name);
    }

    private void createRepository(String repoId, Settings settings)|<file_sep><fim_prefix><fim_suffix>e.get(0).getShardId().getId());
        assertEquals(1,|);
            assertThat(""expected a  [MASK]  but none were returned"", s.getSnapshots| with name "" +  [MASK] Name + "" but it does not exist"");
            }
       |  but  but it was missing"");
            } catch (SnapshotMissingException e) {
                logger|,  ); Name);
        }, 1, TimeUnit.MINUTES);
    }

    private void|  with name "" +  MASK Name + "" but it does not exist"");
            }
        });| with name "" +  [MASK] Name + "" but it does not exist"");
            }
       | MASK Name + "" but it does not exist"");
            }
        });
    }

    private void assert| MASK  has been finalized, but before the SLM callback
     * which processes  [MASK| MASK Info = getSnapshotInfo(repo,  MASK Name);
            assertThat(""expected a  with| MASK Name);
        }
    }

    /**
     * The purpose of this class is to allow a",
896,supportedVersion,supportedVersion,True,4,supportedVersion|createdVersion|supportedVersion|supportedVersion,"supportedVersion) {
        assert supportedVersion.supports(createdVersion) : ""support for a type","supportedVersion) {
        assert supportedVersion.supports(createdVersion) : ""support for a type|createdVersion.before(supportedVersion) : ""support for a type cannot be enabled before its initial|supportedVersion);
            }

            @Override
            public String toString() {
                return ""SupportedSince[""|supportedVersion + ""]"";
            }
        };
    }

    /**
     * Types that are supported starting with",
897,originatingUser,originatingUser,True,3,originatingUser|originatingUser|originatingUser,"originatingUser, String defaultUser) {
    if (!Strings.isNullOrEmpty(originatingUser","originatingUser, String defaultUser) {
    if (!Strings.isNullOrEmpty(originatingUser|originatingUser )) {
      return  originatingUser ;
    }

    if (!Strings.isNull|originatingUser ;
    }

    if (System.getenv(""BUILD_USER"")!= null)",
898,string,String,False,6,String|MASK|MASK|MASK|MASK|MASK,""", String.class);
    registerAlias(""string"", String.class);
    registerAlias(""String",""", String.class);
    registerAlias(""string"", String.class);
    registerAlias(""String| [MASK] ) {
    return resolveAlias( [MASK], (Class<T>) null|[MASK]  == null) {
        return null;
      }
      // issue #74|MASK.toLowerCase(Locale.ENGLISH);
      if (typeAliases.containsKey(key))| MASK );
      }
      if (value == null) {
        throw new TypeException(""Type ""|MASK  + ""'.  Cause: "" + e, e);
    } catch (Exception e",
899,resFieldsMap,resFieldsMap,True,5,resFieldsMap|resFieldsMap|resFieldsMap|resFieldsMap|resFieldsMap," resFieldsMap = fillResFieldsMap(resCls);
		Map<String, ResCls"," resFieldsMap = fillResFieldsMap(resCls);
		Map<String, ResCls|resFieldsMap.get(resource.getId());
			if (fieldNode!= null) {|resFieldsMap = new HashMap<>();
		for (FieldNode field : resCls.getFields|resFieldsMap.put((Integer) key, fldNode);
				}
			}
	|resFieldsMap ;
	}

	public static boolean isResourceField(ClassNode cls,",
900,screenY,screenY,True,2,screenY|screenY,"screenY, int pointer, int button) {
		return super.touchUp(screenX","screenY, int pointer, int button) {
		return super.touchUp(screenX|screenY, pointer, button);
	}

	@Override
	public boolean touchDrag",
901,charset,charset,True,12,charset|charset|MASK|MASK|MASK|MASK|MASK|MASK|MASK|MASK|MASK|MASK,"charset.  [MASK]<file_sep><fim_prefix><fim_suffix>e.
 */

package libcore.java","charset.  [MASK]<file_sep><fim_prefix><fim_suffix>e.
 */

package libcore.java|charset<file_sep><fim_prefix><fim_suffix>  }

    public void set(int index, E element) {
        throw| [MASK]<file_sep><fim_prefix><fim_suffix>  }

    public void set(int index, E element) {|[MASK] );
                    escapeStart = -1;
                }
                builder.append(c);| MASK );
        }
    }

    private void appendEncoded(StringBuilder builder, String s, Charset | [MASK]<file_sep>/src/static/android/app/backup/BackupDataOutput.d|MASK, false);
        return builder.toString();
    }

    public final String encode(String s|[MASK],
            boolean throwOnFailure) {
        if (s.indexOf('%') ==| MASK );
                        out.write(replacement, 0, replacement.length);
                    }
                    i| MASK ));
                out.reset();
            } else if (c == '+') {
                if (| MASK<file_sep>/src/static/android/app/backup/BackupDataOutput.d
/*| MASK )) {
            appendHex(builder, b);
        }
    }

    private static void append",
902,destinationIndex,Lite,False,8,Lite|L|L|L|T|Object||T,"Lite.next(value));
            size++;
        }

        @Override
        public void error(Throwable","Lite.next(value));
            size++;
        }

        @Override
        public void error(Throwable|315435971818L;
        final int bufferSize;

       |15435971818L;
        /** The total number of events|1047L;
        final int limit;

        UnboundedReplayBuffer(int limit)|<T> {
        private final ReplayBuffer<T> buffer;
        private final AtomicReference|Object> {
        private static final long serialVersionUID = 234656779|
            }
        }
    }

    static final class ReplayObserver<T> extends AtomicReference<|<T> implements BufferSupplier<T> {
        private final int bufferSize;

        UnboundedFactory",
903,keyColumnName,columnName,False,1,columnName,"columnName<file_sep>/*
 * Copyright 2002-2023 the original author or","columnName<file_sep>/*
 * Copyright 2002-2023 the original author or",
904,params,MASK,False,4,MASK|MASK|);|;," [MASK] , SecureRandom random)
                           throws InvalidParameterException {
        if (random =="," [MASK] , SecureRandom random)
                           throws InvalidParameterException {
        if (random ==|(MASK == null) && (genParams == false)) {
            throw new InvalidParameterException(""|"");
        }
        if (dsaKeyPairGenerator == null) {
            throw new InvalidParameterException|;
    }

    public void initialize(int modlen, SecureRandom random)
                           throws InvalidParameter",
905,valueA,valueA,True,3,valueA|valueA|valueA,"valueA = randomDouble();
            aValues.add(valueA);
            double valueB =","valueA = randomDouble();
            aValues.add(valueA);
            double valueB =|valueA);
            runningStats.add(new String[] { ""a"" }, new double[]|valueA<file_sep>/server/src/main/java/org/elasticsearch/index/mapper/",
906,bigDecimal,throws,False,16,throws|to|to|;|ig|new|new|0);|MASK|Symbols|Format|are|_equals_object|format|result|);,"() throws Exception {
        DecimalFormat form = (DecimalFormat) NumberFormat.getInstance(Locale.","() throws Exception {
        DecimalFormat form = (DecimalFormat) NumberFormat.getInstance(Locale.|to true, the result of parsing infinity

        form = (DecimalFormat) NumberFormat.getInstance(| to true, the result of parsing minus infinity

        form = (DecimalFormat) NumberFormat.getInstance|;
        out = format.format(new java.math.BigDecimal(""51.34|ig = new java.math.BigInteger(String.valueOf(Long.MIN_VALUE))
              |, new StringBuffer(), pos);
        assertTrue(""Wrong result BDmax2: "" + out, out|  = new BigDecimal(Double.MAX_VALUE).add(new BigDecimal(Double.MAX_|0);
        assertTrue(""Wrong result BD4: "" + out, out.toString().equals(|  [MASK]  = new BigDecimal(Float.MAX_VALUE).add(new BigDecimal(|Symbols(new DecimalFormatSymbols(Locale.US));
        format.applyPattern(""#.#"");
       |Format format = new DecimalFormat();
        assertEquals(""Wrong hash code"", 0, format.hashCode| are not equal"", df1.hashCode() == df2.hashCode());
    }

    public void|_equals_object() {
        DecimalFormat df1 = new DecimalFormat();
        DecimalFormat df| format.clone();
        assertTrue(""Cloned object is not equal to original object"", cloned.equals| result for Long.MAX_VALUE"", result.longValue() == Long.MAX_VALUE);
       |);
        result = format.parse(""123456789012",
907,queryParser,parser,False,5,parser|parser|parser|parser|parser,"parser = new MatchQueryParser(context);
        if (analyzer!= null) {
            parser.set","parser = new MatchQueryParser(context);
        if (analyzer!= null) {
            parser.set|parser.setAnalyzer(analyzer);
        }
        parser.setPhraseSlop(slop);|parser.setPhraseSlop(slop);
         parser.setZeroTermsQuery(zeroTerms|parser.setZeroTermsQuery(zeroTermsQuery);

        return  parser.parse(MatchQueryParser|parser <file_sep>/server/src/main/java/org/elasticsearch/index/mapper/",
908,channel,Consumer,False,4,Consumer|channel|e|channele,"Consumer) throws IOException {
        final var stage = new AtomicInteger();
        var  [MASK] ","Consumer) throws IOException {
        final var stage = new AtomicInteger();
        var  [MASK] |channel = new TaskTransportChannel(
            1,
            new TestTransportChannel(ActionListener.running|  <file_sep><fim_prefix><fim_suffix>e.get(0).getShardId().getId());
        assertEquals(1|channel<file_sep><fim_prefix><fim_suffix>e.get(0).getShardId().getId());
        assertEquals(1",
909,segments,,False,13,|audio|audio|audio|that|hasEndTag|MASK|isEmpty|startPositionUs|last|long|segments|segmentse,"
     *     [MASK]  and keys.
     */
    public Factory(DataSource.Factory dataSource","
     *     [MASK]  and keys.
     */
    public Factory(DataSource.Factory dataSource| audio, etc...
     * @param hlsDataSourceFactory An {@link HlsDataSourceFactory}| audio  and keys.
     *
     * @param extractorFactory An {@link HlsExtractorFactory| audio.
     * @return This factory, for convenience.
     */
    @CanIgnoreReturnValue
   |   that the presentation start time is the same as the window start time.
    // For playlist types|hasEndTag) {
      // Select part hold back only if the playlist has a part target duration| [MASK], windowDefaultStartPositionUs);
    }
    return new SinglePeriodTimeline(
       |.isEmpty()) {
      return 0;
    }
    HlsMediaPlaylist.Segment segment =|, startPositionUs);
    if (part!= null) {
      return part.relativeStartTimeUs;|   last segment.
   *
   * <p>The segment is derived by checking the following in|, long positionUs) {
    int segmentIndex =
        Util.binarySearchFloor(
             [| segments, positionUs, /* inclusive= */ true, /* stayInBounds= */ true);
   | segments<file_sep><fim_prefix><fim_suffix>e.
   *
   * @param mediaItem The {@link MediaItem}.",
910,bootstrapMethodsData,data,False,3,data|param|otherOffset," data = constantPool.data;
    Entry entry = get(hashCode);
    while (entry!="," data = constantPool.data;
    Entry entry = get(hashCode);
    while (entry!=|param value an internal class name.
   * @return the index of a new or already existing type| [otherOffset + i]) {
            isSameBootstrapMethod = false;
            break;
          }",
911,weekDef,) {,False,36,") {|WEEKS|) {|DAYS|) {|1, 52, 54);|) {|ected|) { ) {|1, 52, 54);|MASK|MASK|TemporalUnit|TemporalUnit|;|getFirstDayOfWeek|getFirstDayOfWeek|weekOfWeekBasedYear|weekOfWeekBasedYear|getMinimalDaysInFirstWeek|) {|) {||MASK|weekOfWeekBasedYear|int|MASK|validate|MASK|weekOfWeekBasedYear|this|days|) {|this|ChronoUnit|rangeUnite"," ) {
            return new ComputedDayOfField(name,  [MASK], baseUnit,"," ) {
            return new ComputedDayOfField(name,  [MASK], baseUnit,| WEEKS, YEARS, WEEK_OF_YEAR_RANGE);
        }

        /**| ) {
            return new ComputedDayOfField(name,  [MASK], baseUnit,|, DAYS);
        }

        private ChronoLocalDate resolveWoY(
                Map<TemporalField| ) {
            return new ComputedDayOfField(
            ""WeekOfYear"",
            [MASK],| 1, 52, 54);
        private static final ValueRange WEEK_|) {
            return new ComputedDayOfField(
                ""WeekOfWeekBasedYear"",
                [|ected week of year
         */
        private ChronoLocalDate resolveWoY(
                Map<TemporalField|  ) { ) {
            return new ComputedDayOfField(
                ""WeekOfWeekBasedYear| 1, 52, 54);
        }

        private ChronoLocalDate resolveW|  [MASK].getMinimalDaysInFirstWeek());
            int dow = localizedDayOfWeek(date);|  [MASK]  ;
        private final TemporalUnit baseUnit;
        private final Temporal|, TemporalUnit baseUnit, TemporalUnit rangeUnit, ValueRange range) {
            this|TemporalUnit baseUnit, TemporalUnit rangeUnit, ValueRange range) {
            this.name|;
            this.baseUnit = baseUnit;
            this.rangeUnit = rangeUnit;
           |.getFirstDayOfWeek().getValue();
            int isoDow = temporal.get(DAY_OF_|.getFirstDayOfWeek().getValue();
            return Math.floorMod(isoDow - sow, |.weekOfWeekBasedYear);
            } else if (rangeUnit == FOREVER) {
                return| weekOfWeekBasedYear.getMinimal()),
                    computeWeek(offset, (int) weekOfWeekBased|].getMinimalDaysInFirstWeek()) {
                // The previous week has the minimum days in|) {
            return name;
        }

        @Override
        public boolean equals(Object obj) {|) {
            return name;
        }

        @Override
        public boolean equals(Object obj) {|
                // Check if day of week is in partial week associated with next year
                ValueRange dayRange| [MASK].weekBasedYear)) {  // week-of-week-based-year|).weekOfWeekBasedYear)) {  // week-of-week-based-year and|(int) fieldValues.get( [MASK].weekBasedYear);
            int wowby| [MASK].weekOfWeekBasedYear);
                int wowby =  [MASK].week|);  // validate
                date = ofWeekBasedYear(chrono, yowby, 1| [MASK].weekBasedYear);
                int wowby =  [MASK].weekOfWeek|.weekOfWeekBasedYear.range().checkValidIntValue(
                        fieldValues.get( [|this);
            fieldValues.remove(this);
            fieldValues.remove(YEAR);
            field| days), DAYS);
                if (resolverStyle == ResolverStyle.STRICT && date.getLong(|) {
            int yowby =  int.weekBasedYear.range().checkValidInt|, this);
            fieldValues.remove( ) {.weekOfWeekBasedYear);
            fieldValues.|7, ChronoUnit.DAYS);
            return rangeWeekOfWeekBasedYear(date);
        }|  .rangeUnit<file_sep><fim_prefix><fim_suffix>e.get(Calendar.DAY_OF_WEEK);
       ",
912,bytes,MASK,False,3,MASK|new|length,"       [MASK]  = ""data"".getBytes();
        final byte[]         [MASK] ","       [MASK]  = ""data"".getBytes();
        final byte[]         [MASK] |   new byte[MASK.length]<file_sep>/*
 * Copyright 2012 The Net| .length, address1.getAddress(), address1.getPort()));
                    socket.send(new",
913,newCookies,cookies,False,4,cookies|cookies|cookies|cookies,"cookies = new LinkedMultiValueMap<>();
		cookies.add(""name"", ResponseCookie.from","cookies = new LinkedMultiValueMap<>();
		cookies.add(""name"", ResponseCookie.from|cookies.add(""name"", ResponseCookie.from(""name"", ""value"").build());
		|cookies ));
		StepVerifier.create(result)
				.expectNextMatches(response ->|cookies.equals(response.cookies()))
				.expectComplete()
				.verify();
",
914,expectedMinsOnlySearch,expectedMinsOnlySearch,True,3,expectedMinsOnlySearch|expectedMinsOnlySearch|expectedMinsOnlySearch,"expectedMinsOnlySearch = new HashMap<>();
        final Map<Double, Double> expectedMaxes","expectedMinsOnlySearch = new HashMap<>();
        final Map<Double, Double> expectedMaxes| expectedMinsOnlySearch.put(keys.get(i), mins.get(i));|expectedMinsOnlySearch.getOrDefault(bucket.getKey(), 0d).doubleValue();
               ",
915,prefixKeySetting,MASK,False,9,"MASK|RejectNonIndexScopedNotCopyableOnResizeSetting|foo|AbstractScopedSettings|foo|[-2147483648]""));|3648""));|for|put","MASK] (
            ""foo."",
            ""bar"",
            (key) -> Setting.boolSetting","MASK] (
            ""foo."",
            ""bar"",
            (key) -> Setting.boolSetting|RejectNonIndexScopedNotCopyableOnResizeSetting() {
        IllegalArgumentException ex = expectThrows(
           |foo.bar.baz.deep"", ""true"").build());
        assertThat(setting.get(|AbstractScopedSettings.SettingUpdater<Settings> updater = Setting.groupedSettingsUpdater(
            s ->| foo (""foo.bar."", key -> Setting.simpleString(key, Property.NodeScope,| [-2147483648]""));
    }

    public void testInt|3648""));
    }

    public void testIntSettingValidation() {
        final String setting|3372036854775808] for setting [|.put(""foo.bar"", ""bar"").build();
        final Setting<String> setting =",
916,binary,MASK,False,2,MASK|MASK,[MASK]<file_sep>/src/main/java/com/google/devtools/build/lib,"[MASK]<file_sep>/src/main/java/com/google/devtools/build/lib|MASK;
  }

  private static String getWinSystemBinary(String  MASK, String  MASK",
917,addressCount,MASK,False,2,MASK|MASK,"[MASK]<file_sep><fim_prefix><fim_suffix>e.
 */

package org.elasticsearch.xpack.","[MASK]<file_sep><fim_prefix><fim_suffix>e.
 */

package org.elasticsearch.xpack.|MASK; i++) {
            transportAddresses.add(buildNewFakeTransportAddress());
        }

       ",
918,headers,headers,True,2,headers|headers,"headers = new String[] {""foo=bar"", ""accept=application/xml,application/pdf","headers = new String[] {""foo=bar"", ""accept=application/xml,application/pdf|headers);

		assertConditions(condition, ""text/plain"");
	}

	@",
919,engine,MASK,False,25,MASK|MASK|MASK|MASK|MASK|MASK|MASK|MASK|MASK|MASK|MASK|MASK|MASK|MASK|MASK|MASK|MASK|MASK|MASK|MASK|MASK|MASK|MASK|MASK|MASK," [MASK] ) {
        if (resumableTm.get()!= null) {
           "," [MASK] ) {
        if (resumableTm.get()!= null) {
           | [MASK] ));
        }
    }

    public void remove(Socket  [MASK] ) {| [MASK] ) throws CertificateException {
        if (resumableTm.get()!= null|[MASK].getSession();
        boolean valid = session.isValid();

        // Look for resumption| [MASK].getUseClientMode() &&  [MASK].getWantClientAuth())| MASK.getNeedClientAuth() ||  MASK.getWantClientAuth())) {
            // Un| MASK.getWantClientAuth())) {
            // Unwrap JdkSslEngines because they| MASK  = unwrapEngine( [MASK] );

            if (!confirmedValidations.contains( [|MASK )!=  MASK ?  MASK  :  MASK.getWrappedEngine();

            //| MASK )) {
                // This is a new session.
                if (tm.validate(session,| MASK.getUseClientMode() &&  MASK.getNeedClientAuth()) {
                        // Auth|MASK.getNeedClientAuth()) {
                        // Auth is required, and we got none.
                       | MASK.getUseClientMode()) {
                    // We are the client, resuming a session trust|[MASK] );
                } else if ( MASK.getNeedClientAuth()) {
                    // We|[MASK] );
                }
                confirmedValidations.add( MASK );
            }
        }
       |[MASK]<file_sep>/*
 * Copyright 2020 The Netty Project
 *
| MASK  instanceof JdkSslEngine) {
            return ((JdkSslEngine)  [MASK|[MASK]<file_sep>/*
 * Copyright 2020 The Netty Project
 *
| MASK ;
    }

    private static SSLEngine unwrapEngine(SSLEngine  MASK ) {
        if|[MASK] )
                throws CertificateException {
            trustManager.checkClientTrusted(chain, auth|MASK );
            confirmedValidations.add( MASK );
        }

        @Override
        public void check| MASK );
        }

        @Override
        public void checkServerTrusted(X509Certificate[]|[MASK] )
                throws CertificateException {
            trustManager.checkServerTrusted(chain, auth|MASK );
            confirmedValidations.add( MASK );
        }

        @Override
        public void check| MASK );
        }

        @Override
        public void checkClientTrusted(X509Certificate[]",
920,seenGroupIds,MASK,False,6,MASK|MASK|MASK|MASK|MASK|MASK,"[MASK],
      Page page) {
    state.enableGroupIdTracking( [MASK] );","[MASK],
      Page page) {
    state.enableGroupIdTracking( [MASK] );|MASK, vBlock);
      return new GroupingAggregatorFunction.AddInput() {
        @Override| MASK, IntVector vVector) {
    if (vVector.mayHaveNulls()) {|MASK );
    }
  }

  private void maybeEnableGroupIdTracking(SeenGroupIds  MASK,| MASK ) {
    state.enableGroupIdTracking( MASK );
  }

  @Override
  public void| MASK );
  }

  @Override
  public void selectedMayContainUnseenGroups(SeenGroupIds",
921,ZDATA,DATA,False,2,DATA|Buenos_Aires,"DATA = {
            ""yyyy MM dd HH:mm zzz"",
            // round trip
            ""","DATA = {
            ""yyyy MM dd HH:mm zzz"",
            // round trip
            ""|/Buenos_Aires"", ""2004-01-15T0",
922,beanName,MASK,False,2,MASK|MASKt,"[MASK]<file_sep><fim_prefix><fim_suffix>ethod.invoke(target, args);
	}

","[MASK]<file_sep><fim_prefix><fim_suffix>ethod.invoke(target, args);
	}

| MASK<file_sep><fim_prefix><fim_suffix>t.annotation.AnnotationUtils;
import org.springframework.core.annotation",
923,currentSeed,seedRef,False,2,seedRef|seedRefe,"seedRef = alice.getProperty(UserSeedProperty.class).getSeed();
                assertNotEquals","seedRef = alice.getProperty(UserSeedProperty.class).getSeed();
                assertNotEquals|seedRef<file_sep><fim_prefix><fim_suffix>e.

## 2.1 (2018-",
924,jsonFields,map,False,3,map|if|map,"map = prepareMap(index, doc, tookInNanos, reformat, maxSourceChars","map = prepareMap(index, doc, tookInNanos, reformat, maxSourceChars|   if (doc.seqNo()!= null) {
                    map.put(""elasticsearch.slow|map);
        }

        public static ESLogMessage of(
            Map<String, String> additional",
925,clusterStateString,MASK,False,5,MASK|MASK|MASK|MASK|MASK,"[MASK] = Strings.toString(clusterState);
        assertNotNull( [MASK] );

        assertThat","[MASK] = Strings.toString(clusterState);
        assertNotNull( [MASK] );

        assertThat|MASK );
        assertThat( [MASK], containsString(""test_idx""));
        assertThat( [| MASK, containsString(""test_idx""));
        assertThat(  MASK, containsString(""test_| MASK, containsString(""test_idx""));
        assertThat( MASK, containsString(""test_idx| MASK, containsString(""node_foo""));
    }

    public void testClusterStateSerializationWithNo",
926,split,parts,False,5,parts|split|||,"  parts = line.split("" -> "");
					String obfuscated = parts[0];
				","  parts = line.split("" -> "");
					String obfuscated = parts[0];
				|split("" -> "");
					String original =  [MASK] [0];
					String ob|
	public static List<String> getNames () {
		List<String> names =|
	// @on
	));

	static {
		InputStream mappingInput = Gdx|
	));
}
<file_sep>/backends/gdx-backends-gwt/src/com/",
927,start,MASK,False,2,MASK|start,"[MASK], int end, int count, int type, Buffer indices);

	public native","[MASK], int end, int count, int type, Buffer indices);

	public native|start, int end, int count, int type, int offset);

	public native void gl",
928,vStart,MASK,False,9,MASK|MASK|MASK|MASK|MASK|MASK|MASK|MASK|MASK," [MASK]  = vBlock.getFirstValueIndex(valuesPosition);
        int vEnd ="," [MASK]  = vBlock.getFirstValueIndex(valuesPosition);
        int vEnd =|[MASK]  + vBlock.getValueCount(valuesPosition);
        for (int vOffset|MASK] ; vOffset < vEnd; vOffset++) {
          int vValue = vBlock|  [MASK]  = vBlock.getFirstValueIndex(valuesPosition);
        int vEnd|MASK  + vBlock.getValueCount(valuesPosition);
        for (int vOffset = |MASK ; vOffset < vEnd; vOffset++) {
          int vValue = vBlock.|[MASK]  = vBlock.getFirstValueIndex(valuesPosition);
      int vEnd =|MASK  + vBlock.getValueCount(valuesPosition);
      for (int vOffset = |MASK ; vOffset < vEnd; vOffset++) {
        int vValue = vBlock.",
929,metaData,new,False,7,new|get|get|get|get|{|{," = new HashMap<>();
        map.put(""key1"", ""value1"");
        map.put"," = new HashMap<>();
        map.put(""key1"", ""value1"");
        map.put|.get(""address""));
        Assertions.assertEquals(""override-config"",  [MASK].get|.get(""protocol""));
        Assertions.assertEquals(""override-config://"",  [MASK].|.get(""key2""));
        }
    }

    @Test
    public void testOnlyPrefixed|.get(""key2""));
        }
    }

    @Test
    public void testOnlyPrefixed|{
            Assertions.assertEquals(""value-from-config"", overrideConfig.getNotConflictKey());| {
            Assertions.assertEquals(""value-from-config"",  get.get(""address""));
           ",
930,dataBuffer,buffer,False,4,buffer|buffer|buffer|buffer,buffer<file_sep>/spring-boot-project/spring-boot-tools/spring-boot-gradle,"buffer<file_sep>/spring-boot-project/spring-boot-tools/spring-boot-gradle|buffer.asOutputStream(), charset)) {
				template.execute(model, writer);
				|buffer );
			return Mono.error(ex);
		}
		catch (IOException ex| buffer ));
	}

	private Optional<Charset> getDefaultCharset() {
		return Optional",
931,actor,currentAction,False,7,currentAction|currentAction|action|getActor|actor|actor|actor,"currentAction.getActor()<file_sep><fim_prefix><fim_suffix>		return false;
		}
		return","currentAction.getActor()<file_sep><fim_prefix><fim_suffix>		return false;
		}
		return|currentAction.getActor() == null) {
					actions.removeIndex(i);
				|action.getActor()!= null) action.setActor( [MASK] );
	}|getActor() );
	}

	public void removeAction (Action action) {
		|actor) {
		Array<Action> actions = this.actions;
		for (int|actor );
		super.setActor( actor );
	}

	public void setActor|actor<file_sep>/backends/gdx-backends-gwt/src/com/badlogic/gdx/backends",
932,remoteModule,MASK,False,21,MASK|new|;|; ;|remoteOptions|getActionContextProvider|MASK|MASK|MASK|MASK|MASK|MASK|MASK|MASK|new|e|assertThat|assertThat|);|}|getActionContextProvider," [MASK] ) throws IOException, AbruptExitException {
    CoreOptions coreOptions = Options"," [MASK] ) throws IOException, AbruptExitException {
    CoreOptions coreOptions = Options|new BlockWaitingModule())
           .addBlazeModule(
                new BlazeModule() {
                 |;
  private RemoteOptions remoteOptions;

  @Before
  public void initialize() {
     [MASK| ; ;
    [MASK].setChannelFactory(
        (target, proxy, options, interceptors| remoteOptions = Options.getDefaults(RemoteOptions.class);
  }

  @Test
  public|.getActionContextProvider();
      assertThat(actionContextProvider).isNotNull();
      assertThat(actionContextProvider| [MASK] 
                 .getActionContextProvider()
                 .getCombinedCache()
                 .getRemoteCache| [MASK] 
                 .getActionContextProvider()
                 .getCombinedCache()
                 .getRemoteCache| [MASK]<file_sep><fim_prefix><fim_suffix>e.

<pre class=""prettyprint lang-bsh| [MASK]<file_sep><fim_prefix><fim_suffix>e.

<pre class=""prettyprint lang-bsh| [MASK]<file_sep><fim_prefix><fim_suffix>e.

<pre class=""prettyprint lang-bsh| [MASK]<file_sep><fim_prefix><fim_suffix>e.

<pre class=""prettyprint lang-bsh|[MASK]<file_sep><fim_prefix>/src/main/java/com/google/devtools/build/|[MASK] 
                 .getActionContextProvider()
                 .getRemoteExecutionClient()
                 .getServerCapabilities| new InMemoryFileSystem(DigestHashFunction.SHA256);
    Scratch scratch = new|<file_sep><fim_prefix><fim_suffix>e.

<pre class=""prettyprint lang-bsh"">
$|assertThat(actionContextProvider.getCombinedCache().getRemoteCacheCapabilities())
        .isEqualTo(EXEC|assertThat(actionContextProvider).isNotNull();
      assertThat(actionContextProvider.getCombinedCache()).isNotNull|);
    [MASK].beforeCommand(env);
    env.throwPendingException();
    return| }

  @Test
  public void testVerifyCapabilities_executionAndCacheForSingleEndpointWithCircuitBreaker|.getActionContextProvider();
    assertThat(actionContextProvider).isNotNull();

    Retrier.CircuitBreaker",
933,cmcdConfiguration,MASK,False,13,MASK|MASK|MASK|MASK|MASK|e|MASK|e|MASK|MASK|static|MASK|presentationStartTimeUs," [MASK]  [MASK] Factory;
    private DrmSessionManagerProvider drmSessionManagerProvider"," [MASK]  [MASK] Factory;
    private DrmSessionManagerProvider drmSessionManagerProvider| MASK) {
      this. [MASK]  = checkNotNull( [MASK]);
      return this;|  [MASK]  = checkNotNull( [MASK]  MASK Factory);
      return this;
   | MASK Factory, ""MediaSource.Factory#setCmcdConfigurationFactory no longer handles null by instanti| MASK  =
           [MASK] Factory == null
             ? null
              :  [MASK] Factory|<file_sep><fim_prefix><fim_suffix>e.
     *
     * @param mediaItem The {@link MediaItem}.
    | MASK Factory.createCmcdConfiguration(mediaItem);
      return new HlsMediaSource(
         |e  MASK<file_sep>/*
 * Copyright (C) 2016 The Android Open Source| MASK  ;
  private final DrmSessionManager drmSessionManager;
  private final LoadErrorHandling|  MASK,
      DrmSessionManager drmSessionManager,
      LoadErrorHandlingPolicy loadErrorHandling| static long getTargetLiveOffsetUs(HlsMediaPlaylist playlist, long liveEdgeOffsetUs)| */  MASK  MASK  MASK  MASK  MASK  MASK  MASK  MASK  MASK |   /* presentationStartTimeUs= */ presentationStartTimeMs,
            /* windowStartTimeUs= */ windowStartTime",
934,sameVersionEvent,ente,False,2,ente|higherVersionEvent,"ent<file_sep><fim_prefix><fim_suffix>e.get(0).get(""name"").getAsString(), equalTo(""test","ent<file_sep><fim_prefix><fim_suffix>e.get(0).get(""name"").getAsString(), equalTo(""test|higherVersionEvent);
    }

    @TestLogging(value = ""org.elasticsearch.x",
935,parentAlpha,if,False,3,if||style,"if (centerVertical)
			amountY = y + (height - actorArea.height)","if (centerVertical)
			amountY = y + (height - actorArea.height)|
		if (style.hScroll!= null) height += style.hScroll.getMinHeight| = style.vScrollKnob.getMinWidth();
		if (style.vScroll!=",
936,member,MASK,False,4,MASK|s|move|CodeAttribute,"  [MASK] s can be changed
     *                                in order to inline methods.
     * @","  [MASK] s can be changed
     *                                in order to inline methods.
     * @|s can be changed
     *                                in order to inline methods.
     * @param inlineSingleInv|move the original method invocation,
            // the addition of the parameter setup, and
            // the modification|, CodeAttribute codeAttribute, ExceptionInfo exceptionInfo)
    {
        if (exceptionInfo.u",
937,patterns,Nullable,False,2,Nullable|)," , @Nullable Map<String, AliasMetadata> aliases)
        throws IOException {
        TransportPut"," , @Nullable Map<String, AliasMetadata> aliases)
        throws IOException {
        TransportPut|)
              .aliases( aliases )
        );
        client.execute(TransportPutComposableIndexTemplateAction",
938,tempBuf,MASK,False,12,MASK|MASK|MASK|MASK|MASK|MASK|MASK|MASK|MASK|MASK|MASK|MASK,"[MASK]  = DECODE_TEMP_BUF.get();
        Map<String, String","[MASK]  = DECODE_TEMP_BUF.get();
        Map<String, String|[MASK] );
                    nameStart = i + 1;
                    break;
                default:
                   |MASK );
        return params;
    }

    private static Map<String, String> parseDecodedParams| MASK  = DECODE_TEMP_BUF.get();
        Map<String, String> params|MASK );
                    nameStart = i + 1;
                    break;
                default:
                    // continue|MASK );
        return params;
    }

    private static Map<String, String> parseEncodedParams| MASK ) {
        if (nameStart >= valueEnd) {
            return false;
        }

       |MASK );
            value = valueStart >= valueEnd? name : decodeComponent(str, valueStart|MASK );
        } else {
            name = decodeComponent(str, nameStart, valueStart -| MASK ) {
        int len = toExcluded - from;
        if (len <= 0)|MASK .byteBuf(decodedCapacity);
        char[] charBuf =  [MASK].|MASK.charBuf(len);
        s.getChars(from, firstEscaped, char",
939,reverse,After,False,4,After|MASK|MASK|MASK,"@After
    private Stack<Closeable> closeables;

    @Before
    public void startResolver()","@After
    private Stack<Closeable> closeables;

    @Before
    public void startResolver()|[MASK] = closeables.toArray(new Closeable[0]);
            closeables.clear|MASK.add(closeables.pop());
            }
            IOUtils.close( [MASK]| MASK.iterator());
        } catch (final IOException e) {
            throw new AssertionError(e);",
940,resolverStyle,MASK,False,13,MASK|);|);|);|) {|MASK|MASK|MASK|MASK|MASK|) { ) {|MASK|,"( [MASK] ) ) {
            return null;
        }

        //-----------------------------------------------------------------------
        @Override
       ","( [MASK] ) ) {
            return null;
        }

        //-----------------------------------------------------------------------
        @Override
       | );
                }
                if (rangeUnit == YEARS) {  // week-of-year| );
                } else if (rangeUnit == YEARS) {  // week-of-year| );
            } else if (rangeUnit == YEARS) {  // week-of-year| ) {
            ChronoLocalDate date = Chronology.from(partialTemporal).date(year|MASK]  == ResolverStyle.LENIENT) {
                date = chrono.date(year,| MASK  == ResolverStyle.STRICT && date.getLong(YEAR)!= year) {
          throw| MASK<file_sep><fim_prefix>/jre_emul/android/platform/libcore/ojluni/| MASK  == ResolverStyle.LENIENT) {
                long weeks = Math.subtractExact(wo| MASK  == ResolverStyle.LENIENT) {
                long weeks = Math.subtractExact(wo| ) { ) {
            int yowby = weekDef.weekBasedYear.range().check| MASK  == ResolverStyle.LENIENT) {
                date = ofWeekBasedYear(chrono,|
            int yowby = weekDef.weekBasedYear.range().checkValidIntValue(",
941,fieldSupplier,valuesSupplier,False,6,valuesSupplier|testCaseSupplier|valuesSupplier|valuesSupplier|valuesSupplier|valuesSuppliere,"valuesSupplier : valuesSuppliers) {
                TestCaseSupplier testCaseSupplier = makeSupplier(valuesSupplier,","valuesSupplier : valuesSuppliers) {
                TestCaseSupplier testCaseSupplier = makeSupplier(valuesSupplier,|testCaseSupplier.name(), valuesSupplier);
                suppliers.add(testCaseSupplier);
                testCaseSupplier|valuesSupplier) {
        return new TestCaseSupplier(
            valuesSupplier.name(),
            List.of|valuesSupplier.type();
        return new TestCaseSupplier( valuesSupplier.name(), List.of(|valuesSupplier.name(), List.of(type, DataType.DATETIME, DataType.INTEGER, DataType|valuesSupplier<file_sep><fim_prefix><fim_suffix>e.xpack.esql.expression.function.aggregate;
",
942,hitContext,MASK,False,3,MASK|);|context,"       [MASK],
                                    Map<String, Object> [MASK],
                                    Map<String","       [MASK],
                                    Map<String, Object> [MASK],
                                    Map<String|);
                    Highlighter highlighter = getHighlighter(fieldContext.field, fieldContext.fieldType);|   context.hit().highlightFields(highlightFields);
            }
        };
    }

    public Fetch",
943,quantityInStock,MASK,False,12,MASK|MASK|MASK|MASK|MASK|MASK|MASK|MASK|MASK|MASK|MASK|MASK," [MASK] ;
     private double buyPrice;
     private double msrp;
     private Set<"," [MASK] ;
     private double buyPrice;
     private double msrp;
     private Set<|MASK, double buyPrice, double msrp) {
        this.productCode = productCode;| [MASK]  =  [MASK] ;
        this.buyPrice = buyPrice;
       |MASK ;
        this.buyPrice = buyPrice;
        this.msrp = msrp;|MASK, double buyPrice, double msrp, Set<OrderDetail> orderDetails) {
      |MASK  =  MASK ;
       this.buyPrice = buyPrice;
       this.msrp|MASK ;
       this.buyPrice = buyPrice;
       this.msrp = msrp;|  MASK  "", nullable=false)
    public short get MASK () {
        return this. MASK|[MASK] ;
    }
    
    public void setQuantityInStock(short  [MASK] )|MASK ) {
        this. MASK  =  MASK ;
    }
    
    @Column(name=""| MASK  =  MASK ;
    }
    
    @Column(name=""buyPrice"", nullable=false| MASK ;
    }
    
    @Column(name=""MSRP"", nullable=false, precision=2",
944,rtspHeaders,mediaDescription,False,9,mediaDescription|MASK|MASK|controlAttributeString|MASK|MASK|MASK|MASK|MASK,"mediaDescription The {@link MediaDescription} of this track.
   * @param sessionUri The {@","mediaDescription The {@link MediaDescription} of this track.
   * @param sessionUri The {@|  [MASK],
      MediaDescription mediaDescription,
      Uri sessionUri) {
    checkArgument(| MASK, mediaDescription.attributes.get(ATTR_CONTROL)),
        sessionUri,
        mediaDescription| controlAttributeString  The control attribute from the track's {@link MediaDescription}.
   * @param| MASK, Uri sessionUri, String controlAttributeString) {
    Uri controlAttributeUri = Uri.| [MASK].get(CONTENT_BASE))) {
      sessionUri = Uri.parse( [| [MASK].get(CONTENT_BASE));
    } else if (!TextUtils.isEmpty( [|  MASK.get(CONTENT_LOCATION))) {
      sessionUri = Uri.parse( MASK.|  MASK.get(CONTENT_LOCATION));
    }

    if (controlAttributeString.equals(",
945,decimalFormat,DecimalFormat,False,145,DecimalFormat|setMaximumFractionDigits|result|MASK|DecimalFormat|setMaximumFractionDigits|result|MASK|new|setMaximumFractionDigits|fail|DecimalFormat|getRoundingMode|setRoundingMode|);|setRoundingMode|MASK|DecimalFormat|format|MASK|result|format|MASK|result|format|format|setRoundingMode|format|format|format|MASK|format|format|format|of|format|format|format|of|format|format|format|format|MASK|result|format|format|format|differnt|format|of|format|setMaximumFractionDigits|differnt|result|format|get|setRoundingMode|format|format|of|(-0.2);|(-0.2);|format||result|format|format|on|format|format|format|on|format|format|format||format|format|failure|format|format|MASK||format|format|MASK||format|(11.5653);|setRoundingMode|(-11.5655);|(11.5656);|(11.5653);|result|format|format|(11.5653);|result|assertEquals|(11.5653);|format|result|assertEquals|format||format|result|result|format|format|format|result|format|format|MASK|result|format|format|format|format|result|result|format|format|format|format|result|result|format|format|format|format|result|result|format|format|format|format|result|result|format|format|format|format,"  = (DecimalFormat) DecimalFormat.getInstance(Locale.US);
         [MASK].set","  = (DecimalFormat) DecimalFormat.getInstance(Locale.US);
         [MASK].set|.setMaximumFractionDigits(0);
        try {
            // when rounding is needed, but RoundingMode| result =  [MASK].format(11.3);
        assertEquals(""Incorrect RoundingMode behavior|  [MASK].format(11.5, new StringBuffer(), new FieldPosition(0));|  = (DecimalFormat) DecimalFormat.getInstance(Locale.US);
         [MASK].setMaximum| setMaximumFractionDigits.setRoundingMode(RoundingMode.UNNECESSARY);
        try| result =  [MASK].format(11.3);
        assertEquals(""Incorrect RoundingMode behavior|MASK.format(11.5, new StringBuffer(), new FieldPosition(0));
            fail|  = new DecimalFormat(""00.0#E0"", dfs);

         [MASK].|.setMaximumFractionDigits(0);

        // set RoundingMode.HALF_DOWN of this DecimalFormat| fail(""ArithmeticException expected"");
        } catch (ArithmeticException e) {
            // expected
        }|  = (DecimalFormat) DecimalFormat.getInstance(Locale.US);

        // the default Round|.getRoundingMode(), RoundingMode.HALF_EVEN);

        // set RoundingMode.HALF|.setRoundingMode(RoundingMode.HALF_UP);
        assertEquals(""Returned incorrect RoundingMode"",|);

        result =  [MASK].format(-11.5);
        assertEquals(""Incorrect Round|.setRoundingMode(RoundingMode.HALF_UP);
        result =  [MASK].format|  MASK.format(11.5, new StringBuffer(), new FieldPosition(0));
           |  = (DecimalFormat) DecimalFormat.getInstance(Locale.US);
         setMaximumFractionDigits|.format(11.3);
        assertEquals(""Incorrect RoundingMode behavior: RoundingMode.DOWN|  [MASK].setRoundingMode(RoundingMode.HALF_DOWN);
        String result = |"", result);

        result =  [MASK].format(11.5);
        assertEquals(""|.format(-11.5);
        assertEquals(""Incorrect RoundingMode behavior: RoundingMode.HALF|MASK].format(0.2);
        assertEquals(""Incorrect RoundingMode behavior: RoundingMode.HALF| result =  [MASK].format(11.3);
        assertEquals(""Incorrect RoundingMode behavior|.format(0.2);
        assertEquals(""Incorrect RoundingMode behavior: RoundingMode.UP"",|.format(0.2);
        assertEquals(""Incorrect RoundingMode behavior: RoundingMode.HALF_| setRoundingMode.setRoundingMode(RoundingMode.HALF_UP);
        result =  [|.format(11.3);
        assertEquals(""Incorrect RoundingMode behavior: RoundingMode.HALF|.format(0.2);
        assertEquals(""Incorrect RoundingMode behavior: RoundingMode.HALF_|.format(0);
        assertEquals(""Incorrect RoundingMode behavior: RoundingMode.DOWN"", ""0| [MASK].setRoundingMode(RoundingMode.HALF_DOWN);
        result =  [MASK|.format(11.3);
        assertEquals(""Incorrect RoundingMode behavior: RoundingMode.HALF|.format(0.2);
        assertEquals(""Incorrect RoundingMode behavior: RoundingMode.HALF_|.format(0.2);
        assertEquals(""Incorrect RoundingMode behavior after applyPattern"", ""0| of this DecimalFormat and test its
        // behavior
         [MASK].setRoundingMode(RoundingMode|.format(11.3);
        assertEquals(""Incorrect RoundingMode behavior: RoundingMode.DOWN|.format(0.2);
        assertEquals(""Incorrect RoundingMode behavior: RoundingMode.HALF_|.format(0.2);
        assertEquals(""Incorrect RoundingMode behavior: RoundingMode.UP"",| of differnt RoundingMode
         [MASK].setRoundingMode(RoundingMode.HALF_DOWN);|.format(0.2);
        assertEquals(""Incorrect RoundingMode behavior: RoundingMode.UP"",|.format(0.2);
        assertEquals(""Incorrect RoundingMode behavior: RoundingMode.HALF_|.format(0.2);
        assertEquals(""Incorrect RoundingMode behavior: RoundingMode.HALF_|.format(0.2);
        assertEquals(""Incorrect RoundingMode behavior: RoundingMode.DOWN"",| [MASK].applyPattern("".##"");
        result =  [MASK].format(0.1| ""-11"", result);

        // set RoundingMode.HALF_EVEN of this DecimalFormat|.format(-0.2);
        assertEquals(""Incorrect RoundingMode behavior after applyPattern"", ""-0|.format(0.2);
        assertEquals(""Incorrect RoundingMode behavior after applyPattern"", ""0|.format(0.2);
        assertEquals(""Incorrect RoundingMode behavior: RoundingMode.HALF_| differnt RoundingMode
         [MASK].setMaximumFractionDigits(3);

        // set RoundingMode.|.format(0.2);
        assertEquals(""Incorrect RoundingMode behavior: RoundingMode.HALF_| of of of of of of of of of of of of of of of of of of of of|.format(0);
        assertEquals(""Incorrect RoundingMode behavior: RoundingMode.DOWN"", ""0|.setMaximumFractionDigits(3);

        // set RoundingMode.HALF_DOWN of this DecimalFormat| differnt.format(11.5653);
        assertEquals(""Incorrect RoundingMode behavior|11.565, result);

        result =  [MASK].format(11|.format(0);
        assertEquals(""Incorrect RoundingMode behavior: RoundingMode.DOWN"", ""0|.get(0);
        }

        public void throwFailures() throws AssertionFailedError {
            if|.setRoundingMode(RoundingMode.HALF_DOWN);
        result =  [MASK].|.format(11.5653);
        assertEquals(""Incorrect RoundingMode behavior: Round|.format(0.2);
        assertEquals(""Incorrect RoundingMode behavior: RoundingMode.HALF_| of.format(11.5653);
        assertEquals(""Incorrect RoundingMode behavior:|(-0.2);
        assertEquals(""Incorrect RoundingMode behavior: RoundingMode.UP"", ""-0|(-0.2);
        assertEquals(""Incorrect RoundingMode behavior: RoundingMode.HALF_UP"",|.format(0.2);
        assertEquals(""Incorrect RoundingMode behavior: RoundingMode.HALF_|
         
         [MASK].format(11.5653);
        assertEquals(""Incorrect|(""11.565"", result);

        result =  [MASK].format(-|.format(0.2);
        assertEquals(""Incorrect RoundingMode behavior: RoundingMode.HALF_|.format(0);
        assertEquals(""Incorrect RoundingMode behavior: RoundingMode.HALF_UP"",|on, test different DecimalFormat format
        // function with differnt RoundingMode
         [MASK].|.format(11.5653);
        assertEquals(""Incorrect RoundingMode behavior: Round|.format(11.5653);
        assertEquals(""Incorrect RoundingMode behavior: Round|.format(11.5656);
        assertEquals(""Incorrect RoundingMode behavior: Round|on.setRoundingMode(RoundingMode.HALF_UP);
        result =  [MASK]|.format(11.5653);
        assertEquals(""Incorrect RoundingMode behavior: Round|.format(11.5656);
        assertEquals(""Incorrect RoundingMode behavior: Round|.format(11.5656);
        assertEquals(""Incorrect RoundingMode behavior: Round|
          [MASK].format(0.2);
        assertEquals(""Incorrect RoundingMode behavior: Round|.format(11.5653);
        assertEquals(""Incorrect RoundingMode behavior: Round|.format(11.5656);
        assertEquals(""Incorrect RoundingMode behavior: Round| failure.addSuppressed(failure);
            }
            throw combined;
        }
    }
}|.format(11.5653);
        assertEquals(""Incorrect RoundingMode behavior: Round|.format(11.5653);
        assertEquals(""Incorrect RoundingMode behavior: Round| [MASK].setMaximumFractionDigits(-2);

        // set RoundingMode.HALF_DOWN of|
        .setRoundingMode(RoundingMode.HALF_DOWN);
        result =  [MASK]|.format(11.5653);
        assertEquals(""Incorrect RoundingMode behavior: Round|.format(11.5);
        assertEquals(""Incorrect RoundingMode behavior: RoundingMode.HALF| [MASK].setRoundingMode(RoundingMode.HALF_UP);
        result =  [|
        .setRoundingMode(RoundingMode.HALF_DOWN);
        result =  [MASK]|.format(11.3);
        assertEquals(""Incorrect RoundingMode behavior: RoundingMode.CE|(11.5653);
        assertEquals(""Incorrect RoundingMode behavior: RoundingMode.|.setRoundingMode(RoundingMode.HALF_DOWN);
        result =  format.format(|(-11.5655);
        assertEquals(""Incorrect RoundingMode behavior: RoundingMode.|(11.5656);
        assertEquals(""Incorrect RoundingMode behavior: RoundingMode.|(11.5653);
        assertEquals(""Incorrect RoundingMode behavior: RoundingMode.| result =  [MASK].format(11.5653);
        assertEquals(""|.format(11.5653);
        assertEquals(""Incorrect RoundingMode behavior: Round|.format(11.5656);
        assertEquals(""Incorrect RoundingMode behavior: Round|(11.5653);
        assertEquals(""Incorrect RoundingMode behavior: RoundingMode.| result =  [MASK].format(11.5653);
        assertEquals(""|assertEquals(""Incorrect RoundingMode behavior: RoundingMode.CEILING"", ""12"", result);|(11.5653);
        assertEquals(""Incorrect RoundingMode behavior: RoundingMode.|.format(11.5653);
        assertEquals(""Incorrect RoundingMode behavior: Round| result =  [MASK].format(11.5653);
        assertEquals(""|assertEquals(""Incorrect RoundingMode behavior: RoundingMode.CEILING"", ""12"", result);|.format(11.5653);
        assertEquals(""Incorrect RoundingMode behavior: Round|
        result =  [MASK].format(0.125);
        assertEquals(""Incorrect|.format(0.2);
        assertEquals(""Incorrect RoundingMode behavior: RoundingMode.HALF_| result =  [MASK].format(5.5);
        assertEquals(""Incorrect RoundingMode behavior|11.565"", result);

        result =  format.format(-11.|.format(0.2);
        assertEquals(""Incorrect RoundingMode behavior: RoundingMode.HALF_|.format(0.2);
        assertEquals(""Incorrect RoundingMode behavior: RoundingMode.HALF_|.format(0.2);
        assertEquals(""Incorrect RoundingMode behavior: RoundingMode.HALF_| result =  format.format(0.2);
        assertEquals(""Incorrect RoundingMode behavior: Round|.format(11.5653);.format(-11.5);
       |.format(0.2);
        assertEquals(""Incorrect RoundingMode behavior: RoundingMode.HALF_| [MASK].format(0.125);
        assertEquals(""Incorrect RoundingMode behavior after| result =  format.format(0.2);
        assertEquals(""Incorrect RoundingMode behavior: Round|.format(0.255);
        assertEquals(""Incorrect RoundingMode behavior after applyPattern"",|.format(0.255);
        assertEquals(""Incorrect RoundingMode behavior: RoundingMode.|.format(0.255);
        assertEquals(""Incorrect RoundingMode behavior after applyPattern"",|.format(0.2);
        assertEquals(""Incorrect RoundingMode behavior after applyPattern"", "".2| result =  format.format(0.125);
        assertEquals(""Incorrect RoundingMode behavior| result =  format.format(0.125);
        assertEquals(""Incorrect RoundingMode behavior|.format(0.2);
        assertEquals(""Incorrect RoundingMode behavior after applyPattern"", "".2|.format(0.255);
        assertEquals(""Incorrect RoundingMode behavior after applyPattern"",|.format(0.255);
        assertEquals(""Incorrect RoundingMode behavior after applyPattern"",|.format(0.255);
        assertEquals(""Incorrect RoundingMode behavior after applyPattern"",| result =  format.format(0.125);
        assertEquals(""Incorrect RoundingMode behavior| result =  format.format(0.125);
        assertEquals(""Incorrect RoundingMode behavior|.format(0.125);
        assertEquals(""Incorrect RoundingMode behavior after applyPattern"",|.format(0.125);
        assertEquals(""Incorrect RoundingMode behavior after applyPattern"",|.format(0.125);
        assertEquals(""Incorrect RoundingMode behavior after applyPattern"",|.format(0.2);
        assertEquals(""Incorrect RoundingMode behavior after applyPattern"", "".2| result =  format.format(0.125);
        assertEquals(""Incorrect RoundingMode behavior| result =  format.format(0.125);
        assertEquals(""Incorrect RoundingMode behavior|.format(0.125);
        assertEquals(""Incorrect RoundingMode behavior after applyPattern"",|.format(0.125);
        assertEquals(""Incorrect RoundingMode behavior after applyPattern"",|.format(0.125);
        assertEquals(""Incorrect RoundingMode behavior after applyPattern"",|.format(0.125);
        assertEquals(""Incorrect RoundingMode behavior after applyPattern"",| result =  format.format(0.125);
        assertEquals(""Incorrect RoundingMode behavior| result =  format.format(0.125);
        assertEquals(""Incorrect RoundingMode behavior|.format(0.125);
        assertEquals(""Incorrect RoundingMode behavior after applyPattern"",|.format(0.125);
        assertEquals(""Incorrect RoundingMode behavior after applyPattern"",|.format(0.125);
        assertEquals(""Incorrect RoundingMode behavior after applyPattern"",|.format(0.125);
        assertEquals(""Incorrect RoundingMode behavior after applyPattern"",",
946,originalNode,MASK,False,4,MASK|MASK|ANode|ANode,"[MASK]<file_sep><fim_prefix><fim_suffix>e.
 */

package org.elasticsearch.painless.","[MASK]<file_sep><fim_prefix><fim_suffix>e.
 */

package org.elasticsearch.painless.|MASK.getIdentifier(), targetNode.getIdentifier(), type);
    }

    public <T extends Decoration|, ANode targetNode, Class<? extends Condition> type) {
        return replicate( [MASK| ANode.getIdentifier(), targetNode.getIdentifier(), type);
    }

    public boolean copyCondition(",
947,message,,False,5,|ring|ring|String|);,"
                // this is to avoid failing automation that relies on installing this plugin during deployment
                terminal.println","
                // this is to avoid failing automation that relies on installing this plugin during deployment
                terminal.println|ring containing the SHA-1. The supported format of the SHA-512 files is a|ring  ring  ring  ring  ring  ring  ring  ring  ring  ring |  = String.format(
                Locale.ROOT,
                ""plugin directory [%s] already exists|);
        }
    }

    private static void verifyPluginName(Path pluginRoot, String pluginName",
948,strategy,allocation,False,4,allocation|allocation|allocation|allocation,       allocation<file_sep>/server/src/main/java/org/elasticsearch/index/mapper/,"       allocation<file_sep>/server/src/main/java/org/elasticsearch/index/mapper/|allocation.reroute(clusterState, ""reroute"", ActionListener.noop());

        assertEquals(1|allocation, clusterState);

        assertEquals(1, clusterState.getRoutingNodes().node(""node| allocation.reroute(clusterState, ""reroute"", ActionListener.noop());

        assertEquals(1",
949,versions,MASK,False,8,MASK|MASK|MASKe|MASKe|CompatibilityVersions|MASK|MASK|version," [MASK]  = List.of(compatibilityVersions1, compatibilityVersions2);

        assertThat("," [MASK]  = List.of(compatibilityVersions1, compatibilityVersions2);

        assertThat(|MASK ), equalTo(compatibilityVersions1));
    }

    public void testMinimumTransportVersionsWithDifferentMappings|MASK<file_sep><fim_prefix><fim_suffix>e.get(0).get(""name"").getAsString(), equalTo(""test| MASKe ),
            equalTo(new CompatibilityVersions(TransportVersion.current(), Map.of("".system|CompatibilityVersions objects are immutable, so we can't just create a new
     * CompatibilityVersions object with|MASK  = List.of(compatibilityVersions1, compatibilityVersions2);

        assertThat(CompatibilityVersions|MASK ), equalTo(new CompatibilityVersions(version1, mappings2)));
    }

    public void test|version""));
    }

    public void testPreventJoinClusterWithUnsupportedMappingsVersion2() {
        List",
950,field,expression,False,2,expression|expressione,"expression) {
        return new MvMin(source, expression);
    }

    @Override
   ","expression) {
        return new MvMin(source, expression);
    }

    @Override
   |expression<file_sep><fim_prefix><fim_suffix>e.xpack.esql.expression.function.scalar.string.",
951,pictureType,MASK,False,12,MASK|MASK|MASK|MASK|MASK|MASK|MASK|MASK|MASK|MASK|MASK|MASK," [MASK] ;
  /** The type of the picture. */
  public final int  [MASK"," [MASK] ;
  /** The type of the picture. */
  public final int  [MASK| [MASK] ,
      String mimeType,
      String description,
      int width,
      int height| [MASK]  =  [MASK] ;
    this.mimeType = mimeType;
    this|MASK ;
    this.mimeType = mimeType;
    this.description = description;
    this.| MASK  = in.readInt();
    this.mimeType = castNonNull(in.readString());|MASK, mimeType);
  }

  /**
   * Returns the MIME type of the picture.
   *| MASK  == other. [MASK] )
        && mimeType.equals(other.mimeType)| MASK )
        && mimeType.equals(other.mimeType)
        && description.equals(other|MASK ;
    result = 31 * result + mimeType.hashCode();
    result = 3| MASK );
    dest.writeString(mimeType);
    dest.writeString(description);
    dest.|MASK  = pictureBlock.readInt();
    int type = pictureBlock.readInt();
    int mimeType| MASK <file_sep><fim_prefix><fim_suffix>e.
   * @param listener The listener to be notified of changes to",
952,validPerPosition,MASK,False,5,MASK|MASK|MASKe|MASKe|MASKe,"[MASK], List<DataType> signature) {
        return expectedTypeErrorMatcherForMatch( [","[MASK], List<DataType> signature) {
        return expectedTypeErrorMatcherForMatch( [|   MASK,
                    signature,
                    (l, p) -> p == 0? expectedTypes| MASK<file_sep><fim_prefix><fim_suffix>e.xpack.esql.expression.function.scalar.string.|MASKe.get(i).contains(signature.get(i)) == false) {
               |MASKe, signature, positionalErrorMessageSupplier);
        } catch (IllegalStateException e) {
            // This",
953,contexts,MASK,False,3,MASK|MASK|MASK,"[MASK]<file_sep><fim_prefix><fim_suffix>e.get(0).get(""name"").getAsString());
       ","[MASK]<file_sep><fim_prefix><fim_suffix>e.get(0).get(""name"").getAsString());
       |MASK.put(TestFieldScript.CONTEXT, whitelists);
        whitelists = new|MASK ;
    }

    @Override
    protected void setupScriptEngine() {
        super.setupScript",
954,latch,block,False,3,block|block|block,"block = new CountDownLatch(1);
            for (int i = 0; i < size","block = new CountDownLatch(1);
            for (int i = 0; i < size|block.await();
                    } catch (InterruptedException e) {
                        fail(e.toString());
                   |block.await();

            // these tasks will be rejected
            long counter = 0;
            for",
955,vVector,vBlock,False,11,vBlock|vBlock|vBlock|vBlock|vBlock|MASK|MASK|MASK|MASK|MASK|MASK,"vBlock = vBlock.asVector();
    if ( [MASK]  == null) {","vBlock = vBlock.asVector();
    if ( [MASK]  == null) {|vBlock.mayHaveNulls()  == null) {
      maybeEnableGroupIdTracking(seen|vBlock);
      }

      @Override
      public void add(int positionOffset, IntBigArray|vBlock );
      }

      @Override
      public void add(int positionOffset, IntVector group|vBlock );
      }

      @Override
      public void close() {
      }
    };
  }| [MASK] ) {
    for (int groupPosition = 0; groupPosition < groups.|MASK.getInt(valuesPosition);
        state.set(groupId, SumIntAggregator.combine(|MASK ) {
    for (int groupPosition = 0; groupPosition < groups.getPositionCount|MASK.getInt(valuesPosition);
        state.set(groupId, SumIntAggregator.combine(|MASK ) {
    for (int groupPosition = 0; groupPosition < groups.getPositionCount|MASK.getInt(valuesPosition);
      state.set(groupId, SumIntAggregator.combine(",
956,listener,listener,True,2,listener|if,"listener
    ) {
        execute(task, request, listener);
    }

    @Override
    protected","listener
    ) {
        execute(task, request, listener);
    }

    @Override
    protected|if (metadata == null) {
            listener.onFailure(new IllegalStateException(""no cluster metadata""));",
957,velocityY,MASK,False,16,MASK|MASK|MASK|MASK|MASK|MASK|MASK|MASK|{|*/|the|horizontally|) {||its|scrollX," [MASK] ;

	/** Creates a scroll pane with the specified actor and the default style."," [MASK] ;

	/** Creates a scroll pane with the specified actor and the default style.| [MASK]  = Math.abs(y) > 150 && scrollY?| MASK != 0) {
					if (cancelTouchFocus) cancelTouchFocus();
				|MASK );
				}
			}

			public boolean handle (Event event) {
				|MASK]  * delta;
			clamp();

			// Stop fling if hit overscroll|MASK  = 0;

			flingTimer -= delta;
			if (fling|MASK  = 0;

			flingTimer -= delta;
			if (fling| MASK  = 0;
			}

			animating = true;
		}

	| {
		this. [MASK]  =  [MASK] ;
	}

	| */
	public float getVelocityY () {
		return  [MASK] ;
	|, the actor will be sized to the FlickScrollPane in the disabled direction. */
	public| horizontally. */
	public void setScrollX (boolean scrollX) {
		if|  ) {
		this.fadeAlphaSeconds = fadeAlphaSeconds;
		this.fade|
	 * @author <NAME> */
	static public class ScrollPaneStyle {
		public @| its bounds and will animate back to its bounds when scrolling is stopped. */
	public void set|!scrollX || amountX >= maxX;
	}

	public boolean isBottomEdge",
958,outputSurfaceInfo,outputSurfaceInfo,True,1,outputSurfaceInfo,"outputSurfaceInfo);

  /**
   * Returns the {@link SurfaceInfo} for the output surface.","outputSurfaceInfo);

  /**
   * Returns the {@link SurfaceInfo} for the output surface.",
959,invocation,invocation,True,5,invocation|MASK|MASK|MASK|MASK,"invocation.InvocationOnMock;
import org.mockito.stubbing.Answer;
import org","invocation.InvocationOnMock;
import org.mockito.stubbing.Answer;
import org|[MASK] ) throws Throwable {
                ResizeOptions resizeOptions = (ResizeOptions)  [MASK|[MASK].getArguments()[0];
                return resizeOptions.width <= width && resizeOptions|MASK ) throws Throwable {
                Consumer<EncodedImage> consumer =
                    (Consumer<EncodedImage>)|MASK<file_sep>/vnext/src/androidTest/java/com/facebook/imagepipeline/",
960,builder,builder,True,7,builder|builder|if|if|if|builder|builder,"builder, Params params) throws IOException {
        builder.startObject();
        {
            builder.field","builder, Params params) throws IOException {
        builder.startObject();
        {
            builder.field|builder  [MASK] <file_sep><fim_prefix>/*
 * Copyright Elasticsearch B.V. and/or|if (advancedSnippet!= null) {
                 builder.field(ADVANCED_SNIPPET_|if.field(RULES_FIELD.getPreferredName(), rules);
             if.field(|if.field(VALIDATION_FIELD.getPreferredName(), filteringValidationInfo);
        }
         [|builder.endObject();
        return  [MASK] ;
    }

    @Override
    public String|builder ;
    }

    public static Builder builder() {
        return new Builder()<file_sep><fim_prefix><fim_suffix>e",
961,resolverUtil,MASK,False,3,MASK|MASK|MASK,[MASK]<file_sep>/src/main/java/org/apache/ibatis/reflection/,"[MASK]<file_sep>/src/main/java/org/apache/ibatis/reflection/|   MASK .find(new ResolverUtil.IsA(superType), packageName);
    Set|MASK.getClasses();
    for (Class<?> type : typeSet) {
      registerAlias(",
962,element,*;,False,5,*;|PackageElement|PackageElement|;|element,"*;
import javax.lang.model. [MASK].AnnotationMirror;
import javax.","*;
import javax.lang.model. [MASK].AnnotationMirror;
import javax.| *;.PackageElement;
import javax.lang.model.  *;.TypeElement|*;.PackageElement;
import javax.lang.model.  [MASK].Type|;
import javax.lang.model.  ;
import javax.lang.model. |element) {
    return """";
  }

  @Override
  protected String nullability(TypeMirror type",
963,carry,MASK,False,9,MASK|MASK|MASK|MASK|MASK|estPartsIndexIndex|MASK|e|Msg," [MASK]  = true;  //add 1 to lowest order part.
      boolean max"," [MASK]  = true;  //add 1 to lowest order part.
      boolean max|MASK ) {
            if (index < part.length - 1) {
               index++;
              | MASK  = false;
            } else {
               testPartsIndex[testPartsIndexIndex] =|MASK  = true;
            }
         }
      }


      return!maxIndex;
   }

  |  [MASK] Msg = new StringBuilder(""{"");
      for (int testPartsIndexIndex = |estPartsIndexIndex = 0; testPartsIndex.length; ++testPartsIndexIndex)|MASK  = true;  //add 1 to lowest order part.
      boolean maxIndex =|e = a + b;
      e = a + b;
      e = a + b;| Msg.toString();

   }

    @Test
    void testValidator355() { // user",
964,pIgnoreExceptions,pIgnoreExceptions,True,3,pIgnoreExceptions|pIgnoreExceptions|pIgnoreExceptions,"pIgnoreExceptions the exceptions to be ignored
         * @return this {@link HystrixCommandBuilder","pIgnoreExceptions the exceptions to be ignored
         * @return this {@link HystrixCommandBuilder|pIgnoreExceptions) {
            this.ignoreExceptions = pIgnoreExceptions;
            return this;
       |pIgnoreExceptions );
            return this;
        }

        /**
         * Sets exceptions that should be ignored",
965,errorMessage,error,False,18,error|error|error|error|error|error|error|error|error|error|error|error|error|error|error|error|error|error,"error = runTest();
                        if (error!= null) {
                            showError(error);
                           ","error = runTest();
                        if (error!= null) {
                            showError(error);
                           |error!= null) {
                            showError(error);
                        }
                    } else {
                        String |error );
                        }
                    } else {
                        showError( ""Known failure: "" + tuple<file_sep>| error  = tuple.format(tuple.output, tuple.format);
            if (error!=|error != null) {
                result.append( error );
            }
        } else if (| error );
            }
        } else if (tuple.parse!= null && tuple.output!= null|error  = codeUnderTest.toPattern(tuple);
            if ( error != null) {| error != null) {
                result.append( error );
            }
        } else if (| error );
            }
        } else if (tuple.parse!= null && tuple.output!= null|error  = codeUnderTest.parse(tuple);
            if ( error != null) {
               | error != null) {
                result.append( error );
            }
        } else if (| error );
            }
        } else if (tuple.parse!= null && tuple.output!= null|error  = codeUnderTest.parse(tuple);
            if ( error != null) {
               | error != null) {
                result.append( error );
            }
        } else if (| error );
            }
        } else if (tuple.select!= null && tuple.output!= null|error  = codeUnderTest.select(tuple);
            if ( error != null) {
               |error != null) {
                result.append( error );
            }
        } else if (| error );
            }
        } else if (tuple.select!= null) {
            String  error",
966,nameAndTypeItemOffset,itemLength,False,10,itemLength|itemLength|itemOffset|itemOffset|itemLength|memberRefItemOffset|memberRefItemOffset|itemLength|itemOffset|itemOffset," itemLength = classReader.readUnsignedShort(itemOffset);
      switch (itemTag) {"," itemLength = classReader.readUnsignedShort(itemOffset);
      switch (itemTag) {| itemLength = 2;
            break;
        case Symbol.CONSTANT_STRING_TAG:
           |itemOffset + 2, charBuffer));
          break;
        case Symbol.CONSTANT_STRING_| itemOffset  + 2, charBuffer),
              classReader.readByte(itemOffset -|   itemLength  =
              classReader.getItem(classReader.readUnsignedShort(itemOffset|memberRefItemOffset + 2, charBuffer));
          break;
        case Symbol.CONSTANT_|memberRefItemOffset  + 2, charBuffer),
              classReader.readByte(member|  itemLength  =
              classReader.getItem(classReader.readUnsignedShort(itemOffset|itemOffset, charBuffer),
              classReader.readUnsignedShort(itemOffset));
          break;|itemOffset + 2, charBuffer));
          break;
        case Symbol.CONSTANT_MODULE_",
967,columnMatcher,MASK,False,9,MASK|MASK|MASK|MASK|MASK|MASK|MASK|MASK|MASK, [MASK]  = columnPattern!= null? Pattern.compile(columnPattern.asJavaRegex," [MASK]  = columnPattern!= null? Pattern.compile(columnPattern.asJavaRegex|[MASK], mode);
                        }
                        delegate.onResponse(ListCursor.of(Rows| MASK,
                                mode
                            );
                        }
                        delegate.onResponse(ListCursor.of(Rows|[MASK],
        Counter position
    ) {
        fillInRows(clusterName, indexName|MASK, position, mode);
    }

    static void fillInRows(
        String clusterName,|MASK,
        Counter position,
        Mode mode
    ) {
        fillInRows(clusterName,| MASK<file_sep>/x-pack/plugin/core/src/main/java/org/elasticsearch|MASK<file_sep>/*
 * Copyright Elasticsearch B.V. and/or licensed to Elasticsearch B.V|MASK, position, mode);
            }
        }
    }

    static void fillInRows(
       ",
968,androidMorEarlier,MASK,False,7,MASK|MASK|MASK|MASK|MASK|MASK|MASK,"[MASK]  = Build.VERSION.SDK_INT <= 23;
    try {","[MASK]  = Build.VERSION.SDK_INT <= 23;
    try {|[MASK] ) {
        // will pass with default CAs on N or later
        fail();|MASK );
    }
  }

  @Test public void getPassesWithAdditionalCert() throws IOException|  MASK  = Build.VERSION.SDK_INT <= 23;

    OkHttpClient.| MASK ) {
      // will fail with default CAs on N or later
      sendRequest(client|MASK ) {
        fail();
      }
    } catch (SSLHandshakeException sslhe) {
     | MASK );
    }

    try {
      sendRequest(client, ""https://expired.badssl",
969,concurrencyCompensation,concurrencyCompensation,True,2,concurrencyCompensation|concurrencyCompensation,"concurrencyCompensation = outstandingRequests * clientNum;

            // Cubic queue adjustment factor. The paper","concurrencyCompensation = outstandingRequests * clientNum;

            // Cubic queue adjustment factor. The paper|concurrencyCompensation / (1 + concurrencyCompensation) * (1 - Math.pow(q",
970,clusterer,MASK,False,8,MASK|MASK|MASK|MASK|Json|MASK|MASK|MASK,"  [MASK]<file_sep><fim_prefix><fim_suffix>e.get(0).get(0).get(""v","  [MASK]<file_sep><fim_prefix><fim_suffix>e.get(0).get(0).get(""v| [MASK]  = config.apply(project);
         [MASK].computeClusters(new|[MASK].computeClusters(new Engine(project));
        TestUtils.isSerializedTo( [| MASK,  MASK Json);
    }

    @Test
    public void testSerializeBinningClusterer|Json);
    }

    @Test
    public void testSerializeBinningClustererWithNgrams()|MASK  = config.apply(project);
         MASK.computeClusters(new Engine(project));| MASK.computeClusters(new Engine(project));
        assertEquals( [MASK].getJsonRepresentation| MASK.getJsonRepresentation().size(), 1);
    }

    @Test
    public void test",
971,targetClass,) {,False,3,) {|;|))," ) {
		String msg = ""overflow: from="" + number + "", toClass="" +"," ) {
		String msg = ""overflow: from="" + number + "", toClass="" +| ;
		assertThatIllegalArgumentException().as(msg).isThrownBy(() ->
				NumberUtils.| ))
			.withMessageEndingWith(""overflow"");
	}

	private void assertTo",
972,maxLength,length,False,2,length|length,"length) {
    if (input.length() <= length) {
      return input;
    }","length) {
    if (input.length() <= length) {
      return input;
    }|length);
    }
    if (length > 32) {
      // MD5 is ",
973,apiKey,MASK,False,12,MASK|MASK|MASK|MASK|MASK|MASK|MASK|MASK|MASK|MASK|MASK|MASK," [MASK],
        String modelName,
        @Nullable String user
    ) {
        return new"," [MASK],
        String modelName,
        @Nullable String user
    ) {
        return new|[MASK].toCharArray()))
        );
    }

    public static OpenAiEmbeddingsModel createModel|[MASK],
        String modelName,
        @Nullable String user
    ) {
        return new|MASK.toCharArray()))
        );
    }

    public static OpenAiEmbeddingsModel createModel(
       |[MASK]<file_sep><fim_prefix><fim_suffix>e.xpack.core.ml.inference.trainedmodel.|MASK.toCharArray()))
        );
    }

    public static OpenAiEmbeddingsModel createModel(
       |[MASK],
        String modelName,
        @Nullable String user,
        @Nullable Integer token|MASK.toCharArray()))
        );
    }

    public static OpenAiEmbeddingsModel createModel(
       |[MASK]<file_sep><fim_prefix><fim_suffix>e.
 */

package org.elasticsearch.xpack.| MASK.toCharArray()))
        );
    }

    public static OpenAiEmbeddingsModel createModel(
       |MASK,
        String modelName,
        @Nullable String user,
        @Nullable SimilarityMeasure similarity| MASK.toCharArray()))
        );
    }

    public static OpenAiEmbeddingsModel createModel(
       ",
974,thisModuleExports,moduleClasses,False,2,moduleClasses|moduleClasses,"moduleClasses = kv.getValue();
                    var moduleExports<file_sep><fim_prefix><fim_suffix>e.xcontent.X","moduleClasses = kv.getValue();
                    var moduleExports<file_sep><fim_prefix><fim_suffix>e.xcontent.X|moduleClasses);
                } else {
                    kv.getValue().forEach(
                        x -> Files.delete",
975,withNulls,MASK,False,4,MASK|MASK|MASK|MASK,[MASK]<file_sep><fim_prefix><fim_suffix>e.xpack.esql.expression.function.aggregate;,"[MASK]<file_sep><fim_prefix><fim_suffix>e.xpack.esql.expression.function.aggregate;|   [MASK].add(null);
                    } else {
                         [MASK].add(|MASK.add(fieldTypedData.multiRowData().get(row));
                    }
                }|MASK ;
            }
            if (randomBoolean()) {
                List<Object>  MASK  =",
976,globalCheckpoint,MASK,False,9,"MASK|primaryShard|0, 100);|primaryShard|primarySharde|sourceMetadata|replicaShard|sourceMetadatae|numDocs","  [MASK]<file_sep><fim_prefix><fim_suffix>e.get(0).getShardId().getIndexName(),","  [MASK]<file_sep><fim_prefix><fim_suffix>e.get(0).getShardId().getIndexName(),| primaryShard.flush(new FlushRequest());
            }
        }
        IndexShard replicaShard = new|0, 100);
                primaryShard.updateLocalCheckpointForShard(primaryShard.|primaryShard.routingEntry().allocationId().getId(),  [MASK] );
                primaryShard.|  primaryShard<file_sep><fim_prefix><fim_suffix>e.get(0).getShardId().getIndexName(), equalTo|   sourceMetadata,
                ActionListener<Void> listener
            ) {
                super.prepareForTranslog|replicaShard.getLastKnownGlobalCheckpoint(), equalTo(primaryShard.getLastKnownGlobalCheckpoint()));
                super|  sourceMetadata<file_sep><fim_prefix><fim_suffix>e.get(0).getShardId().getIndexName(), equalTo|numDocs));
        closeShards(primaryShard, replicaShard);
    }

    public void testPeer",
977,separator,For,False,5,For|MASK|MASK|MASK|MASK,"}. For example,
   * {@code join(""-"", 1.0, 2.0","}. For example,
   * {@code join(""-"", 1.0, 2.0|  [MASK] the separator to appear between consecutive values in the resulting string
   *     (but|  MASK, double... array) {
    checkNotNull( [MASK] );
    if (array.| MASK, array);
    if (array.length == 0) {
      return """";
    }| MASK );
    }
    return builder.toString();
  }

  /**
   * Returns a string containing",
978,parsedHeuristic,MASK,False,5,MASK|MASK|MASK|MASKe|MASKe," [MASK]<file_sep><fim_prefix><fim_suffix>e.get(0).getDocCount(), equalTo(1L"," [MASK]<file_sep><fim_prefix><fim_suffix>e.get(0).getDocCount(), equalTo(1L|MASK);
            }
        }
    }

    public void testParseFromString() throws IOException {
        Sign| MASK  = parseSignificanceHeuristic(stParser);
        assertThat(significanceHe|  MASK<file_sep><fim_prefix><fim_suffix>e.get(0).getDocCount(), equalTo(1L));| MASK<file_sep><fim_prefix><fim_suffix>e.get(0).getDocCount(), equalTo(1L));
       ",
979,otherSettings,MASK,False,2,MASK|MASK," [MASK] ) {
        return Settings.builder()
          .put(super.nodeSettings("," [MASK] ) {
        return Settings.builder()
          .put(super.nodeSettings(| MASK ))
          .put(LifecycleSettings.LIFECYCLE_HISTORY_INDEX_ENABLED, false",
980,expectedMap,expectedValueMap,False,5,expectedValueMap|expectedValueMap|expectedValueMap|expectedValueMape|expectedValueMap,expectedValueMap<file_sep><fim_prefix>/server/src/main/java/org/elasticsearch/index/,"expectedValueMap<file_sep><fim_prefix>/server/src/main/java/org/elasticsearch/index/|expectedValueMap.keySet()))
               .filter(each -> each.entrySet().stream()
                   .|expectedValueMap
                   .keySet()
                    + "" but it was ""
                    + actualList,
               |expectedValueMap<file_sep><fim_prefix><fim_suffix>e.get(0).get(""name"").getAsString(), is|expectedValueMap<file_sep>/server/src/main/java/org/elasticsearch/index/mapper",
981,classes,ethod,False,2,ethod|ethod," <file_sep><fim_prefix><fim_suffix>ethod.getName());
        }
    }
}
<fim_middle>/*
 *"," <file_sep><fim_prefix><fim_suffix>ethod.getName());
        }
    }
}
<fim_middle>/*
 *| ethod ) {
                if (""java.util.Collections$UnmodifiableMap"".equals(cl",
982,nullability,nullable,False,4,nullable|nullable|nullable|nullable," nullable,
        NameId id,
        boolean synthetic
    ) {
        super(source, parent,"," nullable,
        NameId id,
        boolean synthetic
    ) {
        super(source, parent,|nullable, id, synthetic);
    }

    public OptionalResolvedAttribute(
        Source source,
        Field| nullable,
        NameId id,
        boolean synthetic
    ) {
        return new OptionalResolvedAttribute(|nullable, id, synthetic);
    }

    @Override
    protected Attribute clone(
        Source source,",
983,metaAnnotation,metaAnnotations,False,12,metaAnnotations|metaAnnotation|metaAnnotations|metaAnnotation|source|metaAnnotation|MASK|source|source|MASK|MASK|annotationType,"metaAnnotations = AnnotationsScanner.getDeclaredAnnotations(annotationType, false);
		for (Annotation","metaAnnotations = AnnotationsScanner.getDeclaredAnnotations(annotationType, false);
		for (Annotation|metaAnnotation : AnnotationsScanner.getDeclaredAnnotations(annotationType, true)) {
			if (!|metaAnnotations;
			if (metaAnnotation instanceof AnnotationTypeMapping.MetaAnnotation) {
				|metaAnnotation)) {
				continue;
			}
			addIfPossible(queue, source|source,  [MASK] );
			if (repeatedAnnotations!= null) {
				for|metaAnnotation, meta, visitedAnnotationTypes);
			}
			if (meta) {
			|[MASK] ) {
		return ( [MASK] != null && this.filter.|source.getAnnotationType()!= annotationType &&
				source.getAnnotation()!= null &&
				|source.getAnnotationType(), annotationType) &&
				!AnnotationFilter.PLAIN.matches(source|MASK ) &&
				!isAlreadyMapped(source, AnnotationUtils.findAnnotation(source.| MASK ) {
		return isAlreadyMapped(source,  MASK.annotationType());
	|.annotationType();
		AnnotationTypeMapping mapping = source;
		while (mapping!= null",
984,fieldsProducers,mergeFieldInfos,False,7,mergeFieldInfos|storedFieldsReaders|storedFieldsReaders|mergeFieldInfos|storedFieldsReaders|storedFieldsReaders|in,"mergeFieldInfos = new FilterFieldInfos(in.mergeFieldInfos, fields);
        var  ","mergeFieldInfos = new FilterFieldInfos(in.mergeFieldInfos, fields);
        var  |storedFieldsReaders.length];
        for (int i = 0; i < in.|storedFieldsReaders.length; i++) {
            mergeFieldInfos[i] = in.|mergeFieldInfos [i] = in. storedFieldsReaders [i] == null? null| storedFieldsReaders [i] == null? null : new FilterFieldsProducer(in. stored|storedFieldsReaders [i], fields);
        }
        var mergeFieldInfos  = new Fields|in.termVectorsReaders,
            in.normsProducers,
            in.docValues",
985,returnType,MASK,False,6,MASK|MASK|MASK|MASK|MASK|MASK," [MASK]     <file_sep><fim_prefix><fim_suffix>ethodParameter  [MASK],
			@Nullable Object"," [MASK]     <file_sep><fim_prefix><fim_suffix>ethodParameter  [MASK],
			@Nullable Object|[MASK], Class<? extends HttpMessageConverter<?>> converterType);

	/**
	 * Whether|  [MASK]  the return type of the controller method
	 * @param selectedContentType the content|MASK, MediaType selectedContentType,
			Class<? extends HttpMessageConverter<?>> selectedConverterType,
		|MASK  the return type of the controller method
	 * @param selectedContentType the content type selected through|MASK,
			MediaType selectedContentType, Class<? extends HttpMessageConverter<?>> selectedConverterType) {",
986,object,of,False,7,of||) {|matches|equals|;|;," of the specified array.
   *
   * <p>The returned converter is serializable.
  "," of the specified array.
   *
   * <p>The returned converter is serializable.
  |
   * written to or read from it.
   *
   * <p>The returned list may|) {
      if ( [MASK]  == this) {
        return true;
      }
     |.matches()) {
      return Double.parseDouble(string);
    }
    return null;
  }|.equals( [MASK] );
    }
    return super.equals( [MASK] );
 | ;
        int size = size();
        if (that.size()!= size) {
          return|;
    }

    @Override
    public int hashCode() {
      int result = 1;
     ",
987,initial,MASK,False,3,MASK|MASK|MASK,"[MASK],
                Serializable deserialized) {

            SerializationTest.THROWABLE_COMPARATOR.","[MASK],
                Serializable deserialized) {

            SerializationTest.THROWABLE_COMPARATOR.|MASK,
                    deserialized);
        }

        public void assertSerialized(Serializable  MASK,
                Serializable deserialized|MASK ;
            UnknownFormatFlagsException desrEx = (UnknownFormatFlagsException) deserialized;

           ",
988,source,annotation,False,22,annotation|MASK|annotationType|MASK|MASK|MASK|MASK|MASK|MASK|MASK|MASK|MASK|MASK|MASK|MASK|MASK|MASK|MASK|MASK|MASK|MASK|MASK,"annotation
 * type. Performs a recursive breadth first crawl of all meta-annotations to
","annotation
 * type. Performs a recursive breadth first crawl of all meta-annotations to
| [MASK],
			AnnotationTypeMapping mapping) {

		if (mapping.isMeta|annotationType);
		for (Annotation metaAnnotation : metaAnnotations) {
			if (!is| [MASK], metaAnnotation)) {
				continue;
			}
			Annotation[] repeated| [MASK], repeatedAnnotation)) {
						continue;
					}
					addIfPossible|[MASK], repeatedAnnotation);
				}
			}
			else if (metaAnnotation|[MASK], metaAnnotation);
			}
			if (metaAnnotation.annotationType()|[MASK], Annotation metaAnnotation) {
		addIfPossible(queue,  [MASK|[MASK], ann.annotationType(), ann, false, visitedAnnotationTypes);
	}|[MASK],
			@Nullable Annotation ann) {

		addIfPossible(queue,| [MASK], this.repeatableContainers, this.filter,
					annotationType, ann|MASK, ex);
			}
		}
	}

	private void addIfPossible|MASK .getAnnotationType() : null), ex);
			}
		}
		catch|[MASK], Annotation metaAnnotation) {
		return (metaAnnotation!= null && this.| MASK.getAnnotationType()) &&
				!isAlreadyMapped( MASK, metaAnnotation));
	| MASK, metaAnnotation));
	}

	@Contract(""_, null -> false"")
	| MASK, Annotation metaAnnotation) {
		return isAlreadyMapped( MASK, metaAnnotation.annotation|MASK.getMapping(annotationType);
		if (mapping == null) {
			return|[MASK]  annotation type
	 * @return type mappings for the annotation type
	 */
	|MASK  annotation type
	 * @param visitedAnnotationTypes the set of annotations that we have already
	|MASK  annotation type
	 * @param repeatableContainers the repeatable containers that may be used by|MASK  annotation type
	 * @param repeatableContainers the repeatable containers that may be used by",
989,onScriptError,onScriptError,True,6,onScriptError|onScriptErrore|onScriptErrore|onScriptError|onScriptError|onScriptError,"onScriptError, LeafReaderContext ctx) {
            return ctx -> new GeometryFieldScript(field","onScriptError, LeafReaderContext ctx) {
            return ctx -> new GeometryFieldScript(field|onScriptError<file_sep><fim_prefix><fim_suffix>e.
 */

package org.elasticsearch.xpack.|onScriptErrore, ctx) {
                    @Override
                    public void setDocument(int docId|onScriptError ) {
            return new LeafFactory() {
                @Override
                public GeometryFieldScript| onScriptError,
        LeafReaderContext ctx
    ) {
        super(fieldName, params, search|onScriptError<file_sep><fim_prefix>/*
 * Copyright Elasticsearch B.V. and/or licensed to Elasticsearch",
990,inferenceEntityId,user,False,2,user|id,"  user
    ) {
        return new OpenAiEmbeddingsModel(
            ""id"",
            Task","  user
    ) {
        return new OpenAiEmbeddingsModel(
            ""id"",
            Task|""id"",
            TaskType.TEXT_EMBEDDING,
            ""service"",
            new",
991,allULocales,DateFormatSymbols,False,3,"DateFormatSymbols|, ""1970 08 01 0:00:00|z"," = DateFormatSymbols.getAvailableULocales();
            if ( [MASK].length == "," = DateFormatSymbols.getAvailableULocales();
            if ( [MASK].length == |"", ""1970 08 01 0:00:00| ""z\u00E1\u0159"",        ""197",
992,params,params,True,1,params,"params) throws IOException {
        return toXContent(builder, params, false);
    }

   ","params) throws IOException {
        return toXContent(builder, params, false);
    }

   ",
993,minutesStr,"= ""2010-04-16 12:23:3",False,6,"= ""2010-04-16 12:23:3||new|new|);|dateStyle"," = ""2010-04-16 12:23:3"," = ""2010-04-16 12:23:3|
        String DATA[] = {
                ""yyyy-MM-dd HH:mm:ss.SS| = new Date(today.getTime() - (5*60 + 43)*1|, new Locale(""en_US""));
        SimpleDateFormat fmt = new SimpleDateFormat(""yyyy-MM-dd|"");
        }
    }

    @Test
    public void Test6880() {
        String|dateStyle "" + dateStyle);
        }
    }

    @Test
    public void TestSimpleDateFormat()",
994,decompressedSize,UDEFINE1,False,2,UDEFINE1|];,"   UDEFINE1                       = 0xE9;
    private final static int UDEFINE2                      ","   UDEFINE1                       = 0xE9;
    private final static int UDEFINE2                      |];

        // for looping
        int unicharBufferSize = 2;//byteBufferSize;
        char",
995,chunkingSettingsMap,chunkingSettingsMap,True,2,chunkingSettingsMap|chunkingSettingsMap,"chunkingSettingsMap = (Map<String, Object>) args[1];
            ChunkingSettings","chunkingSettingsMap = (Map<String, Object>) args[1];
            ChunkingSettings|chunkingSettingsMap);
            Objects.requireNonNull(size, ""size must be set""<file_sep>/",
996,distance,,False,12,|MASK|MASK|toIndex|MASK|int|array|fromIndex|code|) {|MASK|MASK,"
   *     to primitives
   * @throws NullPointerException if {@code array} is {@code null}","
   *     to primitives
   * @throws NullPointerException if {@code array} is {@code null}| [MASK]  + i) mod array.length}. This is equivalent to {@code
   *|MASK] )}, but is considerably faster and avoids allocation and garbage collection.
   *
   *|     toIndex, 0, array.length);
  }

  /**
   * Performs a right| MASK } may be negative, which will rotate left.
   *
   * @since 32|(int index, int length) {
    checkElementIndex(index, length);
    return array|, 0, array.length);
  }

  /**
   * Returns the index of the first|(fromIndex, toIndex)<file_sep>/jre_emul/android/platform/libcore|code null} if {@code array} is {@code null}
   * @since 1.| ) {
    checkNotNull(array);
    checkPositionIndexes(fromIndex, toIndex, array.| MASK  + i) mod array.length}. This is how many
   * places left to rotate| MASK  + i) mod array.length}.
   *
   * <p>The provided """,
997,contentSupplier,bodyContents,False,2,bodyContents|bodyContents,"bodyContents, OAuthAsyncRequestCallback<T> callback,
            OAuthRequest.ResponseConverter<T","bodyContents, OAuthAsyncRequestCallback<T> callback,
            OAuthRequest.ResponseConverter<T|bodyContents.get();
            if (httpVerb.isRequiresBody() && contents == null)",
998,options,downloader,False,16,downloader|MASK|OptionsParser|OptionsParser|mock|mock|MASK|MASK|MASK|MASK|MASK|MASK|MASK|build|MASK|interceptors,"downloader.RemoteExecutionClient;
import com.google.devtools.build.lib.remote.","downloader.RemoteExecutionClient;
import com.google.devtools.build.lib.remote.| [MASK]<file_sep>/src/main/java/com/google/devtools/build/lib|OptionsParser;
import com.google.errorprone.annotations.CanIgnoreReturnValue;
|OptionsParser.OptionsParsingResult;
import com.google.errorprone.annotations.Can| = mock(OptionsParsingResult.class);
    when( [MASK].getOptions(CoreOptions.|mock.getOptions(RemoteOptions.class)).thenReturn(remoteOptions);
    when( [MASK].| [MASK].getOptions(CommonCommandOptions.class)).thenReturn(commonCommandOptions);
    when(| [MASK].getOptions(PackageOptions.class)).thenReturn(packageOptions);
    when( [MASK| MASK.getOptions(AuthAndTLSOptions.class)).thenReturn(authAndTLSOptions);
    when| MASK.getOptions(ExecutionOptions.class)).thenReturn(executionOptions);
    when( [MASK].| MASK.getOptions(AuthAndTLSOptions.class)).thenReturn(authAndTLSOptions);
    when| MASK.getOptions(ExecutionOptions.class)).thenReturn(executionOptions);
    when( [MASK].| MASK.getOptions(TestOptions.class)).thenReturn(testOptions);

    String productName = ""|build())
           .setCommandEnvironment(new CommandEnvironment(mock))
           .build();

    return|  MASK.getOptions(CoreOptions.class),
         MASK.getOptions(CommonCommandOptions.class|, interceptors) ->
            InProcessChannelBuilder.forName(target).directExecutor().build());",
999,newXml,newXml,True,4,newXml|newXml|incXmlDoc|newRootNode,"newXml = newAndroidManifest.xml.trim();
            final boolean isManifestChanged =!old","newXml = newAndroidManifest.xml.trim();
            final boolean isManifestChanged =!old|newXml);

            if (!isManifestChanged) {
                Logger.d(""\nManifest has no| incXmlDoc = DocumentHelper.createDocument();

                final Element newRootNode =  [MASK|newRootNode.detach();
                final Element incAppNode = incXmlDoc.addElement(new",
