id,ground_truth,n_total_masks,predictions,first_pred,first_correct,error
0,decodedCapacity,2,bufSize|bufSize,bufSize,False,
1,canExclude,4,0|0|0|0,0,False,
2,expectedIndexName,4,resolvedName|resolvedName|resolvedName|resolvedName,resolvedName,False,
3,style,61,style|style|style|style|style|style|style|style|style|style|style|style|style|style|style|style|style|style|style|style|style|style|style|style|style|style|style|style|style|style|style|style|style|style|style|style|style|style|style|style|style|style|style|style|style|style|style|style|style|style|style|style|style|style|style|style|style|style|style|style|style,style,True,
4,methodHandlesLookup,5,LOOKUP|LOOKUP|LOOKUP|LOOKUP|LOOKUP,LOOKUP,False,
5,nPredicates,12,predCount|predCount|predCount|predCount|predCount|predCount|predCount|predCount|predCount|predCount|predCount|predCount,predCount,False,
6,status,8,healthStatus|healthStatus|healthStatus|healthStatus|healthStatus|healthStatus|healthStatus|healthStatus,healthStatus,False,
7,mockXPackLicenseStatus,2,licenseStatus|licenseStatus,licenseStatus,False,
8,typeClsFullName,2,clsName|clsName,clsName,False,
9,bytes,8,name|bytes|bytes|bytes|bytes|bytes|bytes|bytes,name,False,
10,restoreId,3,restoreId|restoreId|restoreId,restoreId,True,
11,context,3,context|context|context,context,True,
12,cache,20,cache|cache|cache|cache|cache|cache|cache|cache|cache|cache|cache|cache|cache|cache|cache|cache|cache|cache|cache|cache,cache,True,
13,relativePath,3,oldPath|oldPath|oldPath,oldPath,False,
14,queryBuilder,2,queryBuilder|queryBuilder,queryBuilder,True,
15,printer,2,printer|printer,printer,True,
16,sourceBitmapConfig,3,sourceConfig|sourceConfig|sourceConfig,sourceConfig,False,
17,millis,6,cost1|cost1|cost1|cost2|cost2|cost2,cost1,False,
18,numShards,2,numNodes|numNodes,numNodes,False,
19,fullSchedule,6,resultUpdates|resultUpdates|resultUpdates|resultUpdates|resultUpdates|resultUpdates,resultUpdates,False,
20,match,5,newCandidate|bestCandidate|newCandidate|newCandidate|bestCandidate,newCandidate,False,
21,sectionLength,17,sectionLength|sectionLength|sectionLength|sectionLength|sectionLength|sectionLength|sectionLength|sectionLength|sectionLength|sectionLength|sectionLength|sectionLength|sectionLength|sectionLength|sectionLength|sectionLength|sectionLength,sectionLength,True,
22,status,3,newStatus|newStatus|newStatus,newStatus,False,
23,fooAbs,3,fooAbs|fooBarAbs|fooBarAbs,fooAbs,True,
24,request,2,requestRequest|requestRequest,requestRequest,False,
25,requestUrl,4,resourceUrl|resourceUrl|resourceUrl|resourceUrl,resourceUrl,False,
26,cmcdConfigurationFactory,6,.|.|..|.|. .|.,.,False,
27,formatBuilder,34,formatBuilder|formatBuilder|formatBuilder|formatBuilder|formatBuilder|formatBuilder|formatBuilder|formatBuilder|formatBuilder|formatBuilder|formatBuilder|formatBuilder|formatBuilder|formatBuilder|formatBuilder|formatBuilder|formatBuilder|formatBuilder|formatBuilder|formatBuilder|formatBuilder|formatBuilder|formatBuilder|formatBuilder|formatBuilder|formatBuilder|formatBuilder|formatBuilder|formatBuilder|formatBuilder|formatBuilder|formatBuilder|formatBuilder|formatBuilder,formatBuilder,True,
28,desktopServicesStore,6,dsStore|dsStore|dsStore|dsStore|dsStore|dsStore,dsStore,False,
29,roles,3,nodeRoles|nodeRoles|nodeRoles,nodeRoles,False,
30,wasPanning,2,Panning|Panning,Panning,False,
31,delimiter,4,char|char|char|char,char,False,
32,events,4,loggerOutput|loggerOutput|loggerOutput|loggerOutput,loggerOutput,False,
33,clientId,2,clientIdId|clientIdId,clientIdId,False,
34,integer,10,i_|i_|i_|i_|i_|i_|i_|i_|i_|i_,i_,False,
35,drmEventDispatcher,2,eventDispatcher|eventDispatcher,eventDispatcher,False,
36,toExcluded,10,toExclude|toExclude|toExclude|toExclude|toExclude|toExclude|toExclude|toExclude|toExclude|toExclude,toExclude,False,
37,configurations,6,configurations_|configurations_|configurations_|configurations_|configurations_|configurations_,configurations_,False,
38,unicharsRead,6,charsRead|charsRead|charsRead|charsRead|charsRead|charsRead,charsRead,False,
39,mediaEncoding,9,mediaType|mediaType|mediaType|mediaType|mediaType|mediaType|mediaType|mediaType|mediaType,mediaType,False,
40,status,4,httpStatus|status|httpStatus|httpStatus,httpStatus,False,
41,semanticVersion,4,semanticVersion|semanticVersion|semanticVersion|semanticVersion,semanticVersion,True,
42,newReceiverNodes,3,newActivityNodes|ReceiverNodes|newActivityNodes,newActivityNodes,False,
43,serviceTimeEWMA,4,ewma|ewma|ewma|ewma,ewma,False,
44,lexer,29,lexer_|lexer_|lexer_|lexer_|lexer_|lexer_|lexer_|lexer_|lexer_|lexer_|lexer_|lexer_|lexer_|lexer_|lexer_|lexer_|lexer_|lexer_|lexer_|lexer_|lexer_|lexer_|lexer_|lexer_|lexer_|lexer_|lexer_|lexer_|lexer_,lexer_,False,
45,context,4,watchExecutionContext|watchExecutionContext|watchExecutionContext|watchExecutionContext,watchExecutionContext,False,
46,paths,10,_|_|_|_|_|_|_|_|_|_,_,False,
47,builder,3,infoBuilder|infoBuilder|infoBuilder,infoBuilder,False,
48,consumer,2,updateConsumer|updateConsumer,updateConsumer,False,
49,response,2,response|response,response,True,
50,parsed,2,aggregationBuilder|tmBuilder,aggregationBuilder,False,
51,useKeyAsProperty,14,useKey|useKey|useKey|useKey|useKey|useKey|useKey|key2|useKey|useKey|key2|key2|key2|key2,useKey,False,
52,forwardButton,3,forwardButton|regionsPanel|forwardButton,forwardButton,True,
53,random,6,getRandom|getRandom|randomGenerator|randomGenerator|randomGenerator|randomGenerator,getRandom,False,
54,observer,2,actualObserver|actualObserver,actualObserver,False,
55,valueBlock,23,valueBlock|valueBlock|valueBlock|valueBlock|valueBlock|valueBlock|valueBlock|valueBlock|valueBlock|valueBlock|valueBlock|valueBlock|valueBlock|valueBlock|valueBlock|valueBlock|valueBlock|valueBlock|valueBlock|valueBlock|valueBlock|valueBlock|valueBlock,valueBlock,True,
56,calendars,26,,,False,"CUDA out of memory. Tried to allocate 30.68 GiB. GPU 0 has a total capacity of 79.25 GiB of which 3.02 GiB is free. Including non-PyTorch memory, this process has 76.22 GiB memory in use. Of the alloc"
57,serviceKey,4,key|key|key|key,key,False,
58,FAIL_STR,3,,,False,"CUDA out of memory. Tried to allocate 30.66 GiB. GPU 0 has a total capacity of 79.25 GiB of which 3.02 GiB is free. Including non-PyTorch memory, this process has 76.22 GiB memory in use. Of the alloc"
59,currentOffset,8,offset0|offset0|offset0|offset0|offset0|offset0|offset0|offset0,offset0,False,
60,updateDoc,3,updateDoc|updateDoc|updateDoc,updateDoc,True,
61,dataStream,21,*|*|*|*|*|*|*|*|*|*|*|*|*|*|*|*|*|*|*|*|*,*,False,
62,delegateHandler,3,superHandler|superHandler|superHandler,superHandler,False,
63,responseDuration,2,responseTime|executionTime,responseTime,False,
64,tokenStream,2,tokenStream|tokenStream,tokenStream,True,
65,transformState,2,prevState|prevState,prevState,False,
66,runMode,2,runMode|fileLine,runMode,True,
67,screenX,2,screenX|screenX,screenX,True,
68,yValUncast,9,xDelUncast|yVal|yVal|countUncast|yVal|yVal|countUncast|yVal|yVal,xDelUncast,False,
69,stBuilder,3,import|stBuilder|stBuilder,import,False,
70,userAgent,11,userAgentName|userAgentName|userAgentName|userAgentName|userAgentName|userAgentName|userAgentName|userAgentName|userAgentName|userAgentName|userAgentName,userAgentName,False,
71,policy,63,Policy|policy|Policy|Policy|Policy|Policy|Policy|Policy|Policy|Policy|policy|Policy|Policy|Policy|Policy|Policy|policy|Policy|Policy|Policy|Policy|Policy|Policy|Policy|Policy|policy|Policy|Policy|Policy|Policy|Policy|Policy|Policy|Policy|policy|Policy|Policy|Policy|Policy|policy|Policy|Policy|Policy|Policy|Policy|Policy|Policy|Policy|Policy|Policy|Policy|Policy|Policy|Policy|Policy|TEST_REQUEST_TIMEOUT|Policy|Policy|PolicyId|PolicyId|PolicyId|Policy|TEST_REQUEST_TIMEOUT,Policy,False,
72,width,12,int|int|int|int|int|description|int|int|description|int|int|int,int,False,
73,colors,9,colors|colors1|colors1|colors1|colors1|colors1|colors1|colors1|colors1,colors,True,
74,extension,13,extension|extension|extension|extension|extension|extension|extension|extension|extension|extension|extension|extension|extension,extension,True,
75,credentials,4,credentials|credentials|credentials|credentials,credentials,True,
76,missingKeys,2,missingKeys|missingKeys,missingKeys,True,
77,field,48,,,False,"CUDA out of memory. Tried to allocate 30.70 GiB. GPU 0 has a total capacity of 79.25 GiB of which 2.98 GiB is free. Including non-PyTorch memory, this process has 76.26 GiB memory in use. Of the alloc"
78,streamedBucket,4,originalBucket|readBucket|readBucket|readBucket,originalBucket,False,
79,parsed,25,,,False,"CUDA out of memory. Tried to allocate 30.68 GiB. GPU 0 has a total capacity of 79.25 GiB of which 2.99 GiB is free. Including non-PyTorch memory, this process has 76.25 GiB memory in use. Of the alloc"
80,hasPostings,4,hasPositions|hasPositions|hasPositions|hasFreq,hasPositions,False,
81,array,14,ies|ies|ies|ies|ies|ies|ies|ies|ies|ies|ies|ies|ies|ies,ies,False,
82,shape,4,wkt|wkt|wkt|wkt,wkt,False,
83,timeStamp,2,currTime|currTime,currTime,False,
84,resources,8,urls|urls|urls|urls|urls|urls|urls|urls,urls,False,
85,project,17,project|project|project|project|project|project|project|project|project|project|project|project|project|project|project|project|project,project,True,
86,depthOfRdepOfRdep,2,newDepth|newDepth,newDepth,False,
87,override,16,,,False,"CUDA out of memory. Tried to allocate 30.67 GiB. GPU 0 has a total capacity of 79.25 GiB of which 2.99 GiB is free. Including non-PyTorch memory, this process has 76.25 GiB memory in use. Of the alloc"
88,boxedArray,3,objArray|objArray|objArray,objArray,False,
89,bytes,5,data|data|data|data|data,data,False,
90,jsonFile,3,jsonFile|jsonFile|jsonFile,jsonFile,True,
91,merged,4,mergedSet|mergedSet|mergedSet|mergedSet,mergedSet,False,
92,floatSetting,7,floatSetting|floatSetting|floatSetting|floatSetting|floatSetting|floatSetting|floatSetting,floatSetting,True,
93,cafti_ja_japanese_custGy,2,,,False,"CUDA out of memory. Tried to allocate 30.66 GiB. GPU 0 has a total capacity of 79.25 GiB of which 2.99 GiB is free. Including non-PyTorch memory, this process has 76.25 GiB memory in use. Of the alloc"
94,model,3,model|model|model,model,True,
95,inputFrameInfo,1,frameInfo,frameInfo,False,
96,handler,20,sh|sh|sh|sh|sh|sh|sh|sh|sh|sh|sh|sh|sh|sh|sh|sh|sh|serializer|sh|sh,sh,False,
97,includeIncubator,2,incubator|incubator,incubator,False,
98,threads,12,s|s|s|s|s|s|s|threads|threads|s|threads|threads,s,False,
99,refresh,9,refresh|refresh|refresh|refresh|refresh|refresh|refresh|refresh|refresh,refresh,True,
100,additionalParams,5,extraParams|extraParams|extraParams|extraParams|extraParams,extraParams,False,
101,arrayPool,2,byteArrayPool|byteArrayPool,byteArrayPool,False,
102,prevState,5,state|state|state|state|state,state,False,
103,method,94,method|method|//|method|method|method|method|method|method|method|method|method|class|class|clazz|method|method|method|method|method|method|method|method|method|method|method|method|method|method|method|method|method|method|method|method|method|method|method|method|method|method|method|method|method|method|method|method|method|method|method|method|method|method|method|method|method|method|method|method|method|method|method|method|method|method|method|method|method|method|method|method|method|method|method|method|method|method|method|method|method|method|method|method|method|method|method|method|method|method|class|class|clazz|method|method,method,True,
104,invocation,8,.|.|.|.|.|.|.|.,.,False,
105,visibility,7,visibility|visibility|visibility|visibility|visibility|visibility|visibility,visibility,True,
106,docCount,2,docCount|docCount,docCount,True,
107,entryCount,2,numEntries|numEntries,numEntries,False,
108,scale,10,scale|scale|scale|scale|scale|scale|scale|scale|scale|scale,scale,True,
109,skippedShards,14,successfulShards|0|0|0|0|0|0|successfulShards|successfulShards|0|0|0|0|0,successfulShards,False,
110,fromUser,1,fromUser,fromUser,True,
111,additionalSettings,2,nodeSettings|nodeSettings,nodeSettings,False,
112,bgBottomHeight,6,bgHeight|bgHeight|bgHeight|bgHeight|bgHeight|bgHeight,bgHeight,False,
113,bootstrapMethodIndex,10,bootstrapMethod|bootstrapMethod|bootstrapMethod|bootstrapMethod|bootstrapMethod|bootstrapMethod|bootstrapMethod|bootstrapMethod|bootstrapMethod|bootstrapMethod,bootstrapMethod,False,
114,checksumUrlString,5,checksumString|checksumString|checksumString|checksumString|checksumString,checksumString,False,
115,tuple,34,tuple|tuple|tuple|tuple|tuple|tuple|tuple|tuple|tuple|tuple|tuple|tuple|tuple|tuple|tuple|tuple|tuple|tuple|tuple|tuple|tuple|tuple|tuple|tuple|tuple|tuple|tuple|tuple|tuple|tuple|tuple|tuple|tuple|tuple,tuple,True,
116,ascUrl,4,pluginId|signatureUrl|signatureUrl|signatureUrl,pluginId,False,
117,bufferSize,14,buffer_size|buffer_size|buffer_size|buffer_size|buffer_size|buffer_size|buffer_size|buffer_size|buffer_size|buffer_size|buffer_size|buffer_size|buffer_size|buffer_size,buffer_size,False,
118,flushedDocs,4,flushedDocs|flushedDocs|flushedDocs|iwc,flushedDocs,True,
119,request,12,request|request|request|request|request|request|request|request|request|request|request|request,request,True,
120,disconnect,6,disconnect|disconnect|disconnect|disconnect|disconnect|disconnect,disconnect,True,
121,fmtRelDateTime,2,,,False,"CUDA out of memory. Tried to allocate 30.66 GiB. GPU 0 has a total capacity of 79.25 GiB of which 2.99 GiB is free. Including non-PyTorch memory, this process has 76.25 GiB memory in use. Of the alloc"
122,tableCat,5,clusterName|clusterName|clusterName|clusterName|clusterName,clusterName,False,
123,factory,1,blockFactory,blockFactory,False,
124,modulePredicate,3,DEFAULT_MODULE_PREDICATE|modulePredicate|modulePredicate,DEFAULT_MODULE_PREDICATE,False,
125,conditionLatch,3,startLatch|latch|latch2,startLatch,False,
126,percentDelta,3,delta|delta|delta,delta,False,
127,target,2,targetType|targetType,targetType,False,
128,childContext,1,old_context,old_context,False,
129,hasFallback,4,settings1|settings1|Settings|Settings,settings1,False,
130,blocks,4,blocks|blocks|blocks|blocks,blocks,True,
131,clusterName,6,localCluster|tableCat|tableCat|tableCat|tableCat|tableCat,localCluster,False,
132,incXmlOutput,4,incFile|incFile|incFile|incFile,incFile,False,
133,snapshotLifecyclePolicyMetadata,6,policyMetadata|policyMetadata|policyMetadata|policyMetadata|policyMetadata|policyMetadata,policyMetadata,False,
134,reader,6,reader|reader|reader|reader|reader|reader,reader,True,
135,start,8,start|start|start|start|start|offset|offset|re,start,True,
136,nodeIds,2,nodeIds|nodeIds,nodeIds,True,
137,digest,16,Digest|Digest|Digest|Digest|Digest|Digest|Digest|Digest|Digest|Digest|Digest|Digest|Digest|Digest|Digest|Digest,Digest,False,
138,unused,1,_channel,_channel,False,
139,skipLen,2,skipCount|skipCount,skipCount,False,
140,fmtOffset,10,,,False,"CUDA out of memory. Tried to allocate 30.67 GiB. GPU 0 has a total capacity of 79.25 GiB of which 2.99 GiB is free. Including non-PyTorch memory, this process has 76.25 GiB memory in use. Of the alloc"
141,constantValueAttribute,2,attribute|attribute,attribute,False,
142,isChanged,7,isChanged|isChanged|isChanged|isChanged|isChanged|isChanged|isChanged,isChanged,True,
143,dateString,15,,,False,"CUDA out of memory. Tried to allocate 30.67 GiB. GPU 0 has a total capacity of 79.25 GiB of which 2.99 GiB is free. Including non-PyTorch memory, this process has 76.25 GiB memory in use. Of the alloc"
144,unusedIterator,4,unusedIterator|unusedIterator|unusedIterator|unusedIterator,unusedIterator,True,
145,fieldName,3,field|field|field,field,False,
146,periodDurationUs,3,durationUs|durationUs|durationUs,durationUs,False,
147,usedBuiltInTokenizers,15,usedCharFilterTypes|usedBuiltInCharFilters|tokenizers|tokenizers|tokenizers|usedCharFilters|tokenizers|tokenizers|usedTokenizers|usedTokenizers|tokenizers|usedTokenizers|usedTokenizers|tokenizers|tokenizers,usedCharFilterTypes,False,
148,pOwner,2,userPointer|userPointer,userPointer,False,
149,button,2,button|button,button,True,
150,parent,11,parent|parent|parent|parent|parent|parent|parent|parent|parent|parent|parent,parent,True,
151,vBlock,23,vBlock|vBlock|vBlock|vBlock|vBlock|vBlock|vBlock|vBlock|vBlock|vBlock|vBlock|vBlock|vBlock|vBlock|vBlock|vBlock|vBlock|vBlock|vBlock|vBlock|vBlock|vBlock|vBlock,vBlock,True,
152,fieldNamesToHighlight,2,fieldNames|fieldNames,fieldNames,False,
153,unicodeFilePath,3,filePath2|filePath2|filePath2,filePath2,False,
154,failuresAllowed,23,failuresAllowed|failuresAllowed|failuresAllowed|failuresAllowed|failuresAllowed|failuresAllowed|failuresAllowed|failuresAllowed|failuresAllowed|failuresAllowed|failuresAllowed|failuresAllowed|failuresAllowed|failuresAllowed|failuresAllowed|failuresAllowed|failuresAllowed|failuresAllowed|failuresAllowed|failuresAllowed|failuresAllowed|failuresAllowed|failuresAllowed,failuresAllowed,True,
155,lowerCaseArch,4,osArch|osArch|osArch|x86,osArch,False,
156,programClassCounter,3,classCounter|classCounter|classCounter,classCounter,False,
157,updates,15,recon|schema|recon|recon|recon|recon|recon|recon|EntityEdit|EntityEdit|EntityEdit|EntityEdit|EntityEdit|updates|updates,recon,False,
158,groups,3,contextMap|contextMap|contextMap,contextMap,False,
159,expectedPolicy,8,expectedPolicy|expectedPolicy|expectedPolicy|expectedPolicy|expectedPolicy|expectedPolicy|expectedPolicy|expectedPolicy,expectedPolicy,True,
160,colorIndex,3,colorIndex|colorIndex|colorIndex,colorIndex,True,
161,tokenInfos,5,tokenInfos|tokenInfos|tokenInfos|tokenInfos|tokenInfos,tokenInfos,True,
162,bindingResultWithError,3,bindingResult|bindingResult|bindingResult,bindingResult,False,
163,missingId,3,entityId|entityId|entityId,entityId,False,
164,answer,2,answer|answer,answer,True,
165,keygen,7,keyGen|keyGen|keyGen|keyGen|keyGen|keyGen|keyGen,keyGen,False,
166,startPositionUs,6,positionUs|positionUs|positionUs|positionUs|positionUs|positionUs,positionUs,False,
167,internalTypeEnumeration,2,typeEnumeration|typeEnumeration,typeEnumeration,False,
168,primaryTerm,6,opTerm|opTerm|opTerm|opTerm|opTerm|opTerm,opTerm,False,
169,method,12,method|method|method|method|method|method|method|method|method|method|timestamp|timestamp,method,True,
170,moduleName,14,Module|Module|Module|Module|Module|Module|Module|Module|ModuleName|ModuleName|ModuleName|ModuleName|Module|Module,Module,False,
171,routingNodes,21,routingNodes|routingNodes|routingNodes|routingNodes|routingNodes|routingNodes|routingNodes|routingNodes|routingNodes|routingNodes|routingNodes|routingNodes|routingNodes|routingNodes|routingNodes|routingNodes|routingNodes|routingNodes|routingNodes|routingNodes|routingNodes,routingNodes,True,
172,refer,29,invoker|refer|invoker|invoker|refer|invoker|demoService|invoker|refer|invoker|invoker|refer|invoker|invoker|refer|invoker|refer|invoker|refer|invoker|demoService|invoker|refer|invoker|invoker|invoker|refer|invoker|invoker,invoker,False,
173,object,3,jsonStr|jsonStr|jsonStr,jsonStr,False,
174,heuristicIsSuperset,7,SignificanceHeuristic|heuristic|heuristic|heuristic|heuristic|heuristic|heuristic,SignificanceHeuristic,False,
175,document,9,object|1||new|new|nested|1|new|1,object,False,
176,deletedProjects,8,deletedProjects|deletedProjects|deletedProjects|deletedProjects|deletedProjects|deletedProjects|deletedProjects|deletedProjects,deletedProjects,True,
177,status,6,status|status|status|status|status|status,status,True,
178,images,3,images|images|images,images,True,
179,fmtCal,2,,,False,"CUDA out of memory. Tried to allocate 30.66 GiB. GPU 0 has a total capacity of 79.25 GiB of which 2.99 GiB is free. Including non-PyTorch memory, this process has 76.25 GiB memory in use. Of the alloc"
180,projects,2,projectStream|projectStream,projectStream,False,
181,context,5,context|context|context|context|context,context,True,
182,sourceJar,9,sourceJar|sourceJar|sourceJar|sourceJar|sourceJar|sourceJar|sourceJar|sourceJar|sourceJar,sourceJar,True,
183,player,17,player|player|player|player|player|player|player|player|player|player|player|player|player|player|player|player|player,player,True,
184,hasPointValues,4,hasPostings|hasPoints|hasPoints|hasFreq,hasPostings,False,
185,bucketCount,2,bucketCount|bucketCount,bucketCount,True,
186,names,3,serviceSet|serviceSet|serviceSet,serviceSet,False,
187,dataSet,8,set1|set1|set1|set1|set1|set1|set1|set1,set1,False,
188,requestClass,6,requestClass|requestClass|requestClass|requestClass|requestClass|requestClass,requestClass,True,
189,startPositionUs,4,startUs|startUs|startUs|startUs,startUs,False,
190,fieldDescriptor,3,fieldDescriptor|fieldName|fieldName,fieldDescriptor,True,
191,historyEntryID,7,reconId|reconId|reconId|reconId|reconId|reconId|reconId,reconId,False,
192,buildDistTask,8,buildTask|buildTask|buildTask|buildTask|buildTask|buildTask|buildTask|buildTask,buildTask,False,
193,fromUser,1,fromUser,fromUser,True,
194,processEnvironmentClass,3,ProcessEnvironment|ProcessEnvironment|ProcessEnvironment,ProcessEnvironment,False,
195,writeLock,8,writeLock|writeLock|writeLock|writeLock|writeLock|writeLock|writeLock|writeLock,writeLock,True,
196,numObj,7,numObj|numObj|numObj|numObj|numObj|str|1.41421,numObj,True,
197,initialRoutingTable,2,routingTable|routingTable,routingTable,False,
198,methodName,3,method_name|method_name|method_name,method_name,False,
199,failFast,4,failFast|failFast|failFast|failFast,failFast,True,
200,flushThreshold,2,flushThreshold|flushThreshold,flushThreshold,True,
201,onDisabledOs,2,onOs|onOs,onOs,False,
202,existingIngestPipelines,4,existingComponentTemplates|pipelines|existingComponentTemplates|pipelines,existingComponentTemplates,False,
203,fields,6,PROPERTIES|properties_|properties_|NEEDS_DEFINITION|vars_|vars_,PROPERTIES,False,
204,expectedShardSize,2,shardSize|shardSize,shardSize,False,
205,extensions,14,extensions|extensions|extensions|extensions|extensions|extensions|extensions|extensions|extensions|extensions|extensions|extensions|extensions|extensions,extensions,True,
206,currentState,6,state|state|state|state|state|state,state,False,
207,target,2,lrTarget|lrTarget,lrTarget,False,
208,rightIndex,3,rightIndex|rightIndex|rightIndex,rightIndex,True,
209,prefix,3,preFix|preFix|preFix,preFix,False,
210,configInput,3,configString|configString|configString,configString,False,
211,headers,6,responseHeaders|responseHeaders|responseHeaders|responseHeaders|headers|headers,responseHeaders,False,
212,outputUncast,9,outputBlock|outputBlock|outputBlock|outputBlock|outputBlock|outputBlock|outputBlock|outputBlock|outputBlock,outputBlock,False,
213,exportsByModule,2,moduleExports|moduleExports,moduleExports,False,
214,parentLeafFactory,2,parentFactory|parentFactory,parentFactory,False,
215,nodeId,27,id|id|id|id|id|id|id|id|id|id|id|id|id|id|id|id|id|id|id|id|id|id|id|id|id|id|id,id,False,
216,increase,3,secondLastValue|diffValue|diffValue,secondLastValue,False,
217,field,6,Field|Field|Field|Field|Field|Field,Field,False,
218,noOffsetText,2,utc|utc,utc,False,
219,bufIndex,6,nChars|nChars|nChars|nChars|nChars|nChars,nChars,False,
220,resCls,20,rCls|rCls|rCls|rCls|rCls|rCls|rCls|rCls|rCls|rCls|rCls|rCls|rCls|rCls|rCls|typeCls|typeCls|typeCls|rCls|rCls,rCls,False,
221,listGet,3,getMethod|getMethod|getMethod,getMethod,False,
222,cipher,7,cipher|cipher|key|cipher|cipher|cipher|cipher,cipher,True,
223,month,11,month|month|monthValue|monthValue|monthValue|monthValue|monthValue|monthValue|monthValue|monthValue|monthValue,month,True,
224,warningSettingName,4,settingName|settingName|settingName|settingName,settingName,False,
225,synonymsIdsUsedInIndices,2,synonymIds|synonymIds,synonymIds,False,
226,groupEnd,12,groupEnd|groupEnd|groupEnd|groupEnd|groupEnd|groupEnd|groupEnd|groupEnd|groupEnd|groupEnd|groupEnd|groupEnd,groupEnd,True,
227,isManifestChanged,3,hasChanged|hasChanged|hasChanged,hasChanged,False,
228,dataStreamRemote1Alias,4,alias1|alias1|alias1|alias1,alias1,False,
229,elementValueMethodName,5,elementValue|elementValue|elementValue|elementValue|elementValue,elementValue,False,
230,parser,38,parser|parser|parser|parser|parser1|parser1|parser1|parser1|parser1|parser1|parser1|parser1|parser1|parser1|parser1|parser1|parser1|parser1|parser1|parser1|parser1|parser1|parser1|parser1|parser1|parser1|parser1|parser1|parser1|parser1|parser1|parser1|parser1|parser1|parser1|parser1|parser1|parser1,parser,True,
231,directories,3,workspaceDirectories|workspaceDirectories|scratch,workspaceDirectories,False,
232,backingIndex,14,fooIndex|fooIndex|fooIndex|fooIndex|fooIndex|fooIndex|barIndex|barIndex|barIndex|barIndex|barIndex|barIndex|backingIndex|backingIndex,fooIndex,False,
233,numberFormat,6,numberFormat|numberFormat|numberFormat|numberFormat|numberFormat|numberFormat,numberFormat,True,
234,fullName,3,clsName|clsName|clsName,clsName,False,
235,replicaShard,6,shard|shard|shard|shard|shard|shard,shard,False,
236,project,8,project|project|project|project|project|project|project|project,project,True,
237,rootAbs,3,rootAbs|fooBarAbs|fooBarAbs,rootAbs,True,
238,contentType,7,attachmentContentType|attachmentContentType|attachmentContentType|attachmentContentType|attachmentContentType|attachmentContentType|contentType,attachmentContentType,False,
239,clearRealmCacheRequest,5,clearRequest|clearRequest|clearRequest|clearRequest|clearRequest,clearRequest,False,
240,rLogger,4,rLogger|rLogger|rLogger|rLogger,rLogger,True,
241,updater,15,settingUpdater|settingUpdater|settingUpdater|settingUpdater|settingUpdater|settingUpdater|settingUpdater|settingUpdater|settingUpdater|settingUpdater|settingUpdater|settingUpdater|settingUpdater|settingUpdater|settingUpdater,settingUpdater,False,
242,acceptHeaderValue,4,acceptHeader|acceptHeader|acceptHeader|acceptHeader,acceptHeader,False,
243,aggProfileShardResult,2,aggregationProfile|aggregationProfile,aggregationProfile,False,
244,annotatedBeanClass,2,beanClass|beanClass,beanClass,False,
245,vScrollKnob,21,vScroll|vScroll|vScroll|vScroll|vScroll|vScroll|vScroll|vScroll|vScroll|hScrollKnob|hScrollKnob|vScroll|vScroll|vScroll|vScroll|vScroll|vScroll|vScroll|vScroll|vScroll|vScroll,vScroll,False,
246,entity,2,request|request,request,False,
247,fullURLStr,5,urlStr|url|urlStr|urlStr|urlStr,urlStr,False,
248,source,4,new|new|bytesReference|bytesReference,new,False,
249,textureId,2,inputBitmap|textureId,inputBitmap,False,
250,cMemoryOwn,18,owner|owner|owner|owner|owner|owner|owner|owner|owner|owner|owner|owner|owner|owner|owner|owner|owner|owner,owner,False,
251,writer,3,stringWriter|stringWriter|stringWriter,stringWriter,False,
252,shift,2,shift|shift,shift,True,
253,linkOff,1,linkOff,linkOff,True,
254,testInfo,4,testInfo|testInfo|testInfo|testInfo,testInfo,True,
255,staticVariableName,10,staticName|staticName|staticName|staticName|staticName|staticName|staticName|staticName|staticName|staticName,staticName,False,
256,nodes,25,discoveryNodes|discoveryNodes|discoveryNodes|discoveryNodes|Collections|discoveryNodes|discoveryNodes|Collections|discoveryNodes|Collections|discoveryNodes|discoveryNodes|discoveryNodes|discoveryNodes|discoveryNodes|discoveryNodes|discoveryNodes|discoveryNodes|Collections|discoveryNodes|discoveryNodes|discoveryNodes|discoveryNodes|discoveryNodes|discoveryNodes,discoveryNodes,False,
257,failure,8,failed|failures|failed|failed|cause|cause|cause|failed,failed,False,
258,clazz,6,clazz|clazz|clazz|clazz|clazz|clazz,clazz,True,
259,targetField,14,targetField|targetField|targetField|targetField|targetField|targetField|targetField|targetField|targetField|targetField|targetField|targetField|targetField|targetField,targetField,True,
260,values,41,LinkedHashMap|Constructor|values|values|values2|values|values|values2|values2|values2|values|values1|values|values|values1|values2|values|values|values2|values1|values|values|values2|clone|entrySet|values|values|values|values|values|values|forEach|values|values2|values|values2|values2|values2|values2|values2|values2,LinkedHashMap,False,
261,number,12,decimalAsString|decimalAsString|decimalAsString|localizedNumber|localizedNumber|localizedNumber|localizedNumber|localizedNumber|localizedNumber|fromNumber|fromNumber|fromNumber,decimalAsString,False,
262,details,4,*|*|userDetails|user,*,False,
263,builder,18,optionsBuilder|optionsBuilder|optionsBuilder|optionsBuilder|optionsBuilder|optionsBuilder|optionsBuilder|optionsBuilder|optionsBuilder|optionsBuilder|optionsBuilder|optionsBuilder|optionsBuilder|optionsBuilder|optionsBuilder|optionsBuilder|optionsBuilder|optionsBuilder,optionsBuilder,False,
264,request,4,request|request|request|request,request,True,
265,putLifecycle,2,putReq|putReq,putReq,False,
266,create,4,create|create|create|create,create,True,
267,routingTable,8,routingTable|routingTable|routingTable|routingTable|routingTable|routingTable|routingTable|routingTable,routingTable,True,
268,aliases,11,aliases1|aliases1|aliases1|aliases1|aliases2|aliases2|aliases2|aliases2|aliases|aliases|aliases,aliases1,False,
269,actualList,3,actualList|actualList|actualValues,actualList,True,
270,listener,3,actionListener|)|),actionListener,False,
271,service,6,service|service|service|service|service|service,service,True,
272,uniformNames,1,uniformNames,uniformNames,True,
273,totalCharsWritten,5,totalChars|totalChars|totalChars|totalChars|totalChars,totalChars,False,
274,expected,10,expectedEvents|expectedEvents|expectedEvents|expectedEvents|expectedEvents|expectedEvents|expectedEvents|expectedEvents|expectedEvent|expectedEvent,expectedEvents,False,
275,reader,5,mappingReader|mappingReader|mappingReader|mappingReader|mappingReader,mappingReader,False,
276,columnIndex,4,column|column|column|column,column,False,
277,project,6,ClusterChangedEvent|projectMetadata|projectMetadata|project|projectMetadata|projectMetadata,ClusterChangedEvent,False,
278,centerY,2,centerY|centerY,centerY,True,
279,sparseIndexMap,4,indexMap|indexMap|indexMap|indexMap,indexMap,False,
280,vStart,6,vStart|vStart|vStart|vValueCount|vStart|vStart,vStart,True,
281,simpleInstruction,3,simpleInstruction|simpleInstruction|branchInstruction,simpleInstruction,True,
282,terms,11,histogram|terms|terms|terms|terms|terms|terms|terms|terms|terms|terms,histogram,False,
283,asMap,22,asGroups|asGroups|asGroups|asGroups|asGroups|asGroups|asGroups|asGroups|asGroups|asGroups|asGroups|asGroups|asGroups|asMap|asMap|asMap|asMap|asMap|asMap|asMap|asMap|asMap,asGroups,False,
284,methodName,7,methodStr|methodStr|methodStr|methodStr|methodStr|methodStr|methodStr,methodStr,False,
285,activityClazzName,8,activityName|activityName|activityName|activityName|activityName|activityName|activityName|activityName,activityName,False,
286,searchFor,7,targetValue|targetValue|targetValue|targetValue|targetValue|targetValue|targetValue,targetValue,False,
287,chunkingSettings,2,chunkSettings|chunkSettings,chunkSettings,False,
288,groupEnd,12,groupEnd|groupEnd|groupEnd|groupEnd|groupEnd|groupEnd|groupEnd|groupEnd|groupEnd|groupEnd|groupEnd|groupEnd,groupEnd,True,
289,nonExistingTask,2,badTask|invalidTask,badTask,False,
290,requiredSize,2,maxIndex|maxIndex,maxIndex,False,
291,backPointers,3,pointerUpdates|pointerUpdates|pointerUpdates,pointerUpdates,False,
292,whitelistUserControlledList,10,whitelistPath|whitelistPath|whitelistPath|whitelistPath|whitelistPath|whitelistPath|whitelistPath|whitelistPath|whitelistPath|whitelistPath,whitelistPath,False,
293,contentType,2,mediaType|mediaType,mediaType,False,
294,className,7,className_|className_|className_|className_|className_|className_|className_,className_,False,
295,otherLat,11,otherLat|otherLat|otherLat|otherLat|otherLat|otherLat|otherLat|otherLat|otherLat|otherLat|otherLat,otherLat,True,
296,destBitmap,14,destinationBitmap|destinationBitmap|destinationBitmap|destinationBitmap|destinationBitmap|destinationBitmap|destinationBitmap|destinationBitmap|destinationBitmap|destinationBitmap|destinationBitmap|destinationBitmap|destinationBitmap|destinationBitmap,destinationBitmap,False,
297,fieldName,4,fieldNumber|fieldNumber|fieldNumber|fieldNumber,fieldNumber,False,
298,executionServer,43,Registry|Registry|Registry|capabilities|executionServer|capabilities|executionServer|executionServer|executionServer|capabilities|executionServer|capabilities|executionServer|capabilities|executionServer|executionServer|cacheServer|executionServer|capabilities|executionServer|capabilities|executionServer|executionServer|capabilities|executionServer|capabilities|executionServer|capabilities|executionServer|executionServer|cacheServer|executionServer|capabilities|executionServer|executionServer|executionServer|capabilities|executionServer|capabilities|executionServer|capabilities|executionServer|executionServer,Registry,False,
299,support,4,xpathContext|xpathContext|xpathContext|fix,xpathContext,False,
300,fillIn,3,buffer|buffer|buffer,buffer,False,
301,chain,12,implements|nextChain|nextChain|initTransformerChain|nextChain|nextChain|nextChain|nextChain|nextChain|nextChain|nextChain|nextChain,implements,False,
302,composableTemplates,3,indexTemplates|indexTemplates|indexTemplates,indexTemplates,False,
303,indexName,2,indexName|indexId,indexName,True,
304,reader,4,leafReader|getReader|leafReader|leafReader,leafReader,False,
305,found,4,t2|t2|t2|t2,t2,False,
306,libraryClassPool,4,getClassPool|getClassPool|getClassPool|getClassPool,getClassPool,False,
307,numHeaders,2,numHeaders|numHeaders,numHeaders,True,
308,criticalSettingName,4,settingName|settingName|settingName|settingName,settingName,False,
309,error,2,e|e,e,False,
310,weeks,31,weeks|weeks|weeks|weeks|weeks|weeks|weeks|weeks|weeks|months|weeks|weeks|weeks|weeks|weeks|weeks|weeks|weeks|0|0|0|0|0|0|0|0|0|0|weeks|weeks|weeks,weeks,True,
311,attachments,2,attachments|attachments,attachments,True,
312,authnState,2,new|authenticationState,new,False,
313,params,12,paramSpec|random|paramSpec|paramSpec|paramSpec|random|paramSpec|paramSpec|paramSpec|paramSpec|paramSpec|paramSpec,paramSpec,False,
314,instance,3,instance|instance|instance,instance,True,
315,field,3,mField|mField|mField,mField,False,
316,groupEnd,12,groupEnd|groupEnd|groupEnd|groupEnd|groupEnd|groupEnd|groupEnd|groupEnd|groupEnd|groupEnd|groupEnd|groupEnd,groupEnd,True,
317,foobarRelative,21,fooAbs|foobar|create|fb|fb|fb|fb|fb_|foobar|create|fb|fb|fb|fb|fb_|foobar|fb|fb|fb|fb|fb,fooAbs,False,
318,atlasFilename,5,atlasName|atlasName|atlasName|atlasName|atlasName,atlasName,False,
319,context,6,context|context|context|context|context|context,context,True,
320,decimalsBlock,8,decimalsBlock|decimalsBlock|decimalsBlock|decimalsBlock|decimalsBlock|decimalsBlock|decimalsBlock|decimalsBlock,decimalsBlock,True,
321,oldDescs,4,oldSet|oldSet|oldSet|oldSet,oldSet,False,
322,lineNumberInfo,7,lineNumberInfo|lineNumberInfo|lineNumberInfo|lineNumberInfo|lineNumberInfo|lineNumberInfo|lineNumberInfo,lineNumberInfo,True,
323,headersBuilder,8,headersBuilder|headersBuilder|headersBuilder|headersBuilder|headersBuilder|headersBuilder|headersBuilder|headersBuilder,headersBuilder,True,
324,client,3,c1|c1|c1,c1,False,
325,configuration,17,rabbitProperties|connectionFactory|connectionFactory|rabbitProperties|rabbitProperties|rabbitProperties|rabbitProperties|rabbitProperties|rabbitProperties|rabbitProperties|rabbitProperties|rabbitProperties|rabbitProperties|rabbitProperties|rabbitProperties|rabbitProperties|rabbitProperties,rabbitProperties,False,
326,operator,10,operators|functions|1|1|1|1|1|1|1|1,operators,False,
327,checkLicense,5,checkLicense|checkLicense|checkMlCppNoticeTask|checkMlCppNotice|checkMlCppNoticeTask,checkLicense,True,
328,seekPoint,3,seekPoint|seekPoint|seekPoint,seekPoint,True,
329,array,175,double|double|double|double|double|double|double|double|double|double|double|double|double|double|double|double|double|double|double|double|double|double|double|double|double|double|double|double|double|double|double|double|double|double|double|double|double|double|double|double|double|double|double|double|double|double|double|double|double|double|double|double|double|double|double|double|double|double|double|double|double|double|double|double|double|double|double|double|double|double|double|array|double|double|double|double|double|double|double|double|double|double|double|double|double|double|double|double|double|double|double|double|double|double|double|double|double|double|double|double|double|double|double|double|double|double|double|double|double|double|double|double|double|double|double|double|double|double|double|double|double|double|double|double|double|double|double|double|double|double|double|double|double|double|double|double|double|double|double|double|double|double|double|double|double|double|double|double|double|double|double|double|double|double|double|double|double|double|double|double|double|double|double|double|double|double|double|double|double|double|double|double|double|double|double,double,False,
330,content,6,content|content|content|content|content|content,content,True,
331,options,12,options|options|options|options|options|options|options|options|options|options|options|options,options,True,
332,width,68,width|width|width|width|width|width|width|width|width|width|width|width|width|width|width|width|width|width|width|width|width|width|width|width|width|width|width|width|width|width|width|width|width|width|width|width|width|width|width|width|width|width|width|width|width|width|width|width|width|width|width|width|width|width|width|width|width|width|width|width|width|width|width|width|width|width|width|width,width,True,
333,orientation,4,ImageType|orientation|orientation|orientation,ImageType,False,
334,totalBytes,5,freeBytes|freeBytes|L|L|L,freeBytes,False,
335,mockClient,8,getTaskInfoListOfOne|new|new|new|mockClient|mockClient|mockClient|mockClient,getTaskInfoListOfOne,False,
336,suppressPositionProjection,3,isLive|isLive|isLive,isLive,False,
337,nameStart,19,nameStart|nameStart|valueStart|nameStart|nameStart|nameStart|nameStart|nameStart|nameStart|valueStart|nameStart|nameStart|nameStart|nameStart|nameStart|nameStart|nameStart|nameStart|nameStart,nameStart,True,
338,expectedChecksum,5,platformUrl|checksum|checksum|checksum|checksum,platformUrl,False,
339,PF_LENGTH,3,,,False,"CUDA out of memory. Tried to allocate 30.66 GiB. GPU 0 has a total capacity of 79.25 GiB of which 2.99 GiB is free. Including non-PyTorch memory, this process has 76.25 GiB memory in use. Of the alloc"
340,userPassedSupplier,4,result|result|result|result,result,False,
341,transFactory,2,transformerFactory|transformerFactory,transformerFactory,False,
342,hudson,14,hudson|hudson|hudson|hudson|hudson|hudson|hudson|hudson|hudson|hudson|hudson|hudson|hudson|hudson,hudson,True,
343,constructedUserInfo,2,future|enabledUserInfo,future,False,
344,event,7,trigger|trigger|trigger|trigger|trigger|trigger|trigger,trigger,False,
345,targetSize,2,targetSize|targetSize,targetSize,True,
346,searchProfileQueryPhaseResult,3,Tests|item|item,Tests,False,
347,minSettings,2,minSettings|minSettings,minSettings,True,
348,observer,3,moRef|Override|s,moRef,False,
349,messageConverter,7,messageConverter|messageConverter|messageConverter|messageConverter|messageConverter|messageConverter|messageConverter,messageConverter,True,
350,fileNAK,3,badUrl|badUrl|badUrl,badUrl,False,
351,codeUnderTestIdObj,3,testId|testId|testId,testId,False,
352,passwordHash,3,password|randomPassword|elasticPassword,password,False,
353,taken,6,success|success|success|success|success|success,success,False,
354,tableName,2,tableName|tableName,tableName,True,
355,strict,10,|||||0||||,,False,
356,driverContext,8,context_|context_|context_|context_|context_|context_|context_|context_,context_,False,
357,amountX,2,amountX|amountX,amountX,True,
358,response,2,jsonNode|jsonNode,jsonNode,False,
359,missed,12,wip|wip|1|wip|wip|boolean|1|wip|wip|wip|1|wip,wip,False,
360,unused,7,_provider|_provider|unused|_result|_result|unused|_result,_provider,False,
361,existing,4,pre|putResult|putResult|putResult,pre,False,
362,valueString,1,functionName,functionName,False,
363,source,3,javaFile|javaFile|javaFile,javaFile,False,
364,buffer,16,BufferBuffer|Buffer|Buffer|Buffer|Buffer|Feedback|Buffer|Buffer|Buffer|Buffer|Buffer|Buffer|Buffer|Buffer|BufferBuffer|BufferBuffer,BufferBuffer,False,
365,interval,2,warningInterval|warningInterval,warningInterval,False,
366,onthrowMethod,5,onthrow|onthrow|onthrow|onthrow|onthrow,onthrow,False,
367,projectIndex,8,indexState|indexState|indexState|indexState|indexState|indexState|indexState|indexState,indexState,False,
368,bgRightWidth,5,bgWidth|bgWidth|bgWidth|bgWidth|bgWidth,bgWidth,False,
369,moduleName,3,value|module|module,value,False,
370,stagingHash,7,stagingHash|stagingHash|stagingHash|stagingHash|stagingHash|stagingHash|stagingHash,stagingHash,True,
371,supersetSize,12,subsetDF|subsetDF|subsetDF|subsetDF|subsetDF|subsetDF|subsetDF|subsetDF|subsetDF|subsetDF|subsetDF|subsetDF,subsetDF,False,
372,equal,8,==|eqIndex|eqIndex|eqIndex|==|==|==|==,==,False,
373,clazz,28,typeClass|typeClass|typeClass|typeClass|typeClass|typeClass|typeClass|typeClass|typeClass|typeClass|typeClass|typeClass|typeClass|typeClass|typeClass|typeClass|typeClass|typeClass|typeClass|typeClass|typeClass|typeClass|typeClass|typeClass|typeClass|typeClass|typeClass|className,typeClass,False,
374,indexMetadata,18,indexMetadata|indexMetadata|indexMetadata|indexMetadata|indexMetadata|indexMetadata|indexMetadata|indexMetadata|indexMetadata|indexMetadata|indexMetadata|indexMetadata|indexMetadata|indexMetadata|indexMetadata|indexMetadata|indexMetadata|indexMetadata,indexMetadata,True,
375,certificates,6,certificate|certificate|certificate|certificate|certificate|certificate,certificate,False,
376,bufferSize,17,maxElements|maxElements|maxElements|maxElements|eagerTruncate|maxElements|maxElements|maxElements|maxElements|maxElements|maxElements|maxElements|maxElements|maxElements|maxElements|maxElements|maxElements,maxElements,False,
377,listener,5,actionListener|actionListener|actionListener|actionListener|actionListener,actionListener,False,
378,strategy,8,allocationService|allocationService|allocationService|allocationService|allocationService|allocationService|allocationService|allocationService,allocationService,False,
379,vPath,3,name|name|name,name,False,
380,webSocketClient,6,client|client|client|client|client|client,client,False,
381,toBeReturned,4,toReturn|toReturn|toReturn|toReturn,toReturn,False,
382,array,2,array|array,array,True,
383,batch,17,batch|batch|batch|batch|batch|batch|batch|batch|batch|batch|batch|batch|batch|batch|batch|batch|batch,batch,True,
384,expectedLatn,3,,,False,"CUDA out of memory. Tried to allocate 30.66 GiB. GPU 0 has a total capacity of 79.25 GiB of which 2.99 GiB is free. Including non-PyTorch memory, this process has 76.25 GiB memory in use. Of the alloc"
385,sampleEntry,5,entryList|entry0|entry0|entry0|entry0,entryList,False,
386,expected,6,expectedValue|expectedValue|expectedValue|expectedValue|expectedValue|expectedValue,expectedValue,False,
387,unstubbedIterator,4,allIterator|allIterator|allIterator|allIterator,allIterator,False,
388,builder,9,StringBuilder|sb|sb|sb|sb|sb|sb|sb|sb,StringBuilder,False,
389,request,13,template|template|template|template|template|template|template|template|template|template|request|request|request,template,False,
390,queueSize,17,queueSize|queueSize|queueSize|queueSize|queueSize|queueSize|queueSize|queueSize|queueSize|queueSize|clientNum|queueSize|queueSize|queueSize|responseTime|queueSize|queueSize,queueSize,True,
391,idleStateHandler,23,idleHandler|idleHandler|idleHandler|idleHandler|idleHandler|idleHandler|idleHandler|idleHandler|idleHandler|idleHandler|idleHandler|idleHandler|idleHandler|idleHandler|idleHandler|idleHandler|idleHandler|idleHandler|idleHandler|idleHandler|idleHandler|idleHandler|idleHandler,idleHandler,False,
392,aabbMax,8,abbMax|abbMax|abbMax|abbMax|abbMax|abbMax|abbMax|abbMax,abbMax,False,
393,listSize,5,numNodes|numNodes|numNodes|numNodes|numNodes,numNodes,False,
394,ownerType,3,ownerType|rawType|ownerType,ownerType,True,
395,modulesExports,3,exportsMap|exportsMap|exportsMap,exportsMap,False,
396,secretSettings,3,secretSettings|secretSettings|secretSettings,secretSettings,True,
397,positionCount,6,docCount|docCount|docCount|docCount|docCount|docCount,docCount,False,
398,elements,2,requestCount|L,requestCount,False,
399,classVisitor,2,classVisitor|classVisitor,classVisitor,True,
400,ruleClass,13,ruleClass|ruleClass|ruleClass|ruleClass|ruleClass|ruleClass|ruleClass|ruleClass|ruleClass|ruleClass|ruleClass|ruleClass|ruleClass,ruleClass,True,
401,expectedIndexCount,2,expectedCount|expectedCount,expectedCount,False,
402,management,6,search|management|management|management|management|management,search,False,
403,renderTimeNs,5,renderTime|renderTime|renderTime|renderTime|renderTime,renderTime,False,
404,pname,16,name|name|name|name|name|name|name|name|name|name|name|name|name|name|name|name,name,False,
405,platformUrl,6,platformUrl|platformUrl|platformUrl|platformUrl|platformUrl|platformUrl,platformUrl,True,
406,context,3,searchExecutionContext|searchExecutionContext|searchExecutionContext,searchExecutionContext,False,
407,topUncast,9,uncast|uncast|uncast|uncast|uncast|uncast|uncast|uncast|uncast,uncast,False,
408,expectedCount,2,expectedCount|expectedCount,expectedCount,True,
409,dfLatn,3,,,False,"CUDA out of memory. Tried to allocate 30.66 GiB. GPU 0 has a total capacity of 79.25 GiB of which 2.99 GiB is free. Including non-PyTorch memory, this process has 76.25 GiB memory in use. Of the alloc"
410,usedBuiltInCharFilters,15,usedCharFilterTypes|charFilters|charFilters|charFilters|usedCharFilters|usedCharFilters|charFilters|charFilters|usedTokenizers|usedTokenizers|charFilters|usedTokenizers|usedTokenizers|charFilters|charFilters,usedCharFilterTypes,False,
411,upstream,6,f1|f1|f1|f1|f1|f1,f1,False,
412,newEntries,4,newEntries|newEntries|newEntries|newEntries,newEntries,True,
413,request,16,1|1|1|1|1|1|1|1|1|1|1|1|1|1|1|1,1,False,
414,database,7,database|database|database|database|database|database|database,database,True,
415,observer,15,s|s|actual|actual|actual|actual|actual|actual|s|s|s|s|s|s|s,s,False,
416,cMemoryOwn,6,cMemory|cMemory|cMemory|cMemory|cMemory|cMemory,cMemory,False,
417,desturi,6,prefix|myURI|myURI|the|myURI|myURI,prefix,False,
418,bucket,78,GroupId|Bucket|GroupId|GroupId|GroupId|Bucket|GroupId|GroupId|GroupId|Bucket|Bucket|GroupId|GroupId|GroupId|Bucket|Bucket|Bucket|GroupId|GroupId|GroupId|Bucket|GroupId|Bucket|Bucket|GroupId|Bucket|GroupId|Bucket|GroupId|Bucket|GroupId|Bucket|GroupId|GroupId|GroupId|GroupId|Bucket|GroupId|GroupId|Bucket|GroupId|GroupId|GroupId|GroupId|GroupId|GroupId|GroupId|GroupId|GroupId|GroupId|GroupId|GroupId|GroupId|GroupId|GroupId|GroupId|Bucket|GroupId|Bucket|GroupId|Bucket|Bucket|Bucket|GroupId|GroupId|Bucket|Bucket|Bucket|Bucket|GroupId|GroupId|GroupId|Bucket|Bucket|GroupId|GroupId|Bucket|Bucket,GroupId,False,
419,object,2,value|value,value,False,
420,superType,2,superType|superType,superType,True,
421,pathSet,6,pathSet|pathSet|pathSet|pathSet|pathSet|pathSet,pathSet,True,
422,resolverChain,13,resolverChain|resolverChain|resolverChain|resolverChain|resolverChain|resolverChain|resolverChain|resolverChain|resolverChain|resolverChain|resolverChain|resolverChain|resolverChain,resolverChain,True,
423,section,2,buffer|buffer,buffer,False,
424,originalBucket,4,originalBucket|originalBucket|originalBucket|originalBucket,originalBucket,True,
425,expected,2,encode|expectedEncoding,encode,False,
426,executor,1,executor,executor,True,
427,idpMetadataCertificates,2,certificates|metadataCertificates,certificates,False,
428,height,63,/|/|/|/|/|/|/|/|/|/|/|/|/|/|/|/|/|/|/|/|/|/|/|/|/|/|/|/|/|/|/|/|/|/|/|y|/|/|/|/|.|.|.|/|.|/|width|width|/|/|/|/|/|/|/|/|/|/|/|/|/|/|/,/,False,
429,rhsElem,6,lhsElem|rhsElem|rhsElem|rhsElem|rhsElem|rhsElem,lhsElem,False,
430,actualLatn,3,,,False,"CUDA out of memory. Tried to allocate 30.66 GiB. GPU 0 has a total capacity of 79.25 GiB of which 2.99 GiB is free. Including non-PyTorch memory, this process has 76.25 GiB memory in use. Of the alloc"
431,addArr,2,addArr|addArr,addArr,True,
432,oninvokeInstance,5,oninvoke|oninvoke|oninvoke|oninvoke|oninvoke,oninvoke,False,
433,target,2,notView|notView,notView,False,
434,buffer,3,buffer|buffer|buffer,buffer,True,
435,parentDirName,3,checksumLine|parentName|parentName,checksumLine,False,
436,processor,3,failProcessor|failProcessor|failor,failProcessor,False,
437,referencingUpdates,8,pointerUpdates|pointerUpdates|pointerUpdates|pointerUpdates|pointerUpdates|pointerUpdates|pointerUpdates|pointerUpdates,pointerUpdates,False,
438,snapshotShardSizeInfo,2,snapshotInfo|snapshotInfo,snapshotInfo,False,
439,inferenceEntityId,7,id|id|id|id|id|id|id,id,False,
440,entry,5,relPath|relPath|relPath|relPath|relPath,relPath,False,
441,parsedate,7,,,False,"CUDA out of memory. Tried to allocate 30.67 GiB. GPU 0 has a total capacity of 79.25 GiB of which 2.99 GiB is free. Including non-PyTorch memory, this process has 76.25 GiB memory in use. Of the alloc"
442,aggregationToJsonProcessor,3,processor|processor|processor,processor,False,
443,newIndex,2,newIndex|newIndex,newIndex,True,
444,printer,2,printer|printer,printer,True,
445,message,3,index|exceptionMessage|exceptionMessage,index,False,
446,sampleToCompute,2,createdInstance|actualInstance,createdInstance,False,
447,eventType,31,eventType|eventType|eventType|eventType|eventType|incidentKey|incidentKey|eventType|eventType|eventType|eventType|eventType|eventType|incidentKey|incidentKey|eventType|eventType|eventType|eventType|eventType|eventType|client|eventType|description|incidentKey|eventType|eventType|eventType|eventType|eventType|eventType,eventType,True,
448,settingKey,2,key|key,key,False,
449,idleTask,5,/*|idleTask|idleTask|idleTask|idleTask,/*,False,
450,deltaX,4,deltaX|deltaXX|deltaXX|deltaXX,deltaX,True,
451,pathFragmentString,2,s|path,s,False,
452,context,5,context|context|context|context|context,context,True,
453,description,20,description|description|description|description|description|jobIds|Objects|description|description|description|description|description|description|description|description|description|description|description|description|description,description,True,
454,newThr,6,newThr|newThr|newThr|newThr|newThr|newCap,newThr,True,
455,leftIndex,3,leftIndex|leftIndex|leftIndex,leftIndex,True,
456,image,11,image|image|image|.|image|encodedImage|encodedImage|encodedImage|encodedImage|encodedImage|encodedImage,image,True,
457,parentIndex,3,parentIndex|parentIndex|parentIndex,parentIndex,True,
458,proxyThreads,4,workerThreads|workerThreads|workerThreads|workerThreads,workerThreads,False,
459,title,3,caseDescription|caseDescription|caseDescription,caseDescription,False,
460,spawn,18,spawn1|spawn1|spawn1|spawn1|spawn1|spawn1|spawn1|spawn1|spawn1|spawn1|spawn1|spawn1|spawn1|spawn1|spawn1|spawn1|spawn1|spawn1,spawn1,False,
461,incReceiverNodes,2,newActivityNodes|receiverNodes,newActivityNodes,False,
462,transportVersions,3,transportVersions|transportVersions|transportVersions,transportVersions,True,
463,returnedRecord,13,retrievedRecord|retrievedRecord|retrievedRecord|retrievedRecord|retrievedRecord|retrievedRecord|retrievedRecord|retrievedRecord|retrievedRecord|retrievedRecord|retrievedRecord|retrievedRecord|retrievedRecord,retrievedRecord,False,
464,parsedInferenceConfig,2,parsedConfig|parsedConfig,parsedConfig,False,
465,regex,5,regex|regex|methodFilter|methodFilter|methodFilter,regex,True,
466,expectedCollection,12,0|0|0|0|0|0|0|0|0|0|0|0,0,False,
467,invocationOnMock,4,invocation|invocation|invocation|invocation,invocation,False,
468,selected,5,addIntermediateInput|groupIds|groupIds|groupIds|groupIds,addIntermediateInput,False,
469,flushablePool,42,fpc|fpc|fpc|fpc|fpc|fpc|fpc|fpc|fpc|fpc|fpc|fpc|fpc|fpc|fpc|fpc|fpc|fpc|fpc|fpc|fpc|fpc|fpc|fpc|fpc|fpc|fpc|fpc|fpc|fpc|fpc|fpc|fpc|fpc|fpc|fpc|fpc|fpc|fpc|fpc|fpc|fpc,fpc,False,
470,isDesignatedInitializer,5,designated|designated|designated|designated|designated,designated,False,
471,codePoint,2,codePoint|codePoint,codePoint,True,
472,artifactsResults,2,artifactResults|artifactResults,artifactResults,False,
473,connection,3,connection|urlConnection|urlConnection,connection,True,
474,rayCallback,9,rayCallback|rayCallback|rayCallback|rayCallback|rayCallback|rayCallback|rayCallback|rayCallback|rayCallback,rayCallback,True,
475,argumentCount,2,constructorNumber|methodNumber,constructorNumber,False,
476,health,15,actuate|health1|getHealth|health1|health1|health1|getHealth|health1|health1|health1|health1|getHealth|health1|health1|health1,actuate,False,
477,names,2,names|names,names,True,
478,bScale,34,aScale|bScale|aScale|bScale|aScale|bScale|aScale|bScale|aScale|bScale|bScale|bScale|bScale|bScale|aScale|bScale|aScale|bScale|aScale|bScale|aScale|bScale|aScale|bScale|aScale|bScale|aScale|bScale|aScale|bScale|aScale|bScale|aScale|bScale,aScale,False,
479,bgLeftWidth,7,bgWidth|bgWidth|bgWidth|bgWidth|bgWidth|bgWidth|bgWidth,bgWidth,False,
480,classLevelEnabled,2,classEnabled|classEnabled,classEnabled,False,
481,testAnn,4,ann|ann|ann|ann,ann,False,
482,finalBitmap,3,resultBitmap|resultBitmap|resultBitmap,resultBitmap,False,
483,target,4,target1|target1|target1|target1,target1,False,
484,categoryClass,2,categoryClass|categoryClass,categoryClass,True,
485,lengthIfKnown,4,length|length|length|length,length,False,
486,expectedPattern,3,,,False,"CUDA out of memory. Tried to allocate 30.66 GiB. GPU 0 has a total capacity of 79.25 GiB of which 2.99 GiB is free. Including non-PyTorch memory, this process has 76.25 GiB memory in use. Of the alloc"
487,exponent,33,implementation|base|exponent|exponent|exponent|exponent|exponent|exponent|exponent|exponent|exponent|exponent|exponent|exponent|exponent|exponent|exponent|exponent|exponent|exponent|exponent|exponent|exponent|exponent|exponent|exponent|private|base|exponent|exponent|exponent|exponent|exponent,implementation,False,
488,decodingOptions,5,options|options|options|options|options,options,False,
489,componentTemplates,4,componentTemplates|componentTemplates|componentTemplates|componentTemplates,componentTemplates,True,
490,protocols,2,protocols|protocols,protocols,True,
491,useAlias,3,useAlias|useAlias|useAlias,useAlias,True,
492,dateTimeStr,11,,,False,"CUDA out of memory. Tried to allocate 30.67 GiB. GPU 0 has a total capacity of 79.25 GiB of which 2.99 GiB is free. Including non-PyTorch memory, this process has 76.25 GiB memory in use. Of the alloc"
493,meanX,6,meanX|meanX|meanX|meanX|meanX|meanX,meanX,True,
494,columnValues,7,values|values|values|values|values|values|values,values,False,
495,dependency,4,dependencyResult|dependencyResult|dependencyResult|dependencyResult,dependencyResult,False,
496,params,1,params,params,True,
497,which,1,whichButton,whichButton,False,
498,codeUnderTestId,5,idCode|idCode|idCode|idCode|idCode,idCode,False,
499,clone,3,o2|o2|o2,o2,False,
500,configCenter,4,configCenter|configCenter|configCenter|configCenter,configCenter,True,
501,isVolatile,5,volatile|volatile|volatile|volatile|volatile_,volatile,False,
502,pager,5,pager|viewPager|viewPager|viewPager|viewPager,pager,True,
503,offset,4,offset|offset|offset|offset,offset,True,
504,matches,5,matchIds|matchIds|matchIds|matchIds|matchIds,matchIds,False,
505,byteArrayPool,18,arrayPool|arrayPool|arrayPool|arrayPool|arrayPool|arrayPool|arrayPool|arrayPool|arrayPool|arrayPool|arrayPool|arrayPool|arrayPool|arrayPool|arrayPool|arrayPool|arrayPool|arrayPool,arrayPool,False,
506,otherParamType,5,otherType|otherType|otherType|otherType|otherType,otherType,False,
507,request,12,request|request|request|request|request|request|request|request|request|request|request|request,request,True,
508,outstandingRequests,4,searchConnections|searchConnections|searchConnections|searchConnections,searchConnections,False,
509,message,17,message|message|message|message_|message_|message_|message_|message_|message_|message_|message_|message|the|message|message_|timestamp|timestamp,message,True,
510,consumer,2,consumer|consumer,consumer,True,
511,dialog,2,dialogInterface|dialogInterface,dialogInterface,False,
512,vStart,9,vStart|vStart|vStart|valuesPosition|vStart|vStart|vStart|vStart|vStart,vStart,True,
513,parentBd,2,outerBD|outerBD,outerBD,False,
514,testClassNames,2,testNames|testNames,testNames,False,
515,height,14,height_|height_|height_|height_|height_|height_|height_|height_|height_|height_|height_|height_|height_|height_,height_,False,
516,alpha,14,weight|weight|weight|weight|weight|weight|weight|weight|weight|weight|weight|weight|weight|weight,weight,False,
517,incReceivers,6,incActivities|incReceiver|incReceiver|incServices|incReceiver|incReceiver,incActivities,False,
518,indexInTrackGroup,2,index|index,index,False,
519,readOffset,1,readOffset,readOffset,True,
520,ignoreUserOptions,12,ignore|ignore|ignore|ignore|ignore|ignore|ignore|ignore|ignore|ignore|ignore|ignore,ignore,False,
521,commonSuperTypeIndex,3,typeIndex|typeIndex|typeIndex,typeIndex,False,
522,newField,5,newInput|newInput|newInput|newInput|newInput,newInput,False,
523,color,11,color|color|color|color|color|color|color|color|color|color|color,color,True,
524,testClasses,8,nestedClasses|nestedClasses|nestedClasses|nestedClasses|nestedClasses|nestedClasses|nestedClasses|nestedClasses,nestedClasses,False,
525,testClass,13,ClassNames|ClassNames|ClassNames|ClassNames|ClassNames|ClassNames|ClassNames|ClassNames|ClassNames|ClassNames|ClassNames|ClassNames|ClassNames,ClassNames,False,
526,pluginPolicy,2,pluginPolicy|pluginPolicy,pluginPolicy,True,
527,symbolsOut,2,symbols|symbols2,symbols,False,
528,response,11,.|response|response|response|response|response|response|response|response|response|response,.,False,
529,endFlag,10,endFlag|endFlag|endFlag|endFlag|endFlag|endFlag|endFlag|endFlag|endFlag|endFlag,endFlag,True,
530,selectedConverterType,4,converterType|converterType|converterType|converterType,converterType,False,
531,offset,5,offset|offset|inclusive|offset|offset,offset,True,
532,trace,6,trace|trace|trace|trace|trace|trace,trace,True,
533,infoThreshold,2,infoThreshold|infoThreshold,infoThreshold,True,
534,queue,6,mainQueue|mainQueue|mainQueue|mainQueue|mainQueue|errors,mainQueue,False,
535,cause,5,e2|e2|e2|e2|e2,e2,False,
536,runLength,3,pixelCount|pixelCount|pixelCount,pixelCount,False,
537,fieldsCopy,7,newFields|newFields|newFields|newFields|newFields|newFields|newFields,newFields,False,
538,outputColorInfo,3,colorInfo|colorInfo|colorInfo,colorInfo,False,
539,bulkShardRequest,2,bulkRequest|bulkRequest,bulkRequest,False,
540,newReceivers,2,new|new,new,False,
541,future,7,e|future|future|future|future|future|future,e,False,
542,histo,3,hist|histogram|histogram,hist,False,
543,checkMlCppNoticeTask,4,checkNotice|checkNotice|checkNotice|checkNotice,checkNotice,False,
544,actualValue,10,actualValue|actualValue|actualValue|actualValue|actualValue|actualValue|actualValue|actualValue|actualValue|actualValue,actualValue,True,
545,service,2,indicesService|indicesService,indicesService,False,
546,testInfo,6,testInfo|testInfo|testInfo|testInfo|testInfo|testInfo,testInfo,True,
547,integerSetting,11,intSetting|intSetting|intSetting|intSetting|intSetting|intSetting|intSetting|intSetting|intSetting|intSetting|intSetting,intSetting,False,
548,urlWithPort,2,urlWithHost|url,urlWithHost,False,
549,warnThreshold,2,warnThreshold|warnThreshold,warnThreshold,True,
550,array,3,objs|objs|objs,objs,False,
551,mockTrainedModelDefinition,3,modelDefinition|modelDefinition|modelDefinition,modelDefinition,False,
552,builder,4,import|builderBuilder|builderBuilder|builderBuilder,import,False,
553,downstream,12,downstream_|downstream_|downstream_|downstream_|downstream_|downstream_|downstream_|downstream_|downstream_|downstream_|downstream_|downstream_,downstream_,False,
554,pwdEndIdx,5,atIdx|atIdx|atIdx|atIdx|atIdx,atIdx,False,
555,pathFragment,14,path|path|path|path|path|path|path|path|path|path|path|path|path|path,path,False,
556,timestampAdjusterInitializationTimeoutMs,11,timeoutMs|timeoutMs|timeoutMs|timeoutMs|timeoutMs|timeoutMs|timeoutMs|timeoutMs|timeoutMs|timeoutMs|timeoutMs,timeoutMs,False,
557,initialSeedRef,6,seedRef|seedRef|seedRef|seedRef|seedRef|seedRef,seedRef,False,
558,context,18,node|node|node|context|node|context|node|node|n|context|context|n|n|context|n|context|n|context,node,False,
559,unfilteredRdepsOfRdeps,2,rdeps|rdeps,rdeps,False,
560,trieIterator,3,it|it|it,it,False,
561,sourceCodec,3,hsc|hsc|hsc,hsc,False,
562,header,24,h|h|h|h|h|h|h|h|h|h|h|h|h|eventType|h|h|event_collection_name|h|h|h|eventCollectionName|h|h|h,h,False,
563,execRoot,5,execRoot|execRoot|execRoot|execRoot|execRoot,execRoot,True,
564,candidate,3,1|1|1,1,False,
565,parts,4,trailingParts|trailingParts|trailingParts|trailingParts,trailingParts,False,
566,evict,7,00|00|00|00|00|00|00,00,False,
567,newest,4,lastEntry|lastEntry|lastEntry|lastEntry,lastEntry,False,
568,fromArchive,2,file|file,file,False,
569,repeatedValuesString,2,containerValue|containerValues,containerValue,False,
570,indexId,3,indexId|indexId|indexId,indexId,True,
571,start,4,startMillis|startMillis|startMillis|startMillis,startMillis,False,
572,restRequest,3,request|request|request,request,False,
573,expected,3,entries|entries|entries,entries,False,
574,other,3,otherObj|otherObj|otherObj,otherObj,False,
575,qualifiedName,3,ruleName|ruleName|ruleName,ruleName,False,
576,avgCount,4,avgCount|avgCount|avgCount|avgCount,avgCount,True,
577,innerAgg,2,agg|subagg,agg,False,
578,buffer,3,buffer_|buffer_|buffer_,buffer_,False,
579,targetR,2,targetR|targetR,targetR,True,
580,statusPerLine,3,perLine|perLine|perLine,perLine,False,
581,builder,2,requestBuilder|requestBuilder,requestBuilder,False,
582,configLocations,2,configLocations|configLocations,configLocations,True,
583,entries,34,entries|entries|entries|entries|entries|entries|entries|entries|entries|entries|entries|entries|entries|entries|entries|entries|entries|entries|entries|entries|entries|entries|entries|entries|entries|entries|entries|entries|entries|entries|entries|entries|entries|entries,entries,True,
584,suite,19,TestSuite|suite|suite|suite|suite|suite|suite|suite|suite|suite|suite|suite|suite|suite|suite|suite|suite|suite|suite,TestSuite,False,
585,encodedURLStr,8,fullURLStr|URLStr|URLStr|URLStr|URLStr|URLStr|URLStr|URLStr,fullURLStr,False,
586,admin,20,admin|admin|adminConfig|admin|adminConfig|adminConfig|adminConfig|admin|admin|admin|admin|admin|admin|admin|admin|admin|admin|admin|admin|admin,admin,True,
587,aggBuilder,10,my_agg|aggBuilder|aggBuilder|aggBuilder|aggBuilder|aggBuilder|aggBuilder|aggBuilder|aggBuilder|aggBuilder,my_agg,False,
588,constantPoolOffset,3,itemOffset|itemOffset|itemOffset,itemOffset,False,
589,length,8,count|count|count|count|count|count|count|count,count,False,
590,methodSpecBuilder,16,1|1|1|1|1|1|1|1|1|1|1|1|1|1|1|1,1,False,
591,commits,2,commitsList|commits,commitsList,False,
592,myCompressor,4,mypressor|mypressor|mypressor|mypressor,mypressor,False,
593,coreOptions,2,coreOptions|coreOptions,coreOptions,True,
594,putDataStreamRequest,2,actionRequest|actionRequest,actionRequest,False,
595,prefix,19,prefix|prefix|prefix|prefix|prefix|prefix|prefix|prefix|prefix|prefix|prefix|prefix|prefix|namespace|namespace|prefix|prefix|prefix|prefix,prefix,True,
596,test_date,2,,,False,"CUDA out of memory. Tried to allocate 30.66 GiB. GPU 0 has a total capacity of 79.25 GiB of which 2.99 GiB is free. Including non-PyTorch memory, this process has 76.25 GiB memory in use. Of the alloc"
597,parser,10,parser|parser|parser|parser|parser|parser|parser|parser|parser|parser,parser,True,
598,weekData,3,weekData|weekData|weekData,weekData,True,
599,trainedModelConfigBuilder,6,configBuilder|configBuilder|configBuilder|configBuilder|configBuilder|configBuilder,configBuilder,False,
600,marker,3,installedFrom|installedFrom|installedFrom,installedFrom,False,
601,secret,9,key|secret|secret|secret|secret|secret|secret|secret|secret,key,False,
602,options,6,options1|options1|options1|options1|options1|options1,options1,False,
603,targetClass,16,targetClass|targetClass|targetClass|targetClass|targetClass|targetClass|targetClass|targetClass|targetClass|targetClass|targetClass|targetClass|targetClass|targetClass|targetClass|targetClass,targetClass,True,
604,exception,8,exception|exception|e|e|e|e|e|error,exception,True,
605,tables,7,tables|command|command|command|command|command|tables,tables,True,
606,oldIndex,4,oldIndex|oldIndex|oldIndex|oldIndex,oldIndex,True,
607,builder,18,builder|builder|builder|builder|builder|builder|builder|builder|builder|builder|builder|builder|builder|builder|builder|builder|builder|builder,builder,True,
608,response,8,createResponse|createResponse|indexResponse|indexResponse|indexResponse|indexResponse|indexResponse|indexResponse,createResponse,False,
609,deprecationHandler,10,deprecation|deprecation|deprecation|deprecation|deprecation|deprecation|deprecation|deprecation|deprecation|deprecation,deprecation,False,
610,allocation,8,allocation|RecoverySource|allocation|strategy1|strategy1|strategy1|strategy1|strategy1,allocation,True,
611,newFinalizeContext,2,fsc|fsc,fsc,False,
612,upstream,4,f1|f1|f1|f1,f1,False,
613,storedFields,2,storedFields|storedFields,storedFields,True,
614,description,2,description|description,description,True,
615,invocation,4,invocation|invocation|invoc|invoc,invocation,True,
616,factory,13,internalFactory|internalFactory|internalFactory|internalFactory|internalFactory|internalFactory|internalFactory|internalFactory|internalFactory|internalFactory|internalFactory|internalFactory|internalFactory,internalFactory,False,
617,observer,2,actual|actual,actual,False,
618,securityEnabled,6,enabled|enabled|enabled|enabled|enabled|enabled,enabled,False,
619,usedTokenizerTypes,3,usedCharFilterTypes|tokenizerTypes|tokenizerTypes,usedCharFilterTypes,False,
620,uniquePluginIds,2,pluginIds|pluginIds,pluginIds,False,
621,sourceFilePath,7,sourceFilePath|sourceFilePath|sourceFilePath|sourceFilePath|sourceFilePath|sourceFilePath|sourceFilePath,sourceFilePath,True,
622,suite,7,suite|suite_|suite_|suite_|suite_|suite_|suite_,suite,True,
623,newPreFilterQueryBuilders,2,newFilters|newFilters,newFilters,False,
624,localDataStream,6,localDataStream|localDataStream|localDataStream|localDataStream|localDataStream|localDataStream,localDataStream,True,
625,contextBuilders,5,build|builders|builders|builders|build,build,False,
626,length,48,length|length|length|length|length|length|length|length|length|length|length|length|length|length|length|length|length|length|length|length|length|length|length|length|length|length|length|length|length|length|length|length|length|length|length|length|length|length|length|length|length|length|length|length|length|length|length|length,length,True,
627,location,10,location|location|location|location|location|location|location|location|location|location,location,True,
628,warningMessage,3,expectedWarning|expectedWarning|expectedWarning,expectedWarning,False,
629,oauthVerifier,2,verifierCode|verifierCode,verifierCode,False,
630,fieldNumber,3,fieldNumber|fieldNumber|res,fieldNumber,True,
631,serializer,10,serializer|serializer|serializer|serializer|serializer1|serializer1|serializer1|serializer1|serializer1|serializer1,serializer,True,
632,endIndex,2,endIdx|endIdx,endIdx,False,
633,version,3,version|version|BiDi,version,True,
634,response,8,response|response|response|response|response|response|response|response,response,True,
635,rootDir,2,settingsDir|settingsDir,settingsDir,False,
636,proxy,10,proxy_|proxy_|proxy_|proxy_|proxy_|proxy_|proxy_|proxy_|proxy_|proxy_,proxy_,False,
637,webServer,3,webServer|webServer|webServer,webServer,True,
638,idleHttpConnectionTimeout,5,. .|. .|. .|. .|. .,. .,False,
639,attrs,1,attrs,attrs,True,
640,elapsedRealtimeUs,2,timeUs|timeUs,timeUs,False,
641,targetOffsetUs,6,offsetUs|offsetUs|offsetUs|offsetUs|offsetUs|offsetUs,offsetUs,False,
642,metaAnnotations,2,metaAnnotations|metaAnnotations,metaAnnotations,True,
643,header,11,header|header|header|newHeader|header|newHeader|newHeader|newHeader|header|header|header,header,True,
644,timeout,4,expiryTime|expiryTime|expiryTime|expiryTime,expiryTime,False,
645,formatter,3,formatter|formatter|formatter,formatter,True,
646,instanceMethod,17,methodSpec|methodSpec|staticMethod|methodSpec|methodSpec|methodSpec|methodSpec|methodSpec|methodSpec|methodSpec|methodSpec|methodSpec|methodSpec|methodSpec|staticVariableName|methodSpec|methodSpec,methodSpec,False,
647,emails,2,names|emails,names,False,
648,screenY,8,screenY|screenY|screenY|screenY|screenY|screenY|screenY|screenY,screenY,True,
649,subsetSize,12,subsetSize|subsetSize|subsetSize|subsetSize|subsetSize|subsetSize|subsetSize|subsetFreq|subsetSize|subsetSize|subsetSize|subsetSize,subsetSize,True,
650,params,7,params|params|params|params|params|params|params,params,True,
651,inner,13,d|d|d|d|d|d|d|d|d|d|d|d|d,d,False,
652,content,6,text|text|text|text|text|text,text,False,
653,parsers,32,parsersList|parsersList|parsersList|parsersList|parsersList|parsersList|parsersList|parsersList|parsersList|parsersList|parsersList|parsersList|parsersList|parsersList|parsersList|parsersList|parsersList|parsersList|parsersList|parsersList|parsersList|parsersList|parsersList|parsersList|parsersList|parsersList|parsersList|parsersList|parsersList|parsersList|parsersList|parsersList,parsersList,False,
654,beans,2,registrationBeans|registrationBeans,registrationBeans,False,
655,parameterObject,1,parameterObject,parameterObject,True,
656,environmentValue,2,profileValue|profileValue,profileValue,False,
657,flingTime,18,t|t|t|t|t|t|t|if|t|t|t|t|t|t|t|t|t|t,t,False,
658,client,3,"import|,|.",import,False,
659,string,2,message|message,message,False,
660,searchResponse,8,searchResponse|searchResponse|searchResponse|searchResponse|searchResponse|searchResponse|searchResponse|searchResponse,searchResponse,True,
661,future,19,futureValue|futureValue|get|futureValue|futureValue|futureValue|FutureValue|futureValue|futureValue|futureValue|futureValue|futureValue|futureValue|futureValue|futureValue|futureValue|futureValue|futureValue|futureValue,futureValue,False,
662,range,5,range|range|range|range|array,range,True,
663,columnValuesSize,3,valuesSize|valuesSize|valuesSize,valuesSize,False,
664,animating,11,//|//|//|//|//|//|//|//|//|//|calling,//,False,
665,plugin,3,plugins|analysisPlugin|analysisPlugin,plugins,False,
666,client,3,import|nodeClient|nodeClient,import,False,
667,buffer,41,buffer|this|buffer|buffer|buffer|buffer|buffer|buffer|buffer|buffer|buffer|buffer|buffer|buffer|buffer|buffer|buffer|buffer|buffer|buffer|buffer|buffer|buffer|buffer|buffer|buffer|buffer|buffer|buffer|buffer|buffer|buffer|buffer|buffer|buffer|buffer|buffer|buffer|buffer|buffer|buffer,buffer,True,
668,inputsSize,3,inputSize|inputSize|inputSize,inputSize,False,
669,oinput,5,objectInputStream|objectInputStream|objectInputStream|objectInputStream|objectInputStream,objectInputStream,False,
670,rtpPayloadType,2,payloadType|payloadType,payloadType,False,
671,quartScratch,2,quartRef|quartRef,quartRef,False,
672,offset,6,offset|offset|offset|offset|offset|offset,offset,True,
673,itemIndex,13,itemCount|itemCount|itemCount|itemCount|itemCount|itemCount|itemCount|itemCount|itemCount|itemCount|itemCount|itemCount|itemCount,itemCount,False,
674,classLoader,1,classLoader,classLoader,True,
675,classLoader,2,classLoader|classLoader,classLoader,True,
676,scoreDoc,12,1|1|1|1|1|1|1|1|1|1|1|1,1,False,
677,staplerResponse,4,response|response|response|response,response,False,
678,columnIndex,4,columnIndex|columnIndex|columnIndex|columnIndex,columnIndex,True,
679,binTools,3,"binTools|1,|binTools",binTools,True,
680,service,10,pluginInterface|pluginInterface|pluginInterface|pluginInterface|pluginInterface|pluginInterface|pluginInterface|pluginInterface|pluginInterface|pluginInterface,pluginInterface,False,
681,aByte,12,curByte|curByte|curByte|curByte|curByte|curByte|curByte|curByte|curByte|curByte|curByte|byteBuffer,curByte,False,
682,schemaName,3,schemaName|schemaName|schemaName,schemaName,True,
683,secondImage,6,secondImage|secondImage|secondImage|secondImage|secondImage|secondImage,secondImage,True,
684,describableType,12,tClass|tClass|tClass|tClass|tClass|tClass|tClass|tClass|tClass|tClass|tClass|tClass,tClass,False,
685,warnings,7,warningsList|warningsList|warningsList|warningsList|warningsArray|warningsArray|warningsArray,warningsList,False,
686,charsetObj,3,charSet|charSet|charSet,charSet,False,
687,listeners,3,waiting|waiting|waiting,waiting,False,
688,x500Principal,2,xpr|xpn,xpr,False,
689,samplers,4,samplers|samplers|samplers|samplers,samplers,True,
690,attributes,11,attributesMap|attributesMap|attributesMap|attributesMap|attributesMap|attributesMap|attributesMap|attributesMap|attributesMap|attributesMap|attributesMap,attributesMap,False,
691,element,28,annotatedElement|annotatedElement|annotatedElement|annotatedElement|annotatedElement|annotatedElement|annotatedElement|annotatedElement|annotatedElement|annotatedElement|annotatedElement|annotatedElement|annotatedElement|annotatedElement|annotatedElement|annotatedElement|annotatedElement|annotatedElement|annotatedElement|annotatedElement|annotatedElement|annotatedElement|annotatedElement|annotatedElement|annotatedElement|annotatedElement|annotatedElement|annotatedElement,annotatedElement,False,
692,fileInfo,2,fileInfo|fileInfo,fileInfo,True,
693,builder,19,builder|builder|builder|builder|builder|builder|builder|builder|builder|builder|builder|builder|builder|builder|builder|builder|builder|builder|builder,builder,True,
694,model,8,model|model|model|model|model|model|model|model,model,True,
695,resource,4,.|resource|resource|resource,.,False,
696,playlistParserFactory,11,playlistFactory|playlistFactory|playlistFactory|playlistFactory|playlistFactory|playlistFactory|playlistFactory|playlistFactory|playlistFactory|playlistFactory|playlistFactory,playlistFactory,False,
697,isBaseSection,2,isBitmap|isHeader,isBitmap,False,
698,setToCheck,2,visitedSet|visitedSet,visitedSet,False,
699,logger,17,Logger|Logger|remoteLogger|remoteLogger|remoteLogger|remoteLogger|Logger|remoteLogger|remoteLogger|remoteLogger|Logger|remoteLogger|remoteLogger|remoteLogger|remoteLogger|remoteLogger|remoteLogger,Logger,False,
700,moduleClasses,3,classes|classes|classes,classes,False,
701,formattedString,16,,,False,"CUDA out of memory. Tried to allocate 30.67 GiB. GPU 0 has a total capacity of 79.25 GiB of which 2.99 GiB is free. Including non-PyTorch memory, this process has 76.25 GiB memory in use. Of the alloc"
702,retrieverBuilder,4,retriever|retriever|retriever|retriever,retriever,False,
703,update,4,ActionListener|updateRequest|updateRequest|updateRequest,ActionListener,False,
704,upsertMap,3,docMap|uMap|uMap,docMap,False,
705,beansMap,3,applicationConfigs|applicationConfigs|applicationConfigs,applicationConfigs,False,
706,compositeFieldScript,3,LeafFactory|parentScript|parentScript,LeafFactory,False,
707,charset,10,charset|charset|charsetName|charsetName|charsetName|charsetName|charsetName|charsetName|charsetName|charsetName,charset,True,
708,indicesStr,2,indicesString|indicesString,indicesString,False,
709,expressions,5,inputFields|inputFields|inputFields|inputFields|inputFields,inputFields,False,
710,applicationContext,7,context|context|context|context|context|context|context,context,False,
711,context,53,c|c|c|c|c|c|c|c|c|c|c|c|c|c|c|c|c|c|c|c|c|c|c|c|c|c|c|c|c|c|c|c|c|client|c|c|c|c|c|c|c|c|c|c|c|c|c|c|c|c|c|c|c,c,False,
712,scrollH,7,scrollH|scrollH|scrollH|scrollH|scrollH|scrollH|scrollH,scrollH,True,
713,context,2,readerContext|readerContext,readerContext,False,
714,registered,7,assertRegistered|assertRegistered|assertRegistered|assertRegistered|assertRegistered|snaps|snaps,assertRegistered,False,
715,start,2,t0|t0,t0,False,
716,className,2,clsName|clsName,clsName,False,
717,httpClient,4,callback|httpClient|httpClient|httpClient,callback,False,
718,delta,31,deltaX|deltaX|deltaY|deltaY|delta|delta|delta|delta|delta|delta|delta|delta|delta|delta|delta|delta|delta|delta|delta|delta|delta|delta|delta|delta|delta|delta|delta|delta|delta|delta|delta,deltaX,False,
719,executionCount,3,execCount|execCount|execCount,execCount,False,
720,clientSecret,2,clientSecret|clientSecret,clientSecret,True,
721,snapshotA,9,snapshotA|snapshotA|snapshotA|snapshotA|snapshotA|snapshotA|snapshotA|snapshotA|snapshotA,snapshotA,True,
722,depth,12,colorDepth|colorDepth|colorDepth|colorDepth|colorDepth|colorDepth|colorDepth|colorDepth|colorDepth|colorDepth|mimeTypeLength|colorDepth,colorDepth,False,
723,child,10,plan|plan|source|source|source|source|source|source|source|source,plan,False,
724,delta,8,delta|delta|delta|delta|delta|delta|delta|delta,delta,True,
725,humanReadable,3,prettyPrint|prettyPrint|prettyPrint,prettyPrint,False,
726,pluginsDirectory,2,pluginsPath|pluginsPath,pluginsPath,False,
727,testdefault,2,,,False,"CUDA out of memory. Tried to allocate 30.66 GiB. GPU 0 has a total capacity of 79.25 GiB of which 2.99 GiB is free. Including non-PyTorch memory, this process has 76.25 GiB memory in use. Of the alloc"
728,pointer,8,pointer|pointer|pointer|pointer|pointer|pointer|pointer|pointer,pointer,True,
729,toExclude,20,to|to|to|to|to|to|to|to|to|to|to|to|to|to|to|to|to|to|to|to,to,False,
730,bulkRequest,3,bulkRequest|bulkRequest|bulkRequest,bulkRequest,True,
731,bindingResult,5,bindingResult|bindingResult|bindingResult|bindingResult|bindingResult,bindingResult,True,
732,producerContext,2,context|context,context,False,
733,features,1,fieldFlags,fieldFlags,False,
734,resName,6,keyName|keyName|keyName|keyName|keyName|keyName,keyName,False,
735,testtimezone,4,,,False,"CUDA out of memory. Tried to allocate 30.66 GiB. GPU 0 has a total capacity of 79.25 GiB of which 2.99 GiB is free. Including non-PyTorch memory, this process has 76.25 GiB memory in use. Of the alloc"
736,field,5,field|field|class|field|field,field,True,
737,columnName,1,column,column,False,
738,currentFieldName,13,currentName|currentName|currentName|currentName|currentName|currentName|currentName|currentName|currentName|currentName|currentName|currentName|currentName,currentName,False,
739,formatter,47,,,False,"CUDA out of memory. Tried to allocate 30.69 GiB. GPU 0 has a total capacity of 79.25 GiB of which 2.98 GiB is free. Including non-PyTorch memory, this process has 76.26 GiB memory in use. Of the alloc"
740,response,6,ServerHttpResponse|ServerHttpResponse|ServerHttpResponse|ServerHttpResponse|ServerHttpResponse|ServerHttpResponse,ServerHttpResponse,False,
741,parent,8,d|d|d|d|d|d|parent|parent,d,False,
742,lookup,7,lookup|source|source|searchLookup|searchLookup|searchLookup|searchLookup,lookup,True,
743,impls,3,impls|impls|impls,impls,True,
744,beanName,5,staticField|beanName|beanName|beanName|beanName,staticField,False,
745,other,10,Other|Other|Other|Other|Other|Other|Other|Other|Other|Other,Other,False,
746,contextClass,15,contextClass|contextClass|contextClass|contextClass|contextClass|contextClass|contextClass|contextClass|contextClass|contextClass|contextClass|contextClass|contextClass|contextClass|contextClass,contextClass,True,
747,dataTypeName,2,dataTypeName|dataTypeName,dataTypeName,True,
748,visitor,7,XPathVisitor|XPathVisitor|XPathVisitor|XPathVisitor|visitor|visitor|visitor,XPathVisitor,False,
749,actual,2,actualId|actualId,actualId,False,
750,serverInputStream,12,workerInputStream|workerInputStream|workerOutputStream|workerInputStream|workerInputStream|workerOutputStream|workerInputStream|workerInputStream|workerOutputStream|workerInputStream|workerInputStream|workerOutputStream,workerInputStream,False,
751,layer,1,layer,layer,True,
752,destConfigDir,17,configDir|configDir|configDir|configDir|configDir|configDir|Parent|configDir|Parent|Parent|Parent|Parent|configDir|Parent|configDir|Parent|Parent,configDir,False,
753,accepted,16,accepted|accepted|accepted|accepted|accepted|accepted|accepted|accepted|accepted|accepted|accepted|accepted|accepted|accepted|accepted|accepted,accepted,True,
754,invalidValue,3,badValue|badValue|badValue,badValue,False,
755,outerFilterDocCount,4,docCount|innerFilterDocCount|docCount|docCount,docCount,False,
756,newChildren,2,children|children,children,False,
757,lastIndex,4,lastParent|lastParent|lastParent|lastParent,lastParent,False,
758,valueStart,9,valueStart|valueStart|valueStart|valuesPosition|valueStart|valueStart|valueStart|valueStart|valueStart,valueStart,True,
759,applicationContext,3,applicationContext|applicationContext|applicationContext,applicationContext,True,
760,maxes,3,mins|maxes|mins,mins,False,
761,resolver,12,resolver|resolver|resolver|resolver|resolver|resolver|resolver|resolver|resolver|resolver|resolver|resolver,resolver,True,
762,urlAuthSection,2,urlPrefix|urlPrefix,urlPrefix,False,
763,constantDynamic,5,constantDynamic|constantDynamic|constantDynamic|constantDynamic|constantDynamic,constantDynamic,True,
764,minDays,5,minimalDays|minimalDays|minimalDays|6|6,minimalDays,False,
765,staticMethods,7,staticMethods|instanceMethodsForExtensions|staticMethods|staticMethods|staticMethods|staticMethods|staticMethods,staticMethods,True,
766,refeshOnOperation,5,refreshAfter|refreshAfter|refreshAfter|refreshAfter|refreshAfter,refreshAfter,False,
767,currency,7,currencyCode|currencyCode|value|Currency|currencyCode|currencyCode|ISO,currencyCode,False,
768,method,5,method|method|method|method|method,method,True,
769,mediaDescription,14,mediaDescription|mediaDescription|mediaDescription|mediaDescription|mediaDescription|mediaDescription|mediaDescription|mediaDescription|mediaDescription|mediaDescription|mediaDescription|mediaDescription|mediaDescription|mediaDescription,mediaDescription,True,
770,zeroTermsQuery,27,0|0|0|analyzer|0|0|0|0|0|0|0|0|0|0|0|0|0|0|0|0|value|value|0|0|0|0|0,0,False,
771,legal,8,1|1|1|1|1|1|1|1,1,False,
772,searchLookup,6,lookup|lookup|lookup|lookup|lookup|lookup,lookup,False,
773,routingTable,5,routingTable|routingTable|routingTable|routingTable|routingTable,routingTable,True,
774,vVector,12,vVector|vVector|vVector|vVector|vVector|vVector|vVector|vVector|vVector|vVector|vVector|vVector,vVector,True,
775,consumer,6,imageConsumer|imageConsumer|imageConsumer|imageConsumer|imageConsumer|imageConsumer,imageConsumer,False,
776,prefix,2,baseName|baseName,baseName,False,
777,blockFactory,3,factory|factory|factory,factory,False,
778,apiSecret,3,apiSecret|apiSecret|apiSecret,apiSecret,True,
779,tests,8,,,False,"CUDA out of memory. Tried to allocate 30.67 GiB. GPU 0 has a total capacity of 79.25 GiB of which 2.99 GiB is free. Including non-PyTorch memory, this process has 76.25 GiB memory in use. Of the alloc"
780,itemOffset,13,itemOffset|itemOffset|itemOffset|itemOffset|itemOffset|itemOffset|itemOffset|itemOffset|itemOffset|itemOffset|itemOffset|itemOffset|itemOffset,itemOffset,True,
781,listener,10,actionListener|actionListener|actionListener|actionListener|actionListener|actionListener|actionListener|actionListener|actionListener|actionListener,actionListener,False,
782,fmtpAttributes,18,fmtpParameters|parameters|parameters|parameters|parameters|parameters|parameters|parameters|parameters|parameters|parameters|parameters|parameters|parameters|parameters|parameters|parameters|parameters,fmtpParameters,False,
783,request,4,request|request|request|request,request,True,
784,password,6,pass|keypass|keypass|keypass|keypass|keypass,pass,False,
785,srcSize,4,targetSize|targetSize|targetSize|targetSize,targetSize,False,
786,empty,9,hm3|hm3|hm3|hm3|hm3|hm3|hm3|hm3|empty,hm3,False,
787,setterFunc,3,setterName|setterName|varName,setterName,False,
788,outputBlock,13,outputBlock|outputBlock|outputBlock|outputBlock|outputBlock|outputBlock|outputBlock|outputBlock|outputBlock|outputBlock|outputBlock|outputBlock|outputBlock,outputBlock,True,
789,additionalMatcherName,3,matcherName|matcherName|matcherName,matcherName,False,
790,names,2,romName|romName,romName,False,
791,order,5,order|order|order|order|order,order,True,
792,delegate,6,delegate|delegate|delegate|delegate|delegate|delegate,delegate,True,
793,julyStr,3,,,False,"CUDA out of memory. Tried to allocate 30.66 GiB. GPU 0 has a total capacity of 79.25 GiB of which 2.99 GiB is free. Including non-PyTorch memory, this process has 76.25 GiB memory in use. Of the alloc"
794,healthMetadata,2,healthMetadata|healthMetadata,healthMetadata,True,
795,builders,4,reqs|reqs|reqs|reqs,reqs,False,
796,bootstrapMethodArguments,11,args|args|args|args|args|args|args|args|args|args|args,args,False,
797,parentClass,7,parentCls|parentCls|parentCls|parentCls|parentCls|parentCls|parentCls,parentCls,False,
798,other,2,parameterList|parameterList,parameterList,False,
799,drmSessionManagerProvider,6,provider_|provider_|provider_|provider_|provider_|provider_,provider_,False,
800,usedBuiltInAnalyzers,15,usedCharFilterTypes|_|usedAnalyzerTypes|_|_|usedCharFilters|_|_|usedTokenizers|usedTokenizers|_|usedTokenizers|usedTokenizers|_|_,usedCharFilterTypes,False,
801,builder,4,urlBuilder|urlBuilder|urlBuilder|urlBuilder,urlBuilder,False,
802,matcher,4,expectedValue|expectedValue|expectedValue|expectedValue,expectedValue,False,
803,counter,4,id|id|id|id,id,False,
804,mediaPeriod,3,mediaPeriod|mediaPeriod|mediaPeriod,mediaPeriod,True,
805,responseHeaders,8,responseHeaders|responseHeaders|responseHeaders|responseHeaders|responseHeaders|responseHeaders|responseHeaders|responseHeaders,responseHeaders,True,
806,oldtz,2,,,False,"CUDA out of memory. Tried to allocate 30.66 GiB. GPU 0 has a total capacity of 79.25 GiB of which 2.99 GiB is free. Including non-PyTorch memory, this process has 76.25 GiB memory in use. Of the alloc"
807,buyPrice,12,buyPrice|buyPrice|buyPrice|buyPrice|buyPrice|buyPrice|buyPrice|productName|buyPrice|buyPrice|buyPrice|buyPrice,buyPrice,True,
808,activityInfo,4,activityInfo|activityInfo|activityInfo|activityInfo,activityInfo,True,
809,duration,3,timeTaken|timeTaken|timeTaken,timeTaken,False,
810,limit,4,,,False,"CUDA out of memory. Tried to allocate 30.67 GiB. GPU 0 has a total capacity of 79.25 GiB of which 2.99 GiB is free. Including non-PyTorch memory, this process has 76.25 GiB memory in use. Of the alloc"
811,settingValue,12,settingValue|settingValue|settingValue|settingValue|settingValue|settingValue|settingValue|settingValue|settingValue|settingValue|settingValue|settingValue,settingValue,True,
812,dirtyType,3,dirtyType|dirtyType|dirtyType,dirtyType,True,
813,position,2,offset|offset,offset,False,
814,className,12,clsName|clsName|clsName|cls|clsName|clsName|cls|clsName|clsName|cls|clsName|clsName,clsName,False,
815,namedXContentRegistry,8,contentRegistry|contentRegistry|contentRegistry|contentRegistry|contentRegistry|contentRegistry|contentRegistry|contentRegistry,contentRegistry,False,
816,fieldType,2,fieldType|SimpleDateFormat,fieldType,True,
817,ruleContext,9,this_|this_|this_|this_|this_|this_|this_|this_|this_,this_,False,
818,inputFile,10,scratchPath|scratchPath|scratchPath|scratchPath|scratchPath|scratchPath|scratchPath|scratchPath|scratchPath|scratchPath,scratchPath,False,
819,predOwner,3,predOwner|predOwner|predOwner,predOwner,True,
820,annotation,9,annotation|annotation|annotation|annotation|annotation|annotation|annotation|annotation|annotation,annotation,True,
821,serializeTestFail,10,,,False,"CUDA out of memory. Tried to allocate 30.66 GiB. GPU 0 has a total capacity of 79.25 GiB of which 2.99 GiB is free. Including non-PyTorch memory, this process has 76.25 GiB memory in use. Of the alloc"
822,services,3,service|serviceList|serviceList,service,False,
823,onlyIfAbsent,3,evict|evict|00,evict,False,
824,annotation,11,annotation|annotation|annotation|annotation|annotation|annotation|annotation|annotation|annotation|annotation|annotation,annotation,True,
825,snapshotMetrics,2,snapshotMetrics|snapshotMetrics,snapshotMetrics,True,
826,backingIndices,4,indexPatterns|//|indexPatterns|//,indexPatterns,False,
827,bound,2,bound|bound,bound,True,
828,token,3,currentToken|currentToken|currentToken,currentToken,False,
829,amountX,38,amountX|amountX|amountX|amountX|amountX|amountX|amountX|amountX|amountX|amountX|amountX|amountX|amountX|amountX|amountX|amountX|amountX|amountX|amountX|amountX|amountX|amountX|amountX|amountX|amountX|amountX|amountX|amountX|amountX|visualAmountX|amountX|amountX|amountX|amountX|amountX|amountX|amountX|amountX,amountX,True,
830,context,16,fetchContext|fetchContext|fetchContext|fetchContext|fetchContext|fetchContext|FieldContext|fetchContext|FieldContext|FieldContext|FieldContext|FieldContext|fetchContext|fetchContext|fetchContext|fetchContext,fetchContext,False,
831,bucket,11,3|3|3|3|3|3|3|3|3|3|3,3,False,
832,workerOutputStream,15,clientOutputStream|clientOutputStream|clientOutputStream|clientOutputStream|clientOutputStream|clientOutputStream|clientOutputStream|clientOutputStream|clientOutputStream|clientOutputStream|clientOutputStream|clientOutputStream|clientOutputStream|clientOutputStream|clientOutputStream,clientOutputStream,False,
833,attribute,3,*|*|attribute,*,False,
834,docIds,4,docsList|docsList|docsList|docsList,docsList,False,
835,allocator,2,allocator|allocator,allocator,True,
836,response,3,response|response|response,response,True,
837,valuePerShardCounter,4,shardIndex|shardIndex|shardIndex|shardIndex,shardIndex,False,
838,expectedKeys,3,expectedKeys|expectedKeys|expectedKeys,expectedKeys,True,
839,stats,4,_|_|_|_,_,False,
840,myMap,3,hm3|hm3|hm3,hm3,False,
841,descriptor,12,d|d|d|d|d|d|d|d|d|d|d|d,d,False,
842,runnable,4,block|block|block|block,block,False,
843,get_nf,2,,,False,"CUDA out of memory. Tried to allocate 30.66 GiB. GPU 0 has a total capacity of 79.25 GiB of which 2.99 GiB is free. Including non-PyTorch memory, this process has 76.25 GiB memory in use. Of the alloc"
844,fields,17,filterFields|filterFields|filterFields|filterFields|filterFields|filterFields|termVector|termVector|termVector|termVector|termVector|termVector|filterFields|filterFields|termVector|filterFields|filterFields,filterFields,False,
845,timeout,19,e|deadline|deadline|deadline|deadline|deadline|deadline|deadline|deadline|deadline|deadline|deadline|deadline|deadline|deadline|deadline|deadline|deadline|deadline,e,False,
846,loader,10,classLoader|classLoader|classLoader|classLoader|classLoader|classLoader|classLoader|classLoader|classLoader|classLoader,classLoader,False,
847,newReplica,15,newPrimary|newPrimary|newPrimary|newPrimary|newPrimary|newPrimary|newPrimary|newPrimary|newPrimary|replica|newPrimary|newPrimary|newPrimary|newPrimary|newPrimary,newPrimary,False,
848,request,7,request|request|request|oauthRequest|oauthRequest|oauthRequest|oauthRequest,request,True,
849,e1size,2,size1|size1,size1,False,
850,field,5,key|key|key|key|key,key,False,
851,allMethodsAndStaticVars,5,staticMethodsForExtensions|methodsToAdd|methodsToAdd|methodsToAdd|methodsToAdd,staticMethodsForExtensions,False,
852,pictureData,16,pictureData|pictureData|pictureData|pictureData|pictureData|pictureData|pictureData|pictureData|pictureData|pictureData|mimeType|pictureData|pictureData|pictureData|pictureData|pictureData,pictureData,True,
853,className,2,qualifiedName|qualifiedName,qualifiedName,False,
854,staticMethodsForExtensions,2,staticMethods|instanceMethodsForExtensions,staticMethods,False,
855,includeQueuedWatches,3,set|set|set,set,False,
856,canvas,2,canvas1|canvas,canvas1,False,
857,branchInstruction,2,Visitor|branchInstruction,Visitor,False,
858,minSdkVersion,6,SdkVersion|SdkVersion|SdkVersion|SdkVersion|SdkVersion|SdkVersion,SdkVersion,False,
859,interval,5,interval|interval|interval|interval|interval,interval,True,
860,oldValues,6,values|v0|v0|v0|v0|v0,values,False,
861,texture,6,texture|texture|texture|texture|texture|texture,texture,True,
862,vertexNumbers,4,vertexIds|vertexIds|vertexIds|vertexIds,vertexIds,False,
863,relation,11,esRelation|esRelation|esRelation|esRelation|esRelation|esRelation|esRelation|esRelation|esRelation|esRelation|esRelation,esRelation,False,
864,newChild,2,field|field,field,False,
865,validationException,8,import|e1|e|e1|e|e1|e|e,import,False,
866,dateText,2,,,False,"CUDA out of memory. Tried to allocate 30.66 GiB. GPU 0 has a total capacity of 79.25 GiB of which 2.99 GiB is free. Including non-PyTorch memory, this process has 76.25 GiB memory in use. Of the alloc"
867,requestOptionsExtensionGenerator,3,extensionGenerator|extensionGenerator|extensionGenerator,extensionGenerator,False,
868,nonPushableLimitValue,3,limitValue|limitValue|limitValue,limitValue,False,
869,allowChunklessPreparation,12,.|this|. .|.|. .|.|.|.|.|. .|.|.,.,False,
870,atomicBoolean,8,ref2|ref|ref|ref|ref3|ref|ref3|ref,ref2,False,
871,receiverClass,3,classA|classA|classA,classA,False,
872,defaultValue,2,orDefault|orDefault,orDefault,False,
873,inline,5,inline|inline|contentType|inline|id,inline,True,
874,level,14,level_|level_|level_|level_|level_|level_|level_|level_|level_|level_|level_|level_|timestamp|timestamp,level_,False,
875,onreturnMethod,5,onreturn|onreturn|onreturn|onreturn|onreturn,onreturn,False,
876,intValues,4,value2|value2|value2|value2,value2,False,
877,whitelists,3,whitelistList|whitelistList|whitelistList,whitelistList,False,
878,observer,2,singleObserver|singleObserver,singleObserver,False,
879,moRef,3,observerRef|observerRef|observerRef,observerRef,False,
880,annotatedElement,6,element|element|element|element|element|element,element,False,
881,slash,3,lastSlash|lastSlash|lastSlash,lastSlash,False,
882,doConnect,4,connect|connect|connect|connect,connect,False,
883,dataSource,2,dataSource|dataSource,dataSource,True,
884,rowIndices,12,_|_|_|_|_|_|_|_|_|_|_|_,_,False,
885,meanTime,11,dT|dT|dT|dT|dT|dT|dT|dT|dT|dT|dT,dT,False,
886,toBytes,12,toBytes|toBytes|toBytes|toBytes|toBytes|toBytes|toBytes|toBytes|toBytes|toBytes|toBytes|toBytes,toBytes,True,
887,yearLen,9,lastDay|lastDay|lastDay|lastDay|lastDay|lastDay|offset|lastDay|lastDay,lastDay,False,
888,rowIndex,2,rowNumber|rowNumber,rowNumber,False,
889,ports,3,ports|ports|ports,ports,True,
890,context,15,web|web|context|context|context|context|context|context|context|context|context|context|context|context|context,web,False,
891,strings,11,,,False,"CUDA out of memory. Tried to allocate 30.67 GiB. GPU 0 has a total capacity of 79.25 GiB of which 2.99 GiB is free. Including non-PyTorch memory, this process has 76.25 GiB memory in use. Of the alloc"
892,innerFilterDocCount,3,innerCount|innerCount|L,innerCount,False,
893,params,1,params,params,True,
894,traceThreshold,2,traceThreshold|traceThreshold,traceThreshold,True,
895,snapshot,138,snapshot|snapshot|snapshot|snapshot|repositories|snapshot|snapshot|snapshot|snapshot|snapshot|snapshot|snapshot|snapshot|snapshot|snapshot|snapshot|snapshot|snapshot|snapshot|snapshot|snapshot|snapshot|snapshot|snapshot|snapshot|snapshot|snapshot|snapshot|snapshot|snapshot|snapshot|snapshot|snapshot|snapshot|snapshot|snapshot|snapshot|snapshot|snapshot|snapshot|snapshot|snapshot|snapshot|snapshot|snapshot|snapshot|snapshot|snapshot|snapshot|snapshot|snapshot|snapshot|snapshot|snapshot|snapshot|snapshot|snapshot|snapshot|snapshot|snapshot|snapshot|snapshot|snapshot|snapshot|snapshot|snapshot|snapshot|snapshot|snapshot|snapshot|snapshot|snapshot|snapshot|snapshot|snapshot|snapshot|snapshot|snapshot|snapshot|snapshot|snapshot|snapshot|snapshot|snapshot|snapshot|snapshot|snapshot|snapshot|snapshot|snapshot|snapshot|snapshot|snapshot|snapshot|snapshot|snapshot|snapshot|snapshot|snapshot|snapshot|snapshot|snapshot|snapshot|snapshot|snapshot|snapshot|snapshot|snapshot|snapshot|snapshot|snapshot|snapshot|snapshot|snapshot|snapshot|snapshot|snapshot|snapshot|snapshot|snapshot|snapshot|snapshot|snapshot|snapshot|snapshot|snapshot|snapshot|snapshot|snapshot|snapshot|snapshot|snapshot|snapshot|snapshot|snapshot|snapshot|snapshot|snapshot,snapshot,True,
896,supportedVersion,4,sinceVersion|sinceVersion|sinceVersion|sinceVersion,sinceVersion,False,
897,originatingUser,3,user|user|user,user,False,
898,string,6,string|alias|alias|alias|alias|alias,string,True,
899,resFieldsMap,5,fieldsMap|fieldsMap|fieldsMap|fieldsMap|fieldsMap,fieldsMap,False,
900,screenY,2,screenY|screenY,screenY,True,
901,charset,12,charset|charset|charset|charset|charset|charset|charset|charset|charset|charset|charset|charset,charset,True,
902,destinationIndex,8,index|indexInt|index|index|indexInt|indexInt|if|indexInt,index,False,
903,keyColumnName,1,columnNames,columnNames,False,
904,params,4,dsap|dsap|dsap|dsap,dsap,False,
905,valueA,3,valueA|valueA|valueA,valueA,True,
906,bigDecimal,16,double|format0|format|0|Decimal|00|Decimal|00|Decimal|00|Decimal|00|Decimal|00|df1|df1,double,False,
907,queryParser,5,matchParser|matchParser|matchParser|matchParser|matchParser,matchParser,False,
908,channel,4,taskChannel|taskChannel|taskChannel|taskChannel,taskChannel,False,
909,segments,13,segments|segments|segments|segments|segments|segments|segments|segments|segments|segments|segments|segments|segments,segments,True,
910,bootstrapMethodsData,3,bootstrapMethods|bootstrapMethods|bootstrapMethods,bootstrapMethods,False,
911,weekDef,36,rules|rules|rules|rules|rules|rules|rules|rules|rules|rules|rules|rules|rules|rules|rules|rules|rules|rules|rules|rules|rules|rules|rules|rules|rules|rules|rules|rules|rules|rules|rules|rules|this|rules|rules|rules,rules,False,
912,bytes,3,data1|data1|data1,data1,False,
913,newCookies,4,newCookies|newCookies|newCookies|newCookies,newCookies,True,
914,expectedMinsOnlySearch,3,expectedMins|expectedMin|expectedMin,expectedMins,False,
915,prefixKeySetting,9,boolSetting|new|affixKeySetting|new|new|prefixSetting|new|prefixSetting|new,boolSetting,False,
916,binary,2,binaryName|binaryName,binaryName,False,
917,addressCount,2,numAddresses|numAddresses,numAddresses,False,
918,headers,2,headerConditions|headerConditions,headerConditions,False,
919,engine,25,engine|engine|engine|engine|engine|engine|engine|engine|engine|engine|engine|engine|engine|engine|engine|engine|engine|engine|engine|engine|engine|engine|engine|engine|engine,engine,True,
920,seenGroupIds,6,seenGroups|seenGroups|seenGroups|seenGroups|seenGroups|seenGroups,seenGroups,False,
921,ZDATA,2,,,False,"CUDA out of memory. Tried to allocate 30.66 GiB. GPU 0 has a total capacity of 79.25 GiB of which 2.99 GiB is free. Including non-PyTorch memory, this process has 76.25 GiB memory in use. Of the alloc"
922,beanName,2,beanName|beanName,beanName,True,
923,currentSeed,2,newSeed|newSeed,newSeed,False,
924,jsonFields,3,baseMap|baseMap|baseMap,baseMap,False,
925,clusterStateString,5,stateString|stateString|stateString|stateString|stateString,stateString,False,
926,split,5,arrs|split|arrs|arrs|arrs,arrs,False,
927,start,2,start|start,start,True,
928,vStart,9,vStart|vStart|vStart|vValue|vStart|vStart|vStart|vStart|vStart,vStart,True,
929,metaData,7,metaData|metaData|metaData|metaData|metaData|metaData|metaData,metaData,True,
930,dataBuffer,4,dataBuffer|dataBuffer|dataBuffer|dataBuffer,dataBuffer,True,
931,actor,7,currentActor|currentActor|currentActor|currentActor|currentActor|currentActor|currentActor,currentActor,False,
932,remoteModule,21,module|new|module|module|module|module|module|module|module|module|module|module|module|module|module|module|module|module|module|module|module,module,False,
933,cmcdConfiguration,13,cmcd|cmcd|cmcd|cmcd|cmcd|cmcd|cmcd|cmcd|cmcd|cmcd|cmcd|cmcd|cmcd,cmcd,False,
934,sameVersionEvent,2,initialEvent|initialEvent,initialEvent,False,
935,parentAlpha,3,alpha|alpha|alpha,alpha,False,
936,member,4,method|method|reassign|member,method,False,
937,patterns,2,indexPatterns|indexPatterns,indexPatterns,False,
938,tempBuf,12,tempBuf|tempBuf|tempBuf|tempBuf|tempBuf|tempBuf|tempBuf|tempBuf|tempBuf|tempBuf|tempBuf|tempBuf,tempBuf,True,
939,reverse,4,"the|closeables||,",the,False,
940,resolverStyle,13,resolverStyle|resolverStyle|resolverStyle|resolverStyle|resolverStyle|resolverStyle|resolverStyle|resolverStyle|resolverStyle|resolverStyle|resolverStyle|resolverStyle|resolverStyle,resolverStyle,True,
941,fieldSupplier,6,valuesSupplier|valuesSupplier|valuesSupplier|valuesSupplier|valuesSupplier|valuesSupplier,valuesSupplier,False,
942,hitContext,3,hitContext|hitContext|hitContext,hitContext,True,
943,quantityInStock,12,inStock|inStock|inStock|inStock|inStock|inStock|inStock|productName|inStock|inStock|inStock|inStock,inStock,False,
944,rtspHeaders,9,describeHeaders|describeHeaders|describeHeaders|describeHeaders|describeHeaders|describeHeaders|describeHeaders|describeHeaders|describeHeaders,describeHeaders,False,
945,decimalFormat,145,format|dfFormat|dfFormat|dfFormat|dfFormat|dfFormat|dfFormat|dfFormat|dfFormat|dfFormat|dfFormat|dfFormat|dfFormat|dfFormat|dfFormat|dfFormat|dfFormat|dfFormat|dfFormat|dfFormat|dfFormat|dfFormat|dfFormat|dfFormat|dfFormat|dfFormat|dfFormat|dfFormat|dfFormat|dfFormat|dfFormat|dfFormat|dfFormat|dfFormat|dfFormat|dfFormat|dfFormat|dfFormat|dfFormat|dfFormat|dfFormat|dfFormat|dfFormat|dfFormat|dfFormat|dfFormat|dfFormat|dfFormat|dfFormat|dfFormat|dfFormat|dfFormat|dfFormat|dfFormat|dfFormat|dfFormat|dfFormat|dfFormat|dfFormat|dfFormat|dfFormat|dfFormat|dfFormat|dfFormat|dfFormat|dfFormat|dfFormat|dfFormat|dfFormat|dfFormat|dfFormat|dfFormat|dfFormat|dfFormat|dfFormat|dfFormat|dfFormat|dfFormat|dfFormat|dfFormat|dfFormat|dfFormat|dfFormat|dfFormat|dfFormat|dfFormat|dfFormat|dfFormat|dfFormat|dfFormat|dfFormat|dfFormat|dfFormat|dfFormat|dfFormat|dfFormat|dfFormat|dfFormat|dfFormat|dfFormat|dfFormat|dfFormat|dfFormat|dfFormat|dfFormat|dfFormat|dfFormat|dfFormat|dfFormat|dfFormat|dfFormat|dfFormat|dfFormat|dfFormat|dfFormat|dfFormat|dfFormat|dfFormat|dfFormat|dfFormat|dfFormat|dfFormat|dfFormat|dfFormat|dfFormat|dfFormat|dfFormat|dfFormat|dfFormat|dfFormat|dfFormat|dfFormat|dfFormat|dfFormat|dfFormat|dfFormat|dfFormat|dfFormat|dfFormat|dfFormat|dfFormat|dfFormat|dfFormat|dfFormat|dfFormat,format,False,
946,originalNode,4,sourceNode|sourceNode|sourceNode|sourceNode,sourceNode,False,
947,message,5,message|segments|msg|msg|msg,message,True,
948,strategy,4,allocationService|allocationService|allocationService|allocationService,allocationService,False,
949,versions,8,compatibilityVersions|compatibilityVersions|compatibilityVersions|compatibilityVersions|index|compatibilityVersions|compatibilityVersions|version,compatibilityVersions,False,
950,field,2,mv|mv,mv,False,
951,pictureType,12,type_|type_|type_|type_|type_|type_|type_|type_|type_|type_|type_|type_,type_,False,
952,validPerPosition,5,allowedTypes|allowedTypes|allowedTypes|allowedTypes|allowedTypes,allowedTypes,False,
953,contexts,3,scriptContexts|contexts|contexts,scriptContexts,False,
954,latch,3,done|done|done,done,False,
955,vVector,11,vVector|vVector|vBlock|vVector|vVector|vVector|vVector|vVector|vVector|vVector|vVector,vVector,True,
956,listener,2,private|actionListener,private,False,
957,velocityY,16,velocityY|velocityY|velocityY|velocityY|velocityY|velocityY|velocityY|velocityY|velocityY|velocityY|velocityY|velocityY|velocityY|velocityY|velocityY|velocityY,velocityY,True,
958,outputSurfaceInfo,1,surfaceInfo,surfaceInfo,False,
959,invocation,5,internal|invocation|invocation|invocation|invocation,internal,False,
960,builder,7,builder|builder|builder|builder|builder|builder|builder,builder,True,
961,resolverUtil,3,resolverUtil|resolverUtil|resolverUtil,resolverUtil,True,
962,element,5,element|element|element|element|element,element,True,
963,carry,9,addOne|addOne|addOne|addOne|testBuffer|testBuffer|testBuffer|testBuffer|testBuffer,addOne,False,
964,pIgnoreExceptions,3,pCommandActions|pExceptions|pExceptions,pCommandActions,False,
965,errorMessage,18,0|0|0|0|0|0|0|0|0|0|0|0|0|0|0|0|0|0,0,False,
966,nameAndTypeItemOffset,10,itemOffset|itemOffset|itemOffset|itemOffset|itemOffset|itemOffset|itemOffset|itemOffset|itemOffset|itemOffset,itemOffset,False,
967,columnMatcher,9,columnRegex|columnRegex|columnRegex|columnRegex|columnRegex|columnRegex|columnRegex|columnRegex|columnRegex,columnRegex,False,
968,androidMorEarlier,7,isAndroid|isAndroid|isAndroid|isAndroid|isAndroid|isAndroid|isAndroid,isAndroid,False,
969,concurrencyCompensation,2,cS|cS,cS,False,
970,clusterer,8,clusterer|clusterer|clusterer|clusterer|clusterer|clusterer|clusterer|clusterer,clusterer,True,
971,targetClass,3,toClass|toClass|toClass,toClass,False,
972,maxLength,2,max|max,max,False,
973,apiKey,12,api_key|api_key|api_key|api_key|api_key|api_key|api_key|api_key|api_key|api_key|api_key|api_key,api_key,False,
974,thisModuleExports,2,moduleExports|moduleExports,moduleExports,False,
975,withNulls,4,nullRows|nullRows|nullRows|nullRows,nullRows,False,
976,globalCheckpoint,9,0|0|0|0|0|0|0|0|0,0,False,
977,separator,5,separator|separator|separator|separator|separator,separator,True,
978,parsedHeuristic,5,st2|st2|significanceHeuristic|st2|st2,st2,False,
979,otherSettings,2,settings|settings,settings,False,
980,expectedMap,5,expectedMap|expectedMap|expectedMap|expectedMap|expectedMap,expectedMap,True,
981,classes,2,clss|clss,clss,False,
982,nullability,4,nullability|nullability|nullability|nullability,nullability,True,
983,metaAnnotation,12,a|a|a|a|a|repeatedAnnotation|a|a|a|a|a|a,a,False,
984,fieldsProducers,7,fieldsProducer|fieldsProducer|fieldsProducer|fieldsProducer|fieldsProducer|fieldsProducer|fieldsProducer,fieldsProducer,False,
985,returnType,6,methodParameter|methodParameter|methodParameter|methodParameter|methodParameter|methodParameter,methodParameter,False,
986,object,7,s|s|o|o|o|o|o,s,False,
987,initial,3,original|original|original,original,False,
988,source,22,link|mapping_|mapping_|mapping_|mapping_|mapping_|mapping_|mapping_|mapping_|mapping_|mapping_|mapping_|mapping_|mapping_|mapping_|mapping_|mapping_|mapping_|link|link|link|link,link,False,
989,onScriptError,6,errorAction|errorAction|errorAction|errorAction|errorAction|errorAction,errorAction,False,
990,inferenceEntityId,2,modelId|modelId,modelId,False,
991,allULocales,3,,,False,"CUDA out of memory. Tried to allocate 30.66 GiB. GPU 0 has a total capacity of 79.25 GiB of which 2.99 GiB is free. Including non-PyTorch memory, this process has 76.25 GiB memory in use. Of the alloc"
992,params,1,params,params,True,
993,minutesStr,6,,,False,"CUDA out of memory. Tried to allocate 30.66 GiB. GPU 0 has a total capacity of 79.25 GiB of which 2.99 GiB is free. Including non-PyTorch memory, this process has 76.25 GiB memory in use. Of the alloc"
994,decompressedSize,2,compressedSize|uncompressedSize,compressedSize,False,
995,chunkingSettingsMap,2,settingsMap|settingsMap,settingsMap,False,
996,distance,12,-|-|-|-|-|-|-|-|-|-|- -|- -,-,False,
997,contentSupplier,2,bodyContents|bodyContents,bodyContents,False,
998,options,16,circuitbreaker|options|options|options|parsingResult|parsingResult|parsingResult|parsingResult|parsingResult|parsingResult|parsingResult|parsingResult|parsingResult|add|parsingResult|options,circuitbreaker,False,
999,newXml,4,newXml|newXml|newXml|newXml,newXml,True,
