id,ground_truth,prediction,correct,mask_count,all_predictions,full_code_length,error
0,decodedCapacity,bufSize,False,2,bufSize|bufSize,13079,
1,canExclude,0,False,4,0|0|0|0,6562,
2,expectedIndexName,resolvedName,False,4,resolvedName|resolvedName|resolvedName|resolvedName,5413,
3,style,style,True,61,style|style|style|style|style|style|style|style|style|style|style|style|style|style|style|style|style|style|style|style|style|style|style|style|style|style|style|style|style|style|style|style|style|style|style|style|style|style|style|style|style|style|style|style|style|style|style|style|style|style|style|style|style|style|style|style|style|style|style|style|style,37896,
4,methodHandlesLookup,LOOKUP,False,5,LOOKUP|LOOKUP|LOOKUP|LOOKUP|LOOKUP,50465,
5,nPredicates,predCount,False,12,predCount|predCount|predCount|predCount|predCount|predCount|predCount|predCount|predCount|predCount|predCount|predCount,17911,
6,status,healthStatus,False,8,healthStatus|healthStatus|healthStatus|healthStatus|healthStatus|healthStatus|healthStatus|healthStatus,9809,
7,mockXPackLicenseStatus,licenseStatus,False,2,licenseStatus|licenseStatus,18239,
8,typeClsFullName,clsName,False,2,clsName|clsName,6529,
9,bytes,name,False,8,name|bytes|bytes|bytes|bytes|bytes|bytes|bytes,5495,
10,restoreId,restoreId,True,3,restoreId|restoreId|restoreId,13597,
11,context,context,True,3,context|context|context,2613,
12,cache,cache,True,20,cache|cache|cache|cache|cache|cache|cache|cache|cache|cache|cache|cache|cache|cache|cache|cache|cache|cache|cache|cache,4841,
13,relativePath,oldPath,False,3,oldPath|oldPath|oldPath,33806,
14,queryBuilder,queryBuilder,True,2,queryBuilder|queryBuilder,4450,
15,printer,printer,True,2,printer|printer,6009,
16,sourceBitmapConfig,sourceConfig,False,3,sourceConfig|sourceConfig|sourceConfig,6021,
17,millis,cost1,False,6,cost1|cost1|cost1|cost2|cost2|cost2,1713,
18,numShards,numNodes,False,2,numNodes|numNodes,6600,
19,fullSchedule,resultUpdates,False,6,resultUpdates|resultUpdates|resultUpdates|resultUpdates|resultUpdates|resultUpdates,10395,
20,match,newCandidate,False,5,newCandidate|bestCandidate|newCandidate|newCandidate|bestCandidate,7363,
21,sectionLength,sectionLength,True,17,sectionLength|sectionLength|sectionLength|sectionLength|sectionLength|sectionLength|sectionLength|sectionLength|sectionLength|sectionLength|sectionLength|sectionLength|sectionLength|sectionLength|sectionLength|sectionLength|sectionLength,9199,
22,status,newStatus,False,3,newStatus|newStatus|newStatus,1237,
23,fooAbs,fooAbs,True,3,fooAbs|fooBarAbs|fooBarAbs,33821,
24,request,requestRequest,False,2,requestRequest|requestRequest,2283,
25,requestUrl,resourceUrl,False,4,resourceUrl|resourceUrl|resourceUrl|resourceUrl,5084,
26,cmcdConfigurationFactory,.,False,6,.|.|..|.|. .|.,30296,
27,formatBuilder,formatBuilder,True,34,formatBuilder|formatBuilder|formatBuilder|formatBuilder|formatBuilder|formatBuilder|formatBuilder|formatBuilder|formatBuilder|formatBuilder|formatBuilder|formatBuilder|formatBuilder|formatBuilder|formatBuilder|formatBuilder|formatBuilder|formatBuilder|formatBuilder|formatBuilder|formatBuilder|formatBuilder|formatBuilder|formatBuilder|formatBuilder|formatBuilder|formatBuilder|formatBuilder|formatBuilder|formatBuilder|formatBuilder|formatBuilder|formatBuilder|formatBuilder,23090,
28,desktopServicesStore,dsStore,False,6,dsStore|dsStore|dsStore|dsStore|dsStore|dsStore,5538,
29,roles,nodeRoles,False,3,nodeRoles|nodeRoles|nodeRoles,6216,
30,wasPanning,Panning,False,2,Panning|Panning,16577,
31,delimiter,c,False,4,c|c|c|c,12472,
32,events,loggerOutput,False,4,loggerOutput|loggerOutput|loggerOutput|loggerOutput,12515,
33,clientId,clientIdId,False,2,clientIdId|clientIdId,5078,
34,integer,i_,False,10,i_|i_|i_|i_|i_|i_|i_|i_|i_|i_,10400,
35,drmEventDispatcher,eventDispatcher,False,2,eventDispatcher|eventDispatcher,30409,
36,toExcluded,toExclude,False,10,toExclude|toExclude|toExclude|toExclude|toExclude|toExclude|toExclude|toExclude|toExclude|toExclude,13109,
37,configurations,configurations_,False,6,configurations_|configurations_|configurations_|configurations_|configurations_|configurations_,5841,
38,unicharsRead,charsRead,False,6,charsRead|charsRead|charsRead|charsRead|charsRead|charsRead,22414,
39,mediaEncoding,mediaType,False,9,mediaType|mediaType|mediaType|mediaType|mediaType|mediaType|mediaType|mediaType|mediaType,22979,
40,status,httpStatus,False,4,httpStatus|status|httpStatus|httpStatus,14356,
41,semanticVersion,semanticVersion,True,4,semanticVersion|semanticVersion|semanticVersion|semanticVersion,48830,
42,newReceiverNodes,newActivityNodes,False,3,newActivityNodes|receiverNodes|newActivityNodes,26214,
43,serviceTimeEWMA,ewma,False,4,ewma|ewma|ewma|ewma,2910,
44,lexer,lexer_,False,29,lexer_|lexer_|lexer_|lexer_|lexer_|lexer_|lexer_|lexer_|lexer_|lexer_|lexer_|lexer_|lexer_|lexer_|lexer_|lexer_|lexer_|lexer_|lexer_|lexer_|lexer_|lexer_|lexer_|lexer_|lexer_|lexer_|lexer_|lexer_|lexer_,6069,
45,context,watchExecutionContext,False,4,watchExecutionContext|watchExecutionContext|watchExecutionContext|watchExecutionContext,5545,
46,paths,_,False,10,_|_|_|_|_|_|_|_|_|_,14098,
47,builder,infoBuilder,False,3,infoBuilder|infoBuilder|infoBuilder,1022,
48,consumer,updateConsumer,False,2,updateConsumer|updateConsumer,77795,
49,response,response,True,2,response|response,1922,
50,parsed,aggregationBuilder,False,2,aggregationBuilder|tmBuilder,5167,
51,useKeyAsProperty,useKey,False,14,useKey|useKey|useKey|useKey|useKey|useKey|useKey|key2|useKey|useKey|key2|key2|key2|key2,34934,
52,forwardButton,forwardButton,True,3,forwardButton|regionsPanel|forwardButton,3510,
53,random,getRandom,False,6,getRandom|getRandom|randomGenerator|randomGenerator|randomGenerator|randomGenerator,1223,
54,observer,actualObserver,False,2,actualObserver|actualObserver,2874,
55,valueBlock,valueBlock,True,23,valueBlock|valueBlock|valueBlock|valueBlock|valueBlock|valueBlock|valueBlock|valueBlock|valueBlock|valueBlock|valueBlock|valueBlock|valueBlock|valueBlock|valueBlock|valueBlock|valueBlock|valueBlock|valueBlock|valueBlock|valueBlock|valueBlock|valueBlock,13635,
56,calendars,,False,,,,"CUDA out of memory. Tried to allocate 30.68 GiB. GPU 0 has a total capacity of 39.49 GiB of which 20.80 GiB is free. Including non-PyTorch memory, this process has 18.68 GiB memory in use. Of the allocated memory 14.96 GiB is allocated by PyTorch, and 3.22 GiB is reserved by PyTorch but unallocated. If reserved but unallocated memory is large try setting PYTORCH_ALLOC_CONF=expandable_segments:True to avoid fragmentation.  See documentation for Memory Management  (https://pytorch.org/docs/stable/notes/cuda.html#environment-variables)"
57,serviceKey,key,False,4,key|key|key|key,24001,
58,FAIL_STR,,False,,,,"CUDA out of memory. Tried to allocate 3.82 GiB. GPU 0 has a total capacity of 39.49 GiB of which 3.35 GiB is free. Including non-PyTorch memory, this process has 36.13 GiB memory in use. Of the allocated memory 28.75 GiB is allocated by PyTorch, and 6.89 GiB is reserved by PyTorch but unallocated. If reserved but unallocated memory is large try setting PYTORCH_ALLOC_CONF=expandable_segments:True to avoid fragmentation.  See documentation for Memory Management  (https://pytorch.org/docs/stable/notes/cuda.html#environment-variables)"
59,currentOffset,offset0,False,8,offset0|offset0|offset0|offset0|offset0|offset0|offset0|offset0,61928,
60,updateDoc,updateDoc,True,3,updateDoc|updateDoc|updateDoc,5707,
61,dataStream,*,False,21,*|*|*|*|*|*|*|*|*|*|*|*|*|*|*|*|*|*|*|*|*,25554,
62,delegateHandler,httpHandler,False,3,httpHandler|httpHandler|httpHandler,6234,
63,responseDuration,totalTime,False,2,totalTime|responseTime,2937,
64,tokenStream,tokenStream,True,2,tokenStream|tokenStream,3401,
65,transformState,prevState,False,2,prevState|prevState,3016,
66,runMode,runMode,True,2,runMode|fileLine,12490,
67,screenX,screenX,True,2,screenX|screenX,4409,
68,yValUncast,xDelUncast,False,9,xDelUncast|yVal|yVal|countUncast|yVal|yVal|countUncast|yVal|yVal,16249,
69,stBuilder,import,False,3,import|stBuilder|stBuilder,20379,
70,userAgent,userAgentName,False,11,userAgentName|userAgentName|userAgentName|userAgentName|userAgentName|userAgentName|userAgentName|userAgentName|userAgentName|userAgentName|userAgentName,14407,
71,policy,Policy,False,63,Policy|policy|Policy|Policy|Policy|Policy|Policy|Policy|Policy|Policy|policy|Policy|Policy|Policy|Policy|Policy|policy|Policy|Policy|Policy|Policy|Policy|Policy|Policy|Policy|policy|Policy|Policy|Policy|Policy|Policy|Policy|Policy|Policy|policy|Policy|Policy|Policy|Policy|policy|Policy|Policy|Policy|Policy|Policy|Policy|Policy|Policy|Policy|Policy|Policy|Policy|Policy|Policy|Policy|TEST_REQUEST_TIMEOUT|PolicyConfig|Policy|PolicyId|PolicyName|PolicyId|Policy|TEST_REQUEST_TIMEOUT,34795,
72,width,int,False,12,int|int|int|int|int|description|int|int|description|int|int|int,6485,
73,colors,colors,True,9,colors|colors1|colors1|colors1|colors1|colors1|colors1|colors1|colors1,11271,
74,extension,extension,True,13,extension|extension|extension|extension|extension|extension|extension|extension|extension|extension|extension|extension|extension,6729,
75,credentials,credentials,True,4,credentials|credentials|credentials|credentials,27620,
76,missingKeys,missingKeys,True,2,missingKeys|missingKeys,25061,
77,field,,False,,,,"CUDA out of memory. Tried to allocate 30.70 GiB. GPU 0 has a total capacity of 39.49 GiB of which 20.80 GiB is free. Including non-PyTorch memory, this process has 18.68 GiB memory in use. Of the allocated memory 14.96 GiB is allocated by PyTorch, and 3.22 GiB is reserved by PyTorch but unallocated. If reserved but unallocated memory is large try setting PYTORCH_ALLOC_CONF=expandable_segments:True to avoid fragmentation.  See documentation for Memory Management  (https://pytorch.org/docs/stable/notes/cuda.html#environment-variables)"
78,streamedBucket,originalBucket,False,4,originalBucket|readBucket|readBucket|readBucket,20366,
79,parsed,,False,,,,"CUDA out of memory. Tried to allocate 30.68 GiB. GPU 0 has a total capacity of 39.49 GiB of which 23.90 GiB is free. Including non-PyTorch memory, this process has 15.58 GiB memory in use. Of the allocated memory 14.96 GiB is allocated by PyTorch, and 123.15 MiB is reserved by PyTorch but unallocated. If reserved but unallocated memory is large try setting PYTORCH_ALLOC_CONF=expandable_segments:True to avoid fragmentation.  See documentation for Memory Management  (https://pytorch.org/docs/stable/notes/cuda.html#environment-variables)"
80,hasPostings,hasPositions,False,4,hasPositions|hasPositions|hasPositions|hasFreq,9246,
81,array,ies,False,14,ies|ies|ies|ies|ies|ies|ies|ies|ies|ies|ies|ies|ies|ies,3636,
82,shape,wkt,False,4,wkt|wkt|wkt|wkt,12464,
83,timeStamp,currTime,False,2,currTime|currTime,16581,
84,resources,urls,False,8,urls|urls|urls|urls|urls|urls|urls|urls,4106,
85,project,project,True,17,project|project|project|project|project|project|project|project|project|project|project|project|project|project|project|project|project,6506,
86,depthOfRdepOfRdep,newDepth,False,2,newDepth|newDepth,7913,
87,override,,False,,,,"CUDA out of memory. Tried to allocate 3.82 GiB. GPU 0 has a total capacity of 39.49 GiB of which 3.09 GiB is free. Including non-PyTorch memory, this process has 36.39 GiB memory in use. Of the allocated memory 30.20 GiB is allocated by PyTorch, and 5.70 GiB is reserved by PyTorch but unallocated. If reserved but unallocated memory is large try setting PYTORCH_ALLOC_CONF=expandable_segments:True to avoid fragmentation.  See documentation for Memory Management  (https://pytorch.org/docs/stable/notes/cuda.html#environment-variables)"
88,boxedArray,objArray,False,3,objArray|objArray|objArray,28231,
89,bytes,data,False,5,data|data|data|data|data,1764,
90,jsonFile,jsonFile,True,3,jsonFile|jsonFile|jsonFile,6686,
91,merged,mergedSet,False,4,mergedSet|mergedSet|mergedSet|mergedSet,3566,
92,floatSetting,floatSetting,True,7,floatSetting|floatSetting|floatSetting|floatSetting|floatSetting|floatSetting|floatSetting,77798,
93,cafti_ja_japanese_custGy,,False,,,,"CUDA out of memory. Tried to allocate 3.82 GiB. GPU 0 has a total capacity of 39.49 GiB of which 3.00 GiB is free. Including non-PyTorch memory, this process has 36.48 GiB memory in use. Of the allocated memory 28.95 GiB is allocated by PyTorch, and 7.04 GiB is reserved by PyTorch but unallocated. If reserved but unallocated memory is large try setting PYTORCH_ALLOC_CONF=expandable_segments:True to avoid fragmentation.  See documentation for Memory Management  (https://pytorch.org/docs/stable/notes/cuda.html#environment-variables)"
94,model,model,True,3,model|model|model,1110,
95,inputFrameInfo,frameInfo,False,1,frameInfo,13302,
96,handler,sh,False,20,sh|sh|sh|sh|sh|sh|sh|sh|sh|sh|sh|sh|sh|sh|sh|sh|sh|serializer|sh|sh,8655,
97,includeIncubator,incubator,False,2,incubator|incubator,5360,
98,threads,s,False,12,s|s|s|s|s|s|s|threads|threads|s|threads|threads,66197,
99,refresh,refresh,True,9,refresh|refresh|refresh|refresh|refresh|refresh|refresh|refresh|refresh,5734,
100,additionalParams,extraParams,False,5,extraParams|extraParams|extraParams|extraParams|extraParams,5058,
101,arrayPool,byteArrayPool,False,2,byteArrayPool|byteArrayPool,12448,
102,prevState,state,False,5,state|state|state|state|state,4172,
103,method,method,True,94,method|method|//|method|method|method|method|method|method|method|method|method|class|class|clazz|method|method|method|method|method|method|method|method|method|method|method|method|method|method|method|method|method|method|method|method|method|method|method|method|method|method|method|method|method|method|method|method|method|method|method|method|method|method|method|method|method|method|method|method|method|method|method|method|method|method|method|method|method|method|method|method|method|method|method|method|method|method|method|method|method|method|method|method|method|method|method|method|method|method|class|class|clazz|method|method,35701,
104,invocation,.,False,8,.|.|.|.|.|.|.|.,903,
105,visibility,visibility,True,7,visibility|visibility|visibility|visibility|visibility|visibility|visibility,10340,
106,docCount,docCount,True,2,docCount|docCount,6602,
107,entryCount,numEntries,False,2,numEntries|numEntries,9154,
108,scale,scale,True,10,scale|scale|scale|scale|scale|scale|scale|scale|scale|scale,1666,
109,skippedShards,successfulShards,False,14,successfulShards|0|0|0|0|0|0|successfulShards|successfulShards|0|0|0|0|0,10676,
110,fromUser,fromUser,True,1,fromUser,12289,
111,additionalSettings,nodeSettings,False,2,nodeSettings|nodeSettings,3174,
112,bgBottomHeight,bgHeight,False,6,bgHeight|bgHeight|bgHeight|bgHeight|bgHeight|bgHeight,37634,
113,bootstrapMethodIndex,bootstrapMethod,False,10,bootstrapMethod|bootstrapMethod|bootstrapMethod|bootstrapMethod|bootstrapMethod|bootstrapMethod|bootstrapMethod|bootstrapMethod|bootstrapMethod|bootstrapMethod,61932,
114,checksumUrlString,checksumString,False,5,checksumString|checksumString|checksumString|checksumString|checksumString,48818,
115,tuple,data,False,34,data|data|data|data|data|data|data|data|data|data|tuple|tuple|tuple|tuple|tuple|tuple|tuple|tuple|tuple|tuple|tuple|tuple|tuple|tuple|tuple|tuple|tuple|tuple|tuple|tuple|tuple|tuple|tuple|tuple,12630,
116,ascUrl,pluginId,False,4,pluginId|signatureUrl|signatureUrl|signatureUrl,48854,
117,bufferSize,buffer_size,False,14,buffer_size|buffer_size|buffer_size|buffer_size|buffer_size|buffer_size|buffer_size|buffer_size|buffer_size|buffer_size|buffer_size|buffer_size|buffer_size|buffer_size,10695,
118,flushedDocs,flushedDocs,True,4,flushedDocs|flushedDocs|flushedDocs|iwc,25521,
119,request,request,True,12,request|request|request|request|request|request|request|request|request|request|request|request,7068,
120,disconnect,disconnect,True,6,disconnect|disconnect|disconnect|disconnect|disconnect|disconnect,8337,
121,fmtRelDateTime,,False,,,,"CUDA out of memory. Tried to allocate 3.82 GiB. GPU 0 has a total capacity of 39.49 GiB of which 3.00 GiB is free. Including non-PyTorch memory, this process has 36.48 GiB memory in use. Of the allocated memory 28.95 GiB is allocated by PyTorch, and 7.03 GiB is reserved by PyTorch but unallocated. If reserved but unallocated memory is large try setting PYTORCH_ALLOC_CONF=expandable_segments:True to avoid fragmentation.  See documentation for Memory Management  (https://pytorch.org/docs/stable/notes/cuda.html#environment-variables)"
122,tableCat,clusterName,False,5,clusterName|clusterName|clusterName|clusterName|clusterName,13515,
123,factory,blockFactory,False,1,blockFactory,1733,
124,modulePredicate,DEFAULT_MODULE_PREDICATE,False,3,DEFAULT_MODULE_PREDICATE|modulePredicate|modulePredicate,5377,
125,conditionLatch,startLatch,False,3,startLatch|latch|latch2,17563,
126,percentDelta,delta,False,3,delta|delta|delta,1381,
127,target,targetType,False,2,targetType|targetType,1664,
128,childContext,_Context,False,1,_Context,5952,
129,hasFallback,settings1,False,4,settings1|settings1|Settings|Settings,77783,
130,blocks,result,False,4,result|result|result|result,13582,
131,clusterName,localCluster,False,6,localCluster|tableCat|tableCat|tableCat|tableCat|tableCat,13489,
132,incXmlOutput,incFile,False,4,incFile|incFile|incFile|incFile,26206,
133,snapshotLifecyclePolicyMetadata,policyMetadata,False,6,policyMetadata|policyMetadata|policyMetadata|policyMetadata|policyMetadata|policyMetadata,34441,
134,reader,reader,True,6,reader|reader|reader|reader|reader|reader,12458,
135,start,start,True,8,start|start|start|start|start|offset|offset|starte,19126,
136,nodeIds,nodeIds,True,2,nodeIds|nodeIds,13594,
137,digest,Digest,False,16,Digest|Digest|Digest|Digest|Digest|Digest|Digest|Digest|Digest|Digest|Digest|Digest|Digest|Digest|Digest|Digest,6164,
138,unused,_channel,False,1,_channel,27606,
139,skipLen,skipCount,False,2,skipCount|skipCount,8811,
140,fmtOffset,,False,,,,"CUDA out of memory. Tried to allocate 3.82 GiB. GPU 0 has a total capacity of 39.49 GiB of which 2.99 GiB is free. Including non-PyTorch memory, this process has 36.49 GiB memory in use. Of the allocated memory 27.51 GiB is allocated by PyTorch, and 8.48 GiB is reserved by PyTorch but unallocated. If reserved but unallocated memory is large try setting PYTORCH_ALLOC_CONF=expandable_segments:True to avoid fragmentation.  See documentation for Memory Management  (https://pytorch.org/docs/stable/notes/cuda.html#environment-variables)"
141,constantValueAttribute,attribute,False,2,attribute|attribute,5333,
142,isChanged,isChanged,True,7,isChanged|isChanged|isChanged|isChanged|isChanged|isChanged|isChanged,25076,
143,dateString,,False,,,,"CUDA out of memory. Tried to allocate 3.82 GiB. GPU 0 has a total capacity of 39.49 GiB of which 2.99 GiB is free. Including non-PyTorch memory, this process has 36.49 GiB memory in use. Of the allocated memory 27.51 GiB is allocated by PyTorch, and 8.48 GiB is reserved by PyTorch but unallocated. If reserved but unallocated memory is large try setting PYTORCH_ALLOC_CONF=expandable_segments:True to avoid fragmentation.  See documentation for Memory Management  (https://pytorch.org/docs/stable/notes/cuda.html#environment-variables)"
144,unusedIterator,unusedIterator,True,4,unusedIterator|unusedIterator|unusedIterator|unusedIterator,1811,
145,fieldName,field,False,3,field|field|field,3843,
146,periodDurationUs,durationUs,False,3,durationUs|durationUs|durationUs,30400,
147,usedBuiltInTokenizers,usedCharFilterTypes,False,15,usedCharFilterTypes|usedBuiltInCharFilters|tokenizers|tokenizers|tokenizers|usedCharFilters|tokenizers|tokenizers|usedTokenizers|usedTokenizers|tokenizers|usedTokenizers|usedTokenizers|tokenizers|tokenizers,18927,
148,pOwner,userPointer,False,2,userPointer|userPointer,12861,
149,button,button,True,2,button|button,4412,
150,parent,parent,True,11,parent|parent|parent|parent|parent|parent|parent|parent|parent|parent|parent,13985,
151,vBlock,vBlock,True,23,vBlock|vBlock|vBlock|vBlock|vBlock|vBlock|vBlock|vBlock|vBlock|vBlock|vBlock|vBlock|vBlock|vBlock|vBlock|vBlock|vBlock|vBlock|vBlock|vBlock|vBlock|vBlock|vBlock,12918,
152,fieldNamesToHighlight,fieldNames,False,2,fieldNames|fieldNames,7504,
153,unicodeFilePath,filePath2,False,3,filePath2|filePath2|filePath2,15396,
154,failuresAllowed,failuresAllowed,True,23,failuresAllowed|failuresAllowed|failuresAllowed|failuresAllowed|failuresAllowed|failuresAllowed|failuresAllowed|failuresAllowed|failuresAllowed|failuresAllowed|failuresAllowed|failuresAllowed|failuresAllowed|failuresAllowed|failuresAllowed|failuresAllowed|failuresAllowed|failuresAllowed|failuresAllowed|failuresAllowed|failuresAllowed|failuresAllowed|failuresAllowed,16722,
155,lowerCaseArch,osArch,False,4,osArch|osArch|osArch|x86,2828,
156,programClassCounter,classCounter,False,3,classCounter|classCounter|classCounter,4617,
157,updates,recon,False,15,recon|schema|recon|recon|recon|recon|recon|recon|EntityEdit|EntityEdit|EntityEdit|EntityEdit|EntityEdit|updates|updates,10425,
158,groups,contextMap,False,3,contextMap|contextMap|contextMap,24034,
159,expectedPolicy,expectedPolicy,True,8,expectedPolicy|expectedPolicy|expectedPolicy|expectedPolicy|expectedPolicy|expectedPolicy|expectedPolicy|expectedPolicy,13921,
160,colorIndex,colorIndex,True,3,colorIndex|colorIndex|colorIndex,9157,
161,tokenInfos,tokenInfos,True,5,tokenInfos|tokenInfos|tokenInfos|tokenInfos|tokenInfos,12494,
162,bindingResultWithError,bindingResult,False,3,bindingResult|bindingResult|bindingResult,6541,
163,missingId,entityId,False,3,entityId|entityId|entityId,10377,
164,answer,answer,True,2,answer|answer,1998,
165,keygen,keyGen,False,7,keyGen|keyGen|keyGen|keyGen|keyGen|keyGen|keyGen,4771,
166,startPositionUs,positionUs,False,6,positionUs|positionUs|positionUs|positionUs|positionUs|positionUs,30397,
167,internalTypeEnumeration,typeEnumeration,False,2,typeEnumeration|typeEnumeration,35225,
168,primaryTerm,opTerm,False,6,opTerm|opTerm|opTerm|opTerm|opTerm|opTerm,25505,
169,method,method,True,12,method|method|method|method|method|method|method|method|method|method|timestamp|timestamp,8146,
170,moduleName,Module,False,14,Module|Module|Module|Module|Module|Module|Module|Module|ModuleName|ModuleName|ModuleName|ModuleName|Module|Module,5380,
171,routingNodes,routingNodes,True,21,routingNodes|routingNodes|routingNodes|routingNodes|routingNodes|routingNodes|routingNodes|routingNodes|routingNodes|routingNodes|routingNodes|routingNodes|routingNodes|routingNodes|routingNodes|routingNodes|routingNodes|routingNodes|routingNodes|routingNodes|routingNodes,10810,
172,refer,invoker,False,29,invoker|refer|invoker|invoker|refer|invoker|demoService|invoker|refer|invoker|invoker|refer|invoker|invoker|refer|invoker|refer|invoker|refer|invoker|demoService|invoker|refer|invoker|invoker|invoker|refer|invoker|invoker,10123,
173,object,userStr,False,3,userStr|userStr|userStr,1382,
174,heuristicIsSuperset,SignificanceHeuristic,False,7,SignificanceHeuristic|heuristic|heuristic|heuristic|heuristic|heuristic|heuristic,20370,
175,document,object,False,9,object|1||new|new|nested|1|new|1,5422,
176,deletedProjects,deletedProjects,True,8,deletedProjects|deletedProjects|deletedProjects|deletedProjects|deletedProjects|deletedProjects|deletedProjects|deletedProjects,4762,
177,status,status,True,6,status|status|status|status|status|status,8707,
178,images,images,True,3,images|images|images,10512,
179,fmtCal,,False,,,,"CUDA out of memory. Tried to allocate 3.82 GiB. GPU 0 has a total capacity of 39.49 GiB of which 2.99 GiB is free. Including non-PyTorch memory, this process has 36.49 GiB memory in use. Of the allocated memory 29.16 GiB is allocated by PyTorch, and 6.83 GiB is reserved by PyTorch but unallocated. If reserved but unallocated memory is large try setting PYTORCH_ALLOC_CONF=expandable_segments:True to avoid fragmentation.  See documentation for Memory Management  (https://pytorch.org/docs/stable/notes/cuda.html#environment-variables)"
180,projects,projectStream,False,2,projectStream|projectStream,3504,
181,context,context,True,5,context|context|context|context|context,5102,
182,sourceJar,sourceJar,True,9,sourceJar|sourceJar|sourceJar|sourceJar|sourceJar|sourceJar|sourceJar|sourceJar|sourceJar,5844,
183,player,player,True,17,player|player|player|player|player|player|player|player|player|player|player|player|player|player|player|player|player,3010,
184,hasPointValues,hasPostings,False,4,hasPostings|hasPoints|hasPoints|hasFreq,9222,
185,bucketCount,bucketCount,True,2,bucketCount|bucketCount,20376,
186,names,serviceSet,False,3,serviceSet|serviceSet|serviceSet,7677,
187,dataSet,d1,False,8,d1|d1|d1|d1|d1|d1|d1|d1,11218,
188,requestClass,requestClass,True,6,requestClass|requestClass|requestClass|requestClass|requestClass|requestClass,16636,
189,startPositionUs,startUs,False,4,startUs|startUs|startUs|startUs,22433,
190,fieldDescriptor,fieldDescriptor,True,3,fieldDescriptor|fieldName|fieldName,21369,
191,historyEntryID,reconId,False,7,reconId|reconId|reconId|reconId|reconId|reconId|reconId,7283,
192,buildDistTask,buildTask,False,8,buildTask|buildTask|buildTask|buildTask|buildTask|buildTask|buildTask|buildTask,10627,
193,fromUser,fromUser,True,1,fromUser,11240,
194,processEnvironmentClass,processEnvironment,False,3,processEnvironment|processEnvironment|processEnvironment,35036,
195,writeLock,writeLock,True,8,writeLock|writeLock|writeLock|writeLock|writeLock|writeLock|writeLock|writeLock,14354,
196,numObj,numObj,True,7,numObj|numObj|numObj|numObj|numObj|str|1.41421,5715,
197,initialRoutingTable,routingTable,False,2,routingTable|routingTable,10739,
198,methodName,method_name,False,3,method_name|method_name|method_name,20253,
199,failFast,failFast,True,4,failFast|failFast|failFast|failFast,19860,
200,flushThreshold,flushThreshold,True,2,flushThreshold|flushThreshold,25523,
201,onDisabledOs,onOs,False,2,onOs|onOs,2588,
202,existingIngestPipelines,existingComponentTemplates,False,4,existingComponentTemplates|pipelines|existingComponentTemplates|pipelines,23278,
203,fields,PROPERTIES,False,6,PROPERTIES|properties_|properties_|NEEDS_DEFINITION|vars_|vars_,15757,
204,expectedShardSize,shardSize,False,2,shardSize|shardSize,13578,
205,extensions,extensions,True,14,extensions|extensions|extensions|extensions|extensions|extensions|extensions|extensions|extensions|extensions|extensions|extensions|extensions|extensions,27760,
206,currentState,state,False,6,state|state|state|state|state|state,2998,
207,target,lrTarget,False,2,lrTarget|lrTarget,10940,
208,rightIndex,rightIndex,True,3,rightIndex|rightIndex|rightIndex,13963,
209,prefix,preFix,False,3,preFix|preFix|preFix,6686,
210,configInput,configString,False,3,configString|configString|configString,23000,
211,headers,responseHeaders,False,6,responseHeaders|responseHeaders|responseHeaders|responseHeaders|headers|headers,8731,
212,outputUncast,outputBlock,False,9,outputBlock|outputBlock|outputBlock|outputBlock|outputBlock|outputBlock|outputBlock|outputBlock|outputBlock,15812,
213,exportsByModule,moduleExports,False,2,moduleExports|moduleExports,5370,
214,parentLeafFactory,parentFactory,False,2,parentFactory|parentFactory,6403,
215,nodeId,id,False,27,id|id|id|id|id|id|id|id|id|id|id|id|id|id|id|id|id|id|id|id|id|id|id|id|id|id|id,9212,
216,increase,secondLastValue,False,3,secondLastValue|diffValue|diffValue,6453,
217,field,Field,False,6,Field|Field|Field|Field|Field|Field,5222,
218,noOffsetText,utc,False,2,utc|utc,20716,
219,bufIndex,nChars,False,6,nChars|nChars|nChars|nChars|nChars|nChars,5377,
220,resCls,rCls,False,20,rCls|rCls|rCls|rCls|rCls|rCls|rCls|rCls|rCls|rCls|rCls|rCls|rCls|rCls|rCls|resCls|resCls|rCls|rCls|rCls,6563,
221,listGet,getMethod,False,3,getMethod|getMethod|getMethod,20256,
222,cipher,cipher,True,7,cipher|cipher|key|cipher|cipher|cipher|cipher,4778,
223,month,month,True,11,month|month|monthValue|monthValue|monthValue|monthValue|monthValue|monthValue|monthValue|monthValue|monthValue,1831,
224,warningSettingName,settingName,False,4,settingName|settingName|settingName|settingName,77763,
225,synonymsIdsUsedInIndices,synonymIds,False,2,synonymIds|synonymIds,19025,
226,groupEnd,groupEnd,True,12,groupEnd|groupEnd|groupEnd|groupEnd|groupEnd|groupEnd|groupEnd|groupEnd|groupEnd|groupEnd|groupEnd|groupEnd,15830,
227,isManifestChanged,hasChanged,False,3,hasChanged|hasChanged|hasChanged,26202,
228,dataStreamRemote1Alias,alias1,False,4,alias1|alias1|alias1|alias1,25586,
229,elementValueMethodName,elementValue,False,5,elementValue|elementValue|elementValue|elementValue|elementValue,8631,
230,parser,parser,True,38,parser|parser|parser|parser|parser1|parser1|parser1|parser1|parser1|parser1|parser1|parser1|parser1|parser1|parser1|parser1|parser1|parser1|parser1|parser1|parser1|parser1|parser1|parser1|parser1|parser1|parser1|parser1|parser1|parser1|parser1|parser1|parser1|parser1|parser1|parser1|parser1|parser1,4845,
231,directories,workspaceDirectories,False,3,workspaceDirectories|workspaceDirectories|scratch,27625,
232,backingIndex,fooIndex,False,14,fooIndex|fooIndex|fooIndex|fooIndex|fooIndex|fooIndex|barIndex|barIndex|barIndex|barIndex|barIndex|barIndex|backingIndex|backingIndex,25632,
233,numberFormat,numberFormat,True,6,numberFormat|numberFormat|numberFormat|numberFormat|numberFormat|numberFormat,23122,
234,fullName,clsName,False,3,clsName|clsName|clsName,6545,
235,replicaShard,shard,False,6,shard|shard|shard|shard|shard|shard,25499,
236,project,project,True,8,project|project|project|project|project|project|project|project,4698,
237,rootAbs,rootAbs,True,3,rootAbs|fooBarAbs|fooBarAbs,33821,
238,contentType,attachmentContentType,False,7,attachmentContentType|attachmentContentType|attachmentContentType|attachmentContentType|attachmentContentType|attachmentContentType|contentType,5559,
239,clearRealmCacheRequest,clearRequest,False,5,clearRequest|clearRequest|clearRequest|clearRequest|clearRequest,16583,
240,rLogger,rLogger,True,4,rLogger|rLogger|rLogger|rLogger,8663,
241,updater,settingUpdater,False,15,settingUpdater|settingUpdater|settingUpdater|settingUpdater|settingUpdater|settingUpdater|settingUpdater|settingUpdater|settingUpdater|settingUpdater|settingUpdater|settingUpdater|settingUpdater|settingUpdater|settingUpdater,77929,
242,acceptHeaderValue,acceptHeader,False,4,acceptHeader|acceptHeader|acceptHeader|acceptHeader,3734,
243,aggProfileShardResult,aggregationProfile,False,2,aggregationProfile|aggregationProfile,2468,
244,annotatedBeanClass,beanClass,False,2,beanClass|beanClass,11201,
245,vScrollKnob,vScroll,False,21,vScroll|vScroll|vScroll|vScroll|vScroll|vScroll|vScroll|vScroll|vScroll|hScrollKnob|hScrollKnob|vScroll|vScroll|vScroll|vScroll|vScroll|vScroll|vScroll|vScroll|vScroll|vScroll,37631,
246,entity,request,False,2,request|request,11364,
247,fullURLStr,urlStr,False,5,urlStr|for|urlStr|urlStr|urlStr,13085,
248,source,new,False,4,new|new|bytesReference|bytesReference,16646,
249,textureId,inputBitmap,False,2,inputBitmap|textureId,13310,
250,cMemoryOwn,owner,False,18,owner|owner|owner|owner|owner|owner|owner|owner|owner|owner|owner|owner|owner|owner|owner|owner|owner|owner,12827,
251,writer,stringWriter,False,3,stringWriter|stringWriter|stringWriter,6465,
252,shift,shift,True,2,shift|shift,11074,
253,linkOff,linkOff,True,1,linkOff,2786,
254,testInfo,testInfo,True,4,testInfo|testInfo|testInfo|testInfo,3793,
255,staticVariableName,fieldName,False,10,fieldName|fieldName|fieldName|fieldName|fieldName|fieldName|fieldName|fieldName|fieldName|fieldName,20846,
256,nodes,discoveryNodes,False,25,discoveryNodes|discoveryNodes|discoveryNodes|discoveryNodes|Collections|discoveryNodes|discoveryNodes|Collections|discoveryNodes|Collections|discoveryNodes|discoveryNodes|discoveryNodes|discoveryNodes|discoveryNodes|discoveryNodes|discoveryNodes|discoveryNodes|Collections|discoveryNodes|discoveryNodes|discoveryNodes|discoveryNodes|discoveryNodes|discoveryNodes,23614,
257,failure,failed,False,8,failed|failures|failed|failed|cause|cause|cause|failed,33749,
258,clazz,clazz,True,6,clazz|clazz|clazz|clazz|clazz|clazz,2360,
259,targetField,targetField,True,14,targetField|targetField|targetField|targetField|targetField|targetField|targetField|targetField|targetField|targetField|targetField|targetField|targetField|targetField,7596,
260,values,LinkedHashMap,False,41,LinkedHashMap|Constructor|values|values|values|values|values|values|values|values|values|values|values|values|values|values|values|values|values|values|values|values|values|clone|entrySet|values|values|values|values|values|values|forEach|values|values|values|values|values|values|values|values|values,34726,
261,number,decimalAsString,False,12,decimalAsString|decimalAsString|decimalAsString|localizedNumber|localizedNumber|localizedNumber|localizedNumber|localizedNumber|localizedNumber|fromNumber|fromNumber|fromNumber,23233,
262,details,\,False,4,\|\|userDetails|user,4675,
263,builder,optionsBuilder,False,18,optionsBuilder|optionsBuilder|optionsBuilder|optionsBuilder|optionsBuilder|optionsBuilder|optionsBuilder|optionsBuilder|optionsBuilder|optionsBuilder|optionsBuilder|optionsBuilder|optionsBuilder|optionsBuilder|optionsBuilder|optionsBuilder|optionsBuilder|optionsBuilder,8564,
264,request,request,True,4,request|request|request|request,3493,
265,putLifecycle,putReq,False,2,putReq|putReq,34519,
266,create,create,True,4,create|create|create|create,19108,
267,routingTable,routingTable,True,8,routingTable|routingTable|routingTable|routingTable|routingTable|routingTable|routingTable|routingTable,4762,
268,aliases,aliases1,False,11,aliases1|aliases1|aliases1|aliases1|aliases2|aliases2|aliases2|aliases2|aliases|aliases|aliases,25682,
269,actualList,actualList,True,3,actualList|actualList|actualValues,3567,
270,listener,actionListener,False,3,actionListener|)|),13518,
271,service,service,True,6,service|service|service|service|service|service,5090,
272,uniformNames,uniformNames,True,1,uniformNames,10318,
273,totalCharsWritten,totalChars,False,5,totalChars|totalChars|totalChars|totalChars|totalChars,22394,
274,expected,expectedEvents,False,10,expectedEvents|expectedEvents|expectedEvents|expectedEvents|expectedEvents|expectedEvents|expectedEvents|expectedEvents|expectedEvent|expectedEvent,8145,
275,reader,mappingReader,False,5,mappingReader|mappingReader|mappingReader|mappingReader|mappingReader,14613,
276,columnIndex,column,False,4,column|column|column|column,1930,
277,project,ClusterChangedEvent,False,6,ClusterChangedEvent|projectMetadata|projectMetadata|project|projectMetadata|projectMetadata,23366,
278,centerY,centerY,True,2,centerY|centerY,16587,
279,sparseIndexMap,indexMap,False,4,indexMap|indexMap|indexMap|indexMap,1806,
280,vStart,vStart,True,6,vStart|vStart|vStart|vValueCount|vStart|vStart,5655,
281,simpleInstruction,simpleInstruction,True,3,simpleInstruction|simpleInstruction|branchInstruction,35244,
282,terms,histogram,False,11,histogram|terms|terms|terms|terms|terms|terms|terms|terms|terms|terms,33520,
283,asMap,asGroups,False,22,asGroups|asGroups|asGroups|asGroups|asGroups|asGroups|asGroups|asGroups|asGroups|asGroups|asGroups|asGroups|asGroups|asMap|asMap|asMap|asMap|asMap|asMap|asMap|asMap|asMap,77884,
284,methodName,methodStr,False,7,methodStr|methodStr|methodStr|methodStr|methodStr|methodStr|methodStr,7489,
285,activityClazzName,activityName,False,8,activityName|activityName|activityName|activityName|activityName|activityName|activityName|activityName,26198,
286,searchFor,searchValue,False,7,searchValue|searchValue|searchValue|searchValue|searchValue|searchValue|searchValue,5142,
287,chunkingSettings,chunkSettings,False,2,chunkSettings|chunkSettings,6102,
288,groupEnd,groupEnd,True,12,groupEnd|groupEnd|groupEnd|groupEnd|groupEnd|groupEnd|groupEnd|groupEnd|groupEnd|groupEnd|groupEnd|groupEnd,12885,
289,nonExistingTask,invalidTask,False,2,invalidTask|failedTask,4735,
290,requiredSize,maxIndex,False,2,maxIndex|maxIndex,13952,
291,backPointers,pointerUpdates,False,3,pointerUpdates|pointerUpdates|pointerUpdates,10386,
292,whitelistUserControlledList,whitelistFile,False,10,whitelistFile|whitelistFile|whitelistFile|whitelistFile|whitelistFile|whitelistFile|whitelistFile|whitelistFile|whitelistFile|whitelistFile,10580,
293,contentType,mediaType,False,2,mediaType|mediaType,4825,
294,className,className0,False,7,className0|className0|className0|className0|className0|className0|className0,61980,
295,otherLat,otherLat,True,11,otherLat|otherLat|otherLat|otherLat|otherLat|otherLat|otherLat|otherLat|otherLat|otherLat|otherLat,6892,
296,destBitmap,destinationBitmap,False,14,destinationBitmap|destinationBitmap|destinationBitmap|destinationBitmap|destinationBitmap|destinationBitmap|destinationBitmap|destinationBitmap|destinationBitmap|destinationBitmap|destinationBitmap|destinationBitmap|destinationBitmap|destinationBitmap,6170,
297,fieldName,fieldNumber,False,4,fieldNumber|fieldNumber|fieldNumber|fieldNumber,9250,
298,executionServer,Registry,False,43,Registry|Registry|Registry|capabilities|executionServer|capabilities|executionServer|executionServer|executionServer|capabilities|executionServer|capabilities|executionServer|capabilities|executionServer|executionServer|cacheServer|executionServer|capabilities|executionServer|capabilities|executionServer|executionServer|capabilities|executionServer|capabilities|executionServer|capabilities|executionServer|executionServer|cacheServer|executionServer|capabilities|executionServer|executionServer|executionServer|capabilities|executionServer|capabilities|executionServer|capabilities|executionServer|executionServer,27699,
299,support,xpathContext,False,4,xpathContext|xpathContext|xpathContext|fix,8682,
300,fillIn,buffer,False,3,buffer|buffer|buffer,6746,
301,chain,implements,False,12,implements|nextChain|nextChain|initTransformerChain|nextChain|nextChain|nextChain|nextChain|nextChain|nextChain|nextChain|nextChain,3259,
302,composableTemplates,indexTemplates,False,3,indexTemplates|indexTemplates|indexTemplates,23308,
303,indexName,indexName,True,2,indexName|indexId,19051,
304,reader,leafReader,False,4,leafReader|getReader|leafReader|leafReader,1718,
305,found,t2,False,4,t2|t2|t2|t2,2770,
306,libraryClassPool,getClassPool,False,4,getClassPool|getClassPool|getClassPool|getClassPool,21356,
307,numHeaders,numHeaders,True,2,numHeaders|numHeaders,8390,
308,criticalSettingName,settingName,False,4,settingName|settingName|settingName|settingName,77759,
309,error,e,False,2,e|e,3372,
310,weeks,weeks,True,31,weeks|weeks|weeks|weeks|weeks|weeks|weeks|weeks|weeks|months|weeks|weeks|weeks|weeks|weeks|weeks|weeks|weeks|0|0|0|0|0|0|0|0|0|0|weeks|weeks|weeks,57397,
311,attachments,attachments,True,2,attachments|attachments,10323,
312,authnState,new,False,2,new|authenticationState,4147,
313,params,paramSpec,False,12,paramSpec|random|paramSpec|paramSpec|paramSpec|random|paramSpec|paramSpec|paramSpec|paramSpec|paramSpec|paramSpec,27596,
314,instance,instance,True,3,instance|instance|instance,996,
315,field,mField,False,3,mField|mField|mField,35054,
316,groupEnd,groupEnd,True,12,groupEnd|groupEnd|groupEnd|groupEnd|groupEnd|groupEnd|groupEnd|groupEnd|groupEnd|groupEnd|groupEnd|groupEnd,13602,
317,foobarRelative,fooAbs,False,21,fooAbs|foobar|create|fb|fb|fb|fb|fb_|foobar|create|fb|fb|fb|fb|fb_|foobar|fb|fb|fb|fb|fb,33644,
318,atlasFilename,atlasName,False,5,atlasName|atlasName|atlasName|atlasName|atlasName,3496,
319,context,context,True,6,context|context|context|context|context|context,15144,
320,decimalsBlock,decimalsBlock,True,8,decimalsBlock|decimalsBlock|decimalsBlock|decimalsBlock|decimalsBlock|decimalsBlock|decimalsBlock|decimalsBlock,5908,
321,oldDescs,oldSet,False,4,oldSet|oldSet|oldSet|oldSet,26218,
322,lineNumberInfo,lineNumberInfo,True,7,lineNumberInfo|lineNumberInfo|lineNumberInfo|lineNumberInfo|lineNumberInfo|lineNumberInfo|lineNumberInfo,35256,
323,headersBuilder,headersBuilder,True,8,headersBuilder|headersBuilder|headersBuilder|headersBuilder|headersBuilder|headersBuilder|headersBuilder|headersBuilder,14354,
324,client,c1,False,3,c1|c1|c1,2169,
325,configuration,container,False,17,container|connectionFactory|connectionFactory|container|container|container|container|container|container|container|container|container|container|container|container|container|container,6366,
326,operator,operators,False,10,operators|functions|1|1|1|1|1|1|1|1,13690,
327,checkLicense,checkLicense,True,5,checkLicense|checkLicense|checkMlCppNoticeTask|checkMlCppNotice|checkMlCppNoticeTask,10650,
328,seekPoint,seekPoint,True,3,seekPoint|seekPoint|seekPoint,2817,
329,array,double,False,175,double|double|double|double|double|double|double|double|double|double|double|double|double|double|double|double|double|double|double|double|double|double|double|double|double|double|double|double|double|double|double|double|double|double|double|double|double|double|double|double|double|double|double|double|double|double|double|double|double|double|double|double|double|double|double|double|double|double|double|double|double|double|double|double|double|double|double|double|double|double|double|array|double|double|double|double|double|double|double|double|double|double|double|double|double|double|double|double|double|double|double|double|double|double|double|double|double|double|double|double|double|double|double|double|double|double|double|double|double|double|double|double|double|double|double|double|double|double|double|double|double|double|double|double|double|double|double|double|double|double|double|double|double|double|double|double|double|double|double|double|double|double|double|double|double|double|double|double|double|double|double|double|double|double|double|double|double|double|double|double|double|double|double|double|double|double|double|double|double|double|double|double|double|double|double,29141,
330,content,content,True,6,content|content|content|content|content|content,5841,
331,options,options,True,12,options|options|options|options|options|options|options|options|options|options|options|options,5369,
332,width,width,True,68,width|width|width|width|width|width|width|width|width|width|width|width|width|width|width|width|width|width|width|width|width|width|width|width|width|width|width|width|width|width|width|width|width|width|width|width|width|width|width|width|width|width|width|width|width|width|width|width|width|width|width|width|width|width|width|width|width|width|width|width|width|width|width|width|width|width|width|width,38044,
333,orientation,ImageType,False,4,ImageType|orientation|orientation|orientation,12450,
334,totalBytes,freeBytes,False,5,freeBytes|freeBytes|L|L|L,6181,
335,mockClient,getTaskInfoListOfOne,False,8,getTaskInfoListOfOne|new|new|new|mockClient|mockClient|mockClient|mockClient,18253,
336,suppressPositionProjection,isLive,False,3,isLive|isLive|isLive,30358,
337,nameStart,nameStart,True,19,nameStart|nameStart|valueStart|nameStart|nameStart|nameStart|nameStart|nameStart|nameStart|valueStart|nameStart|nameStart|nameStart|nameStart|nameStart|nameStart|nameStart|nameStart|nameStart,13148,
338,expectedChecksum,platformUrl,False,5,platformUrl|checksum|checksum|checksum|checksum,48798,
339,PF_LENGTH,,False,,,,"CUDA out of memory. Tried to allocate 30.66 GiB. GPU 0 has a total capacity of 39.49 GiB of which 20.81 GiB is free. Including non-PyTorch memory, this process has 18.68 GiB memory in use. Of the allocated memory 14.96 GiB is allocated by PyTorch, and 3.22 GiB is reserved by PyTorch but unallocated. If reserved but unallocated memory is large try setting PYTORCH_ALLOC_CONF=expandable_segments:True to avoid fragmentation.  See documentation for Memory Management  (https://pytorch.org/docs/stable/notes/cuda.html#environment-variables)"
340,userPassedSupplier,result,False,4,result|result|result|result,6366,
341,transFactory,transformerFactory,False,2,transformerFactory|transformerFactory,14115,
342,hudson,hudson,True,14,hudson|hudson|hudson|hudson|hudson|hudson|hudson|hudson|hudson|hudson|hudson|hudson|hudson|hudson,9296,
343,constructedUserInfo,future,False,2,future|enabledUserInfo,16612,
344,event,trigger,False,7,trigger|trigger|trigger|trigger|trigger|trigger|trigger,2602,
345,targetSize,targetSize,True,2,targetSize|targetSize,9308,
346,searchProfileQueryPhaseResult,Tests,False,3,Tests|item|item,2405,
347,minSettings,minSettings,True,2,minSettings|minSettings,77785,
348,observer,moRef,False,3,moRef|Override|s,19571,
349,messageConverter,messageConverter,True,7,messageConverter|messageConverter|messageConverter|messageConverter|messageConverter|messageConverter|messageConverter,6387,
350,fileNAK,url1,False,3,url1|url1|url1,33629,
351,codeUnderTestIdObj,testId,False,3,testId|testId|testId,12457,
352,passwordHash,hash,False,3,hash|newPassword|elasticPassword,16622,
353,taken,success,False,6,success|success|success|success|success|success,34561,
354,tableName,tableName,True,2,tableName|tableName,1421,
355,strict,,False,10,|||||||||,5551,
356,driverContext,context_,False,8,context_|context_|context_|context_|context_|context_|context_|context_,16260,
357,amountX,amountX,True,2,amountX|amountX,5539,
358,response,jsonNode,False,2,jsonNode|jsonNode,1112,
359,missed,wip,False,12,wip|wip|1|wip|wip|boolean|1|wip|wip|wip|1|wip,19842,
360,unused,_provider,False,7,_provider|_provider|unused|_result|_result|unused|_result,15152,
361,existing,pre,False,4,pre|putResult|putResult|putResult,11135,
362,valueString,functionName,False,1,functionName,1627,
363,source,javaFile,False,3,javaFile|javaFile|javaFile,901,
364,buffer,BufferBuffer,False,16,BufferBuffer|Buffer|Buffer|Buffer|Buffer|Feedback|Buffer|Buffer|Buffer|Buffer|Buffer|Buffer|Buffer|Buffer|BufferBuffer|BufferBuffer,10396,
365,interval,warningInterval,False,2,warningInterval|warning0,8041,
366,onthrowMethod,onthrow,False,5,onthrow|onthrow|onthrow|onthrow|onthrow,2602,
367,projectIndex,indexState,False,8,indexState|indexState|indexState|indexState|indexState|indexState|indexState|indexState,16626,
368,bgRightWidth,bgWidth,False,5,bgWidth|bgWidth|bgWidth|bgWidth|bgWidth,37642,
369,moduleName,value,False,3,value|module|module,61952,
370,stagingHash,stagingHash,True,7,stagingHash|stagingHash|stagingHash|stagingHash|stagingHash|stagingHash|stagingHash,48839,
371,supersetSize,subsetDF,False,12,subsetDF|subsetDF|subsetDF|subsetDF|subsetDF|subsetDF|subsetDF|subsetDF|subsetDF|subsetDF|subsetDF|subsetDF,20358,
372,equal,==,False,8,==|eqIndex|eqIndex|eqIndex|==|==|==|==,4678,
373,clazz,typeClass,False,28,typeClass|typeClass|typeClass|typeClass|typeClass|typeClass|typeClass|typeClass|typeClass|typeClass|typeClass|typeClass|typeClass|typeClass|typeClass|typeClass|typeClass|typeClass|typeClass|typeClass|typeClass|typeClass|typeClass|typeClass|typeClass|typeClass|typeClass|className,14293,
374,indexMetadata,indexMetadata,True,18,indexMetadata|indexMetadata|indexMetadata|indexMetadata|indexMetadata|indexMetadata|indexMetadata|indexMetadata|indexMetadata|indexMetadata|indexMetadata|indexMetadata|indexMetadata|indexMetadata|indexMetadata|indexMetadata|indexMetadata|indexMetadata,13642,
375,certificates,certificate,False,6,certificate|certificate|certificate|certificate|certificate|certificate,8361,
376,bufferSize,maxElements,False,17,maxElements|maxElements|maxElements|maxElements|eagerTruncate|maxElements|maxElements|maxElements|maxElements|maxElements|maxElements|maxElements|maxElements|maxElements|maxElements|maxElements|maxElements,37931,
377,listener,actionListener,False,5,actionListener|actionListener|actionListener|actionListener|actionListener,3818,
378,strategy,allocationService,False,8,allocationService|allocationService|allocationService|allocationService|allocationService|allocationService|allocationService|allocationService,10843,
379,vPath,name,False,3,name|name|name,3059,
380,webSocketClient,client,False,6,client|client|client|client|client|client,3751,
381,toBeReturned,toReturn,False,4,toReturn|toReturn|toReturn|toReturn,1985,
382,array,array,True,2,array|array,4968,
383,batch,batch,True,17,batch|batch|batch|batch|batch|batch|batch|batch|batch|batch|batch|batch|batch|batch|batch|batch|batch,37720,
384,expectedLatn,,False,,,,"CUDA out of memory. Tried to allocate 3.82 GiB. GPU 0 has a total capacity of 39.49 GiB of which 209.44 MiB is free. Including non-PyTorch memory, this process has 39.28 GiB memory in use. Of the allocated memory 30.19 GiB is allocated by PyTorch, and 8.59 GiB is reserved by PyTorch but unallocated. If reserved but unallocated memory is large try setting PYTORCH_ALLOC_CONF=expandable_segments:True to avoid fragmentation.  See documentation for Memory Management  (https://pytorch.org/docs/stable/notes/cuda.html#environment-variables)"
385,sampleEntry,entryList,False,5,entryList|entry0|entry0|entry0|entry0,10499,
386,expected,expectedValue,False,6,expectedValue|expectedValue|expectedValue|expectedValue|expectedValue|expectedValue,13432,
387,unstubbedIterator,allIterator,False,4,allIterator|allIterator|allIterator|allIterator,1787,
388,builder,StringBuilder,False,9,StringBuilder|sb|sb|sb|sb|sb|sb|sb|sb,28230,
389,request,template,False,13,template|template|template|template|template|template|template|template|template|template|request|request|request,12462,
390,queueSize,queueSize,True,17,queueSize|queueSize|queueSize|queueSize|queueSize|queueSize|queueSize|queueSize|queueSize|queueSize|clientNum|queueSize|queueSize|queueSize|responseTime|queueSize|queueSize,9263,
391,idleStateHandler,idleHandler,False,23,idleHandler|idleHandler|idleHandler|idleHandler|idleHandler|idleHandler|idleHandler|idleHandler|idleHandler|idleHandler|idleHandler|idleHandler|idleHandler|idleHandler|idleHandler|idleHandler|idleHandler|idleHandler|idleHandler|idleHandler|idleHandler|idleHandler|idleHandler,8011,
392,aabbMax,abbMax,False,8,abbMax|abbMax|abbMax|abbMax|abbMax|abbMax|abbMax|abbMax,12860,
393,listSize,numNodes,False,5,numNodes|numNodes|numNodes|numNodes|numNodes,25070,
394,ownerType,ownerType,True,3,ownerType|rawType|ownerType,20250,
395,modulesExports,exportsMap,False,3,exportsMap|exportsMap|exportsMap,5365,
396,secretSettings,secretSettings,True,3,secretSettings|secretSettings|secretSettings,1608,
397,positionCount,docCount,False,6,docCount|docCount|docCount|docCount|docCount|docCount,2870,
398,elements,requestCount,False,2,requestCount|L,1405,
399,classVisitor,classVisitor,True,2,classVisitor|classVisitor,3592,
400,ruleClass,ruleClass,True,13,ruleClass|ruleClass|ruleClass|ruleClass|ruleClass|ruleClass|ruleClass|ruleClass|ruleClass|ruleClass|ruleClass|ruleClass|ruleClass,5121,
401,expectedIndexCount,expectedCount,False,2,expectedCount|expectedCount,10014,
402,management,search,False,6,search|management|management|management|management|management,8337,
403,renderTimeNs,renderTime,False,5,renderTime|renderTime|renderTime|renderTime|renderTime,13309,
404,pname,name,False,16,name|name|name|name|name|name|name|name|name|name|name|name|name|name|name|name,10363,
405,platformUrl,platformUrl,True,6,platformUrl|platformUrl|platformUrl|platformUrl|platformUrl|platformUrl,48836,
406,context,searchExecutionContext,False,3,searchExecutionContext|searchExecutionContext|searchExecutionContext,2459,
407,topUncast,uncast,False,9,uncast|uncast|uncast|uncast|uncast|uncast|uncast|uncast|uncast,15794,
408,expectedCount,expectedCount,True,2,expectedCount|expectedCount,10024,
409,dfLatn,,False,,,,"CUDA out of memory. Tried to allocate 30.66 GiB. GPU 0 has a total capacity of 39.49 GiB of which 20.81 GiB is free. Including non-PyTorch memory, this process has 18.68 GiB memory in use. Of the allocated memory 14.96 GiB is allocated by PyTorch, and 3.22 GiB is reserved by PyTorch but unallocated. If reserved but unallocated memory is large try setting PYTORCH_ALLOC_CONF=expandable_segments:True to avoid fragmentation.  See documentation for Memory Management  (https://pytorch.org/docs/stable/notes/cuda.html#environment-variables)"
410,usedBuiltInCharFilters,usedCharFilterTypes,False,15,usedCharFilterTypes|charFilters|charFilters|charFilters|usedCharFilters|usedCharFilters|charFilters|charFilters|usedTokenizers|usedTokenizers|charFilters|usedTokenizers|usedTokenizers|charFilters|charFilters,18927,
411,upstream,f1,False,6,f1|f1|f1|f1|f1|f1,13694,
412,newEntries,newEntries,True,4,newEntries|newEntries|newEntries|newEntries,61964,
413,request,1,False,16,1|1|1|1|1|1|1|1|1|1|1|1|1|1|1|1,8336,
414,database,database,True,7,database|database|database|database|database|database|database,5472,
415,observer,s,False,15,s|s|actual|actual|actual|actual|actual|actual|s|s|s|s|s|s|s,5581,
416,cMemoryOwn,cMemory,False,6,cMemory|cMemory|cMemory|cMemory|cMemory|cMemory,8774,
417,desturi,prefix,False,6,prefix|foundURI|foundURI|foundURI|foundURI|foundURI,8679,
418,bucket,GroupId,False,78,GroupId|Bucket|GroupId|GroupId|GroupId|Bucket|GroupId|GroupId|GroupId|Bucket|Bucket|GroupId|GroupId|GroupId|Bucket|Bucket|Bucket|GroupId|GroupId|GroupId|Bucket|GroupId|Bucket|Bucket|GroupId|Bucket|GroupId|Bucket|GroupId|Bucket|GroupId|Bucket|GroupId|GroupId|GroupId|GroupId|Bucket|GroupId|GroupId|Bucket|GroupId|GroupId|GroupId|GroupId|GroupId|GroupId|GroupId|GroupId|GroupId|GroupId|GroupId|GroupId|GroupId|GroupId|GroupId|GroupId|Bucket|GroupId|Bucket|GroupId|Bucket|Bucket|Bucket|GroupId|GroupId|Bucket|Bucket|Bucket|Bucket|GroupId|GroupId|GroupId|Bucket|Bucket|GroupId|GroupId|Bucket|Bucket,14266,
419,object,value,False,2,value|value,5205,
420,superType,superType,True,2,superType|superType,6534,
421,pathSet,pathSet,True,6,pathSet|pathSet|pathSet|pathSet|pathSet|pathSet,15423,
422,resolverChain,resolverChain,True,13,resolverChain|resolverChain|resolverChain|resolverChain|resolverChain|resolverChain|resolverChain|resolverChain|resolverChain|resolverChain|resolverChain|resolverChain|resolverChain,3214,
423,section,buffer,False,2,buffer|buffer,1826,
424,originalBucket,originalBucket,True,4,originalBucket|originalBucket|originalBucket|originalBucket,20382,
425,expected,encode,False,2,encode|expectedEncoding,2681,
426,executor,executor,True,1,executor,66197,
427,idpMetadataCertificates,certificates,False,2,certificates|metadataCertificates,11226,
428,height,_height,False,63,_height|_height|_height|_height|_height|_height|_height|_height|_height|_height|_height|_height|_height|_height|_height|_height|_height|_height|_height|_height|_height|_height|_height|_height|_height|_height|_height|_height|_height|_height|_height|_height|_height|_height|_height|y|_height|_height|_height|_height|_height|_height|_height|_height|_height|_height|width|width|height|height|height|_height|height|height|_height|_height|_height|_height|_height|_height|_height|_height|_height,37904,
429,rhsElem,lhsElem,False,6,lhsElem|rhsElem|rhsElem|rhsElem|rhsElem|rhsElem,26232,
430,actualLatn,,False,,,,"CUDA out of memory. Tried to allocate 30.66 GiB. GPU 0 has a total capacity of 39.49 GiB of which 20.81 GiB is free. Including non-PyTorch memory, this process has 18.68 GiB memory in use. Of the allocated memory 14.96 GiB is allocated by PyTorch, and 3.22 GiB is reserved by PyTorch but unallocated. If reserved but unallocated memory is large try setting PYTORCH_ALLOC_CONF=expandable_segments:True to avoid fragmentation.  See documentation for Memory Management  (https://pytorch.org/docs/stable/notes/cuda.html#environment-variables)"
431,addArr,addArr,True,2,addArr|addArr,7216,
432,oninvokeInstance,oninvoke,False,5,oninvoke|oninvoke|oninvoke|oninvoke|oninvoke,2592,
433,target,notView,False,2,notView|notView,814,
434,buffer,buffer,True,3,buffer|buffer|buffer,6689,
435,parentDirName,checksumLine,False,3,checksumLine|parentName|parentName,48818,
436,processor,failProcessor,False,3,failProcessor|failProcessor|failor,1434,
437,referencingUpdates,pointerUpdates,False,8,pointerUpdates|pointerUpdates|pointerUpdates|pointerUpdates|pointerUpdates|pointerUpdates|pointerUpdates|pointerUpdates,10363,
438,snapshotShardSizeInfo,snapshotInfo,False,2,snapshotInfo|snapshotInfo,13576,
439,inferenceEntityId,id,False,7,id|id|id|id|id|id|id,6409,
440,entry,relPath,False,5,relPath|relPath|relPath|relPath|relPath,2702,
441,parsedate,,False,,,,"CUDA out of memory. Tried to allocate 3.82 GiB. GPU 0 has a total capacity of 39.49 GiB of which 2.77 GiB is free. Including non-PyTorch memory, this process has 36.71 GiB memory in use. Of the allocated memory 29.37 GiB is allocated by PyTorch, and 6.85 GiB is reserved by PyTorch but unallocated. If reserved but unallocated memory is large try setting PYTORCH_ALLOC_CONF=expandable_segments:True to avoid fragmentation.  See documentation for Memory Management  (https://pytorch.org/docs/stable/notes/cuda.html#environment-variables)"
442,aggregationToJsonProcessor,processor,False,3,processor|processor|processor,11471,
443,newIndex,newIndex,True,2,newIndex|newIndex,1827,
444,printer,printer,True,2,printer|printer,10315,
445,message,index,False,3,index|exceptionMessage|exceptionMessage,12021,
446,sampleToCompute,realInstance,False,2,realInstance|actualInstance,3712,
447,eventType,eventType,True,31,eventType|eventType|eventType|eventType|eventType|incidentKey|incidentKey|eventType|eventType|eventType|eventType|eventType|eventType|incidentKey|incidentKey|eventType|eventType|eventType|eventType|eventType|eventType|client|eventType|description|incidentKey|eventType|eventType|eventType|eventType|eventType|eventType,24106,
448,settingKey,key,False,2,key|key,6231,
449,idleTask,/*,False,5,/*|idleTask|idleTask|idleTask|idleTask,27612,
450,deltaX,deltaX,True,4,deltaX|deltaXX|deltaX|deltaXX,37668,
451,pathFragmentString,path,False,2,path|path,33792,
452,context,context,True,5,context|context|context|context|context,4720,
453,description,description,True,20,description|description|description|description|description|jobIds|Objects|description|description|description|description|description|description|description|description|description|description|description|description|description,5685,
454,newThr,newThr,True,6,newThr|newThr|newThr|newThr|newThr|newCap,101113,
455,leftIndex,leftIndex,True,3,leftIndex|leftIndex|leftIndex,13963,
456,image,image,True,11,image|image|image|.|image|encodedImage|encodedImage|encodedImage|encodedImage|encodedImage|encodedImage,10573,
457,parentIndex,parentIndex,True,3,parentIndex|parentIndex|parentIndex,13963,
458,proxyThreads,workerThreads,False,4,workerThreads|workerThreads|workerThreads|workerThreads,10913,
459,title,baseName,False,3,baseName|baseName|baseName,3762,
460,spawn,spawn1,False,18,spawn1|spawn1|spawn1|spawn1|spawn1|spawn1|spawn1|spawn1|spawn1|spawn1|spawn1|spawn1|spawn1|spawn1|spawn1|spawn1|spawn1|spawn1,13228,
461,incReceiverNodes,newActivityNodes,False,2,newActivityNodes|receiverNodes,26214,
462,transportVersions,transportVersions,True,3,transportVersions|transportVersions|transportVersions,8198,
463,returnedRecord,retrievedRecord,False,13,retrievedRecord|retrievedRecord|retrievedRecord|retrievedRecord|retrievedRecord|retrievedRecord|retrievedRecord|retrievedRecord|retrievedRecord|retrievedRecord|retrievedRecord|retrievedRecord|retrievedRecord,3322,
464,parsedInferenceConfig,parsedConfig,False,2,parsedConfig|parsedConfig,18239,
465,regex,regex,True,5,regex|regex|pattern|pattern|pattern,66219,
466,expectedCollection,0,False,12,0|0|0|0|0|0|0|0|0|0|0|0,6688,
467,invocationOnMock,invocation,False,4,invocation|invocation|invocation|invocation,5314,
468,selected,addIntermediateInput,False,5,addIntermediateInput|groupIds|groupIds|groupIds|groupIds,12864,
469,flushablePool,pool,False,42,pool|this|this|pool|this|this|pool|this|this|pool|this|this|this|this|this|this|pool|this|this|this|this|this|pool|this|this|this|this|this|this|this|this|this|pool|this|this|this|this|this|this|this|this|this,3127,
470,isDesignatedInitializer,designated,False,5,designated|designated|designated|designated|designated,15682,
471,codePoint,codePoint,True,2,codePoint|codePoint,19098,
472,artifactsResults,artifactResults,False,2,artifactResults|artifactResults,5821,
473,connection,connection,True,3,connection|urlConnection|urlConnection,48836,
474,rayCallback,rayCallback,True,9,rayCallback|rayCallback|rayCallback|rayCallback|rayCallback|rayCallback|rayCallback|rayCallback|rayCallback,12872,
475,argumentCount,methodNumber,False,2,methodNumber|methodNumber,1883,
476,health,actuate,False,15,actuate|health1|getHealth|health1|health1|health1|getHealth|health1|health1|health1|health1|getHealth|health1|health1|health1,1928,
477,names,names,True,2,names|names,7096,
478,bScale,aScale,False,34,aScale|bScale|aScale|bScale|aScale|bScale|aScale|bScale|aScale|bScale|bScale|bScale|bScale|bScale|aScale|bScale|aScale|bScale|aScale|bScale|aScale|bScale|aScale|bScale|aScale|bScale|aScale|bScale|aScale|bScale|aScale|bScale|aScale|bScale,20496,
479,bgLeftWidth,bgWidth,False,7,bgWidth|bgWidth|bgWidth|bgWidth|bgWidth|bgWidth|bgWidth,37645,
480,classLevelEnabled,classEnabled,False,2,classEnabled|classEnabled,8148,
481,testAnn,ann,False,4,ann|ann|ann|ann,2664,
482,finalBitmap,resultBitmap,False,3,resultBitmap|resultBitmap|resultBitmap,9314,
483,target,target1,False,4,target1|target1|target1|target1,1062,
484,categoryClass,categoryClass,True,2,categoryClass|categoryClass,4903,
485,lengthIfKnown,length,False,4,length|length|length|length,7072,
486,expectedPattern,,False,,,,"CUDA out of memory. Tried to allocate 3.82 GiB. GPU 0 has a total capacity of 39.49 GiB of which 1.67 GiB is free. Including non-PyTorch memory, this process has 37.81 GiB memory in use. Of the allocated memory 26.89 GiB is allocated by PyTorch, and 10.43 GiB is reserved by PyTorch but unallocated. If reserved but unallocated memory is large try setting PYTORCH_ALLOC_CONF=expandable_segments:True to avoid fragmentation.  See documentation for Memory Management  (https://pytorch.org/docs/stable/notes/cuda.html#environment-variables)"
487,exponent,implementation,False,33,implementation|base|exponent|exponent|exponent|exponent|exponent|exponent|exponent|exponent|exponent|exponent|exponent|exponent|exponent|exponent|exponent|exponent|exponent|exponent|exponent|exponent|exponent|exponent|exponent|exponent|private|base|exponent|exponent|exponent|exponent|exponent,6250,
488,decodingOptions,options,False,5,options|options|options|options|options,9287,
489,componentTemplates,componentTemplates,True,4,componentTemplates|componentTemplates|componentTemplates|componentTemplates,23326,
490,protocols,protocols,True,2,protocols|protocols,2585,
491,useAlias,useAlias,True,3,useAlias|useAlias|useAlias,25647,
492,dateTimeStr,,False,,,,"CUDA out of memory. Tried to allocate 3.82 GiB. GPU 0 has a total capacity of 39.49 GiB of which 1.67 GiB is free. Including non-PyTorch memory, this process has 37.81 GiB memory in use. Of the allocated memory 26.89 GiB is allocated by PyTorch, and 10.43 GiB is reserved by PyTorch but unallocated. If reserved but unallocated memory is large try setting PYTORCH_ALLOC_CONF=expandable_segments:True to avoid fragmentation.  See documentation for Memory Management  (https://pytorch.org/docs/stable/notes/cuda.html#environment-variables)"
493,meanX,meanX,True,6,meanX|meanX|meanX|meanX|meanX|meanX,16595,
494,columnValues,row,False,7,row|row|row|row|row|row|row,12450,
495,dependency,dependencyResult,False,4,dependencyResult|dependencyResult|dependencyResult|dependencyResult,5853,
496,params,params,True,1,params,16658,
497,which,whichButton,False,1,whichButton,3416,
498,codeUnderTestId,idCode,False,5,idCode|idCode|idCode|idCode|idCode,12454,
499,clone,o2,False,3,o2|o2|o2,66193,
500,configCenter,configCenter,True,4,configCenter|configCenter|configCenter|configCenter,35054,
501,isVolatile,volatile,False,5,volatile|volatile|volatile|volatile|volatile_,15737,
502,pager,pager,True,5,pager|viewPager|viewPager|viewPager|viewPager,3439,
503,offset,offset,True,4,offset|offset|offset|offset,6008,
504,matches,matchIds,False,5,matchIds|matchIds|matchIds|matchIds|matchIds,9538,
505,byteArrayPool,arrayPool,False,18,arrayPool|arrayPool|arrayPool|arrayPool|arrayPool|arrayPool|arrayPool|arrayPool|arrayPool|arrayPool|arrayPool|arrayPool|arrayPool|arrayPool|arrayPool|arrayPool|arrayPool|arrayPool,12416,
506,otherParamType,otherType,False,5,otherType|otherType|otherType|otherType|otherType,20231,
507,request,request,True,12,request|request|request|request|request|request|request|request|request|request|request|request,16666,
508,outstandingRequests,clientConnections,False,4,clientConnections|clientConnections|clientConnections|clientConnections,9216,
509,message,message,True,17,message|message|message|message_|message_|message_|message_|message_|message_|message_|message_|message|the|message|message_|timestamp|timestamp,8169,
510,consumer,consumer,True,2,consumer|consumer,6413,
511,dialog,dialog,True,2,dialog|dialog,3416,
512,vStart,vStart,True,9,vStart|vStart|vStart|valuesPosition|vStart|vStart|vStart|vStart|vStart,15821,
513,parentBd,outerBD,False,2,outerBD|outerBD,1520,
514,testClassNames,testNames,False,2,testNames|testNames,66189,
515,height,height_,False,14,height_|height_|height_|height_|height_|height_|height_|height_|height_|height_|height_|height_|height_|height_,10553,
516,alpha,weight,False,14,weight|weight|weight|weight|weight|weight|weight|weight|weight|weight|weight|weight|weight|weight,11580,
517,incReceivers,incActivities,False,6,incActivities|incReceiver|incReceiver|incServices|incReceiver|incReceiver,26226,
518,indexInTrackGroup,index,False,2,index|index,6572,
519,readOffset,readOffset,True,1,readOffset,10318,
520,ignoreUserOptions,ignore,False,12,ignore|ignore|ignore|ignore|ignore|ignore|ignore|ignore|ignore|ignore|ignore|ignore,27620,
521,commonSuperTypeIndex,typeIndex,False,3,typeIndex|typeIndex|typeIndex,61928,
522,newField,newInput,False,5,newInput|newInput|newInput|newInput|newInput,3451,
523,color,color,True,11,color|color|color|color|color|color|color|color|color|color|color,37696,
524,testClasses,nestedClasses,False,8,nestedClasses|nestedClasses|nestedClasses|nestedClasses|nestedClasses|nestedClasses|nestedClasses|nestedClasses,10967,
525,testClass,ClassNames,False,13,ClassNames|ClassNames|ClassNames|ClassNames|ClassNames|ClassNames|ClassNames|ClassNames|ClassNames|ClassNames|ClassNames|ClassNames|ClassNames,66245,
526,pluginPolicy,pluginPolicy,True,2,pluginPolicy|pluginPolicy,48824,
527,symbolsOut,symbols,False,2,symbols|symbols2,121434,
528,response,.,False,11,.|response|response|response|response|response|response|response|response|response|response,8726,
529,endFlag,endFlag,True,10,endFlag|endFlag|endFlag|endFlag|endFlag|endFlag|endFlag|endFlag|endFlag|endFlag,5983,
530,selectedConverterType,converterType,False,4,converterType|converterType|converterType|converterType,3588,
531,offset,offset,True,5,offset|offset|starting|offset|offset,27556,
532,trace,trace,True,6,trace|trace|trace|trace|trace|trace,3421,
533,infoThreshold,infoThreshold,True,2,infoThreshold|infoThreshold,12001,
534,queue,mainQueue,False,6,mainQueue|mainQueue|mainQueue|mainQueue|mainQueue|errors,9273,
535,cause,e2,False,5,e2|e2|e2|e2|e2,3371,
536,runLength,pixelCount,False,3,pixelCount|pixelCount|pixelCount,9160,
537,fieldsCopy,newFields,False,7,newFields|newFields|newFields|newFields|newFields|newFields|newFields,6610,
538,outputColorInfo,colorInfo,False,3,colorInfo|colorInfo|colorInfo,13295,
539,bulkShardRequest,bulkRequest,False,2,bulkRequest|bulkRequest,25513,
540,newReceivers,new,False,2,new|new,26204,
541,future,case,False,7,case|future|future|future|future|future|future,3402,
542,histo,hist,False,3,hist|histogram|histogram,4460,
543,checkMlCppNoticeTask,checkNotice,False,4,checkNotice|checkNotice|checkNotice|checkNotice,10611,
544,actualValue,actualValue,True,10,actualValue|actualValue|actualValue|actualValue|actualValue|actualValue|actualValue|actualValue|actualValue|actualValue,3586,
545,service,indicesService,False,2,indicesService|indicesService,4044,
546,testInfo,testInfo,True,6,testInfo|testInfo|testInfo|testInfo|testInfo|testInfo,4695,
547,integerSetting,intSetting,False,11,intSetting|intSetting|intSetting|intSetting|intSetting|intSetting|intSetting|intSetting|intSetting|intSetting|intSetting,77768,
548,urlWithPort,urlWithHost,False,2,urlWithHost|urlWith,5596,
549,warnThreshold,warnThreshold,True,2,warnThreshold|warnThreshold,12001,
550,array,objs,False,3,objs|objs|objs,1526,
551,mockTrainedModelDefinition,modelDefinition,False,3,modelDefinition|modelDefinition|modelDefinition,18227,
552,builder,import,False,4,import|builderBuilder|builderBuilder|builderBuilder,14828,
553,downstream,downstream_,False,12,downstream_|downstream_|downstream_|downstream_|downstream_|downstream_|downstream_|downstream_|downstream_|downstream_|downstream_|downstream_,9279,
554,pwdEndIdx,atIdx,False,5,atIdx|atIdx|atIdx|atIdx|atIdx,13084,
555,pathFragment,path,False,14,path|path|path|path|path|path|path|path|path|path|path|path|path|path,33756,
556,timestampAdjusterInitializationTimeoutMs,timeoutMs,False,11,timeoutMs|timeoutMs|timeoutMs|timeoutMs|timeoutMs|timeoutMs|timeoutMs|timeoutMs|timeoutMs|timeoutMs|timeoutMs,30101,
557,initialSeedRef,seedRef,False,6,seedRef|seedRef|seedRef|seedRef|seedRef|seedRef,4092,
558,context,node,False,18,node|node|node|context|node|context|node|node|n|context|context|n|n|context|n|context|n|context,17937,
559,unfilteredRdepsOfRdeps,rdeps,False,2,rdeps|rdeps,7897,
560,trieIterator,it,False,3,it|it|it,11047,
561,sourceCodec,hsc,False,3,hsc|hsc|hsc,4791,
562,header,h,False,24,h|h|h|h|h|h|h|h|h|h|h|h|h|eventType|h|h|event_collection_name|h|h|h|eventCollectionName|h|h|h,14768,
563,execRoot,execRoot,True,5,execRoot|execRoot|execRoot|execRoot|execRoot,13171,
564,candidate,1,False,3,1|1|1,101078,
565,parts,trailingParts,False,4,trailingParts|trailingParts|trailingParts|trailingParts,30453,
566,evict,00,False,7,00|00|00|00|00|00|00,101086,
567,newest,lastEntry,False,4,lastEntry|lastEntry|lastEntry|lastEntry,34454,
568,fromArchive,file,False,2,file|file,3042,
569,repeatedValuesString,containerValues,False,2,containerValues|containerValue,13722,
570,indexId,indexId,True,3,indexId|indexId|indexId,13597,
571,start,startMillis,False,4,startMillis|startMillis|startMillis|startMillis,1737,
572,restRequest,request,False,3,request|request|request,2047,
573,expected,entries,False,3,entries|entries|entries,6221,
574,other,otherObj,False,3,otherObj|otherObj|otherObj,2364,
575,qualifiedName,ruleName,False,3,ruleName|ruleName|ruleName,5076,
576,avgCount,avgCount,True,4,avgCount|avgCount|avgCount|avgCount,10432,
577,innerAgg,agg,False,2,agg|subagg,10422,
578,buffer,buffer_,False,3,buffer_|buffer_|buffer_,1545,
579,targetR,targetR,True,2,targetR|targetR,11516,
580,statusPerLine,perLine,False,3,perLine|perLine|perLine,33620,
581,builder,requestBuilder,False,2,requestBuilder|requestBuilder,6215,
582,configLocations,configLocations,True,2,configLocations|configLocations,11708,
583,entries,entries,True,34,entries|entries|entries|entries|entries|entries|entries|entries|entries|entries|entries|entries|entries|entries|entries|entries|entries|entries|entries|entries|entries|entries|entries|entries|entries|entries|entries|entries|entries|entries|entries|entries|entries|entries,17878,
584,suite,TestSuite,False,19,TestSuite|suite|suite|suite|suite|suite|suite|suite|suite|suite|suite|suite|suite|suite|suite|suite|suite|suite|suite,17787,
585,encodedURLStr,fullURLStr,False,8,fullURLStr|URLStr|URLStr|URLStr|URLStr|URLStr|URLStr|URLStr,13057,
586,admin,admin,True,20,admin|admin|adminConfig|admin|adminConfig|adminConfig|adminConfig|admin|admin|admin|admin|admin|admin|admin|admin|admin|admin|admin|admin|admin,10316,
587,aggBuilder,my_agg,False,10,my_agg|aggBuilder|aggBuilder|aggBuilder|aggBuilder|aggBuilder|aggBuilder|aggBuilder|aggBuilder|aggBuilder,31265,
588,constantPoolOffset,itemOffset,False,3,itemOffset|itemOffset|itemOffset,61939,
589,length,count,False,8,count|count|count|count|count|count|count|count,11089,
590,methodSpecBuilder,1,False,16,1|1|1|1|1|1|1|1|1|1|1|1|1|1|1|1,20698,
591,commits,commitsList,False,2,commitsList|commitsList,25531,
592,myCompressor,mypressor,False,4,mypressor|mypressor|mypressor|mypressor,22414,
593,coreOptions,coreOptions,True,2,coreOptions|coreOptions,27607,
594,putDataStreamRequest,actionRequest,False,2,actionRequest|actionRequest,1844,
595,prefix,prefix,True,19,prefix|prefix|prefix|prefix|prefix|prefix|prefix|prefix|prefix|prefix|prefix|prefix|prefix|namespace|namespace|prefix|prefix|prefix|prefix,8748,
596,test_date,,False,,,,"CUDA out of memory. Tried to allocate 30.66 GiB. GPU 0 has a total capacity of 39.49 GiB of which 20.81 GiB is free. Including non-PyTorch memory, this process has 18.68 GiB memory in use. Of the allocated memory 14.96 GiB is allocated by PyTorch, and 3.22 GiB is reserved by PyTorch but unallocated. If reserved but unallocated memory is large try setting PYTORCH_ALLOC_CONF=expandable_segments:True to avoid fragmentation.  See documentation for Memory Management  (https://pytorch.org/docs/stable/notes/cuda.html#environment-variables)"
597,parser,parser,True,10,parser|parser|parser|parser|parser|parser|parser|parser|parser|parser,5196,
598,weekData,weekData,True,3,weekData|weekData|weekData,57332,
599,trainedModelConfigBuilder,configBuilder,False,6,configBuilder|configBuilder|configBuilder|configBuilder|configBuilder|configBuilder,18197,
600,marker,installedFrom,False,3,installedFrom|installedFrom|installedFrom,10539,
601,secret,key,False,9,key|secret|secret|secret|secret|secret|secret|secret|secret,35075,
602,options,options1,False,6,options1|options1|options1|options1|options1|options1,9326,
603,targetClass,targetClass,True,16,targetClass|targetClass|targetClass|targetClass|targetClass|targetClass|targetClass|targetClass|targetClass|targetClass|targetClass|targetClass|targetClass|targetClass|targetClass|targetClass,7602,
604,exception,e,False,8,e|e|e|e|e|e|e|error,9960,
605,tables,tables,True,7,tables|command|command|command|command|command|tables,10256,
606,oldIndex,oldIndex,True,4,oldIndex|oldIndex|oldIndex|oldIndex,4502,
607,builder,builder,True,18,builder|builder|builder|builder|builder|builder|builder|builder|builder|builder|builder|builder|builder|builder|builder|builder|builder|builder,19119,
608,response,createResponse,False,8,createResponse|createResponse|indexResponse|indexResponse|indexResponse|indexResponse|indexResponse|indexResponse,5487,
609,deprecationHandler,deprecation,False,10,deprecation|deprecation|deprecation|deprecation|deprecation|deprecation|deprecation|deprecation|deprecation|deprecation,3643,
610,allocation,allocation,True,8,allocation|RecoverySource|allocation|strategy1|strategy1|strategy1|strategy1|strategy1,13610,
611,newFinalizeContext,newContext,False,2,newContext|newContext,34515,
612,upstream,f1,False,4,f1|f1|f1|f1,19565,
613,storedFields,storedFields,True,2,storedFields|storedFields,1731,
614,description,description,True,2,description|description,10430,
615,invocation,invocation,True,4,invocation|invocation|invoc|invoc,3027,
616,factory,internalFactory,False,13,internalFactory|internalFactory|internalFactory|internalFactory|internalFactory|internalFactory|internalFactory|internalFactory|internalFactory|internalFactory|internalFactory|internalFactory|internalFactory,15263,
617,observer,actual,False,2,actual|actual,8730,
618,securityEnabled,enabled,False,6,enabled|enabled|enabled|enabled|enabled|enabled,9994,
619,usedTokenizerTypes,usedCharFilterTypes,False,3,usedCharFilterTypes|tokenizerTypes|tokenizerTypes,19044,
620,uniquePluginIds,pluginIds,False,2,pluginIds|pluginIds,48812,
621,sourceFilePath,sourceFilePath,True,7,sourceFilePath|sourceFilePath|sourceFilePath|sourceFilePath|sourceFilePath|sourceFilePath|sourceFilePath,15748,
622,suite,suite,True,7,suite|suite_|suite_|suite_|suite_|suite_|suite_,4986,
623,newPreFilterQueryBuilders,newFilters,False,2,newFilters|newFilters,16629,
624,localDataStream,localDataStream,True,6,localDataStream|localDataStream|localDataStream|localDataStream|localDataStream|localDataStream,25656,
625,contextBuilders,build,False,5,build|builders|builders|builders|build,7499,
626,length,length,True,48,length|length|length|length|length|length|length|length|length|length|length|length|length|length|length|length|length|length|length|length|length|length|length|length|length|length|length|length|length|length|length|length|length|length|length|length|length|length|length|length|length|length|length|length|length|length|length|length,28430,
627,location,location,True,10,location|location|location|location|location|location|location|location|location|location,10355,
628,warningMessage,expectedWarning,False,3,expectedWarning|expectedWarning|expectedWarning,18263,
629,oauthVerifier,verifierCode,False,2,verifierCode|verifierCode,3155,
630,fieldNumber,fieldNumber,True,3,fieldNumber|fieldNumber|res,9239,
631,serializer,serializer,True,10,serializer|serializer|serializer|serializer|serializer1|serializer1|serializer1|serializer1|serializer1|serializer1,2678,
632,endIndex,endIdx,False,2,endIdx|endIdx,25057,
633,version,version,True,3,version|version|BiDi,11076,
634,response,response,True,8,response|response|response|response|response|response|response|response,5571,
635,rootDir,settingsDir,False,2,settingsDir|settingsDir,10649,
636,proxy,proxy_,False,10,proxy_|proxy_|proxy_|proxy_|proxy_|proxy_|proxy_|proxy_|proxy_|proxy_,48858,
637,webServer,webServer,True,3,webServer|webServer|webServer,8266,
638,idleHttpConnectionTimeout,. .,False,5,. .|. .|. .|. .|. .,8218,
639,attrs,attrs,True,1,attrs,2681,
640,elapsedRealtimeUs,timeUs,False,2,timeUs|timeUs,22437,
641,targetOffsetUs,offsetUs,False,6,offsetUs|offsetUs|offsetUs|offsetUs|offsetUs|offsetUs,30391,
642,metaAnnotations,metaAnnotations,True,2,metaAnnotations|metaAnnotations,11122,
643,header,header,True,11,header|header|header|newHeader|header|newHeader|newHeader|newHeader|header|header|header,8438,
644,timeout,expiryTime,False,4,expiryTime|expiryTime|expiryTime|expiryTime,1623,
645,formatter,formatter,True,3,formatter|formatter|formatter,1278,
646,instanceMethod,methodSpec,False,17,methodSpec|methodSpec|staticMethod|extensionMethod|extensionMethod|extensionMethod|extensionMethod|extensionMethod|extensionMethod|extensionMethod|extensionMethod|extensionMethod|extensionMethod|extensionMethod|staticVariableName|extensionMethod|extensionMethod,20964,
647,emails,names,False,2,names|emails,7097,
648,screenY,screenY,True,8,screenY|screenY|screenY|screenY|screenY|screenY|screenY|screenY,5557,
649,subsetSize,subsetSize,True,12,subsetSize|subsetSize|subsetSize|subsetSize|subsetSize|subsetSize|subsetSize|subsetFreq|subsetSize|subsetSize|subsetSize|subsetSize,20406,
650,params,params,True,7,params|params|params|params|params|params|params,5226,
651,inner,d,False,13,d|d|d|d|d|d|d|d|d|d|d|d|d,5587,
652,content,text,False,6,text|text|text|text|text|text,9524,
653,parsers,parsersList,False,32,parsersList|parsersList|parsersList|parsersList|parsersList|parsersList|parsersList|parsersList|parsersList|parsersList|parsersList|parsersList|parsersList|parsersList|parsersList|parsersList|parsersList|parsersList|parsersList|parsersList|parsersList|parsersList|parsersList|parsersList|parsersList|parsersList|parsersList|parsersList|parsersList|parsersList|parsersList|parsersList,12658,
654,beans,registrationBeans,False,2,registrationBeans|registrationBeans,5994,
655,parameterObject,parameterObject,True,1,parameterObject,1003,
656,environmentValue,environmentValue,True,2,environmentValue|profileValue,8154,
657,flingTime,t,False,18,t|t|t|t|t|t|t|if|t|t|t|t|t|t|t|t|t|t,37589,
658,client,import,False,3,"import|,|.",2517,
659,string,message,False,2,message|message,35245,
660,searchResponse,searchResponse,True,8,searchResponse|searchResponse|searchResponse|searchResponse|searchResponse|searchResponse|searchResponse|searchResponse,11534,
661,future,futureValue,False,19,futureValue|futureValue|get|futureValue|futureValue|futureValue|FutureValue|futureValue|futureValue|futureValue|futureValue|futureValue|futureValue|futureValue|futureValue|futureValue|futureValue|futureValue|futureValue,4758,
662,range,range,True,5,range|range|range|range|array,11085,
663,columnValuesSize,valuesSize,False,3,valuesSize|valuesSize|valuesSize,12475,
664,animating,//,False,11,//|//|//|//|//|//|//|//|//|//|calling,37624,
665,plugin,plugins,False,3,plugins|analysisPlugin|analysisPlugin,2580,
666,client,import,False,3,import|client|client,2194,
667,buffer,buffer,True,41,buffer|buffer|buffer|buffer|buffer|buffer|buffer|buffer|buffer|buffer|buffer|buffer|buffer|buffer|buffer|buffer|buffer|buffer|buffer|buffer|buffer|buffer|buffer|buffer|buffer|buffer|buffer|buffer|buffer|buffer|buffer|buffer|buffer|buffer|buffer|buffer|buffer|buffer|buffer|buffer|buffer,9318,
668,inputsSize,inputSize,False,3,inputSize|inputSize|inputSize,930,
669,oinput,,False,,,,"CUDA out of memory. Tried to allocate 8.98 GiB. GPU 0 has a total capacity of 39.49 GiB of which 6.66 GiB is free. Including non-PyTorch memory, this process has 32.82 GiB memory in use. Of the allocated memory 23.43 GiB is allocated by PyTorch, and 8.89 GiB is reserved by PyTorch but unallocated. If reserved but unallocated memory is large try setting PYTORCH_ALLOC_CONF=expandable_segments:True to avoid fragmentation.  See documentation for Memory Management  (https://pytorch.org/docs/stable/notes/cuda.html#environment-variables)"
670,rtpPayloadType,payloadType,False,2,payloadType|payloadType,22988,
671,quartScratch,quartValue,False,2,quartValue|quartRef,5992,
672,offset,offset,True,6,offset|offset|offset|offset|offset|offset,13984,
673,itemIndex,itemCount,False,13,itemCount|itemCount|itemCount|itemCount|itemCount|itemCount|itemCount|itemCount|itemCount|itemCount|itemCount|itemCount|itemCount,61991,
674,classLoader,classLoader,True,1,classLoader,2085,
675,classLoader,classLoader,True,2,classLoader|classLoader,2584,
676,scoreDoc,1,False,12,1|1|1|1|1|1|1|1|1|1|1|1,16605,
677,staplerResponse,response2,False,4,response2|response2|response2|response2,8639,
678,columnIndex,columnIndex,True,4,columnIndex|columnIndex|columnIndex|columnIndex,1761,
679,binTools,binTools,True,3,binTools|args|binTools,13162,
680,service,pluginInterface,False,10,pluginInterface|pluginInterface|pluginInterface|pluginInterface|pluginInterface|pluginInterface|pluginInterface|pluginInterface|pluginInterface|pluginInterface,4224,
681,aByte,curByte,False,12,curByte|curByte|curByte|curByte|curByte|curByte|curByte|curByte|curByte|curByte|curByte|byteBuffer,22474,
682,schemaName,schemaName,True,3,schemaName|schemaName|schemaName,1885,
683,secondImage,secondImage,True,6,secondImage|secondImage|secondImage|secondImage|secondImage|secondImage,10515,
684,describableType,tClass,False,12,tClass|tClass|tClass|tClass|tClass|tClass|tClass|tClass|tClass|tClass|tClass|tClass,9182,
685,warnings,warningsList,False,7,warningsList|warningsList|warningsList|warningsList|warningsArray|warningsArray|warningsArray,7249,
686,charsetObj,charSet,False,3,charSet|charSet|charSet,8679,
687,listeners,waiting,False,3,waiting|waiting|waiting,5704,
688,x500Principal,x5,False,2,x5|x5,2560,
689,samplers,samplers,True,4,samplers|samplers|samplers|samplers,10327,
690,attributes,attributes,True,11,attributes|attributesMap|attributesMap|attributesMap|attributesMap|attributesMap|attributesMap|attributesMap|attributesMap|attributesMap|attributesMap,3212,
691,element,annotatedElement,False,28,annotatedElement|annotatedElement|annotatedElement|annotatedElement|annotatedElement|annotatedElement|annotatedElement|annotatedElement|annotatedElement|annotatedElement|annotatedElement|annotatedElement|annotatedElement|annotatedElement|annotatedElement|annotatedElement|annotatedElement|annotatedElement|annotatedElement|annotatedElement|annotatedElement|annotatedElement|annotatedElement|annotatedElement|annotatedElement|annotatedElement|annotatedElement|annotatedElement,14063,
692,fileInfo,fileInfo,True,2,fileInfo|fileInfo,34531,
693,builder,builder,True,19,builder|builder|builder|builder|builder|builder|builder|builder|builder|builder|builder|builder|builder|builder|builder|builder|builder|builder|builder,9813,
694,model,model,True,8,model|model|model|model|model|model|model|model,1631,
695,resource,.,False,4,.|resource|resource|resource,3188,
696,playlistParserFactory,playlistFactory,False,11,playlistFactory|playlistFactory|playlistFactory|playlistFactory|playlistFactory|playlistFactory|playlistFactory|playlistFactory|playlistFactory|playlistFactory|playlistFactory,30376,
697,isBaseSection,isExtended,False,2,isExtended|isHeader,9146,
698,setToCheck,visitedSet,False,2,visitedSet|visitedSet,25061,
699,logger,Logger,False,17,Logger|Logger|remoteLogger|remoteLogger|remoteLogger|remoteLogger|Logger|remoteLogger|remoteLogger|remoteLogger|Logger|remoteLogger|remoteLogger|remoteLogger|remoteLogger|remoteLogger|remoteLogger,3528,
700,moduleClasses,classes,False,3,classes|classes|classes,5365,
701,formattedString,,False,,,,"CUDA out of memory. Tried to allocate 3.82 GiB. GPU 0 has a total capacity of 39.49 GiB of which 2.84 GiB is free. Including non-PyTorch memory, this process has 36.64 GiB memory in use. Of the allocated memory 29.99 GiB is allocated by PyTorch, and 6.16 GiB is reserved by PyTorch but unallocated. If reserved but unallocated memory is large try setting PYTORCH_ALLOC_CONF=expandable_segments:True to avoid fragmentation.  See documentation for Memory Management  (https://pytorch.org/docs/stable/notes/cuda.html#environment-variables)"
702,retrieverBuilder,retriever,False,4,retriever|retriever|retriever|retriever,16637,
703,update,ActionListener,False,4,ActionListener|updateRequest|updateRequest|updateRequest,16652,
704,upsertMap,docMap,False,3,docMap|uMap|uMap,16612,
705,beansMap,applicationConfigs,False,3,applicationConfigs|applicationConfigs|applicationConfigs,3317,
706,compositeFieldScript,LeafFactory,False,3,LeafFactory|parentScript|parentScript,6390,
707,charset,charset,True,10,charset|charset|charsetName|charsetName|charsetName|charsetName|charsetName|charsetName|charsetName|charsetName,8743,
708,indicesStr,indicesText,False,2,indicesText|indicesText,12338,
709,expressions,inputFields,False,5,inputFields|inputFields|inputFields|inputFields|inputFields,2934,
710,applicationContext,context,False,7,context|context|context|context|context|context|context,2529,
711,context,context,True,53,context|context|context|context|context|context|context|context|context|context|context|context|context|context|context|contextec|context|contextec|context|context|context|context|context|context|context|context|context|context|context|context|context|context|context|client|contextec|context|contextec|context|context|context|context|contextec|context|contextec|context|context|context|context|context|context|contextec|context|contextec,24233,
712,scrollH,scrollH,True,7,scrollH|scrollH|scrollH|scrollH|scrollH|scrollH|scrollH,37673,
713,context,readerContext,False,2,readerContext|readerContext,1709,
714,registered,assertRegistered,False,7,assertRegistered|assertRegistered|assertRegistered|assertRegistered|assertRegistered|snaps|snaps,34566,
715,start,t0,False,2,t0|t0,3551,
716,className,clsName,False,2,clsName|clsName,7556,
717,httpClient,callback,False,4,callback|httpClient|httpClient|httpClient,1369,
718,delta,deltaX,False,31,deltaX|deltaX|deltaY|deltaY|delta|delta|delta|delta|delta|delta|delta|delta|delta|delta|delta|delta|delta|delta|delta|delta|delta|delta|delta|delta|delta|delta|delta|delta|delta|delta|delta,37776,
719,executionCount,execCount,False,3,execCount|execCount|execCount,4126,
720,clientSecret,clientSecret,True,2,clientSecret|clientSecret,5074,
721,snapshotA,snapshotA,True,9,snapshotA|snapshotA|snapshotA|snapshotA|snapshotA|snapshotA|snapshotA|snapshotA|snapshotA,34552,
722,depth,colorDepth,False,12,colorDepth|colorDepth|colorDepth|colorDepth|colorDepth|colorDepth|colorDepth|colorDepth|colorDepth|colorDepth|mimeTypeLength|colorDepth,6497,
723,child,plan,False,10,plan|plan|source|source|source|source|source|source|source|source,12967,
724,delta,delta,True,8,delta|delta|delta|delta|delta|delta|delta|delta,13209,
725,humanReadable,prettyPrint,False,3,prettyPrint|prettyPrint|prettyPrint,11229,
726,pluginsDirectory,pluginsPath,False,2,pluginsPath|pluginsPath,48814,
727,testdefault,,False,,,,"CUDA out of memory. Tried to allocate 3.82 GiB. GPU 0 has a total capacity of 39.49 GiB of which 2.84 GiB is free. Including non-PyTorch memory, this process has 36.64 GiB memory in use. Of the allocated memory 29.98 GiB is allocated by PyTorch, and 6.16 GiB is reserved by PyTorch but unallocated. If reserved but unallocated memory is large try setting PYTORCH_ALLOC_CONF=expandable_segments:True to avoid fragmentation.  See documentation for Memory Management  (https://pytorch.org/docs/stable/notes/cuda.html#environment-variables)"
728,pointer,pointer,True,8,pointer|pointer|pointer|pointer|pointer|pointer|pointer|pointer,5573,
729,toExclude,to,False,20,to|to|to|to|to|to|to|to|to|to|to|to|to|to|to|to|to|to|to|to,13029,
730,bulkRequest,bulkRequest,True,3,bulkRequest|bulkRequest|bulkRequest,25647,
731,bindingResult,bindingResult,True,5,bindingResult|bindingResult|bindingResult|bindingResult|bindingResult,6574,
732,producerContext,context,False,2,context|context,1213,
733,features,fieldIndex,False,1,fieldIndex,14102,
734,resName,keyName,False,6,keyName|keyName|keyName|keyName|keyName|keyName,6557,
735,testtimezone,,False,,,,"CUDA out of memory. Tried to allocate 3.82 GiB. GPU 0 has a total capacity of 39.49 GiB of which 2.84 GiB is free. Including non-PyTorch memory, this process has 36.64 GiB memory in use. Of the allocated memory 29.98 GiB is allocated by PyTorch, and 6.16 GiB is reserved by PyTorch but unallocated. If reserved but unallocated memory is large try setting PYTORCH_ALLOC_CONF=expandable_segments:True to avoid fragmentation.  See documentation for Memory Management  (https://pytorch.org/docs/stable/notes/cuda.html#environment-variables)"
736,field,field,True,5,field|field|class|field|field,4930,
737,columnName,column,False,1,column,1573,
738,currentFieldName,currentName,False,13,currentName|currentName|currentName|currentName|currentName|currentName|currentName|currentName|currentName|currentName|currentName|currentName|currentName,23987,
739,formatter,,False,,,,"CUDA out of memory. Tried to allocate 3.82 GiB. GPU 0 has a total capacity of 39.49 GiB of which 2.84 GiB is free. Including non-PyTorch memory, this process has 36.64 GiB memory in use. Of the allocated memory 30.00 GiB is allocated by PyTorch, and 6.15 GiB is reserved by PyTorch but unallocated. If reserved but unallocated memory is large try setting PYTORCH_ALLOC_CONF=expandable_segments:True to avoid fragmentation.  See documentation for Memory Management  (https://pytorch.org/docs/stable/notes/cuda.html#environment-variables)"
740,response,ServerHttpResponse,False,6,ServerHttpResponse|ServerHttpResponse|ServerHttpResponse|ServerHttpResponse|ServerHttpResponse|ServerHttpResponse,3686,
741,parent,d,False,8,d|d|d|d|d|d|parent|parent,5589,
742,lookup,lookup,True,7,lookup|source|source|searchLookup|searchLookup|searchLookup|searchLookup,5479,
743,impls,impls,True,3,impls|impls|impls,4123,
744,beanName,staticField,False,5,staticField|beanName|beanName|beanName|beanName,7569,
745,other,Other,False,10,Other|Other|Other|Other|Other|Other|Other|Other|Other|Other,14004,
746,contextClass,contextClass,True,15,contextClass|contextClass|contextClass|contextClass|contextClass|contextClass|contextClass|contextClass|contextClass|contextClass|contextClass|contextClass|contextClass|contextClass|contextClass,8073,
747,dataTypeName,dataTypeName,True,2,dataTypeName|dataTypeName,1851,
748,visitor,XPathVisitor,False,7,XPathVisitor|XPathVisitor|XPathVisitor|XPathVisitor|visitor|visitor|visitor,17943,
749,actual,actualId,False,2,actualId|actualValue,3138,
750,serverInputStream,workerInputStream,False,12,workerInputStream|workerInputStream|workerOutputStream|workerInputStream|workerInputStream|workerOutputStream|workerInputStream|workerInputStream|workerOutputStream|workerInputStream|workerInputStream|workerOutputStream,10937,
751,layer,layer,True,1,layer,10319,
752,destConfigDir,configDir,False,17,configDir|configDir|configDir|configDir|configDir|configDir|Parent|configDir|Parent|Parent|Parent|Parent|configDir|Parent|configDir|Parent|Parent,48793,
753,accepted,accepted,True,16,accepted|accepted|accepted|accepted|accepted|accepted|accepted|accepted|accepted|accepted|accepted|accepted|accepted|accepted|accepted|accepted,14832,
754,invalidValue,badValue,False,3,badValue|badValue|badValue,2656,
755,outerFilterDocCount,docCount,False,4,docCount|innerFilterDocCount|docCount|docCount,10388,
756,newChildren,children,False,2,children|children,957,
757,lastIndex,lastParent,False,4,lastParent|lastParent|lastParent|lastParent,25071,
758,valueStart,valueStart,True,9,valueStart|valueStart|valueStart|valuesPosition|valueStart|valueStart|valueStart|valueStart|valueStart,13593,
759,applicationContext,applicationContext,True,3,applicationContext|applicationContext|applicationContext,2953,
760,maxes,mins,False,3,mins|maxes|mins,33485,
761,resolver,resolver,True,12,resolver|resolver|resolver|resolver|resolver|resolver|resolver|resolver|resolver|resolver|resolver|resolver,2825,
762,urlAuthSection,urlPrefix,False,2,urlPrefix|urlPrefix,9983,
763,constantDynamic,constantDynamic,True,5,constantDynamic|constantDynamic|constantDynamic|constantDynamic|constantDynamic,61967,
764,minDays,minimalDays,False,5,minimalDays|minimalDays|minimalDays|-1|-1,57340,
765,staticMethods,staticMethods,True,7,staticMethods|instanceMethodsForExtensions|staticMethods|staticMethods|staticMethods|staticMethods|staticMethods,20927,
766,refeshOnOperation,refreshAfter,False,5,refreshAfter|refreshAfter|refreshAfter|refreshAfter|refreshAfter,5411,
767,currency,currencyCode,False,7,currencyCode|currencyCode|value|Currency|currencyCode|currencyCode|ISO,14147,
768,method,method,True,5,method|method|method|method|method,1782,
769,mediaDescription,mediaDescription,True,14,mediaDescription|mediaDescription|mediaDescription|mediaDescription|mediaDescription|mediaDescription|mediaDescription|mediaDescription|mediaDescription|mediaDescription|mediaDescription|mediaDescription|mediaDescription|mediaDescription,23030,
770,zeroTermsQuery,0,False,27,0|0|0|analyzer|0|0|0|0|0|0|0|0|0|0|0|0|0|0|0|0|value|value|0|0|0|0|0,12029,
771,legal,1,False,8,1|1|1|1|1|1|1|1,8144,
772,searchLookup,lookup,False,6,lookup|lookup|lookup|lookup|lookup|lookup,6393,
773,routingTable,routingTable,True,5,routingTable|routingTable|routingTable|routingTable|routingTable,3188,
774,vVector,vVector,True,12,vVector|vVector|vVector|vVector|vVector|vVector|vVector|vVector|vVector|vVector|vVector|vVector,6028,
775,consumer,imageConsumer,False,6,imageConsumer|imageConsumer|imageConsumer|imageConsumer|imageConsumer|imageConsumer,10545,
776,prefix,baseName,False,2,baseName|baseName,5175,
777,blockFactory,factory,False,3,factory|factory|factory,13954,
778,apiSecret,apiSecret,True,3,apiSecret|apiSecret|apiSecret,3160,
779,tests,,False,,,,"CUDA out of memory. Tried to allocate 3.82 GiB. GPU 0 has a total capacity of 39.49 GiB of which 2.84 GiB is free. Including non-PyTorch memory, this process has 36.64 GiB memory in use. Of the allocated memory 29.99 GiB is allocated by PyTorch, and 6.16 GiB is reserved by PyTorch but unallocated. If reserved but unallocated memory is large try setting PYTORCH_ALLOC_CONF=expandable_segments:True to avoid fragmentation.  See documentation for Memory Management  (https://pytorch.org/docs/stable/notes/cuda.html#environment-variables)"
780,itemOffset,itemOffset,True,13,itemOffset|itemOffset|itemOffset|itemOffset|itemOffset|itemOffset|itemOffset|itemOffset|itemOffset|itemOffset|itemOffset|itemOffset|itemOffset,61991,
781,listener,actionListener,False,10,actionListener|actionListener|actionListener|actionListener|actionListener|actionListener|actionListener|actionListener|actionListener|actionListener,2813,
782,fmtpAttributes,fmtpParameters,False,18,fmtpParameters|parameters|parameters|parameters|parameters|parameters|parameters|parameters|parameters|parameters|parameters|parameters|parameters|parameters|parameters|parameters|parameters|parameters,22988,
783,request,request,True,4,request|request|request|request,2702,
784,password,pass,False,6,pass|keypass|keypass|keypass|keypass|keypass,4866,
785,srcSize,targetSize,False,4,targetSize|targetSize|targetSize|targetSize,9326,
786,empty,hm3,False,9,hm3|hm3|hm3|hm3|hm3|hm3|hm3|hm3|empty,34445,
787,setterFunc,setterName,False,3,setterName|setterName|varName,15736,
788,outputBlock,outputBlock,True,13,outputBlock|outputBlock|outputBlock|outputBlock|outputBlock|outputBlock|outputBlock|outputBlock|outputBlock|outputBlock|outputBlock|outputBlock|outputBlock,3465,
789,additionalMatcherName,matcherName,False,3,matcherName|matcherName|matcherName,3007,
790,names,rom,False,2,rom|roms,14661,
791,order,order,True,5,order|order|order|order|order,1782,
792,delegate,delegate,True,6,delegate|delegate|delegate|delegate|delegate|delegate,4987,
793,julyStr,,False,,,,"CUDA out of memory. Tried to allocate 3.82 GiB. GPU 0 has a total capacity of 39.49 GiB of which 2.84 GiB is free. Including non-PyTorch memory, this process has 36.64 GiB memory in use. Of the allocated memory 29.98 GiB is allocated by PyTorch, and 6.16 GiB is reserved by PyTorch but unallocated. If reserved but unallocated memory is large try setting PYTORCH_ALLOC_CONF=expandable_segments:True to avoid fragmentation.  See documentation for Memory Management  (https://pytorch.org/docs/stable/notes/cuda.html#environment-variables)"
794,healthMetadata,healthMetadata,True,2,healthMetadata|healthMetadata,6201,
795,builders,irbs,False,4,irbs|irbs|irbs|irbs,34521,
796,bootstrapMethodArguments,args,False,11,args|args|args|args|args|args|args|args|args|args|args,61782,
797,parentClass,parentCls,False,7,parentCls|parentCls|parentCls|parentCls|parentCls|parentCls|parentCls,6546,
798,other,other,True,2,other|other,3018,
799,drmSessionManagerProvider,provider_,False,6,provider_|provider_|provider_|provider_|provider_|provider_,30331,
800,usedBuiltInAnalyzers,usedCharFilterTypes,False,15,usedCharFilterTypes|_|usedAnalyzerTypes|_|_|usedCharFilters|_|_|usedTokenizers|usedTokenizers|_|usedTokenizers|usedTokenizers|_|_,18834,
801,builder,urlBuilder,False,4,urlBuilder|urlBuilder|urlBuilder|urlBuilder,4730,
802,matcher,expectedValue,False,4,expectedValue|expectedValue|expectedValue|expectedValue,6477,
803,counter,value,False,4,value|value|value|value,2177,
804,mediaPeriod,mediaPeriod,True,3,mediaPeriod|mediaPeriod|mediaPeriod,30418,
805,responseHeaders,responseHeaders,True,8,responseHeaders|responseHeaders|responseHeaders|responseHeaders|responseHeaders|responseHeaders|responseHeaders|responseHeaders,8703,
806,oldtz,,False,,,,"CUDA out of memory. Tried to allocate 3.82 GiB. GPU 0 has a total capacity of 39.49 GiB of which 2.84 GiB is free. Including non-PyTorch memory, this process has 36.64 GiB memory in use. Of the allocated memory 29.98 GiB is allocated by PyTorch, and 6.16 GiB is reserved by PyTorch but unallocated. If reserved but unallocated memory is large try setting PYTORCH_ALLOC_CONF=expandable_segments:True to avoid fragmentation.  See documentation for Memory Management  (https://pytorch.org/docs/stable/notes/cuda.html#environment-variables)"
807,buyPrice,buyPrice,True,12,buyPrice|buyPrice|buyPrice|buyPrice|buyPrice|buyPrice|buyPrice|productName|buyPrice|buyPrice|buyPrice|buyPrice,4700,
808,activityInfo,activityInfo,True,4,activityInfo|activityInfo|activityInfo|activityInfo,7487,
809,duration,timeTaken,False,3,timeTaken|timeTaken|timeTaken,8155,
810,limit,,False,,,,"CUDA out of memory. Tried to allocate 3.82 GiB. GPU 0 has a total capacity of 39.49 GiB of which 2.84 GiB is free. Including non-PyTorch memory, this process has 36.64 GiB memory in use. Of the allocated memory 29.98 GiB is allocated by PyTorch, and 6.16 GiB is reserved by PyTorch but unallocated. If reserved but unallocated memory is large try setting PYTORCH_ALLOC_CONF=expandable_segments:True to avoid fragmentation.  See documentation for Memory Management  (https://pytorch.org/docs/stable/notes/cuda.html#environment-variables)"
811,settingValue,settingValue,True,12,settingValue|settingValue|settingValue|settingValue|settingValue|settingValue|settingValue|settingValue|settingValue|settingValue|settingValue|settingValue,77815,
812,dirtyType,dirtyType,True,3,dirtyType|dirtyType|dirtyType,25064,
813,position,outputIndex,False,2,outputIndex|outputOffset,3091,
814,className,clsName,False,12,clsName|clsName|clsName|cls|clsName|clsName|cls|clsName|clsName|cls|clsName|clsName,7665,
815,namedXContentRegistry,contentRegistry,False,8,contentRegistry|contentRegistry|contentRegistry|contentRegistry|contentRegistry|contentRegistry|contentRegistry|contentRegistry,34501,
816,fieldType,fieldType,True,2,fieldType|SimpleDateFormat,14116,
817,ruleContext,this_,False,9,this_|this_|this_|this_|this_|this_|this_|this_|this_,10278,
818,inputFile,scratchPath,False,10,scratchPath|scratchPath|scratchPath|scratchPath|scratchPath|scratchPath|scratchPath|scratchPath|scratchPath|scratchPath,6150,
819,predOwner,predOwner,True,3,predOwner|predOwner|predOwner,17908,
820,annotation,annotation,True,9,annotation|annotation|annotation|annotation|annotation|annotation|annotation|annotation|annotation,3635,
821,serializeTestFail,,False,,,,"CUDA out of memory. Tried to allocate 3.82 GiB. GPU 0 has a total capacity of 39.49 GiB of which 2.84 GiB is free. Including non-PyTorch memory, this process has 36.64 GiB memory in use. Of the allocated memory 29.98 GiB is allocated by PyTorch, and 6.16 GiB is reserved by PyTorch but unallocated. If reserved but unallocated memory is large try setting PYTORCH_ALLOC_CONF=expandable_segments:True to avoid fragmentation.  See documentation for Memory Management  (https://pytorch.org/docs/stable/notes/cuda.html#environment-variables)"
822,services,service,False,3,service|serviceList|serviceList,27543,
823,onlyIfAbsent,evict,False,3,evict|evict|00,101079,
824,annotation,annotation,True,11,annotation|annotation|annotation|annotation|annotation|annotation|annotation|annotation|annotation|annotation|annotation,2642,
825,snapshotMetrics,snapshotMetrics,True,2,snapshotMetrics|snapshotMetrics,34531,
826,backingIndices,indexPatterns,False,4,indexPatterns|//|indexPatterns|//,25626,
827,bound,bound,True,2,bound|bound,2624,
828,token,currentToken,False,3,currentToken|currentToken|currentToken,5507,
829,amountX,amountX,True,38,amountX|amountX|amountX|amountX|amountX|amountX|amountX|amountX|amountX|amountX|amountX|amountX|amountX|amountX|amountX|amountX|amountX|amountX|amountX|amountX|amountX|amountX|amountX|amountX|amountX|amountX|amountX|amountX|amountX|visualAmountX|amountX|amountX|amountX|amountX|amountX|amountX|amountX|amountX,37766,
830,context,fetchContext,False,16,fetchContext|fetchContext|fetchContext|fetchContext|fetchContext|fetchContext|FieldContext|fetchContext|FieldContext|FieldContext|FieldContext|FieldContext|fetchContext|fetchContext|fetchContext|fetchContext,7648,
831,bucket,3,False,11,3|3|3|3|3|3|3|3|3|3|3,4423,
832,workerOutputStream,clientOutputStream,False,15,clientOutputStream|clientOutputStream|clientOutputStream|clientOutputStream|clientOutputStream|clientOutputStream|clientOutputStream|clientOutputStream|clientOutputStream|clientOutputStream|clientOutputStream|clientOutputStream|clientOutputStream|clientOutputStream|clientOutputStream,10942,
833,attribute,*,False,3,*|*|attribute,5347,
834,docIds,docsList,False,4,docsList|docsList|docsList|docsList,2902,
835,allocator,allocator,True,2,allocator|allocator,30418,
836,response,response,True,3,response|response|response,2701,
837,valuePerShardCounter,shardIndex,False,4,shardIndex|shardIndex|shardIndex|shardIndex,6568,
838,expectedKeys,expectedKeys,True,3,expectedKeys|expectedKeys|expectedKeys,34439,
839,stats,_,False,4,_|_|_|_,5699,
840,myMap,hm3,False,3,hm3|hm3|hm3,34433,
841,descriptor,d,False,12,d|d|d|d|d|d|d|d|d|d|d|d,7980,
842,runnable,block,False,4,block|block|block|block,2435,
843,get_nf,,False,,,,"CUDA out of memory. Tried to allocate 3.82 GiB. GPU 0 has a total capacity of 39.49 GiB of which 2.84 GiB is free. Including non-PyTorch memory, this process has 36.64 GiB memory in use. Of the allocated memory 29.98 GiB is allocated by PyTorch, and 6.16 GiB is reserved by PyTorch but unallocated. If reserved but unallocated memory is large try setting PYTORCH_ALLOC_CONF=expandable_segments:True to avoid fragmentation.  See documentation for Memory Management  (https://pytorch.org/docs/stable/notes/cuda.html#environment-variables)"
844,fields,filterFields,False,17,filterFields|filterFields|filterFields|filterFields|filterFields|filterFields|termVector|termVector|termVector|termVector|termVector|termVector|filterFields|filterFields|termVector|filterFields|filterFields,9369,
845,timeout,e,False,19,e|deadline|deadline|deadline|deadline|deadline|deadline|deadline|deadline|deadline|deadline|deadline|deadline|deadline|deadline|deadline|deadline|deadline|deadline,33826,
846,loader,classLoader,False,10,classLoader|classLoader|classLoader|classLoader|classLoader|classLoader|classLoader|classLoader|classLoader|classLoader,4194,
847,newReplica,newPrimary,False,15,newPrimary|newPrimary|newPrimary|newPrimary|newPrimary|newPrimary|newPrimary|newPrimary|newPrimary|replica|newPrimary|newPrimary|newPrimary|newPrimary|newPrimary,25562,
848,request,request,True,7,request|request|request|oauthRequest|oauthRequest|oauthRequest|oauthRequest,3195,
849,e1size,size1,False,2,size1|size1,8359,
850,field,key,False,5,key|key|key|key|key,4668,
851,allMethodsAndStaticVars,staticMethodsForExtensions,False,5,staticMethodsForExtensions|methodsToAdd|methodsToAdd|methodsToAdd|methodsToAdd,20866,
852,pictureData,pictureData,True,16,pictureData|pictureData|pictureData|pictureData|pictureData|pictureData|pictureData|pictureData|pictureData|pictureData|mimeType|pictureData|pictureData|pictureData|pictureData|pictureData,6449,
853,className,qualifiedName,False,2,qualifiedName|qualifiedName,2619,
854,staticMethodsForExtensions,staticMethods,False,2,staticMethods|instanceMethodsForExtensions,20886,
855,includeQueuedWatches,set,False,3,set|set|set,1157,
856,canvas,canvas1,False,2,canvas1|canvas,6042,
857,branchInstruction,Visitor,False,2,Visitor|branchInstruction,35241,
858,minSdkVersion,SdkVersion,False,6,SdkVersion|SdkVersion|SdkVersion|SdkVersion|SdkVersion|SdkVersion,26208,
859,interval,interval,True,5,interval|interval|interval|interval|interval,4882,
860,oldValues,values,False,6,values|v0|v0|v0|v0|v0,5421,
861,texture,texture,True,6,texture|texture|texture|texture|texture|texture,3528,
862,vertexNumbers,vertexIds,False,4,vertexIds|vertexIds|vertexIds|vertexIds,5540,
863,relation,esRelation,False,11,esRelation|esRelation|esRelation|esRelation|esRelation|esRelation|esRelation|esRelation|esRelation|esRelation|esRelation,12976,
864,newChild,field,False,2,field|field,1165,
865,validationException,import,False,8,import|e1|e|e1|e|e1|e|e,7713,
866,dateText,,False,,,,"CUDA out of memory. Tried to allocate 3.82 GiB. GPU 0 has a total capacity of 39.49 GiB of which 2.84 GiB is free. Including non-PyTorch memory, this process has 36.64 GiB memory in use. Of the allocated memory 29.98 GiB is allocated by PyTorch, and 6.16 GiB is reserved by PyTorch but unallocated. If reserved but unallocated memory is large try setting PYTORCH_ALLOC_CONF=expandable_segments:True to avoid fragmentation.  See documentation for Memory Management  (https://pytorch.org/docs/stable/notes/cuda.html#environment-variables)"
867,requestOptionsExtensionGenerator,extensionGenerator,False,3,extensionGenerator|extensionGenerator|extensionGenerator,20873,
868,nonPushableLimitValue,limitValue,False,3,limitValue|limitValue|limitValue,12897,
869,allowChunklessPreparation,.,False,12,.|this|. .|.|. .|.|.|.|.|. .|.|.,30175,
870,atomicBoolean,ref2,False,8,ref2|ref|ref|ref|ref2|ref|ref2|ref,77731,
871,receiverClass,classA,False,3,classA|classA|classA,50503,
872,defaultValue,defaultVal,False,2,defaultVal|defaultVal,101095,
873,inline,inline,True,5,inline|inline|contentType|inline|id,5497,
874,level,level_,False,14,level_|level_|level_|level_|level_|level_|level_|level_|level_|level_|level_|level_|timestamp|timestamp,8154,
875,onreturnMethod,onreturn,False,5,onreturn|onreturn|onreturn|onreturn|onreturn,2602,
876,intValues,value1,False,4,value1|value1|value1|value1,77779,
877,whitelists,whitelistList,False,3,whitelistList|whitelistList|whitelistList,2025,
878,observer,singleObserver,False,2,singleObserver|singleObserver,1356,
879,moRef,observerRef,False,3,observerRef|observerRef|observerRef,19604,
880,annotatedElement,element,False,6,element|element|element|element|element|element,13703,
881,slash,lastSlash,False,3,lastSlash|lastSlash|lastSlash,3068,
882,doConnect,connect,False,4,connect|connect|connect|connect,37871,
883,dataSource,dataSource,True,2,dataSource|dataSource,3247,
884,rowIndices,_,False,12,_|_|_|_|_|_|_|_|_|_|_|_,4431,
885,meanTime,dT,False,11,dT|dT|dT|dT|dT|dT|dT|dT|dT|dT|dT,16544,
886,toBytes,toBytes,True,12,toBytes|toBytes|toBytes|toBytes|toBytes|toBytes|toBytes|toBytes|toBytes|toBytes|toBytes|toBytes,4743,
887,yearLen,lastDay,False,9,lastDay|lastDay|lastDay|lastDay|lastDay|lastDay|offset|lastDay|lastDay,57350,
888,rowIndex,rowNumber,False,2,rowNumber|rowNumber,7319,
889,ports,ports,True,3,ports|ports|ports,17590,
890,context,web,False,15,web|web|context|context|context|context|context|context|context|context|context|context|context|context|context,8311,
891,strings,,False,,,,"CUDA out of memory. Tried to allocate 3.82 GiB. GPU 0 has a total capacity of 39.49 GiB of which 2.84 GiB is free. Including non-PyTorch memory, this process has 36.64 GiB memory in use. Of the allocated memory 29.99 GiB is allocated by PyTorch, and 6.16 GiB is reserved by PyTorch but unallocated. If reserved but unallocated memory is large try setting PYTORCH_ALLOC_CONF=expandable_segments:True to avoid fragmentation.  See documentation for Memory Management  (https://pytorch.org/docs/stable/notes/cuda.html#environment-variables)"
892,innerFilterDocCount,innerCount,False,3,innerCount|innerCount|L,10402,
893,params,params,True,1,params,4128,
894,traceThreshold,traceThreshold,True,2,traceThreshold|traceThreshold,12001,
895,snapshot,snapshot,True,138,snapshot|snapshot|snapshot|snapshot|repositories|snapshot|snapshot|snapshot|snapshot|snapshot|snapshot|snapshot|snapshot|snapshot|snapshot|snapshot|snapshot|snapshot|snapshot|snapshot|snapshot|snapshot|snapshot|snapshot|snapshot|snapshot|snapshot|snapshot|snapshot|snapshot|snapshot|snapshot|snapshot|snapshot|snapshot|snapshot|snapshot|snapshot|snapshot|snapshot|snapshot|snapshot|snapshot|snapshot|snapshot|snapshot|snapshot|snapshot|snapshot|snapshot|snapshot|snapshot|snapshot|snapshot|snapshot|snapshot|snapshot|snapshot|snapshot|snapshot|snapshot|snapshot|snapshot|snapshot|snapshot|snapshot|snapshot|snapshot|snapshot|snapshot|snapshot|snapshot|snapshot|snapshot|snapshot|snapshot|snapshot|snapshot|snapshot|snapshot|snapshot|snapshot|snapshot|snapshot|snapshot|snapshot|snapshot|snapshot|snapshot|snapshot|snapshot|snapshot|snapshot|snapshot|snapshot|snapshot|snapshot|snapshot|snapshot|snapshot|snapshot|snapshot|snapshot|snapshot|snapshot|snapshot|snapshot|snapshot|snapshot|snapshot|snapshot|snapshot|snapshot|snapshot|snapshot|snapshot|snapshot|snapshot|snapshot|snapshot|snapshot|snapshot|snapshot|snapshot|snapshot|snapshot|snapshot|snapshot|snapshot|snapshot|snapshot|snapshot|snapshot|snapshot|snapshot|snapshot|snapshot|snapshot,35077,
896,supportedVersion,sinceVersion,False,4,sinceVersion|sinceVersion|sinceVersion|sinceVersion,4157,
897,originatingUser,user,False,3,user|user|user,1435,
898,string,string,True,6,string|alias|alias|alias|alias|alias,6547,
899,resFieldsMap,fieldsMap,False,5,fieldsMap|fieldsMap|fieldsMap|fieldsMap|fieldsMap,6539,
900,screenY,screenY,True,2,screenY|screenY,4409,
901,charset,charset,True,12,charset|charset|charset|charset|charset|charset|charset|charset|charset|charset|charset|charset,8200,
902,destinationIndex,index,False,8,index|indexInt|index|index|indexInt|indexInt|if|indexInt,37817,
903,keyColumnName,columnNames,False,1,columnNames,1412,
904,params,dsap,False,4,dsap|dsap|dsap|dsap,3049,
905,valueA,valueA,True,3,valueA|valueA|valueA,6605,
906,bigDecimal,double,False,16,double|format0|format|0|Decimal|00|Decimal|00|Decimal|00|Decimal|00|Decimal|00|df1|df1,121404,
907,queryParser,matchParser,False,5,matchParser|matchParser|matchParser|matchParser|matchParser,12314,
908,channel,taskChannel,False,4,taskChannel|taskChannel|taskChannel|taskChannel,1664,
909,segments,segments,True,13,segments|segments|segments|segments|segments|segments|segments|segments|segments|segments|segments|segments|segments,30461,
910,bootstrapMethodsData,bootstrapMethods,False,3,bootstrapMethods|bootstrapMethods|bootstrapMethods,61949,
911,weekDef,this,False,36,this|this|this|this|this|this|this|this|this|this|this|this|this|thisthis|this|this|this|this|this|this|this|this|this|this|this|this|this|this|this|this|this|this|this|this|this|this,57362,
912,bytes,data1,False,3,data1|data1|data1,10318,
913,newCookies,newCookies,True,4,newCookies|newCookies|newCookies|newCookies,13396,
914,expectedMinsOnlySearch,expectedMins,False,3,expectedMins|expectedMin|expectedMin,33452,
915,prefixKeySetting,boolSetting,False,9,boolSetting|new|affixKeySetting|new|new|prefixSetting|new|prefixSetting|new,77716,
916,binary,binaryName,False,2,binaryName|binaryName,13170,
917,addressCount,numAddresses,False,2,numAddresses|numAddresses,17584,
918,headers,headerConditions,False,2,headerConditions|headerConditions,14812,
919,engine,engine,True,25,engine|engine|engine|engine|engine|engine|engine|engine|engine|engine|engine|engine|engine|engine|engine|engine|engine|engine|engine|engine|engine|engine|engine|engine|engine,8047,
920,seenGroupIds,seenGroups,False,6,seenGroups|seenGroups|seenGroups|seenGroups|seenGroups|seenGroups,12855,
921,ZDATA,,False,,,,"CUDA out of memory. Tried to allocate 3.82 GiB. GPU 0 has a total capacity of 39.49 GiB of which 2.83 GiB is free. Including non-PyTorch memory, this process has 36.65 GiB memory in use. Of the allocated memory 29.57 GiB is allocated by PyTorch, and 6.58 GiB is reserved by PyTorch but unallocated. If reserved but unallocated memory is large try setting PYTORCH_ALLOC_CONF=expandable_segments:True to avoid fragmentation.  See documentation for Memory Management  (https://pytorch.org/docs/stable/notes/cuda.html#environment-variables)"
922,beanName,beanName,True,2,beanName|beanName,1763,
923,currentSeed,newSeed,False,2,newSeed|newSeed,4114,
924,jsonFields,baseMap,False,3,baseMap|baseMap|baseMap,11995,
925,clusterStateString,stateString,False,5,stateString|stateString|stateString|stateString|stateString,3153,
926,split,_s,False,5,_s|split|_s|_s|_s,14567,
927,start,start,True,2,start|start,10323,
928,vStart,vStart,True,9,vStart|vStart|vStart|vValue|vStart|vStart|vStart|vStart|vStart,12876,
929,metaData,metaData,True,7,metaData|metaData|metaData|metaData|metaData|metaData|metaData,35063,
930,dataBuffer,dataBuffer,True,4,dataBuffer|dataBuffer|dataBuffer|dataBuffer,4835,
931,actor,currentActor,False,7,currentActor|currentActor|currentActor|currentActor|currentActor|currentActor|currentActor,3506,
932,remoteModule,module,False,21,module|new|module|module|module|module|module|module|module|module|module|module|module|module|module|module|module|module|module|module|module,27559,
933,cmcdConfiguration,cmcd,False,13,cmcd|cmcd|cmcd|cmcd|cmcd|cmcd|cmcd|cmcd|cmcd|cmcd|cmcd|cmcd|cmcd,30279,
934,sameVersionEvent,initialEvent,False,2,initialEvent|initialEvent,23312,
935,parentAlpha,alpha,False,3,alpha|alpha|alpha,37649,
936,member,method,False,4,method|method|reassign|member,35255,
937,patterns,indexPatterns,False,2,indexPatterns|indexPatterns,25654,
938,tempBuf,tempBuf,True,12,tempBuf|tempBuf|tempBuf|tempBuf|tempBuf|tempBuf|tempBuf|tempBuf|tempBuf|tempBuf|tempBuf|tempBuf,13125,
939,reverse,the,False,4,the|closeables||logger,17590,
940,resolverStyle,resolverStyle,True,13,resolverStyle|resolverStyle|resolverStyle|resolverStyle|resolverStyle|resolverStyle|resolverStyle|resolverStyle|resolverStyle|resolverStyle|resolverStyle|resolverStyle|resolverStyle,57362,
941,fieldSupplier,valuesSupplier,False,6,valuesSupplier|valuesSupplier|valuesSupplier|valuesSupplier|valuesSupplier|valuesSupplier,6465,
942,hitContext,hitContext,True,3,hitContext|hitContext|hitContext,7529,
943,quantityInStock,inStock,False,12,inStock|inStock|inStock|inStock|inStock|inStock|inStock|productName|inStock|inStock|inStock|inStock,4604,
944,rtspHeaders,describeHeaders,False,9,describeHeaders|describeHeaders|describeHeaders|describeHeaders|describeHeaders|describeHeaders|describeHeaders|describeHeaders|describeHeaders,23051,
945,decimalFormat,format,False,145,format|dfFormat|dfFormat|dfFormat|dfFormat|dfFormat|dfFormat|dfFormat|dfFormat|dfFormat|dfFormat|dfFormat|dfFormat|dfFormat|dfFormat|dfFormat|dfFormat|dfFormat|dfFormat|dfFormat|dfFormat|dfFormat|dfFormat|dfFormat|dfFormat|dfFormat|dfFormat|dfFormat|dfFormat|dfFormat|dfFormat|dfFormat|dfFormat|dfFormat|dfFormat|dfFormat|dfFormat|dfFormat|dfFormat|dfFormat|dfFormat|dfFormat|dfFormat|dfFormat|dfFormat|dfFormat|dfFormat|dfFormat|dfFormat|dfFormat|dfFormat|dfFormat|dfFormat|dfFormat|dfFormat|dfFormat|dfFormat|dfFormat|dfFormat|dfFormat|dfFormat|dfFormat|dfFormat|dfFormat|dfFormat|dfFormat|dfFormat|dfFormat|dfFormat|dfFormat|dfFormat|dfFormat|dfFormat|dfFormat|dfFormat|dfFormat|dfFormat|dfFormat|dfFormat|dfFormat|dfFormat|dfFormat|dfFormat|dfFormat|dfFormat|dfFormat|dfFormat|dfFormat|dfFormat|dfFormat|dfFormat|dfFormat|dfFormat|dfFormat|dfFormat|dfFormat|dfFormat|dfFormat|dfFormat|dfFormat|dfFormat|dfFormat|dfFormat|dfFormat|dfFormat|dfFormat|dfFormat|dfFormat|dfFormat|dfFormat|dfFormat|dfFormat|dfFormat|dfFormat|dfFormat|dfFormat|dfFormat|dfFormat|dfFormat|dfFormat|dfFormat|dfFormat|dfFormat|dfFormat|dfFormat|dfFormat|dfFormat|dfFormat|dfFormat|dfFormat|dfFormat|dfFormat|dfFormat|dfFormat|dfFormat|dfFormat|dfFormat|dfFormat|dfFormat|dfFormat|dfFormat|dfFormat|dfFormat|dfFormat|dfFormat,121145,
946,originalNode,sourceNode,False,4,sourceNode|sourceNode|sourceNode|sourceNode,5169,
947,message,message,True,5,message|segments|msg|msg|msg,48829,
948,strategy,allocationService,False,4,allocationService|allocationService|allocationService|allocationService,13636,
949,versions,compatibilityVersions,False,8,compatibilityVersions|compatibilityVersions|compatibilityVersions|compatibilityVersions|index|compatibilityVersions|compatibilityVersions|version,8299,
950,field,mv,False,2,mv|mv,2326,
951,pictureType,type_,False,12,type_|type_|type_|type_|type_|type_|type_|type_|type_|type_|type_|type_,6365,
952,validPerPosition,allowedTypes,False,5,allowedTypes|allowedTypes|allowedTypes|allowedTypes|allowedTypes,4439,
953,contexts,scriptContexts,False,3,scriptContexts|contexts|contexts,2016,
954,latch,done,False,3,done|done|done,3407,
955,vVector,vVector,True,11,vVector|vVector|vBlock|vVector|vVector|vVector|vVector|vVector|vVector|vVector|vVector,12882,
956,listener,private,False,2,private|actionListener,3495,
957,velocityY,velocityY,True,16,velocityY|velocityY|velocityY|velocityY|velocityY|velocityY|velocityY|velocityY|velocityY|velocityY|velocityY|velocityY|velocityY|velocityY|velocityY|velocityY,37700,
958,outputSurfaceInfo,surfaceInfo,False,1,surfaceInfo,13301,
959,invocation,internal,False,5,internal|invocation|invocation|invocation|invocation,10519,
960,builder,builder,True,7,builder|builder|builder|builder|builder|builder|builder,5940,
961,resolverUtil,resolverUtil,True,3,resolverUtil|resolverUtil|resolverUtil,6537,
962,element,element,True,5,element|element|element|element|element,15747,
963,carry,addOne,False,9,addOne|addOne|addOne|addOne|StringBuffer|StringBuffer|StringBuffer|StringBuffer|StringBuffer,33695,
964,pIgnoreExceptions,pCommandActions,False,3,pCommandActions|ignoreExceptions|ignoreExceptions,7177,
965,errorMessage,0,False,18,0|0|0|0|0|0|0|0|0|0|0|0|0|0|0|0|0|0,12340,
966,nameAndTypeItemOffset,itemOffset,False,10,itemOffset|itemOffset|itemOffset|itemOffset|itemOffset|itemOffset|itemOffset|itemOffset|itemOffset|itemOffset,61872,
967,columnMatcher,columnRegex,False,9,columnRegex|columnRegex|columnRegex|columnRegex|columnRegex|columnRegex|columnRegex|columnRegex|columnRegex,13494,
968,androidMorEarlier,isM,False,7,isM|isM|isM|isM|isM|isM|isM,6133,
969,concurrencyCompensation,cS,False,2,cS|cS,9176,
970,clusterer,clusterer,True,8,clusterer|clusterer|clusterer|clusterer|clusterer|clusterer|clusterer|clusterer,5026,
971,targetClass,toClass,False,3,toClass|toClass|toClass,23101,
972,maxLength,max,False,2,max|max,6674,
973,apiKey,api_key,False,12,api_key|api_key|api_key|api_key|api_key|api_key|api_key|api_key|api_key|api_key|api_key|api_key,6150,
974,thisModuleExports,moduleExports,False,2,moduleExports|moduleExports,5366,
975,withNulls,nullRows,False,4,nullRows|nullRows|nullRows|nullRows,6449,
976,globalCheckpoint,0,False,9,0|0|0|0|0|0|0|0|0,25409,
977,separator,separator,True,5,separator|separator|separator|separator|separator,28248,
978,parsedHeuristic,st2,False,5,st2|st2|significanceHeuristic|st2|st2,20325,
979,otherSettings,settings,False,2,settings|settings,34525,
980,expectedMap,expectedMap,True,5,expectedMap|expectedMap|expectedMap|expectedMap|expectedMap,3571,
981,classes,clss,False,2,clss|clss,35042,
982,nullability,nullability,True,4,nullability|nullability|nullability|nullability,2202,
983,metaAnnotation,a,False,12,a|a|a|a|a|repeatedAnnotation|a|a|a|a|a|a,11008,
984,fieldsProducers,fieldsProducer,False,7,fieldsProducer|fieldsProducer|fieldsProducer|fieldsProducer|fieldsProducer|fieldsProducer|fieldsProducer,9244,
985,returnType,methodParameter,False,6,methodParameter|methodParameter|methodParameter|methodParameter|methodParameter|methodParameter,3656,
986,object,' ',False,7,' '|'|o|o|o|o|o,28226,
987,initial,original,False,3,original|original|original,3396,
988,source,link,False,22,link|mapping_|mapping_|mapping_|mapping_|mapping_|mapping_|mapping_|mapping_|mapping_|mapping_|mapping_|mapping_|mapping_|mapping_|mapping_|mapping_|mapping_|link|link|link|link,11211,
989,onScriptError,errorAction,False,6,errorAction|errorAction|errorAction|errorAction|errorAction|errorAction,5204,
990,inferenceEntityId,modelId,False,2,modelId|modelId,6088,
991,allULocales,,False,,,,"CUDA out of memory. Tried to allocate 3.82 GiB. GPU 0 has a total capacity of 39.49 GiB of which 2.71 GiB is free. Including non-PyTorch memory, this process has 36.78 GiB memory in use. Of the allocated memory 29.57 GiB is allocated by PyTorch, and 6.71 GiB is reserved by PyTorch but unallocated. If reserved but unallocated memory is large try setting PYTORCH_ALLOC_CONF=expandable_segments:True to avoid fragmentation.  See documentation for Memory Management  (https://pytorch.org/docs/stable/notes/cuda.html#environment-variables)"
992,params,params,True,1,params,1587,
993,minutesStr,,False,,,,"CUDA out of memory. Tried to allocate 3.82 GiB. GPU 0 has a total capacity of 39.49 GiB of which 2.71 GiB is free. Including non-PyTorch memory, this process has 36.78 GiB memory in use. Of the allocated memory 29.57 GiB is allocated by PyTorch, and 6.71 GiB is reserved by PyTorch but unallocated. If reserved but unallocated memory is large try setting PYTORCH_ALLOC_CONF=expandable_segments:True to avoid fragmentation.  See documentation for Memory Management  (https://pytorch.org/docs/stable/notes/cuda.html#environment-variables)"
994,decompressedSize,compressedSize,False,2,compressedSize|targetSize,22414,
995,chunkingSettingsMap,settingsMap,False,2,settingsMap|settingsMap,16643,
996,distance,-,False,12,-|-|-|-|-|-|-|-|-|-|- -|- -,28194,
997,contentSupplier,bodyContents,False,2,bodyContents|bodyContents,14330,
998,options,circuitbreaker,False,16,circuitbreaker|options|options|options|parsingResult|parsingResult|parsingResult|parsingResult|parsingResult|parsingResult|parsingResult|parsingResult|parsingResult|add|parsingResult|options,27711,
999,newXml,newXml,True,4,newXml|newXml|newXml|newXml,26226,
